t_cal_ev,t_cal_cens,t_acc,t,status,group,pat_id,sim_idx
94.9955587880631,72,0.104261236265302,71.8957387637347,0,C,1,1
8.96185593344476,72,0.180542422458529,8.78131351098623,1,I,2,1
36.000988299867,72,0.326011469587684,35.6749768302793,1,C,3,1
64.3452575782751,72,0.34388265106827,64.0013749272068,1,I,4,1
89.4752677677804,72,0.36174044944346,71.6382595505565,0,C,5,1
57.5105228692692,72,0.451981066726148,57.0585418025431,1,I,6,1
207.151271339123,72,0.458578839898109,71.5414211601019,0,C,7,1
16.5673561215141,71.2735717107841,0.697501050308347,15.8698550712057,1,I,8,1
12.0435305823731,72,0.748100378550589,11.2954302038225,1,C,9,1
25.3177362090769,43.8279701248239,0.837126555852592,24.4806096532243,1,I,10,1
1.44942427239616,72,0.959188551642001,0.490235720754156,1,C,11,1
112.043818892647,37.7482254302569,1.02838107850403,36.7198443517529,0,I,12,1
45.5030690919548,72,1.11126185394824,44.3918072380066,1,C,13,1
30.305557299957,72,1.30361517425627,29.0019421257008,1,I,14,1
42.5290510100077,72,1.37411691248417,41.1549340975235,1,C,15,1
71.5677486736544,40.1533327990573,1.43095145467669,38.7223813443806,0,I,16,1
29.5147415276882,6.70308465700702,1.47734137717634,5.22574327983068,0,C,17,1
112.605751808147,72,1.60770047921687,70.3922995207831,0,I,18,1
41.4562777252686,72,1.63678660523146,39.8194911200371,1,C,19,1
6.50914895275347,72,1.90360651351511,4.60554243923836,1,I,20,1
44.0411818709769,72,1.91787269432098,42.123309176656,1,C,21,1
17.6188593568854,72,1.99111397378147,15.6277453831039,1,I,22,1
21.5779637305457,72,2.1663981070742,19.4115656234715,1,C,23,1
71.65941713521,49.6089827279529,2.29701203294098,47.311970695012,0,I,24,1
22.2977768108551,72,2.4237489933148,19.8740278175403,1,C,25,1
36.6266916423342,72,2.51348270103335,34.1132089413009,1,I,26,1
80.7986949988461,72,2.53415695857257,69.4658430414274,0,C,27,1
3.91449953068551,72,2.59527986403555,1.31921966664997,1,I,28,1
51.904124221964,72,2.64640582725406,49.25771839471,1,C,29,1
3.86647140883764,72,2.80511601828039,1.06135539055725,1,I,30,1
149.369305313809,72,2.80810191761702,69.191898082383,0,C,31,1
53.9352557737974,56.1947761457493,2.89474766235799,51.0405081114394,1,I,32,1
16.2280141969404,72,2.91744229383767,13.3105719031027,1,C,33,1
7.49252758984669,72,2.95711053069681,4.53541705914988,1,I,34,1
43.8326084235501,72,2.98334664199501,40.8492617815551,1,C,35,1
75.2602037216526,72,3.32522117067128,68.6747788293287,0,I,36,1
75.5430453219017,70.227895875048,3.33861307706684,66.8892827979812,0,C,37,1
96.8472066474839,72,3.381328121759,68.618671878241,0,I,38,1
86.218590912835,72,3.48123283591121,68.5187671640888,0,C,39,1
37.0332654238631,72,3.56911004986614,33.464155373997,1,I,40,1
82.6384857120487,72,3.57514687813818,68.4248531218618,0,C,41,1
21.9879502339265,72,3.68098142556846,18.3069688083581,1,I,42,1
46.7521314855137,72,3.71306719724089,43.0390642882728,1,C,43,1
46.6280529604674,72,3.72098478488624,42.9070681755811,1,I,44,1
5.15406611152335,72,3.74663850758225,1.4074276039411,1,C,45,1
13.316525878559,72,3.76892041414976,9.54760546440921,1,I,46,1
15.1885452011308,37.5204474047874,3.86535552330315,11.3231896778276,1,C,47,1
61.6694583186993,72,4.04976569116116,57.6196926275381,1,I,48,1
94.6361744826392,72,4.27681848406792,67.7231815159321,0,C,49,1
117.201044904917,72,4.31283437646925,67.6871656235308,0,I,50,1
27.2252281913062,72,4.38554864376783,22.8396795475384,1,C,51,1
43.1149012684191,72,4.54324072692543,38.5716605414937,1,I,52,1
86.0349974111529,72,4.58625739440322,67.4137426055968,0,C,53,1
12.1317445438517,38.5266872995943,4.6044042147696,7.52734032908213,1,I,54,1
22.6804066788445,72,4.60440892260522,18.0759977562393,1,C,55,1
26.1591702366174,72,4.6548229129985,21.5043473236189,1,I,56,1
13.8593644829746,72,4.66219460126013,9.19716988171452,1,C,57,1
108.020531338091,25.695950793603,4.67555979732424,21.0203909962787,0,I,58,1
7.79500387847565,72,4.68854530714452,3.10645857133113,1,C,59,1
10.0642541561157,72,4.69290230423212,5.37135185188354,1,I,60,1
11.2569957440889,44.3959720331865,4.73317948635668,6.52381625773227,1,C,61,1
28.613802164642,72,4.76355122867972,23.8502509359623,1,I,62,1
21.1996949890601,72,4.86787745263428,16.3318175364258,1,C,63,1
46.2240174354467,72,4.87061000894755,41.3534074264991,1,I,64,1
6.68593131712087,72,4.87640437670052,1.80952694042035,1,C,65,1
33.5872866293933,64.2056550573061,5.28149594552815,28.3057906838651,1,I,66,1
26.9913367943256,30.9327822497286,5.36895772442222,21.6223790699033,1,C,67,1
56.1726062014561,72,5.43976357206702,50.7328426293891,1,I,68,1
13.7213055103824,72,5.56153700686991,8.1597685035125,1,C,69,1
51.3989170310201,72,5.61347616836429,45.7854408626559,1,I,70,1
9.57992740106402,72,5.65755895804614,3.92236844301788,1,C,71,1
32.8125605952054,72,5.73036496527493,27.0821956299304,1,I,72,1
44.6947789110549,72,5.80336196813732,38.8914169429176,1,C,73,1
50.7213128802712,45.2198728838759,6.06683237012476,39.1530405137512,0,I,74,1
41.4178952563112,72,6.07574458234012,35.342150673971,1,C,75,1
7.52855751943167,72,6.10240613110364,1.42615138832803,1,I,76,1
25.6276381683893,70.6834952769246,6.10699346289039,19.5206447054989,1,C,77,1
18.7110003290108,72,6.18192750960589,12.5290728194049,1,I,78,1
42.1791551100316,72,6.26474955584854,35.9144055541831,1,C,79,1
22.03336938747,72,6.36356061324477,15.6698087742252,1,I,80,1
12.5775451258689,72,6.37274424545467,6.20480088041419,1,C,81,1
20.3477701278478,72,6.52250467333943,13.8252654545083,1,I,82,1
20.0339873397635,72,6.57631935551763,13.4576679842459,1,C,83,1
37.1199554423696,72,6.60218906588852,30.5177663764811,1,I,84,1
21.9863774837938,72,6.63220681250095,15.3541706712928,1,C,85,1
47.5561702422642,72,6.71361370012164,40.8425565421426,1,I,86,1
44.814110809981,72,6.72469756565988,38.0894132443211,1,C,87,1
67.1002215663993,72,6.78325414191932,60.31696742448,1,I,88,1
138.086378816618,6.95133204096477,6.78891086485237,0.162421176112401,0,C,89,1
32.772717732505,72,6.84533840976656,25.9273793227385,1,I,90,1
91.8136345600464,48.6488385543685,6.88592010643333,41.7629184479352,0,C,91,1
9.83512582076065,72,7.05387932248414,2.78124649827652,1,I,92,1
66.8365731615774,72,7.13598749600351,59.7005856655738,1,C,93,1
19.2171750679486,72,7.3552056401968,11.8619694277518,1,I,94,1
157.002195546655,72,7.41469995584339,64.5853000441566,0,C,95,1
46.6025166228316,72,7.7374037867412,38.8651128360904,1,I,96,1
38.4088301390999,72,7.76438815053552,30.6444419885643,1,C,97,1
24.1540983824139,72,7.83009690698236,16.3240014754316,1,I,98,1
8.83812341166298,72,7.96575205866247,0.872371353000501,1,C,99,1
115.500587630354,72,8.05008694063872,63.9499130593613,0,I,100,1
22.0207810248826,72,8.26212713029236,13.7586538945902,1,C,101,1
44.4202471218574,72,8.30675579141825,36.1134913304392,1,I,102,1
33.1251394903861,72,8.38820126373321,24.7369382266529,1,C,103,1
67.6726638606508,72,8.44240395817906,59.2302599024718,1,I,104,1
33.8172627997044,66.931863221758,8.48150411155075,25.3357586881536,1,C,105,1
55.4390611204309,72,8.54679993353784,46.8922611868931,1,I,106,1
16.7868422488706,72,9.02464650571346,7.76219574315711,1,C,107,1
30.6996265369609,72,9.20299664139748,21.4966298955634,1,I,108,1
25.0511024527178,35.9911601943777,9.34391583781689,15.7071866149009,1,C,109,1
23.1412321584453,13.983542382451,9.41811568569392,4.56542669675708,0,I,110,1
9.72402996370492,55.1443322520227,9.42654670681804,0.297483256886878,1,C,111,1
80.1178996208878,72,9.49670028872788,62.5032997112721,0,I,112,1
18.5579602837095,35.3183689374734,9.5730914734304,8.98486881027914,1,C,113,1
53.2634485610424,72,9.93871918413788,43.3247293769045,1,I,114,1
51.5733801783431,72,10.0098107010126,41.5635694773305,1,C,115,1
26.372896339059,72,10.1233329344541,16.2495634046049,1,I,116,1
11.984234720386,59.4247038837046,10.1806886354461,1.80354608493991,1,C,117,1
38.1451448059711,72,10.2673822827637,27.8777625232074,1,I,118,1
12.6992641140514,22.2956360379455,10.4391487268731,2.26011538717829,1,C,119,1
18.6641028638577,72,10.6722691236064,7.99183374025128,1,I,120,1
49.8121105298566,72,10.6822066241875,39.1299039056691,1,C,121,1
46.0333846928964,25.5439256913079,10.7096932874992,14.8342324038086,0,I,122,1
66.4703459230514,72,10.8886229200289,55.5817230030226,1,C,123,1
27.3924189813119,72,10.9813463967294,16.4110725845826,1,I,124,1
20.3496419289683,72,11.0487634129822,9.30087851598612,1,C,125,1
50.0687410429632,72,11.2556416913867,38.8130993515765,1,I,126,1
34.8845121831876,51.5219733440252,11.5526299970225,23.3318821861651,1,C,127,1
30.6444069284461,72,11.5528792049736,19.0915277234725,1,I,128,1
70.4154532539986,72,11.8132657790557,58.6021874749429,1,C,129,1
113.253564542837,57.6187495019689,12.0171344233677,45.6016150786012,0,I,130,1
73.186655874073,56.1461192393472,12.1047886367887,44.0413306025584,0,C,131,1
17.5694435523063,72,12.1693658363074,5.40007771599892,1,I,132,1
13.0420270397341,72,12.4229671759531,0.619059863781043,1,C,133,1
62.3314237590366,72,12.5179942930117,49.8134294660249,1,I,134,1
63.3489189184197,72,12.5270692259073,50.8218496925124,1,C,135,1
24.6490985423384,72,12.70238106139,11.9467174809484,1,I,136,1
98.8901577800694,64.1543931974963,12.7901904238388,51.3642027736575,0,C,137,1
89.4860666156033,62.6395689334453,12.9239343479276,49.7156345855177,0,I,138,1
198.217298988122,72,12.9258272470906,59.0741727529094,0,C,139,1
38.1731834447053,72,13.018835708499,25.1543477362064,1,I,140,1
32.9679909174613,72,13.1288671586663,19.839123758795,1,C,141,1
96.7847497023868,72,13.1863023340702,58.8136976659298,0,I,142,1
125.413810206267,72,13.2022440014407,58.7977559985593,0,C,143,1
54.8603565409739,72,13.2961662439629,41.564190297011,1,I,144,1
97.5527646475544,72,13.301934460178,58.698065539822,0,C,145,1
66.2897743263049,72,13.3593295002356,52.9304448260693,1,I,146,1
24.1208225047557,72,13.4439485287294,10.6768739760263,1,C,147,1
17.41454094281,72,13.460754272528,3.95378667028196,1,I,148,1
59.5266414614938,72,13.7790514575318,45.7475900039621,1,C,149,1
68.5134218753566,72,13.803425473161,54.7099964021955,1,I,150,1
16.7676200844744,72,14.0385516174138,2.72906846706064,1,C,151,1
37.0784086045728,72,14.1049036430195,22.9735049615533,1,I,152,1
24.4031211674269,30.8024779071359,14.118779967539,10.2843411998879,1,C,153,1
69.6653780597121,50.1780583546798,14.1480998788029,36.0299584758769,0,I,154,1
15.7617799911007,72,14.3569124490023,1.40486754209841,1,C,155,1
71.0301557442812,72,14.3643054971471,56.665850247134,1,I,156,1
34.1633488002137,72,14.459648639895,19.7037001603187,1,C,157,1
55.3084433824469,72,14.4769765622914,40.8314668201555,1,I,158,1
67.2431272522251,72,14.697856712155,52.5452705400701,1,C,159,1
138.844008574876,72,14.8223641980439,57.1776358019561,0,I,160,1
43.3421375786132,72,15.1317614782602,28.210376100353,1,C,161,1
22.6225501474424,72,15.1865141373128,7.43603601012958,1,I,162,1
58.0697231532876,72,15.3915534261614,42.6781697271262,1,C,163,1
65.7461860905674,72,15.568394260481,50.1777918300864,1,I,164,1
76.7152233085638,72,15.6763819791377,56.3236180208623,0,C,165,1
72.8269751071323,72,15.6848172750324,56.3151827249676,0,I,166,1
28.8576115722969,72,15.7005602912977,13.1570512809992,1,C,167,1
26.0674504777247,72,15.7122693350539,10.3551811426709,1,I,168,1
21.5268805837558,72,15.8139630267397,5.71291755701617,1,C,169,1
60.097495557699,44.2733460058541,15.882554766722,28.3907912391321,0,I,170,1
103.085725064944,72,15.9436629898846,56.0563370101154,0,C,171,1
20.8115494318798,72,15.9811820229515,4.83036740892829,1,I,172,1
85.6071439850183,72,16.1846538120881,55.8153461879119,0,C,173,1
38.0723845697812,72,16.2650197651237,21.8073648046575,1,I,174,1
44.3584861010071,72,16.278756824322,28.0797292766851,1,C,175,1
63.551071391088,43.3504173435473,16.3490177784115,27.0013995651358,0,I,176,1
27.5841984893774,72,16.3752349186689,11.2089635707085,1,C,177,1
38.919820596735,72,16.5634468523785,22.3563737443564,1,I,178,1
152.521430192356,72,16.5642684604973,55.4357315395027,0,C,179,1
49.0665245425198,72,16.93129805848,32.1352264840397,1,I,180,1
30.8133404553808,72,17.0301515422761,13.7831889131047,1,C,181,1
25.8874969647862,72,17.2095466917381,8.67795027304809,1,I,182,1
54.9419320737026,28.6977989743464,17.2260918421671,11.4717071321793,0,C,183,1
130.986454713259,72,17.3994971998036,54.6005028001964,0,I,184,1
19.8787236505397,72,17.4731761403382,2.40554751020155,1,C,185,1
46.3385988145319,63.9404779107235,17.5372808100656,28.8013180044664,1,I,186,1
56.9824012142978,72,17.6636880403385,39.3187131739593,1,C,187,1
27.5109620791063,72,17.7221935847774,9.78876849432892,1,I,188,1
69.923563295436,24.0933627363633,17.9095623269677,6.18380040939558,0,C,189,1
23.8838552917833,72,18.2471217820421,5.63673350974126,1,I,190,1
74.4440888014545,72,18.2868672022596,53.7131327977404,0,C,191,1
32.5880599939006,72,18.3906843792647,14.1973756146359,1,I,192,1
116.635274209341,72,18.8308137981221,53.1691862018779,0,C,193,1
123.827794504953,72,18.8391700387001,53.1608299612999,0,I,194,1
51.0026587240205,72,18.8516963738948,32.1509623501256,1,C,195,1
41.9210187046737,72,18.9313586521894,22.9896600524843,1,I,196,1
23.2463802293333,23.7693840572192,18.9875221811235,4.25885804820983,1,C,197,1
106.480607932333,72,19.0624018292874,52.9375981707126,0,I,198,1
38.3216277253594,72,19.1498049907386,19.1718227346207,1,C,199,1
57.4765544829899,72,19.2114608595148,38.2650936234752,1,I,200,1
76.9429960688232,72,19.2407075129449,52.7592924870551,0,C,201,1
21.640502909423,72,19.6486545028165,1.99184840660653,1,I,202,1
85.4682556883062,72,19.8053815634921,52.1946184365079,0,C,203,1
42.7019119796886,72,19.830651730299,22.8712602493896,1,I,204,1
89.0101935845037,24.3422670293522,19.8536957614124,4.48857126793984,0,C,205,1
49.2970838044532,72,19.9475624738261,29.3495213306271,1,I,206,1
82.0155374712642,72,20.0955676753074,51.9044323246926,0,C,207,1
54.0605278286845,72,20.1547167124227,33.9058111162619,1,I,208,1
51.5744414140272,72,20.2811738150194,31.2932675990077,1,C,209,1
22.6510601938387,72,20.4609651491046,2.19009504473408,1,I,210,1
23.9913099812441,70.3948352057392,20.6319796806201,3.35933030062396,1,C,211,1
66.1643341310793,72,20.6580763449892,45.50625778609,1,I,212,1
54.92678206655,72,20.733833508566,34.192948557984,1,C,213,1
23.023116563239,23.3593708142065,20.767394551076,2.25572201216298,1,I,214,1
51.83123643028,63.4763117480212,20.7862240215763,31.0450124087036,1,C,215,1
51.5385793076316,57.7018201358058,20.8539199875668,30.6846593200648,1,I,216,1
56.2470030943846,72,20.8827842166647,35.3642188777199,1,C,217,1
46.2597432163432,72,21.1065191449597,25.1532240713835,1,I,218,1
43.2302485118915,72,21.1386022064835,22.091646305408,1,C,219,1
182.341493270213,22.669537206779,21.3977242726833,1.27181293409576,0,I,220,1
137.789705188057,72,21.4547005528584,50.5452994471416,0,C,221,1
60.1954833117548,72,21.5211589867249,38.6743243250299,1,I,222,1
41.6706555727781,72,21.5518076671287,20.1188479056493,1,C,223,1
24.49587259875,72,21.6295312950388,2.86634130371122,1,I,224,1
43.9283595617747,72,21.704061194323,22.2242983674517,1,C,225,1
32.1648411566385,72,21.7306104116142,10.4342307450243,1,I,226,1
69.1886384112104,72,21.7362670088187,47.4523714023917,1,C,227,1
71.5475937759517,72,21.8741007428616,49.67349303309,1,I,228,1
51.0418988389174,72,21.9574062293395,29.0844926095779,1,C,229,1
62.7681383626976,72,22.0822904258966,40.685847936801,1,I,230,1
31.6188276058594,72,22.1990963257849,9.41973128007449,1,C,231,1
63.0477062737988,72,22.2495587635785,40.7981475102203,1,I,232,1
43.8774288631132,72,22.2607802879065,21.6166485752067,1,C,233,1
84.1293277833379,72,22.3326127650216,49.6673872349784,0,I,234,1
222.250806250887,72,22.4189770314842,49.5810229685158,0,C,235,1
60.5234734539016,72,22.4560957029462,38.0673777509554,1,I,236,1
48.2786522191263,32.286207165292,22.6311887567863,9.65501840850573,0,C,237,1
32.8955836233417,72,22.659678356722,10.2359052666197,1,I,238,1
25.1796320427078,70.7036766824735,22.6959390565753,2.48369298613249,1,C,239,1
68.6633024610156,72,22.703301650472,45.9600008105436,1,I,240,1
27.8873495070778,72,22.7566740615293,5.13067544554847,1,C,241,1
31.6631578711704,72,23.0065181292594,8.65663974191107,1,I,242,1
35.3311334097023,61.7445780717625,23.0300524597988,12.3010809499036,1,C,243,1
24.800026013677,40.3416497784762,23.0651026871055,1.73492332657145,1,I,244,1
26.6262603239728,72,23.3412581216544,3.28500220231842,1,C,245,1
44.6180746311719,72,23.3804484643042,21.2376261668677,1,I,246,1
28.0469545840521,72,23.410968077369,4.63598650668305,1,C,247,1
61.1632684965864,72,23.5230558877811,37.6402126088053,1,I,248,1
27.0055281296996,72,23.5373091883957,3.46821894130386,1,C,249,1
136.077393009097,72,23.5801581339911,48.4198418660089,0,I,250,1
142.04231612992,70.2915817051788,23.5866002412513,46.7049814639275,0,C,251,1
24.5959657601537,72,23.6349688796327,0.960996880521049,1,I,252,1
88.1962531016832,72,23.6939994664863,48.3060005335137,0,C,253,1
25.5112630361534,72,23.8557938765734,1.65546915958,1,I,254,1
27.3334409840274,72,24.0328325796872,3.30060840434014,1,C,255,1
71.4299881142859,72,24.0874796546996,47.3425084595863,1,I,256,1
36.1899527618236,72,24.0999811515212,12.0899716103023,1,C,257,1
39.8999082028271,32.6370977068758,24.3249769834802,8.31212072339566,0,I,258,1
85.6193024135867,72,24.340156163089,47.659843836911,0,C,259,1
53.0573698776834,72,24.367368221283,28.6900016564005,1,I,260,1
84.6238467932202,72,24.5912825502455,47.4087174497545,0,C,261,1
37.1630832978525,33.5335216308102,24.6836972935125,8.84982433729772,0,I,262,1
32.6722841421715,37.9130958709602,24.6841059532017,7.98817818896986,1,C,263,1
28.1099629188352,72,24.6864377288148,3.4235251900204,1,I,264,1
46.9857099557173,30.6852100650552,24.7028082981706,5.98240176688467,0,C,265,1
74.8853883012239,46.4196370538215,24.9568313034251,21.4628057503963,0,I,266,1
55.3630473991507,72,25.0424784980714,30.3205689010793,1,C,267,1
38.6346986459625,72,25.3338185185567,13.3008801274059,1,I,268,1
59.6889533027111,39.3601780242555,25.4269252019003,13.9332528223552,0,C,269,1
167.182457243779,72,25.7750779855996,46.2249220144004,0,I,270,1
132.605918917722,72,25.7879462884739,46.2120537115261,0,C,271,1
26.7687384330316,72,25.8280781004578,0.940660332573812,1,I,272,1
34.2282336357237,72,25.8769825519994,8.35125108372431,1,C,273,1
55.3228351963808,72,25.9761272929609,29.3467079034199,1,I,274,1
69.278744014137,72,26.148247551173,43.130496462964,1,C,275,1
125.272558778398,72,26.1490537645295,45.8509462354705,0,I,276,1
35.8630944918304,72,26.1575029604137,9.70559153141672,1,C,277,1
233.53225405466,72,26.2680155178532,45.7319844821468,0,I,278,1
27.7427775665992,72,26.3121350063011,1.43064256029814,1,C,279,1
26.4305877176947,72,26.3566588656977,0.0739288519970068,1,I,280,1
27.0193217799918,72,26.5430561313406,0.476265648651235,1,C,281,1
243.397648185853,72,26.5753543702886,45.4246456297115,0,I,282,1
62.3367155053337,72,26.7568028066307,35.579912698703,1,C,283,1
96.8978465501618,72,26.7638997640461,45.2361002359539,0,I,284,1
32.7929846799196,72,26.8212844664231,5.97170021349647,1,C,285,1
114.276317511142,72,27.1082650590688,44.8917349409312,0,I,286,1
37.5146006267318,72,27.2789457812905,10.2356548454413,1,C,287,1
33.5713264252985,31.4374637056851,27.4523977562785,3.98506594940663,0,I,288,1
35.888413345924,69.5377634518508,27.5127258477733,8.37568749815074,1,C,289,1
45.4881102103791,72,27.5622080080211,17.925902202358,1,I,290,1
30.891907623856,72,27.5744064152241,3.31750120863192,1,C,291,1
95.1432922159452,72,27.6211623195559,44.3788376804441,0,I,292,1
65.3366532422803,72,27.828157232143,37.5084960101373,1,C,293,1
81.7288124689858,72,27.848055632785,44.151944367215,0,I,294,1
43.2573159161098,35.7086466069976,27.9293260211125,7.77932058588511,0,C,295,1
30.9372640141243,50.1342738723879,27.9573506209999,2.97991339312437,1,I,296,1
61.1207177812296,72,28.0871469760314,33.0335708051982,1,C,297,1
131.594955087141,72,28.1517254468054,43.8482745531946,0,I,298,1
83.1732157477754,72,28.1964122643694,43.8035877356306,0,C,299,1
54.6594784072813,72,28.6019296897575,26.0575487175237,1,I,300,1
103.199226533406,72,28.6637172661722,43.3362827338278,0,C,301,1
147.653324703989,72,28.7558616092429,43.2441383907571,0,I,302,1
29.2708690798568,57.9678436113579,28.8767743762583,0.394094703598565,1,C,303,1
49.1914439021911,45.9181315412381,29.0477404883131,16.870391052925,0,I,304,1
120.587867839521,72,29.0542587591335,42.9457412408665,0,C,305,1
45.1364929336958,72,29.3096192926168,15.826873641079,1,I,306,1
65.6389983941244,72,29.468927225098,36.1700711690263,1,C,307,1
57.9739846881978,72,29.611563468352,28.3624212198459,1,I,308,1
39.148292761828,72,29.6684730565175,9.47981970531049,1,C,309,1
55.1379423286376,72,29.7524713911116,25.385470937526,1,I,310,1
73.6161972743038,72,29.7995286108926,42.2004713891074,0,C,311,1
58.2872039104402,72,30.0566725758836,28.2305313345566,1,I,312,1
32.9589557573882,72,30.4007115354762,2.55824422191207,1,C,313,1
32.744329512489,72,30.4603252932429,2.28400421924604,1,I,314,1
194.98109714064,72,30.5495715234429,41.4504284765571,0,C,315,1
45.5374369905941,72,30.5857946304604,14.9516423601336,1,I,316,1
48.8299911002223,72,30.6033784942701,18.2266126059522,1,C,317,1
49.0552567317267,72,30.6693917373195,18.3858649944071,1,I,318,1
53.4556637232849,72,30.7054411852732,22.7502225380117,1,C,319,1
36.2970287504358,72,30.7545628538355,5.5424658966003,1,I,320,1
51.8666465043532,72,30.7565403683111,21.1101061360421,1,C,321,1
41.347240218629,31.6008855789798,30.7957289926708,0.805156586309018,0,I,322,1
47.4449793284017,72,30.8496707724407,16.595308555961,1,C,323,1
47.2294123896356,72,30.9273836715147,16.3020287181209,1,I,324,1
59.4250491806767,72,31.1382505344227,28.286798646254,1,C,325,1
136.814258816779,72,31.195074794814,40.804925205186,0,I,326,1
32.6365393566547,72,31.4104303624481,1.22610899420663,1,C,327,1
185.030341053863,72,31.4625030197203,40.5374969802797,0,I,328,1
40.4096803171467,72,31.4645180571824,8.94516225996422,1,C,329,1
56.7223782096053,72,31.6579185286537,25.0644596809516,1,I,330,1
79.6911933718477,72,31.6640779701993,40.3359220298007,0,C,331,1
80.040674057399,60.2244865452067,31.8809168972075,28.3435696479992,0,I,332,1
102.668311336683,72,32.0851838914678,39.9148161085323,0,C,333,1
53.9962103987518,72,32.1540552657098,21.8421551330421,1,I,334,1
63.5945362898936,72,32.157637286,31.4368990038936,1,C,335,1
90.9851036255774,36.6614122603705,32.2042302461341,4.45718201423642,0,I,336,1
64.2758640902228,72,32.2185130510479,32.0573510391749,1,C,337,1
95.6472330064023,72,32.2392061958089,39.7607938041911,0,I,338,1
37.5331225869623,72,32.3044910375029,5.22863154945943,1,C,339,1
37.4342214503292,72,32.3766068648547,5.05761458547449,1,I,340,1
63.6108058863566,72,32.4813791178167,31.1294267685399,1,C,341,1
93.10572819717,72,32.5264052627608,39.4735947372392,0,I,342,1
99.7758263881329,72,32.5433015311137,39.4566984688863,0,C,343,1
55.9882333718853,72,32.7367610810325,23.2514722908528,1,I,344,1
71.9891486408241,72,32.9593836050481,39.029765035776,1,C,345,1
63.331328061105,72,33.1006670091301,30.2306610519749,1,I,346,1
59.3672745350816,72,33.2172626629472,26.1500118721344,1,C,347,1
146.411553192508,72,33.3430904801935,38.6569095198065,0,I,348,1
70.2804741297387,72,33.3797524357215,36.9007216940173,1,C,349,1
49.2930125934673,72,33.4743177518249,15.8186948416424,1,I,350,1
39.8346422704449,72,33.5261562885717,6.30848598187326,1,C,351,1
34.6292600436551,72,33.5294644860551,1.09979555760004,1,I,352,1
45.1932263599895,72,33.5985289514065,11.594697408583,1,C,353,1
36.2715424795586,39.3039879220533,33.6126127280295,2.65892975152912,1,I,354,1
46.8799676818459,66.8251445875527,33.7070530001074,13.1729146817385,1,C,355,1
40.8486800545328,59.5161959051301,33.7694720411673,7.07920801336547,1,I,356,1
68.2952203818456,72,33.8583442568779,34.4368761249678,1,C,357,1
41.132254676046,72,33.8615883886814,7.2706662873646,1,I,358,1
79.9272406112923,72,34.1267304634675,37.8732695365325,0,C,359,1
55.5590136827569,72,34.2951943958178,21.2638192869391,1,I,360,1
50.5621486337808,72,34.3031411524862,16.2590074812946,1,C,361,1
152.48609926655,42.7837019271468,34.6361319394782,8.14756998766853,0,I,362,1
117.924996450353,72,34.7400598973036,37.2599401026964,0,C,363,1
47.2444546173615,72,34.7716604964808,12.4727941208807,1,I,364,1
76.046281663516,72,34.8643738310784,37.1356261689216,0,C,365,1
58.5263708526685,72,34.9172929069027,23.6090779457658,1,I,366,1
58.5713034796386,72,35.1935844216496,23.3777190579891,1,C,367,1
51.4710517454295,51.3223164068627,35.2060305140913,16.1162858927714,0,I,368,1
62.9083049756525,72,35.256077167578,27.6522278080744,1,C,369,1
60.0564614577247,72,35.2850208291784,24.7714406285463,1,I,370,1
44.8131237126405,72,35.3939772723243,9.41914644031621,1,C,371,1
119.334163363761,72,35.3995371144265,36.6004628855735,0,I,372,1
119.273671805544,72,35.6247525941581,36.375247405842,0,C,373,1
52.3244141021226,72,35.6593140168116,16.6651000853111,1,I,374,1
120.491982655122,72,35.6756872544065,36.3243127455935,0,C,375,1
54.8070463278607,72,36.0535981273279,18.7534482005328,1,I,376,1
132.720619777776,72,36.0687246406451,35.9312753593549,0,C,377,1
54.6826724712701,72,36.0734935384244,18.6091789328458,1,I,378,1
196.679581138211,72,36.0992759233341,35.9007240766659,0,C,379,1
164.477603615253,72,36.4487278042361,35.5512721957639,0,I,380,1
126.320275092015,72,36.5120102092624,35.4879897907376,0,C,381,1
53.3134291728619,43.4472972351806,36.6103161871433,6.83698104803726,0,I,382,1
46.9228024508396,72,36.7503408389166,10.172461611923,1,C,383,1
143.824162069598,72,36.7914765514433,35.2085234485567,0,I,384,1
155.729056881654,72,36.8666127277538,35.1333872722462,0,C,385,1
43.9245908793243,59.071731926906,36.9827821757644,6.94180870355981,1,I,386,1
170.865984888208,72,37.0705192303285,34.9294807696715,0,C,387,1
127.260399826111,72,37.1153418067843,34.8846581932157,0,I,388,1
45.3308436215008,72,37.1473640855402,8.18347953596062,1,C,389,1
60.305252984936,72,37.2101762378588,23.0950767470771,1,I,390,1
124.965734188842,72,37.2160069970414,34.7839930029586,0,C,391,1
61.385040019894,72,37.2452873876318,24.1397526322622,1,I,392,1
39.6627249940097,72,37.355354949832,2.30737004417775,1,C,393,1
120.949549060647,72,37.3697151616216,34.6302848383784,0,I,394,1
114.79363296451,72,37.5700406217948,34.4299593782052,0,C,395,1
38.5061962155849,72,37.6104091247544,0.895787090830507,1,I,396,1
63.2981559710695,72,37.7533936919644,25.544762279105,1,C,397,1
105.602216264983,72,37.9424004955217,34.0575995044783,0,I,398,1
84.0906099248313,72,37.9500310868025,34.0499689131975,0,C,399,1
42.6500938556661,72,38.0274224001914,4.62267145547463,1,I,400,1
126.040904911571,72,38.1460950057954,33.8539049942046,0,C,401,1
55.0797184163798,72,38.2313562417403,16.8483621746395,1,I,402,1
42.9500922416938,72,38.3372384123504,4.61285382934337,1,C,403,1
51.7068795188203,72,38.5147800296545,13.1920994891658,1,I,404,1
77.8666011485493,72,38.5292718932033,33.4707281067967,0,C,405,1
100.139987490199,72,38.7466399278492,33.2533600721508,0,I,406,1
116.840958988862,72,38.7579180160537,33.2420819839463,0,C,407,1
60.7983843410141,72,38.8359511177987,21.9624332232154,1,I,408,1
69.2229777875376,72,39.019191772677,30.2037860148606,1,C,409,1
59.7267364563011,72,39.2211791686714,20.5055572876297,1,I,410,1
60.4801381637042,72,39.2888664454222,21.191271718282,1,C,411,1
74.2069890863971,72,39.4056426454335,32.5943573545665,0,I,412,1
61.3695526157116,72,39.4224183959886,21.9471342197229,1,C,413,1
42.1729807204454,72,39.4538435898721,2.71913713057323,1,I,414,1
116.295624824318,72,39.8248036159202,32.1751963840798,0,C,415,1
80.3121028479325,72,39.9569528969005,32.0430471030995,0,I,416,1
45.5172165093162,72,39.9685924267396,5.54862408257658,1,C,417,1
191.397502771699,72,40.0592092517763,31.9407907482237,0,I,418,1
52.6722661199546,72,40.0595772592351,12.6126888607195,1,C,419,1
128.75021378664,72,40.1996420323849,31.8003579676151,0,I,420,1
41.0365865814139,53.4052450370992,40.3305383725092,0.706048208904758,1,C,421,1
49.2179857032206,72,40.3635048028082,8.85448090041246,1,I,422,1
65.0233396978126,72,40.3814364597201,24.6419032380925,1,C,423,1
103.378528832555,72,40.490068285726,31.509931714274,0,I,424,1
81.6866130406828,72,40.5172788910568,31.4827211089432,0,C,425,1
58.156710189557,72,40.5262301489711,17.6304800405859,1,I,426,1
49.6501051392132,72,40.5412203026935,9.10888483651961,1,C,427,1
110.693856257264,72,40.5939149111509,31.4060850888491,0,I,428,1
79.4496260746861,72,40.6932176789269,31.3067823210731,0,C,429,1
66.2838458732945,72,40.8037279034033,25.4801179698912,1,I,430,1
55.3291264215873,72,40.9786459151655,14.3504805064218,1,C,431,1
63.8051920400275,72,41.0588120436296,22.7463799963979,1,I,432,1
99.6477697250684,72,41.0629552323371,30.9370447676629,0,C,433,1
42.5867485776859,72,41.0732691781595,1.51347939952635,1,I,434,1
50.7693632279148,72,41.1993386456743,9.57002458224053,1,C,435,1
50.1843344986184,72,41.2024149857461,8.98191951287219,1,I,436,1
81.7441550568309,72,41.285091843456,30.714908156544,0,C,437,1
43.5312013671468,72,41.3172924611717,2.21390890597503,1,I,438,1
62.5511103098216,72,41.371031482704,21.1800788271176,1,C,439,1
227.569412819637,72,41.7960255313665,30.2039744686335,0,I,440,1
62.415602588489,49.3365745819558,41.8929081643,7.44366641765574,0,C,441,1
102.055863679535,72,41.9652617163956,30.0347382836044,0,I,442,1
68.2726004564781,72,42.0906384615228,26.1819619949554,1,C,443,1
95.7617120421813,72,42.1607311908156,29.8392688091844,0,I,444,1
60.9733636362356,72,42.2384331934154,18.7349304428202,1,C,445,1
96.024266633351,72,42.3342627100647,29.6657372899354,0,I,446,1
45.7005191857934,72,42.3609141027555,3.33960508303791,1,C,447,1
132.308285514721,72,42.8353916527703,29.1646083472297,0,I,448,1
136.620987033021,72,42.8447171626613,29.1552828373387,0,C,449,1
183.073285688277,72,42.9704129789025,29.0295870210975,0,I,450,1
51.8934160536335,72,43.1877248128876,8.70569124074583,1,C,451,1
56.0221077700984,72,43.1890452699736,12.8330625001248,1,I,452,1
57.7783130862084,72,43.2237232849002,14.5545898013082,1,C,453,1
68.8126473954521,72,43.2556680450216,25.5569793504305,1,I,454,1
54.7756839344086,49.8862337827467,43.5722274100408,6.31400637270589,0,C,455,1
59.4437554401847,72,43.6150870285928,15.8286684115918,1,I,456,1
54.8647017666471,46.5951530614831,43.726942925714,2.86821013576916,0,C,457,1
75.2668508519025,72,43.7358412938193,28.2641587061808,0,I,458,1
72.8493955787636,72,43.797635184601,28.2023648153991,0,C,459,1
86.7193403820225,67.7577421463731,43.850956899114,23.9067852472591,0,I,460,1
275.444226951807,72,44.0532192215323,27.9467807784677,0,C,461,1
49.7123243021274,72,44.0922016091645,5.62012269296296,1,I,462,1
90.0476300070766,65.8352307145617,44.2062578955665,21.6289728189952,0,C,463,1
61.4280342967652,72,44.3144104443491,17.1136238524161,1,I,464,1
45.4974876103253,72,44.518587780185,0.978899830140232,1,C,465,1
93.6851240796097,72,44.5342339854687,27.4657660145313,0,I,466,1
160.519917975282,72,44.5550118153915,27.4449881846085,0,C,467,1
157.973792852191,72,44.8014655709267,27.1985344290733,0,I,468,1
51.6418454991666,72,44.8215629300103,6.82028256915629,1,C,469,1
62.2651432841966,72,44.9919454660267,17.2731978181699,1,I,470,1
149.730655369784,72,45.031824382022,26.968175617978,0,C,471,1
104.03687927789,72,45.1922857761383,26.8077142238617,0,I,472,1
48.0454068122648,72,45.192709621042,2.85269719122273,1,C,473,1
169.602286970152,72,45.4102264344692,26.5897735655308,0,I,474,1
46.6728385248468,72,45.4828507779166,1.18998774693017,1,C,475,1
62.0261688103604,72,45.4868036415428,16.5393651688176,1,I,476,1
54.6583933713653,72,45.4930416494608,9.1653517219045,1,C,477,1
151.051312866581,72,45.4965955903754,26.5034044096246,0,I,478,1
53.3259465898705,72,45.5315273534507,7.79441923641982,1,C,479,1
97.309829400898,72,45.6046144478023,26.3953855521977,0,I,480,1
118.677363811955,72,45.6794318603352,26.3205681396648,0,C,481,1
61.7378203532511,72,45.6804823502898,16.0573380029613,1,I,482,1
155.154733556211,72,45.6812552316114,26.3187447683886,0,C,483,1
67.1198193295434,72,45.7007561484352,21.4190631811082,1,I,484,1
58.4712500511368,72,45.7408929616213,12.7303570895155,1,C,485,1
46.9150916820366,72,46.0302127897739,0.884878892262646,1,I,486,1
46.4060521962445,72,46.2596363201737,0.146415876070729,1,C,487,1
78.5778630247962,72,46.2813121033832,25.7186878966168,0,I,488,1
105.17016734238,72,46.2951007112861,25.7048992887139,0,C,489,1
73.4772315661897,72,46.2968215998262,25.7031784001738,0,I,490,1
54.5404505487099,72,46.4917094400153,8.04874110869465,1,C,491,1
99.1004099772014,72,46.5665443288162,25.4334556711838,0,I,492,1
54.3065384439775,72,46.6267667384818,7.67977170549565,1,C,493,1
50.684127323697,72,46.6306301392615,4.05349718443555,1,I,494,1
62.1110903344127,72,46.717501860112,15.3935884743007,1,C,495,1
62.0535724327877,53.9442700622028,46.7388837877661,7.20538627443666,0,I,496,1
248.394651337426,72,46.7710055736825,25.2289944263175,0,C,497,1
124.417839127818,72,46.8856302509084,25.1143697490916,0,I,498,1
50.8078192169577,72,46.9798518810421,3.82796733591554,1,C,499,1
128.32834911151,72,47.0954940514639,24.9045059485361,0,I,500,1
102.140455390663,72,47.1873188205063,24.8126811794937,0,C,501,1
49.0912673282572,72,47.2165415575728,1.87472577068438,1,I,502,1
244.045810020633,72,47.3988868994638,24.6011131005362,0,C,503,1
53.2427283369896,72,47.4590708920732,5.78365744491638,1,I,504,1
95.5998800048953,70.4361699353804,47.5424677412957,22.8937021940847,0,C,505,1
189.559714834465,72,47.5444122590125,24.4555877409875,0,I,506,1
114.623904202552,72,47.5445995526388,24.4554004473612,0,C,507,1
72.4149950573489,52.7321735408392,47.7127463417128,5.01942719912644,0,I,508,1
86.4330758058571,72,47.7521047415212,24.2478952584788,0,C,509,1
80.7890939996813,72,47.833236772567,24.166763227433,0,I,510,1
123.638896191832,72,47.8485977975652,24.1514022024348,0,C,511,1
96.4029188965397,72,48.0234152125195,23.9765847874805,0,I,512,1
190.227304140471,72,48.1410230509937,23.8589769490063,0,C,513,1
50.3734540068197,72,48.2360582146794,2.13739579214037,1,I,514,1
64.9202506014261,72,48.2840805407614,16.6361700606647,1,C,515,1
78.7580631925567,72,48.3221615944058,23.6778384055942,0,I,516,1
75.8463787556878,72,48.4726239508018,23.5273760491982,0,C,517,1
58.3726743087482,72,48.4974822448567,9.87519206389154,1,I,518,1
85.1301767439668,63.7848432372234,48.5106848459691,15.2741583912543,0,C,519,1
59.2799957420136,72,48.7018720339984,10.5781237080152,1,I,520,1
51.3086632415705,72,48.9930514153093,2.31561182626123,1,C,521,1
89.3975229877825,72,49.2034048726782,22.7965951273218,0,I,522,1
80.7812402768123,72,49.2910415260121,22.7089584739879,0,C,523,1
51.4358019406798,72,49.4595623016357,1.97623963904402,1,I,524,1
72.8799164079655,72,49.5311573334038,22.4688426665962,0,C,525,1
50.9978289611208,72,49.5896769454703,1.40815201565055,1,I,526,1
94.2556467817611,72,49.5910129090771,22.4089870909229,0,C,527,1
98.3845576682324,72,49.9002856342122,22.0997143657878,0,I,528,1
59.6066297115355,61.7575825540522,50.0443056877703,9.56232402376529,1,C,529,1
86.155574979482,72,50.0661641545594,21.9338358454406,0,I,530,1
74.7868990795479,72,50.1127410773188,21.8872589226812,0,C,531,1
67.383662740173,72,50.1261417428032,17.2575209973698,1,I,532,1
69.90537058455,72,50.1800894876942,19.7252810968558,1,C,533,1
57.2039519498604,72,50.2649107994512,6.93904115040925,1,I,534,1
60.285207671218,72,50.3160120081157,9.96919566310238,1,C,535,1
58.8633733289639,71.2232654070797,50.5426184087992,8.3207549201647,1,I,536,1
54.0394257206858,72,50.823297360912,3.21612835977386,1,C,537,1
67.4569567143088,72,50.8234935253859,16.633463188923,1,I,538,1
66.3262530640837,53.9857360888661,50.9007533965632,3.08498269230284,0,C,539,1
116.726527389238,72,51.0308576049283,20.9691423950717,0,I,540,1
86.9402624135621,72,51.0967681696639,20.9032318303362,0,C,541,1
52.1161953598969,72,51.1223072838038,0.99388807609304,1,I,542,1
57.3398625458174,72,51.1491002328694,6.19076231294802,1,C,543,1
131.517133780304,72,51.2342353770509,20.7657646229491,0,I,544,1
213.901246266964,72,51.5243742847815,20.4756257152185,0,C,545,1
74.1640494894316,72,51.6251273872331,20.3748726127669,0,I,546,1
62.2077471999107,72,51.6406408231705,10.5671063767401,1,C,547,1
66.0215363393519,72,51.8156998464838,14.2058364928681,1,I,548,1
56.8593291618016,72,51.8209332833067,5.03839587849492,1,C,549,1
64.7908866370936,72,51.9796099048108,12.8112767322828,1,I,550,1
70.9675971452143,72,52.0162787893787,18.9513183558356,1,C,551,1
77.4757972231119,72,52.0928082056344,19.9071917943656,0,I,552,1
64.6808988243121,72,52.3906714562327,12.2902273680795,1,C,553,1
81.7079957751513,72,52.4833625089377,19.5166374910623,0,I,554,1
115.056495074349,55.9987779150023,52.9140261467546,3.08475176824771,0,C,555,1
125.224698510247,72,52.9246872151271,19.075312784873,0,I,556,1
53.9867852114538,72,53.461432736367,0.525352475086832,1,C,557,1
68.7730724039149,72,53.4878444485366,15.2852279553782,1,I,558,1
56.9821298901339,72,53.5487185232341,3.43341136689973,1,C,559,1
57.5660359523661,72,53.5793942352757,3.98664171709038,1,I,560,1
106.545378870446,72,54.1029160888866,17.8970839111134,0,C,561,1
56.0866675988964,66.082251440103,54.1416584188119,1.94500918008457,1,I,562,1
86.6970703470036,72,54.3393605807796,17.6606394192204,0,C,563,1
108.083411365009,72,54.4241466047242,17.5758533952758,0,I,564,1
56.3003739513126,72,54.5388728845865,1.76150106672613,1,C,565,1
61.2158835021226,72,54.7701206244528,6.44576287766972,1,I,566,1
55.3334320263493,72,54.8645614692941,0.468870557055144,1,C,567,1
238.363837033307,72,54.9157043779269,17.0842956220731,0,I,568,1
89.5688378721919,72,54.9194862507284,17.0805137492716,0,C,569,1
85.2153884940533,72,54.9717174097896,17.0282825902104,0,I,570,1
85.0902327248881,72,55.2804619492963,16.7195380507037,0,C,571,1
60.2876282621501,72,55.4291206179187,4.85850764423143,1,I,572,1
161.640637485067,72,55.4410993074998,16.5589006925002,0,C,573,1
57.820759935287,72,55.5631484789774,2.25761145630964,1,I,574,1
102.02130213018,72,55.5741123575717,16.4258876424283,0,C,575,1
81.096310746921,72,55.6850426830351,16.3149573169649,0,I,576,1
153.830414479865,72,55.9599385969341,16.0400614030659,0,C,577,1
100.597437483854,72,56.0161112202331,15.9838887797669,0,I,578,1
73.3280034966782,72,56.0530235571787,15.9469764428213,0,C,579,1
63.4970664715563,72,56.0969964740798,7.40006999747651,1,I,580,1
72.3392979551262,72,56.3316917605698,15.6683082394302,0,C,581,1
100.172008853707,61.9911045971124,56.3662931788713,5.62481141824109,0,I,582,1
113.237369245868,72,56.5533363400027,15.4466636599973,0,C,583,1
63.1552940004584,72,56.5590864792466,6.59620752121176,1,I,584,1
65.0474125497751,72,56.6814243653789,8.36598818439619,1,C,585,1
116.620041886904,72,56.779499812983,15.220500187017,0,I,586,1
82.1119338922844,72,56.7801774200052,15.2198225799948,0,C,587,1
112.022772183397,72,56.8797390349209,15.1202609650791,0,I,588,1
62.4972373984118,64.6827976061777,56.9520601350814,5.5451772633304,1,C,589,1
144.915510504858,72,57.0131644047797,14.9868355952203,0,I,590,1
58.5468646662637,72,57.1356973377988,1.4111673284649,1,C,591,1
74.9731692724992,72,57.1905624680221,14.8094375319779,0,I,592,1
158.182386481688,72,57.5140698580071,14.4859301419929,0,C,593,1
69.0645213105867,72,57.6913040969521,11.3732172136346,1,I,594,1
209.093275029987,72,57.6927929045633,14.3072070954368,0,C,595,1
65.3896307538898,72,57.788303475827,7.60132727806277,1,I,596,1
97.2500311650776,72,57.7969517698512,14.2030482301489,0,C,597,1
58.575005933709,72,57.8517106454819,0.723295288227014,1,I,598,1
136.187900145056,72,57.9099813150242,14.0900186849758,0,C,599,1
60.7790010794496,72,57.918139337562,2.86086174188758,1,I,600,1
209.481003101313,72,58.0935092736036,13.9064907263964,0,C,601,1
72.1448289764362,72,58.2100605452433,13.7899394547567,0,I,602,1
111.145413475035,72,58.2232253160328,13.7767746839672,0,C,603,1
291.592801659195,72,58.4258299134672,13.5741700865328,0,I,604,1
91.4360349270703,72,58.7338517513126,13.2661482486874,0,C,605,1
66.7319425599855,72,58.7387857027352,7.99315685725031,1,I,606,1
63.8873692391148,70.9152857520987,58.8670356664807,5.02033357263418,1,C,607,1
172.891658442863,72,58.9360434003174,13.0639565996826,0,I,608,1
59.6592964089291,72,59.1436062427238,0.515690166205316,1,C,609,1
83.6866485290871,72,59.1445716843009,12.8554283156991,0,I,610,1
99.1933503833095,72,59.3591249501333,12.6408750498667,0,C,611,1
71.3570543686643,72,59.3871284974739,11.9699258711904,1,I,612,1
73.5342813973402,72,59.4147707009688,12.5852292990312,0,C,613,1
121.426127702694,72,59.4755405047908,12.5244594952092,0,I,614,1
114.544695945311,72,59.722126275301,12.277873724699,0,C,615,1
97.5727692587839,72,59.8018812714145,12.1981187285855,0,I,616,1
108.174225652177,72,59.8067627241835,12.1932372758165,0,C,617,1
127.852534656227,72,59.847382963635,12.152617036365,0,I,618,1
93.1732356677042,72,59.8565422184765,12.1434577815235,0,C,619,1
202.213261677662,72,59.8716891836375,12.1283108163625,0,I,620,1
10.012439050416,72,0.0144103774800897,9.99802867293587,1,C,1,2
16.0994302636201,72,0.0226275064051151,16.076802757215,1,I,2,2
9.57135657044106,68.5671096648686,0.0253993319347501,9.54595723850631,1,C,3,2
4.27385841191356,2.78078201180906,0.0613004341721535,2.7194815776369,0,I,4,2
15.2295233563241,10.892532517808,0.10138001292944,10.7911525048786,0,C,5,2
61.3442967250108,72,0.418812031857669,60.9254846931531,1,I,6,2
41.8164402049571,72,0.457734502851963,41.3587057021051,1,C,7,2
4.42669354548014,72,0.495341964997351,3.93135158048279,1,I,8,2
19.8105505953088,72,0.559021169319749,19.2515294259891,1,C,9,2
36.8131360417558,72,0.583838727325201,36.2292973144306,1,I,10,2
80.6027083740665,72,0.673779495991767,71.3262205040082,0,C,11,2
4.83790314510056,72,0.695089953951538,4.14281319114902,1,I,12,2
51.9020358963772,72,0.814891140908003,51.0871447554692,1,C,13,2
28.4428522479165,72,0.839135753922164,27.6037164939943,1,I,14,2
26.3125144289916,72,1.04032576549798,25.2721886634936,1,C,15,2
77.8195194773685,50.8320415840128,1.17191172670573,49.6601298573071,0,I,16,2
2.24938420548885,72,1.1829946981743,1.06638950731456,1,C,17,2
38.0670959812531,72,1.26700427848846,36.8000917027647,1,I,18,2
101.709063793029,19.0162396671524,1.37909911572933,17.6371405514231,0,C,19,2
36.3494608878387,72,1.40805561561137,34.9414052722273,1,I,20,2
2.40743339110603,72,1.47492703981698,0.932506351289058,1,C,21,2
225.954351789221,10.7138313575104,1.60761997103691,9.10621138647345,0,I,22,2
121.696889099416,72,1.6665699519217,70.3334300480783,0,C,23,2
30.9262153374516,72,1.69471784960479,29.2314974878468,1,I,24,2
3.40531065817456,4.66402709307721,1.71524126082659,1.69006939734797,1,C,25,2
36.7842024655327,72,1.75440299324691,35.0297994722858,1,I,26,2
82.1339219164018,72,1.80504886899143,70.1949511310086,0,C,27,2
24.5085492960577,72,1.87991978600621,22.6286295100515,1,I,28,2
22.6274482827232,65.0816708483058,1.89491981640458,20.7325284663186,1,C,29,2
21.5975728343285,72,2.34943668823689,19.2481361460916,1,I,30,2
2.45738519840364,19.0417720396663,2.35829451587051,0.0990906825331305,1,C,31,2
88.4091767790361,72,2.36314533278346,69.6368546672165,0,I,32,2
66.5634582197234,11.9000607783859,2.36614875029773,9.53391202808822,0,C,33,2
19.6069988458609,72,2.40001038182527,17.2069884640357,1,I,34,2
37.6337199671546,19.7294059858803,2.67793871462345,17.0514672712568,0,C,35,2
39.3248392730796,72,2.72230067756027,36.6025385955193,1,I,36,2
39.1638339758993,72,2.86118885502219,36.3026451208771,1,C,37,2
72.9514083793041,72,2.93661096598953,69.0633890340105,0,I,38,2
11.0698473631476,56.7113107307505,3.04389938246459,8.025947980683,1,C,39,2
10.4624646498099,72,3.41914888937026,7.04331576043965,1,I,40,2
18.8412843585869,61.8086548472898,3.48372923210263,15.3575551264842,1,C,41,2
94.7908269331429,72,3.59502702020109,68.4049729797989,0,I,42,2
81.1310130481382,72,3.62304033245891,68.3769596675411,0,C,43,2
11.2910786005476,70.4428519787866,3.80147648043931,7.48960212010825,1,I,44,2
79.940230057019,72,3.86322614271194,68.1367738572881,0,C,45,2
100.134266608215,72,3.92864710651338,68.0713528934866,0,I,46,2
18.2450416069493,17.8772692314009,4.18450891971588,13.692760311685,0,C,47,2
50.2150238469886,46.7176172541878,4.63886149227619,42.0787557619116,0,I,48,2
28.2184255535832,23.0534418517743,5.13964767102152,17.9137941807528,0,C,49,2
46.9674110413083,51.0545748306091,5.4450222523883,41.52238878892,1,I,50,2
72.3349150672906,72,5.47275493852794,66.5272450614721,0,C,51,2
6.85525617934716,25.72043293914,5.48125064000487,1.37400553934229,1,I,52,2
19.2129804330225,55.4764009187264,5.5052070133388,13.7077734196837,1,C,53,2
11.7565155636913,72,5.56403433904052,6.19248122465074,1,I,54,2
69.0605486855393,72,5.67328875884414,63.3872599266952,1,C,55,2
72.8265072547709,72,5.81434214953333,66.1856578504667,0,I,56,2
47.247337354898,18.686231029424,5.96235061995685,12.7238804094672,0,C,57,2
153.85184919148,72,6.01208218373358,65.9879178162664,0,I,58,2
7.06037222646443,72,6.0360464360565,1.02432579040794,1,C,59,2
40.7053713564218,72,6.09292332082987,34.6124480355919,1,I,60,2
24.1878830200976,61.3479131395861,6.1615308187902,18.0263522013074,1,C,61,2
34.546161761444,72,6.18854362517595,28.3576181362681,1,I,62,2
19.3040622167602,72,6.19798673316836,13.1060754835918,1,C,63,2
9.3610862998793,72,6.34059151634574,3.02049478353356,1,I,64,2
8.00122817110984,72,6.41291119158268,1.58831697952716,1,C,65,2
21.5718358355793,72,6.43580304924399,15.1360327863353,1,I,66,2
33.9197398367195,72,6.47954469546676,27.4401951412528,1,C,67,2
20.0886163018836,72,6.48559056222439,13.6030257396592,1,I,68,2
11.8638855931112,72,6.74680753145367,5.11707806165757,1,C,69,2
20.7924296605222,72,6.91584262065589,13.8765870398663,1,I,70,2
10.1539268586155,56.80329515697,7.06168944016099,3.09223741845446,1,C,71,2
41.5238329263572,72,7.14296917431057,34.3808637520466,1,I,72,2
32.9387869730616,72,7.25007112137973,25.6887158516818,1,C,73,2
16.1225416562161,72,7.42281868122518,8.69972297499089,1,I,74,2
150.65550844856,35.3012692222635,7.67686106264591,27.6244081596176,0,C,75,2
9.64563063963905,72,7.72280399221927,1.92282664741978,1,I,76,2
33.0929579108754,72,7.82305522821844,25.269902682657,1,C,77,2
8.93282969969978,72,7.9468736378476,0.985956061852177,1,I,78,2
27.1786413725375,72,8.05673468392342,19.1219066886141,1,C,79,2
16.4963685558252,72,8.09301041532308,8.40335814050213,1,I,80,2
51.6971991029686,28.111294058661,8.1357802497223,19.9755138089387,0,C,81,2
12.6585444312649,8.76002801675768,8.14247692935169,0.617551087405989,0,I,82,2
118.426875709807,72,8.46597129944712,63.5340287005529,0,C,83,2
201.021124709838,72,8.48186489660293,63.5181351033971,0,I,84,2
16.3619886840746,72,8.52183822076768,7.84015046330693,1,C,85,2
45.2225636692463,72,9.00097566191107,36.2215880073352,1,I,86,2
15.887983497444,72,9.11615981720388,6.77182368024015,1,C,87,2
23.9976763623252,72,9.1680503077805,14.8296260545447,1,I,88,2
17.9611029199811,72,9.1757655562833,8.78533736369781,1,C,89,2
30.7642399175074,72,9.1828909702599,21.5813489472475,1,I,90,2
49.2456078249537,72,9.33766046538949,39.9079473595643,1,C,91,2
49.9879197708109,72,9.38163327053189,40.606286500279,1,I,92,2
57.9263168101176,72,9.40015914849937,48.5261576616182,1,C,93,2
31.1742247248116,72,9.53553259838372,21.6386921264278,1,I,94,2
10.9625446477901,72,9.6706915134564,1.29185313433365,1,C,95,2
36.8532257707967,72,9.71288956236094,27.1403362084357,1,I,96,2
65.1781336381185,72,9.77572019677609,55.4024134413424,1,C,97,2
68.9493385578753,72,9.89318469073623,59.0561538671391,1,I,98,2
46.1123048012017,41.8685822547069,9.94408235885203,31.9244998958549,0,C,99,2
27.3926642620801,28.3784348132588,10.0155199924484,17.3771442696317,1,I,100,2
38.3195031124341,17.9301011157833,10.1047665718943,7.825334543889,0,C,101,2
23.7608632401293,72,10.1307803532109,13.6300828869185,1,I,102,2
95.660089350664,72,10.3222913201898,61.6777086798102,0,C,103,2
22.1901933272571,72,10.3531118296087,11.8370814976485,1,I,104,2
26.9195746669641,19.7683374887667,10.4552005743608,9.31313691440592,0,C,105,2
24.6653498060127,72,10.6470783194527,14.01827148656,1,I,106,2
11.7296707302245,52.8678969940982,10.9035556297749,0.826115100449568,1,C,107,2
57.1026304797796,42.4002403975539,10.9908646484837,31.4093757490702,0,I,108,2
23.3026556034252,72,11.2840531999245,12.0186024035007,1,C,109,2
12.3792846401643,72,11.3536295061931,1.02565513397125,1,I,110,2
32.4402266443874,72,11.5110021689907,20.9292244753968,1,C,111,2
122.196269301982,72,11.5211361693218,60.4788638306782,0,I,112,2
11.7540238900489,72,11.5326174348593,0.221406455189662,1,C,113,2
85.8253125350611,51.1951627656819,11.5788279566914,39.6163348089905,0,I,114,2
46.5504171790038,71.7370803704173,11.5886126831174,34.9618044958864,1,C,115,2
31.1104443451013,26.6298144340829,11.6475239954889,14.982290438594,0,I,116,2
73.3325859633113,60.6089496872718,11.6674194345251,48.9415302527468,0,C,117,2
106.658825555904,52.775246858987,11.7614791961387,41.0137676628483,0,I,118,2
15.9036368013788,72,11.855104258284,4.04853254309478,1,C,119,2
33.4523966762775,72,11.8948085093871,21.5575881668904,1,I,120,2
44.5982782669428,72,11.9029478123412,32.6953304546017,1,C,121,2
69.5696207241869,72,11.9498146791011,57.6198060450858,1,I,122,2
49.310480572003,72,12.0766200777143,37.2338604942887,1,C,123,2
133.688204802363,72,12.166427699849,59.833572300151,0,I,124,2
104.441532171834,72,12.2225140174851,59.7774859825149,0,C,125,2
31.5569839640497,72,12.6009619329125,18.9560220311373,1,I,126,2
32.3288075921321,72,12.6474460540339,19.6813615380981,1,C,127,2
23.5711725273008,72,12.7723047696054,10.7988677576954,1,I,128,2
56.6642814915504,71.4829540446407,12.8831165609881,43.7811649305623,1,C,129,2
81.4128546578075,72,13.0428211251274,58.9571788748726,0,I,130,2
73.634751386778,72,13.0519790668041,58.948020933196,0,C,131,2
84.0824806726911,72,13.3655640436336,58.6344359563664,0,I,132,2
17.8511033245018,37.8164621118804,13.3833050122485,4.46779831225338,1,C,133,2
86.0845388518011,72,13.3911809278652,58.6088190721348,0,I,134,2
112.562809139986,72,13.4413221711293,58.5586778288707,0,C,135,2
19.4211724935271,72,13.967696428299,5.45347606522816,1,I,136,2
59.0410317648274,72,14.0091020939872,45.0319296708402,1,C,137,2
19.1813355435879,72,14.0147927356884,5.16654280789951,1,I,138,2
40.7108922003105,72,14.0437347628176,26.6671574374929,1,C,139,2
15.0367593605615,72,14.1980042355135,0.838755125047942,1,I,140,2
45.3789556077791,53.2833872653685,14.2720120679587,31.1069435398204,1,C,141,2
73.8812346046339,72,14.3440053937957,57.6559946062043,0,I,142,2
36.5200187132454,72,14.3530264310539,22.1669922821915,1,C,143,2
37.6775665566577,72,14.4485751120374,23.2289914446203,1,I,144,2
38.8718296502124,72,14.5164389815182,24.3553906686942,1,C,145,2
45.4656475996859,72,14.5913373213261,30.8743102783598,1,I,146,2
41.0212087648651,23.2590972731607,14.5953523088247,8.66374496433608,0,C,147,2
20.9841643146535,72,14.6295236935839,6.35464062106962,1,I,148,2
74.6866370001673,72,14.7647896595299,57.2352103404701,0,C,149,2
48.6112497844981,72,14.7684284392744,33.8428213452237,1,I,150,2
37.0735639943355,49.6869237171564,14.951034905389,22.1225290889466,1,C,151,2
48.2086535551006,72,15.0522282952443,33.1564252598563,1,I,152,2
29.8383586953713,72,15.3442211123183,14.494137583053,1,C,153,2
68.7730688346871,72,15.4384994879365,53.3345693467506,1,I,154,2
57.3081221078621,72,15.5094743007794,41.7986478070826,1,C,155,2
26.1130199738164,72,15.5422576144338,10.5707623593827,1,I,156,2
130.207689859911,72,15.6490194238722,56.3509805761278,0,C,157,2
66.4177812283373,72,15.6846666801721,50.7331145481653,1,I,158,2
173.039779495332,72,15.9084478486329,56.0915521513671,0,C,159,2
78.0827485386789,43.4576284521748,15.9701591357589,27.4874693164159,0,I,160,2
44.1494356005777,72,16.1579358251765,27.9914997754012,1,C,161,2
124.831505885142,72,16.2265033973381,55.7734966026619,0,I,162,2
17.790588177465,72,16.2617379147559,1.52885026270905,1,C,163,2
64.6385829789956,25.6810039202536,16.4063312206417,9.27467269961188,0,I,164,2
28.6498251039128,72,16.4168088510633,12.2330162528495,1,C,165,2
82.3684115848384,68.292664085389,16.6835988359526,51.6090652494364,0,I,166,2
19.2060024844748,72,16.7187970876694,2.48720539680547,1,C,167,2
102.411231348313,72,16.7321984656155,55.2678015343845,0,I,168,2
127.767041295757,72,16.7880260339007,55.2119739660993,0,C,169,2
23.970566466006,72,16.9422714225948,7.02829504341118,1,I,170,2
47.2611108998809,72,17.4146044487134,29.8465064511675,1,C,171,2
43.9172873395211,72,17.5568114966154,26.3604758429057,1,I,172,2
28.6007714440251,72,17.6333691319451,10.96740231208,1,C,173,2
77.9600534704916,72,17.7878344617784,54.2121655382216,0,I,174,2
187.796205982915,72,18.0781656363979,53.9218343636021,0,C,175,2
99.5840188812356,72,18.2232807856053,53.7767192143947,0,I,176,2
140.189929441398,41.0054656503164,18.2829050347209,22.7225606155955,0,C,177,2
50.4730707716479,72,18.2949308305979,32.17813994105,1,I,178,2
29.089221437542,72,18.4434557240456,10.6457657134963,1,C,179,2
71.489466152566,72,18.4516763174906,53.0377898350754,1,I,180,2
135.157422112369,72,18.5238599963486,53.4761400036514,0,C,181,2
73.4225337341345,72,18.6056043114513,53.3943956885487,0,I,182,2
57.3765332625902,23.5577510691819,18.6164965527132,4.94125451646873,0,C,183,2
96.6814457332282,72,18.6254948750138,53.3745051249862,0,I,184,2
31.1858824457438,72,18.6986935744062,12.4871888713376,1,C,185,2
49.8179497672218,72,18.7869453057647,31.0310044614571,1,I,186,2
40.6741587100768,31.838994612693,18.9193223649636,12.9196722477294,0,C,187,2
28.0754454806323,72,19.0388998109847,9.03654566964754,1,I,188,2
20.3712981638536,72,19.0863456157967,1.28495254805683,1,C,189,2
24.9654670281643,72,19.1780384257436,5.78742860242068,1,I,190,2
38.3179122837194,72,19.2048014514148,19.1131108323046,1,C,191,2
48.6087762990925,72,19.2218767572194,29.3868995418731,1,I,192,2
21.9513989207974,72,19.3442025594413,2.60719636135608,1,C,193,2
93.150671345043,72,19.3654676573351,52.6345323426649,0,I,194,2
28.9801242390351,72,19.6814334578812,9.2986907811539,1,C,195,2
40.0720361412687,72,19.747408577241,20.3246275640277,1,I,196,2
25.7895633338157,24.9038007964589,20.0607548933476,4.84304590311124,0,C,197,2
29.4092281871792,44.9130316632744,20.1136563112959,9.29557187588325,1,I,198,2
71.1629357172346,72,20.2719797613099,50.8909559559247,1,C,199,2
56.998461794984,72,20.6038114707917,36.3946503241923,1,I,200,2
34.9106402109565,29.2731631426861,20.7470789831132,8.52608415957292,0,C,201,2
20.8535279853143,72,20.7957831490785,0.0577448362357898,1,I,202,2
29.2186981271811,47.4524217499868,20.8024005359039,8.41629759127727,1,C,203,2
57.2124920974169,64.1649411712879,20.8576978370547,36.3547942603622,1,I,204,2
82.0803394113354,72,20.9441509237513,51.0558490762487,0,C,205,2
215.71008862001,72,20.9708711318672,51.0291288681328,0,I,206,2
85.912334195083,72,21.1736716004089,50.8263283995912,0,C,207,2
114.66861464486,72,21.3628959842026,50.6371040157974,0,I,208,2
56.5119742518397,62.5008826595326,21.4762106398121,35.0357636120277,1,C,209,2
42.5226068245557,72,21.4820868847892,21.0405199397666,1,I,210,2
31.0416311831442,72,21.4971315348521,9.54449964829214,1,C,211,2
28.730696850058,43.024234960738,21.5839817142114,7.14671513584661,1,I,212,2
181.008830577852,72,21.5970538789406,50.4029461210594,0,C,213,2
138.456622656477,72,21.7515080887824,50.2484919112176,0,I,214,2
28.8606790741764,50.3866203169856,22.0783295715228,6.78234950265364,1,C,215,2
27.4298493071944,72,22.1702733915299,5.2595759156645,1,I,216,2
78.7146653108666,72,22.262897095643,49.737102904357,0,C,217,2
76.552221527388,42.8857045641861,22.3625229438767,20.5231816203094,0,I,218,2
53.9305821623574,72,22.564004631713,31.3665775306443,1,C,219,2
203.35401734957,28.4240446536131,22.5861717341468,5.83787291946634,0,I,220,2
35.5202004816268,48.1005785951427,22.6683379244059,12.8518625572208,1,C,221,2
121.394447313831,71.8481821526075,22.6748769544065,49.173305198201,0,I,222,2
98.0284929647597,72,22.7189008612186,49.2810991387814,0,C,223,2
55.2351315092813,72,22.7383242314681,32.4968072778131,1,I,224,2
36.0299256261261,72,22.9350725468248,13.0948530793013,1,C,225,2
49.8281993186205,72,22.9710752656683,26.8571240529521,1,I,226,2
41.6989384695909,72,23.0058829765767,18.6930554930142,1,C,227,2
49.2940144621026,72,23.0281778192148,26.2658366428878,1,I,228,2
42.5937372907467,72,23.1619179155678,19.431819375179,1,C,229,2
44.1381623879644,72,23.6222004331648,20.5159619547996,1,I,230,2
46.7103480364435,72,23.7296208925545,22.980727143889,1,C,231,2
59.9771049405417,72,23.7865137169138,36.190591223628,1,I,232,2
138.636039614636,72,23.8401839369908,48.1598160630092,0,C,233,2
123.024600519395,72,23.9054764900357,48.0945235099644,0,I,234,2
24.8034525569193,72,24.0977796725929,0.70567288432642,1,C,235,2
25.2838780645249,72,24.1002327762544,1.18364528827051,1,I,236,2
34.1869880325027,72,24.1052610240877,10.081727008415,1,C,237,2
49.7883120626719,72,24.3735176045448,25.4147944581271,1,I,238,2
40.679869147869,72,24.5089242467657,16.1709449011033,1,C,239,2
28.9654661783975,72,24.5449254149571,4.42054076344041,1,I,240,2
25.4912781519038,72,24.8436235589907,0.647654592913102,1,C,241,2
45.0155023676266,68.8323217420678,25.0123010901734,20.0032012774532,1,I,242,2
76.6880354903268,72,25.0589003087953,46.9410996912047,0,C,243,2
60.6681925318795,72,25.1056712167338,35.5625213151458,1,I,244,2
74.2105297400843,72,25.2244799444452,46.7755200555548,0,C,245,2
143.018442117245,72,25.2503153169528,46.7496846830472,0,I,246,2
57.3501917341053,72,25.3222664957866,32.0279252383187,1,C,247,2
43.0443860866292,72,25.3258079476655,17.7185781389637,1,I,248,2
76.9678079996554,72,25.4825676558539,46.5174323441461,0,C,249,2
88.4026552307295,72,25.5552478367463,46.4447521632537,0,I,250,2
62.5066222416468,72,25.5667879711837,36.9398342704631,1,C,251,2
44.5112077515375,46.1793641950241,25.6613218551502,18.8498858963873,1,I,252,2
47.5671907532878,72,26.0082529764622,21.5589377768256,1,C,253,2
34.8147055230534,72,26.0528811207041,8.76182440234923,1,I,254,2
83.1572647289582,72,26.1227322695777,45.8772677304223,0,C,255,2
275.044098154087,51.4359333093126,26.1472076363862,25.2887256729264,0,I,256,2
79.0880944110599,72,26.2484887428582,45.7515112571418,0,C,257,2
36.1262104881982,44.6027304087107,26.3861398212612,9.74007066693702,1,I,258,2
79.9660802950365,72,26.4085126854479,45.5914873145521,0,C,259,2
36.0928057465619,72,26.4242742676288,9.66853147893307,1,I,260,2
30.4029873729218,72,26.5818438353017,3.82114353762005,1,C,261,2
35.63902078683,72,26.7820207122713,8.85700007455866,1,I,262,2
39.0835197436087,72,27.0333869336173,12.0501328099914,1,C,263,2
44.4657892167565,72,27.0545456791297,17.4112435376268,1,I,264,2
72.7110544450611,72,27.0609350502491,44.9390649497509,0,C,265,2
29.2350835369481,72,27.1281123301014,2.10697120684666,1,I,266,2
46.0353429506529,72,27.1419885708019,18.893354379851,1,C,267,2
55.7312774229025,72,27.2604381060228,28.4708393168797,1,I,268,2
30.7235125306836,72,27.4282886087894,3.29522392189411,1,C,269,2
70.2499871882573,70.7993967338158,27.4586631730199,42.7913240152374,1,I,270,2
36.6744407618314,72,27.5448352424428,9.12960551938864,1,C,271,2
54.7956738330795,72,27.7316745417193,27.0639992913602,1,I,272,2
28.7195329818499,72,27.77320896741,0.94632401443984,1,C,273,2
39.3623187338847,72,27.8402955411002,11.5220231927845,1,I,274,2
101.830775891582,72,28.1880833068863,43.8119166931137,0,C,275,2
32.5907869082958,72,28.2639742037281,4.32681270456767,1,I,276,2
131.236922535068,72,28.4147017356008,43.5852982643992,0,C,277,2
49.549158260648,72,28.8541927188635,20.6949655417845,1,I,278,2
39.5853399046454,72,28.8551615830511,10.7301783215943,1,C,279,2
38.2534275215413,72,29.0252324659377,9.22819505560357,1,I,280,2
125.142760556687,72,29.161254116334,42.838745883666,0,C,281,2
80.7756306286304,72,29.2530368780717,42.7469631219283,0,I,282,2
44.2504455781698,72,29.4696677941829,14.780777783987,1,C,283,2
55.1009548522964,72,29.5671631582081,25.5337916940883,1,I,284,2
32.0640115656788,72,29.5860924571753,2.47791910850352,1,C,285,2
63.8970466701357,72,29.6460300078616,34.2510166622742,1,I,286,2
90.7157468176617,50.7451133519912,29.7113260673359,21.0337872846553,0,C,287,2
123.844703679448,70.147908158023,29.7406040411443,40.4073041168788,0,I,288,2
50.284100591894,72,29.7581827780232,20.5259178138708,1,C,289,2
95.7139668177873,72,29.7990677179769,42.2009322820231,0,I,290,2
45.1490129507695,72,29.8265100829303,15.3225028678391,1,C,291,2
64.8500854476167,72,29.8291515558958,35.0209338917209,1,I,292,2
85.5110251438114,72,29.9740959098563,42.0259040901437,0,C,293,2
37.4978852202431,72,30.0663952203468,7.43148999989635,1,I,294,2
76.0177671387741,72,30.1478779502213,41.8521220497787,0,C,295,2
100.424776444427,32.8442889353877,30.2316450560465,2.61264387934119,0,I,296,2
111.717760236134,72,30.306592527777,41.693407472223,0,C,297,2
52.9331884628859,72,30.5665802489966,22.3666082138893,1,I,298,2
31.8968826749157,72,30.601935214363,1.29494746055267,1,C,299,2
88.8072017772572,72,30.6891370145604,41.3108629854396,0,I,300,2
52.4686230086613,72,30.776791437529,21.6918315711323,1,C,301,2
74.8849469457798,72,30.8205215726048,41.1794784273952,0,I,302,2
324.717115846921,72,30.8237175922841,41.1762824077159,0,C,303,2
52.5850192885249,72,30.8913124445826,21.6937068439423,1,I,304,2
121.405550314243,45.2869625919761,30.8916942123324,14.3952683796437,0,C,305,2
67.2689103256678,60.5827848755046,30.9061806695536,29.676604205951,0,I,306,2
205.671304582995,59.394002256694,31.0371802188456,28.3568220378484,0,C,307,2
35.6854833617922,72,31.0538228368387,4.63166052495355,1,I,308,2
48.9258654974089,72,31.0611461056396,17.8647193917692,1,C,309,2
59.699147432068,72,31.0621738946065,28.6369735374615,1,I,310,2
59.2463915117271,36.8418561146975,31.1578238988295,5.68403221586797,0,C,311,2
43.4654834763234,72,31.1759348865598,12.2895485897636,1,I,312,2
73.1938439606273,72,31.2335793999955,40.7664206000045,0,C,313,2
119.677331541809,72,31.2461453257129,40.7538546742871,0,I,314,2
34.4646135874101,72,31.2475237157196,3.21708987169047,1,C,315,2
71.1153681267815,72,31.4071554969996,39.7082126297819,1,I,316,2
39.3931726639285,72,31.4358123578131,7.9573603061154,1,C,317,2
79.3693286340927,34.397608001878,31.4544147346169,2.94319326726114,0,I,318,2
77.4160385788551,72,31.633095452562,40.366904547438,0,C,319,2
43.6319584122541,44.552678658704,31.6576626431197,11.9742957691344,1,I,320,2
45.9455976720164,71.5309400716148,31.6663515055552,14.2792461664612,1,C,321,2
44.2543883609733,72,31.7891370551661,12.4652513058072,1,I,322,2
51.2030133658956,72,31.9830230483785,19.2199903175171,1,C,323,2
124.31449165958,72,31.9978953246027,40.0021046753973,0,I,324,2
56.9516944194947,72,32.1446485072374,24.8070459122572,1,C,325,2
32.8340466930306,72,32.1711959503591,0.662850742671473,1,I,326,2
59.2699780260664,72,32.4624336278066,26.8075443982598,1,C,327,2
155.068945138437,56.9356491360544,32.7428272040561,24.1928219319983,0,I,328,2
62.1061761580857,35.6695910194564,32.9199770791456,2.74961394031074,0,C,329,2
50.8169842533944,72,32.9733209917322,17.8436632616622,1,I,330,2
45.5501017851463,72,33.1962443562225,12.3538574289238,1,C,331,2
72.0824578883837,58.1032403893106,33.3021075977013,24.8011327916094,0,I,332,2
35.2760128280822,72,33.3226436935365,1.95336913454566,1,C,333,2
53.642415750364,72,33.527254764922,20.115160985442,1,I,334,2
94.0064215659165,72,33.5550735890865,38.4449264109135,0,C,335,2
81.0804658265217,72,33.6719054169953,38.3280945830047,0,I,336,2
47.9594857524821,70.5342423990256,33.9876046590507,13.9718810934313,1,C,337,2
84.3251355539527,72,34.0394385159016,37.9605614840984,0,I,338,2
57.6915039391063,72,34.2483834782615,23.4431204608448,1,C,339,2
97.3315042026529,72,34.2759871250019,37.7240128749982,0,I,340,2
43.2653288719377,72,34.5727461855859,8.69258268635182,1,C,341,2
108.195310539415,72,34.6770991338417,37.3229008661583,0,I,342,2
36.4898222052529,65.3197296001129,34.7047164151445,1.78510579010838,1,C,343,2
49.7898039789291,40.4672850671927,34.7109941532835,5.75629091390916,0,I,344,2
47.8575185031163,72,34.9391549360007,12.9183635671156,1,C,345,2
117.281591775406,72,35.1034448063001,36.8965551936999,0,I,346,2
120.944114469971,67.5965956284264,35.1146940328181,32.4819015956083,0,C,347,2
98.2136203709935,72,35.2293876931071,36.7706123068929,0,I,348,2
89.4745331454,72,35.4435443133116,36.5564556866884,0,C,349,2
63.4714196436118,72,35.4714763071388,27.999943336473,1,I,350,2
155.565962933476,72,35.6392222456634,36.3607777543366,0,C,351,2
107.046365593413,56.7016006386731,35.6980634154752,21.0035372231979,0,I,352,2
47.3519345154712,57.4767249244597,35.7328637922183,11.6190707232529,1,C,353,2
54.515871005628,72,35.7976419338957,18.7182290717324,1,I,354,2
202.046910695579,72,35.8545650588349,36.1454349411652,0,C,355,2
45.8734696760365,72,35.9180057700723,9.95546390596416,1,I,356,2
197.208717977049,72,35.9195058932528,36.0804941067472,0,C,357,2
39.5775043782266,58.4220156850046,35.9696781914681,3.60782618675843,1,I,358,2
50.3298745337873,48.583063259462,36.0725014284253,12.5105618310366,0,C,359,2
52.8513970219835,72,36.3570849504322,16.4943120715514,1,I,360,2
127.579577909781,72,36.5106478566304,35.4893521433696,0,C,361,2
73.4078232977346,72,36.5472724847496,35.4527275152504,0,I,362,2
42.9107680475116,72,36.6689573647454,6.24181068276618,1,C,363,2
40.5528491098298,72,36.694818274118,3.85803083571176,1,I,364,2
103.449748932123,72,36.9646020792425,35.0353979207575,0,C,365,2
131.468243561206,72,36.9698065565899,35.0301934434101,0,I,366,2
41.5529504647673,72,37.0358951808885,4.51705528387887,1,C,367,2
49.6199020303242,72,37.1397833526135,12.4801186777107,1,I,368,2
131.665996453464,72,37.1633243467659,34.8366756532341,0,C,369,2
64.9182036558737,72,37.1641106670722,27.7540929888014,1,I,370,2
68.2206645542359,72,37.4123171344399,30.8083474197959,1,C,371,2
144.913344923424,72,37.7489824360237,34.2510175639764,0,I,372,2
82.2320284904179,72,37.8480327269062,34.1519672730938,0,C,373,2
110.229173397725,72,38.0282691819593,33.9717308180407,0,I,374,2
63.1990934207179,65.1417848573114,38.2035353081301,24.9955581125878,1,C,375,2
155.141781494226,72,38.2238414604217,33.7761585395783,0,I,376,2
52.8858061617688,72,38.2677605934441,14.6180455683247,1,C,377,2
48.7733997147766,72,38.2971107633784,10.4762889513981,1,I,378,2
73.21103859087,72,38.3630708931014,33.6369291068986,0,C,379,2
110.293039867016,72,38.4686037758365,33.5313962241635,0,I,380,2
51.1725645024691,72,38.5715350834653,12.6010294190038,1,C,381,2
40.8810967002506,72,38.6390391318128,2.24205756843784,1,I,382,2
42.3771621186556,72,38.860050723888,3.51711139476763,1,C,383,2
42.7266507832839,72,38.8604958029464,3.86615498033751,1,I,384,2
74.4305016030533,72,38.8794785225764,33.1205214774236,0,C,385,2
50.5126059687229,72,38.8906301697716,11.6219757989513,1,I,386,2
74.5334044960767,72,38.8992844708264,33.1007155291736,0,C,387,2
50.0495415341269,72,38.9114381326363,11.1381034014907,1,I,388,2
44.0492483942033,72,38.990963534452,5.05828485975126,1,C,389,2
127.278921516406,58.1881821497259,39.0939432056621,19.0942389440639,0,I,390,2
44.6469806755129,72,39.109418336302,5.53756233921083,1,C,391,2
88.7249059136106,72,39.2045122990385,32.7954877009615,0,I,392,2
193.778195921118,72,39.2342941649258,32.7657058350742,0,C,393,2
80.1625451045714,72,39.2468688217923,32.7531311782077,0,I,394,2
46.4617181056588,72,39.3208835832775,7.14083452238136,1,C,395,2
68.0729709639205,72,39.4919252302498,28.5810457336707,1,I,396,2
82.6551598411456,72,39.6404965594411,32.3595034405589,0,C,397,2
71.9932470934941,72,39.6560706244782,32.3371764690159,1,I,398,2
95.506228209777,72,39.724517413415,32.275482586585,0,C,399,2
49.2667849368948,72,39.7437167912722,9.5230681456226,1,I,400,2
94.3896552589928,72,39.7458320204169,32.2541679795831,0,C,401,2
235.037111352586,72,39.8145913565531,32.1854086434469,0,I,402,2
58.1076589495782,51.6801219365161,39.8269585333765,11.8531634031396,0,C,403,2
69.2605815539865,72,39.8294405126944,29.4311410412921,1,I,404,2
108.343997286373,72,39.8550412477925,32.1449587522075,0,C,405,2
57.9381493041562,72,39.9129889626056,18.0251603415506,1,I,406,2
88.6360139413328,72,39.9318133061752,32.0681866938248,0,C,407,2
58.0433584984459,72,39.9365392327309,18.106819265715,1,I,408,2
64.4398667967352,72,40.1385261397809,24.3013406569543,1,C,409,2
56.1242220981995,72,40.1462109060958,15.9780111921037,1,I,410,2
73.6986431779457,52.2790588719705,40.5843255249783,11.6947333469922,0,C,411,2
140.551556481896,72,40.6354647735134,31.3645352264866,0,I,412,2
91.2054607152321,72,40.8108201948926,31.1891798051074,0,C,413,2
106.757414571457,72,40.9749486716464,31.0250513283536,0,I,414,2
135.001933554858,72,41.0332690598443,30.9667309401557,0,C,415,2
68.4503942530254,72,41.0768691077828,27.3735251452426,1,I,416,2
43.004013820794,72,41.1406140262261,1.86339979456786,1,C,417,2
43.9505746126014,72,41.1762423114851,2.77433230111631,1,I,418,2
91.012975706908,72,41.2034973688424,30.7965026311576,0,C,419,2
84.5648454365487,72,41.3319791061804,30.6680208938196,0,I,420,2
56.5672215384954,41.9665603688618,41.3977415068075,0.568818862054258,0,C,421,2
49.3455057076861,72,41.4779737964273,7.86753191125885,1,I,422,2
61.2313827039387,72,41.538381529972,19.6930011739667,1,C,423,2
52.5865160978603,72,41.6692883055657,10.9172277922946,1,I,424,2
195.219707814245,72,41.8748026527464,30.1251973472536,0,C,425,2
294.188290313103,69.9175644513183,41.8938831612468,28.0236812900716,0,I,426,2
134.544328356768,72,41.8994172010571,30.1005827989429,0,C,427,2
138.16925949632,72,42.0046185236424,29.9953814763576,0,I,428,2
114.101365653676,72,42.0913873426616,29.9086126573384,0,C,429,2
120.931788076087,72,42.2438392415643,29.7561607584357,0,I,430,2
119.840410772705,72,42.2754078777507,29.7245921222493,0,C,431,2
108.531093318815,72,42.3200139915571,29.6799860084429,0,I,432,2
52.1268563930407,72,42.3274097079411,9.79944668509962,1,C,433,2
65.8242064439837,72,43.1964521901682,22.6277542538155,1,I,434,2
59.6601956657798,72,43.253255202435,16.4069404633448,1,C,435,2
45.5210478167291,72,43.3049999317154,2.21604788501363,1,I,436,2
98.2724530817808,72,43.3320872252807,28.6679127747193,0,C,437,2
69.0558771617947,72,43.4808226302266,25.5750545315681,1,I,438,2
52.9216632991349,72,43.4899766603485,9.4316866387864,1,C,439,2
112.95839823088,72,43.9572079153731,28.0427920846269,0,I,440,2
73.1239477181564,72,44.1173791419715,27.8826208580285,0,C,441,2
59.9399592515346,72,44.1386710759252,15.8012881756093,1,I,442,2
47.5873330138191,72,44.3730573076755,3.21427570614359,1,C,443,2
112.847890327419,72,44.4212309690192,27.5787690309808,0,I,444,2
166.918004447289,72,44.43989333231,27.56010666769,0,C,445,2
68.9538280831668,72,44.5158657850698,24.437962298097,1,I,446,2
114.345971904051,70.364150290095,44.5463260961697,25.8178241939254,0,C,447,2
61.3717183681997,72,44.568551746197,16.8031666220027,1,I,448,2
90.9152692343781,72,44.6842862572521,27.3157137427479,0,C,449,2
46.8602032433174,72,44.9724897835404,1.88771345977698,1,I,450,2
87.3565957752799,72,44.9845968000591,27.0154031999409,0,C,451,2
51.4883306676496,72,45.062104370445,6.42622629720461,1,I,452,2
66.4913252206519,72,45.1057569449768,21.3855682756751,1,C,453,2
45.9285898258296,72,45.2390146208927,0.689575204936934,1,I,454,2
61.4717502322333,72,45.2448786282912,16.2268716039421,1,C,455,2
54.8584716646797,72,45.2911797305569,9.56729193412275,1,I,456,2
45.6503753401864,72,45.4346463549882,0.215728985198215,1,C,457,2
53.7728294968531,72,45.5639116605744,8.20891783627871,1,I,458,2
59.2062270144364,72,45.5997110763565,13.6065159380799,1,C,459,2
46.5512984363038,72,45.7690361235291,0.782262312774743,1,I,460,2
77.7031651897331,72,45.8125056372955,26.1874943627045,0,C,461,2
118.043752635932,72,45.8395538292825,26.1604461707175,0,I,462,2
68.7155559187314,72,45.8556494163349,22.8599065023964,1,C,463,2
114.871957225278,72,45.925092631951,26.074907368049,0,I,464,2
50.0346684981853,72,45.9639161964878,4.07075230169745,1,C,465,2
48.5116310702865,72,46.0308728087694,2.48075826151718,1,I,466,2
154.436974850202,72,46.0402669245377,25.9597330754623,0,C,467,2
48.4706478227981,72,46.1593600781634,2.31128774463466,1,I,468,2
48.8582099023194,72,46.1779577191919,2.68025218312749,1,C,469,2
84.8737928507562,72,46.3884328957647,25.6115671042353,0,I,470,2
74.4563405408395,72,46.4080260135233,25.5919739864767,0,C,471,2
52.4110418133951,72,46.4648553868756,5.94618642651952,1,I,472,2
59.4406058372675,72,46.6296469420195,12.810958895248,1,C,473,2
89.1682299490664,72,46.6397699061781,25.3602300938219,0,I,474,2
127.889805124856,72,46.8539397558197,25.1460602441803,0,C,475,2
96.8545683661807,72,46.8932827049866,25.1067172950134,0,I,476,2
178.147754942006,72,47.1495995856822,24.8504004143179,0,C,477,2
200.579312346235,72,47.3709949012846,24.6290050987154,0,I,478,2
77.8262457838521,72,47.3743228800595,24.6256771199405,0,C,479,2
48.5391628139314,72,47.6128350337967,0.926327780134633,1,I,480,2
60.2351346007315,72,47.6189986243844,12.6161359763471,1,C,481,2
55.7668133145192,53.1377885017509,47.6223401678726,5.51544833387825,0,I,482,2
52.1305503865918,64.358061927308,47.7272695396096,4.40328084698224,1,C,483,2
57.2679937482561,48.5389812887122,47.766662305221,0.772318983491196,0,I,484,2
65.6160457914113,72,47.8122681425884,17.8037776488228,1,C,485,2
115.725506388023,72,47.8501640958712,24.1498359041289,0,I,486,2
106.980863061889,72,48.1870338181034,23.8129661818966,0,C,487,2
147.167255731158,72,48.1925232382491,23.8074767617509,0,I,488,2
66.720566954105,72,48.4727674908936,18.2477994632114,1,C,489,2
54.2081134019137,72,48.502881671302,5.70523173061171,1,I,490,2
179.86629452025,72,48.5307813249528,23.4692186750472,0,C,491,2
53.8146459505344,72,48.7080933339894,5.10655261654497,1,I,492,2
49.3986662283034,59.0816648054581,48.7087695579976,0.689896670305791,1,C,493,2
110.610393844045,72,48.7656163098291,23.2343836901709,0,I,494,2
202.851598464882,72,48.780602440238,23.219397559762,0,C,495,2
50.7319251014433,72,48.7972013605759,1.93472374086745,1,I,496,2
102.339619589172,72,48.8074284698814,23.1925715301186,0,C,497,2
63.1614456058639,72,48.8210683269426,14.3403772789213,1,I,498,2
196.090443413054,72,48.8320934632793,23.1679065367207,0,C,499,2
53.0610290051713,72,48.9123356854543,4.14869331971702,1,I,500,2
52.8149959095512,72,49.2168037220836,3.59819218746763,1,C,501,2
150.606583126193,72,49.3980924412608,22.6019075587392,0,I,502,2
52.2566244043986,72,49.4045300222933,2.85209438210523,1,C,503,2
60.1019111496623,72,49.4409694103524,10.6609417393099,1,I,504,2
64.7554076958019,56.3292254841639,49.5724620390683,6.75676344509555,0,C,505,2
67.5140541835969,53.9916497503589,49.7402544273064,4.25139532305256,0,I,506,2
51.0508437849745,72,50.6125753233209,0.438268461653564,1,C,507,2
241.2381689449,72,50.8132601436228,21.1867398563772,0,I,508,2
99.7552467710069,72,50.8334361528978,21.1665638471022,0,C,509,2
145.95947152148,72,51.0231070546433,20.9768929453567,0,I,510,2
69.8010194007529,72,51.2230405211449,18.577978879608,1,C,511,2
55.2445580040317,72,51.5210563782603,3.72350162577147,1,I,512,2
144.67233488321,72,51.5782242827117,20.4217757172883,0,C,513,2
106.657120009953,72,51.7012145323679,20.2987854676321,0,I,514,2
97.041009157966,72,51.7367953760549,20.2632046239451,0,C,515,2
170.771903986561,72,51.9701711833477,20.0298288166523,0,I,516,2
128.038498045716,72,51.9987628888339,20.0012371111661,0,C,517,2
123.09785861117,72,52.0031520584598,19.9968479415402,0,I,518,2
71.864310255582,72,52.2183659439907,19.6459443115913,1,C,519,2
81.8313522030314,72,52.2744883177802,19.7255116822198,0,I,520,2
72.4060956446278,72,52.3376950621605,19.6623049378395,0,C,521,2
69.0462374023764,72,52.3907712427899,16.6554661595865,1,I,522,2
252.225382877425,72,52.4919301969931,19.508069803007,0,C,523,2
72.2733191665109,59.0766490757378,52.5253565283492,6.55129254738856,0,I,524,2
77.0226855977107,72,52.649643807672,19.350356192328,0,C,525,2
88.5119010356994,72,52.6593854371458,19.3406145628542,0,I,526,2
71.6901034135274,72,52.9349167551845,18.7551866583429,1,C,527,2
53.6713420331727,72,53.2815924379975,0.389749595175276,1,I,528,2
76.7721578672494,72,53.2839805539697,18.7160194460303,0,C,529,2
55.8469943628128,72,53.3367527648807,2.51024159793211,1,I,530,2
90.0159284375182,72,53.5273629147559,18.4726370852441,0,C,531,2
82.3239224369292,72,53.5319636017084,18.4680363982916,0,I,532,2
100.951190127994,72,53.7499120412394,18.2500879587606,0,C,533,2
275.243117173953,72,53.8958563422784,18.1041436577216,0,I,534,2
108.785533523139,72,54.0174343110994,17.9825656889007,0,C,535,2
63.5282480904619,56.4198856221687,54.071267908439,2.34861771372969,0,I,536,2
127.600910118141,72,54.1549450764433,17.8450549235567,0,C,537,2
187.194683262822,72,54.1613691486418,17.8386308513582,0,I,538,2
167.670215105934,72,54.2839298676699,17.7160701323301,0,C,539,2
113.849777552409,72,54.3784513045102,17.6215486954898,0,I,540,2
112.660792143434,72,54.4733636174351,17.5266363825649,0,C,541,2
67.9675331943447,72,54.7697451431304,13.1977880512143,1,I,542,2
73.5728978533225,72,54.9525376036763,17.0474623963237,0,C,543,2
61.0051879779677,72,54.9844599980861,6.02072797988164,1,I,544,2
162.2439745077,72,55.0957774976268,16.9042225023732,0,C,545,2
71.9595566430295,72,55.1433923095465,16.816164333483,1,I,546,2
76.0193362972419,72,55.286098360084,16.713901639916,0,C,547,2
99.5033740984848,72,55.4060587333515,16.5939412666485,0,I,548,2
184.677077853158,72,55.4109344724566,16.5890655275434,0,C,549,2
102.377299318856,72,55.6667112093419,16.3332887906581,0,I,550,2
86.0271041635185,72,55.6747857900336,16.3252142099664,0,C,551,2
90.4676189134573,72,55.7052493840456,16.2947506159544,0,I,552,2
63.9943898795907,72,55.7886990951374,8.20569078445324,1,C,553,2
59.7863128222111,72,56.2391907116398,3.54712211057129,1,I,554,2
71.0893253687296,72,56.2756985379383,14.8136268307913,1,C,555,2
65.010514290477,72,56.3662410294637,8.6442732610133,1,I,556,2
93.2830821295967,72,56.4727958338335,15.5272041661665,0,C,557,2
181.7095553174,72,56.6684508696199,15.3315491303802,0,I,558,2
130.671077178268,72,56.7467072792351,15.2532927207649,0,C,559,2
64.4960605690698,72,56.9435856398195,7.55247492925031,1,I,560,2
63.3461021745925,72,57.2481575002894,6.09794467430309,1,C,561,2
64.3657828734466,72,57.3316403059289,7.03414256751775,1,I,562,2
239.42570505155,72,57.4433192471042,14.5566807528958,0,C,563,2
99.6237971126751,72,57.4573800573126,14.5426199426875,0,I,564,2
98.2235249750541,72,57.5123990513384,14.4876009486616,0,C,565,2
95.0053795667563,57.6442663595761,57.5380105571821,0.106255802393953,0,I,566,2
172.1876178105,72,57.5833401968703,14.4166598031297,0,C,567,2
71.8502243214324,64.0779332744264,57.9075989266858,6.17033434774059,0,I,568,2
66.2560010105392,72,58.0802390724421,8.17576193809715,1,C,569,2
62.2078951554352,72,58.3729645656422,3.83493058979299,1,I,570,2
66.9892640269769,72,58.3749228157103,8.61434121126664,1,C,571,2
112.902964200434,72,58.3823609864339,13.6176390135661,0,I,572,2
67.7298269258483,72,58.5285335266963,9.20129339915203,1,C,573,2
88.3255295734012,72,58.6392097827047,13.3607902172953,0,I,574,2
127.322912547561,72,58.6713321413845,13.3286678586155,0,C,575,2
228.628232841242,72,58.9035084564239,13.0964915435761,0,I,576,2
70.0761332708938,72,59.3475510785356,10.7285821923581,1,C,577,2
86.4961566154467,72,59.3907739687711,12.6092260312289,0,I,578,2
87.7056905442425,72,59.4583451002836,12.5416548997164,0,C,579,2
136.247360887439,72,59.5474486006424,12.4525513993576,0,I,580,2
62.9725612432464,72,59.5749469846487,3.39761425859773,1,C,581,2
116.286825751781,72,59.6265870099887,12.3734129900113,0,I,582,2
81.4644790995801,72,59.87208197359,12.12791802641,0,C,583,2
116.402260410779,72,59.8756936239079,12.1243063760921,0,I,584,2
14.3477710998646,72,0.080160666257143,14.2676104336075,1,C,1,3
40.9706307705137,34.3244467954376,0.127662615850568,34.196784179587,0,I,2,3
27.1606186503108,72,0.315280021168292,26.8453386291425,1,C,3,3
25.5353857045452,72,0.483091380447149,25.052294324098,1,I,4,3
14.6931348761804,72,0.609958246350288,14.0831766298302,1,C,5,3
9.46717610132521,72,0.782390884123743,8.68478521720147,1,I,6,3
9.33611932900952,37.002509097321,0.82532174885273,8.51079758015679,1,C,7,3
20.935151365178,72,0.89461246971041,20.0405388954676,1,I,8,3
20.722305707773,72,1.42048289068043,19.3018228170925,1,C,9,3
13.1356033625232,72,1.77756157703698,11.3580417854862,1,I,10,3
124.243251900121,72,1.78674501366913,70.2132549863309,0,C,11,3
14.978616609274,72,1.81331309024245,13.1653035190315,1,I,12,3
6.81789616214954,72,1.89985839184374,4.91803777030581,1,C,13,3
5.81379759688746,72,2.03800668474287,3.77579091214459,1,I,14,3
45.3089536328415,72,2.05315715633333,43.2557964765081,1,C,15,3
16.3882857229393,72,2.09725490771234,14.291030815227,1,I,16,3
15.3390423431237,72,2.32186158187687,13.0171807612468,1,C,17,3
113.050453493929,72,2.37887715920806,69.6211228407919,0,I,18,3
59.1423239708962,72,2.48517857864499,56.6571453922512,1,C,19,3
86.1851818150421,72,2.50956520903856,69.4904347909615,0,I,20,3
108.025333803562,48.387852577676,2.66346822492778,45.7243843527482,0,C,21,3
94.6655920761545,72,2.87074231076986,69.1292576892302,0,I,22,3
8.93240912562963,72,2.87186309695244,6.0605460286772,1,C,23,3
16.4114761228012,72,2.9213250707835,13.4901510520177,1,I,24,3
73.0258517575989,72,3.03571030497551,68.9642896950245,0,C,25,3
59.5752940277112,72,3.10518260579556,56.4701114219156,1,I,26,3
41.0273474580696,72,3.17540951538831,37.8519379426813,1,C,27,3
88.156407500519,72,3.21024413220584,68.7897558677942,0,I,28,3
3.42872522117243,72,3.26592243276536,0.162802788407066,1,C,29,3
12.366727164737,72,3.29214166849852,9.07458549623844,1,I,30,3
12.1938865435965,72,3.3581593958661,8.83572714773043,1,C,31,3
7.99741852387495,72,3.42570106498897,4.57171745888598,1,I,32,3
32.7372817409185,14.2805766996139,3.5967533569783,10.6838233426356,0,C,33,3
6.06353807395616,19.5640471523038,3.59930922277272,2.46422885118345,1,I,34,3
29.8235251001365,7.96039416744339,3.65011589135975,4.31027827608365,0,C,35,3
9.60107117617779,24.2742898087033,3.66988403722644,5.93118713895135,1,I,36,3
100.407555323816,72,3.69151774328202,68.308482256718,0,C,37,3
26.9264199354048,72,3.82088142447174,23.1055385109331,1,I,38,3
17.7662929855888,72,3.90796024817973,13.8583327374091,1,C,39,3
29.9266721043361,72,3.94625374116004,25.9804183631761,1,I,40,3
22.1124788826647,72,4.11608061287552,17.9963982697892,1,C,41,3
67.4847511800764,72,4.62138711009175,62.8633640699846,1,I,42,3
70.1462920325379,72,4.83671999070793,65.3095720418299,1,C,43,3
15.2909996816153,57.3696396815287,4.83999035786837,10.4510093237469,1,I,44,3
23.2498981944405,59.4178462323753,4.88972257822752,18.3601756162129,1,C,45,3
34.1930570687579,11.5961518693926,5.01725189387798,6.57889997551458,0,I,46,3
21.8249907283677,67.2534929951152,5.0598303694278,16.7651603589399,1,C,47,3
15.0375885856884,72,5.12442911043763,9.9131594752508,1,I,48,3
32.6567454548578,72,5.20269327331334,27.4540521815445,1,C,49,3
18.4667107793047,26.9526252927241,5.31696222256869,13.149748556736,1,I,50,3
160.04853616046,72,5.38046688772738,66.6195331122726,0,C,51,3
119.174187867205,72,5.61927226837724,66.3807277316228,0,I,52,3
122.491772598984,72,5.65137765370309,66.3486223462969,0,C,53,3
8.69495178130005,72,5.65737002994865,3.03758175135139,1,I,54,3
22.119528750192,65.5626333455992,5.72858431376517,16.3909444364269,1,C,55,3
10.6968691964513,26.6554424416749,5.82774155773222,4.86912763871911,1,I,56,3
44.4793860680688,72,5.93628115486354,38.5431049132053,1,C,57,3
9.57448284723828,72,5.93920270912349,3.63528013811478,1,I,58,3
48.4784050323838,72,6.03290790226311,42.4454971301207,1,C,59,3
91.0070730319372,60.5228809636833,6.14876001141965,54.3741209522637,0,I,60,3
94.3743379864852,72,6.33610944729298,65.663890552707,0,C,61,3
94.4696477223951,72,6.41148626804352,65.5885137319565,0,I,62,3
116.593079218289,72,6.49369908962399,65.506300910376,0,C,63,3
31.5997215417774,50.3732582643594,6.65041343774647,24.9493081040309,1,I,64,3
41.2370531576903,72,6.65808944497258,34.5789637127177,1,C,65,3
174.37928581501,72,6.72453719191253,65.2754628080875,0,I,66,3
50.7269308994441,72,6.73015055246651,43.9967803469776,1,C,67,3
69.6180790781638,72,6.7694688308984,62.8486102472654,1,I,68,3
76.3717499453584,72,6.8881849385798,65.1118150614202,0,C,69,3
14.2814762274251,72,6.99077515862882,7.29070106879632,1,I,70,3
8.20668028922905,67.8358106373629,7.02616281341761,1.18051747581144,1,C,71,3
10.5014522564059,72,7.07718252204359,3.42426973436232,1,I,72,3
16.9266623155832,72,7.15594641398639,9.7707159015968,1,C,73,3
38.5121127091559,72,7.18195041641593,31.33016229274,1,I,74,3
88.6131944251109,72,7.23606540821493,64.7639345917851,0,C,75,3
23.0291900991591,72,7.35175109468401,15.6774390044751,1,I,76,3
11.9717701488989,72,7.40747559349984,4.56429455539904,1,C,77,3
14.3026940015308,20.1730921499288,7.62358578387648,6.67910821765432,1,I,78,3
29.0133717876132,72,7.77380274608731,21.2395690415259,1,C,79,3
12.6573141061514,72,7.81355453655124,4.84375956960016,1,I,80,3
47.7759649123488,72,7.85195822361857,39.9240066887303,1,C,81,3
11.0981729435796,72,7.89028835948557,3.207884584094,1,I,82,3
17.1478393736787,72,7.90876781567931,9.2390715579994,1,C,83,3
23.2799516330708,72,7.93442018330097,15.3455314497698,1,I,84,3
33.6527252612263,72,8.13525994308293,25.5174653181434,1,C,85,3
15.3387856604392,27.5231910133284,8.32543873228133,7.01334692815782,1,I,86,3
83.8729493371714,32.5138885680774,8.34776013158262,24.1661284364947,0,C,87,3
16.8396551096406,72,8.56053009163588,8.27912501800471,1,I,88,3
24.404364396666,72,8.57639826368541,15.8279661329806,1,C,89,3
143.735080636485,72,8.57843169942498,63.421568300575,0,I,90,3
76.4628479970136,72,8.59110583551228,63.4088941644877,0,C,91,3
48.070733332897,72,8.65699142217636,39.4137419107207,1,I,92,3
22.255598983411,72,8.79792126361281,13.4576777197982,1,C,93,3
52.1659558913205,72,8.81566624157131,43.3502896497492,1,I,94,3
184.024045568746,72,8.83903970941901,63.160960290581,0,C,95,3
11.8976613649016,72,9.00653854943812,2.89112281546345,1,I,96,3
64.6962053873757,72,9.06641216017306,55.6297932272026,1,C,97,3
34.8931293056126,72,9.10734058823436,25.7857887173782,1,I,98,3
10.4767221767955,72,9.30968100205064,1.16704117474483,1,C,99,3
12.01704429355,52.5220231404901,9.38710771501064,2.6299365785394,1,I,100,3
37.9541884653331,72,9.44097636267543,28.5132121026577,1,C,101,3
19.0011058955158,28.4724823200382,9.46299665607512,9.53810923944063,1,I,102,3
88.8069335379113,72,9.58404078148305,62.415959218517,0,C,103,3
52.3938336847864,72,9.58759361878037,42.806240066006,1,I,104,3
19.4335067913927,72,9.64872012846172,9.78478666293101,1,C,105,3
21.2470186834894,72,9.66672799084336,11.580290692646,1,I,106,3
42.5501497389424,45.5835549861047,9.70685295760632,32.8432967813361,1,C,107,3
38.7772559186279,15.2037311835986,9.77731169667095,5.4264194869277,0,I,108,3
25.6445648930601,62.8398016176491,9.91893579717726,15.7256290958828,1,C,109,3
132.383333106874,72,10.108426194638,61.891573805362,0,I,110,3
26.8701318023553,72,10.1478827325627,16.7222490697926,1,C,111,3
101.496375849014,54.6433365142989,10.3566537145525,44.2866827997463,0,I,112,3
53.2889590451924,72,10.4067365080118,42.8822225371806,1,C,113,3
44.4671715571647,72,10.4256601911038,34.0415113660609,1,I,114,3
60.4045651805029,72,10.4278907412663,49.9766744392366,1,C,115,3
47.3563864006457,14.0628915661628,10.4359774198383,3.62691414632445,0,I,116,3
31.3365442633439,35.4308480506225,10.4466171422973,20.8899271210466,1,C,117,3
73.44744981102,72,10.5365874012932,61.4634125987068,0,I,118,3
73.6263309171529,27.3134780555958,10.6236356310546,16.6898424245412,0,C,119,3
32.0653545475953,72,10.6536009907722,21.4117535568231,1,I,120,3
34.9072204647321,72,10.6747225485742,24.2324979161579,1,C,121,3
106.13125378623,72,10.7412572158501,61.25874278415,0,I,122,3
64.402808965759,69.1035556699526,10.9404397476465,53.4623692181126,1,C,123,3
110.070048306614,72,11.1225200537592,60.8774799462408,0,I,124,3
47.8384821394245,57.8407049230214,11.3098816433921,36.5286004960323,1,C,125,3
91.9299934031202,72,11.3470218004659,60.6529781995341,0,I,126,3
55.3760873166741,72,11.5361320367083,43.8399552799658,1,C,127,3
89.2269307090533,72,11.655042283237,60.344957716763,0,I,128,3
85.6900918024122,72,11.7962768906727,60.2037231093273,0,C,129,3
67.6253677517327,72,11.7971088923514,55.8282588593813,1,I,130,3
29.3810759965413,72,11.8302596127614,17.5508163837799,1,C,131,3
96.2101618716926,42.9763199564201,11.8473624391481,31.128957517272,0,I,132,3
27.7901351183337,72,11.8846548255533,15.9054802927804,1,C,133,3
43.5113497427016,72,11.9594433763996,31.5519063663021,1,I,134,3
103.527501805761,29.0576869361873,12.0762930717319,16.9813938644554,0,C,135,3
25.1316095783991,72,12.2305743349716,12.9010352434275,1,I,136,3
44.2475623666405,72,12.3376931156963,31.9098692509442,1,C,137,3
15.7075254319645,72,12.4844549736008,3.22307045836372,1,I,138,3
55.8811216300613,43.8992431346086,12.5311397993937,31.3681033352149,0,C,139,3
153.620854248558,72,12.5847896793857,59.4152103206143,0,I,140,3
13.7426147595922,72,12.6588634913787,1.0837512682135,1,C,141,3
18.3507145428755,72,12.7902928506956,5.56042169217992,1,I,142,3
65.0129255687567,72,12.8219691105187,52.190956458238,1,C,143,3
37.098838944136,72,12.9226808343083,24.1761581098277,1,I,144,3
16.4617476570673,72,13.1417379062623,3.32000975080506,1,C,145,3
75.3713852384752,72,13.1870549032465,58.8129450967535,0,I,146,3
113.564369297463,17.9077428674843,13.205041307956,4.70270155952836,0,C,147,3
26.9102230602055,72,13.300349120982,13.6098739392235,1,I,148,3
38.8201507107628,72,13.346278402023,25.4738723087398,1,C,149,3
58.564445075008,36.2209656446776,13.392929029651,22.8280366150266,0,I,150,3
17.8857228508777,72,13.4161306684837,4.46959218239407,1,C,151,3
37.4108180207256,66.8505501466737,13.4549967432395,23.9558212774861,1,I,152,3
53.3557705849105,72,13.472835291177,39.8829352937335,1,C,153,3
61.9612457888222,72,13.4779617609456,48.4832840278766,1,I,154,3
117.213798234177,72,13.6443885834888,58.3556114165112,0,C,155,3
208.366570469958,72,13.8518156530336,58.1481843469665,0,I,156,3
48.3500552542336,72,13.8832666072994,34.4667886469342,1,C,157,3
27.314551713751,34.5560697320202,13.9651836734265,13.3493680403245,1,I,158,3
52.9954759268165,60.0320491036129,14.0459343418479,38.9495415849686,1,C,159,3
88.0142506364017,61.2305480580222,14.0484214760363,47.1821265819859,0,I,160,3
47.1066080830331,72,14.0732383914292,33.033369691604,1,C,161,3
76.7415398091244,42.3355728593655,14.1130934888497,28.2224793705158,0,I,162,3
25.9564360474784,72,14.4623590121046,11.4940770353738,1,C,163,3
39.0499470072842,72,14.633378405124,24.4165686021603,1,I,164,3
31.3961942853995,40.0046500542842,14.6824779175222,16.7137163678773,1,C,165,3
66.0568411857859,72,14.7442549606785,51.3125862251074,1,I,166,3
21.2402112533256,23.8422943724139,14.8770356923342,6.36317556099146,1,C,167,3
15.3980028490153,72,15.1138762850314,0.284126563983844,1,I,168,3
60.3028631236289,72,15.1228202087805,45.1800429148485,1,C,169,3
52.4919972970421,57.3490729447482,15.3325315285474,37.1594657684947,1,I,170,3
31.640750498133,72,15.4584445478395,16.1823059502936,1,C,171,3
20.7825026793997,72,15.6211905693635,5.16131211003616,1,I,172,3
234.122700802967,72,15.7593835238367,56.2406164761633,0,C,173,3
57.8169393284822,72,16.1153407534584,41.7015985750237,1,I,174,3
37.1613460183908,38.494929677084,16.209692498669,20.9516535197218,1,C,175,3
38.0907923615632,72,16.2175795342773,21.8732128272859,1,I,176,3
35.205702357578,72,16.4012916292995,18.8044107282785,1,C,177,3
46.3004054621517,72,16.5792631404474,29.7211423217042,1,I,178,3
71.1187158522964,72,16.6849494539201,54.4337663983763,1,C,179,3
75.2969956849165,72,16.8555626319721,55.1444373680279,0,I,180,3
29.9798529742049,72,17.012246302329,12.9676066718759,1,C,181,3
22.8518244953811,72,17.0340103469789,5.81781414840216,1,I,182,3
17.912228335751,68.639602170119,17.1708841435611,0.741344192189882,1,C,183,3
39.8096151916213,72,17.1859210124239,22.6236941791974,1,I,184,3
129.889983284746,72,17.3378615453839,54.6621384546161,0,C,185,3
78.9643400456116,72,17.5052029173821,54.4947970826179,0,I,186,3
48.3553686866179,72,17.5773396575823,30.7780290290356,1,C,187,3
23.8656610476909,72,17.6688326569274,6.19682839076345,1,I,188,3
51.2800934649166,35.3277062158014,17.7789362473413,17.54876996846,0,C,189,3
40.371985334316,30.5242472088487,17.8300307644531,12.6942164443955,0,I,190,3
154.633534359203,72,17.8977294126526,54.1022705873475,0,C,191,3
71.9184665165095,72,17.9708401439711,53.9476263725383,1,I,192,3
92.4575615257415,72,17.9828039836138,54.0171960163862,0,C,193,3
55.6613303327936,72,18.0851830495521,37.5761472832414,1,I,194,3
59.6207809249054,27.8931258456731,18.2430639630184,9.6500618826547,0,C,195,3
39.8843290513946,72,18.2885024137795,21.5958266376151,1,I,196,3
262.868237242554,72,18.343659681268,53.656340318732,0,C,197,3
34.0939349581911,54.1154432549598,18.4097798913717,15.6841550668194,1,I,198,3
39.403470354556,72,18.4191981470212,20.9842722075348,1,C,199,3
35.4741698746453,72,18.4922109497711,16.9819589248742,1,I,200,3
51.5230175378861,55.7813161474615,18.5000907629728,33.0229267749133,1,C,201,3
18.7643241170129,72,18.5677991621196,0.196524954893231,1,I,202,3
79.3733278745949,51.0000236695049,18.7347166612744,32.2653070082305,0,C,203,3
39.1648906396297,72,18.8271772395819,20.3377134000477,1,I,204,3
78.7497207692773,72,18.8617576193064,53.1382423806936,0,C,205,3
23.5337545430012,72,19.1202327422798,4.41352180072144,1,I,206,3
33.4846129778746,38.3664060009896,19.1266001528129,14.3580128250617,1,C,207,3
70.0131747896816,72,19.2250610282645,50.7881137614171,1,I,208,3
37.0056828600723,72,19.2264811322093,17.779201727863,1,C,209,3
51.2296133036236,26.9887758516139,19.2477013589814,7.74107449263249,0,I,210,3
54.8385453576493,72,19.2995709506795,35.5389744069698,1,C,211,3
37.2702443253372,72,19.3994528101757,17.8707915151614,1,I,212,3
60.8389509854356,51.9293017752544,19.7017659293488,32.2275358459056,0,C,213,3
89.2082428379704,72,19.7328271670267,52.2671728329733,0,I,214,3
154.416223999731,72,19.9876065272838,52.0123934727162,0,C,215,3
178.034842670989,72,20.2913930732757,51.7086069267243,0,I,216,3
90.3251778089831,72,20.3127372823656,51.6872627176344,0,C,217,3
43.9190914341277,72,20.797098018229,23.1219934158987,1,I,218,3
141.08310423639,72,20.9233120176941,51.0766879823059,0,C,219,3
62.2680527804836,72,21.208010148257,41.0600426322266,1,I,220,3
70.7552968787352,72,21.2136748339981,49.5416220447371,1,C,221,3
84.7406406099882,72,21.293477746658,50.706522253342,0,I,222,3
68.7462669538265,72,21.3915594667196,47.3547074871069,1,C,223,3
143.458636196505,72,21.41830871813,50.58169128187,0,I,224,3
32.9537583982658,72,21.5736256632954,11.3801327349704,1,C,225,3
58.7322235350604,72,21.5889150090516,37.1433085260088,1,I,226,3
40.6138710972593,33.2165163260384,21.675125984475,11.5413903415634,0,C,227,3
179.955401612041,72,21.9991295132786,50.0008704867214,0,I,228,3
49.4198628986137,72,22.0801926311106,27.3396702675031,1,C,229,3
196.225229561175,72,22.1797038428485,49.8202961571515,0,I,230,3
30.8116675189889,39.1140978267377,22.2272060997784,8.58446141921053,1,C,231,3
42.6419326258595,72,22.4598683975637,20.1820642282958,1,I,232,3
27.4920245269036,72,22.6484192814678,4.84360524543582,1,C,233,3
27.8593623170044,72,22.6767224259675,5.18263989103691,1,I,234,3
121.768024447125,72,22.6960556209087,49.3039443790913,0,C,235,3
41.3799827988699,72,22.7140850247815,18.6658977740883,1,I,236,3
48.947033844392,72,22.7378125442192,26.2092213001728,1,C,237,3
37.6196395820814,72,22.8669007122517,14.7527388698297,1,I,238,3
45.3036182755989,72,23.03390360903,22.269714666569,1,C,239,3
48.6873048394688,28.1071010177743,23.0419611744583,5.06513984331599,0,I,240,3
29.0418891552226,72,23.1284931208938,5.9133960343288,1,C,241,3
97.0303242303238,58.5687508391091,23.2672682963312,35.3014825427779,0,I,242,3
40.0811896374845,72,23.2922857208177,16.7889039166668,1,C,243,3
25.9597602616154,72,23.3515821537003,2.60817810791507,1,I,244,3
46.4353753210473,72,23.3777771377936,23.0575981832537,1,C,245,3
65.011283949999,72,23.5145407682285,41.4967431817705,1,I,246,3
25.8522355081506,72,23.5403657052666,2.31186980288398,1,C,247,3
26.2487329766665,50.6221682680451,23.5792707139626,2.6694622627039,1,I,248,3
27.2784747095169,72,23.6111332895234,3.66734141999344,1,C,249,3
45.6934513325226,72,23.9158607460558,21.7775905864667,1,I,250,3
81.9961864890892,72,24.0446348581463,47.9553651418537,0,C,251,3
45.2291163916167,72,24.1225229110569,21.1065934805598,1,I,252,3
24.2795055032045,72,24.1563202254474,0.123185277757079,1,C,253,3
32.6531807120471,72,24.163284022361,8.48989668968607,1,I,254,3
83.0201239097384,72,24.1649917233735,47.8350082766265,0,C,255,3
51.1298048428459,72,24.5415933569893,26.5882114858566,1,I,256,3
66.1865951648017,72,24.5616807695478,41.6249143952539,1,C,257,3
73.7889981887772,72,24.9847214855254,47.0152785144746,0,I,258,3
258.646764241104,56.1609170004723,24.9927332159132,31.1681837845591,0,C,259,3
45.9036614704713,72,25.0820380775258,20.8216233929455,1,I,260,3
39.2124745778294,72,25.1097913412377,14.1026832365917,1,C,261,3
82.9480811033435,72,25.1621185708791,46.8378814291209,0,I,262,3
78.6465496471427,72,25.370787656866,46.629212343134,0,C,263,3
63.4328066013726,50.9911074832681,25.5203065183014,25.4708009649667,0,I,264,3
25.7442350939634,40.3521847420009,25.5394741287455,0.204760965217925,1,C,265,3
287.973696534415,72,25.6349237496033,46.3650762503967,0,I,266,3
43.4475603065805,43.2772283253066,25.6562971975654,17.6209311277412,0,C,267,3
67.9411640534571,72,25.7773148221895,42.1638492312676,1,I,268,3
70.3587457519635,72,25.8293584361672,44.5293873157963,1,C,269,3
65.4455239839141,72,25.9744337573648,39.4710902265494,1,I,270,3
45.5694064277218,72,26.0262745013461,19.5431319263758,1,C,271,3
29.6332238437239,47.6061698148042,26.0304580070078,3.6027658367161,1,I,272,3
131.593837640035,60.8883216567374,26.1886007711291,34.6997208856082,0,C,273,3
85.6400778460304,43.9671071906611,26.2748036440462,17.6923035466149,0,I,274,3
27.9485821977878,72,26.3075773464516,1.64100485133617,1,C,275,3
66.2454341173314,72,26.3430252112448,39.9024089060865,1,I,276,3
72.5563988822522,63.5063656261189,26.5640799561515,36.9422856699673,0,C,277,3
65.4570869301369,56.573937261395,26.6372090298682,29.9367282315267,0,I,278,3
59.4068479798306,72,26.6861691232771,32.7206788565535,1,C,279,3
30.4739769435502,72,26.7186473077163,3.7553296358339,1,I,280,3
60.1981753107671,52.4096799872299,26.7242563795298,25.6854236077001,0,C,281,3
53.5936478933632,47.0720957231028,26.8900563195348,20.182039403568,0,I,282,3
99.4141785356994,72,27.1067448612303,44.8932551387698,0,C,283,3
153.543406465401,72,27.1717503340915,44.8282496659085,0,I,284,3
60.7546745846969,72,27.28346969001,33.4712048946869,1,C,285,3
44.173705162815,72,27.3931474098936,16.7805577529214,1,I,286,3
32.5378769899223,72,27.6356475194916,4.90222947043068,1,C,287,3
80.7445026495233,69.6289289149388,27.7878564409912,41.8410724739476,0,I,288,3
31.6126948980988,72,28.1071574985981,3.50553739950067,1,C,289,3
174.096981592059,72,28.2054055854678,43.7945944145322,0,I,290,3
119.811983100991,72,28.4815822681412,43.5184177318588,0,C,291,3
65.0857746978497,72,28.6402768129483,36.4454978849014,1,I,292,3
181.367970276582,72,28.8464838545769,43.1535161454231,0,C,293,3
51.2004317148734,72,29.034375725314,22.1660559895593,1,I,294,3
69.974001990096,72,29.0483285766095,40.9256734134865,1,C,295,3
87.0332348079795,72,29.1799668688327,42.8200331311673,0,I,296,3
40.1508483820106,72,29.2389446916059,10.9119036904048,1,C,297,3
54.621017666896,72,29.2987296357751,25.3222880311209,1,I,298,3
56.6005790381828,72,29.4379479624331,27.1626310757497,1,C,299,3
90.0802622874415,72,29.5090100588277,42.4909899411723,0,I,300,3
110.012924658942,72,29.606142193079,42.393857806921,0,C,301,3
118.575541507573,72,29.6459105378017,42.3540894621983,0,I,302,3
63.4706705618334,72,29.7779289493337,33.6927416124997,1,C,303,3
52.1528499149832,72,29.8980853753164,22.2547645396668,1,I,304,3
49.186798741263,72,29.981258274056,19.205540467207,1,C,305,3
56.1679225027022,70.8173994325901,30.2899802522734,25.8779422504288,1,I,306,3
37.6785944717731,72,30.3832914400846,7.29530303168853,1,C,307,3
137.611668456322,72,30.3903621202335,41.6096378797665,0,I,308,3
47.0760668676678,71.261188795109,30.4294262034819,16.6466406641859,1,C,309,3
43.3859842198745,72,30.4968669405207,12.8891172793538,1,I,310,3
33.0357828311365,65.0597870633613,30.5889587430283,2.44682408810811,1,C,311,3
108.199815167418,72,30.7101740688086,41.2898259311914,0,I,312,3
49.2491530835148,72,30.8031975757331,18.4459555077817,1,C,313,3
31.0381722677276,72,30.9586117789149,0.0795604888127051,1,I,314,3
53.6557541504702,72,31.0046381363645,22.6511160141057,1,C,315,3
40.8658419036521,72,31.0281278053299,9.83771409832222,1,I,316,3
94.5882030003489,72,31.2447676481679,40.7552323518321,0,C,317,3
45.7778507303777,72,31.3001686893404,14.4776820410373,1,I,318,3
36.9018182319663,69.512921416089,31.3062687311322,5.5955495008341,1,C,319,3
44.2588698438573,40.3357406051611,31.3819725438952,8.95376806126581,0,I,320,3
38.5933744901177,72,31.401096121408,7.19227836870968,1,C,321,3
73.8638320061871,72,31.508169779554,40.491830220446,0,I,322,3
36.3099140346241,72,31.5944137237966,4.71550031082747,1,C,323,3
106.621719109106,58.721603444432,31.825901241973,26.8957022024589,0,I,324,3
99.4698393712269,72,32.1973414393142,39.8026585606858,0,C,325,3
46.5149983844619,72,32.5116235669702,14.0033748174916,1,I,326,3
59.4668119620979,35.1264472287018,32.5563380168751,2.57010921182672,0,C,327,3
44.2586485093436,72,32.6512784091756,11.607370100168,1,I,328,3
42.563063854023,72,32.6822820771486,9.88078177687444,1,C,329,3
40.5435572531233,72,32.7381209470332,7.80543630609016,1,I,330,3
61.9822177008486,72,32.7616974944249,29.2205202064237,1,C,331,3
52.1829264691964,72,32.8195190615952,19.3634074076012,1,I,332,3
74.9086961557286,72,32.8572437586263,39.1427562413737,0,C,333,3
60.0388053988978,72,32.8898390522227,27.1489663466751,1,I,334,3
37.1920604808397,72,32.9277804214507,4.26428005938896,1,C,335,3
34.0016381684396,72,33.0678394529969,0.933798715442725,1,I,336,3
144.945965510475,72,33.279295549728,38.720704450272,0,C,337,3
44.6752436799307,72,33.3485615579411,11.3266821219896,1,I,338,3
120.680010706551,72,33.399765654467,38.600234345533,0,C,339,3
36.9839820388093,72,33.5127723170444,3.47120972176483,1,I,340,3
294.029162829314,72,33.5763953346759,38.4236046653241,0,C,341,3
36.8954875152698,72,33.5950975120068,3.30039000326301,1,I,342,3
58.0272788754981,37.8957928979457,33.7592169363052,4.1365759616405,0,C,343,3
66.3454848529753,62.5181630111136,33.8645379943773,28.6536250167363,0,I,344,3
72.5796232133464,72,33.9741028519347,38.0258971480653,0,C,345,3
68.5076257383138,72,34.0343429055065,34.4732828328073,1,I,346,3
57.2835181613798,51.7670395773161,34.1724841017276,17.5945554755885,0,C,347,3
45.7177277672722,72,34.3029442895204,11.4147834777519,1,I,348,3
125.20868103412,37.2484913892824,34.3371334578842,2.91135793139816,0,C,349,3
125.555696962477,55.1308749372826,34.4005129253492,20.7303620119335,0,I,350,3
51.7251895830372,43.4524211245787,34.7652536211535,8.68716750342517,0,C,351,3
45.5666595922558,72,34.7686504432932,10.7980091489626,1,I,352,3
109.893068140133,72,34.8275258671492,37.1724741328508,0,C,353,3
96.4569150487585,72,34.8826509201899,37.1173490798101,0,I,354,3
39.0331222874613,44.1332127651614,34.900187831372,4.13293445608929,1,C,355,3
66.9802801175625,72,34.9306124215946,32.0496676959679,1,I,356,3
41.4577652732639,72,35.1908445591107,6.26692071415319,1,C,357,3
36.5816572882526,72,35.2197429584339,1.36191432981864,1,I,358,3
55.3012911008932,72,35.2623579651117,20.0389331357815,1,C,359,3
51.0168437224026,72,35.3850715979934,15.6317721244093,1,I,360,3
59.7569010681035,39.6080987685797,35.4692457709461,4.13885299763354,0,C,361,3
37.7908628231133,72,35.4745145514607,2.31634827165257,1,I,362,3
40.7835681682903,72,35.4861903609708,5.29737780731951,1,C,363,3
145.622801645767,72,35.5520337028429,36.4479662971571,0,I,364,3
82.5834188097692,72,35.6671984819695,36.3328015180305,0,C,365,3
87.3729953225685,48.2967084851781,35.7465859875083,12.5501224976698,0,I,366,3
106.497758026159,72,35.8979621669278,36.1020378330722,0,C,367,3
100.351335947595,72,35.9711381234229,36.0288618765771,0,I,368,3
103.653321704712,72,36.0023094713688,35.9976905286312,0,C,369,3
85.9144144181226,72,36.081890151836,35.918109848164,0,I,370,3
64.8083512784877,72,36.0945227835327,28.7138284949549,1,C,371,3
54.7395701018463,72,36.1773291695863,18.56224093226,1,I,372,3
60.0289624890676,43.7549335627314,36.1863284697756,7.56860509295574,0,C,373,3
38.0200448174737,72,36.3050083257258,1.71503649174787,1,I,374,3
73.8888605145698,72,36.3381886202842,35.6618113797158,0,C,375,3
126.045686089025,72,36.3989373994991,35.6010626005009,0,I,376,3
73.1036891038672,72,36.6632911842316,35.3367088157684,0,C,377,3
111.915234548104,72,36.9502937793732,35.0497062206268,0,I,378,3
72.751649244385,72,37.0407480653375,34.9592519346625,0,C,379,3
182.590827597258,72,37.0495212357491,34.9504787642509,0,I,380,3
49.0651949390067,72,37.1070342790335,11.9581606599731,1,C,381,3
49.7401449693327,72,37.1385200601071,12.6016249092256,1,I,382,3
110.023382454403,72,37.1460638428107,34.8539361571893,0,C,383,3
74.2645022442684,72,37.1519726794213,34.8480273205787,0,I,384,3
61.2122831202378,72,37.2929206537083,23.9193624665295,1,C,385,3
91.1057179172666,72,37.3747506458312,34.6252493541688,0,I,386,3
59.1696284836707,72,37.407306348905,21.7623221347657,1,C,387,3
42.4080974246535,72,37.4728113273159,4.93528609733761,1,I,388,3
76.9689139487435,72,37.5356694823131,34.4643305176869,0,C,389,3
88.3297154341017,72,37.6140773948282,34.3859226051718,0,I,390,3
120.999909610491,72,37.6218823296949,34.3781176703051,0,C,391,3
40.3926562757001,72,37.6844148756936,2.70824140000644,1,I,392,3
83.0378713067733,72,37.7207619650289,34.2792380349711,0,C,393,3
39.8154297116026,72,37.748056682758,2.06737302884459,1,I,394,3
70.4319211366988,72,37.7780084777623,32.6539126589364,1,C,395,3
91.7115633557221,72,37.8586352616549,34.1413647383452,0,I,396,3
142.579906813435,72,37.9769746866077,34.0230253133923,0,C,397,3
38.4930236369466,72,37.9831019137055,0.509921723241128,1,I,398,3
109.523898645136,72,38.0317310895771,33.9682689104229,0,C,399,3
144.924911946994,72,38.1705387867987,33.8294612132013,0,I,400,3
131.206910011336,72,38.2204967038706,33.7795032961294,0,C,401,3
65.0263819324917,72,38.2779575558379,26.7484243766538,1,I,402,3
75.6653009074987,72,38.2794953556731,33.7205046443269,0,C,403,3
52.7605403479143,72,38.3449797984213,14.415560549493,1,I,404,3
58.7244684856981,72,38.4201578143984,20.3043106712997,1,C,405,3
76.2918640402935,72,38.6855527991429,33.3144472008571,0,I,406,3
40.3679884513879,72,38.8122916454449,1.55569680594297,1,C,407,3
120.976934013213,72,38.8377541350201,33.1622458649799,0,I,408,3
164.951816525635,72,38.9216418145224,33.0783581854776,0,C,409,3
39.5365248911933,72,38.9238279126585,0.612696978534848,1,I,410,3
65.4530198798449,72,38.9295540098101,26.5234658700348,1,C,411,3
170.548617435667,72,38.9598375605419,33.0401624394581,0,I,412,3
64.0396862818468,71.7458817254293,38.9620725531131,25.0776137287337,1,C,413,3
88.0887492678103,72,39.0824787179008,32.9175212820992,0,I,414,3
58.740898864084,72,39.3582882871851,19.3826105768989,1,C,415,3
134.531716287871,72,39.4157176371664,32.5842823628336,0,I,416,3
47.6130469769971,72,39.427390624769,8.18565635222808,1,C,417,3
123.843133043697,72,39.5010663522407,32.4989336477593,0,I,418,3
122.318349323805,56.4655440967559,39.6444635745138,16.8210805222421,0,C,419,3
49.7168521190025,72,39.6826345799491,10.0342175390534,1,I,420,3
82.4382198353543,72,39.6901214495301,32.3098785504699,0,C,421,3
70.2430619153198,72,39.9695193395019,30.2735425758179,1,I,422,3
105.53524957424,61.8072142478125,40.0726859550923,21.7345282927202,0,C,423,3
58.1437338363173,72,40.2907975483686,17.8529362879487,1,I,424,3
93.9852868760974,72,40.4988992633298,31.5011007366702,0,C,425,3
57.5535071063396,72,40.8586086658761,16.6948984404635,1,I,426,3
66.5790857442369,72,40.9090240113437,25.6700617328931,1,C,427,3
49.2708530752156,72,41.2617182079703,8.00913486724535,1,I,428,3
78.2148299611917,72,41.275786603801,30.7242133961991,0,C,429,3
54.7512291697634,72,41.3776216283441,13.3736075414194,1,I,430,3
78.8361863567305,72,41.4468586631119,30.5531413368881,0,C,431,3
67.1306198417157,72,41.4503147592768,25.6803050824389,1,I,432,3
95.8694589250268,72,41.4530655322596,30.5469344677404,0,C,433,3
115.073819763882,72,41.6184108238667,30.3815891761333,0,I,434,3
42.8089129401661,72,41.7905674176291,1.01834552253706,1,C,435,3
47.1711444267925,72,41.7971611116082,5.37398331518432,1,I,436,3
69.0792565418377,70.8993202196543,42.0906158303842,26.9886407114535,1,C,437,3
48.9001518892122,65.1617149810549,42.1504960907623,6.74965579844982,1,I,438,3
43.387973335912,72,42.3300623428077,1.0579109931043,1,C,439,3
138.40148369008,72,42.6003175741062,29.3996824258938,0,I,440,3
59.9185457589758,72,43.1372315296903,16.7813142292854,1,C,441,3
71.3916074883949,72,43.2546168984845,28.1369905899104,1,I,442,3
54.1203204361776,72,43.4494036668912,10.6709167692865,1,C,443,3
89.5669627905539,72,43.4938200004399,28.5061799995601,0,I,444,3
194.14935748554,72,43.605377166532,28.394622833468,0,C,445,3
50.2271508925082,72,43.6469771666452,6.58017372586292,1,I,446,3
100.791264411172,72,43.7819894263521,28.2180105736479,0,C,447,3
70.3599904729977,54.6696023559953,43.9178869407624,10.7517154152329,0,I,448,3
82.2409220739389,72,44.1011497518048,27.8988502481952,0,C,449,3
86.7662590383206,72,44.3127879314125,27.6872120685875,0,I,450,3
63.3973909026356,72,44.3130554258823,19.0843354767533,1,C,451,3
75.7647835096418,72,44.5171798439696,27.4828201560304,0,I,452,3
47.1958758982111,72,44.6387662505731,2.55710964763798,1,C,453,3
49.6478484270477,72,44.7509619640186,4.89688646302902,1,I,454,3
76.4399927857155,72,44.9110894650221,27.0889105349779,0,C,455,3
54.6955290906868,72,45.0473706889898,9.64815840169707,1,I,456,3
48.6197298605854,72,45.2475187322125,3.37221112837287,1,C,457,3
60.6752026358385,72,45.5927434656769,15.0824591701615,1,I,458,3
65.4437809463601,72,45.6527385860682,19.791042360292,1,C,459,3
79.6546724422247,72,45.8144603809342,26.1855396190658,0,I,460,3
66.2421715850793,72,45.8592625614256,20.3829090236537,1,C,461,3
88.8490415301844,72,45.96985692624,26.03014307376,0,I,462,3
82.135176626794,72,46.0994915664196,25.9005084335804,0,C,463,3
79.9864665009874,72,46.1278476146981,25.8721523853019,0,I,464,3
108.394309165785,72,46.2259213021025,25.7740786978975,0,C,465,3
52.8814852829819,72,46.3476157793775,6.53386950360435,1,I,466,3
180.831783923322,72,46.7172687593848,25.2827312406153,0,C,467,3
132.585489045476,72,46.7703715665266,25.2296284334734,0,I,468,3
83.8839544514846,72,46.8892390932888,25.1107609067112,0,C,469,3
119.356071209234,72,47.0630315691233,24.9369684308767,0,I,470,3
48.6787501492309,72,47.1057470608503,1.57300308838066,1,C,471,3
72.3101822109581,72,47.1083289245144,24.8916710754857,0,I,472,3
86.8638567556873,72,47.1283156145364,24.8716843854636,0,C,473,3
55.5229919394769,72,47.3804105306044,8.14258140887245,1,I,474,3
63.6563843112909,72,47.4861226743087,16.1702616369822,1,C,475,3
50.5994050450491,72,47.5039420556277,3.09546298942137,1,I,476,3
66.1478094831918,72,47.6134323282167,18.534377154975,1,C,477,3
96.777716477765,54.6293553848922,47.7644780371338,6.86487734775839,0,I,478,3
71.7257567278991,72,47.8223418071866,23.9034149207125,1,C,479,3
74.6362444947356,72,47.9625158803538,24.0374841196463,0,I,480,3
52.9860676414039,72,47.9945970559493,4.99147058545466,1,C,481,3
63.405908393124,72,48.0010986607522,15.4048097323719,1,I,482,3
59.1700837122161,72,48.0218773987144,11.1482063135017,1,C,483,3
61.8073464983245,72,48.1667552283034,13.6405912700212,1,I,484,3
53.3375327883832,72,48.3337217895314,5.00381099885177,1,C,485,3
132.921604076256,72,48.5387154808268,23.4612845191732,0,I,486,3
113.257367625807,72,48.6149866227061,23.3850133772939,0,C,487,3
65.8394219593562,72,48.6379992635921,17.2014226957641,1,I,488,3
141.121338615015,72,48.6712832003832,23.3287167996168,0,C,489,3
51.0046241632993,72,48.8800768693909,2.12454729390836,1,I,490,3
53.8759370529177,72,48.9075148198754,4.96842223304238,1,C,491,3
107.505102589335,72,49.0003438247368,22.9996561752632,0,I,492,3
154.436282273018,72,49.2425697343424,22.7574302656576,0,C,493,3
81.5728754791848,72,49.2605015728623,22.7394984271377,0,I,494,3
99.198846102368,72,49.2734944727272,22.7265055272728,0,C,495,3
56.4756780373212,72,49.3461905093864,7.12948752793485,1,I,496,3
119.124053118614,72,49.4359312159941,22.5640687840059,0,C,497,3
85.2979597035872,72,49.4381981296465,22.5618018703535,0,I,498,3
53.9231964459391,72,49.4405849184841,4.48261152745496,1,C,499,3
119.677918014334,72,49.452887638472,22.547112361528,0,I,500,3
59.6253949926686,72,49.5659286109731,10.0594663816956,1,C,501,3
52.830957573009,72,49.8297605803236,3.00119699268531,1,I,502,3
97.6230287934795,72,49.8449922166765,22.1550077833235,0,C,503,3
175.478541973488,72,49.8776375921443,22.1223624078557,0,I,504,3
103.049518277971,72,49.9867487372831,22.013251262717,0,C,505,3
132.120210773496,72,50.1729076355696,21.8270923644304,0,I,506,3
79.1954440528713,72,50.2662976831198,21.7337023168802,0,C,507,3
248.283111646051,72,50.3088030824438,21.6911969175562,0,I,508,3
74.4477215051724,72,50.5742173176259,21.4257826823741,0,C,509,3
50.6832245960048,72,50.5938981240615,0.0893264719432809,1,I,510,3
98.4934105395707,72,50.7160456571728,21.2839543428272,0,C,511,3
83.0125548285375,72,50.7192785153166,21.2807214846835,0,I,512,3
54.4762763609324,72,50.9098637290299,3.56641263190249,1,C,513,3
89.2471690262404,72,51.027185744606,20.972814255394,0,I,514,3
94.4610835676022,72,51.2088231509551,20.7911768490449,0,C,515,3
78.0648840529033,72,51.2758955033496,20.7241044966504,0,I,516,3
105.603937928353,72,51.61311943084,20.38688056916,0,C,517,3
65.3459470566709,72,51.6427936870605,13.7031533696104,1,I,518,3
93.1636502735252,72,51.8498755339533,20.1501244660467,0,C,519,3
121.650976523961,72,51.8989521078765,20.1010478921235,0,I,520,3
67.3348029264381,65.696123719051,51.9241181574762,13.7720055615748,0,C,521,3
237.020486970745,72,51.9866092968732,20.0133907031268,0,I,522,3
69.3757856424011,72,52.0960752479732,17.2797103944278,1,C,523,3
140.666096103605,72,52.1779403602704,19.8220596397296,0,I,524,3
56.5877026683947,72,52.2932996414602,4.29440302693448,1,C,525,3
70.5789832664205,72,52.3447948694229,18.2341883969976,1,I,526,3
77.7278766857006,72,52.4062341218814,19.5937658781186,0,C,527,3
151.851044037757,72,52.4682696210221,19.531730378978,0,I,528,3
109.798442628543,72,52.5240041222423,19.4759958777577,0,C,529,3
72.8640440163298,55.6607849851331,52.5971079804003,3.06367700473272,0,I,530,3
117.430383380165,72,52.7483454812318,19.2516545187682,0,C,531,3
71.974726936831,72,52.7689273143187,19.2057996225123,1,I,532,3
72.0739881286091,72,53.0593673978001,18.9406326021999,0,C,533,3
59.5276758860804,72,53.1872499687597,6.34042591732064,1,I,534,3
63.5312859826111,72,53.2030237605795,10.3282622220316,1,C,535,3
89.2210828031348,72,53.2996637793258,18.7003362206742,0,I,536,3
54.3785154909013,72,53.4731515310705,0.905363959830859,1,C,537,3
65.9418667103479,72,53.4861254319549,12.455741278393,1,I,538,3
193.090727745117,72,53.5547645576298,18.4452354423702,0,C,539,3
109.53900688239,72,53.5962075646967,18.4037924353033,0,I,540,3
55.6623999099474,72,53.6164021259174,2.04599778403007,1,C,541,3
133.022383267832,72,53.6335900286213,18.3664099713787,0,I,542,3
77.6368959285384,72,53.8288782443851,18.1711217556149,0,C,543,3
110.102589348849,72,54.0237391646951,17.9762608353049,0,I,544,3
167.494606896019,72,54.04197528027,17.95802471973,0,C,545,3
70.1157659839988,72,54.2373151844367,15.8784507995621,1,I,546,3
56.2790142397296,72,54.3990594148636,1.87995482486602,1,C,547,3
67.3135305571318,72,54.4361529825255,12.8773775746063,1,I,548,3
60.847540659938,72,54.6090321103111,6.23850854962686,1,C,549,3
84.5649145700647,72,54.6124720713124,17.3875279286876,0,I,550,3
64.0112869950973,72,54.8295327695087,9.18175422558859,1,C,551,3
60.2887510802437,72,54.8590233922005,5.42972768804319,1,I,552,3
112.012131493503,72,54.9471287475899,17.0528712524101,0,C,553,3
153.361611440236,72,55.0593107426539,16.9406892573461,0,I,554,3
64.0398218773339,72,55.1339865429327,8.90583533440122,1,C,555,3
154.3237058726,72,55.3181771468371,16.6818228531629,0,I,556,3
65.2853043797374,72,55.3616875503212,9.92361682941621,1,C,557,3
84.1905879649235,72,55.3675399767235,16.6324600232765,0,I,558,3
66.9162806647053,72,55.388369075954,11.5279115887513,1,C,559,3
65.1532860971765,72,55.4511201800779,9.70216591709866,1,I,560,3
101.431875952815,72,55.4646535310894,16.5353464689106,0,C,561,3
73.1034760148914,72,55.5044417269528,16.4955582730472,0,I,562,3
74.4928937935631,72,55.5294354306534,16.4705645693466,0,C,563,3
132.902991643314,72,55.6128889136016,16.3871110863984,0,I,564,3
98.227394410407,72,55.6899386364967,16.3100613635033,0,C,565,3
111.250918853429,72,56.0968791414052,15.9031208585948,0,I,566,3
136.077883419318,72,56.1055822251365,15.8944177748635,0,C,567,3
62.8220264147757,72,56.1609491659328,6.66107724884285,1,I,568,3
78.2894595075559,72,56.2316665425897,15.7683334574103,0,C,569,3
85.5419320790897,72,56.3425109675154,15.6574890324846,0,I,570,3
71.3464119986768,72,56.5991731127724,14.7472388859044,1,C,571,3
83.0551905526176,72,56.6168073797599,15.3831926202402,0,I,572,3
58.0526770187731,72,56.677944897674,1.37473212109902,1,C,573,3
58.461119650697,72,56.8493828410283,1.61173680966867,1,I,574,3
91.2211078207567,72,56.8954244395718,15.1045755604282,0,C,575,3
66.7740396047557,72,56.899254382588,9.87478522216775,1,I,576,3
73.0706100949235,72,57.0286394935101,14.9713605064899,0,C,577,3
103.467847097159,72,57.0453503262252,14.9546496737748,0,I,578,3
62.6571884375028,72,57.1660073893145,5.49118104818832,1,C,579,3
140.375473990093,72,57.2363917389885,14.7636082610115,0,I,580,3
67.4510536220473,72,57.262355312705,10.1886983093423,1,C,581,3
86.6631259120461,72,57.2808446316049,14.7191553683952,0,I,582,3
69.5660354626893,67.9611807829277,57.3344845091924,10.6266962737353,0,C,583,3
81.7567860409406,72,57.4611277878285,14.5388722121716,0,I,584,3
74.4647775287051,72,57.4733689846471,14.5266310153529,0,C,585,3
125.526644864768,72,57.516302363947,14.483697636053,0,I,586,3
59.6533031095933,72,57.5883469730616,2.06495613653173,1,C,587,3
84.7974818967531,72,57.6001538895071,14.3998461104929,0,I,588,3
65.4010622681393,72,58.0974421883002,7.30362007983907,1,C,589,3
128.166061632813,72,58.2660274207592,13.7339725792408,0,I,590,3
144.717196595251,72,58.3147272979841,13.6852727020159,0,C,591,3
110.709148738833,72,58.3263451326639,13.6736548673362,0,I,592,3
127.443314213187,72,58.3289235737175,13.6710764262825,0,C,593,3
67.8131531294039,72,58.5425519524142,9.27060117698966,1,I,594,3
59.4723473136965,72,58.8835112191737,0.588836094522857,1,C,595,3
69.4569771515286,72,58.9471187442541,10.5098584072745,1,I,596,3
60.0889912726614,72,59.0311686974019,1.05782257525952,1,C,597,3
86.1834223655536,72,59.0523815201595,12.9476184798405,0,I,598,3
60.4146214806444,72,59.0685481438413,1.34607333680303,1,C,599,3
194.629464013998,72,59.1154598537833,12.8845401462168,0,I,600,3
59.9740408434935,72,59.1472217487171,0.826819094776407,1,C,601,3
64.9958527931347,69.2879953065267,59.2382266698405,5.75762612329416,1,I,602,3
106.559640732714,72,59.2416986078024,12.7583013921976,0,C,603,3
143.744255858961,72,59.5495569566265,12.4504430433735,0,I,604,3
148.607054688588,72,59.5810865890235,12.4189134109765,0,C,605,3
76.986489908271,72,59.6244933083654,12.3755066916347,0,I,606,3
6.37733065336561,40.034593765052,0.0155487935990095,6.3617818597666,1,I,1,4
84.2556918382155,19.5894597140526,0.0201767776161432,19.5692829364364,0,C,2,4
7.25268662350469,4.0103652549722,0.0325449323281646,3.97782032264404,0,I,3,4
0.759015663545941,15.3681083356367,0.101215909235179,0.657799754310762,1,C,4,4
113.023140260324,59.8149194264681,0.161713231354952,59.6532061951131,0,I,5,4
42.0994088185533,20.8754762727264,0.360131599009037,20.5153446737173,0,C,6,4
27.1339394929077,72,0.373876914381981,26.7600625785257,1,I,7,4
124.668722965731,72,0.384285799227655,71.6157142007724,0,C,8,4
165.435491979132,72,0.416360590606928,71.5836394093931,0,I,9,4
6.06033347352163,72,0.481620663776994,5.57871280974463,1,C,10,4
5.89475494063171,53.1459364508995,0.523981810547411,5.3707731300843,1,I,11,4
65.2014511416196,72,0.550580327399075,64.6508708142205,1,C,12,4
23.101000259913,59.7670616596997,0.581965916790068,22.5190343431229,1,I,13,4
162.628428825548,64.9807553771549,0.64801256172359,64.3327428154313,0,C,14,4
7.63962284715261,72,0.661536790430546,6.97808605672206,1,I,15,4
53.3171393816298,72,0.726133463904262,52.5910059177255,1,C,16,4
20.4929591830683,9.46903957239536,0.894550206139684,8.57448936625568,0,I,17,4
27.8656485249666,58.1094648271227,0.976976808160543,26.888671716806,1,C,18,4
144.282691007228,72,1.02161386515945,70.9783861348406,0,I,19,4
5.34939431407325,72,1.08394084498286,4.26545346909039,1,C,20,4
36.9976709103834,72,1.20741679798812,35.7902541123953,1,I,21,4
62.5913806463208,72,1.25422704499215,61.3371536013286,1,C,22,4
24.8185042367168,72,1.29397517535836,23.5245290613585,1,I,23,4
5.20034731340795,72,1.31995538715273,3.88039192625521,1,C,24,4
24.7447050560175,25.7804833464341,1.36074952315539,23.3839555328621,1,I,25,4
21.666407837872,72,1.37516805902123,20.2912397788507,1,C,26,4
20.6223816049251,72,1.47065217141062,19.1517294335145,1,I,27,4
15.9064544934138,72,1.51197266299278,14.3944818304211,1,C,28,4
4.8452510818235,72,1.73746700864285,3.10778407318064,1,I,29,4
55.7182344442046,72,1.83750651776791,53.8807279264367,1,C,30,4
21.9957280044304,49.0019238338417,2.10298966616392,19.8927383382664,1,I,31,4
39.9673621635208,72,2.25999838672578,37.707363776795,1,C,32,4
6.41061275827318,72,2.36095821484923,4.04965454342395,1,I,33,4
27.0939013328439,46.1006297434237,2.51859311945736,24.5753082133865,1,C,34,4
30.8609414593887,72,2.65159278642386,28.2093486729648,1,I,35,4
22.7482944696556,43.0392903040239,2.69898533821106,20.0493091314445,1,C,36,4
10.2640569687966,26.7076212959143,2.74320538155735,7.52085158723925,1,I,37,4
32.7931568137345,72,2.75294695515186,30.0402098585826,1,C,38,4
3.08862197399342,72,2.84468231722713,0.243939656766299,1,I,39,4
3.5800953466489,72,2.93275480158627,0.647340545062631,1,C,40,4
66.9763149219368,72,2.99195862840861,63.9843562935281,1,I,41,4
3.31327159176888,33.4419510982268,3.00695438403636,0.306317207732519,1,C,42,4
37.5524664071935,72,3.01157936453819,34.5408870426553,1,I,43,4
25.0525158692598,72,3.25621386989951,21.7963019993603,1,C,44,4
34.8318833538063,72,3.36117911618203,31.4707042376243,1,I,45,4
31.5956315642372,72,3.38988225907087,28.2057493051663,1,C,46,4
81.2614364248256,72,3.4254268091172,68.5745731908828,0,I,47,4
39.857119854052,72,3.4763282071799,36.3807916468721,1,C,48,4
21.6440545137618,72,3.485326487571,18.1587280261908,1,I,49,4
13.8347732152345,63.1279411057543,3.57896730769426,10.2558059075402,1,C,50,4
5.62262079289251,72,3.59000915195793,2.03261164093458,1,I,51,4
15.1808212737617,72,3.82614331785589,11.3546779559058,1,C,52,4
7.74999923828133,72,3.85532333515584,3.89467590312548,1,I,53,4
4.09044203318857,72,3.96281649358571,0.127625539602862,1,C,54,4
6.18527309465585,19.2350084336654,4.07849304378033,2.10678005087552,1,I,55,4
81.4070841439365,72,4.09239440225065,67.9076055977494,0,C,56,4
5.7675680139409,72,4.23433074261993,1.53323727132097,1,I,57,4
6.05046003128075,72,4.35050081927329,1.69995921200746,1,C,58,4
54.6270614287217,16.8035596256603,4.37096379697323,12.432595828687,0,I,59,4
35.541629622471,72,4.46839902084321,31.0732306016278,1,C,60,4
25.6167294193413,43.7264469287422,4.6118769608438,21.0048524584975,1,I,61,4
83.5253980485861,72,4.61747263558209,67.3825273644179,0,C,62,4
51.3175480339369,72,4.75608915556222,46.5614588783747,1,I,63,4
44.9665714599424,72,4.78689917363226,40.1796722863102,1,C,64,4
47.2480435223367,72,4.85147990752012,42.3965636148166,1,I,65,4
10.7628319670458,72,4.92894269060344,5.83388927644237,1,C,66,4
38.6338502249027,13.1048568476167,4.94993687141687,8.15491997619987,0,I,67,4
102.827471421353,72,5.47142521943897,66.528574780561,0,C,68,4
49.2132289356516,72,5.69343442562968,43.5197945100219,1,I,69,4
49.8394851504029,72,5.87868162430823,43.9608035260947,1,C,70,4
28.995686623809,72,5.94088733196259,23.0547992918464,1,I,71,4
17.0836529180788,72,6.04464237112552,11.0390105469533,1,C,72,4
31.9308976029584,58.5304422037999,6.29569702316076,25.6352005797976,1,I,73,4
19.8850365381232,72,6.44387190230191,13.4411646358212,1,C,74,4
17.7925520731571,72,6.47920964285731,11.3133424302998,1,I,75,4
8.72312617453094,72,6.62950029596686,2.09362587856408,1,C,76,4
106.541687711471,42.2870253664677,6.7108822055161,35.5761431609516,0,I,77,4
31.8018377675978,72,6.85710872523487,24.9447290423629,1,C,78,4
7.22306991438025,72,6.93670197855681,0.286367935823433,1,I,79,4
121.625131714864,72,6.9974949862808,65.0025050137192,0,C,80,4
32.4838698865825,48.5876593183493,7.04014977905899,25.4437201075235,1,I,81,4
46.2904405373769,72,7.30929175391793,38.981148783459,1,C,82,4
9.57872725553143,72,7.33938539866358,2.23934185686785,1,I,83,4
83.9035385901899,72,7.37823941744864,64.6217605825514,0,C,84,4
42.2206075017955,72,7.45037604589015,34.7702314559053,1,I,85,4
33.2092815198658,72,7.66421995125711,25.5450615686087,1,C,86,4
10.4719768012724,72,7.78219970874488,2.68977709252755,1,I,87,4
15.7939633806537,72,7.87263573613018,7.92132764452348,1,C,88,4
89.0409752344804,36.9229781285467,7.9071278963238,29.0158502322229,0,I,89,4
10.1660814634032,72,7.91688276920468,2.24919869419848,1,C,90,4
25.5890087997081,72,7.97293976414949,17.6160690355586,1,I,91,4
52.4313720644076,72,8.09366321191192,44.3377088524957,1,C,92,4
56.2701188255312,72,8.35443510208279,47.9156837234484,1,I,93,4
23.8863431670709,72,8.3901205798611,15.4962225872098,1,C,94,4
19.5812456563019,72,8.42204659245908,11.1591990638428,1,I,95,4
11.3581050169097,53.9566560166318,8.44689808320254,2.91120693370713,1,C,96,4
33.9457643133971,72,8.55618163011968,25.3895826832775,1,I,97,4
94.0868377520029,34.3314756999794,8.62711940892041,25.704356291059,0,C,98,4
55.2855646914742,55.3932279719833,8.71791563462466,46.5676490568496,1,I,99,4
14.4208109763275,72,8.72406964190304,5.69674133442444,1,C,100,4
75.4320646319723,72,8.78971051890403,63.210289481096,0,I,101,4
70.3252643460386,54.377828892158,8.8573936605826,45.5204352315754,0,C,102,4
61.7469926031172,46.1083372382667,8.86706474237144,37.2412724958953,0,I,103,4
126.724531522448,72,8.95134036429226,63.0486596357077,0,C,104,4
41.9562527135115,72,8.97872214205563,32.9775305714558,1,I,105,4
81.3551048849553,72,9.01910691987723,62.9808930801228,0,C,106,4
47.0364316161596,72,9.24251439515501,37.7939172210046,1,I,107,4
176.795497169864,72,9.25748124718666,62.7425187528133,0,C,108,4
19.54267662975,11.7263761272211,9.46810367982835,2.25827244739273,0,I,109,4
42.3219939435782,72,9.6087006200105,32.7132933235677,1,C,110,4
37.5671303661332,14.7853583822731,9.64546605013311,5.13989233214001,0,I,111,4
70.9853311854088,72,9.85071809962392,61.1346130857849,1,C,112,4
29.7106767601922,72,9.85998373478651,19.8506930254057,1,I,113,4
52.6501468564101,72,9.90112914238125,42.7490177140288,1,C,114,4
129.831307623631,72,9.90905388258398,62.090946117416,0,I,115,4
34.3817733734994,72,9.93178483564407,24.4499885378553,1,C,116,4
30.4638508036829,33.2443821352444,10.0782973179594,20.3855534857236,1,I,117,4
19.8680774292243,15.8644824591797,10.4524159384891,5.41206652069061,0,C,118,4
35.5719870325317,72,10.7541279774159,24.8178590551158,1,I,119,4
143.581661597458,52.0385041905384,10.9297910146415,41.1087131758969,0,C,120,4
72.8052497132352,72,10.9837387595326,61.0162612404674,0,I,121,4
35.426738047582,55.3899367212959,11.0733837168664,24.3533543307156,1,C,122,4
14.556498448476,72,11.1521903146058,3.40430813387017,1,I,123,4
28.900533439604,72,11.265928898938,17.634604540666,1,C,124,4
51.8605695651171,72,11.3208153750747,40.5397541900424,1,I,125,4
67.9198542034292,72,11.3937090151012,56.526145188328,1,C,126,4
23.7679691899571,54.8303996505691,11.5809693653137,12.1869998246435,1,I,127,4
130.59168635707,72,11.5926915546879,60.4073084453121,0,C,128,4
39.193062384098,72,11.6750687733293,27.5179936107687,1,I,129,4
55.0531526785559,72,11.7019345331937,43.3512181453622,1,C,130,4
61.2104892621778,72,11.796127455309,49.4143618068687,1,I,131,4
120.431893540675,72,11.9107965705916,60.0892034294084,0,C,132,4
55.4058202762533,72,12.1861738013104,43.2196464749429,1,I,133,4
83.4218080859069,72,12.2693109232932,59.7306890767068,0,C,134,4
32.2177315497118,72,12.3198370356113,19.8978945141005,1,I,135,4
21.0678447563248,28.1876038176785,12.433881838806,8.63396291751886,1,C,136,4
162.070327879509,45.0543478585018,12.562278136611,32.4920697218908,0,I,137,4
48.2008868246712,72,12.6834025327116,35.5174842919596,1,C,138,4
26.8092044622825,57.522068911899,12.7199829882011,14.0892214740814,1,I,139,4
75.5454492637609,72,13.1237003998831,58.8762996001169,0,C,140,4
16.9750898106037,72,13.192279972136,3.78280983846769,1,I,141,4
63.1903124945337,72,13.2951714098454,49.8951410846883,1,C,142,4
34.7379874791202,72,13.4659901540726,21.2719973250475,1,I,143,4
57.5331777858283,72,13.6207129899412,43.9124647958871,1,C,144,4
23.1325825083628,72,13.6522701848298,9.48031232353301,1,I,145,4
67.4469459059683,72,13.6621250957251,53.7848208102433,1,C,146,4
60.5634648200222,72,13.6702999798581,46.8931648401641,1,I,147,4
77.6334848790486,72,13.6998139740899,58.3001860259101,0,C,148,4
35.7810659831479,72,13.7551144463941,22.0259515367537,1,I,149,4
61.6721309792677,36.1562213958115,13.9401328470558,22.2160885487557,0,C,150,4
23.2074091948916,72,13.962998567149,9.24441062774254,1,I,151,4
50.749063595749,72,14.076861217618,36.672202378131,1,C,152,4
15.4639167651206,72,14.1242908872664,1.33962587785416,1,I,153,4
71.6581294342729,72,14.4194142054766,57.2387152287962,1,C,154,4
75.5798992402056,72,14.444189267233,57.555810732767,0,I,155,4
16.6731088257212,72,14.5983917405829,2.07471708513829,1,C,156,4
57.1899274002758,62.2918474533287,14.7152237780392,42.4747036222366,1,I,157,4
19.2580353871049,72,14.7757785301656,4.4822568569393,1,C,158,4
120.672040893655,38.0400329135531,14.7838842915371,23.256148622016,0,I,159,4
125.532922152777,32.7537527035765,15.1565713388845,17.597181364692,0,C,160,4
27.0356204057258,72,15.2569258818403,11.7786945238855,1,I,161,4
43.7051733655259,72,15.335966264829,28.3692071006968,1,C,162,4
34.5566485562384,72,15.4024105891585,19.1542379670798,1,I,163,4
66.4167974927593,72,15.4551663575694,50.9616311351899,1,C,164,4
83.8669967797791,72,15.6119146663696,56.3880853336304,0,I,165,4
68.3332395881964,72,15.6224486511201,52.7107909370763,1,C,166,4
33.1780564068994,72,15.8232354931533,17.3548209137461,1,I,167,4
121.463706645185,72,15.8897704817355,56.1102295182645,0,C,168,4
50.7784338158628,72,15.9299198817462,34.8485139341167,1,I,169,4
75.4881770275951,72,16.0604700632393,55.9395299367607,0,C,170,4
27.9435484059858,72,16.0900957742706,11.8534526317152,1,I,171,4
36.0586754013241,72,16.1067097401246,19.9519656611995,1,C,172,4
103.644407737431,72,16.1742737330496,55.8257262669504,0,I,173,4
65.2501420270293,72,16.1908775148913,49.059264512138,1,C,174,4
21.0047574268245,72,16.2657096236944,4.73904780313007,1,I,175,4
25.7400092470846,21.7736364641609,16.5593273146078,5.21430914955306,0,C,176,4
26.7822826920992,72,16.699304538779,10.0829781533203,1,I,177,4
71.9918325537013,40.2807797023934,16.7117849132046,23.5689947891887,0,C,178,4
59.1005059327263,72,16.7169811762869,42.3835247564394,1,I,179,4
63.3174895717925,72,16.7727737361565,46.544715835636,1,C,180,4
92.0926797030327,72,16.7966944584623,55.2033055415377,0,I,181,4
17.3936608239375,72,17.2609737049788,0.13268711895866,1,C,182,4
40.0797116883919,72,17.3431975068524,22.7365141815395,1,I,183,4
37.3225044439582,72,17.3766081919894,19.9458962519689,1,C,184,4
78.5862768973037,72,17.4146132497117,54.5853867502883,0,I,185,4
69.9429710316677,55.8631016543693,17.5553686358035,38.3077330185658,0,C,186,4
96.9949208371099,72,17.6643080636859,54.3356919363141,0,I,187,4
38.428943827243,72,17.7015423215926,20.7274015056504,1,C,188,4
61.7560395796718,72,17.7145683718845,44.0414712077873,1,I,189,4
28.4397421874129,72,17.7730531012639,10.6666890861489,1,C,190,4
18.2451422100618,63.0772610243835,17.8120859060436,0.433056304018124,1,I,191,4
35.2188001692821,72,17.9927580663934,17.2260421028886,1,C,192,4
65.3890047394447,72,18.0038870824501,47.3851176569946,1,I,193,4
22.1124455186342,72,18.1809842633083,3.9314612553259,1,C,194,4
44.9544125575634,72,18.2277466496453,26.7266659079182,1,I,195,4
107.963424738942,72,18.2537574833259,53.7462425166741,0,C,196,4
122.803217980691,72,18.305074358359,53.694925641641,0,I,197,4
139.465508528984,72,18.3361857756972,53.6638142243028,0,C,198,4
240.095085759413,72,18.4575805161148,53.5424194838852,0,I,199,4
69.3687198046851,72,18.6273640673608,50.7413557373243,1,C,200,4
20.7985652260795,72,18.6368453269824,2.16171989909709,1,I,201,4
24.8125512553331,72,18.8771107094362,5.93544054589688,1,C,202,4
53.8449163544488,72,18.8772962708026,34.9676200836461,1,I,203,4
44.7873554771787,56.8559767956794,19.2060740618035,25.5812814153751,1,C,204,4
41.6114176097448,72,19.281268841587,22.3301487681578,1,I,205,4
33.386215418851,72,19.379942798987,14.0062726198639,1,C,206,4
31.3239800891854,72,19.3854136532173,11.9385664359682,1,I,207,4
54.2844802717901,72,19.4116107048467,34.8728695669434,1,C,208,4
79.1314415525622,25.9915740243413,19.4160804105923,6.57549361374905,0,I,209,4
43.2452040695667,72,19.676726013422,23.5684780561447,1,C,210,4
65.1446952999963,72,19.7139894962311,45.4307058037652,1,I,211,4
38.5101827440583,72,19.7456593578681,18.7645233861902,1,C,212,4
50.817445763165,72,19.8267214000225,30.9907243631425,1,I,213,4
34.4698676255795,42.5530724458004,19.8860702337697,14.5837973918098,1,C,214,4
49.3230384283038,72,19.915709272027,29.4073291562768,1,I,215,4
59.199092970641,72,20.2779668709263,38.9211260997147,1,C,216,4
30.5899904731184,72,20.7485106121749,9.8414798609435,1,I,217,4
75.479913384503,72,20.8116195257753,51.1883804742247,0,C,218,4
81.7762957834126,72,20.9385627647862,51.0614372352138,0,I,219,4
160.623714021235,72,20.9402802586555,51.0597197413445,0,C,220,4
82.4918551786697,72,21.0059285815805,50.9940714184195,0,I,221,4
26.8794376842196,43.4086274299429,21.0249987104908,5.85443897372885,1,C,222,4
23.192755051016,72,21.1322610871866,2.06049396382938,1,I,223,4
26.6849890782625,72,21.1864266358316,5.49856244243091,1,C,224,4
170.930288481459,72,21.2480657408014,50.7519342591986,0,I,225,4
48.7357668442179,72,21.2688377033919,27.466929140826,1,C,226,4
45.1818835564279,72,21.2961780885234,23.8857054679044,1,I,227,4
149.190385983373,72,21.3060756353661,50.6939243646339,0,C,228,4
163.80953079895,72,21.3288074824959,50.6711925175041,0,I,229,4
90.637305044721,72,21.3601786410436,50.6398213589564,0,C,230,4
82.6175774152203,41.4417916738672,21.4060557307675,20.0357359430996,0,I,231,4
54.2384991208517,72,21.4903852902353,32.7481138306165,1,C,232,4
116.058892732001,72,21.7646732507274,50.2353267492727,0,I,233,4
55.5570763794355,72,21.8007922824472,33.7562840969883,1,C,234,4
52.4028793625886,72,21.8552991561592,30.5475802064294,1,I,235,4
44.5569170328342,72,21.9635870726779,22.5933299601563,1,C,236,4
30.1448438318595,50.7777387068584,22.1259667631239,8.01887706873565,1,I,237,4
45.1993682548175,64.3489849972515,22.1771514834836,23.0222167713339,1,C,238,4
54.3207261940735,23.7974131843758,22.2003392223269,1.59707396204893,0,I,239,4
32.385241836993,72,22.2080121003091,10.1772297366839,1,C,240,4
27.2347673282325,22.7224918996495,22.2371868789196,0.485305020729935,0,I,241,4
42.7337322846097,72,22.2794244065881,20.4543078780217,1,C,242,4
32.6116369921981,30.2271732721624,22.3287934809923,7.89837979117006,0,I,243,4
148.128169716993,72,22.4087458429858,49.5912541570142,0,C,244,4
35.5532938406575,72,22.6385281747207,12.9147656659368,1,I,245,4
58.5522048147698,27.3711261927593,23.0508017353714,4.32032445738792,0,C,246,4
30.3183828337746,72,23.356592617929,6.96179021584563,1,I,247,4
59.6055261265975,72,23.4441394312307,36.1613866953667,1,C,248,4
29.5680519764949,27.6301727830431,23.5171354981139,4.11303728492916,0,I,249,4
43.9034151411761,72,23.5353973321617,20.3680178090144,1,C,250,4
41.4765417246925,72,23.6477491166443,17.8287926080482,1,I,251,4
103.112874224251,72,23.7147493986413,48.2852506013587,0,C,252,4
203.775073010058,72,23.7338563939557,48.2661436060444,0,I,253,4
85.5497869006519,72,23.7968516070396,48.2031483929604,0,C,254,4
46.7933219901066,62.6677416649502,23.849327727221,22.9439942628856,1,I,255,4
57.5971570129831,72,24.0516046481207,33.5455523648624,1,C,256,4
45.3419336068259,72,24.1457715304568,21.196162076369,1,I,257,4
35.1745817959367,72,24.1550384648144,11.0195433311223,1,C,258,4
206.606990750209,72,24.5126823848113,47.4873176151887,0,I,259,4
72.2672104645397,72,24.5299798669294,47.4700201330707,0,C,260,4
63.7099418864617,72,24.7538333153352,38.9561085711264,1,I,261,4
57.5771110924174,72,24.8014046391472,32.7757064532702,1,C,262,4
29.0044117166911,72,24.9527936428785,4.05161807381256,1,I,263,4
130.709983811075,72,25.0846944423392,46.9153055576608,0,C,264,4
75.0211411660586,66.8265279569108,25.1511534070596,41.6753745498511,0,I,265,4
32.2336328124328,72,25.2709892531857,6.96264355924715,1,C,266,4
53.5298514179161,50.6517534775322,25.4899439681321,25.1618095094,0,I,267,4
34.39226529037,72,25.5545114725828,8.83775381778723,1,C,268,4
34.4950346575587,72,25.5785881401971,8.91644651736165,1,I,269,4
28.0906961895587,48.9362450475177,25.5971429077908,2.49355328176786,1,C,270,4
61.9537490819647,72,25.6527862418443,36.3009628401204,1,I,271,4
175.265348693337,72,25.6554516032338,46.3445483967662,0,C,272,4
49.2887706985006,72,25.7268498139456,23.561920884555,1,I,273,4
37.9629104468314,72,25.9149891184643,12.0479213283671,1,C,274,4
35.5152661822908,72,26.1199630005285,9.39530318176232,1,I,275,4
120.901677105982,72,26.158235790208,45.841764209792,0,C,276,4
32.0050153007087,72,26.2035469757393,5.80146832496942,1,I,277,4
84.0278672688065,72,26.2174950633198,45.7825049366802,0,C,278,4
247.42985041609,72,26.2445453647524,45.7554546352476,0,I,279,4
31.4353211271624,72,26.255296356976,5.18002477018634,1,C,280,4
86.1898950440889,72,26.5274712117389,45.4725287882611,0,I,281,4
194.198504715277,51.5914159733809,26.6757620126009,24.91565396078,0,C,282,4
119.6623674724,42.4197086835312,26.7022917838767,15.7174168996545,0,I,283,4
51.9339138044805,72,26.7066488787532,25.2272649257273,1,C,284,4
40.1581097615069,72,26.8742588767782,13.2838508847287,1,I,285,4
52.4055251716994,72,26.8907032767311,25.5148218949683,1,C,286,4
92.636065649663,72,27.0101407309994,44.9898592690006,0,I,287,4
67.4869142205468,72,27.14925322216,40.3376609983867,1,C,288,4
142.070908416864,66.7246252600905,27.2355875652283,39.4890376948622,0,I,289,4
126.559609286906,72,27.3160251276568,44.6839748723432,0,C,290,4
33.4001336180503,72,27.6842105342075,5.71592308384275,1,I,291,4
30.6735417736681,72,27.9427254153416,2.73081635832649,1,C,292,4
32.3135875869893,72,27.9732322599739,4.34035532701543,1,I,293,4
76.1114096124366,70.5055760464039,28.1016704253852,42.4039056210186,0,C,294,4
181.762538512293,72,28.1614587642252,43.8385412357748,0,I,295,4
36.7462501595186,72,28.3011202840135,8.44512987550516,1,C,296,4
96.5464808791395,72,28.4846496535465,43.5153503464535,0,I,297,4
121.520209626272,72,28.490575896576,43.509424103424,0,C,298,4
54.3806213923089,72,28.5842637671158,25.7963576251931,1,I,299,4
136.691080455048,59.9649599068074,28.7174687767401,31.2474911300673,0,C,300,4
44.5080164289901,64.7021531509443,28.7359944311902,15.7720219977999,1,I,301,4
29.3845831454077,72,28.8277250574902,0.556858087917513,1,C,302,4
69.5711949357271,72,28.891504118219,40.6796908175081,1,I,303,4
47.1440312703375,72,28.9325564866886,18.2114747836489,1,C,304,4
91.9662027957756,72,29.0023076534271,42.9976923465729,0,I,305,4
106.656529625611,72,29.1110616736114,42.8889383263886,0,C,306,4
72.1914811793078,72,29.1305142408237,42.8694857591763,0,I,307,4
64.6113045448182,72,29.1741182841361,35.4371862606821,1,C,308,4
29.3082019597341,72,29.2743577994406,0.0338441602934357,1,I,309,4
44.383989374054,72,29.406552426517,14.9774369475369,1,C,310,4
95.9864294288581,72,29.4439230719581,42.5560769280419,0,I,311,4
33.4735514549892,72,29.4500562921166,4.02349516287253,1,C,312,4
42.0929704509979,72,29.5957493316382,12.4972211193597,1,I,313,4
75.3256298867502,72,29.6008148929104,42.3991851070896,0,C,314,4
73.1883577608989,46.9957088696527,29.7177903167903,17.2779185528624,0,I,315,4
59.9817744371931,72,29.7449680790305,30.2368063581626,1,C,316,4
48.1803901569444,69.4170947724745,29.8190390272066,18.3613511297378,1,I,317,4
109.509857493962,72,29.9879625532776,42.0120374467224,0,C,318,4
50.5212702282394,72,30.1577670034021,20.3635032248373,1,I,319,4
45.7513225732119,72,30.1903554378077,15.5609671354041,1,C,320,4
57.5480936054185,72,30.2151043899357,27.3329892154828,1,I,321,4
34.9848968033327,72,30.3630941687152,4.6218026346175,1,C,322,4
32.8249505716044,31.3328256428542,30.4015641007572,0.931261542096973,0,I,323,4
37.4401986200129,72,30.7220834121108,6.71811520790208,1,C,324,4
55.5049580013184,72,30.7643480831757,24.7406099181427,1,I,325,4
47.8268580675361,63.2235378330122,31.2563552800566,16.5705027874795,1,C,326,4
52.6225069462316,72,31.3749399594963,21.2475669867354,1,I,327,4
61.6497447825222,72,31.4761490933597,30.1735956891625,1,C,328,4
34.191386835883,72,31.5061609027907,2.68522593309223,1,I,329,4
114.175161494422,72,31.6330903116614,40.3669096883386,0,C,330,4
65.6443328194724,72,31.6931395651773,33.9511932542951,1,I,331,4
39.6547919373493,72,31.7454896913841,7.90930224596512,1,C,332,4
62.6107966998932,72,31.9913906604052,30.6194060394881,1,I,333,4
133.922080417794,72,32.1274558268487,39.8725441731513,0,C,334,4
81.5485890566956,72,32.2250489098951,39.7749510901049,0,I,335,4
65.2116708474994,72,32.2382154129446,32.9734554345549,1,C,336,4
67.9250344363176,72,32.2676719632,35.6573624731177,1,I,337,4
34.1096528360266,72,32.2969496855512,1.81270315047534,1,C,338,4
150.1269554067,72,32.3577030468732,39.6422969531268,0,I,339,4
46.1067854743132,72,32.3652798961848,13.7415055781284,1,C,340,4
128.16107234604,72,32.5504547310993,39.4495452689007,0,I,341,4
37.2673723061685,72,32.6226163096726,4.64475599649588,1,C,342,4
80.9975079337642,72,32.6450060773641,39.3549939226359,0,I,343,4
213.254201626636,72,32.695778911002,39.304221088998,0,C,344,4
87.5214152912447,72,32.7386745158583,39.2613254841417,0,I,345,4
128.076933814657,42.1624886979306,32.7681911503896,9.39429754754097,0,C,346,4
100.01465838663,72,32.9392169695348,39.0607830304652,0,I,347,4
49.4719071477388,72,33.0358521267772,16.4360550209616,1,C,348,4
145.768969259013,72,33.0881259636953,38.9118740363047,0,I,349,4
60.5575823641596,72,33.2425341987982,27.3150481653613,1,C,350,4
95.6808570109184,72,33.5223571630195,38.4776428369805,0,I,351,4
51.8703984479441,72,33.6648636404425,18.2055348075016,1,C,352,4
47.4500182718027,72,33.7091458914802,13.7408723803226,1,I,353,4
53.6759012765886,72,33.7886352511123,19.8872660254763,1,C,354,4
88.9737993480993,72,33.9018559735268,38.0981440264732,0,I,355,4
34.6770660763687,72,34.069959204644,0.607106871724736,1,C,356,4
50.3519176904509,72,34.2903156392276,16.0616020512233,1,I,357,4
58.8920767812177,72,34.347736844793,24.5443399364247,1,C,358,4
56.7211126541516,72,34.7720728442073,21.9490398099443,1,I,359,4
43.461705801232,72,34.8010154999793,8.66069030125271,1,C,360,4
81.7713331307131,58.4160395100601,34.8928966652602,23.5231428447999,0,I,361,4
40.0445852703652,72,34.9542168807238,5.09036838964139,1,C,362,4
52.5900465615983,72,34.9647600017488,17.6252865598495,1,I,363,4
49.8335501062005,72,34.9863977869973,14.8471523192033,1,C,364,4
108.357893318127,72,35.1196401519701,36.8803598480299,0,I,365,4
70.0706228275145,72,35.1232834160328,34.9473394114817,1,C,366,4
175.105953578606,72,35.2275853045285,36.7724146954715,0,I,367,4
113.928885526396,72,35.3750864462927,36.6249135537073,0,C,368,4
69.0935636943019,39.0266008897877,35.4020816646516,3.62451922513606,0,I,369,4
41.5172229641133,72,36.3450329750776,5.17218998903568,1,C,370,4
158.38456946235,72,36.6420052293688,35.3579947706312,0,I,371,4
40.1186694005632,72,36.8370489031076,3.28162049745555,1,C,372,4
43.2146753009672,72,36.8765102187172,6.33816508225007,1,I,373,4
69.268318442718,72,36.9017486041412,32.3665698385768,1,C,374,4
173.845530914797,54.0281070876904,36.9406302133575,17.0874768743329,0,I,375,4
40.7185005334379,62.0243109122304,36.9842183450237,3.73428218841418,1,C,376,4
52.3835734799285,61.9910979380923,37.017300655134,15.3662728247944,1,I,377,4
64.8683496084199,72,37.0645910874009,27.803758521019,1,C,378,4
42.8039713893054,72,37.2773580020294,5.526613387276,1,I,379,4
88.6248052644529,72,37.3050672607496,34.6949327392504,0,C,380,4
74.1898630085039,72,37.5721670826897,34.4278329173103,0,I,381,4
101.92843212371,72,37.6926886243746,34.3073113756254,0,C,382,4
84.0772991909441,72,37.9414923582226,34.0585076417774,0,I,383,4
51.267525881813,72,38.2052365830168,13.0622892987961,1,C,384,4
89.6562014293455,72,38.4575382806361,33.5424617193639,0,I,385,4
51.337285297764,72,38.5332299536094,12.8040553441545,1,C,386,4
121.961343425632,72,38.6229917686433,33.3770082313567,0,I,387,4
87.0169795989902,72,38.7984689511359,33.2015310488641,0,C,388,4
139.329142531324,72,38.8674556324258,33.1325443675742,0,I,389,4
46.587408520062,72,39.0200820704922,7.56732644956983,1,C,390,4
50.1764410482437,72,39.0207166783512,11.1557243698925,1,I,391,4
78.7471651373429,72,39.0283589344472,32.9716410655528,0,C,392,4
58.3454731728386,72,39.0767358709127,19.2687373019259,1,I,393,4
56.5511935472443,46.2166075670896,39.0941748255864,7.12243274150325,0,C,394,4
46.67605673279,72,39.3756286706775,7.30042806211241,1,I,395,4
63.1123320680159,72,39.4105096254498,23.7018224425662,1,C,396,4
109.80808956136,66.4031597172714,39.4646170875058,26.9385426297657,0,I,397,4
64.3104801709463,72,39.4846586370841,24.8258215338623,1,C,398,4
111.384667442573,72,39.4895665626973,32.5104334373027,0,I,399,4
63.5872239168651,72,39.5609498256817,24.0262740911834,1,C,400,4
56.6253983756995,72,39.5777566311881,17.0476417445114,1,I,401,4
69.1609629581361,52.1539322323614,39.796500178054,12.3574320543074,0,C,402,4
74.6050915558553,72,39.9393132235855,32.0606867764145,0,I,403,4
101.731659081658,72,40.0247125513852,31.9752874486148,0,C,404,4
45.0467206563084,72,40.0399216683581,5.00679898795029,1,I,405,4
52.8744949473325,72,40.2132858848199,12.6612090625126,1,C,406,4
46.8278032095092,72,40.2595481229946,6.56825508651455,1,I,407,4
73.1224383440775,70.6648850728392,40.2999171707779,30.3649679020613,0,C,408,4
103.625796415545,66.7185146564065,40.3795859729871,26.3389286834194,0,I,409,4
43.6757562067139,72,40.5745052453131,3.10125096140085,1,C,410,4
73.4951804190295,48.3438943050938,40.6108936993405,7.73300060575329,0,I,411,4
72.9691798171214,72,40.8060032408685,31.1939967591316,0,C,412,4
52.9153179376456,47.1335732334846,40.8647848991677,6.26878833431685,0,I,413,4
54.3815355852716,72,40.9994165506214,13.3821190346502,1,C,414,4
50.7158871787187,72,41.0212738998234,9.69461327889522,1,I,415,4
71.6273169062619,72,41.0393100650981,30.5880068411638,1,C,416,4
157.803619822327,72,41.3780952896923,30.6219047103077,0,I,417,4
46.1919951257298,72,41.4273500209674,4.76464510476236,1,C,418,4
68.6900587445449,72,41.5048738243058,27.1851849202391,1,I,419,4
97.8807812007978,72,41.6574676986784,30.3425323013216,0,C,420,4
48.3714125459203,50.1024612767858,41.6868592752144,6.68455327070593,1,I,421,4
72.89479303949,72,41.7214459693059,30.2785540306941,0,C,422,4
46.7146508344155,72,41.7510045832023,4.96364625121317,1,I,423,4
91.1545711268577,72,42.0623040804639,29.9376959195361,0,C,424,4
52.3414639436338,70.2471615730933,42.064258614555,10.2772053290788,1,I,425,4
56.2809540113905,72,42.2254643496126,14.0554896617779,1,C,426,4
51.1575801377902,72,42.2499559633434,8.90762417444677,1,I,427,4
53.4385793458114,72,42.3254341632128,11.1131451825986,1,C,428,4
112.178623893448,72,42.4469329509884,29.5530670490116,0,I,429,4
70.8176286104186,72,42.5071921711788,28.3104364392399,1,C,430,4
46.8392625438736,66.5021335005773,42.8620598372072,3.97720270666642,1,I,431,4
163.968903309545,72,42.9853778611869,29.0146221388131,0,C,432,4
60.2860764481249,72,43.0705440882593,17.2155323598656,1,I,433,4
51.8362556222543,59.4772362374601,43.1692358991131,8.66701972314121,1,C,434,4
63.1830200332869,72,43.614755300805,19.5682647324819,1,I,435,4
80.1518700369912,72,43.7273413874209,28.2726586125791,0,C,436,4
194.345431073152,72,43.7315113563091,28.2684886436909,0,I,437,4
68.1388992937132,72,43.7685771100223,24.3703221836909,1,C,438,4
68.1687906969405,66.9466636434795,44.0396619541571,22.9070016893225,0,I,439,4
77.0878548918621,72,44.0785029390827,27.9214970609173,0,C,440,4
46.8218689544593,72,44.0921850409359,2.72968391352347,1,I,441,4
72.7513778859448,72,44.1823687171564,27.8176312828437,0,C,442,4
53.2006020689288,72,44.1907196072862,9.00988246164268,1,I,443,4
46.0707561873093,72,44.2391781695187,1.83157801779054,1,C,444,4
92.4622783794567,72,44.3848181096837,27.6151818903163,0,I,445,4
78.1719349106843,72,44.4184057088569,27.5815942911431,0,C,446,4
95.8186720451718,72,44.4403352960944,27.5596647039056,0,I,447,4
47.4589858313804,47.8298457903629,44.4685960002244,2.99038983115601,1,C,448,4
140.757673524546,72,44.5879100868478,27.4120899131522,0,I,449,4
50.1795422989516,72,44.7149254661053,5.46461683284622,1,C,450,4
80.1776695797102,72,44.8306088335812,27.1693911664188,0,I,451,4
48.7718331554081,72,44.8615483101457,3.91028484526236,1,C,452,4
81.3351775339698,72,44.9250161508098,27.0749838491902,0,I,453,4
59.135242772492,72,45.1204962283373,14.0147465441547,1,C,454,4
90.7504770982938,72,45.2217991836369,26.7782008163631,0,I,455,4
84.6164607941329,72,45.3614246612415,26.6385753387585,0,C,456,4
52.9599474107969,72,45.3935433877632,7.56640402303371,1,I,457,4
176.571995579341,72,45.4566508485004,26.5433491514996,0,C,458,4
81.6072609123593,72,45.5226067313924,26.4773932686076,0,I,459,4
52.9714827490392,72,45.6263376167044,7.34514513233481,1,C,460,4
75.5371782655536,72,45.6548520550132,26.3451479449868,0,I,461,4
51.8840732507707,72,45.6881922762841,6.19588097448661,1,C,462,4
48.5080864057435,56.5710990069544,45.7014936301857,2.80659277555772,1,I,463,4
111.137867977376,72,45.759095591493,26.2409044085071,0,C,464,4
110.750634247313,72,46.1262272810563,25.8737727189437,0,I,465,4
132.076036529708,55.2665283046856,46.2023058487102,9.06422245597538,0,C,466,4
55.1568076162784,72,46.2607333017513,8.89607431452704,1,I,467,4
144.722078945707,72,46.3610293110833,25.6389706889167,0,C,468,4
123.32354214454,72,46.6463939566165,25.3536060433835,0,I,469,4
79.9860762214295,72,46.6820764867589,25.3179235132411,0,C,470,4
47.9907043260017,51.3695880875343,47.2871860675514,0.703518258450336,1,I,471,4
78.987950494585,72,47.400075676851,24.599924323149,0,C,472,4
48.0107005520753,72,47.4520180933178,0.558682458757554,1,I,473,4
102.932751388975,72,47.5690699182451,24.4309300817549,0,C,474,4
97.1649120212523,72,47.6842475635931,24.3157524364069,0,I,475,4
246.643193545056,72,47.8830228187144,24.1169771812856,0,C,476,4
70.3627104761164,72,48.200351963751,22.1623585123653,1,I,477,4
105.771849566166,72,48.2573009328917,23.7426990671083,0,C,478,4
84.6042285631924,72,48.3509527333081,23.6490472666919,0,I,479,4
50.2343084946143,72,48.4790815366432,1.75522695797106,1,C,480,4
192.652059964353,72,48.528826595284,23.471173404716,0,I,481,4
114.558048488054,72,48.8184667378664,23.1815332621336,0,C,482,4
54.6117548891318,72,48.8865924021229,5.72516248700892,1,I,483,4
49.475017491909,72,48.9031852874905,0.571832204418548,1,C,484,4
64.6682026466898,72,49.0339277079329,15.6342749387569,1,I,485,4
126.44898384473,72,49.245366579853,22.754633420147,0,C,486,4
171.445424872885,72,49.3758960999548,22.6241039000452,0,I,487,4
58.1326388998133,72,49.4833119213581,8.64932697845519,1,C,488,4
72.0542379148018,72,49.534729141742,22.465270858258,0,I,489,4
101.354391071607,72,49.6378198591992,22.3621801408008,0,C,490,4
76.8799093376253,72,49.6603657538071,22.3396342461929,0,I,491,4
53.6585998175607,72,49.6605800790712,3.99801973848949,1,C,492,4
52.6414024848343,72,49.766903417185,2.87449906764933,1,I,493,4
73.7305237142462,72,49.8309393692762,22.1690606307238,0,C,494,4
136.442584629909,72,49.961442318745,22.038557681255,0,I,495,4
147.86236124841,53.2957098212251,49.9844463961199,3.31126342510515,0,C,496,4
56.4957554389368,72,50.1737087219954,6.32204671694147,1,I,497,4
97.0708660892359,72,50.3959796391428,21.6040203608573,0,C,498,4
101.687609586648,72,50.5007799016312,21.4992200983688,0,I,499,4
86.8380737367344,72,50.5755258724093,21.4244741275907,0,C,500,4
71.3033640918203,72,50.739140259102,20.5642238327183,1,I,501,4
170.159186873056,71.079448128167,50.8869999367744,20.1924481913926,0,C,502,4
77.5231521994077,72,50.8883093157783,21.1116906842217,0,I,503,4
58.7557631091936,72,50.9438743349165,7.81188877427709,1,C,504,4
87.4643473492269,60.4269415487591,50.9766343608499,9.45030718790926,0,I,505,4
72.6279827228428,66.4732348174673,50.9827106120065,15.4905242054608,0,C,506,4
79.2914839915521,59.6739158995548,51.0680816788226,8.60583422073217,0,I,507,4
154.373888826594,72,51.1244870536029,20.8755129463971,0,C,508,4
104.793522921901,53.9106711307696,51.4593171514571,2.45135397931254,0,I,509,4
61.5836628410331,72,51.6758672241122,9.90779561692097,1,C,510,4
80.2216116960736,71.534077246592,51.9272403605282,19.6068368860638,0,I,511,4
112.055577480121,71.4246231575097,51.9564744411036,19.468148716406,0,C,512,4
109.5780165984,72,52.009450905025,19.990549094975,0,I,513,4
111.534701357601,72,52.2187987715006,19.7812012284994,0,C,514,4
66.647035400506,72,52.4659223947674,14.1811130057386,1,I,515,4
71.2430205014403,72,52.9207192920148,18.3223012094255,1,C,516,4
57.8756940411584,72,53.0331938853487,4.84250015580961,1,I,517,4
60.5835921303718,72,53.063953416422,7.51963871394978,1,C,518,4
95.0235669013526,72,53.1142782373354,18.8857217626646,0,I,519,4
63.3713240231574,70.440559359613,53.2528650853783,10.1184589377791,1,C,520,4
57.2487763952178,72,53.3163078082725,3.93246858694521,1,I,521,4
222.166303875916,72,53.3409209595993,18.6590790404007,0,C,522,4
138.660668665686,72,53.3689295500517,18.6310704499483,0,I,523,4
61.6572874151036,72,53.4043967770413,8.25289063806233,1,C,524,4
66.7668752949341,72,53.6518518067896,13.1150234881444,1,I,525,4
69.5274588932104,72,53.6553652910516,15.8720936021589,1,C,526,4
79.4092624367063,68.5249367234666,53.7111118063331,14.8138249171335,0,I,527,4
255.254187125087,72,53.857307578437,18.142692421563,0,C,528,4
132.955289788605,72,53.9337613340467,18.0662386659533,0,I,529,4
54.7384896166982,72,53.9538788236678,0.784610793030449,1,C,530,4
118.455605810054,72,54.210894475691,17.789105524309,0,I,531,4
71.4375643569747,72,54.2460547573865,17.1915095995883,1,C,532,4
74.0650745609068,72,54.4282911485061,17.5717088514939,0,I,533,4
55.2553798315034,59.2616028090796,54.4416982261464,0.813681605357035,1,C,534,4
81.5216575613407,72,54.45659392979,17.54340607021,0,I,535,4
57.8283988939472,72,54.5240343734622,3.30436452048501,1,C,536,4
93.7559943118835,72,54.7128249378875,17.2871750621125,0,I,537,4
61.830938763767,72,54.7231985908002,7.10774017296681,1,C,538,4
91.4350340042881,72,54.9954699072987,17.0045300927013,0,I,539,4
72.3417892425232,70.4962984302796,55.1483056833968,15.3479927468828,0,C,540,4
108.911476798575,72,55.22104898002,16.77895101998,0,I,541,4
83.0915449888101,72,55.4345182143152,16.5654817856848,0,C,542,4
127.563771089743,72,55.844274382107,16.155725617893,0,I,543,4
95.34162477044,72,56.1268723709509,15.8731276290491,0,C,544,4
77.054537894234,72,56.2378096673638,15.7621903326362,0,I,545,4
126.487334400326,72,56.2807040149346,15.7192959850654,0,C,546,4
115.23667113807,72,56.3440340291709,15.6559659708291,0,I,547,4
94.4963536588716,72,56.5641590254381,15.4358409745619,0,C,548,4
92.2623291208155,69.4911602134209,56.8255755538121,12.6655846596088,0,I,549,4
65.9399633847157,72,56.8362883245572,9.10367506015846,1,C,550,4
176.556264539037,72,56.930466061458,15.069533938542,0,I,551,4
76.0738055356281,72,57.0148297213018,14.9851702786982,0,C,552,4
119.14525904614,72,57.3361954512075,14.6638045487925,0,I,553,4
72.7439876139206,72,57.4072358524427,14.5927641475573,0,C,554,4
119.288032975496,72,57.7139090979472,14.2860909020528,0,I,555,4
66.7103036960594,72,57.8470459068194,8.86325778924002,1,C,556,4
61.6201081329934,72,58.0825496139005,3.53755851909288,1,I,557,4
67.8077140665205,72,58.1651036348194,9.6426104317011,1,C,558,4
87.5413308342229,72,58.2788954582065,13.7211045417935,0,I,559,4
82.1534985220693,72,58.2963699661195,13.7036300338805,0,C,560,4
103.582558616149,72,58.307870272547,13.692129727453,0,I,561,4
109.230779231624,72,58.4823460131884,13.5176539868116,0,C,562,4
76.8248092285764,72,58.4911411441863,13.5088588558137,0,I,563,4
84.3198220265506,72,58.8159685023129,13.1840314976871,0,C,564,4
158.052953600293,72,58.8467505946755,13.1532494053245,0,I,565,4
198.427651342057,72,58.8568985229358,13.1431014770642,0,C,566,4
148.733581701497,72,58.9320309553295,13.0679690446705,0,I,567,4
121.923289664246,62.3699727431204,58.940887064673,3.42908567844734,0,C,568,4
154.044830356694,72,58.9517041482031,13.0482958517969,0,I,569,4
114.465289902343,72,58.9633041853085,13.0366958146915,0,C,570,4
97.7741575281074,72,59.0542806498706,12.9457193501294,0,I,571,4
155.641371849404,72,59.1726451786235,12.8273548213765,0,C,572,4
82.9918750363723,72,59.2502013081685,12.7497986918315,0,I,573,4
174.31601457464,72,59.3826600629836,12.6173399370164,0,C,574,4
81.396721163751,63.5173236525733,59.5464726537466,3.97085099882665,0,I,575,4
91.7274087750511,72,59.5594141865149,12.4405858134851,0,C,576,4
99.2346278726041,72,59.6533322241157,12.3466677758843,0,I,577,4
68.6224577697525,72,59.6806277381256,8.94183003162682,1,C,578,4
70.1837640414775,72,59.9989911401644,10.1847729013131,1,I,579,4
4.10851275658656,65.874788859298,0.134506886824965,3.97400586976159,1,C,1,5
11.195199423196,10.6097622264412,0.152093935757875,10.4576682906833,0,I,2,5
178.55109961455,72,0.234901467338204,71.7650985326618,0,C,3,5
75.9001154646795,72,0.250280499458313,71.7497195005417,0,I,4,5
31.2043563089759,72,0.279174302704632,30.9251820062713,1,C,5,5
9.47229421910341,72,0.595853431150317,8.8764407879531,1,I,6,5
57.4169365851502,72,0.665255701169372,56.7516808839808,1,C,7,5
117.90598967956,15.6139754240117,0.672136838547885,14.9418385854638,0,I,8,5
1.81998737842724,38.5870161828566,0.789508880116046,1.03047849831119,1,C,9,5
20.6619175463401,72,0.950735611841083,19.711181934499,1,I,10,5
21.4717653461353,14.7550932384329,0.978237264789641,13.7768559736433,0,C,11,5
4.84685144991067,72,1.00712387356907,3.8397275763416,1,I,12,5
17.882129591488,72,1.03333708830178,16.8487925031862,1,C,13,5
19.2457860448864,72,1.08635389711708,18.1594321477694,1,I,14,5
28.4054701757388,72,1.10876660328358,27.2967035724552,1,C,15,5
15.0396826619225,72,1.24374873004854,13.795933931874,1,I,16,5
11.2928546073498,72,1.26208830624819,10.0307663011016,1,C,17,5
36.9296509013353,72,1.27485120669007,35.6547996946452,1,I,18,5
2.24279131651165,72,1.2811156315729,0.961675684938752,1,C,19,5
44.8327708556348,72,1.5195376239717,43.3132332316631,1,I,20,5
95.4066070755763,72,1.60689117852598,70.393108821474,0,C,21,5
44.9935524755096,72,1.62185263819993,43.3716998373097,1,I,22,5
14.6787241874538,72,1.92497247364372,12.7537517138101,1,C,23,5
61.3314775424759,72,1.99058571830392,59.340891824172,1,I,24,5
25.5472042542221,72,2.19644720200449,23.3507570522176,1,C,25,5
28.0601393182586,72,2.32224945444614,25.7378898638125,1,I,26,5
94.3487397492794,72,2.38804623484612,69.6119537651539,0,C,27,5
25.3851530189866,72,3.04525775369257,22.339895265294,1,I,28,5
15.450978552777,72,3.0762166203931,12.3747619323839,1,C,29,5
140.747032055692,38.2297495860977,3.12278078868985,35.1069687974078,0,I,30,5
111.563404389132,72,3.16752957645804,68.832470423542,0,C,31,5
114.069932878884,72,3.21825069375336,68.7817493062466,0,I,32,5
42.6835029680418,72,3.41353137977421,39.2699715882675,1,C,33,5
50.8168671874481,72,3.56900216080248,47.2478650266456,1,I,34,5
73.5326788238492,72,3.79045841284096,68.209541587159,0,C,35,5
23.9775227160216,72,3.80083884112537,20.1766838748962,1,I,36,5
61.6894945476706,72,3.83551378268749,57.8539807649831,1,C,37,5
39.892716516812,72,3.85302878916264,36.0396877276494,1,I,38,5
49.6135401407705,72,3.90370273031294,45.7098374104576,1,C,39,5
29.1287459475091,12.6140017766751,3.99804961401969,8.61595216265542,0,I,40,5
30.9228988399498,72,4.027702328749,26.8951965112008,1,C,41,5
13.9431759020495,72,4.07921807840467,9.86395782364479,1,I,42,5
14.3486871441163,36.6163887400427,4.16723594069481,10.1814512034215,1,C,43,5
10.7386343565615,16.7176678518473,4.29993698839098,6.43869736817049,1,I,44,5
40.5970416696643,72,4.30838837753981,36.2886532921245,1,C,45,5
29.5168284374538,72,4.31773513555527,25.1990933018985,1,I,46,5
43.4154455058815,16.1189338530999,4.38598189037293,11.7329519627269,0,C,47,5
40.9693854310808,72,4.57505414262414,36.3943312884567,1,I,48,5
28.6912198643068,72,4.58181709516794,24.1094027691389,1,C,49,5
96.9085858693867,72,4.79625717736781,67.2037428226322,0,I,50,5
120.022969896209,65.7547812299986,4.79734315071255,60.9574380792861,0,C,51,5
33.34447415453,26.5281581119014,4.86125095747411,21.6669071544272,0,I,52,5
65.9738195630813,72,5.04380073398352,60.9300188290978,1,C,53,5
17.6153063652316,28.452899840092,5.07237754762173,12.5429288176099,1,I,54,5
67.5059120680096,67.9620340042539,5.18697244115174,62.3189396268579,1,C,55,5
65.313856874719,72,5.88666795752943,59.4271889171896,1,I,56,5
45.173367877223,72,6.24923423398286,38.9241336432401,1,C,57,5
55.7849663905644,72,6.31564275361598,49.4693236369484,1,I,58,5
79.4648748982124,72,6.36542061343789,65.6345793865621,0,C,59,5
9.60509437601502,17.1430617543035,6.3801470445469,3.22494733146811,1,I,60,5
21.6565816970903,72,6.66817519348115,14.9884065036092,1,C,61,5
13.9320680660478,72,6.78523612674326,7.14683193930455,1,I,62,5
41.7339661509526,72,6.8399666575715,34.8939994933811,1,C,63,5
47.7425130568784,11.2209923302737,6.97799901477993,4.24299331549381,0,I,64,5
10.4211723646897,31.9220872576513,7.06162670161575,3.35954566307397,1,C,65,5
98.8484429515296,31.052680352277,7.19013872556388,23.8625416267131,0,I,66,5
15.9637846593799,72,7.21043578349054,8.75334887588936,1,C,67,5
21.332481858481,72,7.28492950089276,14.0475523575883,1,I,68,5
22.8593597533627,72,7.33568685594946,15.5236728974132,1,C,69,5
19.3848915402612,72,7.38308565225452,12.0018058880066,1,I,70,5
8.20178425321168,72,7.71543868817389,0.486345565037788,1,C,71,5
103.236631554411,72,7.78982253279537,64.2101774672046,0,I,72,5
58.4277436216355,72,7.90022085886449,50.5275227627711,1,C,73,5
38.2762368603517,72,7.96381149441004,30.3124253659417,1,I,74,5
43.1799461604279,24.3495940237687,8.05245037190616,16.2971436518625,0,C,75,5
36.7381040527766,72,8.07928597088903,28.6588180818875,1,I,76,5
23.8425960767924,27.6656603210941,8.15392455551773,15.6886715212747,1,C,77,5
30.895550317484,72,8.24538323096931,22.6501670865147,1,I,78,5
26.9600036777455,72,8.25732005294412,18.7026836248014,1,C,79,5
31.9175138138731,72,8.36849424988031,23.5490195639927,1,I,80,5
78.3526117398249,72,8.37783325463533,63.6221667453647,0,C,81,5
33.9640645402122,72,8.3971482468769,25.5669162933353,1,I,82,5
75.886733871438,72,8.40163171291351,63.5983682870865,0,C,83,5
11.0684827773052,33.3373348445093,8.44689765013754,2.62158512716762,1,I,84,5
58.0631456263407,72,9.03931898530573,49.023826641035,1,C,85,5
31.8051414040526,72,9.32778074406087,22.4773606599917,1,I,86,5
85.5205723736355,72,9.36237878166139,62.6376212183386,0,C,87,5
181.73761198441,72,9.41424773074687,62.5857522692531,0,I,88,5
36.1298185550219,72,9.51976713258773,26.6100514224341,1,C,89,5
17.0355717407277,72,9.54508926719427,7.49048247353344,1,I,90,5
24.1131067948961,72,9.59959999658167,14.5135067983145,1,C,91,5
39.7445500107542,72,9.8801760468632,29.864373963891,1,I,92,5
75.5023070228151,14.0009117807429,9.88170955795795,4.11920222278496,0,C,93,5
42.9167491800218,72,9.96683725621551,32.9499119238063,1,I,94,5
102.10987686841,35.8486168339839,9.99164873734117,25.8569680966427,0,C,95,5
59.4492829431378,41.2829351263519,10.0116165122017,31.2713186141502,0,I,96,5
97.2415106974836,38.059381029816,10.2905420819297,27.7688389478863,0,C,97,5
49.3987025257108,72,10.3461683448404,39.0525341808704,1,I,98,5
68.7394095587236,46.3202438088793,10.3491540066898,35.9710898021895,0,C,99,5
67.407234279038,72,10.3529070038348,57.0543272752031,1,I,100,5
52.8621199815102,72,10.3843197366223,42.477800244888,1,C,101,5
22.2711616369923,72,10.4114624485374,11.8596991884549,1,I,102,5
168.004160026238,72,10.6573439436033,61.3426560563967,0,C,103,5
51.1128201417496,67.5235183638023,10.6576357455924,40.4551843961572,1,I,104,5
32.1185126069906,53.9697215741313,10.7528993999586,21.3656132070321,1,C,105,5
93.330350946322,72,10.7543032709509,61.2456967290491,0,I,106,5
143.854856174897,72,10.7585584837943,61.2414415162057,0,C,107,5
60.6477825354882,61.5050150951251,10.8860379550606,49.7617445804276,1,I,108,5
24.7381385555881,72,10.9895311715081,13.74860738408,1,C,109,5
28.7844715537353,72,11.0806208336726,17.7038507200627,1,I,110,5
44.3916112783845,72,11.1263309977949,33.2652802805896,1,C,111,5
20.2913426394783,72,11.5181880444288,8.77315459504949,1,I,112,5
56.17244722782,72,11.8073595967144,44.3650876311056,1,C,113,5
79.8329932296001,24.7951010893413,11.8698851438239,12.9252159455174,0,I,114,5
99.4080637326896,72,11.9567677471787,60.0432322528213,0,C,115,5
51.3226882974092,72,11.9719137623906,39.3507745350186,1,I,116,5
82.8251990193474,14.319744989413,12.191261742264,2.12848324714892,0,C,117,5
167.177157414791,72,12.238291609101,59.761708390899,0,I,118,5
113.527385031707,70.3108278476469,12.3232119251043,57.9876159225426,0,C,119,5
70.1868121645417,72,12.3910081526265,57.7958040119152,1,I,120,5
32.4497171097789,72,12.6083277119324,19.8413893978465,1,C,121,5
15.0528426505986,72,12.6583303604275,2.39451229017105,1,I,122,5
84.7085016041762,16.758038078877,12.6688749343157,4.08916314456134,0,C,123,5
30.4232515985335,72,12.8077687975019,17.6154828010316,1,I,124,5
21.3750133631422,72,12.8089961316437,8.56601723149851,1,C,125,5
74.5630157280348,72,12.8633603453636,59.1366396546364,0,I,126,5
62.2906774626752,72,12.8755029849708,49.4151744777044,1,C,127,5
20.4035495417343,72,12.9290412319824,7.47450830975187,1,I,128,5
51.451514901785,72,13.2596591161564,38.1918557856286,1,C,129,5
42.4436884557955,72,13.3306829072535,29.113005548542,1,I,130,5
16.5185526862282,45.5774764335995,13.7697057891637,2.74884689706445,1,C,131,5
24.4352970371051,72,13.8016283232719,10.6336687138332,1,I,132,5
31.9960248647233,72,13.8872761605307,18.1087487041925,1,C,133,5
124.121054881485,72,13.9916982036084,58.0083017963916,0,I,134,5
32.4543977754004,72,14.0090681053698,18.4453296700306,1,C,135,5
81.8221334328389,27.0024963900921,14.1114471154287,12.8910492746634,0,I,136,5
26.5307271981677,72,14.1471831779927,12.383544020175,1,C,137,5
153.10745306681,72,14.1611150605604,57.8388849394396,0,I,138,5
35.4279431184896,26.9858889588611,14.266620632261,12.7192683266,0,C,139,5
71.9875085988849,67.4362583044782,14.4656111067161,52.9706471977621,0,I,140,5
45.165932940612,72,14.7022288804874,30.4637040601246,1,C,141,5
76.8103037929629,72,14.7181933186948,57.2818066813052,0,I,142,5
123.121641371554,72,14.794780081138,57.205219918862,0,C,143,5
51.3196661672012,22.2886090159313,14.8244646191597,7.4641443967716,0,I,144,5
46.1272271398364,72,14.9094283115119,31.2177988283245,1,C,145,5
78.1351373220957,72,14.9574277130887,57.0425722869113,0,I,146,5
69.7332978442996,72,15.0394253432751,54.6938725010246,1,C,147,5
18.844172954828,30.277424182365,15.3097827779129,3.53439017691504,1,I,148,5
39.3925178815942,72,15.3268135897815,24.0657042918127,1,C,149,5
50.2348730776272,72,15.358898146078,34.8759749315492,1,I,150,5
22.6332649223528,72,15.4081664420664,7.22509848028632,1,C,151,5
46.3786792832064,72,15.4208495188504,30.957829764356,1,I,152,5
48.5019509196893,72,15.6738304998726,32.8281204198168,1,C,153,5
43.8562091535967,72,15.7488825917244,28.1073265618723,1,I,154,5
16.7948146394557,72,15.965941445902,0.828873193553698,1,C,155,5
39.1722255990973,72,16.3507110765204,22.8215145225769,1,I,156,5
19.0928798145146,72,16.4939965121448,2.59888330236975,1,C,157,5
16.7653984059885,72,16.5723942127079,0.193004193280582,1,I,158,5
89.8002376352017,72,16.5841480158269,55.4158519841731,0,C,159,5
87.21618269131,72,16.6522758733481,55.3477241266519,0,I,160,5
50.4824201538701,72,16.7418346647173,33.7405854891528,1,C,161,5
64.5498279415681,20.8575686600034,16.9076961977407,3.9498724622627,0,I,162,5
90.081289556538,72,16.9652589876205,55.0347410123795,0,C,163,5
26.8509387026244,72,16.9775868952274,9.87335180739692,1,I,164,5
39.0396697818389,72,17.178743686527,21.8609260953118,1,C,165,5
54.6381182143699,72,17.290499964729,37.347618249641,1,I,166,5
83.609493441427,22.8881106956879,17.3244010191411,5.56370967654682,0,C,167,5
66.4396000498377,72,17.401348692365,49.0382513574727,1,I,168,5
27.6927470774783,72,17.4904825212434,10.2022645562349,1,C,169,5
71.8773748168686,40.2907925014777,17.5106289004907,22.780163600987,0,I,170,5
75.0943945060987,32.7833236773814,17.5278437230736,15.2554799543078,0,C,171,5
66.4179118434049,72,17.6625217404217,48.7553901029832,1,I,172,5
39.2632068499311,72,17.697609490715,21.5655973592162,1,C,173,5
34.7436387759355,72,17.7745955949649,16.9690431809705,1,I,174,5
32.7197405597441,72,18.2065939670429,14.5131465927013,1,C,175,5
51.0992288825832,72,18.3215244021267,32.7777044804566,1,I,176,5
77.2522727530706,72,18.3711685007438,53.6288314992562,0,C,177,5
38.6574139966382,72,18.4199923742563,20.2374216223819,1,I,178,5
97.0931296840708,72,18.4947446733713,53.5052553266287,0,C,179,5
129.081506216012,72,18.5452051274478,53.4547948725522,0,I,180,5
73.7315831380714,72,18.7181480973959,53.2818519026041,0,C,181,5
80.3110545486991,72,18.8011504942551,53.1988495057449,0,I,182,5
30.7023582531119,47.0653143059683,18.8911932427436,11.8111650103683,1,C,183,5
93.889585634317,49.65873472635,18.9844760997221,30.6742586266279,0,I,184,5
56.9437348237548,72,18.9871584065259,37.956576417229,1,C,185,5
97.3157298435709,25.6914483484039,19.0027820784599,6.68866626994408,0,I,186,5
81.1149832942201,72,19.1364959394559,52.8635040605441,0,C,187,5
20.8138547293605,72,19.3782212398946,1.43563348946592,1,I,188,5
57.6709281565702,72,19.4263082183898,38.2446199381804,1,C,189,5
24.2731999156619,72,19.7697846684605,4.50341524720137,1,I,190,5
21.7239689062858,72,19.8311430495232,1.89282585676253,1,C,191,5
27.5918783406606,72,19.9168583052233,7.67502003543736,1,I,192,5
63.450233896866,72,19.9979243986309,43.4523094982351,1,C,193,5
56.710762664534,72,20.0019403640181,36.7088223005159,1,I,194,5
121.550321611865,72,20.125204436481,51.874795563519,0,C,195,5
89.1819021653861,72,20.3068222571164,51.6931777428836,0,I,196,5
27.6913961133193,72,20.5399412009865,7.15145491233277,1,C,197,5
109.522753934215,72,20.8639042591676,51.1360957408324,0,I,198,5
39.8157748891177,21.4935213404058,21.4655910898,0.0279302506058237,0,C,199,5
63.5816267886069,72,21.614671270363,41.9669555182438,1,I,200,5
99.0336607471087,72,21.9669500878081,50.0330499121919,0,C,201,5
61.7777217565458,72,22.0073636854067,39.770358071139,1,I,202,5
45.4092643919329,22.6357460713597,22.1165788639337,0.519167207426005,0,C,203,5
76.0362155462297,72,22.1383336465806,49.8616663534194,0,I,204,5
57.0844980940401,72,22.1536107547581,34.930887339282,1,C,205,5
29.5071746409588,72,22.2134458087385,7.29372883222032,1,I,206,5
28.3322593097421,72,22.2215161984786,6.11074311126341,1,C,207,5
22.3671885147779,72,22.2949636727571,0.0722248420207076,1,I,208,5
28.6029536453523,72,22.351410468109,6.25154317724331,1,C,209,5
91.7877730303594,72,22.3672849405557,49.6327150594443,0,I,210,5
53.2845028676223,72,22.4299297621474,30.8545731054749,1,C,211,5
123.850476627106,72,22.5174058740959,49.4825941259041,0,I,212,5
98.8848763584297,72,22.7899264823645,49.2100735176355,0,C,213,5
63.1887582067167,72,22.9272818053141,40.2614764014026,1,I,214,5
119.026599864057,72,23.2061492046341,48.7938507953659,0,C,215,5
123.359199867524,72,23.2449606573209,48.7550393426791,0,I,216,5
26.1999655931996,72,23.491724752821,2.70824084037853,1,C,217,5
108.033964395529,72,23.4937481023371,48.5062518976629,0,I,218,5
96.7014360644877,72,23.5271166684106,48.4728833315894,0,C,219,5
41.3431431389007,72,23.571291519329,17.7718516195717,1,I,220,5
27.8076352148182,72,23.6383971758187,4.16923803899948,1,C,221,5
60.0376183208398,72,23.7616685405374,36.2759497803025,1,I,222,5
78.0384556840099,65.6665384811654,23.9267538534477,41.7397846277177,0,C,223,5
25.1447286657524,72,23.9489395078272,1.19578915792524,1,I,224,5
59.2858506252464,72,23.999969442375,35.2858811828714,1,C,225,5
26.2277166170276,72,24.1877574613318,2.03995915569586,1,I,226,5
34.7860138788306,72,24.2163853207603,10.5696285580703,1,C,227,5
25.2902510075546,72,24.3520953319967,0.93815567555789,1,I,228,5
56.2161773000178,72,24.4507896853611,31.7653876146567,1,C,229,5
69.2367825987403,72,24.4829279277474,44.7538546709929,1,I,230,5
146.395663790746,72,24.5393587835133,47.4606412164867,0,C,231,5
34.8632520044781,72,24.5529570803046,10.3102949241734,1,I,232,5
72.8461560990611,43.4523296139091,24.5846549794078,18.8676746345013,0,C,233,5
81.6122996815106,71.7428002510188,24.5860478980467,47.1567523529721,0,I,234,5
44.3735913322204,72,24.6324898581952,19.7411014740252,1,C,235,5
46.9204843160181,72,24.6586452936754,22.2618390223428,1,I,236,5
50.4798124569759,44.8127982583496,24.6662567881867,20.1465414701628,0,C,237,5
37.6745806032118,72,24.9212014954537,12.7533791077581,1,I,238,5
83.990387424119,72,25.4722670931369,46.5277329068631,0,C,239,5
39.2052568805212,72,25.488405986689,13.7168508938321,1,I,240,5
92.5202802032214,63.0686855361781,25.5251673096791,37.543518226499,0,C,241,5
28.3986523042231,72,25.5691220238805,2.82953028034263,1,I,242,5
48.035472943948,72,25.9149968717247,22.1204760722233,1,C,243,5
39.3324426846847,39.1159413425438,25.9729022718966,13.1430390706472,0,I,244,5
85.8258570565077,72,26.2045340007171,45.7954659992829,0,C,245,5
179.538802818166,72,26.2574918987229,45.7425081012771,0,I,246,5
74.2398143112604,72,26.2751268222928,45.7248731777072,0,C,247,5
99.9429352322403,57.9350331916992,26.4462727820501,31.4887604096492,0,I,248,5
35.7632576459778,72,26.7396060889587,9.02365155701909,1,C,249,5
70.2664623785519,68.2240189212136,26.7753406288102,41.4486782924033,0,I,250,5
28.0384988935306,72,26.9280076632276,1.11049123030294,1,C,251,5
28.4482802549114,72,26.935252812691,1.51302744222041,1,I,252,5
70.0878598578907,66.8655895567476,26.9721319992095,39.8934575575381,0,C,253,5
96.7500728302049,72,26.9869376113638,45.0130623886362,0,I,254,5
45.3652453855262,72,27.1375007601455,18.2277446253807,1,C,255,5
55.6453504014095,72,27.1661857422441,28.4791646591653,1,I,256,5
74.3138621353831,72,27.251094407402,44.748905592598,0,C,257,5
91.429720157949,72,27.4316344549879,44.5683655450121,0,I,258,5
64.2061138060658,31.1904469656723,27.4863450229168,3.70410194275553,0,C,259,5
41.4151228298362,72,27.5238080509007,13.8913147789355,1,I,260,5
97.7675350501611,72,27.7763363951817,44.2236636048183,0,C,261,5
51.4770336669205,72,27.8274729195982,23.6495607473223,1,I,262,5
117.974888764434,72,27.8557436401024,44.1442563598976,0,C,263,5
57.7845028440963,72,27.8688402101398,29.9156626339565,1,I,264,5
48.1400440944374,69.1903922495463,27.9530577734113,20.1869863210261,1,C,265,5
73.3980447053999,72,27.9674518061802,44.0325481938198,0,I,266,5
46.9448804488022,72,28.0734982341528,18.8713822146494,1,C,267,5
50.65715114732,72,28.2787050073966,22.3784461399234,1,I,268,5
83.1292635320906,72,28.3676390536129,43.6323609463871,0,C,269,5
57.3340838487766,72,28.3751813136041,28.9589025351725,1,I,270,5
101.762829347246,72,28.4222324565053,43.5777675434947,0,C,271,5
92.3299570027326,72,28.6660863971338,43.3339136028662,0,I,272,5
56.1694500652912,72,28.7316112965345,27.4378387687566,1,C,273,5
37.1220522521198,72,28.9505585096777,8.17149374244217,1,I,274,5
49.0914777882903,72,29.0193685982376,20.0721091900526,1,C,275,5
76.5440998139339,72,29.0873406780884,42.9126593219116,0,I,276,5
74.4205266296142,38.6469730353227,29.0928873885423,9.55408564678043,0,C,277,5
70.0379436072274,40.7707255409042,29.2859061202034,11.4848194207008,0,I,278,5
81.7415323240277,29.7519978527156,29.3570946995169,0.394903153198687,0,C,279,5
72.1889871346339,72,29.3819435918704,42.6180564081296,0,I,280,5
46.4984361635484,72,29.4871762907133,17.0112598728352,1,C,281,5
70.2698943846457,69.9646514805583,29.5428209658712,40.4218305146871,0,I,282,5
113.684031643551,72,29.8334491252899,42.1665508747101,0,C,283,5
84.4283817800014,72,29.8637532396242,42.1362467603758,0,I,284,5
36.2055349914692,72,29.9205290386453,6.28500595282384,1,C,285,5
35.7374535114504,72,30.1055004168302,5.6319530946202,1,I,286,5
80.4955713845087,72,30.1974610704929,41.8025389295071,0,C,287,5
37.3302814039525,72,30.2121631382033,7.11811826574916,1,I,288,5
39.3247508034283,72,30.3745258972049,8.95022490622338,1,C,289,5
203.330571455366,72,30.3837006306276,41.6162993693724,0,I,290,5
38.1017831766309,72,30.401715086773,7.70006808985791,1,C,291,5
113.679687014615,72,30.4707477847114,41.5292522152886,0,I,292,5
84.5148032718946,47.208291709518,30.5481010861695,16.6601906233485,0,C,293,5
98.5624684757926,72,30.5613337503746,41.4386662496254,0,I,294,5
51.1624578604556,72,30.8098729373887,20.3525849230669,1,C,295,5
118.321288542898,72,30.890678409487,41.109321590513,0,I,296,5
31.8197200032562,72,30.9262084309012,0.893511572355017,1,C,297,5
145.437444885384,72,30.9814970148727,41.0185029851273,0,I,298,5
85.9217849289041,39.2396317284662,31.0045405570418,8.23509117142443,0,C,299,5
86.4213128650069,72,31.2516098236665,40.7483901763335,0,I,300,5
95.567517515398,72,31.3632543152198,40.6367456847802,0,C,301,5
100.76791459379,72,31.3840113440529,40.6159886559472,0,I,302,5
36.7268574523373,72,31.5916797704995,5.13517768183785,1,C,303,5
33.3797465113757,72,31.6703129047528,1.70943360662286,1,I,304,5
38.3285887533056,65.557396971954,31.6874390188605,6.64114973444509,1,C,305,5
36.974169704501,71.9927803383346,31.7139514954761,5.26021820902494,1,I,306,5
60.514273348506,68.7841330986917,31.7364463303238,28.7778270181821,1,C,307,5
43.0867150313378,72,31.8953840062022,11.1913310251355,1,I,308,5
41.9796489067913,47.0922288755861,32.1290037687868,9.85064513800448,1,C,309,5
151.78583566627,72,32.4933292390779,39.5066707609221,0,I,310,5
48.5103181160725,72,32.5008675595745,16.009450556498,1,C,311,5
94.0167852138046,72,32.5198759976774,39.4801240023226,0,I,312,5
56.3237574645491,72,32.571349083446,23.7524083811031,1,C,313,5
57.1690303651351,72,32.5779766961932,24.5910536689418,1,I,314,5
73.9560814015991,72,32.5922441203147,39.4077558796853,0,C,315,5
68.0350809218649,64.7600532537002,32.6429479429498,32.1171053107504,0,I,316,5
39.9920826184695,72,32.7090283250436,7.2830542934259,1,C,317,5
54.4065210228598,72,32.9245888162404,21.4819322066193,1,I,318,5
134.527587612879,72,32.9968737624586,39.0031262375414,0,C,319,5
71.4611990946867,72,33.0490820109844,38.4121170837022,1,I,320,5
135.399644864484,72,33.1038480391726,38.8961519608274,0,C,321,5
67.9950930076983,72,33.1177612580359,34.8773317496624,1,I,322,5
36.4503752763499,72,33.3549621608108,3.09541311553906,1,C,323,5
46.2927338889921,72,33.5545875225216,12.7381463664705,1,I,324,5
36.4586667333655,72,33.7435626424849,2.71510409088059,1,C,325,5
36.7146215418256,56.0603097247295,33.7605270277709,2.95409451405473,1,I,326,5
56.9563475258146,72,33.7893027020618,23.1670448237527,1,C,327,5
56.0750824902585,72,33.8138516200706,22.2612308701878,1,I,328,5
52.5889486075047,72,33.8895441312343,18.6994044762704,1,C,329,5
37.9862500356781,34.732159087765,33.9580053370446,0.774153750720437,0,I,330,5
37.5913235049141,72,34.0405557397753,3.55076776513878,1,C,331,5
178.722238001801,72,34.0746627515182,37.9253372484818,0,I,332,5
96.412712662909,72,34.1187680186704,37.8812319813296,0,C,333,5
163.48979216088,72,34.1242880607024,37.8757119392976,0,I,334,5
50.5859919180069,72,34.1390994004905,16.4468925175164,1,C,335,5
90.9710216088644,72,34.1622911766171,37.8377088233829,0,I,336,5
34.9738799234395,72,34.1943880403414,0.779491883098066,1,C,337,5
41.6394020639364,72,34.2910152627155,7.34838680122089,1,I,338,5
45.386169036019,72,34.2932820785791,11.0928869574399,1,C,339,5
39.327512360841,72,34.5306533295661,4.79685903127487,1,I,340,5
240.557091267801,72,34.5526345912367,37.4473654087633,0,C,341,5
42.7170625702835,40.1578206434283,34.5820148661733,5.57580577725499,0,I,342,5
115.544604856954,72,34.6277923788875,37.3722076211125,0,C,343,5
80.9805065997571,72,34.7823336906731,37.2176663093269,0,I,344,5
53.6485620557427,72,34.9151945114136,18.7333675443291,1,C,345,5
104.900799563139,62.2328556689187,34.9356073793024,27.2972482896163,0,I,346,5
69.7913625804335,72,35.0607634149492,34.7305991654844,1,C,347,5
99.2409447499225,72,35.2346661128104,36.7653338871896,0,I,348,5
58.6984041547425,72,35.2697106543928,23.4286935003496,1,C,349,5
162.686572318223,72,35.2861740114167,36.7138259885833,0,I,350,5
90.7574733163917,72,35.3434893395752,36.6565106604248,0,C,351,5
65.734651252712,72,35.3893107734621,30.3453404792499,1,I,352,5
76.5224784171216,72,35.5292450543493,36.4707549456507,0,C,353,5
35.999962662295,72,35.5982095655054,0.401753096789562,1,I,354,5
68.0988731576137,72,35.6577919609845,32.4410811966292,1,C,355,5
62.2179554129938,72,35.8056019200012,26.4123534929926,1,I,356,5
88.1755644759138,72,35.857714349404,36.142285650596,0,C,357,5
63.2036735441869,50.5341257140606,36.2958157528192,14.2383099612414,0,I,358,5
61.0511193095909,72,36.4593079173937,24.5918113921972,1,C,359,5
281.745027227598,72,36.5399119025096,35.4600880974904,0,I,360,5
60.7221378500165,72,36.6719757998362,24.0501620501803,1,C,361,5
86.8952514970989,72,36.7382709123194,35.2617290876806,0,I,362,5
49.680735524476,72,36.7879382707179,12.8927972537581,1,C,363,5
84.6502195651863,72,36.8238096311688,35.1761903688312,0,I,364,5
91.0664723729408,72,36.9259297521785,35.0740702478215,0,C,365,5
42.901289343017,65.1487818472117,36.9682775018737,5.93301184114328,1,I,366,5
56.2703775338896,72,37.0029162615538,19.2674612723358,1,C,367,5
39.4998823675933,72,37.0189318573102,2.48095051028307,1,I,368,5
104.905194780478,72,37.0996272889897,34.9003727110103,0,C,369,5
47.0224479455855,72,37.1015483792871,9.92089956629838,1,I,370,5
158.543962385508,72,37.163259582594,34.836740417406,0,C,371,5
53.7513631556265,72,37.2290438739583,16.5223192816682,1,I,372,5
42.2906470305943,72,37.2864258941263,5.00422113646798,1,C,373,5
104.295261935129,72,37.3934612888843,34.6065387111157,0,I,374,5
106.867511381246,72,37.525300369598,34.474699630402,0,C,375,5
75.7139606819816,72,37.6285742036998,34.3714257963002,0,I,376,5
53.1102676091765,47.1920253889528,37.6663529220969,9.52567246685593,0,C,377,5
70.7557475374058,72,38.2495505036786,32.5061970337272,1,I,378,5
90.6410764747341,72,38.2521834690124,33.7478165309876,0,C,379,5
101.680122826263,72,38.2549876905978,33.7450123094022,0,I,380,5
43.0753252653087,72,38.3219319954515,4.7533932698572,1,C,381,5
40.4174711431221,71.7864077217839,38.3651239983737,2.05234714474838,1,I,382,5
129.489425357019,72,38.437360455282,33.562639544718,0,C,383,5
82.3118514079449,42.5240854721149,38.5816667648032,3.94241870731162,0,I,384,5
50.8630995613868,72,38.6028501810506,12.2602493803362,1,C,385,5
83.1732576474862,72,38.6468463717029,33.3531536282972,0,I,386,5
181.065442216717,72,38.7797468528152,33.2202531471849,0,C,387,5
68.4958961522806,72,38.8044001813978,29.6914959708828,1,I,388,5
185.556315057011,72,39.0058759879321,32.9941240120679,0,C,389,5
97.7479189342833,72,39.1721080429852,32.8278919570148,0,I,390,5
71.0643957221887,72,39.1876142006367,31.8767815215519,1,C,391,5
123.565556260713,72,39.3045170372352,32.6954829627648,0,I,392,5
44.5906906532941,72,39.4189054425806,5.17178521071354,1,C,393,5
63.7970315883833,72,39.4905912084505,24.3064403799328,1,I,394,5
64.4509653728032,72,39.5052377320826,24.9457276407206,1,C,395,5
83.4188355537027,72,39.6767370169982,32.3232629830018,0,I,396,5
43.3209168537734,72,39.7363401576877,3.58457669608577,1,C,397,5
87.9896771575467,72,39.8170949751511,32.1829050248489,0,I,398,5
62.1801419254129,72,39.8984908126295,22.2816511127834,1,C,399,5
82.6060564710615,72,39.9499041773379,32.0500958226621,0,I,400,5
41.6699248915363,72,40.13340159785,1.53652329368624,1,C,401,5
74.1600372495426,72,40.2824647771195,31.7175352228805,0,I,402,5
49.354810440177,72,40.2957236766815,9.05908676349546,1,C,403,5
43.6877746742399,72,40.3307060385123,3.35706863572759,1,I,404,5
42.2240769322312,72,40.3703091759235,1.85376775630768,1,C,405,5
48.0815893658302,72,40.3868517139927,7.69473765183751,1,I,406,5
110.893811269216,72,40.4610766097903,31.5389233902097,0,C,407,5
60.5727162631986,47.5385081561804,40.6187386298552,6.91976952632516,0,I,408,5
77.4510179936435,72,40.6983439950272,31.3016560049728,0,C,409,5
110.934221372813,55.8320292922024,40.8606309397146,14.9713983524878,0,I,410,5
58.0514636573862,72,41.0170508455485,17.0344128118377,1,C,411,5
94.0597170045245,72,41.146086207591,30.853913792409,0,I,412,5
166.32335709349,62.8054728652116,41.1522919591516,21.6531809060599,0,C,413,5
56.6626114925959,72,41.1952776834369,15.467333809159,1,I,414,5
81.9011085091276,63.8704114745585,41.2112379865721,22.6591734879864,0,C,415,5
44.648931247142,72,41.2462710030377,3.40266024410434,1,I,416,5
67.3726636448504,42.2368845186309,41.4659474976361,0.770937020994772,0,C,417,5
77.6059482539739,72,41.6269632568583,30.3730367431417,0,I,418,5
51.2974133203073,72,41.7127566458657,9.5846566744416,1,C,419,5
121.459366296316,72,41.7601376026869,30.2398623973131,0,I,420,5
76.3595508475915,72,41.8232423113659,30.1767576886341,0,C,421,5
44.8155919910211,72,41.8409898877144,2.97460210330671,1,I,422,5
46.4727440581492,72,41.8985558627173,4.5741881954319,1,C,423,5
78.0147236072049,72,41.9034112337977,30.0965887662023,0,I,424,5
61.6898678576489,72,42.0758293010294,19.6140385566195,1,C,425,5
83.1391740344982,47.6929378290927,42.2859200136736,5.40701781541905,0,I,426,5
67.1337257117814,72,42.6293965475634,24.504329164218,1,C,427,5
232.469342134475,72,42.6363410521299,29.3636589478701,0,I,428,5
55.5954480685596,72,42.6431344728917,12.9523135956679,1,C,429,5
100.94485074248,72,42.7012554975227,29.2987445024774,0,I,430,5
46.4541226043501,72,43.0101480474696,3.44397455688053,1,C,431,5
123.145586226969,72,43.0222035571933,28.9777964428067,0,I,432,5
75.2713475324794,72,43.0465967115015,28.9534032884985,0,C,433,5
121.054215061652,72,43.1977038038895,28.8022961961106,0,I,434,5
105.399480263242,72,43.3170620212331,28.6829379787669,0,C,435,5
93.606302754855,72,43.3427964895964,28.6572035104036,0,I,436,5
83.4711635896,72,43.5759408026934,28.4240591973066,0,C,437,5
63.5527228945027,72,43.5763765359297,19.976346358573,1,I,438,5
109.977203846359,72,43.6203405819833,28.3796594180167,0,C,439,5
75.5521024371773,72,43.7251535849646,28.2748464150354,0,I,440,5
110.132393514749,72,43.8005685433745,28.1994314566255,0,C,441,5
75.7532116534857,72,43.8278321642429,28.1721678357571,0,I,442,5
104.13495081246,72,43.847084697336,28.152915302664,0,C,443,5
100.562765230928,72,44.0201980853453,27.9798019146547,0,I,444,5
130.560085025572,72,44.0334870899096,27.9665129100904,0,C,445,5
66.8493371254696,53.2793344074292,44.0679557388648,9.21137866856432,0,I,446,5
78.182871072794,52.5892047187427,44.1107079852372,8.47849673350544,0,C,447,5
72.0315294510759,72,44.1161884786561,27.8838115213439,0,I,448,5
65.7925072446748,72,44.1898036049679,21.6027036397069,1,C,449,5
83.0745895638372,72,44.3627912225202,27.6372087774798,0,I,450,5
45.0685142690505,72,44.639803385362,0.428710883688444,1,C,451,5
182.391984781448,72,44.8128371033818,27.1871628966183,0,I,452,5
52.1785287989733,72,44.8436371888965,7.3348916100768,1,C,453,5
80.9910004109714,72,45.0155528727919,26.9844471272081,0,I,454,5
47.4225242702956,72,45.0947971874848,2.32772708281075,1,C,455,5
61.8944439639489,72,45.29543237295,16.5990115909988,1,I,456,5
137.294845111867,72,45.4431666294113,26.5568333705887,0,C,457,5
53.9990459872853,72,45.4726566653699,8.52638932191538,1,I,458,5
49.8039525134779,72,45.5460388725624,4.25791364091551,1,C,459,5
154.619597285543,48.5699604660637,45.8760597277433,2.69390073832038,0,I,460,5
115.275947952113,72,45.9506791876629,26.0493208123371,0,C,461,5
63.6201110782621,72,45.9692444046959,17.6508666735662,1,I,462,5
59.1054446097234,72,45.9763715788722,13.1290730308512,1,C,463,5
87.5924938541185,51.9721921584349,46.0298973089084,5.94229484952651,0,I,464,5
124.994180512915,72,46.0853177960962,25.9146822039038,0,C,465,5
48.5897066109253,72,46.2394101871178,2.35029642380752,1,I,466,5
77.5871353139671,72,46.2593583762646,25.7406416237354,0,C,467,5
67.1408198820573,72,46.2942397221923,20.846580159865,1,I,468,5
46.9949052322075,72,46.3050370384008,0.689868193806735,1,C,469,5
85.5418489815815,72,46.3185104727745,25.6814895272255,0,I,470,5
81.8593916006055,72,46.3397866208106,25.6602133791894,0,C,471,5
84.0931926737657,72,46.3691463880241,25.6308536119759,0,I,472,5
53.523330362109,72,46.539313509129,6.98401685298005,1,C,473,5
63.5414247690774,69.4732737140835,46.5482992026955,16.9931255663819,1,I,474,5
98.5406685789899,72,46.5511987823993,25.4488012176007,0,C,475,5
150.770818180928,72,46.6540050320327,25.3459949679673,0,I,476,5
65.6026248564102,60.5401758680231,46.678717341274,13.8614585267491,0,C,477,5
51.0138594455142,72,46.6789546469227,4.33490479859152,1,I,478,5
126.323783898111,72,46.6949719190598,25.3050280809403,0,C,479,5
87.761091317836,72,46.8050719890744,25.1949280109257,0,I,480,5
66.0496022132044,72,46.9990038592368,19.0505983539675,1,C,481,5
71.8557903445745,72,47.0651063136756,24.7906840308989,1,I,482,5
52.506955418672,72,47.0996324624866,5.40732295618537,1,C,483,5
60.4982174910576,72,47.1187790343538,13.3794384567038,1,I,484,5
62.8392290662723,72,47.1421989938244,15.6970300724479,1,C,485,5
75.1052601057198,72,47.169562918134,24.830437081866,0,I,486,5
62.0073209598222,72,47.1943644806743,14.812956479148,1,C,487,5
75.658156261432,72,47.2412433894351,24.7587566105649,0,I,488,5
51.6894431324455,72,47.3866359516978,4.30280718074769,1,C,489,5
157.004203810437,72,47.4452493293211,24.5547506706789,0,I,490,5
51.2938967580756,72,47.6816719863564,3.61222477171917,1,C,491,5
52.2244627302818,72,47.6856584334746,4.53880429680722,1,I,492,5
48.0396458252634,72,47.7225592033938,0.31708662186966,1,C,493,5
60.0975115103042,72,47.7772762952372,12.320235215067,1,I,494,5
79.0531113378736,72,47.807073793374,24.192926206626,0,C,495,5
117.166275553176,72,47.9538052948192,24.0461947051808,0,I,496,5
199.423767953733,72,48.1537145795301,23.8462854204699,0,C,497,5
65.3831804340201,72,48.2908297050744,17.0923507289457,1,I,498,5
71.7284025794873,72,48.3711313130334,23.3572712664539,1,C,499,5
77.592803905474,72,48.3759489795193,23.6240510204807,0,I,500,5
56.408930363126,72,48.4004835784435,8.00844678468246,1,C,501,5
213.906234297964,72,48.4040147205815,23.5959852794185,0,I,502,5
117.937986425853,72,48.4579027164727,23.5420972835273,0,C,503,5
94.116741644528,72,48.5085261845961,23.4914738154039,0,I,504,5
71.2681522200007,56.1311145379629,48.5638551833108,7.56725935465206,0,C,505,5
58.0582634504804,72,48.5906275967136,9.46763585376677,1,I,506,5
53.6824022469777,72,48.7063656421378,4.9760366048399,1,C,507,5
49.9677971822252,72,48.8134657451883,1.15433143703692,1,I,508,5
57.1828584921281,72,49.2040176177397,7.97884087438836,1,C,509,5
57.1456184056591,72,49.2144248681143,7.93119353754484,1,I,510,5
70.1153154386701,72,49.423115788959,20.6921996497111,1,C,511,5
69.7291753051599,52.5268189563963,49.4623827002943,3.06443625610199,0,I,512,5
87.3321144625731,72,49.5218594837934,22.4781405162066,0,C,513,5
63.9240500364084,72,49.5369279105216,14.3871221258867,1,I,514,5
164.967827612703,72,49.7278522979468,22.2721477020532,0,C,515,5
50.1851790738664,72,49.9407160514966,0.244463022369829,1,I,516,5
59.3717598736402,72,49.9817194277421,9.39004044589813,1,C,517,5
77.5383841547637,63.9223696166247,50.0213312543929,13.9010383622318,0,I,518,5
70.3948358792372,72,50.0623286096379,20.3325072695993,1,C,519,5
55.6534082063164,72,50.1382357953116,5.51517241100471,1,I,520,5
97.9706938120971,72,50.1758900703862,21.8241099296138,0,C,521,5
109.212155952169,72,50.2318243682385,21.7681756317616,0,I,522,5
107.580565258701,72,50.2784022549167,21.7215977450833,0,C,523,5
130.265868423061,72,50.3640131559223,21.6359868440777,0,I,524,5
51.6879969625712,72,50.672082756646,1.01591420592522,1,C,525,5
65.6468958849196,72,50.7421506335959,14.9047452513237,1,I,526,5
132.071147353712,72,50.8057881239802,21.1942118760198,0,C,527,5
115.91650402955,72,50.926522272639,21.073477727361,0,I,528,5
67.158860174925,72,50.9932453930378,16.1656147818872,1,C,529,5
82.31020481124,72,51.0637600533664,20.9362399466336,0,I,530,5
58.3574537745943,72,51.175815872848,7.1816379017463,1,C,531,5
134.66020428899,72,51.176472203806,20.823527796194,0,I,532,5
73.6195409050111,72,51.2029991811141,20.7970008188859,0,C,533,5
92.6613015793869,72,51.5181008493528,20.4818991506472,0,I,534,5
53.8213573140882,72,51.6644371161237,2.15692019796446,1,C,535,5
53.4862338651543,72,51.7039779061452,1.7822559590091,1,I,536,5
65.3404666938979,72,51.7512764269486,13.5891902669492,1,C,537,5
86.7438034094253,72,51.8068224750459,20.1931775249541,0,I,538,5
127.379250201765,72,51.9304883200675,20.0695116799325,0,C,539,5
97.2651946500239,72,52.0915179653093,19.9084820346907,0,I,540,5
74.8962944399235,72,52.1356286387891,19.8643713612109,0,C,541,5
178.95567933445,72,52.2954210871831,19.7045789128169,0,I,542,5
53.7274235307505,72,52.4328268971294,1.29459663362113,1,C,543,5
298.872413870811,72,52.5540753174573,19.4459246825427,0,I,544,5
55.5860530470929,72,52.5569802615792,3.02907278551369,1,C,545,5
97.0214151274467,72,52.7487495727837,19.2512504272163,0,I,546,5
60.9196836492954,72,52.7667588042095,8.15292484508583,1,C,547,5
63.826504059627,72,52.8534553293139,10.9730487303131,1,I,548,5
151.81099980248,72,52.9416384827346,19.0583615172654,0,C,549,5
132.621702639833,72,52.9595684213564,19.0404315786436,0,I,550,5
90.8718810596362,72,52.9947493365035,19.0052506634966,0,C,551,5
55.3076872387387,72,53.0229060351849,2.28478120355385,1,I,552,5
95.761836864634,72,53.0387592175975,18.9612407824025,0,C,553,5
177.343160358372,72,53.1404578126967,18.8595421873033,0,I,554,5
60.7000373371389,72,53.2411211449653,7.45891619217364,1,C,555,5
68.4657979434662,72,53.2544576050714,15.2113403383948,1,I,556,5
63.6065569107215,72,53.3153348928317,10.2912220178898,1,C,557,5
104.352884972066,72,53.3399315737188,18.6600684262812,0,I,558,5
71.5211003775568,72,53.3895470201969,18.1315533573599,1,C,559,5
95.5075471167431,72,53.5491237184033,18.4508762815967,0,I,560,5
66.7519305076114,72,53.6063954327256,13.1455350748859,1,C,561,5
136.337869406243,72,53.6102475877851,18.3897524122149,0,I,562,5
55.8379347017702,72,53.6114012310281,2.22653347074204,1,C,563,5
75.5602333159612,72,53.6410492099822,18.3589507900178,0,I,564,5
82.0377187080081,72,53.6900972994044,18.3099027005956,0,C,565,5
117.374022794007,72,53.7551735853776,18.2448264146224,0,I,566,5
63.2690752088157,72,53.812923822552,9.45615138626374,1,C,567,5
86.9681161851775,72,53.8400845695287,18.1599154304713,0,I,568,5
56.2103418074384,72,53.9691102644429,2.24123154299551,1,C,569,5
71.690866347786,72,53.9835808239877,17.7072855237983,1,I,570,5
64.9971120205075,72,54.0558769321069,10.9412350884006,1,C,571,5
233.449642511421,72,54.0951865771785,17.9048134228215,0,I,572,5
62.5494683511583,72,54.0974617609754,8.45200659018284,1,C,573,5
119.10786472511,72,54.1033074539155,17.8966925460845,0,I,574,5
84.5817627903016,72,54.2339129559696,17.7660870440304,0,C,575,5
91.8281096028485,72,54.2526919953525,17.7473080046475,0,I,576,5
184.141143241545,72,54.2702454747632,17.7297545252368,0,C,577,5
68.8959521931628,72,54.4775711232796,14.4183810698832,1,I,578,5
57.3791478184178,72,54.9212604342029,2.45788738421497,1,C,579,5
68.7410194074708,72,54.990665903315,13.7503535041559,1,I,580,5
94.1150969984878,72,54.9963807407767,17.0036192592233,0,C,581,5
73.9403098832867,72,55.0148831773549,16.9851168226451,0,I,582,5
61.1577930896529,72,55.0575828691945,6.10021022045844,1,C,583,5
502.908492606026,72,55.0884318072349,16.9115681927651,0,I,584,5
71.3386231473319,72,55.109099233523,16.2295239138089,1,C,585,5
78.5353275397793,72,55.3268880955875,16.6731119044125,0,I,586,5
62.0507570226258,72,55.3552194451913,6.69553757743442,1,C,587,5
115.067829254331,72,55.3762028552592,16.6237971447408,0,I,588,5
70.4125024486912,72,55.4070399189368,15.0054625297544,1,C,589,5
232.317175915607,72,55.5237317690626,16.4762682309374,0,I,590,5
72.9686067375045,72,55.7473803218454,16.2526196781546,0,C,591,5
56.7941569700567,72,55.8122404525057,0.981916517551034,1,I,592,5
107.610529420535,72,55.894269766286,16.105730233714,0,C,593,5
73.8867887202425,72,55.9692116081715,16.0307883918285,0,I,594,5
260.335436292149,72,56.0227514477447,15.9772485522553,0,C,595,5
59.4113983721886,72,56.1418989859521,3.26949938623641,1,I,596,5
83.9857351604971,62.3992623088483,56.1552349710837,6.24402733776455,0,C,597,5
73.8857267222809,72,56.3630744023249,15.6369255976751,0,I,598,5
94.8933109608076,72,56.3958446541801,15.6041553458199,0,C,599,5
155.389844832576,72,56.4346862398088,15.5653137601912,0,I,600,5
66.4390884173894,72,56.4729622006416,9.96612621674777,1,C,601,5
107.640106732388,72,56.5118181193247,15.4881818806753,0,I,602,5
94.3675604461611,72,56.5390874119476,15.4609125880525,0,C,603,5
180.588039463437,72,56.5954442275688,15.4045557724312,0,I,604,5
173.709545225438,72,56.6222420381382,15.3777579618618,0,C,605,5
90.9570677675346,72,56.6765286494046,15.3234713505954,0,I,606,5
127.945952234455,72,56.711152321659,15.288847678341,0,C,607,5
76.0681441315186,72,56.751015256159,15.248984743841,0,I,608,5
173.401217106317,72,56.765570207499,15.234429792501,0,C,609,5
127.397677493509,72,56.8021698435769,15.1978301564232,0,I,610,5
57.9349342321008,72,56.8274342548102,1.10749997729056,1,C,611,5
74.1270409354544,72,56.8439230648801,15.1560769351199,0,I,612,5
98.2982715825442,72,56.8832761561498,15.1167238438502,0,C,613,5
76.1078270237017,72,56.9239950925112,15.0760049074888,0,I,614,5
182.632214446634,69.7176222882913,57.0029592141509,12.7146630741404,0,C,615,5
59.6868670219467,72,57.1229531010613,2.56391392088542,1,I,616,5
115.942622288542,72,57.1875283308327,14.8124716691673,0,C,617,5
107.343612088184,72,57.2245573997498,14.7754426002502,0,I,618,5
69.4088383210638,72,57.3700328869745,12.0388054340893,1,C,619,5
59.2375513500058,59.235532730011,57.59375219699,1.64178053302105,0,I,620,5
74.1211216044973,72,57.6041993033141,14.3958006966859,0,C,621,5
184.783724717429,61.8557440350049,57.6391985546798,4.2165454803251,0,I,622,5
73.3526471610457,70.0324895893962,57.6987506914884,12.3337388979078,0,C,623,5
95.3314354409996,72,57.7750760642812,14.2249239357188,0,I,624,5
111.890603745428,72,57.8418389009312,14.1581610990688,0,C,625,5
65.9236357562509,72,58.0924383318052,7.83119742444571,1,I,626,5
87.1834609045172,72,58.1423752661794,13.8576247338206,0,C,627,5
216.612131400304,72,58.3103618770838,13.6896381229162,0,I,628,5
72.489295474592,72,58.318457454443,13.681542545557,0,C,629,5
74.6103557156164,72,58.3710583532229,13.6289416467771,0,I,630,5
69.1281054420165,72,58.4174022870138,10.7107031550027,1,C,631,5
80.9585778734548,72,58.4622547309846,13.5377452690154,0,I,632,5
82.7358087334607,72,58.498876481317,13.501123518683,0,C,633,5
86.0112747819235,72,58.5462688654661,13.4537311345339,0,I,634,5
60.1744859442475,72,58.6179353250191,1.55655061922845,1,C,635,5
67.3223963346984,72,58.8557603163645,8.46663601833387,1,I,636,5
80.1667604840851,72,59.0194649202749,12.9805350797251,0,C,637,5
91.1499228911139,64.041499543531,59.0336169395596,5.0078826039714,0,I,638,5
73.1355302510406,72,59.0761372447014,12.9238627552986,0,C,639,5
129.274590869481,72,59.2721714777872,12.7278285222128,0,I,640,5
92.1089257326511,72,59.2830308759585,12.7169691240415,0,C,641,5
230.607895128858,72,59.653142709285,12.346857290715,0,I,642,5
103.301221704382,72,59.7104216180742,12.2895783819258,0,C,643,5
86.2000524078009,72,59.715195321478,12.2848046785221,0,I,644,5
84.1561311210032,72,59.7153206868097,12.2846793131903,0,C,645,5
180.383749112927,72,59.7269140603021,12.2730859396979,0,I,646,5
109.830035904925,72,59.7343976190314,12.2656023809686,0,C,647,5
61.633064899778,72,59.7669999534264,1.86606494635153,1,I,648,5
125.081498655974,72,59.8149891290814,12.1850108709186,0,C,649,5
19.9861390633881,1.19984736656125,0.0977187277749181,1.10212863878633,0,C,1,6
2.59317591643216,59.9109681315879,0.180691578425467,2.41248433800669,1,I,2,6
80.033614749639,55.8045295045048,0.200541447848082,55.6039880566567,0,C,3,6
53.651641513983,72,0.284381895326078,53.3672596186569,1,I,4,6
47.9959875140351,63.8796916870583,0.44782763812691,47.5481598759082,1,C,5,6
4.08181919467207,72,0.488198683597148,3.59362051107492,1,I,6,6
63.5065526764973,72,0.587805141694844,62.9187475348024,1,C,7,6
4.54325282556089,72,1.13435116130859,3.4089016642523,1,I,8,6
8.19417953913838,72,1.25082816928625,6.94335136985212,1,C,9,6
135.819961036157,72,1.3881217315793,70.6118782684207,0,I,10,6
2.49803014942517,72,1.47478657308966,1.02324357633551,1,C,11,6
37.5405446080681,39.2193477715171,1.69594617560506,35.8445984324631,1,I,12,6
166.245987867337,72,1.89338908530772,70.1066109146923,0,C,13,6
7.87425359555695,67.7289023538481,1.91124075092375,5.9630128446332,1,I,14,6
140.725161682146,72,1.9449845328927,70.0550154671073,0,C,15,6
14.9201320492034,12.8643995453913,1.94604298565537,10.9183565597359,0,I,16,6
32.600973147668,52.203575444136,2.02043888624758,30.5805342614205,1,C,17,6
6.80060888189562,72,2.58369587827474,4.21691300362088,1,I,18,6
12.7043322308494,7.12997236111798,2.6440426055342,4.48592975558378,0,C,19,6
46.5249845248048,72,2.89428401738405,43.6307005074207,1,I,20,6
12.3560327293407,72,2.92336141224951,9.43267131709116,1,C,21,6
9.74713815872564,72,2.92395138647407,6.82318677225157,1,I,22,6
11.0583987003324,72,2.94900046661496,8.1093982337174,1,C,23,6
10.5704298055993,53.1805851254331,3.04806539788842,7.52236440771086,1,I,24,6
4.17498241477055,11.7900908990667,3.09518787078559,1.07979454398495,1,C,25,6
73.3509041193171,72,3.12821775209159,68.8717822479084,0,I,26,6
31.1044678299638,21.2908584797584,3.21958457585424,18.0712739039042,0,C,27,6
18.9434000036729,72,3.49937151186168,15.4440284918112,1,I,28,6
40.0356496728042,72,3.79833302926272,36.2373166435415,1,C,29,6
34.9320064259514,9.8378367839078,3.93546593841165,5.90237084549614,0,I,30,6
61.6093888326833,72,3.95147067960352,57.6579181530797,1,C,31,6
30.2444948810591,72,4.02927981689572,26.2152150641634,1,I,32,6
66.7829738447587,72,4.04155261348933,62.7414212312693,1,C,33,6
7.6854230229749,72,4.26793924067169,3.41748378230321,1,I,34,6
16.0069137921875,59.143667980376,4.29292373824865,11.7139900539389,1,C,35,6
17.4653144126226,72,4.32955785188824,13.1357565607344,1,I,36,6
129.762852652764,52.4431385298633,4.41108673810959,48.0320517917537,0,C,37,6
14.8118863209895,72,4.4737660093233,10.3381203116662,1,I,38,6
108.391918113931,72,4.51614952180535,67.4838504781947,0,C,39,6
104.085017492809,72,4.5788915315643,67.4211084684357,0,I,40,6
11.4070171153421,72,4.72428983543068,6.68272727991141,1,C,41,6
24.0543914012812,66.9183345676057,4.73048175685108,19.3239096444301,1,I,42,6
55.2483524632278,72,4.73911870736629,50.5092337558615,1,C,43,6
94.7525073036641,72,4.76839250419289,67.2316074958071,0,I,44,6
29.8732451855896,72,4.8069358477369,25.0663093378527,1,C,45,6
90.4866394554274,72,4.80814361013472,67.1918563898653,0,I,46,6
145.904510268095,51.5014457977767,4.84937061555684,46.6520751822199,0,C,47,6
98.5116074263336,72,4.89349507726729,67.1065049227327,0,I,48,6
54.191029895883,72,4.94771549943835,49.2433143964447,1,C,49,6
11.0402619819705,39.5232039217026,5.03438063431531,6.00588134765519,1,I,50,6
147.234914367145,42.9097037203515,5.31349478289485,37.5962089374567,0,C,51,6
26.795194487664,72,5.49854115117341,21.2966533364906,1,I,52,6
49.5666782936326,72,5.54042232222855,44.026255971404,1,C,53,6
54.3571023424027,50.2870646270398,5.62889234628528,44.6581722807546,0,I,54,6
60.4859340171968,72,5.996815552935,54.4891184642617,1,C,55,6
57.1570630221312,72,6.01943761110306,51.1376254110282,1,I,56,6
23.9154527562489,17.0666254944702,6.029486451298,11.0371390431722,0,C,57,6
195.165990279722,19.0069236007545,6.12616819795221,12.8807554028023,0,I,58,6
27.6737186023202,72,6.15700668655336,21.5167119157668,1,C,59,6
163.575751690022,60.0410774093297,6.2428166018799,53.7982608074498,0,I,60,6
9.73538972397369,72,6.26914420165122,3.46624552232248,1,C,61,6
69.0679982639995,72,6.32690150756389,62.7410967564357,1,I,62,6
70.4551652774911,58.1910377725597,6.34160315617919,51.8494346163805,0,C,63,6
8.16321095475889,72,6.34658271912485,1.81662823563403,1,I,64,6
10.3688230906416,25.8233944300661,6.50971891824156,3.85910417240004,1,C,65,6
76.9778899465601,72,6.57292011659592,65.4270798834041,0,I,66,6
25.5097372089618,12.4594112475601,6.62192459218204,5.83748665537804,0,C,67,6
67.9654598641351,9.13269442031237,6.75015262328088,2.38254179703149,0,I,68,6
24.0181154020886,72,6.78516982588917,17.2329455761994,1,C,69,6
153.626915487806,72,6.80291972123087,65.1970802787691,0,I,70,6
52.7154761715288,72,6.85439885593951,45.8610773155893,1,C,71,6
112.475849982856,72,6.86535583343357,65.1346441665664,0,I,72,6
84.5445401877379,16.4646510058746,7.08813715260476,9.37651385326983,0,C,73,6
35.1706354064271,30.2323055469525,7.18808895908296,23.0442165878695,0,I,74,6
163.265498961315,72,7.24124304950237,64.7587569504976,0,C,75,6
8.94589450891257,72,7.31648785527796,1.62940665363461,1,I,76,6
17.6902937266834,72,7.43631504010409,10.2539786865793,1,C,77,6
30.7148723459951,72,7.44477479718626,23.2700975488088,1,I,78,6
99.796068915755,46.8327276147456,7.57448843680322,39.2582391779424,0,C,79,6
53.076942607535,40.5541647389526,7.61877307668328,32.9353916622693,0,I,80,6
21.375127650403,44.8397722755091,7.65304328408092,13.7220843663221,1,C,81,6
14.5148899742378,72,7.70580222364515,6.80908775059261,1,I,82,6
52.6817751855745,72,8.20637593511492,44.4753992504596,1,C,83,6
11.0082652351316,72,8.26309465337545,2.74517058175613,1,I,84,6
19.6427866964354,72,8.2640821672976,11.3787045291378,1,C,85,6
21.8840707163233,72,8.39306076988578,13.4910099464375,1,I,86,6
32.0108060741882,72,8.44334442168474,23.5674616525035,1,C,87,6
146.243929658499,72,8.59753876458854,63.4024612354115,0,I,88,6
59.1575942191655,72,9.08530516549945,50.072289053666,1,C,89,6
47.5186271360112,72,9.13333247881383,38.3852946571973,1,I,90,6
28.9193988950944,72,9.18571839574724,19.7336804993471,1,C,91,6
9.44471236814998,72,9.26811602432281,0.176596343827171,1,I,92,6
29.9854972891425,72,9.32908901944757,20.6564082696949,1,C,93,6
12.5884007433807,47.3629297245426,9.3559828447178,3.23241789866291,1,I,94,6
71.362108587931,72,9.46535456925631,61.8967540186747,1,C,95,6
153.675282683215,72,9.52035133726895,62.4796486627311,0,I,96,6
26.5123317604696,72,9.71068848855793,16.8016432719117,1,C,97,6
23.3122931011363,72,9.85029274597764,13.4620003551587,1,I,98,6
45.8336141822552,72,9.88068006467074,35.9529341175845,1,C,99,6
32.9109121307441,72,9.92989735677838,22.9810147739658,1,I,100,6
59.7101612383399,72,9.982676259242,49.7274849790979,1,C,101,6
50.7987288071712,72,10.0688202213496,40.7299085858216,1,I,102,6
45.8366129729258,28.5929311912797,10.1359461899847,18.456985001295,0,C,103,6
24.2197730569533,72,10.1753199286759,14.0444531282774,1,I,104,6
45.8195537000147,72,10.3316176263615,35.4879360736531,1,C,105,6
37.0219254986583,72,10.3578959405422,26.6640295581161,1,I,106,6
48.6250536187066,62.0997657652829,10.374343469739,38.2507101489677,1,C,107,6
12.218765445051,50.3887234802579,10.537061272189,1.68170417286193,1,I,108,6
14.0086080965861,72,10.5810193531215,3.42758874346459,1,C,109,6
39.6252640720543,72,10.6964166741818,28.9288473978725,1,I,110,6
125.989194129308,72,10.7303185109049,61.2696814890951,0,C,111,6
98.4066735173344,72,10.8109356975183,61.1890643024817,0,I,112,6
29.1405758472403,72,10.8238070318475,18.3167688153928,1,C,113,6
83.6944312752596,72,10.8523605857044,61.1476394142956,0,I,114,6
88.9387444400133,72,10.9895705245435,61.0104294754565,0,C,115,6
36.3961042537898,72,11.0924743395299,25.3036299142599,1,I,116,6
35.6073948444096,72,11.1435117200017,24.4638831244079,1,C,117,6
14.7739940979825,72,11.1711063282564,3.60288776972608,1,I,118,6
177.18027507885,72,11.1903597833589,60.8096402166411,0,C,119,6
69.0615469612085,72,11.3076221337542,57.7539248274543,1,I,120,6
31.7330687560971,72,11.3988902885467,20.3341784675504,1,C,121,6
24.5575600437708,72,11.5974987717345,12.9600612720362,1,I,122,6
53.0202501758526,60.2432249040866,11.7509701615199,41.2692800143326,1,C,123,6
12.6983909997433,72,12.0790423778817,0.619348621861606,1,I,124,6
53.6341214349725,44.0221799618802,12.1872762870044,31.8349036748759,0,C,125,6
62.2312863440906,72,12.2498278878629,49.9814584562277,1,I,126,6
33.8320165447499,24.6488946005388,12.3584794392809,12.2904151612579,0,C,127,6
13.8797535831791,46.4352047734601,12.4304143292829,1.44933925389617,1,I,128,6
121.248866784558,72,12.5697520980611,59.4302479019389,0,C,129,6
39.7579067013745,72,12.6945179281756,27.0633887731989,1,I,130,6
51.5720499047232,16.0415860299317,12.7361665153876,3.30541951454413,0,C,131,6
27.8709201978725,72,12.7390348445624,15.1318853533101,1,I,132,6
15.9870097839049,46.1959441730083,12.8267871262506,3.16022265765434,1,C,133,6
27.3098227797268,72,12.870381125249,14.4394416544778,1,I,134,6
20.7132874854591,72,13.097244319506,7.61604316595311,1,C,135,6
82.3413643369977,72,13.6740795336664,58.3259204663336,0,I,136,6
60.6789868126512,72,13.7340277992189,46.9449590134323,1,C,137,6
28.999822364211,72,13.7496602442116,15.2501621199994,1,I,138,6
54.7792936924837,72,14.0216635353863,40.7576301570973,1,C,139,6
40.7587925822733,33.625562451323,14.0467235259712,19.5788389253518,0,I,140,6
14.3287604966177,72,14.0855062147602,0.243254281857434,1,C,141,6
48.4065468732839,23.0626452912605,14.1277037188411,8.93494157241938,0,I,142,6
16.0608777270974,32.7170098691579,14.1391600202769,1.92171770682047,1,C,143,6
56.8774197753324,26.9770074887927,14.15275210049,12.8242553883027,0,I,144,6
33.5084690725338,72,14.2103809956461,19.2980880768877,1,C,145,6
55.6087752699285,72,14.2416279902682,41.3671472796603,1,I,146,6
36.3438162336334,72,14.2765597114339,22.0672565221994,1,C,147,6
120.965664948778,72,14.2811537487432,57.7188462512568,0,I,148,6
43.4311326757117,72,14.4278857810423,29.0032468946695,1,C,149,6
36.0507165456524,40.8991577451539,14.5959080569446,21.4548084887078,1,I,150,6
58.1466628138264,34.3670858704831,14.7424733592197,19.6246125112634,0,C,151,6
25.1323091344747,22.6082923451021,14.8798060230911,7.72848632201106,0,I,152,6
203.675242763949,20.7279479945677,15.0549220992252,5.6730258953425,0,C,153,6
84.0377878797237,72,15.0996373733506,56.9003626266494,0,I,154,6
83.0425261153227,72,15.1967115327716,56.8032884672284,0,C,155,6
71.2869200936037,72,15.3654565662146,55.9214635273891,1,I,156,6
17.4263759372576,19.4008973115883,15.4948908509687,1.9314850862889,1,C,157,6
99.5061573079779,72,15.5199536215514,56.4800463784486,0,I,158,6
37.3363220766631,72,15.5934044066817,21.7429176699814,1,C,159,6
68.5855112220625,72,15.6003981688991,52.9851130531634,1,I,160,6
47.7008708630364,72,15.8504371438175,31.8504337192188,1,C,161,6
16.5448649286041,72,15.940169384703,0.604695543901083,1,I,162,6
20.575522604623,47.9933664953225,15.9719083970413,4.60361420758173,1,C,163,6
56.3105570301483,72,16.051282742992,40.2592742871562,1,I,164,6
46.1642319802613,72,16.1504558986053,30.013776081656,1,C,165,6
216.066548933178,72,16.1779165221378,55.8220834778622,0,I,166,6
66.4024945578413,72,16.2987201008946,50.1037744569467,1,C,167,6
19.0583629779647,72,16.4391943998635,2.61916857810124,1,I,168,6
58.0954807232968,72,16.4539972599596,41.6414834633372,1,C,169,6
17.3741704464511,72,16.5041872579604,0.869983188490664,1,I,170,6
135.257336256581,43.3022903768704,16.5083802910522,26.7939100858182,0,C,171,6
20.4871393043106,72,16.5742974355817,3.91284186872888,1,I,172,6
36.1035908601889,55.8805069009997,16.5801499038935,19.5234409562954,1,C,173,6
163.347700045574,72,16.6043057106435,55.3956942893565,0,I,174,6
40.3496811158597,72,16.609501359053,23.7401797568068,1,C,175,6
80.0049253290344,72,16.653054705821,55.346945294179,0,I,176,6
39.0586896041611,72,16.9535027397797,22.1051868643814,1,C,177,6
32.2134112284577,72,17.0763061428443,15.1371050856135,1,I,178,6
32.8273582907798,72,17.2705873986706,15.5567708921091,1,C,179,6
127.477002417592,72,17.3349977144972,54.6650022855029,0,I,180,6
48.5416312567097,72,17.4776930082589,31.0639382484508,1,C,181,6
86.364952264653,72,17.5152740674093,54.4847259325907,0,I,182,6
67.1953215847011,72,17.5325790653005,49.6627425194006,1,C,183,6
31.8985581442576,45.9588080367916,17.6323418319225,14.2662163123351,1,I,184,6
98.3024251711597,72,17.6409458275884,54.3590541724116,0,C,185,6
51.8822283893822,72,17.6738258544356,34.2084025349467,1,I,186,6
36.5578014687367,72,17.780747548677,18.7770539200597,1,C,187,6
39.6000243054817,72,18.0803239205852,21.5197003848965,1,I,188,6
35.5437171954281,31.9867180433998,18.1816444639117,13.8050735794882,0,C,189,6
79.1697436140884,45.7026978003946,18.4036786481738,27.2990191522207,0,I,190,6
81.067786529972,38.3005262649045,18.5920614330098,19.7084648318947,0,C,191,6
113.909623838636,72,18.6021430324763,53.3978569675237,0,I,192,6
52.7933342254297,72,18.6345162894577,34.158817935972,1,C,193,6
54.1987733617536,21.28850742545,18.8589465804398,2.42956084501015,0,I,194,6
60.2891468207629,72,18.8644827716053,41.4246640491576,1,C,195,6
19.0169326219729,72,18.9558077137917,0.0611249081812005,1,I,196,6
79.752961337397,68.3835798163317,19.0277362335473,49.3558435827843,0,C,197,6
136.092597450634,72,19.0365384891629,52.9634615108371,0,I,198,6
48.7020745878607,72,19.1045139776543,29.5975606102064,1,C,199,6
34.29781631955,72,19.1515518492088,15.1462644703412,1,I,200,6
41.4174064444111,72,19.175710324198,22.2416961202131,1,C,201,6
42.8249814456511,72,19.2397563764825,23.5852250691685,1,I,202,6
34.2659458050588,72,19.3045571353287,14.9613886697301,1,C,203,6
59.2719192856372,72,19.4593225233257,39.8125967623115,1,I,204,6
52.8335725872128,20.1525842070208,19.5424767583609,0.610107448659971,0,C,205,6
25.3568729674368,72,19.5741829974577,5.78268996997906,1,I,206,6
61.1347559663815,25.8377505383123,19.641717444174,6.1960330941383,0,C,207,6
37.0633605595796,72,19.9464685097337,17.1168920498459,1,I,208,6
44.5476918739484,52.7489851968077,19.9633606011048,24.5843312728436,1,C,209,6
31.4685696732906,60.9758605553349,19.9683135794476,11.500256093843,1,I,210,6
41.7153842840941,72,20.4447393491864,21.2706449349077,1,C,211,6
52.6881695767722,46.7187762386709,20.6065111001953,26.1122651384756,0,I,212,6
24.2036571786124,72,20.6150479288772,3.58860924973525,1,C,213,6
24.5353171541444,72,20.7163674384356,3.8189497157088,1,I,214,6
32.0948992990111,37.3686846759113,20.815669214353,11.2792300846581,1,C,215,6
49.7741518341755,72,20.8699623355642,28.9041894986113,1,I,216,6
47.4198758833431,58.9092000144093,20.9094316000119,26.5104442833312,1,C,217,6
48.4541791705849,72,21.0494739515707,27.4047052190142,1,I,218,6
33.8527504421327,72,21.4191308151931,12.4336196269396,1,C,219,6
76.3964384487287,72,21.5409019729123,50.4590980270878,0,I,220,6
60.2823226498238,50.9686785503476,21.5579975349829,29.4106810153647,0,C,221,6
71.869799804802,72,21.5854727709666,50.2843270338354,1,I,222,6
86.4368321312885,72,21.5994017897174,50.4005982102826,0,C,223,6
55.2439584074154,72,21.7486387537792,33.4953196536361,1,I,224,6
28.8070641194543,72,21.8110726308078,6.99599148864657,1,C,225,6
42.2913122525991,72,21.8884847452864,20.4028275073126,1,I,226,6
40.683534441902,72,21.8909616116434,18.7925728302586,1,C,227,6
23.5354333097995,72,21.9224047847092,1.61302852509033,1,I,228,6
24.0913303710109,72,21.9836933445185,2.10763702649238,1,C,229,6
122.591459688498,72,22.0101094292477,49.9898905707523,0,I,230,6
37.5035913235707,72,22.0671051973477,15.436486126223,1,C,231,6
36.1021689246807,72,22.0710141677409,14.0311547569397,1,I,232,6
54.8276834737832,72,22.1848921570927,32.6427913166905,1,C,233,6
52.704400309415,72,22.3307467298582,30.3736535795568,1,I,234,6
25.7394575959923,71.5533602824199,22.3937007598579,3.34575683613439,1,C,235,6
36.6882992855505,72,22.4539185874164,14.2343806981341,1,I,236,6
78.9446782442062,72,22.4778551375493,49.5221448624507,0,C,237,6
138.853787790136,72,22.5074297469109,49.4925702530891,0,I,238,6
109.367972064939,72,22.5133214564994,49.4866785435006,0,C,239,6
24.3118832677057,72,22.6170688960701,1.6948143716356,1,I,240,6
43.6566699545768,72,22.6223699329421,21.0343000216348,1,C,241,6
66.1962403883346,35.9334121085421,22.7541614603251,13.179250648217,0,I,242,6
148.046442265816,72,22.7547124167904,49.2452875832096,0,C,243,6
64.2752229514606,64.1473370180272,22.8106663282961,41.3366706897312,0,I,244,6
39.6003608858949,72,23.0940312054008,16.5063296804941,1,C,245,6
53.7943593407285,72,23.2438690261915,30.550490314537,1,I,246,6
112.215315294066,72,23.3634713804349,48.6365286195651,0,C,247,6
65.7557042708114,72,23.3895665360615,42.3661377347499,1,I,248,6
37.4175531571202,72,23.4128833282739,14.0046698288463,1,C,249,6
86.0099636421026,41.7065605041546,23.4636899270117,18.2428705771429,0,I,250,6
58.1932836048421,72,23.5192100331187,34.6740735717233,1,C,251,6
75.3950676097092,64.2630335772941,23.5326625267044,40.7303710505897,0,I,252,6
30.5338505635523,72,23.5554890194908,6.97836154406149,1,C,253,6
27.7977809943881,67.9108206417123,23.7247661082074,4.07301488618071,1,I,254,6
48.4641004820627,72,23.745070360601,24.7190301214618,1,C,255,6
26.2068935419141,72,24.1258450085297,2.08104853338441,1,I,256,6
37.958236746173,72,24.3213039496914,13.6369327964817,1,C,257,6
51.9707016151304,72,24.5543294493109,27.4163721658195,1,I,258,6
56.9598971636794,72,24.6389724919572,32.3209246717222,1,C,259,6
64.6033276915281,43.4760038509652,24.7827760269865,18.6932278239787,0,I,260,6
56.7540697135916,72,24.8286318685859,31.9254378450056,1,C,261,6
47.874723541285,72,24.8288591019809,23.0458644393041,1,I,262,6
29.8147110195946,72,24.8941719252616,4.92053909433299,1,C,263,6
42.371921832412,72,25.0785084581003,17.2934133743117,1,I,264,6
114.823526870758,72,25.1323366910219,46.8676633089781,0,C,265,6
73.2777127001242,72,25.2904866496101,46.7095133503899,0,I,266,6
32.4582956313542,72,25.8260901505128,6.63220548084148,1,C,267,6
31.7088991102236,72,25.8295976137742,5.87930149644939,1,I,268,6
35.9927381368892,72,25.8769363677129,10.1158017691763,1,C,269,6
100.889363788111,60.8933162385674,26.0919225588441,34.8013936797233,0,I,270,6
43.1532451034892,52.3195041095717,26.1116068158299,17.0416382876593,1,C,271,6
42.2223269139407,72,26.2154735857621,16.0068533281786,1,I,272,6
86.5123192797153,72,26.3297026511282,45.6702973488718,0,C,273,6
31.8051094981277,72,26.4560627331957,5.34904676493201,1,I,274,6
101.768689994978,72,26.5942318271846,45.4057681728154,0,C,275,6
36.317041581246,72,26.7053352110088,9.6117063702372,1,I,276,6
75.6841812083322,72,26.8351857690141,45.1648142309859,0,C,277,6
89.3524740432339,72,26.8426150130108,45.1573849869892,0,I,278,6
115.858633981651,72,26.8960604863241,45.1039395136759,0,C,279,6
38.3729238052321,72,27.0517422258854,11.3211815793467,1,I,280,6
61.5501793256732,72,27.424376453273,34.1258028724002,1,C,281,6
28.7252998539453,72,27.7350419573486,0.990257896596747,1,I,282,6
32.6777281452843,72,27.8871724102646,4.7905557350197,1,C,283,6
48.6073245165824,72,27.9256932204589,20.6816312961235,1,I,284,6
82.9411229797985,72,28.0197236593813,43.9802763406187,0,C,285,6
45.4431193223474,72,28.0443303426728,17.3987889796746,1,I,286,6
223.726623183678,72,28.0619078921154,43.9380921078846,0,C,287,6
120.770695721073,72,28.1350493989885,43.8649506010115,0,I,288,6
100.424463466396,72,28.163507762365,43.836492237635,0,C,289,6
28.7124803706029,72,28.2561763236299,0.456304046973011,1,I,290,6
37.07648387444,72,28.5055069159716,8.57097695846834,1,C,291,6
62.1112930126013,39.7498727539226,28.7605493562296,10.989323397693,0,I,292,6
52.89527449354,72,28.8807963905856,24.0144781029544,1,C,293,6
102.040265428785,72,28.9496888313442,43.0503111686558,0,I,294,6
40.5578089264687,72,29.000453017652,11.5573559088166,1,C,295,6
69.5468376663929,72,29.0303888032213,40.5164488631716,1,I,296,6
36.9802693573379,72,29.0687374491245,7.91153190821343,1,C,297,6
91.6064700758361,72,29.1930743912235,42.8069256087765,0,I,298,6
39.8100117437402,57.7638302144314,29.2023995099589,10.6076122337812,1,C,299,6
60.2770170671093,72,29.2402748437598,31.0367422233494,1,I,300,6
47.6154232224537,72,29.2542081233114,18.3612150991423,1,C,301,6
64.8310165447602,72,29.2699900595471,35.5610264852131,1,I,302,6
49.5663465135119,31.3920266843965,29.5813724957407,1.81065418865584,0,C,303,6
182.143171885784,72,29.7343457071111,42.2656542928889,0,I,304,6
39.0184738854136,72,29.7792105283588,9.23926335705477,1,C,305,6
32.4817513635127,72,29.9160300381482,2.56572132536449,1,I,306,6
81.996585483215,72,30.0579293584451,41.9420706415549,0,C,307,6
42.1010639591401,57.4346243534918,30.1282204175368,11.9728435416033,1,I,308,6
72.2590088195542,72,30.1608881587163,41.8391118412837,0,C,309,6
69.7108706960688,72,30.332163842395,39.3787068536738,1,I,310,6
55.6829736476824,72,30.4708546539769,25.2121189937056,1,C,311,6
31.4474002967609,63.7410425435226,31.0455819312483,0.401818365512635,1,I,312,6
60.8578105460954,72,31.0561505332589,29.8016600128365,1,C,313,6
151.135379810154,72,31.1951209651306,40.8048790348694,0,I,314,6
47.7518237029478,72,31.2621193611994,16.4897043417484,1,C,315,6
79.6190011391027,72,31.2727531883866,40.7272468116134,0,I,316,6
62.8993580168042,72,31.3109391136095,31.5884189031947,1,C,317,6
152.965579561659,34.0112736969329,31.4336719410494,2.57760175588352,0,I,318,6
132.70224379121,72,31.4825021568686,40.5174978431314,0,C,319,6
103.494113233235,72,31.5409642551094,40.4590357448906,0,I,320,6
39.3088857809773,72,31.5732134599239,7.73567232105341,1,C,321,6
33.5388298538044,72,31.6162626771256,1.9225671766788,1,I,322,6
283.399792259569,72,31.6522723110393,40.3477276889607,0,C,323,6
45.1013579164984,72,31.7281740205362,13.3731838959622,1,I,324,6
85.1921629614992,37.8093361825006,31.7893870314583,6.01994915104231,0,C,325,6
61.7423205427979,72,31.8073902558535,29.9349302869444,1,I,326,6
47.0322738995463,62.3652736815245,31.9309800770134,15.1012938225329,1,C,327,6
112.631873944766,72,32.1078549558297,39.8921450441703,0,I,328,6
77.8149508695305,72,32.2198876412585,39.7801123587415,0,C,329,6
37.2528638058298,72,32.2804725822061,4.97239122362366,1,I,330,6
44.3501772570266,38.1255738139412,32.2869820380583,5.8385917758829,0,C,331,6
41.4417009940068,49.4237406093457,32.3119792342186,9.12972175978823,1,I,332,6
49.4630503408639,72,32.3859274154529,17.077122925411,1,C,333,6
119.237393098122,62.9839614547066,32.4217080418021,30.5622534129046,0,I,334,6
52.3283356624326,72,32.5177707290277,19.810564933405,1,C,335,6
102.679205358707,72,32.5457746395841,39.4542253604159,0,I,336,6
133.856007154911,72,32.6546723674983,39.3453276325017,0,C,337,6
51.1000441184551,72,32.6580689661205,18.4419751523346,1,I,338,6
34.4563111727572,72,32.6809956366196,1.77531553613753,1,C,339,6
59.5332861421065,72,32.9949497524649,26.5383363896416,1,I,340,6
37.5941261607537,72,33.0958525417373,4.49827361901643,1,C,341,6
63.3222288277583,72,33.1426598411053,30.179568986653,1,I,342,6
33.4801472703709,72,33.2836576877162,0.196489582654741,1,C,343,6
46.808722663697,72,33.3095018332824,13.4992208304146,1,I,344,6
56.712484723145,72,33.4278689604253,23.2846157627198,1,C,345,6
85.7394699571425,72,33.5318474192172,38.4681525807828,0,I,346,6
202.637367737638,72,33.6773446993902,38.3226553006098,0,C,347,6
76.455185146597,72,33.6865973286331,38.3134026713669,0,I,348,6
222.29875858317,72,33.6901906086132,38.3098093913868,0,C,349,6
60.3403948435581,72,33.7111314246431,26.629263418915,1,I,350,6
203.042209041085,39.2180760962994,33.7803503824398,5.43772571385964,0,C,351,6
81.2020732981246,72,33.8100783526897,38.1899216473103,0,I,352,6
154.334429426235,72,33.8105355156586,38.1894644843414,0,C,353,6
45.5379825876704,72,33.8318962790072,11.7060863086632,1,I,354,6
39.1953200413374,72,33.9522102149203,5.24310982641705,1,C,355,6
37.3608401673068,72,34.0426453622058,3.31819480510104,1,I,356,6
174.113411749472,72,34.1178889945149,37.8821110054851,0,C,357,6
63.0633872905296,71.7850375262225,34.1348886257038,28.9284986648259,1,I,358,6
52.5369459715542,72,34.1461236029863,18.3908223685679,1,C,359,6
116.37736842747,72,34.2909107822925,37.7090892177075,0,I,360,6
43.0363181646584,38.5964406692249,34.3231261381879,4.27331453103694,0,C,361,6
78.9838031750663,72,34.4146199757233,37.5853800242767,0,I,362,6
44.3562294234983,49.4725409185733,34.5865100668743,9.76971935662393,1,C,363,6
48.5626209879959,72,34.7332871519029,13.8293338360929,1,I,364,6
62.0316563425901,72,34.8581587197259,27.1734976228642,1,C,365,6
64.1845641278851,36.5150412348426,35.1173478551209,1.39769337972167,0,I,366,6
62.6336843770932,72,35.3032788354903,27.3304055416028,1,C,367,6
75.8143721929288,72,35.3562429361045,36.6437570638955,0,I,368,6
36.24594023588,72,35.3673386480659,0.878601587814037,1,C,369,6
132.087328574202,72,35.7446693256497,36.2553306743503,0,I,370,6
51.1896111701039,58.66728712368,36.1082594934851,15.0813516766188,1,C,371,6
166.3811534083,46.4682925578713,36.2763056717813,10.19198688609,0,I,372,6
72.955762734115,72,36.4929323131219,35.5070676868781,0,C,373,6
117.454596406735,72,36.710469215177,35.289530784823,0,I,374,6
48.7930176559927,72,36.768245017156,12.0247726388367,1,C,375,6
64.1482639771347,72,36.8584275897592,27.2898363873755,1,I,376,6
47.2522248347323,58.7153540254446,36.9025488803163,10.3496759544159,1,C,377,6
57.366662654712,72,37.4176451889798,19.9490174657322,1,I,378,6
46.448501890512,72,37.5433400971815,8.90516179333051,1,C,379,6
154.951131438854,72,37.7485017897561,34.2514982102439,0,I,380,6
49.899251514259,72,37.8374846465886,12.0617668676704,1,C,381,6
52.4992368157191,72,37.9059342015535,14.5933026141656,1,I,382,6
138.948456382804,72,37.9557577287778,34.0442422712222,0,C,383,6
61.2678984241216,72,37.9680201597512,23.2998782643704,1,I,384,6
106.511172802,72,38.2326992880553,33.7673007119447,0,C,385,6
51.0239560527657,72,38.4423135593534,12.5816424934124,1,I,386,6
42.47673380233,72,38.4503786824644,4.0263551198656,1,C,387,6
42.8389677297984,51.0649279652222,38.5521689197049,4.28679881009358,1,I,388,6
71.8793643535417,42.5969512796342,38.6457637371495,3.95118754248461,0,C,389,6
47.6931181790974,72,38.6809195484966,9.01219863060082,1,I,390,6
46.8505489009593,72,38.7927320133895,8.05781688756982,1,C,391,6
45.144713099835,72,38.918879404664,6.22583369517099,1,I,392,6
48.0450539181102,72,38.9385054493323,9.10654846877793,1,C,393,6
41.6305554059766,72,38.9946056809276,2.63594972504899,1,I,394,6
60.4967505688008,72,39.0190314827487,21.4777190860521,1,C,395,6
81.1157549331521,69.9644980528734,39.1761738527566,30.7883242001168,0,I,396,6
66.6390564702394,72,39.393485407345,27.2455710628944,1,C,397,6
79.9084128867213,72,39.4206362357363,32.5793637642637,0,I,398,6
45.3495893741396,72,39.4799375161529,5.8696518579867,1,C,399,6
45.7029892661351,72,39.5958865620196,6.10710270411553,1,I,400,6
85.1163486351746,59.6611744781595,39.6590696135536,20.0021048646059,0,C,401,6
71.886178840458,72,39.6857865527272,32.2003922877308,1,I,402,6
45.6099706659775,72,39.726548739709,5.88342192626853,1,C,403,6
58.1831141775809,72,39.8774701729417,18.3056440046392,1,I,404,6
211.404325615161,72,40.287358649075,31.712641350925,0,C,405,6
75.6351779322875,72,40.4090292798355,31.5909707201645,0,I,406,6
155.722377509387,72,40.5336601333693,31.4663398666307,0,C,407,6
69.4705803661914,72,40.6620232947171,28.8085570714743,1,I,408,6
120.867597907094,72,40.767078269273,31.232921730727,0,C,409,6
53.9796781758897,41.616507135341,40.9403723990545,0.676134736286578,0,I,410,6
45.9122190144278,72,40.9609720576555,4.95124695677235,1,C,411,6
81.2401957554647,72,41.0373282199726,30.9626717800275,0,I,412,6
44.9960123174909,72,41.3932267762721,3.60278554121883,1,C,413,6
140.328125502004,72,41.4049602812156,30.5950397187844,0,I,414,6
61.8645490999954,72,41.4782747626305,20.386274337365,1,C,415,6
88.9390141395404,44.6534547734549,41.5129328984767,3.14052187497813,0,I,416,6
41.5851144845991,72,41.5709079382941,0.0142065463049808,1,C,417,6
137.249943666623,72,41.7452636361122,30.2547363638878,0,I,418,6
50.9631484885737,72,41.7835702886805,9.17957819989319,1,C,419,6
184.753802380342,72,41.9135452760384,30.0864547239617,0,I,420,6
46.1869595441691,72,41.9261740660295,4.26078547813962,1,C,421,6
73.4240431192052,72,42.1216424787417,29.8783575212583,0,I,422,6
52.6483389386826,72,42.2237551957369,10.4245837429457,1,C,423,6
66.307881549666,72,42.2923996858299,24.0154818638361,1,I,424,6
63.5584978213953,72,42.369736880064,21.1887609413313,1,C,425,6
58.2160712965876,72,42.3962827865034,15.8197885100841,1,I,426,6
63.1808175276546,72,42.452357984148,20.7284595435066,1,C,427,6
148.249780190859,65.566753656163,42.4788477318361,23.0879059243269,0,I,428,6
71.7157781213892,72,42.7599233016372,28.9558548197521,1,C,429,6
62.2945565968282,72,42.842051256448,19.4525053403802,1,I,430,6
78.1971851046658,72,43.0000712256879,28.9999287743121,0,C,431,6
114.963143528148,62.0997806234698,43.0205917311832,19.0791888922866,0,I,432,6
154.833774120294,72,43.0791621375829,28.9208378624171,0,C,433,6
56.0271306958626,72,43.1681915419176,12.858939153945,1,I,434,6
61.8504675374535,72,43.3716922067106,18.4787753307429,1,C,435,6
97.8896489106983,72,43.4266618452966,28.5733381547034,0,I,436,6
68.2967384050415,72,43.4344044467434,24.8623339582981,1,C,437,6
49.0812913526638,72,43.4804281778634,5.60086317480043,1,I,438,6
74.0253825789474,72,43.4807606739923,28.5192393260077,0,C,439,6
99.1866012778031,72,43.5543841822073,28.4456158177927,0,I,440,6
87.8201848447969,72,43.6087801214308,28.3912198785692,0,C,441,6
132.160251787706,72,43.7131479475647,28.2868520524353,0,I,442,6
73.9048000197752,72,43.7186670396477,28.2813329603523,0,C,443,6
79.6314225079422,72,43.7648346740752,28.2351653259248,0,I,444,6
156.23252343535,72,43.8127863407135,28.1872136592865,0,C,445,6
97.6825429687992,72,43.8905006088316,28.1094993911684,0,I,446,6
171.961687278299,72,44.0933010634035,27.9066989365965,0,C,447,6
69.5249626484606,72,44.30252938997,25.2224332584906,1,I,448,6
48.3228579485651,72,44.3528702761978,3.96998767236728,1,C,449,6
47.6273397611424,72,44.4126090081409,3.21473075300154,1,I,450,6
49.0474468380227,72,44.4433091813698,4.60413765665288,1,C,451,6
142.619777446064,72,44.6089529804885,27.3910470195115,0,I,452,6
160.72619929149,72,44.6314938878641,27.368506112136,0,C,453,6
81.9118590170023,72,44.7363873291761,27.2636126708239,0,I,454,6
104.595518693294,72,44.8819469986483,27.1180530013517,0,C,455,6
45.2703077488379,72,44.8970634536818,0.373244295156147,1,I,456,6
76.7340006654971,72,45.0639753928408,26.9360246071592,0,C,457,6
62.7396773130232,72,45.1721903728321,17.5674869401911,1,I,458,6
45.7457225354452,72,45.2515482483432,0.494174287102018,1,C,459,6
46.8162571768721,72,45.2544700540602,1.56178712281186,1,I,460,6
50.9800815729755,62.0879009175989,45.4654132761061,5.51466829686935,1,C,461,6
93.3735760568783,72,45.8732274547219,26.1267725452781,0,I,462,6
48.6572856478379,72,45.9042725572363,2.7530130906016,1,C,463,6
176.982172607508,72,46.0440736217424,25.9559263782576,0,I,464,6
50.6769171960834,46.7175527163976,46.3330305553973,0.384522161000362,0,C,465,6
55.7098036269515,72,46.3732345495373,9.33656907741423,1,I,466,6
54.1695796945378,72,46.6156646423042,7.55391505223363,1,C,467,6
115.635979875338,72,46.8167811445892,25.1832188554108,0,I,468,6
80.0990085180517,58.6654459234098,46.8188056536019,11.8466402698079,0,C,469,6
136.826270254519,72,46.8687893310562,25.1312106689438,0,I,470,6
124.005513493357,72,46.8688208051026,25.1311791948974,0,C,471,6
112.071955697101,72,47.0584964565933,24.9415035434067,0,I,472,6
262.450211587552,72,47.1236194577068,24.8763805422932,0,C,473,6
59.9548742547247,72,47.1415102109313,12.8133640437934,1,I,474,6
92.4959078925689,72,47.160591292195,24.839408707805,0,C,475,6
75.2407590730768,72,47.272440274246,24.727559725754,0,I,476,6
171.403139292522,72,47.5104595720768,24.4895404279232,0,C,477,6
58.1741350525044,72,47.5331270322204,10.641008020284,1,I,478,6
110.728353596301,72,47.6302632177249,24.3697367822751,0,C,479,6
68.4000550850928,72,47.699613282457,20.7004418026358,1,I,480,6
57.7607795143482,71.31914770696,47.8902041818947,9.87057533245352,1,C,481,6
97.8841797451634,72,47.8946574870497,24.1053425129503,0,I,482,6
71.6115418103328,72,47.9498533252627,23.6616884850702,1,C,483,6
124.478985184777,72,47.9536302387714,24.0463697612286,0,I,484,6
55.2308550600533,72,48.3381910482422,6.89266401181118,1,C,485,6
115.827782659459,72,48.5829218337312,23.4170781662688,0,I,486,6
163.805781418831,72,48.632677718997,23.367322281003,0,C,487,6
81.2268351249062,72,48.7002140516415,23.2997859483585,0,I,488,6
121.10255647906,72,48.7420137226582,23.2579862773418,0,C,489,6
170.819234520732,72,48.7752760201693,23.2247239798307,0,I,490,6
104.671732847971,72,48.8417475577444,23.1582524422556,0,C,491,6
80.69540285512,72,48.8508203113452,23.1491796886548,0,I,492,6
55.3145240708996,72,48.8840706227347,6.43045344816484,1,C,493,6
78.3855028046573,72,48.9289189316332,23.0710810683668,0,I,494,6
57.6558458342466,59.6051671234856,49.0136444661766,8.64220136806999,1,C,495,6
49.450461389674,72,49.1369782481343,0.313483141539773,1,I,496,6
80.7055813538614,72,49.2075083451346,22.7924916548654,0,C,497,6
61.2778050704271,72,49.2164043802768,12.0614006901503,1,I,498,6
108.937404800826,72,49.3825494870544,22.6174505129457,0,C,499,6
81.8258840273062,72,49.4602252822369,22.5397747177631,0,I,500,6
91.9152315860287,50.1399041294742,49.5110489800572,0.628855149416957,0,C,501,6
93.7379657669231,72,49.5819081785157,22.4180918214843,0,I,502,6
64.6349117330011,72,49.5877470541745,15.0471646788266,1,C,503,6
66.5403315578021,72,49.6957392990589,16.8445922587432,1,I,504,6
50.4598668271672,72,49.920868864283,0.538997962884187,1,C,505,6
58.02406466604,72,50.0212527718395,8.00281189420051,1,I,506,6
50.4678954423394,72,50.0240861065686,0.443809335770836,1,C,507,6
62.9132037353702,72,50.1601377781481,12.7530659572222,1,I,508,6
107.335071286645,72,50.19790828228,21.80209171772,0,C,509,6
87.9296724419225,72,50.240618227981,21.759381772019,0,I,510,6
56.1366389828916,72,50.3348270477727,5.80181193511891,1,C,511,6
134.474318405169,72,50.5106063000858,21.4893936999142,0,I,512,6
51.6886316652533,72,50.5420687654987,1.14656289975463,1,C,513,6
50.6405426141053,72,50.5738440714777,0.0666985426276313,1,I,514,6
114.005550401198,72,50.9283881960437,21.0716118039563,0,C,515,6
101.857423985061,72,50.9432543255389,21.0567456744611,0,I,516,6
51.4357132049272,72,51.058404436335,0.377308768592225,1,C,517,6
62.3143143574111,72,51.2435069913045,11.0708073661066,1,I,518,6
193.860790758131,72,51.3504650909454,20.6495349090546,0,C,519,6
139.00584936247,72,51.6014579264447,20.3985420735553,0,I,520,6
59.532591201951,72,51.6275557642803,7.90503543767078,1,C,521,6
122.157008158831,72,51.8658991204575,20.1341008795425,0,I,522,6
103.714632002104,72,52.0694539183751,19.9305460816249,0,C,523,6
54.8599871967413,72,52.1398491365835,2.72013806015777,1,I,524,6
135.092555031695,72,52.2181263193488,19.7818736806512,0,C,525,6
55.7774927489255,72,52.4810775043443,3.29641524458117,1,I,526,6
61.5794534700883,72,52.6170371007174,8.96241636937086,1,C,527,6
81.1440786159852,72,52.7337742131203,19.2662257868797,0,I,528,6
65.2506582894428,72,52.8002016060054,12.4504566834374,1,C,529,6
74.1275494484297,58.7535754879872,52.8285475261509,5.92502796183621,0,I,530,6
71.2685217346787,72,52.8906009206548,18.3779208140239,1,C,531,6
77.7598645262343,72,52.943198424764,19.056801575236,0,I,532,6
95.010047014487,72,53.0919804191217,18.9080195808783,0,C,533,6
126.741535372837,72,53.5665909480304,18.4334090519697,0,I,534,6
145.196131108652,72,53.5748225916177,18.4251774083823,0,C,535,6
88.9071540799441,72,53.6773988977075,18.3226011022925,0,I,536,6
109.089037089948,72,53.6813798826188,18.3186201173812,0,C,537,6
85.4520381462314,72,53.7086823536083,18.2913176463917,0,I,538,6
81.1219381336886,72,53.7350775115192,18.2649224884808,0,C,539,6
78.9669196944801,72,53.7435051519424,18.2564948480576,0,I,540,6
61.8402939950959,72,53.7594285886735,8.08086540642247,1,C,541,6
64.8243696528069,72,53.8546058675274,10.9697637852795,1,I,542,6
76.7836156568915,72,53.9264447009191,18.0735552990809,0,C,543,6
55.3633261134237,72,54.1732020210475,1.19012409237623,1,I,544,6
114.444669169778,72,54.19468796812,17.80531203188,0,C,545,6
75.4926309620525,72,54.2797225434333,17.7202774565667,0,I,546,6
75.3385355056871,72,54.3093038862571,17.6906961137429,0,C,547,6
54.3589247115627,72,54.3352883169428,0.0236363946199505,1,I,548,6
59.5773011350934,62.7007900756291,54.3831276800484,5.19417345504506,1,C,549,6
82.7829497140765,72,54.5067446585745,17.4932553414255,0,I,550,6
66.3691865077656,72,54.5967301446945,11.7724563630711,1,C,551,6
168.063053312765,72,54.6375885140151,17.3624114859849,0,I,552,6
74.5839939461836,72,54.6398071898148,17.3601928101853,0,C,553,6
58.4782911990735,72,54.7940267482773,3.68426445079621,1,I,554,6
82.5516695369951,72,54.8074539843947,17.1925460156053,0,C,555,6
87.5166089231363,72,54.832908064127,17.167091935873,0,I,556,6
126.06599692604,72,54.9378151260316,17.0621848739684,0,C,557,6
114.849698415699,72,55.0014048535377,16.9985951464623,0,I,558,6
111.931794154103,72,55.0387047138065,16.9612952861935,0,C,559,6
66.4122979329388,72,55.0720629561693,11.3402349767695,1,I,560,6
144.912408185931,72,55.2948755817488,16.7051244182512,0,C,561,6
73.2166293636974,72,55.3731427760795,16.6268572239205,0,I,562,6
66.9997501102518,72,55.5502458801493,11.4495042301024,1,C,563,6
55.6996233486807,72,55.6828471412882,0.0167762073924952,1,I,564,6
207.880827089178,66.9452564950375,55.8189083542675,11.12634814077,0,C,565,6
61.7915079483394,72,55.9562788903713,5.83522905796803,1,I,566,6
78.1695468390214,72,55.9765830589458,16.0234169410542,0,C,567,6
113.108754173669,72,56.2239044671878,15.7760955328122,0,I,568,6
60.2412870314678,72,56.617901371792,3.62338565967581,1,C,569,6
103.926505717474,72,56.6339385649189,15.3660614350811,0,I,570,6
61.2103438504957,72,56.9641271419823,4.24621670851336,1,C,571,6
90.9690722863947,72,57.022665347904,14.977334652096,0,I,572,6
128.986996660692,72,57.1000873250887,14.8999126749113,0,C,573,6
132.836890201995,72,57.2752038622275,14.7247961377725,0,I,574,6
83.7961010724942,72,57.3654403863475,14.6345596136525,0,C,575,6
120.153546654315,72,57.7809263812378,14.2190736187622,0,I,576,6
190.141573717879,72,57.7960157068446,14.2039842931554,0,C,577,6
69.922257376825,72,57.8844228945673,12.0378344822577,1,I,578,6
75.3460125226631,72,57.8988463059068,14.1011536940932,0,C,579,6
69.760181597424,72,57.9154255567119,11.8447560407122,1,I,580,6
96.0211728802706,72,58.0407206481323,13.9592793518677,0,C,581,6
77.1349470865755,72,58.188733602874,13.811266397126,0,I,582,6
79.8002803984212,72,58.3546825032681,13.6453174967319,0,C,583,6
142.058404026225,72,58.4795929212123,13.5204070787877,0,I,584,6
109.579899660781,72,58.8835792383179,13.1164207616821,0,C,585,6
124.044178566251,72,58.9128914102912,13.0871085897088,0,I,586,6
106.399850013332,72,58.973169378005,13.026830621995,0,C,587,6
293.87702788641,72,59.1191400540993,12.8808599459007,0,I,588,6
99.5369245285933,72,59.1972880996764,12.8027119003236,0,C,589,6
62.8739875904108,72,59.2034764308482,3.6705111595626,1,I,590,6
149.696219016411,72,59.2293087160215,12.7706912839785,0,C,591,6
87.3997113834193,72,59.3265920877457,12.6734079122543,0,I,592,6
117.960682707997,72,59.4255124451593,12.5744875548407,0,C,593,6
81.2928738277113,72,59.5231221383438,12.4768778616562,0,I,594,6
67.130596051458,72,59.6362242707983,7.49437178065971,1,C,595,6
70.712096542161,72,59.7644582530484,10.9476382891126,1,I,596,6
96.5232974044242,72,59.8550223978236,12.1449776021764,0,C,597,6
78.1583821603749,72,59.9335364392027,12.0664635607973,0,I,598,6
69.4865758523558,72,59.9668720224872,9.51970382986852,1,C,599,6
93.0102984285313,72,59.9908224167302,12.0091775832698,0,I,600,6
0.514774503201794,72,0.21193855907768,0.302835944124114,1,C,1,7
3.33928186127137,72,0.225731902755797,3.11354995851558,1,I,2,7
26.0969326376245,34.8258666641253,0.228652856312692,25.8682797813118,1,C,3,7
2.71921968217956,35.8644392603045,0.509993070736527,2.20922661144303,1,I,4,7
16.5735640798573,72,0.643515922129154,15.9300481577281,1,C,5,7
9.24578780155893,56.1536381449433,0.823991359211505,8.42179644234742,1,I,6,7
8.79864138436494,72,0.937130469828844,7.8615109145361,1,C,7,7
110.657035610119,44.0703568821764,0.945698521099985,43.1246583610764,0,I,8,7
27.0157182517371,72,1.08300028368831,25.9327179680488,1,C,9,7
20.3316577387535,72,1.29233635962009,19.0393213791334,1,I,10,7
2.7390368339267,72,1.40910997521132,1.32992685871537,1,C,11,7
86.2963158583526,20.9162556504934,1.41100837849081,19.5052472720026,0,I,12,7
5.44520455584775,72,1.51744139380753,3.92776316204022,1,C,13,7
37.6116822099384,72,1.65580478031188,35.9558774296265,1,I,14,7
10.8535139398776,47.5149189482638,1.68087382335216,9.17264011652546,1,C,15,7
78.8210070014917,62.1488838879664,1.71608414500952,60.4327997429569,0,I,16,7
114.451323017175,72,1.79907591082156,70.2009240891784,0,C,17,7
18.1306409854794,32.2255730544199,1.87190918717533,16.258731798304,1,I,18,7
45.8584369429767,72,1.91005503293127,43.9483819100454,1,C,19,7
5.52007137384182,72,1.93296127952635,3.58711009431547,1,I,20,7
73.1861675217678,72,2.0914410520345,69.9085589479655,0,C,21,7
4.98539409791922,72,2.09322335198522,2.892170745934,1,I,22,7
28.38055673724,72,2.14151356369257,26.2390431735475,1,C,23,7
9.17339586052199,72,2.21631035674363,6.95708550377836,1,I,24,7
11.8656690852194,72,2.37269361969084,9.49297546552859,1,C,25,7
5.77309782509142,72,2.451430731453,3.32166709363842,1,I,26,7
22.0721045029159,45.6364499605278,2.84963530953974,19.2224691933762,1,C,27,7
7.85754050994601,72,2.88819534704089,4.96934516290512,1,I,28,7
59.8285512492051,13.5201586987317,2.99211295321584,10.5280457455159,0,C,29,7
34.8251495015161,72,3.23419023770839,31.5909592638077,1,I,30,7
8.44269605559362,72,3.24334221426398,5.19935384132964,1,C,31,7
40.8369548252262,65.3383561422608,3.24915041215718,37.587804413069,1,I,32,7
43.6213680867322,72,3.32213129382581,40.2992367929064,1,C,33,7
39.4106627463141,72,3.3731676125899,36.0374951337242,1,I,34,7
119.178347448995,72,3.48375581670553,68.5162441832945,0,C,35,7
92.573907150102,72,3.84641977027059,68.1535802297294,0,I,36,7
254.311405687694,72,3.87076127808541,68.1292387219146,0,C,37,7
95.2002387999432,72,4.00856492109597,67.991435078904,0,I,38,7
8.02346161272229,72,4.02604127302766,3.99742033969463,1,C,39,7
20.9478844272178,72,4.35477195773274,16.5931124694851,1,I,40,7
8.86280681646169,65.8565822267473,4.35841372702271,4.50439308943899,1,C,41,7
15.4051650279892,72,4.41914023831487,10.9860247896744,1,I,42,7
9.40533555833146,72,4.52796384226531,4.87737171606615,1,C,43,7
36.9283844248965,72,4.56457797903568,32.3638064458609,1,I,44,7
37.2363699044611,72,4.7773295128718,32.4590403915893,1,C,45,7
84.1992760101555,72,5.00668697990477,66.9933130200952,0,I,46,7
17.9935927136108,25.3399497195253,5.02657416276634,12.9670185508445,1,C,47,7
5.80260507010111,72,5.04451523534954,0.758089834751569,1,I,48,7
124.537817088167,72,5.20145400892943,66.7985459910706,0,C,49,7
50.8561222019999,37.3175750136848,5.35478614736348,31.9627888663214,0,I,50,7
20.3388562183303,65.5229732872981,5.38490122184157,14.9539549964887,1,C,51,7
28.0942838077824,72,5.48922550398856,22.6050583037938,1,I,52,7
35.7874630282806,72,5.55090228561312,30.2365607426675,1,C,53,7
62.7499211950086,72,5.72644846513867,57.0234727298699,1,I,54,7
61.5510349041881,24.8885263076075,5.98541087005287,18.9031154375546,0,C,55,7
67.3698678501085,72,6.00754726678133,61.3623205833272,1,I,56,7
38.9142113275222,72,6.04917672928423,32.865034598238,1,C,57,7
13.4639403757777,72,6.07754377182573,7.38639660395193,1,I,58,7
113.63020786853,72,6.10512376762927,65.8948762323707,0,C,59,7
42.9391970472877,66.9123342779548,6.51976738125086,36.4194296660369,1,I,60,7
11.1983730368688,44.8752434187549,6.60011064726859,4.5982623896002,1,C,61,7
52.6883496277632,72,6.9923107791692,45.696038848594,1,I,62,7
40.6089608452525,71.6492019081129,7.22975632175803,33.3792045234944,1,C,63,7
39.677741333654,72,7.25521547254175,32.4225258611123,1,I,64,7
51.8027170485182,72,7.48785572592169,44.3148613225965,1,C,65,7
56.9583065631959,72,7.58499297313392,49.373313590062,1,I,66,7
8.51733666338549,72,7.59505630005151,0.922280363333982,1,C,67,7
25.8740497086053,72,7.68149191047996,18.1925577981254,1,I,68,7
70.8096523931863,72,7.77940702624619,63.0302453669401,1,C,69,7
84.3226245234205,72,7.80629967804998,64.19370032195,0,I,70,7
9.34400834637709,72,7.82895332202315,1.51505502435394,1,C,71,7
30.2705634706629,72,7.89644939359278,22.3741140770701,1,I,72,7
10.0381055707559,72,7.95277178753167,2.08533378322419,1,C,73,7
14.5057421714793,72,7.99418586306274,6.51155630841654,1,I,74,7
50.4081879271071,72,8.13103146851063,42.2771564585964,1,C,75,7
14.6522817514027,72,8.15699877217412,6.49528297922861,1,I,76,7
51.4182448110349,72,8.28159715980291,43.136647651232,1,C,77,7
60.7082730028898,72,8.28877223655582,52.419500766334,1,I,78,7
72.0833784820629,72,8.29018999356777,63.7098100064322,0,C,79,7
51.2787738615052,72,8.43370446469635,42.8450693968089,1,I,80,7
152.62821671135,72,8.60779025126249,63.3922097487375,0,C,81,7
76.2128482573401,72,8.71441867668182,63.2855813233182,0,I,82,7
59.1224434438089,62.1683574992709,8.83953425567597,50.2829091881329,1,C,83,7
61.7330438983456,72,8.86626442428678,52.8667794740588,1,I,84,7
59.2697090911216,72,9.00373523589224,50.2659738552294,1,C,85,7
43.4400229824986,72,9.09100967925042,34.3490133032482,1,I,86,7
60.1089876347912,36.6875716573478,9.14408018812537,27.5434914692225,0,C,87,7
84.3441052979,72,9.47269775904715,62.5273022409529,0,I,88,7
90.4638909902151,72,9.60931815672666,62.3906818432733,0,C,89,7
65.5741758062623,72,9.73397030029446,55.8402055059678,1,I,90,7
18.0459984675027,72,9.75636932998896,8.28962913751377,1,C,91,7
21.7132738303956,72,9.77630083914846,11.9369729912471,1,I,92,7
12.2079724671521,72,9.85665620304644,2.35131626410569,1,C,93,7
27.4576770327743,72,9.86470104195178,17.5929759908225,1,I,94,7
86.0527244196348,72,9.92806829977781,62.0719317002222,0,C,95,7
66.8356379306915,72,9.97914932202548,56.8564886086661,1,I,96,7
60.5280023726047,72,9.98288825154305,50.5451141210616,1,C,97,7
41.4353674111834,72,10.1156574022025,31.3197100089809,1,I,98,7
32.5399920585369,72,10.2224163757637,22.3175756827731,1,C,99,7
54.9572522790077,72,10.2934490935877,44.66380318542,1,I,100,7
23.2085899877359,72,10.4184816777706,12.7901083099653,1,C,101,7
209.666067246972,72,10.4523652000353,61.5476347999647,0,I,102,7
40.0164361890516,72,10.5550780752674,29.4613581137843,1,C,103,7
28.250486362158,72,10.5575920734555,17.6928942887026,1,I,104,7
57.7953575663595,26.0672660052138,10.6088072480634,15.4584587571504,0,C,105,7
42.2563162241365,72,10.678801741451,31.5775144826855,1,I,106,7
97.739146659575,72,10.7419243315235,61.2580756684765,0,C,107,7
20.3536835179836,72,10.8409144263715,9.51276909161214,1,I,108,7
36.6368591691683,72,10.8763327309862,25.7605264381821,1,C,109,7
29.61052049727,72,10.9008063655347,18.7097141317353,1,I,110,7
62.286681950045,16.1031506975015,10.9423003345728,5.16085036292874,0,C,111,7
17.3801753041655,72,11.0216405801475,6.35853472401798,1,I,112,7
17.4076356484562,72,11.0737380478531,6.33389760060311,1,C,113,7
185.432223291517,72,11.4347637165338,60.5652362834662,0,I,114,7
16.8497170615016,72,11.4662860985845,5.38343096291707,1,C,115,7
13.4351704021049,72,11.499052438885,1.93611796321991,1,I,116,7
31.4676510983326,72,11.6584091400728,19.8092419582599,1,C,117,7
41.2158644619891,72,11.9646154437214,29.2512490182677,1,I,118,7
14.8973738772704,14.3905831033379,12.1432141587138,2.24736894462413,0,C,119,7
42.8497643344947,47.5945980898341,12.1929201018065,30.6568442326882,1,I,120,7
32.4467356462772,46.4453112766768,12.2260906873271,20.2206449589501,1,C,121,7
25.9485173867189,72,12.4635013891384,13.4850159975805,1,I,122,7
95.8247557494642,72,12.6402475079522,59.3597524920479,0,C,123,7
35.9228069502581,72,12.650623396039,23.2721835542191,1,I,124,7
44.8827977210625,72,12.7142521413043,32.1685455797582,1,C,125,7
49.7417597174716,72,12.7180717326701,37.0236879848016,1,I,126,7
15.2812275788348,72,12.7879096800461,2.49331789878868,1,C,127,7
102.10018257314,72,12.867957148701,59.1320428512991,0,I,128,7
37.0783310579342,27.2081979675356,13.0750907678157,14.1331071997199,0,C,129,7
26.0884396134657,72,13.0816642614082,13.0067753520576,1,I,130,7
37.4979813337212,72,13.0873242253438,24.4106571083774,1,C,131,7
20.0706539039022,72,13.0899426760152,6.98071122788699,1,I,132,7
25.3918696216493,61.710846942598,13.096859366633,12.2950102550163,1,C,133,7
42.2658909740491,72,13.1544230505824,29.1114679234667,1,I,134,7
201.556197193752,72,13.1598274921998,58.8401725078002,0,C,135,7
26.4000613073742,72,13.2971815997735,13.1028797076007,1,I,136,7
70.2092020907844,50.6831141492389,13.3302682964131,37.3528458528258,0,C,137,7
30.4082591322538,72,13.473698515445,16.9345606168088,1,I,138,7
173.854353707131,40.7544840698642,13.6052327882499,27.1492512816143,0,C,139,7
16.0819892294928,72,13.6162068787962,2.46578235069662,1,I,140,7
48.1505897717574,72,13.6254198616371,34.5251699101204,1,C,141,7
62.4670948813713,72,13.64441444166,48.8226804397112,1,I,142,7
20.5337900008787,31.2836998891126,13.7387490039691,6.79504099690961,1,C,143,7
38.1749507611331,72,13.8310823589563,24.3438684021768,1,I,144,7
88.2447328346762,42.913593614842,13.849866958335,29.0637266565069,0,C,145,7
124.450392972665,72,14.0402764733881,57.9597235266119,0,I,146,7
70.4805987887303,72,14.062970476225,56.4176283125052,1,C,147,7
70.5267200361484,24.1421751704746,14.0699587762356,10.072216394239,0,I,148,7
98.883530837717,24.5042758408357,14.1168187558651,10.3874570849706,0,C,149,7
39.537179468238,72,14.1643947456032,25.3727847226348,1,I,150,7
73.4401302306091,72,14.2151846922934,57.7848153077066,0,C,151,7
16.9358458059479,72,14.4053423870355,2.53050341891239,1,I,152,7
48.5532304247018,72,14.463659520261,34.0895709044408,1,C,153,7
22.9761174929221,72,14.6463962411508,8.32972125177127,1,I,154,7
17.5112237891571,72,14.7643307503313,2.74689303882578,1,C,155,7
24.3612609299614,34.8226711972143,14.7960163000971,9.5652446298643,1,I,156,7
15.6084303866255,14.9516153481636,14.8976879892871,0.0539273588765195,0,C,157,7
74.2519510682889,72,14.9620328424498,57.0379671575502,0,I,158,7
30.9915406143778,72,14.9621173320338,16.029423282344,1,C,159,7
23.7723566912465,72,15.0849085813388,8.68744810990766,1,I,160,7
107.090942985135,72,15.1286894269288,56.8713105730712,0,C,161,7
25.3888425769851,72,15.1383773284033,10.2504652485818,1,I,162,7
163.979967716456,69.212274955941,15.1475802250206,54.0646947309203,0,C,163,7
17.3250713541778,72,15.2194364229217,2.10563493125612,1,I,164,7
25.1809687413133,72,15.2692149812356,9.9117537600777,1,C,165,7
181.037125091733,72,15.4125184100121,56.5874815899879,0,I,166,7
20.2712120166741,72,15.5028176726773,4.76839434399673,1,C,167,7
163.198013802763,72,15.5671443650499,56.4328556349501,0,I,168,7
22.5366640600214,72,15.6440369971097,6.89262706291172,1,C,169,7
68.4779538897069,72,15.6970991240814,52.7808547656254,1,I,170,7
77.08469959739,72,15.7412304729223,56.2587695270777,0,C,171,7
147.644246193191,72,15.7503127958626,56.2496872041375,0,I,172,7
22.9201874587924,48.7423595474317,15.7620156928897,7.15817176590271,1,C,173,7
50.8349097983574,72,15.9695457341149,34.8653640642425,1,I,174,7
27.735413185111,72,16.1547376820818,11.5806755030292,1,C,175,7
24.6559170608551,72,16.3130669435486,8.34285011730645,1,I,176,7
135.614993122346,60.2999698636239,16.4545358810574,43.8454339825665,0,C,177,7
63.6458459252518,72,16.5373652614653,47.1084806637865,1,I,178,7
35.7016895432791,72,16.6354127693921,19.066276773887,1,C,179,7
22.0979261542393,72,16.7069813422859,5.39094481195344,1,I,180,7
33.4329040712395,72,16.7868775874376,16.6460264838018,1,C,181,7
19.4925242892175,72,16.904917624779,2.58760666443842,1,I,182,7
48.7120287933515,72,16.9647148344666,31.7473139588849,1,C,183,7
73.5549121712967,72,17.1343839308247,54.8656160691753,0,I,184,7
71.855289466294,72,17.1427534008399,54.7125360654541,1,C,185,7
26.824525367249,72,17.2826046170667,9.54192075018228,1,I,186,7
28.383655713868,41.5320625318246,17.5621109828353,10.8215447310327,1,C,187,7
41.6870315536853,72,17.6481118518859,24.0389197017994,1,I,188,7
92.8627644780044,48.2936931804047,17.6597076701,30.6339855103046,0,C,189,7
55.2849384788331,72,17.7080571558326,37.5768813230004,1,I,190,7
68.5209361834967,24.8364700343597,17.8568004397675,6.97966959459215,0,C,191,7
60.9234304832916,72,18.138075680472,42.7853548028197,1,I,192,7
25.7035463448854,72,18.3015282545239,7.40201809036151,1,C,193,7
40.8615097347516,72,18.3152786688879,22.5462310658637,1,I,194,7
99.4116592560907,72,18.426908031106,53.573091968894,0,C,195,7
25.0408679436327,72,18.4606677107513,6.58020023288136,1,I,196,7
37.8424314791359,72,18.5396721633151,19.3027593158208,1,C,197,7
22.0537002347077,72,18.6662953672931,3.38740486741463,1,I,198,7
89.8887418797434,72,18.7402842985466,53.2597157014534,0,C,199,7
88.2591785376617,36.0672392443076,18.907909328118,17.1593299161896,0,I,200,7
44.4467404011438,72,19.3767557898536,25.0699846112902,1,C,201,7
78.4097317743822,72,19.5589113654569,52.4410886345431,0,I,202,7
110.349683089068,72,19.58097551018,52.41902448982,0,C,203,7
46.3881716606675,72,19.6694051334634,26.7187665272041,1,I,204,7
65.1163753601033,72,19.7233045008034,45.3930708593,1,C,205,7
21.8814242726271,72,19.8269252479076,2.05449902471944,1,I,206,7
24.8639045371387,72,19.9252152023837,4.93868933475503,1,C,207,7
54.3719715239422,72,19.9757913546637,34.3961801692785,1,I,208,7
33.7110710402599,72,20.0675725797191,13.6434984605408,1,C,209,7
41.1844648522156,72,20.0775067973882,21.1069580548274,1,I,210,7
26.6847835307731,72,20.2170101786032,6.46777335216983,1,C,211,7
134.79194403133,72,20.2269927319139,51.7730072680861,0,I,212,7
92.6425386733879,62.520210351493,20.3683146787807,42.1518956727123,0,C,213,7
20.8158790100364,72,20.3907203720883,0.425158637948171,1,I,214,7
61.3798466221984,72,20.5808739177883,40.7989727044101,1,C,215,7
99.7473529407153,62.8626231111973,21.0827507916838,41.7798723195135,0,I,216,7
150.252044545932,49.009652653969,21.2104216078296,27.7992310461394,0,C,217,7
60.9515055643962,72,21.2348191067576,39.7166864576385,1,I,218,7
58.0766879955227,49.0340825910311,21.3059835322201,27.7280990588109,0,C,219,7
81.8982783104002,72,21.3283983198926,50.6716016801074,0,I,220,7
50.2019461388923,72,21.3481708103791,28.8537753285132,1,C,221,7
72.8258124039711,72,21.3957044156268,50.6042955843732,0,I,222,7
81.5396409589268,72,21.511842221953,50.488157778047,0,C,223,7
22.7033645163168,72,21.5688809473068,1.13448356901006,1,I,224,7
60.7793083649064,72,21.6431100899354,39.136198274971,1,C,225,7
80.612451064537,72,21.6919541778043,50.3080458221957,0,I,226,7
21.7803808015253,72,21.7187800537795,0.0616007477457704,1,C,227,7
55.7746300975423,71.9321223800476,21.79081548471,33.9838146128322,1,I,228,7
60.5437044833715,57.107905640342,21.7938095564023,35.3140960839397,0,C,229,7
51.5032163916494,72,21.8871173495427,29.6160990421067,1,I,230,7
91.3046231703007,72,22.1533308411017,49.8466691588983,0,C,231,7
47.5558332096278,72,22.1920064371079,25.3638267725199,1,I,232,7
116.05099230603,72,22.514571826905,49.485428173095,0,C,233,7
45.2413834337358,72,22.5548060657457,22.6865773679901,1,I,234,7
44.8114038626241,72,22.6019112020731,22.209492660551,1,C,235,7
47.6433693951114,72,22.8787281084806,24.7646412866308,1,I,236,7
85.6969782412958,72,22.9502084059641,49.0497915940359,0,C,237,7
65.7763500541525,72,22.9949661623687,42.7813838917838,1,I,238,7
27.540411006162,23.9187237264635,23.0155703332275,0.903153393236,0,C,239,7
58.7950932702854,72,23.0699781049043,35.7251151653812,1,I,240,7
47.5916703628522,72,23.1686194008216,24.4230509620306,1,C,241,7
37.1670475484231,72,23.2106897234917,13.9563578249314,1,I,242,7
56.8851797408497,72,23.318299530074,33.5668802107756,1,C,243,7
46.3600666026169,72,23.3378801727667,23.0221864298502,1,I,244,7
58.6541521569675,72,23.392795426771,35.2613567301965,1,C,245,7
27.7671673844299,72,23.4167035343125,4.35046385011731,1,I,246,7
26.1404684261438,72,23.7369659822434,2.40350244390037,1,C,247,7
56.1564543231849,72,23.9787669014186,32.1776874217663,1,I,248,7
38.2659718974002,72,24.0220341878012,14.243937709599,1,C,249,7
98.7739667970399,72,24.038905100897,47.9610948991031,0,I,250,7
94.6949078170665,72,24.2274978803471,47.7725021196529,0,C,251,7
57.4227848624636,72,24.3354246206582,33.0873602418054,1,I,252,7
103.261420339196,72,24.3741293996573,47.6258706003428,0,C,253,7
27.4117763985462,59.0424871334734,24.5835516555235,2.82822474302273,1,I,254,7
35.8719162741917,72,24.7207256080583,11.1511906661334,1,C,255,7
67.4989926163642,72,24.7230554698035,42.7759371465607,1,I,256,7
144.270268078861,49.5591460324955,24.8646599845961,24.6944860478994,0,C,257,7
92.5437636425491,72,24.9016395024955,47.0983604975045,0,I,258,7
50.1419541937047,28.9605933533476,25.179074909538,3.78151844380957,0,C,259,7
265.103803029127,72,25.4173429962248,46.5826570037752,0,I,260,7
160.24569542705,72,25.5119377886876,46.4880622113124,0,C,261,7
122.91894561568,72,25.5512097850442,46.4487902149558,0,I,262,7
32.3614560740281,72,25.562126445584,6.79932962844411,1,C,263,7
34.0346406951385,72,25.6198086636141,8.41483203152435,1,I,264,7
51.3144458531874,46.3699342023258,25.642355424352,20.7275787779738,0,C,265,7
57.4254806526076,27.5758156580663,25.8586570573971,1.7171586006692,0,I,266,7
34.4062569393452,72,25.926759056747,8.47949788259819,1,C,267,7
33.8662247408856,72,26.0434403037652,7.82278443712032,1,I,268,7
100.562561184671,72,26.1935902107507,45.8064097892493,0,C,269,7
41.8073364419563,72,26.2081947131082,15.5991417288481,1,I,270,7
95.3780473801232,72,26.2411573715508,45.7588426284492,0,C,271,7
65.7652421603316,72,26.2492007156834,39.5160414446482,1,I,272,7
93.2556012055633,71.3077572429461,26.3506958540529,44.9570613888932,0,C,273,7
71.2871075361731,72,26.4275262365118,44.8595812996613,1,I,274,7
44.7057603016145,64.8214231957548,26.4880947489291,18.2176655526853,1,C,275,7
36.0194402650661,72,26.5853848261759,9.43405543889027,1,I,276,7
59.5518295564791,72,26.5868902858347,32.9649392706445,1,C,277,7
29.2179802115202,72,26.7779876617715,2.4399925497487,1,I,278,7
88.0374181921272,54.7011066375108,26.8527481891215,27.8483584483893,0,C,279,7
43.6488081106035,72,26.9264517584816,16.7223563521219,1,I,280,7
105.323731075864,46.0363492533585,26.9704600330442,19.0658892203142,0,C,281,7
60.2730785524293,72,27.0164637174457,33.2566148349836,1,I,282,7
129.054196705814,41.5743075145528,27.1072937222198,14.467013792333,0,C,283,7
50.7086532003509,72,27.1571572031826,23.5514959971683,1,I,284,7
65.0825393351638,72,27.5255490699783,37.5569902651855,1,C,285,7
47.8014358632616,62.3853657004566,27.5629551010206,20.2384807622409,1,I,286,7
59.1784451650446,72,27.588036688976,31.5904084760686,1,C,287,7
57.7279683689911,72,27.6877223700285,30.0402459989626,1,I,288,7
47.4071661177419,72,27.8481484483928,19.5590176693491,1,C,289,7
34.5135772168707,72,27.8901508357376,6.62342638113307,1,I,290,7
112.677047213672,61.4080227574159,27.9834858700633,33.4245368873526,0,C,291,7
110.910482454824,72,28.0446961708367,43.9553038291633,0,I,292,7
61.804742565934,51.4609592809574,28.2858249591664,23.175134321791,0,C,293,7
89.1532849965344,72,28.6586926644668,43.3413073355332,0,I,294,7
31.3778396442454,72,28.7122296122834,2.66561003196203,1,C,295,7
68.1160540812191,72,28.7588385818526,39.3572154993665,1,I,296,7
58.672514528403,72,28.8071361975744,29.8653783308285,1,C,297,7
35.4975578514066,72,28.8818145124242,6.61574333898244,1,I,298,7
75.6700972056859,72,28.89397545252,43.1060245474801,0,C,299,7
60.0242967382746,72,29.0563635388389,30.9679331994357,1,I,300,7
65.0866210204898,72,29.1990360617638,35.887584958726,1,C,301,7
35.0048156249777,72,29.2254113545641,5.77940427041357,1,I,302,7
150.314154032449,72,29.4167521130294,42.5832478869706,0,C,303,7
115.732993586987,72,29.5419028401375,42.4580971598625,0,I,304,7
49.2337346211897,72,29.5778401801363,19.6558944410534,1,C,305,7
185.738736647672,72,29.6005970332772,42.3994029667229,0,I,306,7
38.1497230613768,72,29.6812497032806,8.46847335809613,1,C,307,7
65.3264104502098,72,29.7434156527743,35.5829947974355,1,I,308,7
54.7581300398473,72,29.8647653963417,24.8933646435057,1,C,309,7
38.99324504861,72,30.0014959461987,8.99174910241127,1,I,310,7
61.7692346229713,38.1604511828414,30.1155770011246,8.04487418171676,0,C,311,7
47.6593659021224,72,30.1706866035238,17.4886792985986,1,I,312,7
40.1238681142643,32.0822238605429,30.2541481330991,1.82807572744377,0,C,313,7
79.3408247767313,72,30.4340536985546,41.5659463014454,0,I,314,7
37.2307290219194,72,30.4623636882752,6.76836533364414,1,C,315,7
47.7934252453829,72,30.5007140943781,17.2927111510049,1,I,316,7
129.612535375209,72,30.519096669741,41.480903330259,0,C,317,7
62.5871138890298,72,30.7549536321312,31.8321602568986,1,I,318,7
41.6155524791316,53.4701235194352,31.1001452570781,10.5154072220535,1,C,319,7
37.8448512068893,72,31.1375152599067,6.70733594698265,1,I,320,7
69.9777753843498,72,31.1597724119201,38.8180029724296,1,C,321,7
188.455610441136,72,31.3123273523524,40.6876726476476,0,I,322,7
47.8161275586614,62.4388221653134,31.3192300032824,16.496897555379,1,C,323,7
44.0992788417158,72,31.3638841873035,12.7353946544123,1,I,324,7
55.8215104751227,72,31.4221224747598,24.3993880003629,1,C,325,7
41.4698278889602,72,31.4804580481723,9.98936984078789,1,I,326,7
74.1606387439219,72,31.6130758356303,40.3869241643697,0,C,327,7
32.3425838060556,72,31.7899557994679,0.552628006587717,1,I,328,7
79.4408630715081,72,32.038488839753,39.961511160247,0,C,329,7
163.018186660493,50.2830448582327,32.1938489517197,18.089195906513,0,I,330,7
34.0376341463651,54.7870658979436,32.2165826149285,1.82105153143665,1,C,331,7
119.293468588573,72,32.4347599223256,39.5652400776744,0,I,332,7
38.9755687987942,72,32.529048230499,6.44652056829514,1,C,333,7
70.5402580521375,72,32.5707581592724,37.9694998928651,1,I,334,7
218.72784971508,72,32.7179923653603,39.2820076346397,0,C,335,7
63.7283015978522,66.8256233663598,32.8562480024993,30.8720535953529,1,I,336,7
76.3404106355747,70.4746639714535,33.0091333575547,37.4655306138988,0,C,337,7
104.283887688159,39.8084422651267,33.067725864239,6.74071640088771,0,I,338,7
323.603687623742,55.4902610119375,33.1118991645053,22.3783618474321,0,C,339,7
47.1090062513558,72,33.1398133048788,13.969192946477,1,I,340,7
39.2374000529558,72,33.2717512641102,5.96564878884559,1,C,341,7
47.0506538658294,72,33.3094422798604,13.741211585969,1,I,342,7
56.4376823713788,72,33.3633880130947,23.0742943582841,1,C,343,7
76.5836006988379,72,33.364924765192,38.635075234808,0,I,344,7
153.950596496558,72,33.4856996918097,38.5143003081903,0,C,345,7
62.4573707040644,72,33.496337486431,28.9610332176334,1,I,346,7
66.6852688286811,72,33.5592069011182,33.1260619275629,1,C,347,7
72.6919337662901,72,33.6255263071507,38.3744736928493,0,I,348,7
50.7049515398312,36.5138157391737,33.6692546401173,2.84456109905639,0,C,349,7
37.318587590215,72,33.83698948659,3.48159810362497,1,I,350,7
45.9147021656861,72,33.8605511700735,12.0541509956127,1,C,351,7
137.478261849833,72,34.0775440866128,37.9224559133872,0,I,352,7
46.4069525073004,72,34.1313461400569,12.2756063672435,1,C,353,7
151.259106510484,72,34.1575261484832,37.8424738515168,0,I,354,7
85.2758156188594,72,34.1749082040042,37.8250917959958,0,C,355,7
132.93706218504,72,34.1843584366143,37.8156415633857,0,I,356,7
60.3911325675497,72,34.2238003062084,26.1673322613413,1,C,357,7
156.490106432534,72,34.4131505163386,37.5868494836614,0,I,358,7
66.3382346454852,72,34.4253123365343,31.9129223089509,1,C,359,7
60.4060015259179,72,34.4527252111584,25.9532763147595,1,I,360,7
153.505526345508,72,34.4576430832967,37.5423569167033,0,C,361,7
37.5246508162548,72,34.8706667264923,2.65398408976243,1,I,362,7
39.8352651699311,72,35.1171947736293,4.71807039630176,1,C,363,7
59.717753062626,47.9984720386146,35.1440842123702,12.8543878262444,0,I,364,7
40.5114906449668,72,35.1785842934623,5.33290635150447,1,C,365,7
56.3500308578942,72,35.1822026213631,21.1678282365311,1,I,366,7
58.7999032059218,72,35.3212171141058,23.478686091816,1,C,367,7
109.178270860448,72,35.410303613171,36.589696386829,0,I,368,7
36.8947947150472,72,35.4156142892316,1.47918042581558,1,C,369,7
75.3650713136335,72,35.4604283161461,36.5395716838539,0,I,370,7
86.9343323455438,72,35.4698003735393,36.5301996264607,0,C,371,7
56.0922206263332,72,35.4792353929952,20.612985233338,1,I,372,7
103.324855776633,72,35.542205167003,36.457794832997,0,C,373,7
112.461751245613,72,35.5713167320937,36.4286832679063,0,I,374,7
43.7688415500817,72,35.624763420783,8.14407812929874,1,C,375,7
95.2194916471393,72,35.6609359430149,36.3390640569851,0,I,376,7
78.5018141160516,72,35.755961718969,36.244038281031,0,C,377,7
117.561161589057,72,35.7871119165793,36.2128880834207,0,I,378,7
51.399786769968,72,35.7978370366618,15.6019497333062,1,C,379,7
110.385366458074,72,35.838640127331,36.161359872669,0,I,380,7
55.0676969378791,72,35.9632583521307,19.1044385857484,1,C,381,7
79.5279284844963,72,36.1628617532551,35.8371382467449,0,I,382,7
93.9178410285262,72,36.271982062608,35.728017937392,0,C,383,7
102.285636355558,72,36.3761968072504,35.6238031927496,0,I,384,7
43.0843587029634,72,36.532001090236,6.55235761272736,1,C,385,7
62.4424638132281,72,36.6439661197364,25.7984976934917,1,I,386,7
93.2775469313991,72,36.7690319381654,35.2309680618346,0,C,387,7
80.6969882613267,72,36.9415472773835,35.0584527226165,0,I,388,7
44.7110513703648,70.0852669699725,37.0133927464485,7.69765862391627,1,C,389,7
92.6009965725112,72,37.0170431211591,34.9829568788409,0,I,390,7
144.436314893845,37.7764534469914,37.0273111341521,0.749142312839283,0,C,391,7
61.0143512295802,72,37.3651758302003,23.6491753993799,1,I,392,7
66.2107194019138,72,37.4913911148906,28.7193282870232,1,C,393,7
84.6331568237986,72,37.5637388555333,34.4362611444667,0,I,394,7
58.3305137725258,72,37.6521947560832,20.6783190164426,1,C,395,7
43.4952322778948,72,37.8305187541991,5.6647135236956,1,I,396,7
65.1937213675561,72,37.8987774671987,27.2949439003574,1,C,397,7
214.769968800172,72,37.9990386217833,34.0009613782167,0,I,398,7
90.4197825103112,72,38.0109591968358,33.9890408031642,0,C,399,7
65.9037606584657,72,38.0246321065351,27.8791285519305,1,I,400,7
124.760822949782,72,38.4262128872797,33.5737871127203,0,C,401,7
43.683679313499,72,38.4602626087144,5.22341670478457,1,I,402,7
61.0673712820907,72,38.5669289063662,22.5004423757244,1,C,403,7
58.3535112972578,72,38.6284078890458,19.725103408212,1,I,404,7
62.2951867732363,72,39.2093440610915,23.0858427121447,1,C,405,7
67.4807424588914,72,39.3091781158,28.1715643430914,1,I,406,7
50.5302084055554,72,39.3247662764043,11.2054421291511,1,C,407,7
107.579369475475,72,39.340018867515,32.659981132485,0,I,408,7
84.2423266706729,72,39.4345852453262,32.5654147546738,0,C,409,7
53.9107279023672,72,39.4736330676824,14.4370948346848,1,I,410,7
113.818140354731,72,39.6427483297884,32.3572516702116,0,C,411,7
98.9279827941919,68.903546625695,39.6606804337353,29.2428661919598,0,I,412,7
69.5680047435708,72,39.7344401618466,29.8335645817242,1,C,413,7
66.5459867089942,72,39.846638222225,26.6993484867692,1,I,414,7
55.5613036399905,72,39.9149641022086,15.6463395377819,1,C,415,7
52.9587048322168,72,39.9438599310815,13.0148449011353,1,I,416,7
114.67481755352,72,40.0785746891052,31.9214253108949,0,C,417,7
92.5208816075191,72,40.0801995769143,31.9198004230857,0,I,418,7
72.5482187852868,72,40.0956202112138,31.9043797887862,0,C,419,7
79.4491425058193,47.249318604663,40.174813605845,7.07450499881802,0,I,420,7
132.031618243793,72,40.2375133708119,31.7624866291881,0,C,421,7
66.3696982271396,68.5515840595351,40.3959942469373,25.9737039802022,1,I,422,7
45.1935171046364,72,40.4456581128761,4.74785899176029,1,C,423,7
50.8746677943032,72,40.6237690011039,10.2508987931992,1,I,424,7
43.538342622117,72,40.9331553988159,2.60518722330113,1,C,425,7
124.285943276276,72,40.9362663002685,31.0637336997315,0,I,426,7
78.6971006095768,72,41.0148885240778,30.9851114759222,0,C,427,7
80.1305998194738,72,41.0973338317126,30.9026661682874,0,I,428,7
62.9336100259832,72,41.3092045113444,21.6244055146388,1,C,429,7
75.1384173845894,72,41.3108702609316,30.6891297390685,0,I,430,7
75.5935042926609,72,41.3140115188435,30.6859884811565,0,C,431,7
99.1192604587801,72,41.3579730223864,30.6420269776136,0,I,432,7
49.2493381774164,68.8771979728725,41.3603015849367,7.88903659247976,1,C,433,7
115.475566701231,72,41.659665168263,30.340334831737,0,I,434,7
61.8363385715911,72,41.6958375368267,20.1405010347643,1,C,435,7
46.7272728442841,72,41.6992823733017,5.02799047098238,1,I,436,7
74.5212325625661,72,41.7550890147686,30.2449109852314,0,C,437,7
246.683149068556,72,41.7643072782084,30.2356927217916,0,I,438,7
44.6128100340303,72,41.8736995803192,2.73911045371102,1,C,439,7
76.850321329677,72,42.0239101024345,29.9760898975655,0,I,440,7
94.7544028818631,72,42.1548593742773,29.8451406257227,0,C,441,7
64.6508651621072,53.2019827340745,42.1557869715616,11.0461957625129,0,I,442,7
49.7330715719012,72,42.1758589474484,7.55721262445278,1,C,443,7
78.8125436049626,72,42.2801550105214,29.7198449894786,0,I,444,7
57.6948302195811,72,42.4381974292919,15.2566327902891,1,C,445,7
204.814111971483,72,42.6780708320439,29.3219291679561,0,I,446,7
62.3502156102924,72,42.7389025781304,19.611313032162,1,C,447,7
106.709651616149,72,42.7441151160747,29.2558848839253,0,I,448,7
109.064884264619,72,42.9970386112109,29.0029613887891,0,C,449,7
96.0905211837331,72,43.2048985781148,28.7951014218852,0,I,450,7
119.989786840785,72,43.238430689089,28.761569310911,0,C,451,7
43.8013055606774,72,43.3453860366717,0.455919524005718,1,I,452,7
66.5104270164024,72,43.351634144783,23.1587928716194,1,C,453,7
51.1832216228815,65.1548910821063,43.492174143903,7.6910474789785,1,I,454,7
95.7996203681802,72,43.700105343014,28.299894656986,0,C,455,7
73.2083486789485,72,43.8473657844588,28.1526342155412,0,I,456,7
74.9435202514157,72,44.0412521967664,27.9587478032336,0,C,457,7
96.3426273305766,72,44.0477216430008,27.9522783569992,0,I,458,7
150.793144074659,72,44.0761403879151,27.9238596120849,0,C,459,7
67.8515111425642,72,44.1132833668962,23.738227775668,1,I,460,7
57.0409990857238,72,44.2115147598088,12.829484325915,1,C,461,7
104.298240263556,72,44.2652898235247,27.7347101764754,0,I,462,7
62.6175909654883,72,44.2996960133314,18.3178949521568,1,C,463,7
76.1867195339452,72,44.5447307545692,27.4552692454308,0,I,464,7
69.4120280351633,72,44.6276690158993,24.784359019264,1,C,465,7
124.326020456195,72,44.7657630080357,27.2342369919643,0,I,466,7
82.1764719434223,72,44.7791013820097,27.2208986179903,0,C,467,7
108.056247876627,72,44.8435059562326,27.1564940437675,0,I,468,7
86.9475029210872,72,44.9934400152415,27.0065599847585,0,C,469,7
52.1516649370987,72,45.1489007938653,7.00276414323337,1,I,470,7
77.4653199489839,60.7160665676795,45.2713760593906,15.4446905082889,0,C,471,7
62.1541929969973,50.2549185832064,45.2857353212312,4.96918326197517,0,I,472,7
52.546437410213,72,45.3704858478159,7.17595156239714,1,C,473,7
120.506565022896,72,45.6399575248361,26.3600424751639,0,I,474,7
66.4107763442776,72,45.7024008594453,20.7083754848323,1,C,475,7
50.051499726182,72,45.7328427024186,4.31865702376339,1,I,476,7
99.2072802059186,72,45.8820840669796,26.1179159330204,0,C,477,7
99.3162595631699,72,45.9410518035293,26.0589481964707,0,I,478,7
59.5229231607519,72,45.9923664433882,13.5305567173638,1,C,479,7
74.7741996842527,72,46.0980910481885,25.9019089518115,0,I,480,7
46.4410786750891,72,46.1008219141513,0.340256760937746,1,C,481,7
62.4154497411923,49.6414329092592,46.245421199128,3.39601171013113,0,I,482,7
50.9864626053034,72,46.3584851939231,4.62797741138024,1,C,483,7
71.2992822980989,72,46.5603821352124,24.7389001628865,1,I,484,7
133.294216268808,72,46.7272815294564,25.2727184705436,0,C,485,7
100.393335024682,72,46.7517583351582,25.2482416648418,0,I,486,7
115.465626748376,72,46.7786529427394,25.2213470572606,0,C,487,7
53.8391694291937,72,46.8310650112107,7.00810441798296,1,I,488,7
84.9818512760901,72,46.8728075874969,25.1271924125031,0,C,489,7
269.12212819295,72,46.8907739594579,25.1092260405421,0,I,490,7
50.0080146267976,72,47.1067151008174,2.90129952598024,1,C,491,7
62.52839372113,72,47.1732962457463,15.3550974753837,1,I,492,7
56.8838454107258,72,47.2771272948012,9.60671811592464,1,C,493,7
71.4626562277389,72,47.4635492730886,23.9991069546503,1,I,494,7
48.2416726429324,72,47.5363985588774,0.705274084054957,1,C,495,7
111.934051609101,72,47.7883472107351,24.2116527892649,0,I,496,7
103.732067620617,72,47.8263382986188,24.1736617013812,0,C,497,7
129.017807828769,72,47.9325214633718,24.0674785366282,0,I,498,7
57.8688129810089,72,48.044073949568,9.82473903144091,1,C,499,7
80.8931711381338,72,48.1251109577715,23.8748890422285,0,I,500,7
70.1396069357892,72,48.1408194545656,21.9987874812235,1,C,501,7
58.9769989912445,72,48.2557604648173,10.7212385264272,1,I,502,7
55.0986943013199,72,48.338558874093,6.76013542722692,1,C,503,7
59.0789319848624,72,48.5068703396246,10.5720616452378,1,I,504,7
68.0800672678295,72,48.5691661108285,19.510901157001,1,C,505,7
52.7647038924427,72,48.6212132032961,4.14349068914666,1,I,506,7
83.1242699230799,72,48.6321874056011,23.3678125943989,0,C,507,7
86.1142627779898,72,48.9355787448585,23.0644212551415,0,I,508,7
55.8525223054738,72,49.0069733932614,6.84554891221233,1,C,509,7
174.325327418912,72,49.0997883165255,22.9002116834745,0,I,510,7
76.8733952597145,72,49.1357722599059,22.8642277400941,0,C,511,7
172.459324042381,72,49.2112343804911,22.7887656195089,0,I,512,7
102.299497710681,72,49.2190414806828,22.7809585193172,0,C,513,7
68.0023019371066,72,49.2730743298307,18.7292276072758,1,I,514,7
55.2552546543923,72,49.3238389492035,5.93141570518879,1,C,515,7
90.318049597234,72,49.448727616109,22.5512723838911,0,I,516,7
121.930327287414,72,49.5064297970384,22.4935702029616,0,C,517,7
51.9762860555567,72,49.5843471586704,2.39193889688627,1,I,518,7
51.4216186921578,72,49.833793505095,1.58782518706283,1,C,519,7
52.2906478076467,72,50.0485114194453,2.2421363882014,1,I,520,7
116.26177267631,72,50.2000617887825,21.7999382112175,0,C,521,7
113.395592110779,72,50.3341932501644,21.6658067498356,0,I,522,7
70.8464877716104,72,50.3966522589326,20.4498355126778,1,C,523,7
79.669934994356,65.8122699653072,50.4293018952012,15.382968070106,0,I,524,7
135.164153424032,72,50.453537623398,21.546462376602,0,C,525,7
54.1550428382415,72,50.5311731016263,3.62386973661519,1,I,526,7
120.351748211017,52.8699261036537,50.5387075385079,2.33121856514583,0,C,527,7
81.4129980700358,72,50.6434321543202,21.3565678456798,0,I,528,7
57.1846619243766,72,50.6700647296384,6.51459719473818,1,C,529,7
60.164682390365,72,50.8285622159019,9.33612017446309,1,I,530,7
189.824298490661,72,50.9771022805944,21.0228977194056,0,C,531,7
56.6075021028121,72,50.9966505412012,5.61085156161087,1,I,532,7
58.9714692155056,72,51.003720536828,7.96774867867756,1,C,533,7
55.5915152688004,72,51.1613970855251,4.43011818327534,1,I,534,7
76.6651853704709,72,51.2948608305305,20.7051391694695,0,C,535,7
53.97053454458,72,51.3217482157052,2.64878632887483,1,I,536,7
71.9953014114758,72,51.3447977369651,20.6505036745107,1,C,537,7
58.4389254130677,72,51.4317086432129,7.00721676985473,1,I,538,7
138.384578341741,72,51.4528505550697,20.5471494449303,0,C,539,7
62.2982980660241,72,51.4727753587067,10.8255227073174,1,I,540,7
81.6149738348694,72,51.6471538553014,20.3528461446986,0,C,541,7
70.3604018012926,52.151944608831,51.781446011737,0.37049859709402,0,I,542,7
116.12583199645,72,51.8632421689108,20.1367578310892,0,C,543,7
62.2677845116332,72,51.9152206275612,10.352563884072,1,I,544,7
171.731875363334,72,52.3704202612862,19.6295797387138,0,C,545,7
99.4136471508797,72,52.432521013543,19.567478986457,0,I,546,7
117.329950829839,72,52.5301392143592,19.4698607856408,0,C,547,7
70.4223209832372,72,52.6750816265121,17.7472393567251,1,I,548,7
62.9696491146314,72,52.6871617371216,10.2824873775098,1,C,549,7
95.600088575151,72,52.7818155521527,19.2181844478473,0,I,550,7
63.6997279414505,72,52.8165472811088,10.8831806603417,1,C,551,7
82.60948137112,72,52.8445458272472,19.1554541727528,0,I,552,7
64.0471509285969,72,52.847617235966,11.1995336926309,1,C,553,7
135.555743891261,70.9041327506794,53.0262955231592,17.8778372275202,0,I,554,7
130.17005759633,72,53.3488451689482,18.6511548310518,0,C,555,7
57.1748959845546,72,53.3669735211879,3.80792246336673,1,I,556,7
81.494520320387,72,53.55074794963,18.44925205037,0,C,557,7
88.5197161401713,72,53.5976261179894,18.4023738820106,0,I,558,7
68.5708210721694,63.3447946136613,53.7389445723966,9.60585004126472,0,C,559,7
109.022369382157,72,53.7796234153211,18.2203765846789,0,I,560,7
75.5443419523243,72,53.9257806306705,18.0742193693295,0,C,561,7
219.659203214097,63.0894188567468,53.9799911202863,9.10942773646049,0,I,562,7
111.570286437269,72,53.9951533963904,18.0048466036096,0,C,563,7
120.939116914176,72,54.1457198839635,17.8542801160365,0,I,564,7
68.1942391453728,72,54.2159399064258,13.978299238947,1,C,565,7
79.2129442747534,72,54.248575293459,17.751424706541,0,I,566,7
84.7685783019951,56.4469554900239,54.4868536340073,1.96010185601659,0,C,567,7
67.8282467513106,72,54.5654242811725,13.2628224701382,1,I,568,7
92.4970025174237,72,54.9934041453525,17.0065958546475,0,C,569,7
71.3344253804951,72,55.0202149059624,16.3142104745327,1,I,570,7
55.6126319232952,72,55.4350734734908,0.177558449804437,1,C,571,7
94.500922757759,72,55.4969278955832,16.5030721044168,0,I,572,7
101.09741145051,72,55.5820078030229,16.4179921969771,0,C,573,7
86.4005682920006,72,55.67047000397,16.32952999603,0,I,574,7
61.2790568253429,72,55.8974659955129,5.38159082983004,1,C,575,7
84.9102614279803,72,55.921104750596,16.078895249404,0,I,576,7
71.9108360707572,68.8321586918052,56.0329631762579,12.7991955155473,0,C,577,7
58.1113752453068,72,56.1554170679301,1.95595817737664,1,I,578,7
82.3085623328272,72,56.3835766911507,15.6164233088493,0,C,579,7
117.88877653867,72,56.508408584632,15.491591415368,0,I,580,7
80.9945792819056,72,56.7165906121954,15.2834093878046,0,C,581,7
100.530669772633,72,56.7786222975701,15.2213777024299,0,I,582,7
78.7713851934338,72,56.779044913128,15.220955086872,0,C,583,7
248.374731632137,72,56.8241014843807,15.1758985156193,0,I,584,7
180.175970108989,72,56.9224714161828,15.0775285838172,0,C,585,7
105.174435273342,72,56.988963293843,15.011036706157,0,I,586,7
141.57469688853,72,56.9961787434295,15.0038212565705,0,C,587,7
57.3673878710335,72,57.0032537262887,0.364134144744768,1,I,588,7
68.0819642345734,72,57.0937675517052,10.9881966828681,1,C,589,7
75.1721100435228,72,57.1625905204564,14.8374094795436,0,I,590,7
91.4662754958389,72,57.3611560463905,14.6388439536095,0,C,591,7
90.2524319129129,72,57.4720196379349,14.5279803620651,0,I,592,7
89.8050331501776,72,57.5861616013572,14.4138383986428,0,C,593,7
201.913907991059,57.8697702144529,57.6334045780823,0.236365636370579,0,I,594,7
141.969080405537,72,57.6446702191606,14.3553297808394,0,C,595,7
213.699141968801,72,57.7784116426483,14.2215883573517,0,I,596,7
76.6562300443648,72,57.814346915111,14.1856530848891,0,C,597,7
79.1522393315256,72,58.0300951329991,13.9699048670009,0,I,598,7
79.8465856611936,72,58.1696362467483,13.8303637532517,0,C,599,7
80.0088087854257,72,58.4277826035395,13.5722173964605,0,I,600,7
121.046791907343,72,58.5049990005791,13.4950009994209,0,C,601,7
80.4849841036132,72,58.5300521319732,13.4699478680268,0,I,602,7
129.830334331927,72,58.7714981194586,13.2285018805414,0,C,603,7
129.089833666654,72,58.8463068148121,13.1536931851879,0,I,604,7
61.7056939790098,72,58.8505331519991,2.85516082701072,1,C,605,7
166.615598295051,72,58.9808794297278,13.0191205702722,0,I,606,7
187.870837314419,72,59.0340663632378,12.9659336367622,0,C,607,7
88.2319030839565,72,59.0972173400223,12.9027826599777,0,I,608,7
86.7528944160023,72,59.2493159277365,12.7506840722635,0,C,609,7
63.6022263784521,72,59.2643908783793,4.33783550007278,1,I,610,7
80.4211350373149,72,59.3487915722653,12.6512084277347,0,C,611,7
90.9105093075418,72,59.4041037093848,12.5958962906152,0,I,612,7
61.9823480834603,72,59.5779469795525,2.40440110390779,1,C,613,7
65.4838431749465,72,59.6339573292062,5.84988584574029,1,I,614,7
110.842816715147,72,59.7203925065696,12.2796074934304,0,C,615,7
95.7011500184907,72,59.7900511650369,12.2099488349631,0,I,616,7
86.6090361779507,72,59.7970386967063,12.2029613032937,0,C,617,7
89.6535860130264,72,59.8019436188042,12.1980563811958,0,I,618,7
66.6162969598602,72,59.8259833361954,6.7903136236648,1,C,619,7
109.427645595692,72,59.9409078480676,12.0590921519324,0,I,620,7
130.60103401864,72,59.9452922958881,12.0547077041119,0,C,621,7
74.2511225270491,72,59.9958345713094,12.0041654286906,0,I,622,7
4.58017073208312,72,0.0807417137548327,4.49942901832829,1,C,1,8
91.1046090590365,72,0.132482727058232,71.8675172729418,0,I,2,8
25.7329182756565,72,0.246208640746772,25.4867096349097,1,C,3,8
4.93278055226729,27.9234997466398,0.247742529027164,4.68503802324013,1,I,4,8
16.6962080922314,72,0.249121380038559,16.4470867121929,1,C,5,8
21.9115424999643,72,0.266220308840275,21.645322191124,1,I,6,8
13.6897925973473,72,0.303577948361635,13.3862146489857,1,C,7,8
39.0274265206037,72,0.374036896973848,38.6533896236299,1,I,8,8
86.124570578415,65.7051379422002,0.447236043401063,65.2579018987992,0,C,9,8
9.95571815855048,72,0.570367905311286,9.38535025323919,1,I,10,8
49.777499510924,64.8863422848511,0.707954121753573,49.0695453891705,1,C,11,8
48.1350176557341,42.8950332440785,0.739377541467547,42.1556557026109,0,I,12,8
64.6131025878318,16.768059013206,1.60428768955171,15.1637713236543,0,C,13,8
3.78424334409823,72,1.60775392781943,2.1764894162788,1,I,14,8
24.8210636372286,72,1.61127631086856,23.20978732636,1,C,15,8
76.2581419856034,33.7464672339846,1.61943183280528,32.1270354011793,0,I,16,8
51.2937401843857,72,1.72489303629845,49.5688471480872,1,C,17,8
101.795484681905,72,1.78087128326297,70.219128716737,0,I,18,8
50.6758189271123,72,1.81460912805051,48.8612097990618,1,C,19,8
15.6928193659975,72,1.83790499344468,13.8549143725528,1,I,20,8
59.6471612315884,72,1.94271550979465,57.7044457217937,1,C,21,8
4.73105906617807,72,1.95020689163357,2.7808521745445,1,I,22,8
11.961622444568,72,1.97860349435359,9.98301895021436,1,C,23,8
22.2525950391072,72,2.04306218773127,20.2095328513759,1,I,24,8
12.4762903867802,72,2.05971908289939,10.4165713038808,1,C,25,8
135.34765851843,72,2.06154364161193,69.9384563583881,0,I,26,8
17.6112472675467,9.24431059385121,2.17213025316596,7.07218034068525,0,C,27,8
24.4428827257775,62.5878392632155,2.75036829058081,21.6925144351967,1,I,28,8
18.5674849712081,72,2.76150024030358,15.8059847309046,1,C,29,8
53.859670038446,72,2.8343718778342,51.0252981606118,1,I,30,8
21.4388621559385,72,2.96666321810335,18.4721989378351,1,C,31,8
11.916603397798,72,3.22694457136095,8.68965882643701,1,I,32,8
65.8079694024763,72,3.23264856822789,62.5753208342485,1,C,33,8
44.0615096795714,72,3.30386760178953,40.7576420777819,1,I,34,8
6.98680922357854,72,3.33522856235504,3.6515806612235,1,C,35,8
9.31394495933745,70.1931677862646,3.33673509769142,5.97720986164603,1,I,36,8
45.3015787188018,72,3.39821553323418,41.9033631855677,1,C,37,8
27.2132669355125,72,3.47232533153147,23.740941603981,1,I,38,8
40.0490432351528,72,3.51515252608806,36.5338907090647,1,C,39,8
67.0765333038547,72,3.72339298948646,63.3531403143682,1,I,40,8
69.7859462409511,47.6902649858537,3.75137262046337,43.9388923653903,0,C,41,8
28.156362999128,72,3.88312135823071,24.2732416408973,1,I,42,8
19.4720119048558,72,3.92707382328808,15.5449380815677,1,C,43,8
15.5879428296952,29.047960647612,4.02331524062902,11.5646275890662,1,I,44,8
136.656586053836,72,4.2289395025,67.7710604975,0,C,45,8
14.6384528977589,56.503422196055,4.32228745892644,10.3161654388325,1,I,46,8
107.706293872714,35.7042876139296,4.34440393466502,31.3598836792646,0,C,47,8
92.8170981472345,72,4.36640812084079,67.6335918791592,0,I,48,8
9.99386177942527,72,4.41226642113179,5.58159535829348,1,C,49,8
78.5185200855374,72,4.50347600039095,67.4965239996091,0,I,50,8
30.5405973312131,72,4.53393773641437,26.0066595947987,1,C,51,8
86.4527645470585,72,4.67093361541629,67.3290663845837,0,I,52,8
80.1312416706547,72,4.71121083945036,67.2887891605496,0,C,53,8
46.7366975465686,72,4.73809795919806,41.9985995873705,1,I,54,8
113.414366837692,72,4.77778977714479,67.2222102228552,0,C,55,8
9.39898511147006,72,4.93200302124023,4.46698209022982,1,I,56,8
144.051450222037,16.270967102792,4.96468262281269,11.3062844799793,0,C,57,8
97.4147270094544,12.5432305449016,5.07513374090195,7.46809680399968,0,I,58,8
6.71169211016869,72,5.18312852829695,1.52856358187175,1,C,59,8
49.2910289481892,72,5.2315940335393,44.0594349146499,1,I,60,8
46.3956473572864,9.58297583782525,5.24003107566387,4.34294476216138,0,C,61,8
30.1257455344565,72,5.73216187767685,24.3935836567796,1,I,62,8
54.0092854424803,72,5.74949667323381,48.2597887692465,1,C,63,8
35.093079074835,72,5.78054606448859,29.3125330103464,1,I,64,8
61.3402546491144,59.82743118007,6.03000357281417,53.7974276072558,0,C,65,8
106.338525522727,72,6.15539814345539,65.8446018565446,0,I,66,8
55.4567312423205,72,6.44406690727919,49.0126643350413,1,C,67,8
7.34349795631871,72,6.48853034712374,0.854967609194964,1,I,68,8
14.0470579450857,72,6.57888256944716,7.46817537563858,1,C,69,8
20.1049469616602,34.4082917498837,6.57970931846649,13.5252376431937,1,I,70,8
26.415082150303,72,6.87236253172159,19.5427196185814,1,C,71,8
56.5562381772471,72,6.92713467869908,49.629103498548,1,I,72,8
17.5578356153189,44.5456749759201,7.00745820533484,10.5503774099841,1,C,73,8
29.6094035843067,72,7.03621930908412,22.5731842752226,1,I,74,8
26.6481271350161,72,7.2792952414602,19.3688318935559,1,C,75,8
25.4959733932925,65.832267554432,7.38312124740332,18.1128521458891,1,I,76,8
82.174008246876,72,7.4868580698967,64.5131419301033,0,C,77,8
50.1242436550158,72,7.71891520824283,42.405328446773,1,I,78,8
69.8992862856077,72,7.85276285838336,62.0465234272243,1,C,79,8
17.8553858713952,72,7.88841004483402,9.96697582656116,1,I,80,8
26.4445081122658,72,8.04626004304737,18.3982480692185,1,C,81,8
17.2396704585019,72,8.12903774902225,9.11063270947966,1,I,82,8
42.1831042530974,72,8.18417932838202,33.9989249247154,1,C,83,8
64.3388807386415,46.3610801947377,8.19810901768506,38.1629711770527,0,I,84,8
9.82011777001934,33.398795706496,8.32096762955189,1.49915014046746,1,C,85,8
12.5164035660255,48.3258043298309,8.88652062043548,3.62988294559002,1,I,86,8
20.0597554791272,72,8.88726575765759,11.1724897214696,1,C,87,8
20.0276006103544,72,8.99083673022687,11.0367638801275,1,I,88,8
192.170504276027,72,9.16018091607839,62.8398190839216,0,C,89,8
14.4436011010656,72,9.24136742949486,5.20223367157071,1,I,90,8
23.6618975666744,22.3027476826044,9.28235299419612,13.0203946884083,0,C,91,8
71.1721822899987,18.5868025442884,9.28953138180077,9.29727116248766,0,I,92,8
27.0305527640359,72,9.2906211828813,17.7399315811546,1,C,93,8
193.128323950863,72,9.30807780940086,62.6919221905992,0,I,94,8
11.1188389258379,72,9.36298943124712,1.75584949459078,1,C,95,8
58.1590642008423,72,9.5106476219371,48.6484165789052,1,I,96,8
87.9421756492557,46.7153396445612,9.52148105017841,37.1938585943827,0,C,97,8
85.9355811407375,51.2504601240027,9.62039702106267,41.63006310294,0,I,98,8
95.4922774968729,15.1324644653795,9.81224717572331,5.3202172896562,0,C,99,8
62.8862135594747,72,10.0259215570986,52.860292002376,1,I,100,8
26.1648116094575,72,10.1995373982936,15.9652742111639,1,C,101,8
22.3717011439166,72,10.3613024158403,12.0103987280763,1,I,102,8
30.1903543243099,72,10.3959743818268,19.7943799424831,1,C,103,8
49.4471697377919,72,10.3966579120606,39.0505118257313,1,I,104,8
80.3096176653123,35.2211103214839,10.9515804704279,24.269529851056,0,C,105,8
11.1038548731505,72,10.9946805657819,0.109174307368621,1,I,106,8
16.1998580627142,72,11.0795550886542,5.12030297405999,1,C,107,8
27.4528193313717,12.5224053801243,11.0964053822681,1.42599999785621,0,I,108,8
55.346692933328,72,11.1055155191571,44.2411774141709,1,C,109,8
23.1600158683792,72,11.305207000114,11.8548088682652,1,I,110,8
79.1779959570946,72,11.370450546965,60.629549453035,0,C,111,8
37.7151601121939,72,11.3837936427444,26.3313664694495,1,I,112,8
20.952856968431,72,11.4700019080192,9.48285506041181,1,C,113,8
17.7997932115293,15.3025510880786,11.5826373361051,3.71991375197354,0,I,114,8
78.4674733805911,72,11.5873260330409,60.4126739669591,0,C,115,8
77.5762110936705,40.273175060294,12.1692569414154,28.1039181188786,0,I,116,8
35.5752553256059,72,12.4205368990079,23.154718426598,1,C,117,8
16.3600296817293,72,12.4397391267121,3.92029055501725,1,I,118,8
33.3533512801542,72,12.5576673354954,20.7956839446588,1,C,119,8
60.6927025597155,51.930012373332,12.5693987030536,39.3606136702784,0,I,120,8
20.4895219905701,72,12.5771437492222,7.91237824134798,1,C,121,8
77.4686645781138,72,12.6440719189122,59.3559280810878,0,I,122,8
21.3341597326738,72,12.8655765904114,8.46858314226248,1,C,123,8
184.526069787618,72,13.4123132005334,58.5876867994666,0,I,124,8
20.8958624513104,72,13.4743532398716,7.42150921143879,1,C,125,8
123.111542711918,72,13.5118340933695,58.4881659066305,0,I,126,8
37.7610832067999,57.8831220595151,13.8352394476533,23.9258437591466,1,C,127,8
62.647873290393,72,13.8583692815155,48.7895040088776,1,I,128,8
65.1012606231314,34.4442207617563,13.8891508011147,20.5550699606416,0,C,129,8
59.2102918011339,72,13.9814693899825,45.2288224111514,1,I,130,8
36.4179709425217,24.3312804660672,14.0353110618889,10.2959694041782,0,C,131,8
30.2706602560112,72,14.0825248835608,16.1881353724504,1,I,132,8
63.9035678264389,57.8406892821845,14.1039982158691,43.7366910663154,0,C,133,8
45.8708669722752,72,14.2543209437281,31.6165460285472,1,I,134,8
56.1639875447595,72,14.3210597662255,41.8429277785339,1,C,135,8
78.4525474012332,72,14.5615781843662,57.4384218156338,0,I,136,8
24.1525772383012,72,14.6753210993484,9.47725613895284,1,C,137,8
17.3271228422205,72,14.7049042023718,2.62221863984865,1,I,138,8
19.607683622841,34.3197794294387,14.7425038553774,4.86517976746352,1,C,139,8
16.0210534549301,72,14.7826309874654,1.23842246746475,1,I,140,8
95.605702932485,72,14.8219754034653,57.1780245965347,0,C,141,8
180.070970381442,72,14.9000684777275,57.0999315222725,0,I,142,8
61.0953809664988,72,14.9900038680062,46.1053770984926,1,C,143,8
51.278436892159,72,15.1404005661607,36.1380363259983,1,I,144,8
20.3221058097347,72,15.2130218222737,5.10908398746099,1,C,145,8
24.6142156860516,72,15.223312578164,9.39090310788754,1,I,146,8
84.1263521709607,72,15.239095450379,56.7609045496211,0,C,147,8
36.7139607104621,72,15.4837821051478,21.2301786053142,1,I,148,8
107.121808029312,72,15.4882955225185,56.5117044774816,0,C,149,8
37.421225522637,72,15.4952381132171,21.92598740942,1,I,150,8
108.701341879347,47.0274747127671,15.5366370035335,31.4908377092336,0,C,151,8
123.390936745534,72,15.6021299818531,56.3978700181469,0,I,152,8
74.5832648040391,72,15.7593410136178,56.2406589863822,0,C,153,8
15.8718389181909,72,15.8111737668514,0.0606651513395166,1,I,154,8
19.7172169956571,72,15.8580068964511,3.85921009920596,1,C,155,8
19.0700984251112,72,16.0568091273308,3.01328929778039,1,I,156,8
69.813257051379,72,16.0940593387932,53.7191977125858,1,C,157,8
66.4788749333564,72,16.1196929169819,50.3591820163745,1,I,158,8
18.7368635055421,35.6320854260445,16.1660149600357,2.57084854550643,1,C,159,8
55.7111271803398,72,16.2975764740258,39.4135507063139,1,I,160,8
80.4416395900745,72,16.3839302212,55.6160697788,0,C,161,8
29.5036821700857,72,16.5403685672209,12.9633136028648,1,I,162,8
104.668861023638,72,16.575396344997,55.424603655003,0,C,163,8
64.3778125065328,72,16.6267109429464,47.7511015635864,1,I,164,8
45.1454636825673,72,16.7004338465631,28.4450298360042,1,C,165,8
40.8537233718622,72,16.7063185153529,24.1474048565093,1,I,166,8
186.928744026106,50.049385485939,16.9179612910375,33.1314241949015,0,C,167,8
79.0418901396548,72,16.9429456070066,55.0570543929935,0,I,168,8
22.3459374732243,72,16.9579458329827,5.38799164024168,1,C,169,8
44.7912498575012,72,17.0327126327902,27.758537224711,1,I,170,8
20.7690010013095,52.5886706852476,17.0451775286347,3.72382347267488,1,C,171,8
76.0525239480454,72,17.1447100723162,54.8552899276838,0,I,172,8
35.0950906748806,72,17.4734992906451,17.6215913842354,1,C,173,8
28.5669768985626,72,17.5153541984037,11.051622700159,1,I,174,8
20.6698639787174,27.4873135304741,17.5167842628434,3.15307971587401,1,C,175,8
65.9107498285768,72,17.5639858050272,48.3467640235496,1,I,176,8
93.1797907901776,72,17.7042225748301,54.29577742517,0,C,177,8
24.5179204556108,68.3692373758582,17.7977451542392,6.72017530137152,1,I,178,8
37.2280248878013,72,17.8586663911119,19.3693584966894,1,C,179,8
43.2149378429519,72,17.8748177736998,25.3401200692521,1,I,180,8
30.5572775214462,25.8336668117481,18.1021886179224,7.73147819382577,0,C,181,8
31.8875594647263,72,18.1201558560133,13.767403608713,1,I,182,8
84.0933584243116,72,18.2450658548623,53.7549341451377,0,C,183,8
100.100920457222,72,18.4481623023748,53.5518376976252,0,I,184,8
30.261765617576,72,18.4495858149603,11.8121798026157,1,C,185,8
42.362485710388,72,18.5329800657928,23.8295056445952,1,I,186,8
50.3793969477027,72,18.6853271909058,31.6940697567969,1,C,187,8
80.5690615123976,72,18.7115309201181,53.2884690798819,0,I,188,8
120.545252392714,72,18.7765002669767,53.2234997330234,0,C,189,8
39.9836397210655,72,18.7878297781572,21.1958099429084,1,I,190,8
79.200881475601,39.4912537697143,18.7924240110442,20.6988297586701,0,C,191,8
19.3008123142038,72,18.8135727401823,0.487239574021477,1,I,192,8
103.947243267592,72,19.0393844945356,52.9606155054644,0,C,193,8
30.3069108073996,72,19.131096471101,11.1758143362985,1,I,194,8
56.3597095795822,72,19.2034399788827,37.1562696006995,1,C,195,8
70.7746424610517,38.4112108293028,19.2972121294588,19.113998699844,0,I,196,8
31.605842404323,72,19.3041158141568,12.3017265901662,1,C,197,8
22.362081215498,72,19.3551393784583,3.00694183703973,1,I,198,8
44.4108665382521,72,19.7375814244151,24.673285113837,1,C,199,8
76.846973196385,54.1648169069033,19.8123118607327,34.3525050461706,0,I,200,8
101.188228185674,72,19.8603389505297,52.1396610494703,0,C,201,8
53.9200506061795,72,19.9954788805917,33.9245717255878,1,I,202,8
94.6124738908668,72,20.0723449699581,51.9276550300419,0,C,203,8
130.131320524836,72,20.0782653316855,51.9217346683145,0,I,204,8
72.5911522853479,72,20.1107314461842,51.8892685538158,0,C,205,8
55.5261483987648,72,20.197386033833,35.3287623649318,1,I,206,8
34.7447188094509,72,20.2037987904623,14.5409200189886,1,C,207,8
68.436837901436,72,20.3010889654979,48.1357489359381,1,I,208,8
37.1808521445744,72,20.3795664478093,16.8012856967651,1,C,209,8
92.7179991206847,72,20.4010783368722,51.5989216631278,0,I,210,8
81.1954061749196,72,20.4444963578135,51.5555036421865,0,C,211,8
177.557613014674,72,20.7840290665627,51.2159709334374,0,I,212,8
60.5525667445006,72,21.0172761837021,39.5352905607986,1,C,213,8
45.5218345385189,72,21.0745024261996,24.4473321123193,1,I,214,8
42.3849349479021,70.5704442154902,21.0897427657619,21.2951921821402,1,C,215,8
83.8151144673302,72,21.4995352132246,50.5004647867754,0,I,216,8
44.4035635112987,72,21.5433153742924,22.8602481370062,1,C,217,8
39.8876441437265,72,21.6971588646993,18.1904852790272,1,I,218,8
31.4667622608732,60.8854163539551,21.7346533248201,9.73210893605306,1,C,219,8
55.2884254627696,44.7132607299058,21.7738507781178,22.939409951788,0,I,220,8
136.155032593014,72,22.1145279938355,49.8854720061645,0,C,221,8
28.0880213646152,72,22.1304376143962,5.95758375021901,1,I,222,8
118.269536912151,72,22.2106477618217,49.7893522381783,0,C,223,8
33.6636269044327,72,22.4026687256992,11.2609581787335,1,I,224,8
136.726784849702,60.3026948614418,22.4094167724252,37.8932780890166,0,C,225,8
39.9768553673118,72,22.4753494374454,17.5015059298664,1,I,226,8
60.5134750732183,72,22.5437711505219,37.9697039226964,1,C,227,8
39.6979829456358,72,22.5762798311189,17.1217031145169,1,I,228,8
31.7631878958255,72,22.6657669432461,9.09742095257934,1,C,229,8
144.094191204683,30.7839838749882,23.0165647063404,7.76741916864777,0,I,230,8
43.859060428197,72,23.3011353760958,20.5579250521012,1,C,231,8
90.9255286167792,72,23.3695393055677,48.6304606944323,0,I,232,8
88.3528422964456,72,23.4552292479202,48.5447707520798,0,C,233,8
43.5863486983747,72,23.5552700422704,20.0310786561043,1,I,234,8
59.3959892297605,72,23.7277184659615,35.6682707637989,1,C,235,8
50.7207119488704,41.5691867680628,24.0085006831214,17.5606860849415,0,I,236,8
52.5902680338193,72,24.0104336338118,28.5798344000075,1,C,237,8
39.4086709503747,72,24.1291394317523,15.2795315186225,1,I,238,8
27.8987633535389,72,24.1310194786638,3.76774387487512,1,C,239,8
80.660789777907,72,24.1804275847971,47.8195724152029,0,I,240,8
115.526461841806,72,24.3326798686758,47.6673201313242,0,C,241,8
38.0417823206823,63.5948361711184,24.5191228855401,13.5226594351422,1,I,242,8
123.082866351678,46.2143131049558,24.5564126595855,21.6579004453703,0,C,243,8
54.5870343253726,72,24.6963421208784,29.8906922044942,1,I,244,8
288.160210532528,72,24.7852328885347,47.2147671114653,0,C,245,8
55.0619807121946,72,24.8640857683495,30.1978949438451,1,I,246,8
43.959620908896,72,24.9785435618833,18.9810773470127,1,C,247,8
66.9393111594091,72,25.0654813321307,41.8738298272783,1,I,248,8
113.158024006182,72,25.0726693728939,46.9273306271061,0,C,249,8
82.3758373396101,72,25.1618591649458,46.8381408350542,0,I,250,8
27.3257100348432,72,25.1625288650394,2.16318116980383,1,C,251,8
118.215069500169,72,25.2549262577668,46.7450737422332,0,I,252,8
37.1264189200695,72,25.2634830772877,11.8629358427818,1,C,253,8
64.4651650799172,72,25.3567712847143,39.1083937952029,1,I,254,8
28.5267921169629,72,25.4359722370282,3.09081987993472,1,C,255,8
49.2238657774976,72,25.576642351225,23.6472234262726,1,I,256,8
26.6634056647854,69.42674448046,25.8594521228224,0.803953541963018,1,C,257,8
43.2473322527097,44.7516582948381,25.9322397876531,17.3150924650566,1,I,258,8
28.7939750361137,72,26.2683556135744,2.52561942253927,1,C,259,8
57.6449802901167,72,26.6109497006983,31.0340305894184,1,I,260,8
35.8583495008246,72,26.650974964723,9.20737453610162,1,C,261,8
202.188800872404,72,26.8821215489879,45.1178784510121,0,I,262,8
35.273876806473,72,26.8945890152827,8.37928779119033,1,C,263,8
40.7492856900291,72,26.9305986631662,13.818687026863,1,I,264,8
62.6995799498054,72,26.9980669906363,35.7015129591691,1,C,265,8
117.579825792622,72,27.0946813886985,44.9053186113015,0,I,266,8
90.6988224618645,72,27.1824269648641,44.8175730351359,0,C,267,8
69.9761315056909,72,27.1875418815762,42.7885896241147,1,I,268,8
47.2039870844331,72,27.2366360714659,19.9673510129672,1,C,269,8
32.8870547111447,72,27.2595800086856,5.62747470245911,1,I,270,8
44.2684975189297,72,27.5055251363665,16.7629723825632,1,C,271,8
100.763244097252,72,27.5718830851838,44.4281169148162,0,I,272,8
33.9659506167437,72,27.6765191741288,6.28943144261497,1,C,273,8
59.0121220471742,72,27.6928970916197,31.3192249555546,1,I,274,8
55.8940752990725,72,27.8226885432377,28.0713867558347,1,C,275,8
29.710442177187,72,27.892190515995,1.81825166119202,1,I,276,8
116.81859825138,72,27.9657662613317,44.0342337386683,0,C,277,8
31.3013005168865,72,27.994099734351,3.30720078253551,1,I,278,8
119.217357620227,72,28.1251129182056,43.8748870817944,0,C,279,8
53.2825381096248,72,28.2178976945579,25.0646404150668,1,I,280,8
36.8127841756857,72,28.2282855547965,8.58449862088924,1,C,281,8
85.85949197961,72,28.335845572874,43.6641544271261,0,I,282,8
67.0128050288435,72,28.3689631707966,38.6438418580469,1,C,283,8
32.1205745186233,72,28.4078949177638,3.71267960085956,1,I,284,8
65.036614173257,72,28.5126941744238,36.5239199988332,1,C,285,8
66.0204277619422,72,28.5378431668505,37.4825845950917,1,I,286,8
40.1629275012253,55.7809664773117,28.564671697095,11.5982558041302,1,C,287,8
37.9857342375447,72,29.2486977903172,8.7370364472275,1,I,288,8
32.8804727520745,72,29.5536243310198,3.32684842105466,1,C,289,8
101.845123435641,72,29.6253903815523,42.3746096184477,0,I,290,8
36.8792288149974,72,29.6881875442341,7.19104127076333,1,C,291,8
70.3960565270677,35.8970297901315,29.7208386613056,6.17619112882587,0,I,292,8
41.1966432040752,56.453184762209,29.838973316364,11.3576698877112,1,C,293,8
41.7584293019888,72,29.9096951074898,11.8487341944989,1,I,294,8
33.3487512060528,72,30.1036214316264,3.2451297744264,1,C,295,8
56.3772853021957,72,30.2721516089514,26.1051336932443,1,I,296,8
67.5516032171007,72,30.3505111578852,37.2010920592155,1,C,297,8
38.1949915852796,72,30.4006258165464,7.79436576873325,1,I,298,8
84.4301585614691,72,30.5777282780036,41.4222717219964,0,C,299,8
31.9407069115638,72,30.7171031506732,1.22360376089058,1,I,300,8
59.0188922940944,72,30.8252760814503,28.1936162126441,1,C,301,8
40.1625556903608,72,30.835345541127,9.32721014923374,1,I,302,8
99.3241294939892,72,30.8714333362877,41.1285666637123,0,C,303,8
94.9247744914913,72,30.9737258451059,41.0262741548941,0,I,304,8
118.319869953363,70.5431887050564,30.9980203444138,39.5451683606426,0,C,305,8
39.5077865111094,72,31.2729869736359,8.23479953747355,1,I,306,8
52.5916192690359,72,31.3288458483294,21.2627734207065,1,C,307,8
98.3194969903679,72,31.5327492915094,40.4672507084906,0,I,308,8
36.1329682882205,72,31.5925881033763,4.54038018484421,1,C,309,8
155.160556936526,72,31.5991647401825,40.4008352598175,0,I,310,8
170.458015512415,72,31.6090652626008,40.3909347373992,0,C,311,8
61.2829636813894,72,31.6131525859237,29.6698110954657,1,I,312,8
64.9952101957365,72,31.6378999315202,33.3573102642163,1,C,313,8
203.89097287874,72,31.6457221470773,40.3542778529227,0,I,314,8
32.6616105230467,72,31.744620250538,0.916990272508671,1,C,315,8
42.8068836419237,72,31.8415039032698,10.965379738654,1,I,316,8
67.4213879300789,72,31.9626456359401,35.4587422941388,1,C,317,8
70.7494531748757,72,32.0288587594405,38.7205944154352,1,I,318,8
56.7383903649575,54.2241783331642,32.1895612450317,22.0346170881325,0,C,319,8
48.5028310571155,60.8973588367131,32.2457104828209,16.2571205742947,1,I,320,8
62.6258507248693,72,32.3271168675274,30.2987338573419,1,C,321,8
44.6936201261716,72,32.3482158221304,12.3454043040411,1,I,322,8
36.001870742187,72,32.4044596217573,3.59741112042976,1,C,323,8
56.0926295627384,41.7599957821833,32.4554462637752,9.30454951840811,0,I,324,8
47.9783796055203,72,32.4688717676327,15.5095078378876,1,C,325,8
44.1187817987785,72,32.483604317531,11.6351774812475,1,I,326,8
35.327937626001,72,32.6626591337845,2.66527849221655,1,C,327,8
99.2153338254203,71.5786492479478,32.7694428618997,38.8092063860481,0,I,328,8
111.87333526169,40.1391839332562,32.9694959381595,7.16968799509668,0,C,329,8
111.489784165268,72,33.0022499570623,38.9977500429377,0,I,330,8
79.5342046944249,72,33.0681660259143,38.9318339740858,0,C,331,8
49.2034113157756,72,33.1286710873246,16.074740228451,1,I,332,8
82.0503402316618,72,33.2477593794465,38.7522406205535,0,C,333,8
44.3211480917406,72,33.4749999269843,10.8461481647563,1,I,334,8
37.2997473904095,72,33.7299537425861,3.56979364782342,1,C,335,8
73.2584556025029,72,33.7479950068519,38.2520049931482,0,I,336,8
34.8814341003812,72,33.7941047362983,1.0873293640829,1,C,337,8
71.0862586004735,72,33.7968233926222,37.2894352078514,1,I,338,8
73.564515476931,72,33.8553813798353,38.1446186201647,0,C,339,8
72.4735620206407,72,33.8559872237965,38.1440127762035,0,I,340,8
122.750653724465,72,33.8758739316836,38.1241260683164,0,C,341,8
61.7324348377463,72,33.8919784873724,27.8404563503739,1,I,342,8
39.6672421868091,72,34.0255435137078,5.64169867310123,1,C,343,8
72.7406830027517,72,34.0939662884921,37.9060337115079,0,I,344,8
96.4306818863092,72,34.1216658940539,37.8783341059461,0,C,345,8
81.9745250486687,72,34.1537431720644,37.8462568279356,0,I,346,8
194.867445787546,72,34.2381966859102,37.7618033140898,0,C,347,8
102.477363887316,72,34.2614736082032,37.7385263917968,0,I,348,8
59.605383280412,72,34.3615122651681,25.2438710152439,1,C,349,8
45.0340761459789,72,34.5849418407306,10.4491343052483,1,I,350,8
52.1451758123978,72,34.6113712806255,17.5338045317724,1,C,351,8
35.5439725230912,72,35.0589656364173,0.485006886673892,1,I,352,8
37.0059502267025,72,35.1249222876504,1.88102793905212,1,C,353,8
36.9439035932194,72,35.1304663717747,1.81343722144471,1,I,354,8
76.1704747149394,40.0579615023189,35.1422262936831,4.9157352086358,0,C,355,8
62.5412724776444,72,35.367554789409,27.1737176882353,1,I,356,8
44.259461227924,72,35.5005648359656,8.7588963919584,1,C,357,8
84.2884693626759,72,35.7706950511783,36.2293049488217,0,I,358,8
78.7702822354851,72,35.921311522834,36.078688477166,0,C,359,8
72.6601377969236,72,35.9319166420028,36.0680833579972,0,I,360,8
66.6371555962931,58.1213496776605,36.1925623705611,21.9287873070994,0,C,361,8
42.1870737158095,45.534165774467,36.2444893084466,5.94258440736288,1,I,362,8
86.5166732877622,72,36.3127115881071,35.687288411893,0,C,363,8
44.4757104570973,72,36.5086737368256,7.96703672027167,1,I,364,8
56.7018937385249,72,36.5226709702984,20.1792227682266,1,C,365,8
51.1953401660411,72,36.7138559371233,14.4814842289178,1,I,366,8
200.627595924536,72,36.8401798931882,35.1598201068118,0,C,367,8
38.5760045800605,72,36.8441074155271,1.7318971645334,1,I,368,8
92.182310061878,72,36.9068174064159,35.0931825935841,0,C,369,8
46.0078329643845,56.4014963250226,36.9301715679467,9.07766139643782,1,I,370,8
43.7511933895975,72,37.0591976540163,6.69199573558118,1,C,371,8
101.826943650293,72,37.0691206259653,34.9308793740347,0,I,372,8
42.3674092019087,72,37.2741118306294,5.09329737127928,1,C,373,8
40.0723201079918,72,37.2959160804749,2.77640402751691,1,I,374,8
46.654525187058,72,37.3455490730703,9.30897611398766,1,C,375,8
38.0148821973071,72,37.479148870334,0.535733326973046,1,I,376,8
43.5576565518383,39.8382629193837,37.4985856097192,2.33967730966458,0,C,377,8
184.664068956499,72,37.6003841450438,34.3996158549562,0,I,378,8
47.6442549346395,72,38.0340462271124,9.61020870752707,1,C,379,8
75.3447511422376,72,38.0587216978893,33.9412783021107,0,I,380,8
65.0773740390031,72,38.0934083880857,26.9839656509175,1,C,381,8
91.2403661678646,72,38.1047414476052,33.8952585523948,0,I,382,8
137.065117745655,72,38.198785437271,33.801214562729,0,C,383,8
252.930832059201,72,38.3536503603682,33.6463496396318,0,I,384,8
43.4625358273104,72,38.3592088054866,5.10332702182383,1,C,385,8
65.6135670668806,72,38.45770847518,27.1558585917006,1,I,386,8
45.4504519772459,72,38.5296610929072,6.92079088433867,1,C,387,8
159.583319149223,72,38.5367353493348,33.4632646506652,0,I,388,8
54.731605416082,72,38.8353051804006,15.8963002356813,1,C,389,8
47.6068032173336,72,38.8609860185534,8.7458171987802,1,I,390,8
113.811268547759,72,38.8636424671859,33.1363575328141,0,C,391,8
101.039643992752,72,38.9377635391429,33.0622364608571,0,I,392,8
108.746790354156,72,39.0795296430588,32.9204703569412,0,C,393,8
49.1132473632011,72,39.4309896882623,9.68225767493876,1,I,394,8
46.1420429659475,49.8448865995874,39.6487554302439,6.4932875357036,1,C,395,8
67.9458420330382,72,39.6628338843584,28.2830081486798,1,I,396,8
76.0448228912115,72,40.0951651437208,31.9048348562792,0,C,397,8
110.231879851091,72,40.1622297149152,31.8377702850848,0,I,398,8
50.5429024282449,72,40.2177171176299,10.3251853106149,1,C,399,8
75.9326155596783,72,40.2651496231556,31.7348503768444,0,I,400,8
42.7695558350415,72,40.4242205712944,2.34533526374707,1,C,401,8
72.7516739435247,72,40.492195179686,31.5078048203141,0,I,402,8
68.5442030458425,72,40.6090856669471,27.9351173788954,1,C,403,8
82.7035973413879,72,40.6547537120059,31.3452462879941,0,I,404,8
91.507901955897,72,40.7061381731182,31.2938618268818,0,C,405,8
94.4372187870771,72,40.7375225611031,31.2624774388969,0,I,406,8
50.7379756595607,72,40.7626578072086,9.97531785235208,1,C,407,8
260.546256271827,72,41.0079390183091,30.9920609816909,0,I,408,8
86.8811792889153,60.0491653331619,41.0737264528871,18.9754388802748,0,C,409,8
49.911466856322,72,41.3450582837686,8.56640857255338,1,I,410,8
87.3996299818782,72,41.6019445750862,30.3980554249138,0,C,411,8
65.4233728187041,72,41.7924951994792,23.6308776192249,1,I,412,8
75.2982970677724,72,42.5628688093275,29.4371311906725,0,C,413,8
71.2489615113438,72,42.5780389923602,28.6709225189836,1,I,414,8
72.939301912205,72,42.6025380240753,29.3974619759247,0,C,415,8
126.191042692585,72,42.9025084013119,29.0974915986881,0,I,416,8
79.5130433773222,72,42.9332813434303,29.0667186565697,0,C,417,8
58.9214877119447,72,43.1541273510084,15.7673603609363,1,I,418,8
60.2011399948621,72,43.1830045999959,17.0181353948662,1,C,419,8
46.6721208942187,72,43.3364507742226,3.3356701199961,1,I,420,8
50.7309914694684,72,43.4243931854144,7.30659828405401,1,C,421,8
74.8270119651589,72,43.4939775522798,28.5060224477202,0,I,422,8
149.262775154041,72,43.6001526284963,28.3998473715037,0,C,423,8
64.3382488243083,72,43.6628096736968,20.6754391506116,1,I,424,8
59.9144377520432,72,43.6847184458748,16.2297193061684,1,C,425,8
85.9097686107176,72,43.7264729524031,28.2735270475969,0,I,426,8
76.167875817294,72,43.8732500234619,28.1267499765381,0,C,427,8
45.8573982068924,72,43.9319665823132,1.92543162457918,1,I,428,8
128.295977359619,72,43.981030639261,28.018969360739,0,C,429,8
114.820042847684,72,44.0591192012653,27.9408807987347,0,I,430,8
90.1615300288501,72,44.1409123688936,27.8590876311064,0,C,431,8
82.7390466514211,72,44.4069084897637,27.5930915102363,0,I,432,8
58.8169673990295,72,44.5530253602192,14.2639420388103,1,C,433,8
115.848172430881,72,44.6457112720236,27.3542887279764,0,I,434,8
71.890937673115,72,44.6988568129018,27.1920808602132,1,C,435,8
47.0751423998776,72,44.7978527331725,2.2772896667051,1,I,436,8
51.007936096422,72,44.8177135270089,6.19022256941315,1,C,437,8
50.3546546663719,72,44.8434043815359,5.51125028483596,1,I,438,8
147.91631737942,72,44.9531072610989,27.0468927389011,0,C,439,8
67.4614436198939,72,45.025311796926,22.4361318229679,1,I,440,8
77.1148071219389,72,45.0578796258196,26.9421203741804,0,C,441,8
112.481799253962,53.8801284697726,45.0607132120058,8.81941525776676,0,I,442,8
67.0341096481612,72,45.1259544398636,21.9081552082976,1,C,443,8
146.49246837808,49.7387047254313,45.1679478306323,4.57075689479896,0,I,444,8
59.7934222123926,72,45.1809797761962,14.6124424361964,1,C,445,8
107.46974340089,53.9287158575877,45.1817591395229,8.74695671806478,0,I,446,8
57.7517031013884,72,45.2938190940768,12.4578840073116,1,C,447,8
68.7799249189675,72,45.5293934186921,23.2505315002754,1,I,448,8
69.7052738741416,72,45.5916306003928,24.1136432737487,1,C,449,8
108.023462986848,72,45.8678898168728,26.1321101831272,0,I,450,8
76.6197168082078,72,45.9388500731438,26.0611499268562,0,C,451,8
90.6592319451809,72,45.9696351969615,26.0303648030385,0,I,452,8
160.918287942208,72,46.0164940590039,25.9835059409961,0,C,453,8
63.7804340753008,72,46.0545128630474,17.7259212122534,1,I,454,8
138.845907440256,72,46.1925488803536,25.8074511196464,0,C,455,8
89.3705691322831,53.1467106188068,46.3974705571309,6.74924006167588,0,I,456,8
76.8747661921325,72,46.4870385406539,25.5129614593461,0,C,457,8
87.437328351281,72,46.5263896621764,25.4736103378236,0,I,458,8
51.6308785122606,72,46.5417415089905,5.08913700327008,1,C,459,8
80.8235422916796,72,46.5847625769675,25.4152374230325,0,I,460,8
69.6389835426261,72,46.6903640236706,22.9486195189555,1,C,461,8
63.7140186579251,72,46.8913832260296,16.8226354318955,1,I,462,8
75.6968572391642,72,46.9473443739116,25.0526556260884,0,C,463,8
70.1411198859945,72,47.1937607601285,22.947359125866,1,I,464,8
64.4402007247976,72,47.2026784345508,17.2375222902468,1,C,465,8
84.4185978341756,72,47.275508902967,24.724491097033,0,I,466,8
104.933402878966,67.6410314128419,47.2793915122747,20.3616399005671,0,C,467,8
135.656701932745,72,47.4952985392883,24.5047014607117,0,I,468,8
52.5598549764968,72,47.5027403980494,5.0571145784474,1,C,469,8
93.0251986182253,63.0170157259903,47.5346267782152,15.4823889477752,0,I,470,8
88.3486672276243,72,47.5653647677973,24.4346352322027,0,C,471,8
130.027026268242,72,47.605591379106,24.394408620894,0,I,472,8
58.2493978997999,72,47.8814175585285,10.3679803412714,1,C,473,8
105.243666171027,72,48.069712179713,23.9302878202871,0,I,474,8
69.7595404139933,72,48.347599580884,21.4119408331093,1,C,475,8
75.464633541847,72,48.3611855143681,23.6388144856319,0,I,476,8
52.7663293923282,72,48.380865175277,4.38546421705124,1,C,477,8
71.5047362511691,72,48.4632714651525,23.0414647860166,1,I,478,8
109.838962247536,72,48.4824495250359,23.5175504749641,0,C,479,8
67.3872447019708,72,48.5461175115779,18.8411271903929,1,I,480,8
63.4413348046238,72,48.6220183130354,14.8193164915885,1,C,481,8
90.0200398126868,66.4902079039341,48.6890832753852,17.8011246285489,0,I,482,8
177.685488273771,72,48.6938026081771,23.3061973918229,0,C,483,8
91.147741576003,72,48.7111207377166,23.2888792622834,0,I,484,8
75.4334494809415,72,48.7656003283337,23.2343996716663,0,C,485,8
62.6887351174626,72,48.8431752193719,13.8455598980906,1,I,486,8
135.787912433565,72,48.862528516911,23.137471483089,0,C,487,8
89.1353177384432,72,49.3506041541696,22.6493958458304,0,I,488,8
134.192132374241,72,49.4895839178935,22.5104160821065,0,C,489,8
147.398454634514,72,49.5631763571873,22.4368236428127,0,I,490,8
57.312719297708,72,49.7304076887667,7.58231160894125,1,C,491,8
60.7151425404191,72,49.7825439926237,10.9325985477954,1,I,492,8
53.863548522021,72,49.8236197466031,4.03992877541794,1,C,493,8
78.0093387035663,72,49.8801493830979,22.1198506169021,0,I,494,8
65.56950696165,72,50.0777862779796,15.4917206836704,1,C,495,8
101.230496009394,72,50.2866929769516,21.7133070230484,0,I,496,8
92.8430631895309,72,50.3256872249767,21.6743127750233,0,C,497,8
95.9932095375611,72,50.5224381946027,21.4775618053973,0,I,498,8
88.0306295619216,72,50.8205421315506,21.1794578684494,0,C,499,8
70.664447719079,72,50.8368926122785,19.8275551068005,1,I,500,8
78.8919266247166,72,50.952025023289,21.047974976711,0,C,501,8
88.45499627106,72,51.3411800656468,20.6588199343532,0,I,502,8
78.7688224869591,72,51.4569623954594,20.5430376045406,0,C,503,8
115.079471496251,72,51.8715114053339,20.1284885946661,0,I,504,8
91.8302345785514,72,51.9192371796817,20.0807628203183,0,C,505,8
138.59308830806,72,51.9336577272043,20.0663422727957,0,I,506,8
85.9642627002773,72,51.9664831040427,20.0335168959573,0,C,507,8
198.520315499287,72,52.0933324098587,19.9066675901413,0,I,508,8
77.9702335436992,72,52.0976757723838,19.9023242276162,0,C,509,8
125.160999528053,72,52.2644049720839,19.7355950279161,0,I,510,8
127.054007500906,72,52.6672297809273,19.3327702190727,0,C,511,8
86.3013416174844,72,52.7569846669212,19.2430153330788,0,I,512,8
55.6219732500424,54.3786822724504,52.9882059618831,1.39047631056728,0,C,513,8
145.69548025185,72,53.2202007388696,18.7797992611304,0,I,514,8
118.354442622127,72,53.2982801785693,18.7017198214307,0,C,515,8
55.1522237433502,72,53.3675493160263,1.78467442732396,1,I,516,8
86.9432446844694,72,53.7313862610608,18.2686137389392,0,C,517,8
125.869846974339,72,53.7661303952336,18.2338696047664,0,I,518,8
95.6457878335101,72,53.7986090546474,18.2013909453526,0,C,519,8
103.078242181828,72,53.8250203616917,18.1749796383083,0,I,520,8
65.3348295939577,72,53.8277792651206,11.5070503288371,1,C,521,8
70.6966354713123,72,53.8825222989544,16.8141131723579,1,I,522,8
67.8713739675296,70.0077207405056,53.8853571703658,13.9860167971638,1,C,523,8
113.113455124132,72,53.9518213039264,18.0481786960736,0,I,524,8
95.5120132035143,68.3110913927241,53.9644979126751,14.346593480049,0,C,525,8
106.769352189555,72,53.9718999993056,18.0281000006944,0,I,526,8
60.5003339848407,72,54.101674980484,6.39865900435678,1,C,527,8
57.8934900723015,72,54.1766131902114,3.71687688209017,1,I,528,8
90.5084397684923,72,54.1920332657173,17.8079667342827,0,C,529,8
87.692347854234,72,54.2023990117014,17.7976009882987,0,I,530,8
79.3798451016398,72,54.2202679719776,17.7797320280224,0,C,531,8
104.662954377893,72,54.2298449389637,17.7701550610364,0,I,532,8
64.7949220262853,72,54.4747965177521,10.3201255085332,1,C,533,8
59.4491453419193,72,54.63426834438,4.81487699753933,1,I,534,8
134.436874096988,72,54.7380941128358,17.2619058871642,0,C,535,8
65.2835230319631,72,54.8761983867735,10.4073246451897,1,I,536,8
84.7629079430882,72,54.9289519898593,17.0710480101407,0,C,537,8
113.936701417046,72,54.9567166529596,17.0432833470404,0,I,538,8
77.8657301616221,72,54.9804830923677,17.0195169076324,0,C,539,8
101.092785288314,72,55.2694030478597,16.7305969521403,0,I,540,8
123.735597686549,72,55.3423648327589,16.6576351672411,0,C,541,8
58.3328811248376,72,55.6390854064375,2.69379571840008,1,I,542,8
74.222603417616,72,55.7281399285421,16.2718600714579,0,C,543,8
57.5196480294816,72,55.8225192222744,1.69712880720717,1,I,544,8
65.2420554409092,72,55.8418525289744,9.40020291193481,1,C,545,8
63.8435841935705,72,55.9484171960503,7.89516699752018,1,I,546,8
85.3269414702692,72,56.2946771224961,15.7053228775039,0,C,547,8
101.588541505479,72,56.3207267504185,15.6792732495815,0,I,548,8
70.5088629657426,72,56.4896074309945,14.0192555347481,1,C,549,8
149.475532282598,72,56.6188123309985,15.3811876690015,0,I,550,8
67.2806614505935,72,56.7962835961953,10.4843778543982,1,C,551,8
93.2353566024011,72,56.993455211632,15.006544788368,0,I,552,8
64.9030713859751,72,57.0141701214016,7.88890126457358,1,C,553,8
57.6281236175392,72,57.1506213163957,0.477502301143534,1,I,554,8
157.191251031058,62.9729739477338,57.5596015295014,5.4133724182324,0,C,555,8
96.8025796296283,72,57.7080081962049,14.2919918037951,0,I,556,8
97.4471610698203,72,57.7584924548864,14.2415075451136,0,C,557,8
58.6444841619698,61.9608520639133,58.0401923367754,0.604291825194394,1,I,558,8
67.0672783927334,72,58.0432145018131,9.02406389092035,1,C,559,8
243.043063995244,72,58.0899959849194,13.9100040150806,0,I,560,8
92.4539239356268,72,58.1554771168158,13.8445228831843,0,C,561,8
165.729912084423,72,58.1953621655703,13.8046378344297,0,I,562,8
96.2223319979031,72,58.1986781023443,13.8013218976557,0,C,563,8
96.8976843932791,72,58.2485556649044,13.7514443350956,0,I,564,8
102.058419825069,72,58.2630713749677,13.7369286250323,0,C,565,8
67.366040624683,72,58.3202977152541,9.04574290942889,1,I,566,8
73.2306331941054,72,58.6111449077725,13.3888550922275,0,C,567,8
64.6915520118441,72,58.6573615903035,6.0341904215406,1,I,568,8
251.21399845061,72,58.9403916103765,13.0596083896235,0,C,569,8
120.902711651203,72,59.0489102527499,12.9510897472501,0,I,570,8
227.413732317756,70.2198071960633,59.0879351086915,11.1318720873718,0,C,571,8
106.534816294373,72,59.1175180161372,12.8824819838628,0,I,572,8
106.602907917744,72,59.1829401394352,12.8170598605648,0,C,573,8
119.872667694657,72,59.2435126472265,12.7564873527735,0,I,574,8
112.911760756152,72,59.3011105852202,12.6988894147798,0,C,575,8
70.4652024115768,72,59.337121155113,11.1280812564639,1,I,576,8
63.0396541603685,72,59.3538624979556,3.68579166241293,1,C,577,8
87.0318847016927,72,59.4711972819641,12.5288027180359,0,I,578,8
59.7181416454914,72,59.5265429886058,0.19159865688557,1,C,579,8
167.605224502526,72,59.5467953430489,12.4532046569511,0,I,580,8
59.60850222037,72,59.5510786632076,0.0574235571623513,1,C,581,8
131.316227922208,72,59.6469290228561,12.3530709771439,0,I,582,8
111.741134735412,72,59.926605373621,12.073394626379,0,C,583,8
53.8387895861967,72,0.0525378668680787,53.7862517193286,1,C,1,9
35.4563144237686,25.8294358087009,0.0624494533985853,25.7669863553023,0,I,2,9
9.30682125124947,27.2151757246643,0.190334273502231,9.11648697774723,1,C,3,9
3.3027914288824,62.6691100248428,0.377486161887646,2.92530526699475,1,I,4,9
23.6132904617142,72,0.435993885621429,23.1772965760928,1,C,5,9
147.76072596793,72,0.663334890268743,71.3366651097313,0,I,6,9
141.31460260287,44.952263437985,0.770512595772743,44.1817508422122,0,C,7,9
17.6272151938748,72,0.774876605719328,16.8523385881555,1,I,8,9
15.5028245054663,72,0.786391873843968,14.7164326316224,1,C,9,9
0.986388350848402,72,0.905887316912413,0.0805010339359895,1,I,10,9
27.5132670832422,72,0.933277951553464,26.5799891316887,1,C,11,9
11.6648667620003,72,0.955058494582772,10.7098082674175,1,I,12,9
5.32543583493137,72,1.08382896054536,4.24160687438601,1,C,13,9
19.2296342763325,72,1.12407820299268,18.1055560733398,1,I,14,9
7.42400818618486,72,1.30457671824843,6.11943146793643,1,C,15,9
24.9256728942333,62.1511791621167,1.32885374128819,23.5968191529451,1,I,16,9
29.2842992944897,72,1.35363193228841,27.9306673622013,1,C,17,9
3.39760304823645,61.4182924943123,1.47497367113829,1.92262937709817,1,I,18,9
108.598330498451,72,1.50940212886781,70.4905978711322,0,C,19,9
30.2040418617869,71.2011035048052,1.56398544553667,28.6400564162502,1,I,20,9
49.7416830126769,8.90188898510241,1.5706291096285,7.33125987547391,0,C,21,9
138.569335862944,72,1.66211583651602,70.337884163484,0,I,22,9
230.411514133284,72,1.66767069138587,70.3323293086141,0,C,23,9
21.6310610270641,72,1.81987001560628,19.8111910114578,1,I,24,9
122.923500343791,72,1.87158786691725,70.1284121330828,0,C,25,9
31.3512029000136,72,2.17034693341702,29.1808559665966,1,I,26,9
8.66421677893123,72,2.17451178934425,6.48970498958698,1,C,27,9
12.8117908301337,40.4929082746914,2.28979557752609,10.5219952526076,1,I,28,9
23.5167969017493,72,2.4256636435166,21.0911332582327,1,C,29,9
5.49770470910045,72,2.54880137275904,2.94890333634141,1,I,30,9
54.0731485902462,72,2.56876344792545,51.5043851423208,1,C,31,9
39.5562606166306,72,2.64055476989597,36.9157058467347,1,I,32,9
54.2925115177289,72,2.6681086840108,51.6244028337181,1,C,33,9
55.9902772972913,72,2.87852881941944,53.1117484778718,1,I,34,9
12.0664402005009,72,3.00338173750788,9.06305846299297,1,C,35,9
30.6245130336629,71.6564498117098,3.11436126474291,27.51015176892,1,I,36,9
19.7242319221795,72,3.12079054769129,16.6034413744882,1,C,37,9
73.5512493116168,72,3.22251434437931,68.7774856556207,0,I,38,9
46.1860012371638,72,3.30037162173539,42.8856296154284,1,C,39,9
31.0228708730507,72,3.35868185386062,27.6641890191901,1,I,40,9
20.5739763545607,72,3.43617017380893,17.1378061807518,1,C,41,9
68.3141302655172,72,3.49577507469803,64.8183551908192,1,I,42,9
7.10542271519653,12.3859538640903,3.731220792979,3.37420192221752,1,C,43,9
32.1616148495245,54.3297611890827,3.79823521245271,28.3633796370718,1,I,44,9
71.3679921417363,72,3.82238978985697,67.5456023518794,1,C,45,9
39.5174016391325,72,3.82936075329781,35.6880408858346,1,I,46,9
7.18389631536985,72,3.87220890261233,3.31168741275752,1,C,47,9
22.0567026840116,72,3.95542466081679,18.1012780231948,1,I,48,9
40.4080989394428,72,4.17465729173273,36.23344164771,1,C,49,9
61.3870731032035,69.6492365242652,4.3132551619783,57.0738179412252,1,I,50,9
67.4550790943729,72,4.35017621610314,63.1049028782698,1,C,51,9
107.278776887451,72,4.4523002486676,67.5476997513324,0,I,52,9
10.2319008906517,72,4.6371355606243,5.5947653300274,1,C,53,9
86.2122575220703,72,4.7202989179641,67.2797010820359,0,I,54,9
21.5622226622676,34.7631681297877,5.08159917779267,16.4806234844749,1,C,55,9
22.1413795180101,72,5.14174534007907,16.999634177931,1,I,56,9
74.373058782493,72,5.20839253440499,66.791607465595,0,C,57,9
96.8206400237209,72,5.2521265251562,66.7478734748438,0,I,58,9
57.8155841935084,72,5.31902312301099,52.4965610704974,1,C,59,9
63.8148939833941,32.1060304912139,5.36917028948665,26.7368602017273,0,I,60,9
14.4639507866612,72,5.70086921565235,8.7630815710089,1,C,61,9
126.924462797173,72,5.76703880913556,66.2329611908645,0,I,62,9
21.2830025445704,26.8646740765078,6.02783813606948,15.2551644085009,1,C,63,9
14.5489099031265,72,6.10736367758364,8.44154622554283,1,I,64,9
15.9032131862031,34.424470172675,6.11105455085635,9.79215863534671,1,C,65,9
117.029806218175,72,6.14222867880017,65.8577713211998,0,I,66,9
10.0879327902045,72,6.15137035958469,3.93656243061976,1,C,67,9
22.2901170605507,72,6.22048148419708,16.0696355763536,1,I,68,9
81.8339227335744,72,6.38490841258317,65.6150915874168,0,C,69,9
22.4440271085025,72,6.39278443995863,16.0512426685439,1,I,70,9
46.690693119412,72,6.47163965273649,40.2190534666755,1,C,71,9
14.8134737305297,72,6.61525631323457,8.1982174172951,1,I,72,9
38.6540561134931,72,6.69004859402776,31.9640075194653,1,C,73,9
29.887091102619,72,6.74764016177505,23.1394509408439,1,I,74,9
16.171731727392,72,7.03496569767594,9.1367660297161,1,C,75,9
31.9122551288463,14.318300138857,7.09564299322665,7.22265714563037,0,I,76,9
57.4854631947405,72,7.10770632606,50.3777568686805,1,C,77,9
86.4762481301421,15.1974190081898,7.53537126816809,7.66204774002168,0,I,78,9
8.24685740986964,72,7.75372558739036,0.493131822479278,1,C,79,9
43.339284434896,72,7.86131445318461,35.4779699817114,1,I,80,9
50.9290774463676,28.3404084598935,7.89997742045671,20.4404310394368,0,C,81,9
55.7942584272917,72,7.91553423274308,47.8787241945486,1,I,82,9
93.2397103144848,72,7.96328351832926,64.0367164816707,0,C,83,9
88.5617644531841,72,8.20619790349156,63.7938020965085,0,I,84,9
24.1598273939854,72,8.2227380387485,15.9370893552369,1,C,85,9
62.1243300534103,72,8.43107800930738,53.6932520441029,1,I,86,9
29.1661033452609,72,8.45336410682648,20.7127392384344,1,C,87,9
14.8472275399134,72,8.49697122350335,6.35025631641006,1,I,88,9
104.990288245616,72,8.57420712243766,63.4257928775624,0,C,89,9
125.384375301498,46.5013815429261,8.68948413524777,37.8118974076783,0,I,90,9
9.7173851378925,72,8.69194198865444,1.02544314923806,1,C,91,9
60.5367827025458,23.6240990462967,8.71513520367444,14.9089638426222,0,I,92,9
17.040100613705,72,8.86482460889965,8.17527600480539,1,C,93,9
72.8286051450916,72,8.88458843808621,63.1154115619138,0,I,94,9
52.6927905049187,72,8.96681851241738,43.7259719925014,1,C,95,9
11.5860673602384,72,9.07005964312702,2.51600771711134,1,I,96,9
82.4967615293087,72,9.08586263190955,62.9141373680905,0,C,97,9
37.4644381984812,29.5720345572627,9.25452405586839,20.3175105013943,0,I,98,9
62.519809265598,72,9.27309738937765,53.2467118762203,1,C,99,9
68.8324063948807,43.8472958072942,9.56181028392166,34.2854855233726,0,I,100,9
9.92283126174852,20.0091892917299,9.59526069927961,0.327570562468913,1,C,101,9
31.1607781092468,72,9.74767968524247,21.4130984240044,1,I,102,9
47.6157950031821,31.9823124185682,9.84403265174478,22.1382797668234,0,C,103,9
19.6201788503564,72,9.84885008074343,9.77132876961293,1,I,104,9
177.768852315389,72,9.87021749373525,62.1297825062648,0,C,105,9
22.6990490750698,72,9.9920560978353,12.7069929772345,1,I,106,9
70.8254944098692,72,10.0228802952915,60.8026141145776,1,C,107,9
43.951255929471,72,10.0394564308226,33.9117994986483,1,I,108,9
66.73593154511,50.7322676242181,10.4989597667009,40.2333078575172,0,C,109,9
90.4471501294786,23.1598610083999,10.852165510878,12.307695497522,0,I,110,9
82.1633879086758,72,10.8914290275425,61.1085709724575,0,C,111,9
19.5804379815344,29.7128797861081,10.9326946595684,8.64774332196604,1,I,112,9
23.1553156355157,72,10.9841311583295,12.1711844771861,1,C,113,9
45.5414313920478,72,11.029720553197,34.5117108388509,1,I,114,9
36.0937616422016,72,11.1293576750904,24.9644039671112,1,C,115,9
34.9508749189761,72,11.25674769748,23.6941272214961,1,I,116,9
17.2855167014402,34.5036596840966,11.3354283291847,5.95008837225551,1,C,117,9
79.5994511392241,72,11.3770967395976,60.6229032604024,0,I,118,9
43.3766046386239,72,11.6588567337021,31.7177479049218,1,C,119,9
16.9644070540051,72,11.6750815836713,5.28932547033378,1,I,120,9
44.7867655171957,57.6394080989717,11.7132734879851,33.0734920292106,1,C,121,9
26.8567759076476,43.7604467941518,11.7668127827346,15.0899631249129,1,I,122,9
68.6359962772874,72,11.7901184549555,56.8458778223319,1,C,123,9
21.0663994700135,72,11.8147581489757,9.25164132103778,1,I,124,9
82.4678601124886,72,11.8539837375283,60.1460162624717,0,C,125,9
56.1794274335374,72,11.9178164983168,44.2616109352206,1,I,126,9
67.5412228853726,58.4044398157984,11.9829710572958,46.4214687585026,0,C,127,9
36.2090975661458,72,12.2545706760138,23.954526890132,1,I,128,9
82.3932690084099,72,12.3105803690851,59.6894196309149,0,C,129,9
64.2706415728324,72,12.3400167329237,51.9306248399087,1,I,130,9
95.3254188837584,72,12.5639175111428,59.4360824888572,0,C,131,9
23.7635567167472,72,12.6958586415276,11.0676980752196,1,I,132,9
45.7120694912398,72,12.7716162800789,32.9404532111609,1,C,133,9
60.4604843116173,72,12.8350809076801,47.6254034039372,1,I,134,9
32.8189516061445,72,12.8666366357356,19.9523149704089,1,C,135,9
27.132203204987,72,12.8752133063972,14.2569898985898,1,I,136,9
103.033706980614,72,12.9609082220122,59.0390917779878,0,C,137,9
15.3080906368246,72,13.1484496453777,2.15964099144694,1,I,138,9
32.4902942128228,72,13.3874652720988,19.1028289407241,1,C,139,9
25.1161495643708,72,13.4759702067822,11.6401793575885,1,I,140,9
38.3201630568897,22.1420893252495,13.4832453075796,8.65884401766987,0,C,141,9
44.4707500328626,36.6516313208661,13.5040655499324,23.1475657709337,0,I,142,9
13.6874547911943,72,13.5810721758753,0.106382615318959,1,C,143,9
26.6955339629119,72,13.6042819032446,13.0912520596673,1,I,144,9
23.4047447273356,72,13.6051040422171,9.79964068511845,1,C,145,9
23.4907109940061,57.7395308606816,13.7864524964243,9.70425849758181,1,I,146,9
145.872253625991,29.331235938295,13.8940203655511,15.4372155727439,0,C,147,9
102.876659032014,72,14.0592371206731,57.9407628793269,0,I,148,9
52.2135373104035,72,14.1805275483057,38.0330097620978,1,C,149,9
70.2768456634355,72,14.3631273787469,55.9137182846886,1,I,150,9
55.3277819914275,72,14.4685279671103,40.8592540243173,1,C,151,9
23.3160145574482,36.3483448895288,14.5618692180142,8.75414533943401,1,I,152,9
16.2145253691383,72,14.8223146051168,1.3922107640215,1,C,153,9
144.827338194299,72,14.8661347618327,57.1338652381674,0,I,154,9
69.262502878141,72,14.9250720301643,54.3374308479767,1,C,155,9
53.4034898391085,17.9445044249136,14.9656323809177,2.97887204399589,0,I,156,9
16.3142893514064,72,15.0675248214975,1.24676452990889,1,C,157,9
71.1083755245058,72,15.0844310084358,56.0239445160701,1,I,158,9
81.9497639423238,72,15.3453404316679,56.6546595683321,0,C,159,9
34.7502455727318,72,15.6609871890396,19.0892583836923,1,I,160,9
68.6308776329755,72,15.6974459951743,52.9334316378012,1,C,161,9
44.5783678844727,72,15.7242980785668,28.8540698059059,1,I,162,9
38.5943686155581,72,15.7357974769548,22.8585711386034,1,C,163,9
146.304590480609,72,15.7809724705294,56.2190275294706,0,I,164,9
107.383291147016,72,15.8410145156086,56.1589854843915,0,C,165,9
84.4489707026099,72,15.8478153822944,56.1521846177056,0,I,166,9
184.872343472261,72,15.8639710117131,56.1360289882869,0,C,167,9
59.8960026483207,72,15.9201782941818,43.9758243541388,1,I,168,9
72.6716234493136,72,15.9790032869205,56.0209967130795,0,C,169,9
30.1906576982243,37.2767380228239,16.0303760971874,14.1602816010369,1,I,170,9
22.607811758664,72,16.3807714730501,6.22704028561391,1,C,171,9
16.7572915377294,72,16.4553206646815,0.3019708730479,1,I,172,9
31.9094832537591,72,16.5044451132417,15.4050381405174,1,C,173,9
40.6822574972063,72,16.6518901241943,24.030367373012,1,I,174,9
31.8264923512214,72,16.762397303246,15.0640950479754,1,C,175,9
64.6844399833622,72,16.7887671897188,47.8956727936434,1,I,176,9
71.6832872352606,72,16.9019113155082,54.7813759197524,1,C,177,9
53.2138066600485,40.0401024333632,16.9050257373601,23.1350766960031,0,I,178,9
27.2793740266995,72,16.9458972802386,10.333476746461,1,C,179,9
23.4166174062666,72,17.1373389288783,6.27927847738833,1,I,180,9
41.4902073337652,40.8394525840213,17.1541604306549,23.6852921533664,0,C,181,9
24.482982659408,27.9948072841597,17.3026160337031,7.18036662570492,1,I,182,9
37.9764825037503,72,17.4185413308442,20.5579411729062,1,C,183,9
20.0065486848729,72,17.4241642188281,2.58238446604485,1,I,184,9
42.9564215757011,43.0385726460886,17.4394158879295,25.5170056877716,1,C,185,9
20.25750244542,72,17.4631581036374,2.79434434178261,1,I,186,9
32.8110490804025,72,17.613694681786,15.1973543986165,1,C,187,9
41.6882996977285,19.0684794734655,17.6347768167034,1.4337026567621,0,I,188,9
102.74133258701,72,17.8283898951486,54.1716101048514,0,C,189,9
18.9203793879236,72,17.9074720200151,1.01290736790844,1,I,190,9
65.1579946292655,63.7234515394142,17.9091967782006,45.8142547612136,0,C,191,9
39.8749944596396,72,17.9566610930488,21.9183333665909,1,I,192,9
129.515409738502,34.2959685047451,17.9728678381071,16.323100666638,0,C,193,9
51.3102124241379,72,18.019242757,33.2909696671379,1,I,194,9
161.641743477363,72,18.0475262738764,53.9524737261236,0,C,195,9
32.3289697390655,72,18.3505871566013,13.9783825824643,1,I,196,9
36.8695603426812,72,18.5155631275848,18.3539972150964,1,C,197,9
62.6122322074808,54.200751153922,18.6580010689795,35.5427500849425,0,I,198,9
30.0987652496289,72,18.6623033042997,11.4364619453292,1,C,199,9
80.7320254736261,72,18.7336189253256,53.2663810746744,0,I,200,9
41.6815666473557,72,18.8907797494903,22.7907868978654,1,C,201,9
57.8636459528679,72,19.0458291582763,38.8178167945916,1,I,202,9
21.1479395777751,72,19.115740545094,2.03219903268108,1,C,203,9
34.6248800977003,72,19.1198694705963,15.505010627104,1,I,204,9
53.4334638068134,72,19.1400663508102,34.2933974560031,1,C,205,9
20.5826991792855,72,19.1624287655577,1.42027041372781,1,I,206,9
60.4565774984716,72,19.3129944708198,41.1435830276518,1,C,207,9
176.666018650178,72,19.5150644006208,52.4849355993792,0,I,208,9
39.1828319962784,72,19.5152824278921,19.6675495683863,1,C,209,9
69.1523331543404,72,19.5891359634697,49.5631971908707,1,I,210,9
54.8244839710856,72,19.7433144645765,35.0811695065091,1,C,211,9
64.7074524406009,72,19.7997849946842,44.9076674459167,1,I,212,9
20.8723343946556,72,19.8482719715685,1.02406242308713,1,C,213,9
25.7382414325409,72,19.9060332449153,5.83220818762562,1,I,214,9
28.9769833293586,72,19.9628571700305,9.01412615932813,1,C,215,9
162.140334716884,72,20.1404819637537,51.8595180362463,0,I,216,9
30.4831237093378,72,20.4374373145401,10.0456863947977,1,C,217,9
80.760263422106,72,20.4597302433103,51.5402697566897,0,I,218,9
156.787106412783,72,20.5213702423498,51.4786297576502,0,C,219,9
46.0168678340066,55.6553338864887,20.5518710939214,25.4649967400852,1,I,220,9
71.0021547417771,72,20.6116616958752,50.3904930459018,1,C,221,9
48.7528163187731,28.5416603146507,20.7954703224823,7.74618999216839,0,I,222,9
63.4529628235126,72,20.8048539049923,42.6481089185203,1,C,223,9
36.8014134608282,72,20.8061386132613,15.995274847567,1,I,224,9
51.7903286876668,72,20.8521645795554,30.9381641081114,1,C,225,9
89.3957660775882,72,20.8530160272494,51.1469839727506,0,I,226,9
21.9470989961858,72,20.8873272500932,1.05977174609254,1,C,227,9
71.5894831111094,72,20.8968125749379,50.6926705361714,1,I,228,9
125.926454314399,72,21.0617717821151,50.9382282178849,0,C,229,9
31.3355270836009,72,21.1015501851216,10.2339768984793,1,I,230,9
74.9669027392043,72,21.1990947369486,50.8009052630514,0,C,231,9
93.0127589845252,72,21.4280430413783,50.5719569586217,0,I,232,9
53.8336965824685,72,21.612493917346,32.2212026651225,1,C,233,9
38.7471350016544,72,21.6947529232129,17.0523820784414,1,I,234,9
106.759778272396,72,21.7219136143103,50.2780863856897,0,C,235,9
29.4095541945372,42.3307959378961,21.8092318531126,7.60032234142463,1,I,236,9
75.1082314024948,72,21.8204071512446,50.1795928487554,0,C,237,9
53.6020822997155,72,21.8253175634891,31.7767647362265,1,I,238,9
42.5378488375821,72,21.8460726924241,20.6917761451581,1,C,239,9
43.9583865641294,37.3306006303491,21.894362680614,15.4362379497351,0,I,240,9
44.4922855489182,72,21.9059921940789,22.5862933548393,1,C,241,9
177.84954058153,72,21.9517137575895,50.0482862424105,0,I,242,9
119.377844048626,72,22.3759820032865,49.6240179967135,0,C,243,9
83.836067903451,72,22.4307153420523,49.5692846579477,0,I,244,9
45.6311570891751,72,22.556163542904,23.0749935462711,1,C,245,9
22.8768697361255,72,22.8278460167348,0.0490237193906431,1,I,246,9
69.5532497350442,72,22.8552875574678,46.6979621775764,1,C,247,9
40.7977505237549,72,22.8749347524717,17.9228157712832,1,I,248,9
67.0699405903337,72,22.9255113797262,44.1444292106075,1,C,249,9
47.9451511542623,72,22.9406079137698,25.0045432404925,1,I,250,9
72.6065265508233,72,23.0240276176482,48.9759723823518,0,C,251,9
36.5043566842432,72,23.2073937775567,13.2969629066865,1,I,252,9
24.3108239923036,29.1120411095202,23.2763936044648,1.03443038783872,1,C,253,9
56.6717734761785,72,23.5195766296238,33.1521968465548,1,I,254,9
55.1122754855244,72,23.5978420218453,31.5144334636791,1,C,255,9
244.73783106765,42.6308888448524,23.6200634529814,19.010825391871,0,I,256,9
26.5664442706859,72,23.9802002487704,2.58624402191547,1,C,257,9
50.4572530625732,56.8318670119606,24.1026963293552,26.354556733218,1,I,258,9
209.327299452706,72,24.1047106264159,47.8952893735841,0,C,259,9
73.8692442711455,72,24.2749668750912,47.7250331249088,0,I,260,9
30.0986122360966,72,24.3221981590614,5.77641407703522,1,C,261,9
47.0618862266405,72,24.3655034294352,22.6963827972053,1,I,262,9
43.6312684136826,36.2184222429647,24.3825552798808,11.8358669630839,0,C,263,9
146.776769943715,72,24.3900222424418,47.6099777575582,0,I,264,9
151.126450544731,72,24.7358480701223,47.2641519298777,0,C,265,9
38.4375886080262,72,24.7388317063451,13.6987569016811,1,I,266,9
34.838897326743,50.3324040354105,24.7793798334897,10.0595174932534,1,C,267,9
47.3691005397017,72,24.9486243026331,22.4204762370686,1,I,268,9
54.5911172204851,72,25.0212523480877,29.5698648723974,1,C,269,9
47.6453858644703,72,25.0355256954208,22.6098601690495,1,I,270,9
47.3978353225748,72,25.0834624702111,22.3143728523637,1,C,271,9
72.2419664978737,72,25.1776430010796,46.8223569989204,0,I,272,9
174.400538671318,72,25.2857288299128,46.7142711700872,0,C,273,9
47.5440284852004,72,25.3077299986035,22.2362984865969,1,I,274,9
26.4020480017497,72,25.4652469139546,0.936801087795031,1,C,275,9
70.1982651747358,72,25.646206503734,44.5520586710018,1,I,276,9
123.559389869891,72,25.6789473351091,46.3210526648909,0,C,277,9
37.5461501881054,72,25.7179691875353,11.8281810005701,1,I,278,9
38.9219336360647,72,25.7777759246528,13.1441577114118,1,C,279,9
27.921650877046,72,25.9254835546017,1.9961673224443,1,I,280,9
72.0661086833467,72,25.9910335019231,46.0089664980769,0,C,281,9
79.6250315295992,72,26.0175999859348,45.9824000140652,0,I,282,9
116.946476358844,72,26.0784273874015,45.9215726125985,0,C,283,9
62.2676662568616,72,26.3519261078909,35.9157401489707,1,I,284,9
26.5356037560251,72,26.5319193759933,0.00368438003180867,1,C,285,9
62.9748290011464,72,26.5526398457587,36.4221891553877,1,I,286,9
153.980851073626,72,26.6128071444109,45.3871928555891,0,C,287,9
43.1609988009282,72,26.6415900550783,16.5194087458499,1,I,288,9
47.4374903387181,72,26.6943546803668,20.7431356583512,1,C,289,9
54.293366287001,72,26.7373271193355,27.5560391676655,1,I,290,9
39.1696340629829,72,26.8861203314737,12.2835137315093,1,C,291,9
76.3928922767246,72,26.9107088400051,45.0892911599949,0,I,292,9
36.8842973039781,72,27.0289292000234,9.85536810395471,1,C,293,9
64.6137637817596,72,27.0561784878373,37.5575852939223,1,I,294,9
73.3724591046423,72,27.2795700235292,44.7204299764708,0,C,295,9
32.3156590774727,72,27.3624585103244,4.95320056714837,1,I,296,9
91.1025103531315,72,27.3947240877897,44.6052759122103,0,C,297,9
41.6405769695871,72,27.4022498074919,14.2383271620952,1,I,298,9
103.534491925374,72,27.4290398787707,44.5709601212293,0,C,299,9
42.5371230871503,72,27.526498711668,15.0106243754823,1,I,300,9
41.171691352771,72,27.7212845860049,13.4504067667661,1,C,301,9
35.4045987210113,72,27.7947265282273,7.60987219278393,1,I,302,9
29.4414073921462,72,27.8003445267677,1.64106286537845,1,C,303,9
59.5681288256983,72,27.8238418791443,31.744286946554,1,I,304,9
85.731858611138,72,27.8983538411558,44.1016461588442,0,C,305,9
111.437704792318,53.3210779463091,27.8986519295722,25.4224260167369,0,I,306,9
49.2140070527084,72,27.9437850834802,21.2702219692282,1,C,307,9
63.5692228740702,72,28.0544986668974,35.5147242071728,1,I,308,9
34.5065246772258,72,28.1868227245286,6.31970195269718,1,C,309,9
38.1110651083081,72,28.2737222732976,9.83734283501053,1,I,310,9
48.2905246738608,72,28.322263341397,19.9682613324637,1,C,311,9
72.7201129006631,72,28.3560056984425,43.6439943015575,0,I,312,9
73.7770361196397,72,28.360442603007,43.639557396993,0,C,313,9
35.285858602396,72,28.3942472375929,6.89161136480306,1,I,314,9
41.7937261366618,72,28.4275601897389,13.3661659469229,1,C,315,9
92.2655456322053,72,28.5754311550409,43.4245688449591,0,I,316,9
35.2305672484572,72,28.6423623422161,6.58820490624117,1,C,317,9
40.5075560156807,67.3325163474716,28.7139928154647,11.793563200216,1,I,318,9
135.102392583107,72,28.7272132840008,43.2727867159992,0,C,319,9
118.957464764669,30.0232574617547,28.8720939354971,1.15116352625758,0,I,320,9
40.3190858195886,72,28.9602629933506,11.3588228262379,1,C,321,9
96.7562080610786,69.0489939142151,29.1643672529608,39.8846266612543,0,I,322,9
34.2704166442691,72,29.1973423445597,5.0730742997094,1,C,323,9
38.0291536010962,72,29.5745413284749,8.45461227262131,1,I,324,9
86.3126754506169,72,29.676132244058,42.3238677559421,0,C,325,9
46.6071642877837,38.5476396569529,29.8694515787065,8.67818807824644,0,I,326,9
57.2342121665285,34.0319658046383,30.0589266372845,3.97303916735385,0,C,327,9
48.5968052032346,72,30.149695747532,18.4471094557026,1,I,328,9
112.677591633798,72,30.1761129917577,41.8238870082423,0,C,329,9
97.6728001154747,72,30.2650750754401,41.7349249245599,0,I,330,9
80.0405834747384,72,30.3098304849118,41.6901695150882,0,C,331,9
50.1148634797784,72,30.3772707469761,19.7375927328022,1,I,332,9
141.790937947965,72,30.5889989901334,41.4110010098666,0,C,333,9
103.508058902613,72,30.8064481755719,41.1935518244281,0,I,334,9
47.2958058246476,72,31.0915823746473,16.2042234500003,1,C,335,9
44.3023427325285,72,31.0996834980324,13.2026592344962,1,I,336,9
33.5129850497767,72,31.413622610271,2.09936243950576,1,C,337,9
132.86038272644,63.9747930252173,31.8436374608427,32.1311555643745,0,I,338,9
33.5026406043983,32.9687451123595,31.8451363407075,1.12360877165197,0,C,339,9
123.142148920904,72,31.9985584588721,40.0014415411279,0,I,340,9
40.8989014537808,72,32.3414319986478,8.55746945513303,1,C,341,9
39.4476937441979,72,32.5802580965683,6.86743564762966,1,I,342,9
126.338367889115,72,32.7086373791099,39.2913626208901,0,C,343,9
87.2748541159307,72,32.8623571665958,39.1376428334042,0,I,344,9
34.6879115428602,72,33.1355375004932,1.55237404236693,1,C,345,9
48.8313163949919,72,33.1462397100404,15.6850766849515,1,I,346,9
49.0108446443831,69.5042169253187,33.3850345993415,15.6258100450416,1,C,347,9
84.507718329699,72,33.4166199993342,38.5833800006658,0,I,348,9
39.2549076196171,72,33.537420895882,5.71748672373518,1,C,349,9
69.8136773191879,36.3548882615693,33.6167095508426,2.73817871072666,0,I,350,9
49.3011525275612,72,33.7252843659371,15.5758681616241,1,C,351,9
34.8502131396454,72,33.7537682102993,1.09644492934603,1,I,352,9
58.1949908738412,72,33.7569910101593,24.4379998636819,1,C,353,9
50.0030203342073,72,33.8917153934017,16.1113049408056,1,I,354,9
63.6676804045527,72,33.91504033003,29.7526400745227,1,C,355,9
114.437069276968,72,34.1838372079656,37.8161627920345,0,I,356,9
44.0908347471227,72,34.3667703587562,9.72406438836647,1,C,357,9
56.669137785489,72,34.4342445675284,22.2348932179606,1,I,358,9
73.9881021141953,72,34.5270191319287,37.4729808680713,0,C,359,9
106.430359370117,72,34.6930267196149,37.3069732803851,0,I,360,9
45.4927091474424,72,34.9204115336761,10.5722976137664,1,C,361,9
44.7516694632973,72,35.0376654462889,9.71400401700839,1,I,362,9
63.5899449353605,72,35.1033853786066,28.4865595567538,1,C,363,9
69.527867458211,72,35.2041171072051,34.3237503510059,1,I,364,9
133.334746857118,72,35.3020439855754,36.6979560144246,0,C,365,9
58.5011014638448,72,35.4225053871051,23.0785960767398,1,I,366,9
51.6153839864018,72,35.8074698969722,15.8079140894297,1,C,367,9
37.3725584889033,72,35.8399252267554,1.53263326214781,1,I,368,9
95.4691888920563,72,35.970925251022,36.029074748978,0,C,369,9
101.383071254859,72,36.0116669721901,35.9883330278099,0,I,370,9
50.2359453204578,72,36.0738576203585,14.1620877000993,1,C,371,9
70.7574560583986,72,36.1857843166217,34.5716717417768,1,I,372,9
122.683263329853,72,36.2894796906039,35.7105203093961,0,C,373,9
83.5957549814096,72,36.6638571722433,35.3361428277567,0,I,374,9
64.238921453693,72,36.6955433646217,27.5433780890713,1,C,375,9
42.3415206477165,72,36.7948889220133,5.54663172570316,1,I,376,9
72.6195000668524,72,36.8650915240869,35.1349084759131,0,C,377,9
38.2931211522026,72,36.8938259175047,1.39929523469788,1,I,378,9
37.6041735005657,39.5703257949866,36.9843741226941,0.619799377871589,1,C,379,9
178.564568929977,72,37.1781065873802,34.8218934126198,0,I,380,9
44.9732024474694,72,37.3538762284443,7.61932621902515,1,C,381,9
69.6709636067588,72,37.4252878921106,32.2456757146481,1,I,382,9
178.92860208304,72,37.6085132500157,34.3914867499843,0,C,383,9
128.849742606268,72,37.6634865207598,34.3365134792402,0,I,384,9
136.925556755228,72,37.8577132243663,34.1422867756337,0,C,385,9
103.882583982423,72,38.2886174228042,33.7113825771958,0,I,386,9
43.0427795223602,72,38.3517082454637,4.69107127689653,1,C,387,9
211.681076280004,72,38.3522842917591,33.6477157082409,0,I,388,9
83.6871094885191,72,38.3641925593838,33.6358074406162,0,C,389,9
65.3098845768252,72,38.446284472011,26.8636001048142,1,I,390,9
127.121052757358,72,38.7608234910294,33.2391765089706,0,C,391,9
54.5851048064894,72,38.9535110956058,15.6315937108836,1,I,392,9
45.7223440567044,72,39.1460218001157,6.5763222565887,1,C,393,9
51.3619862939172,72,39.3573339097202,12.004652384197,1,I,394,9
53.9092410940331,72,39.3775487411767,14.5316923528564,1,C,395,9
107.078370166731,72,39.4534966908395,32.5465033091605,0,I,396,9
65.1539692980875,72,39.5363122830167,25.6176570150707,1,C,397,9
100.373446243935,47.9666196095903,39.6774573856965,8.28916222389388,0,I,398,9
73.4338638596977,72,39.6850130427629,32.3149869572371,0,C,399,9
62.2972316321045,72,39.900219803676,22.3970118284285,1,I,400,9
59.2579708066018,72,39.9531525420025,19.3048182645993,1,C,401,9
41.4568073048918,72,40.050638797693,1.40616850719884,1,I,402,9
40.7741572542133,72,40.1738988049328,0.600258449280461,1,C,403,9
94.7354855280299,72,40.2638499531895,31.7361500468105,0,I,404,9
187.164395274693,72,40.3468276793137,31.6531723206863,0,C,405,9
73.1516930779973,61.7132437428735,40.4306502593681,21.2825934835054,0,I,406,9
68.0747653561394,72,40.4499956499785,27.6247697061609,1,C,407,9
50.4266437405563,72,40.480989147909,9.94565459264733,1,I,408,9
87.242474984317,72,40.6810684455559,31.3189315544441,0,C,409,9
98.1209782049998,72,40.7676960714161,31.2323039285839,0,I,410,9
42.6008894550631,72,40.8543715858832,1.74651786917994,1,C,411,9
48.2066746359074,72,40.8545360388234,7.35213859708398,1,I,412,9
57.6221362402403,72,40.8661418454722,16.7559943947682,1,C,413,9
106.201584210202,42.1616366358067,41.2218259088695,0.939810726937154,0,I,414,9
71.3384444901619,72,41.3071902142838,30.0312542758781,1,C,415,9
51.2475422644654,72,41.3402742426842,9.90726802178111,1,I,416,9
199.412563079993,72,41.3956068595871,30.6043931404129,0,C,417,9
87.0697502213825,72,41.5079512959346,30.4920487040654,0,I,418,9
42.563298955115,72,41.6101357759908,0.95316317912421,1,C,419,9
169.57305911555,72,41.6768082417548,30.3231917582452,0,I,420,9
52.8633576529957,72,41.8600275926292,11.0033300603665,1,C,421,9
50.0230561297484,72,41.8642420135438,8.15881411620457,1,I,422,9
60.9513579747052,72,41.8960617436096,19.0552962310956,1,C,423,9
54.0665075355409,72,41.903610653244,12.1628968822969,1,I,424,9
55.4052363991726,72,42.1203620312735,13.284874367899,1,C,425,9
78.9293518406365,60.4137613903213,42.6453412603587,17.7684201299626,0,I,426,9
66.9699978216286,72,42.8001645812765,24.1698332403521,1,C,427,9
53.1273871839563,72,42.9505059868097,10.1768811971465,1,I,428,9
93.4422549198321,72,43.002166422084,28.997833577916,0,C,429,9
49.6540190115192,72,43.0621624505147,6.59185656100446,1,I,430,9
71.0223943670293,58.0576058953345,43.1405499391258,14.9170559562087,0,C,431,9
46.4751347752178,72,43.2767575839534,3.19837719126433,1,I,432,9
66.8463259632798,72,43.3840399794281,23.4622859838518,1,C,433,9
70.8197746734883,72,43.5636227577925,27.2561519156959,1,I,434,9
71.2636489166396,51.0476714721297,43.5988361109048,7.44883536122489,0,C,435,9
46.2434518627405,72,43.8016845379025,2.44176732483802,1,I,436,9
70.7163424980863,72,43.8642881624401,26.8520543356462,1,C,437,9
61.5071852027974,72,44.2939149728045,17.2132702299929,1,I,438,9
134.253578203586,72,44.5918109128252,27.4081890871748,0,C,439,9
79.0597373045765,72,44.6139772469178,27.3860227530822,0,I,440,9
79.8153681452862,72,44.6926060505211,27.3073939494789,0,C,441,9
101.385980021619,72,44.8561626859009,27.1438373140991,0,I,442,9
115.014341428037,72,44.9326511286199,27.0673488713801,0,C,443,9
102.340282108992,72,45.0759633863345,26.9240366136655,0,I,444,9
127.6979256992,72,45.0890595372766,26.9109404627234,0,C,445,9
158.312737460187,72,45.2074298914522,26.7925701085478,0,I,446,9
46.5897310429119,72,45.3000732231885,1.28965781972336,1,C,447,9
49.0152587069393,72,45.527514712885,3.48774399405424,1,I,448,9
128.169463738765,72,45.5445790383965,26.4554209616035,0,C,449,9
52.6336369361333,72,45.6058863876388,7.0277505484945,1,I,450,9
90.9810986080096,72,45.779552673921,26.220447326079,0,C,451,9
57.5414904503254,72,45.7945147482678,11.7469757020575,1,I,452,9
48.8521409735463,72,45.798312490806,3.05382848274035,1,C,453,9
99.0226133244299,72,45.8516043238342,26.1483956761658,0,I,454,9
51.4902068541594,72,46.433794205077,5.05641264908238,1,C,455,9
183.161111043257,72,46.6217942442745,25.3782057557255,0,I,456,9
64.6037420218454,72,46.6320586111397,17.9716834107057,1,C,457,9
71.6695755732805,72,46.7127827508375,24.956792822443,1,I,458,9
48.0401284922097,72,46.7788080498576,1.26132044235206,1,C,459,9
68.7070546872854,72,46.8481996748596,21.8588550124258,1,I,460,9
67.8957237726972,72,46.9609033176675,20.9348204550297,1,C,461,9
54.9476345347736,72,47.0305416639894,7.91709287078417,1,I,462,9
159.979157949119,72,47.0599254732952,24.9400745267049,0,C,463,9
152.335155251463,72,47.077040662989,24.922959337011,0,I,464,9
66.2075429983122,72,47.4026875616983,18.8048554366139,1,C,465,9
60.3932933843932,72,47.4535900773481,12.9397033070452,1,I,466,9
53.2798784645971,72,47.5817280868068,5.69815037779022,1,C,467,9
54.5834995132329,51.0712292461835,47.6007480081171,3.47048123806638,0,I,468,9
71.3119716987734,72,47.6077751861885,23.7041965125848,1,C,469,9
80.6013719398658,72,47.750377189368,24.249622810632,0,I,470,9
68.0159656621296,72,47.7897060569376,20.226259605192,1,C,471,9
204.768066449139,72,47.8421617671847,24.1578382328153,0,I,472,9
91.6960477755037,72,48.3138349978253,23.6861650021747,0,C,473,9
120.13180423846,72,48.3690283354372,23.6309716645628,0,I,474,9
156.230463803051,50.4789215856663,48.7240027170628,1.75491886860344,0,C,475,9
50.1816936535744,72,48.78614671994,1.39554693363435,1,I,476,9
158.40702975449,72,48.7932167993859,23.2067832006142,0,C,477,9
65.943060477234,72,48.8559072185308,17.0871532587033,1,I,478,9
55.1797494121176,72,49.0892863227055,6.09046308941211,1,C,479,9
98.2654142679984,72,49.1288242768496,22.8711757231504,0,I,480,9
75.8709651195654,72,49.1451308783144,22.8548691216856,0,C,481,9
220.551749054971,72,49.2465966939926,22.7534033060074,0,I,482,9
171.773544853305,72,49.3605171376839,22.6394828623161,0,C,483,9
61.6725540735661,58.3711667050333,49.3686103960499,9.00255630898333,0,I,484,9
74.0816393434831,72,49.532800829038,22.467199170962,0,C,485,9
55.7894420908335,72,49.5465430431068,6.24289904772671,1,I,486,9
52.4904106799024,72,49.5566224772483,2.93378820265411,1,C,487,9
182.617017801526,72,49.5923805143684,22.4076194856316,0,I,488,9
233.352389246715,72,49.8838388314471,22.1161611685529,0,C,489,9
82.9008918225546,72,49.9267294071615,22.0732705928385,0,I,490,9
55.3693629912525,72,50.0023760274053,5.36698696384722,1,C,491,9
132.279458799003,60.9750610941588,50.1310486346483,10.8440124595105,0,I,492,9
142.056518018515,72,50.1879710610956,21.8120289389044,0,C,493,9
131.730195156441,61.0305592555116,50.2175182895735,10.8130409659381,0,I,494,9
52.9117684211026,72,50.3350178478286,2.57675057327402,1,C,495,9
88.0834945181066,72,50.374306300655,21.625693699345,0,I,496,9
139.717455913199,72,50.5611939216033,21.4388060783967,0,C,497,9
111.910337492363,72,50.7168108830228,21.2831891169772,0,I,498,9
116.967227532453,72,51.2162077613175,20.7837922386825,0,C,499,9
72.3780588232112,72,51.3025172520429,20.6974827479571,0,I,500,9
53.1706217069017,72,51.3335221912712,1.83709951563053,1,C,501,9
126.899486767289,72,51.391647127457,20.608352872543,0,I,502,9
76.2152968708061,72,51.4717700751498,20.5282299248502,0,C,503,9
135.845477077739,72,51.515012299642,20.484987700358,0,I,504,9
70.4643573477855,72,51.6382417827845,18.8261155650011,1,C,505,9
83.7844784612326,72,51.7039077635855,20.2960922364146,0,I,506,9
85.8949882323822,72,52.1193784335628,19.8806215664372,0,C,507,9
77.1534147389738,72,52.1241269772872,19.8758730227128,0,I,508,9
112.015255474831,72,52.2783554764465,19.7216445235536,0,C,509,9
65.098931978957,72,52.2926299134269,12.8063020655301,1,I,510,9
100.587024614812,72,52.3312023142353,19.6687976857647,0,C,511,9
55.5427757659474,72,52.3590276623145,3.18374810363295,1,I,512,9
57.022183562094,72,52.3632994573563,4.65888410473766,1,C,513,9
97.3367788290768,61.9816196187338,52.4798450013623,9.50177461737151,0,I,514,9
56.733460165724,72,52.5153563870117,4.21810377871224,1,C,515,9
59.6790665706019,72,52.6907095732167,6.98835699738516,1,I,516,9
218.578939523223,72,52.9519843356684,19.0480156643316,0,C,517,9
86.3269826030046,72,53.0828142771497,18.9171857228503,0,I,518,9
88.2661608366156,72,53.1044441275299,18.8955558724701,0,C,519,9
119.621776188819,72,53.1818790268153,18.8181209731847,0,I,520,9
247.60884499428,72,53.2706164615229,18.7293835384771,0,C,521,9
107.447103165784,72,53.562423074618,18.437576925382,0,I,522,9
56.2790817014249,72,53.6852403497323,2.59384135169257,1,C,523,9
164.349005988835,72,53.6858119117096,18.3141880882904,0,I,524,9
263.003320680024,72,53.7799857649952,18.2200142350048,0,C,525,9
147.182214144485,57.577961667074,53.8509774953127,3.7269841717613,0,I,526,9
66.0418711716021,72,53.8642659410834,12.1776052305187,1,C,527,9
66.0941575977129,72,53.8893118361011,12.2048457616118,1,I,528,9
62.7626723775257,72,54.0268103359267,8.73586204159896,1,C,529,9
77.6482212281765,72,54.094723155722,17.905276844278,0,I,530,9
117.069974451844,72,54.5619065081701,17.4380934918299,0,C,531,9
81.9522431184812,72,54.6421658433974,17.3578341566026,0,I,532,9
142.496416932505,72,54.7586762951687,17.2413237048313,0,C,533,9
76.5146851483966,72,54.7636143676937,17.2363856323063,0,I,534,9
128.444310984187,72,54.7773328889161,17.2226671110839,0,C,535,9
57.8500656404414,72,54.8315516905859,3.01851394985544,1,I,536,9
61.7834824323275,72,54.8480644030497,6.93541802927785,1,C,537,9
62.4395730023412,72,54.9677594611421,7.47181354119909,1,I,538,9
71.4025897892909,72,55.0046047987416,16.3979849905493,1,C,539,9
102.569154993399,72,55.0351360347122,16.9648639652878,0,I,540,9
71.2700085521874,72,55.1748893642798,16.0951191879076,1,C,541,9
75.5417649911899,72,55.1810839818791,16.8189160181209,0,I,542,9
129.960081095527,72,55.439876918681,16.560123081319,0,C,543,9
88.4943541971126,72,55.8969602314755,16.1030397685245,0,I,544,9
66.2176267305825,72,55.9280719701201,10.2895547604624,1,C,545,9
177.602699556448,72,56.044295411557,15.955704588443,0,I,546,9
76.3010236051295,72,56.0535377031192,15.9464622968808,0,C,547,9
107.364624513252,72,56.1104887537658,15.8895112462342,0,I,548,9
65.7308124501487,72,56.1676354100928,9.56317704005596,1,C,549,9
104.806650311762,72,56.2492680922151,15.7507319077849,0,I,550,9
75.6938268810428,72,56.3654567766935,15.6345432233065,0,C,551,9
201.133951841505,72,56.5896800067276,15.4103199932724,0,I,552,9
64.180098708246,72,56.7165389936417,7.46355971460429,1,C,553,9
57.8964782033817,72,56.7287637619302,1.16771444145148,1,I,554,9
84.8230944421277,72,56.9373916788027,15.0626083211973,0,C,555,9
70.0338196497202,72,57.0788141107187,12.9550055390016,1,I,556,9
72.0367876581654,72,57.2444641124457,14.7555358875543,0,C,557,9
63.0377134833891,72,57.3516340227798,5.68607946060935,1,I,558,9
90.5898834009486,72,57.4414151860401,14.5585848139599,0,C,559,9
91.9095404126285,72,57.6844826946035,14.3155173053965,0,I,560,9
65.1833940802131,72,57.6987588498741,7.484635230339,1,C,561,9
62.4573310037898,72,57.8369496809319,4.62038132285796,1,I,562,9
81.1670820444947,72,57.9472403973341,14.0527596026659,0,C,563,9
145.127158123705,72,57.9551911354065,14.0448088645935,0,I,564,9
66.5547614224368,72,58.0882520182058,8.46650940423096,1,C,565,9
82.2257698077729,72,58.1299327500165,13.8700672499835,0,I,566,9
83.451950965052,59.9047475333191,58.1417254870758,1.76302204624336,0,C,567,9
73.9926557194365,72,58.1975354254246,13.8024645745754,0,I,568,9
104.580635921515,72,58.2874159282073,13.7125840717927,0,C,569,9
75.43884995924,72,58.2887228066102,13.7112771933898,0,I,570,9
289.642250502015,72,58.7112451158464,13.2887548841536,0,C,571,9
77.7375808433542,72,58.8101561414078,13.1898438585922,0,I,572,9
88.2172433036602,72,58.8500799285248,13.1499200714752,0,C,573,9
67.8164174953868,72,58.9585492713377,8.85786822404911,1,I,574,9
69.9098476428368,72,59.267284758389,10.6425628844478,1,C,575,9
82.3319037824624,72,59.29094013758,12.70905986242,0,I,576,9
77.5744864210952,72,59.3708544457331,12.6291455542669,0,C,577,9
65.3390012785113,72,59.4110282091424,5.9279730693689,1,I,578,9
72.0362946710891,72,59.5981932990253,12.4018067009747,0,C,579,9
59.9693356199214,72,59.60214628838,0.367189331541365,1,I,580,9
62.2739397682238,72,59.8886418202892,2.38529794793463,1,C,581,9
64.9198529609735,71.2481775387204,59.9226821679622,4.99717079301132,1,I,582,9
88.0979032258619,72,59.9280964862555,12.0719035137445,0,C,583,9
62.8072677828446,72,59.9532384239137,2.85402935893084,1,I,584,9
23.6847242427078,72,0.00595305114984512,23.6787711915579,1,C,1,10
68.0245333648546,72,0.0394316157326102,67.985101749122,1,I,2,10
104.632392939103,36.9475945898746,0.0764453737065196,36.8711492161681,0,C,3,10
20.4376266734518,72,0.372967519797385,20.0646591536544,1,I,4,10
14.9097039584993,72,0.469272402115166,14.4404315563842,1,C,5,10
146.667319935212,72,0.477677159942687,71.5223228400573,0,I,6,10
2.52411219579387,72,0.53078277502209,1.99332942077178,1,C,7,10
4.2226758155097,22.9409438359368,0.532459407113493,3.69021640839621,1,I,8,10
44.2714921598567,44.3352581194858,0.537773603573442,43.7337185562832,1,C,9,10
60.3630050159863,72,0.576338432729244,59.786666583257,1,I,10,10
69.1010512891664,72,0.742388600483537,68.3586626886829,1,C,11,10
100.500302521979,72,0.77642010524869,71.2235798947513,0,I,12,10
24.2985547049443,72,0.948827429674566,23.3497272752697,1,C,13,10
76.3702901987475,48.9358255608959,1.23237553518265,47.7034500257133,0,I,14,10
31.6880929997727,72,1.2332813674584,30.4548116323143,1,C,15,10
22.0001313639821,72,1.30383897107095,20.6962923929112,1,I,16,10
6.56872390696457,72,1.4819203549996,5.08680355196496,1,C,17,10
16.4907579649758,72,1.55399142298847,14.9367665419873,1,I,18,10
28.3936822439017,28.8825070723714,1.65782701224089,26.7358552316608,1,C,19,10
44.0946529107582,72,1.68800789862871,42.4066450121295,1,I,20,10
40.2447991937769,72,1.68893060646951,38.5558685873074,1,C,21,10
18.7831614274818,72,1.69144129380584,17.091720133676,1,I,22,10
16.3780070453633,72,1.83276761323214,14.5452394321312,1,C,23,10
67.6527894920321,72,1.88052888493985,65.7722606070922,1,I,24,10
22.1083640189996,72,1.93303639534861,20.1753276236509,1,C,25,10
45.7072943530743,72,2.10609840229154,43.6011959507828,1,I,26,10
46.1670619808779,48.1235676618029,2.19283253420144,43.9742294466765,1,C,27,10
5.21556659441071,72,2.44311550632119,2.77245108808952,1,I,28,10
63.4822941726323,32.9078643064485,2.48484643176198,30.4230178746865,0,C,29,10
17.0557349805065,72,2.56198130082339,14.4937536796831,1,I,30,10
6.54321301013338,72,2.83321826253086,3.70999474760252,1,C,31,10
47.0704824479505,72,2.91944101452827,44.1510414334222,1,I,32,10
14.2402600650071,13.1743896519986,3.10277929063886,10.0716103613598,0,C,33,10
41.3383776269553,58.3296484024589,3.19744320586324,38.1409344210921,1,I,34,10
25.7625007637961,72,3.20772462990135,22.5547761338948,1,C,35,10
103.29894782435,72,3.38746955618262,68.6125304438174,0,I,36,10
58.3439350492525,72,3.49030715413392,54.8536278951186,1,C,37,10
66.8165368841932,72,3.56346745043993,63.2530694337532,1,I,38,10
36.856296327106,72,3.59971753321588,33.2565787938901,1,C,39,10
126.136861898597,72,4.01865009684116,67.9813499031589,0,I,40,10
21.2746319035428,27.5660456320321,4.31895910296589,16.9556728005769,1,C,41,10
77.8248243656073,72,4.52938697766513,67.4706130223349,0,I,42,10
27.6053686710061,72,4.56869962625206,23.036669044754,1,C,43,10
68.8656481622607,72,4.57362356130034,64.2920246009603,1,I,44,10
13.8056819593226,60.2298127251354,4.63827467523515,9.16740728408744,1,C,45,10
62.5920910283068,72,4.68414929229766,57.9079417360092,1,I,46,10
9.54552659234775,72,4.82388151343912,4.72164507890863,1,C,47,10
34.3655581751711,72,4.82811839785427,29.5374397773168,1,I,48,10
29.1364497523508,72,4.92326692678034,24.2131828255704,1,C,49,10
5.5720842146038,19.7334973249889,4.9452865915373,0.626797623066507,1,I,50,10
10.851835062827,72,4.94702157564461,5.90481348718235,1,C,51,10
11.5635868320795,72,5.00998391769826,6.55360291438128,1,I,52,10
51.8011043096853,72,5.14883059076965,46.6522737189157,1,C,53,10
30.1407691697698,72,5.18154244869947,24.9592267210703,1,I,54,10
18.4884400902376,72,5.36041831132025,13.1280217789174,1,C,55,10
19.8183774549896,72,5.36201513372362,14.456362321266,1,I,56,10
33.6585990772699,72,5.38429160602391,28.274307471246,1,C,57,10
81.2216695697202,29.6354462884366,5.40246387943626,24.2329824090004,0,I,58,10
5.83881820595584,27.6142349357637,5.48014365602285,0.35867454993299,1,C,59,10
141.739350629227,14.3364058639566,5.50331235397607,8.83309350998055,0,I,60,10
5.96987231969137,72,5.51783449016511,0.452037829526251,1,C,61,10
19.8458336799778,72,5.7278596283868,14.117974051591,1,I,62,10
38.8925631502499,28.2648987784254,6.17429573088884,22.0906030475366,0,C,63,10
30.2337424186447,72,6.28271710127592,23.9510253173687,1,I,64,10
20.4851292796022,72,6.69128225650638,13.7938470230958,1,C,65,10
53.1253021578363,17.6047647514931,6.73876332119107,10.866001430302,0,I,66,10
24.4730730530799,72,6.80928456131369,17.6637884917662,1,C,67,10
8.17536843145671,72,6.91660026088357,1.25876817057314,1,I,68,10
16.1580408802698,53.7126436449195,6.92663029767573,9.23141058259412,1,C,69,10
94.3770010627362,72,7.07133905030787,64.9286609496921,0,I,70,10
29.1127531640631,70.2143629859902,7.1133348159492,21.9994183481139,1,C,71,10
12.8050629891996,58.4084477327802,7.22137031145394,5.58369267774565,1,I,72,10
12.5887447777351,72,7.26227296516299,5.32647181257212,1,C,73,10
9.4405016921049,72,7.30112803168595,2.13937366041895,1,I,74,10
81.258092751631,72,7.32692395336926,64.6730760466307,0,C,75,10
16.7323272563435,72,7.3810925334692,9.35123472287433,1,I,76,10
39.4642684027832,72,7.39216016605496,32.0721082367282,1,C,77,10
124.134391463583,32.7684343353687,7.50369273126125,25.2647416041074,0,I,78,10
49.4789612961224,72,7.52530104015023,41.9536602559722,1,C,79,10
11.1973626123365,20.9930377327506,7.81499915756285,3.38236345477362,1,I,80,10
32.498355997191,72,7.95995583292097,24.53840016427,1,C,81,10
10.5819783047634,72,8.21753575466573,2.3644425500977,1,I,82,10
159.438117563779,72,8.38226962834597,63.617730371654,0,C,83,10
40.3921939855372,72,8.54217260610312,31.8500213794341,1,I,84,10
38.0121633631633,72,8.60818366985768,29.4039796933056,1,C,85,10
28.7676767177862,72,8.68823083117604,20.0794458866102,1,I,86,10
14.7413347474697,72,8.69505917653441,6.04627557093528,1,C,87,10
52.4110091181867,66.3067039923669,8.81615053396672,43.59485858422,1,I,88,10
60.4147523057784,37.3721088528306,9.23382835462689,28.1382804982037,0,C,89,10
36.5551423948288,72,9.44721445441246,27.1079279404163,1,I,90,10
151.70777692782,72,9.63092900812626,62.3690709918737,0,C,91,10
41.6115711395477,47.9107222448313,9.74347396753728,31.8680971720104,1,I,92,10
35.3001907452898,72,9.82945189811289,25.4707388471769,1,C,93,10
85.1246854914064,72,9.94829001836479,62.0517099816352,0,I,94,10
10.8877238158567,72,9.97203317005187,0.915690645804807,1,C,95,10
43.7554767451558,72,9.97986517846584,33.77561156669,1,I,96,10
42.1114360807875,72,10.0467670708895,32.064669009898,1,C,97,10
22.0578191775138,72,10.2073260443285,11.8504931331853,1,I,98,10
16.2490503759178,54.4530471040977,10.3492617281154,5.89978864780238,1,C,99,10
29.6398550899799,72,10.7863987376913,18.8534563522886,1,I,100,10
32.3326524094337,72,10.8772655250505,21.4553868843833,1,C,101,10
15.3655692288141,41.4030573895283,10.8863449422643,4.47922428654981,1,I,102,10
23.9536662912313,72,10.9306656382978,13.0230006529335,1,C,103,10
27.6041491719937,20.0912203281099,10.9547753026709,9.13644502543904,0,I,104,10
138.16929417854,72,11.0927085299045,60.9072914700955,0,C,105,10
64.5630313444806,65.287307344876,11.3298247614875,53.233206582993,1,I,106,10
14.62399769065,72,11.4963588723913,3.12763881825873,1,C,107,10
28.9843458817385,72,11.6170257423073,17.3673201394312,1,I,108,10
16.3913212556306,72,11.6598973749205,4.73142388071006,1,C,109,10
47.1858389440563,72,11.8696613749489,35.3161775691073,1,I,110,10
75.3938481125999,72,11.9474840909243,60.0525159090757,0,C,111,10
61.3971621368625,65.4316143029206,11.9634248083457,49.4337373285168,1,I,112,10
19.5974644703096,72,12.0090833678842,7.58838110242544,1,C,113,10
39.0464587749648,30.8569591565365,12.0153706613928,18.8415884951437,0,I,114,10
35.8674712733068,20.6200807846299,12.0579241868109,8.562156597819,0,C,115,10
20.3627169521235,72,12.125394414179,8.23732253794451,1,I,116,10
70.8178250008143,72,12.2432930208743,58.5745319799401,1,C,117,10
30.5583140507478,72,12.5723517592996,17.9859622914481,1,I,118,10
114.009057380322,72,12.5903524691239,59.4096475308761,0,C,119,10
27.3576252493154,72,12.6674136472866,14.6902116020288,1,I,120,10
109.252502093619,72,12.8262644866481,59.1737355133519,0,C,121,10
46.0390101161882,72,13.0331189883873,33.0058911278009,1,I,122,10
21.3854222663884,27.1505926332865,13.0399823281914,8.34543993819697,1,C,123,10
148.27858618498,72,13.5932826809585,58.4067173190415,0,I,124,10
103.824854825471,72,13.6099004745483,58.3900995254517,0,C,125,10
34.523987506662,72,13.627009280026,20.896978226636,1,I,126,10
20.9421620279454,72,13.6436032550409,7.29855877290448,1,C,127,10
20.0381160802074,72,13.6798501107842,6.35826596942321,1,I,128,10
69.97549454697,72,13.7210745597258,56.2544199872442,1,C,129,10
35.078093916931,67.2995133961966,13.8719004951417,21.2061934217893,1,I,130,10
105.829651300341,40.2710426859564,14.0604876866564,26.2105549993,0,C,131,10
166.407587159402,72,14.0685504768044,57.9314495231956,0,I,132,10
47.1480162371885,72,14.0700551541522,33.0779610830363,1,C,133,10
70.6116673216274,72,14.0744358301163,56.5372314915111,1,I,134,10
55.4721403246413,72,14.240554086864,41.2315862377773,1,C,135,10
109.45298539667,72,14.3123756255955,57.6876243744046,0,I,136,10
14.7418702229678,72,14.3998970277607,0.341973195207085,1,C,137,10
49.4782842728371,72,14.5014865323901,34.976797740447,1,I,138,10
52.078478917147,72,14.5072463527322,37.5712325644148,1,C,139,10
123.822786860667,72,14.5854406384751,57.4145593615249,0,I,140,10
42.1752767850235,43.57363887855,14.5889646280557,27.5863121569678,1,C,141,10
79.6483578722143,72,14.6018673107028,57.3981326892972,0,I,142,10
38.5245276523729,72,14.7155328188092,23.8089948335637,1,C,143,10
49.0905937463581,16.7407305680791,14.8159457137808,1.92478485429825,0,I,144,10
17.6378175774194,72,14.92986547295,2.70795210446939,1,C,145,10
86.5980652736758,72,15.0102066854015,56.9897933145985,0,I,146,10
27.3401694047658,72,15.029476499185,12.3106929055808,1,C,147,10
49.3767606209251,72,15.4885134520009,33.8882471689242,1,I,148,10
27.4490067087172,72,15.5728701548651,11.8761365538522,1,C,149,10
87.6605944588154,36.6262178229413,15.6316951895133,20.994522633428,0,I,150,10
78.1727042850152,72,15.7873894879594,56.2126105120406,0,C,151,10
33.0970742429137,72,15.826245713979,17.2708285289347,1,I,152,10
46.362987562635,72,15.9803590038791,30.3826285587559,1,C,153,10
161.499725748815,72,16.0892594698817,55.9107405301184,0,I,154,10
26.6981045623322,72,16.1556927999482,10.5424117623841,1,C,155,10
17.9426310051327,72,16.22194301337,1.72068799176268,1,I,156,10
72.7153633324589,72,16.2249354785308,55.7750645214692,0,C,157,10
108.436250354053,72,16.432401034981,55.567598965019,0,I,158,10
25.0537464903021,72,16.4587274473161,8.59501904298609,1,C,159,10
45.7088340032925,72,16.6315267095342,29.0773072937582,1,I,160,10
70.9881839803852,72,16.7641241988167,54.2240597815685,1,C,161,10
57.6486090941892,72,16.931541650556,40.7170674436332,1,I,162,10
55.9532557324718,72,16.9901484204456,38.9631073120261,1,C,163,10
85.4520781723144,72,17.0084752840921,54.9915247159079,0,I,164,10
36.5250172895341,24.6367709898473,17.0149223087356,7.6218486811117,0,C,165,10
58.9233700916627,72,17.153159128502,41.7702109631607,1,I,166,10
47.9553898710113,72,17.3624489782378,30.5929408927734,1,C,167,10
58.8426410399064,72,17.4246563203633,41.4179847195432,1,I,168,10
21.080226853956,72,17.8006678260863,3.27955902786975,1,C,169,10
115.098314476365,72,17.8677636897191,54.1322363102809,0,I,170,10
49.4085928283316,61.3563006246559,17.8766577132046,31.531935115127,1,C,171,10
59.3741128639712,72,17.9328842321411,41.4412286318301,1,I,172,10
28.4472946713547,72,18.2026074640453,10.2446872073095,1,C,173,10
40.7770683780655,72,18.2677618833259,22.5093064947396,1,I,174,10
68.5391164689211,59.1338080772987,18.2711478369311,40.8626602403676,0,C,175,10
50.7892264242793,72,18.3380301296711,32.4511962946082,1,I,176,10
28.6816969580106,72,18.4309208253399,10.2507761326708,1,C,177,10
33.1957055101723,72,18.4888433525339,14.7068621576384,1,I,178,10
101.63056284328,72,18.5101732844487,53.4898267155513,0,C,179,10
104.026577465701,72,18.9381622569636,53.0618377430365,0,I,180,10
26.7102260210477,72,18.9542211312801,7.7560048897676,1,C,181,10
30.9383719375947,72,18.9944750955328,11.9438968420619,1,I,182,10
57.3532372741012,72,19.0558526152745,38.2973846588267,1,C,183,10
23.1579333376808,72,19.0752840600908,4.08264927759002,1,I,184,10
53.8934493589368,72,19.109391043894,34.7840583150428,1,C,185,10
28.3812658811653,72,19.1407016851008,9.24056419606454,1,I,186,10
101.143716772151,72,19.1778050875291,52.8221949124709,0,C,187,10
19.8572907588834,72,19.219795349054,0.637495409829317,1,I,188,10
85.7819202797906,72,19.2237731767818,52.7762268232182,0,C,189,10
49.779134566315,72,19.5184904895723,30.2606440767427,1,I,190,10
24.5583080343534,72,19.5313299866393,5.02697804771405,1,C,191,10
91.7569451347797,72,19.6196192409843,52.3803807590157,0,I,192,10
40.0307222031594,72,19.6575649129227,20.3731572902367,1,C,193,10
113.825839148786,72,19.659774620086,52.3402253799141,0,I,194,10
27.0300415635877,72,19.7240783879533,7.30596317563431,1,C,195,10
55.7623927459916,72,19.7496758541092,36.0127168918823,1,I,196,10
77.5099263460201,72,19.7632444510236,52.2367555489764,0,C,197,10
22.9972112631224,72,19.8702087812126,3.12700248190981,1,I,198,10
74.296658084054,72,19.8835188522935,52.1164811477065,0,C,199,10
70.3252620925278,72,20.1818962907419,50.1433658017859,1,I,200,10
29.0818793624055,72,20.2793122921139,8.8025670702916,1,C,201,10
60.2773166484222,72,20.381831866689,39.8954847817332,1,I,202,10
85.405485679432,72,20.3977106278762,51.6022893721238,0,C,203,10
20.8652363318694,72,20.4462196491659,0.419016682703572,1,I,204,10
24.4309748626892,72,20.4736855253577,3.95728933733147,1,C,205,10
20.6395210285834,72,20.6147720525041,0.0247489760793222,1,I,206,10
39.0896742347833,63.2442665041161,20.8699439512566,18.2197302835267,1,C,207,10
25.2083741499806,72,21.1686475016177,4.03972664836297,1,I,208,10
99.3950036302618,72,21.182360756211,50.817639243789,0,C,209,10
93.9059315332062,72,21.3443245366216,50.6556754633784,0,I,210,10
88.9623837142826,72,21.4382171910256,50.5617828089744,0,C,211,10
41.3160386103896,72,21.4564051944762,19.8596334159134,1,I,212,10
30.4029659619889,72,21.5014204289764,8.90154553301246,1,C,213,10
95.0896092590087,72,21.5741193993017,50.4258806006983,0,I,214,10
84.6685954126278,72,21.6114070639014,50.3885929360986,0,C,215,10
111.744816188759,72,21.7141880001873,50.2858119998127,0,I,216,10
134.633210196714,72,21.885611875914,50.114388124086,0,C,217,10
94.6391657090347,72,21.9968357356265,50.0031642643735,0,I,218,10
53.1309000514766,72,21.9970175111666,31.1338825403099,1,C,219,10
38.170140901804,72,22.0712294848636,16.0989114169404,1,I,220,10
95.4885736201387,72,22.1243005525321,49.8756994474679,0,C,221,10
68.8245235851706,72,22.1251501562074,46.6993734289633,1,I,222,10
62.7286561946982,72,22.1474276203662,40.581228574332,1,C,223,10
30.1313370885856,72,22.1679975930601,7.96333949552543,1,I,224,10
48.7993526650924,72,22.2034471621737,26.5959055029187,1,C,225,10
51.5634475655814,72,22.2968464717269,29.2666010938545,1,I,226,10
58.9176378888398,72,22.3255011951551,36.5921366936847,1,C,227,10
39.7674407921261,72,22.3749682819471,17.3924725101791,1,I,228,10
137.475305873678,72,22.3950797785074,49.6049202214927,0,C,229,10
76.7687079607232,72,22.407788252458,49.592211747542,0,I,230,10
32.2922854718279,72,22.4259027605876,9.86638271124024,1,C,231,10
39.669517146298,72,22.7556349430233,16.9138822032746,1,I,232,10
41.9830107439718,72,22.9004440549761,19.0825666889957,1,C,233,10
44.785509716692,72,23.0526077980176,21.7329019186744,1,I,234,10
50.5694426710074,72,23.111737081781,27.4577055892264,1,C,235,10
83.7079748128498,72,23.1818811642006,48.8181188357994,0,I,236,10
36.884634306102,63.5700049407637,23.1884404784068,13.6961938276951,1,C,237,10
50.957919331461,72,23.351750895381,27.60616843608,1,I,238,10
40.0123660618679,72,23.4281642921269,16.584201769741,1,C,239,10
59.1234630939219,72,23.5133787570521,35.6100843368698,1,I,240,10
118.831754786084,72,23.5957020521164,48.4042979478836,0,C,241,10
31.3540775253126,72,23.6439621727914,7.71011535252128,1,I,242,10
37.140924656476,72,23.679301799275,13.461622857201,1,C,243,10
37.8489832492808,72,23.7185996258631,14.1303836234176,1,I,244,10
85.7314150785209,72,23.7420891830698,48.2579108169302,0,C,245,10
50.6060452645756,44.9374130265078,24.0638269297779,20.87358609673,0,I,246,10
168.311249458416,62.6601334792215,24.1141407843679,38.5459926948536,0,C,247,10
55.858947584659,67.867932684298,24.1767890285701,31.6821585560889,1,I,248,10
118.216843187845,71.6941000186037,24.1986864712089,47.4954135473948,0,C,249,10
39.6506254342056,66.781089648421,24.2124929605052,15.4381324737005,1,I,250,10
87.5531690277368,72,24.252269002609,47.7477309973911,0,C,251,10
31.645842441727,72,24.3567041214556,7.28913832027144,1,I,252,10
42.5086206688553,72,24.4909109082073,18.017709760648,1,C,253,10
46.1147150550573,72,24.5613385224715,21.5533765325858,1,I,254,10
42.71065673642,29.6271741039744,24.7242999169976,4.90287418697682,0,C,255,10
39.7289025609187,72,24.9145054863766,14.8143970745421,1,I,256,10
57.852676705242,72,25.1811083173379,32.6715683879041,1,C,257,10
25.6039169026898,72,25.4422836564481,0.161633246241696,1,I,258,10
55.6629723019184,72,25.460620187223,30.2023521146954,1,C,259,10
35.3181620671287,72,25.5648271786049,9.7533348885238,1,I,260,10
73.3051651300674,72,25.7477281987667,46.2522718012333,0,C,261,10
146.620070396378,72,25.8142637321726,46.1857362678275,0,I,262,10
55.1498198278041,72,25.9240454016253,29.2257744261788,1,C,263,10
37.2388021711345,72,26.1117575224489,11.1270446486856,1,I,264,10
53.2487060001416,72,26.2526865396649,26.9960194604767,1,C,265,10
78.2064200710732,72,26.2612794153392,45.7387205846608,0,I,266,10
91.8959955619867,33.2642327769529,26.5025030449033,6.76172973204964,0,C,267,10
52.7300442291102,72,26.5800834400579,26.1499607890522,1,I,268,10
31.7563253501379,72,26.6009865514934,5.15533879864451,1,C,269,10
46.827118245068,72,26.7384988395497,20.0886194055183,1,I,270,10
42.0889333953409,72,26.8246654747054,15.2642679206355,1,C,271,10
39.5923120746583,72,26.8919000728056,12.7004120018527,1,I,272,10
41.8194980363666,72,27.2796465363354,14.5398515000313,1,C,273,10
74.5319436148996,72,27.4189280066639,44.5810719933361,0,I,274,10
147.861719032326,71.5048117370267,27.5621790345758,43.9426327024509,0,C,275,10
41.8799882959199,72,28.049446712248,13.8305415836718,1,I,276,10
36.4104071838799,72,28.2343569723889,8.17605021149099,1,C,277,10
296.166291831807,72,28.2576183183119,43.7423816816881,0,I,278,10
85.292172945418,72,28.7079911213368,43.2920088786632,0,C,279,10
94.1692807357115,72,28.7117893947288,43.2882106052712,0,I,280,10
59.1682984612694,72,28.865421814844,30.3028766464254,1,C,281,10
41.530286373134,38.0462910880446,28.9354843413457,9.11080674669888,0,I,282,10
90.0100346314903,72,28.9953825250268,43.0046174749732,0,C,283,10
37.7143105653832,72,29.0203210618347,8.69398950354853,1,I,284,10
60.8375648778733,72,29.0207267878577,31.8168380900156,1,C,285,10
98.2221266780091,72,29.1001729667187,42.8998270332813,0,I,286,10
76.3406779700217,72,29.1126835718751,42.8873164281249,0,C,287,10
30.9627920033347,72,29.1851303586736,1.77766164466105,1,I,288,10
30.8524252121771,72,29.3719269102439,1.48049830193319,1,C,289,10
91.327934966516,72,29.5594767155126,42.4405232844874,0,I,290,10
115.780317369513,72,29.6255902340636,42.3744097659364,0,C,291,10
69.8047345966389,72,29.8008340224624,40.0039005741765,1,I,292,10
39.5710512093246,72,29.8422759957612,9.72877521356347,1,C,293,10
48.7729790392787,72,29.8545411648229,18.9184378744558,1,I,294,10
32.0387570088948,72,30.0345297390595,2.00422726983533,1,C,295,10
48.2641296227555,72,30.320735857822,17.9433937649335,1,I,296,10
75.9634805067915,72,30.3637731866911,41.6362268133089,0,C,297,10
64.5038708033105,72,30.3848926490173,34.1189781542932,1,I,298,10
66.084503577326,72,30.5055824294686,35.5789211478574,1,C,299,10
154.020315487577,72,30.5435251118615,41.4564748881385,0,I,300,10
157.008776049413,72,30.5556471319869,41.4443528680131,0,C,301,10
167.49112890489,72,30.6809632200748,41.3190367799252,0,I,302,10
64.1289263192775,72,30.7923661870882,33.3365601321893,1,C,303,10
74.8873441583544,72,30.817015604116,41.182984395884,0,I,304,10
67.4717769398174,72,30.8302967017517,36.6414802380658,1,C,305,10
51.3019633888174,72,30.9652138408273,20.3367495479901,1,I,306,10
61.0075645830736,72,30.9658027952537,30.0417617878199,1,C,307,10
87.7772978523567,72,30.9924806188792,41.0075193811208,0,I,308,10
51.0387334805411,72,31.0327657638118,20.0059677167293,1,C,309,10
103.941502384373,48.0344262008619,31.0995188914239,16.9349073094379,0,I,310,10
37.5783217159934,72,31.1548417434096,6.42347997258375,1,C,311,10
73.54651666374,50.5246912504585,31.1625820817426,19.3621091687159,0,I,312,10
51.6313572107595,72,31.1828186921775,20.4485385185819,1,C,313,10
58.3357536633585,72,31.4850754290819,26.8506782342766,1,I,314,10
32.0648376288041,36.0766212558674,31.5353478770703,0.529489751733773,1,C,315,10
38.3198897155464,69.4942287555115,31.6467367205769,6.67315299496947,1,I,316,10
75.1057351787762,72,31.6913135815412,40.3086864184588,0,C,317,10
100.788844247426,72,31.8740162998438,40.1259837001562,0,I,318,10
46.9045540377576,72,32.0862637460232,14.8182902917344,1,C,319,10
62.2692954897133,72,32.2919793007895,29.9773161889238,1,I,320,10
76.0676438566956,72,32.3022657539696,39.6977342460305,0,C,321,10
127.358234912475,72,32.375832782127,39.624167217873,0,I,322,10
62.0062009130236,72,32.7009123098105,29.305288603213,1,C,323,10
60.3302901649913,72,32.7295301388949,27.6007600260964,1,I,324,10
72.5240977014419,62.2277217281,33.0053164483979,29.2224052797021,0,C,325,10
68.1038655852596,72,33.2395145623013,34.8643510229582,1,I,326,10
41.9754753087496,72,33.2943419739604,8.6811333347892,1,C,327,10
36.6393848628643,72,33.4318096423522,3.2075752205121,1,I,328,10
38.2066941928839,72,33.4329752577469,4.773718935137,1,C,329,10
50.1055302136401,72,33.5405680490658,16.5649621645744,1,I,330,10
145.885083263367,59.2117234515187,34.0102725941688,25.20145085735,0,C,331,10
93.0830226741192,72,34.0336740994826,37.9663259005174,0,I,332,10
105.316773000053,36.7532257313369,34.0632870560512,2.68993867528575,0,C,333,10
93.1081967548088,37.5718345686457,34.1641796473414,3.40765492130431,0,I,334,10
111.583699416888,72,34.3929395405576,37.6070604594424,0,C,335,10
37.979947101929,72,34.3964097462595,3.58353735566951,1,I,336,10
84.8380934295327,72,34.4361502351239,37.5638497648761,0,C,337,10
76.387847475526,72,34.5263727474958,37.4736272525042,0,I,338,10
75.0165954051177,72,34.6025643730536,37.3974356269464,0,C,339,10
41.5265686786284,72,34.691226775758,6.83534190287043,1,I,340,10
94.4067217264724,72,34.7634011507034,37.2365988492966,0,C,341,10
47.3565163074951,72,34.8927229782566,12.4637933292385,1,I,342,10
47.1610930180126,72,35.1262407610193,12.0348522569933,1,C,343,10
53.8665443739395,72,35.136423362419,18.7301210115205,1,I,344,10
52.0745265404657,72,35.1527256192639,16.9218009212018,1,C,345,10
49.5640115928867,72,35.2570907352492,14.3069208576374,1,I,346,10
168.835029560594,72,35.2657747780904,36.7342252219096,0,C,347,10
69.2566603560904,42.6100937751081,35.3071483690292,7.30294540607893,0,I,348,10
36.538466054025,72,35.3466723533347,1.19179370069027,1,C,349,10
91.8576321762512,72,35.4679950093851,36.532004990615,0,I,350,10
49.3654767799779,72,35.5044831242412,13.8609936557366,1,C,351,10
74.1224381059335,72,35.6045793788508,36.3954206211492,0,I,352,10
65.1028180810411,72,35.6380415707827,29.4647765102584,1,C,353,10
42.4422451630717,72,35.6921151001006,6.75013006297107,1,I,354,10
69.450590220716,72,36.2122647603974,33.2383254603186,1,C,355,10
99.2435938396785,72,36.239623920992,35.760376079008,0,I,356,10
110.191310716589,72,36.2571842595935,35.7428157404065,0,C,357,10
80.944458260367,72,36.2829430913553,35.7170569086447,0,I,358,10
60.2595613111792,72,36.3547652168199,23.9047960943593,1,C,359,10
111.668472756977,46.8783284052942,36.4250195352361,10.4533088700581,0,I,360,10
51.228528057634,72,36.4515673136339,14.7769607440001,1,C,361,10
68.3947330501853,72,36.4542256621644,31.9405073880209,1,I,362,10
43.7492770881509,60.3225072211938,36.6374516347423,7.11182545340856,1,C,363,10
76.34435621978,72,36.7245198274031,35.2754801725969,0,I,364,10
104.267579167378,72,36.8126069800928,35.1873930199072,0,C,365,10
72.7912687048004,72,36.8526986986399,35.1473013013601,0,I,366,10
39.3715345575182,66.4653474881064,36.9696824066341,2.40185215088409,1,C,367,10
44.0535841370556,72,37.1224353136495,6.93114882340608,1,I,368,10
108.094391002647,72,37.1239684615284,34.8760315384716,0,C,369,10
68.4247829275018,72,37.1329713799059,31.2918115475958,1,I,370,10
153.178189618939,72,37.1441951254383,34.8558048745617,0,C,371,10
79.1880173431238,72,37.3031990602613,34.6968009397388,0,I,372,10
73.656642308199,72,37.369817183353,34.630182816647,0,C,373,10
80.3147095422298,72,37.4293240299448,34.5706759700552,0,I,374,10
44.9298251865599,49.4811802374148,37.5085660815239,7.42125910503596,1,C,375,10
79.3150028232518,72,37.6649786531925,34.3350213468075,0,I,376,10
83.7343572788022,72,37.7068084152415,34.2931915847585,0,C,377,10
51.4050461782354,72,37.8030751179904,13.601971060245,1,I,378,10
46.1287336679142,72,38.0051000369713,8.12363363094287,1,C,379,10
69.7829721401959,72,38.3812570525333,31.4017150876626,1,I,380,10
76.4228042824267,72,38.4647146426141,33.5352853573859,0,C,381,10
184.021082361687,72,38.5744496248662,33.4255503751338,0,I,382,10
65.4713107513729,72,38.606899548322,26.8644112030509,1,C,383,10
49.4139266206623,72,38.9122704556212,10.5016561650411,1,I,384,10
45.5777260236513,72,38.9424091670662,6.63531685658503,1,C,385,10
102.265917391365,42.0787131220911,39.0206760261208,3.05803709597031,0,I,386,10
66.102500358819,72,39.1296058287844,26.9728945300346,1,C,387,10
76.3259506000092,72,39.142731372267,32.857268627733,0,I,388,10
54.1908006884203,63.4384843651587,39.2105462215841,14.9802544668362,1,C,389,10
75.2040018903198,72,39.2429519305006,32.7570480694994,0,I,390,10
63.8618663156021,72,39.3050749227405,24.5567913928616,1,C,391,10
69.6753538729442,71.3212608616189,39.3246379494667,30.3507159234775,1,I,392,10
58.9065938804932,72,39.45980027318,19.4467936073132,1,C,393,10
58.4735044514261,72,39.5214491151273,18.9520553362988,1,I,394,10
69.4508937551544,72,39.5751499012113,29.8757438539432,1,C,395,10
72.2034626338434,72,39.6171347144991,32.3828652855009,0,I,396,10
74.5707945029295,72,39.6563354786485,32.3436645213515,0,C,397,10
62.0345399158299,72,39.8197023198009,22.2148375960291,1,I,398,10
47.4951313608371,72,40.036667981185,7.45846337965208,1,C,399,10
53.8210785240174,72,40.2059482550249,13.6151302689925,1,I,400,10
64.3606835651286,72,40.4820330860093,23.8786504791193,1,C,401,10
78.974317974229,72,40.5697332601994,31.4302667398006,0,I,402,10
46.142078809132,69.7594341938562,40.7413122709841,5.40076653814796,1,C,403,10
59.162310531418,72,40.8197274617851,18.3425830696329,1,I,404,10
42.5915201842862,72,40.9183845994994,1.6731355847868,1,C,405,10
51.5258722342981,72,41.001363163814,10.5245090704841,1,I,406,10
114.399491397373,64.56182078811,41.0098656825721,23.5519551055379,0,C,407,10
86.0870685123665,72,41.2409509671852,30.7590490328148,0,I,408,10
72.670331241914,51.1085944668866,41.3101733056828,9.79842116120378,0,C,409,10
50.3178449948758,72,41.3907522708178,8.92709272405799,1,I,410,10
104.125649051316,72,41.4661280158907,30.5338719841093,0,C,411,10
44.19040647075,72,41.6221968177706,2.56820965297939,1,I,412,10
99.9280204960468,51.2541300966585,41.6351761389524,9.6189539577061,0,C,413,10
49.8819281549488,72,41.845790524967,8.03613762998173,1,I,414,10
56.3512729707209,72,41.8767293030396,14.4745436676813,1,C,415,10
111.966213876783,72,41.9087189761922,30.0912810238078,0,I,416,10
55.8823778830905,72,41.9248248450458,13.9575530380447,1,C,417,10
90.4701870872327,72,41.9993876433,30.0006123567,0,I,418,10
67.5124902577316,72,42.0635214401409,25.4489688175907,1,C,419,10
78.2832844828511,72,42.1411962015554,29.8588037984446,0,I,420,10
70.8595059293892,72,42.147589889355,28.7119160400342,1,C,421,10
64.8228148965878,72,42.2970637120307,22.5257511845571,1,I,422,10
54.0064798389563,72,42.3821937013418,11.6242861376145,1,C,423,10
75.8128125667195,72,42.4509856849909,29.5490143150091,0,I,424,10
147.206935367757,72,42.5227760849521,29.4772239150479,0,C,425,10
231.694988230858,72,42.7074478240684,29.2925521759316,0,I,426,10
63.3117525172744,72,42.7505839895457,20.5611685277287,1,C,427,10
49.0074447925752,72,42.838403088972,6.16904170360324,1,I,428,10
48.4276610704242,72,42.8390915784985,5.58856949192572,1,C,429,10
75.6831766430678,72,42.8395444527268,29.1604555472732,0,I,430,10
74.8358629560517,72,42.8744359826669,29.1255640173331,0,C,431,10
48.1472765033293,72,42.9480161285028,5.19926037482647,1,I,432,10
86.8383772365898,72,43.0805165413767,28.9194834586233,0,C,433,10
86.8836725373035,72,43.1149778561667,28.8850221438333,0,I,434,10
131.410766042656,72,43.2773448619992,28.7226551380009,0,C,435,10
91.9628321543508,72,43.3294592890888,28.6705407109112,0,I,436,10
52.3475409291882,72,43.6489114025608,8.69862952662742,1,C,437,10
48.5779185394228,72,43.6787410313264,4.8991775080964,1,I,438,10
70.4865156337212,72,43.8650601636618,26.6214554700593,1,C,439,10
106.891247462559,72,43.9950421499088,28.0049578500912,0,I,440,10
56.7716010312173,72,44.2201963998377,12.5514046313796,1,C,441,10
49.090283336635,72,44.4880509423092,4.60223239432582,1,I,442,10
120.318825060442,72,44.5341074327007,27.4658925672993,0,C,443,10
51.4891547546608,72,44.899806138128,6.58934861653272,1,I,444,10
54.9233793318369,72,44.9246450560167,9.99873427582019,1,C,445,10
75.7204770971837,72,44.9411904020235,27.0588095979765,0,I,446,10
56.5488135990585,72,44.9574890406802,11.5913245583783,1,C,447,10
69.218311073749,72,45.0453095370904,24.1730015366586,1,I,448,10
69.6144527153305,72,45.0507536390796,24.5636990762508,1,C,449,10
104.561075061238,72,45.0882406532764,26.9117593467236,0,I,450,10
101.918642399509,72,45.0968563836068,26.9031436163932,0,C,451,10
179.138682835539,72,45.1251174509525,26.8748825490475,0,I,452,10
50.45339805243,72,45.1454086555168,5.30798939691319,1,C,453,10
51.8638094922149,72,45.2471726154909,6.61663687672405,1,I,454,10
66.130685590902,72,45.2596448455006,20.8710407454014,1,C,455,10
100.486821332467,72,45.2710703434423,26.7289296565577,0,I,456,10
48.4565008987681,72,45.4069977812469,3.0495031175212,1,C,457,10
92.5087710558418,72,45.5887517379597,26.4112482620403,0,I,458,10
127.411271043376,72,45.6387916021049,26.3612083978951,0,C,459,10
54.9242010356037,56.4295247705608,45.645323228091,9.27887780751273,1,I,460,10
56.0428060193493,72,45.6568321399391,10.3859738794102,1,C,461,10
152.425379856173,72,45.6674313638359,26.3325686361641,0,I,462,10
69.4062954487759,72,45.7973531261087,23.6089423226672,1,C,463,10
62.5192029861286,72,45.8101503225043,16.7090526636243,1,I,464,10
71.9284497206268,72,45.9819178842008,25.946531836426,1,C,465,10
141.3643997286,72,45.9839253779501,26.0160746220499,0,I,466,10
66.822634409648,72,46.168659562245,20.653974847403,1,C,467,10
81.75908165849,72,46.267808242701,25.732191757299,0,I,468,10
49.681540735915,72,46.2900381395593,3.39150259635571,1,C,469,10
232.8886965972,62.1489894905036,46.3866605702788,15.7623289202248,0,I,470,10
82.3500889092041,54.8986687727133,46.3937118044123,8.50495696830103,0,C,471,10
78.183169030723,61.5552783400099,46.5409332700074,15.0143450700025,0,I,472,10
83.3188008754639,72,46.5506394999102,25.4493605000898,0,C,473,10
51.5287485106799,72,46.6142945783213,4.91445393235862,1,I,474,10
74.4937034275435,72,46.7382556898519,25.2617443101481,0,C,475,10
61.3903979290666,72,46.7945464560762,14.5958514729904,1,I,476,10
74.1916779673852,72,46.8330936692655,25.1669063307345,0,C,477,10
54.3698355339733,72,46.9133605342358,7.45647499973742,1,I,478,10
110.102195727214,61.4641057441155,47.2219550516456,14.2421506924699,0,C,479,10
78.7299062238359,72,47.2950379550457,24.7049620449543,0,I,480,10
61.0728188528178,72,47.7531447261572,13.3196741266606,1,C,481,10
56.3340352232286,72,47.8077891748399,8.52624604838873,1,I,482,10
74.7405246580342,72,47.8952852357179,24.1047147642821,0,C,483,10
134.309621462462,72,47.9228572826833,24.0771427173168,0,I,484,10
50.9882352773645,72,47.9703310271725,3.01790425019198,1,C,485,10
80.5822057590744,72,48.0599449295551,23.9400550704449,0,I,486,10
74.9037018451211,72,48.0648753745481,23.9351246254519,0,C,487,10
81.5024149419551,50.4793650190871,48.463332625106,2.01603239398112,0,I,488,10
196.408796684808,72,48.4809036646038,23.5190963353962,0,C,489,10
81.4383335913327,72,48.5002943733707,23.4997056266293,0,I,490,10
62.4294903484883,72,48.529130704701,13.9003596437874,1,C,491,10
96.2047188661847,72,48.6769026238471,23.3230973761529,0,I,492,10
77.9812172158303,72,48.8704160135239,23.1295839864761,0,C,493,10
49.336480070345,72,48.9459463907406,0.390533679604403,1,I,494,10
57.3415971025595,72,48.9587801042944,8.38281699826508,1,C,495,10
130.711580799864,72,48.9652226027101,23.0347773972899,0,I,496,10
84.7740751725293,72,49.0404501697049,22.9595498302951,0,C,497,10
126.434103566095,56.3796184946305,49.1550547163934,7.22456377823712,0,I,498,10
53.9887231080295,72,49.313548556529,4.67517455150054,1,C,499,10
72.0923044339314,72,49.6574722928926,22.3425277071074,0,I,500,10
149.093240670701,72,49.6919266087934,22.3080733912066,0,C,501,10
79.6630035135469,72,49.7357571031898,22.2642428968102,0,I,502,10
66.7833083972381,72,49.7495344514027,17.0337739458354,1,C,503,10
55.5064142085501,63.6012040309568,49.7772369068116,5.7291773017385,1,I,504,10
51.8317698522751,72,49.8153207683936,2.01644908388148,1,C,505,10
196.590089263773,72,49.8444034159184,22.1555965840817,0,I,506,10
53.9106076769244,72,50.0617290381342,3.84887863879022,1,C,507,10
135.919171401218,72,50.0721094943583,21.9278905056417,0,I,508,10
154.385523304289,72,50.1303161401302,21.8696838598698,0,C,509,10
52.9030343655976,72,50.3390609985218,2.5639733670758,1,I,510,10
59.0214213165603,72,50.533382599242,8.48803871731826,1,C,511,10
155.396522651793,72,50.6679694494233,21.3320305505767,0,I,512,10
214.406539575697,62.3383229274602,50.7460105977953,11.592312329665,0,C,513,10
79.1079330613632,62.4640742217367,50.9374850057066,11.5265892160302,0,I,514,10
75.3467788857183,69.3794913889814,51.1109120305628,18.2685793584186,0,C,515,10
86.2508838954481,72,51.1506153456867,20.8493846543133,0,I,516,10
83.6454408670562,72,51.2655311124399,20.7344688875601,0,C,517,10
54.9141896412534,72,51.3948816340417,3.51930800721175,1,I,518,10
56.595874473516,72,51.4633198454976,5.13255462801839,1,C,519,10
72.5006213424191,72,51.5360878268257,20.4639121731743,0,I,520,10
78.84734908851,72,51.6555458726361,20.3444541273639,0,C,521,10
80.4720308180675,72,51.6866868222132,20.3133131777868,0,I,522,10
53.7721505202507,72,51.855890834704,1.91625968554667,1,C,523,10
90.1698283068515,72,51.870547849685,20.129452150315,0,I,524,10
61.4895747900267,72,51.9074024213478,9.58217236867885,1,C,525,10
127.599725253817,72,51.9442848907784,20.0557151092216,0,I,526,10
87.1209587586424,72,52.0248567732051,19.9751432267949,0,C,527,10
52.5575162369452,72,52.1139699267224,0.443546310222839,1,I,528,10
105.218443864004,72,52.1544990967959,19.8455009032041,0,C,529,10
60.2013114268363,72,52.2118335496634,7.98947787717285,1,I,530,10
129.130170178287,57.6846758936984,52.3912016255781,5.29347426812032,0,C,531,10
69.5133966872283,72,52.5467452732846,16.9666514139436,1,I,532,10
132.978297753689,72,52.6627746457234,19.3372253542766,0,C,533,10
92.4930457593962,72,52.7479325607419,19.2520674392581,0,I,534,10
90.1041891849371,72,52.9930562060326,19.0069437939674,0,C,535,10
70.6348834490105,72,53.0770061071962,17.5578773418142,1,I,536,10
90.2850270320451,72,53.2241209270433,18.7758790729567,0,C,537,10
144.551126535759,72,53.3210446871817,18.6789553128183,0,I,538,10
55.708418247943,72,53.4265464730561,2.28187177488688,1,C,539,10
67.1534168346006,72,53.5598333459348,13.5935834886658,1,I,540,10
97.5661675985124,72,53.5850183246657,18.4149816753343,0,C,541,10
57.3886404987016,72,53.7139422493056,3.67469824939606,1,I,542,10
64.4747471535891,66.8350360803007,53.7174396403134,10.7573075132757,1,C,543,10
107.113378829298,72,53.7744596460834,18.2255403539166,0,I,544,10
87.3516177546809,72,53.8229952100664,18.1770047899336,0,C,545,10
55.3090277463045,72,53.8676759926602,1.44135175364425,1,I,546,10
141.628424271686,72,53.9063785644248,18.0936214355752,0,C,547,10
73.7965339106078,72,54.129919745028,17.870080254972,0,I,548,10
78.4136335893196,72,54.1991078015417,17.8008921984583,0,C,549,10
69.6087045959049,72,54.2495860811323,15.3591185147726,1,I,550,10
69.8420079170621,72,54.3079503625631,15.534057554499,1,C,551,10
100.570313809558,72,55.0614002393559,16.9385997606441,0,I,552,10
127.315750628204,72,55.1218409417197,16.8781590582803,0,C,553,10
62.3479886080805,72,55.2714874735102,7.07650113457025,1,I,554,10
58.555736121523,72,55.2977729961276,3.25796312539535,1,C,555,10
63.7957405817079,72,55.5213236203417,8.27441696136619,1,I,556,10
70.3981237546576,72,55.615709410049,14.7824143446086,1,C,557,10
90.9468926351513,72,55.6701671518385,16.3298328481615,0,I,558,10
70.1982661199613,72,56.0391633398831,14.1591027800782,1,C,559,10
76.2865213640711,72,56.1443510139361,15.8556489860639,0,I,560,10
60.5473447681537,72,56.1484343139455,4.39891045420819,1,C,561,10
75.73463694463,72,56.1507583362982,15.8492416637018,0,I,562,10
174.304482205431,72,56.1659817444161,15.8340182555839,0,C,563,10
113.437992206624,72,56.3821665477008,15.6178334522992,0,I,564,10
79.9269406621497,72,56.4332883339375,15.5667116660625,0,C,565,10
171.267668931077,72,56.5333399549127,15.4666600450873,0,I,566,10
58.6900468320983,72,56.5834656078368,2.10658122426142,1,C,567,10
67.1009482086415,72,56.6491793235764,10.4517688850651,1,I,568,10
88.373839941282,72,56.7605469888076,15.2394530111924,0,C,569,10
82.0529677149511,72,56.8782360898331,15.1217639101669,0,I,570,10
59.5304946670781,72,56.9202167680487,2.61027789902934,1,C,571,10
104.829865187072,72,57.0380919193849,14.9619080806151,0,I,572,10
118.64036205631,72,57.064344920218,14.935655079782,0,C,573,10
60.9539899400258,72,57.1605210704729,3.79346886955291,1,I,574,10
79.1370536706315,72,57.1880865795538,14.8119134204462,0,C,575,10
115.2957487556,66.4362558254145,57.236790410243,9.19946541517149,0,I,576,10
113.039117128149,72,57.4017150280997,14.5982849719003,0,C,577,10
58.8459563340847,72,57.4452924029902,1.4006639310945,1,I,578,10
70.0183284039159,72,57.67532880418,12.3429995997359,1,C,579,10
80.2960677421788,72,57.6859908085316,14.3140091914684,0,I,580,10
112.4112318052,72,57.7390971360728,14.2609028639272,0,C,581,10
110.309601060318,72,57.933708387427,14.066291612573,0,I,582,10
77.0731756854115,72,57.9909177822992,14.0090822177008,0,C,583,10
91.2566032336431,72,58.0900012236089,13.9099987763911,0,I,584,10
61.293738123498,72,58.1546928780153,3.1390452454827,1,C,585,10
81.8158366232014,72,58.161207055673,13.838792944327,0,I,586,10
98.7555242793541,72,58.1789361219853,13.8210638780147,0,C,587,10
74.0822193463116,72,58.1971641629934,13.8028358370066,0,I,588,10
81.0941110696692,72,58.3275793259963,13.6724206740037,0,C,589,10
191.205492444249,72,58.3752813516185,13.6247186483815,0,I,590,10
149.671207704131,72,58.4133965615183,13.5866034384817,0,C,591,10
107.943349375688,72,58.4173665521666,13.5826334478334,0,I,592,10
59.1984638773451,72,58.4706978499889,0.727766027356112,1,C,593,10
96.8130126524953,72,58.8078909600154,13.1921090399846,0,I,594,10
98.0674977439589,67.3802462202226,58.8101186044514,8.57012761577117,0,C,595,10
97.8930966831092,72,58.8997480971739,13.1002519028261,0,I,596,10
96.8743452250133,72,59.0616830578074,12.9383169421926,0,C,597,10
59.3582490912606,72,59.0679131867364,0.290335904524213,1,I,598,10
71.8967326499308,72,59.1171625815332,12.7795700683976,1,C,599,10
86.5118618832631,72,59.3237958010286,12.6762041989714,0,I,600,10
60.1095531788723,72,59.4675790658221,0.64197411305023,1,C,601,10
66.1158609863484,72,59.5759291481227,6.53993183822576,1,I,602,10
77.7462318281602,72,59.5816532475874,12.4183467524126,0,C,603,10
112.187158791539,72,59.5990382088348,12.4009617911652,0,I,604,10
75.0605256547329,72,59.7909065382555,12.2090934617445,0,C,605,10
82.7644505319111,72,59.9134063487873,12.0865936512128,0,I,606,10
256.70642050225,72,59.936489565298,12.063510434702,0,C,607,10
