t_cal_ev,t_cal_cens,t_acc,t,status,group,pat_id,sim_idx
259.200612150072,72,0.104261236265302,71.8957387637347,0,C,1,1
24.1575176101429,72,0.180542422458529,23.9769751876844,1,I,2,1
97.7349051630732,72,0.326011469587684,71.6739885304123,0,C,3,1
175.096711676868,72,0.34388265106827,71.6561173489317,0,I,4,1
243.682153816491,72,0.36174044944346,71.6382595505565,0,C,5,1
156.247721571085,72,0.451981066726148,71.5480189332739,0,I,6,1
564.823528722325,72,0.458578839898109,71.5414211601019,0,C,7,1
44.0294149830466,71.2735717107841,0.697501050308347,43.3319139327382,1,I,8,1
31.5897562871388,72,0.748100378550589,30.8416559085882,1,C,9,1
67.6803123162052,43.8279701248239,0.837126555852592,42.9908435689713,0,I,10,1
2.29775478070707,72,0.959188551642001,1.33856622906507,1,C,11,1
304.150960017229,37.7482254302569,1.02838107850403,36.7198443517529,0,I,12,1
122.3210625689,72,1.11126185394824,70.8887381460518,0,C,13,1
80.4920926010789,72,1.30361517425627,70.6963848257437,0,I,14,1
113.745783460156,72,1.37411691248417,70.6258830875158,0,C,15,1
192.936270625796,40.1533327990573,1.43095145467669,38.7223813443806,0,I,16,1
78.0321810255907,6.70308465700702,1.47734137717634,5.22574327983068,0,C,17,1
304.682806414726,72,1.60770047921687,70.3922995207831,0,I,18,1
110.362087139926,72,1.63678660523146,70.3632133947685,0,C,19,1
14.4788296453725,72,1.90360651351511,12.5752231318573,1,I,20,1
116.933643135526,72,1.91787269432098,70.082127305679,0,C,21,1
44.6619584688949,72,1.99111397378147,42.6708444951135,1,I,22,1
55.1687908272282,72,2.1663981070742,53.002392720154,1,C,23,1
191.687888923343,49.6089827279529,2.29701203294098,47.311970695012,0,I,24,1
56.6888735973215,72,2.4237489933148,54.2651246040067,1,C,25,1
95.6580405549986,72,2.51348270103335,69.4865172989667,0,I,26,1
216.231900960025,72,2.53415695857257,69.4658430414274,0,C,27,1
6.19734886826804,72,2.59527986403555,3.60206900423249,1,I,28,1
137.142354556827,72,2.64640582725406,69.3535941727459,0,C,29,1
5.70309840244972,72,2.80511601828039,2.89798238416933,1,I,30,1
402.986769142198,72,2.80810191761702,69.191898082383,0,C,31,1
142.258522230218,56.1947761457493,2.89474766235799,53.3000284833913,0,I,32,1
39.2613505093115,72,2.91744229383767,36.3439082154738,1,C,33,1
15.340859517336,72,2.95711053069681,12.3837489866392,1,I,34,1
114.520388901812,72,2.98334664199501,69.016653358005,0,C,35,1
199.74040320392,72,3.32522117067128,68.6747788293287,0,I,36,1
200.489515184059,70.227895875048,3.33861307706684,66.8892827979812,0,C,37,1
258.585637534319,72,3.381328121759,68.618671878241,0,I,38,1
229.391807515094,72,3.48123283591121,68.5187671640888,0,C,39,1
94.9414568036067,72,3.56911004986614,68.4308899501339,0,I,40,1
219.45397993705,72,3.57514687813818,68.4248531218618,0,C,41,1
53.6673230281718,72,3.68098142556846,49.9863416026033,1,I,42,1
121.229265115697,72,3.71306719724089,68.2869328027591,0,C,43,1
120.876773350582,72,3.72098478488624,68.2790152151138,0,I,44,1
7.58955525300294,72,3.74663850758225,3.84291674542069,1,C,45,1
29.8382207569215,72,3.76892041414976,26.0693003427718,1,I,46,1
34.7828074069026,37.5204474047874,3.86535552330315,30.9174518835995,1,C,47,1
161.377702875506,72,4.04976569116116,67.9502343088389,0,I,48,1
250.99891012131,72,4.27681848406792,67.7231815159321,0,C,49,1
312.548933615647,72,4.31283437646925,67.6871656235308,0,I,50,1
66.7482497500274,72,4.38554864376783,62.3627011062596,1,C,51,1
109.86139689959,72,4.54324072692543,67.4567592730746,0,I,52,1
226.978319357175,72,4.58625739440322,67.4137426055968,0,C,53,1
25.1574629426988,38.5266872995943,4.6044042147696,20.5530587279292,1,I,54,1
53.9600946240389,72,4.60440892260522,49.3556857014337,1,C,55,1
63.3714604138329,72,4.6548229129985,58.7166375008344,1,I,56,1
29.7746466023072,72,4.66219460126013,25.1124520010471,1,C,57,1
286.854281158864,25.695950793603,4.67555979732424,21.0203909962787,0,I,58,1
13.1705884540144,72,4.68854530714452,8.48204314686984,1,C,59,1
19.3591330356378,72,4.69290230423212,14.6662307314057,1,I,60,1
22.5461616040048,44.3959720331865,4.73317948635668,17.8129821176481,1,C,61,1
69.8855713223898,72,4.76355122867972,65.1220200937101,1,I,62,1
49.4611587824444,72,4.86787745263428,44.5932813298102,1,C,63,1
117.78419891007,72,4.87061000894755,67.1293899910525,0,I,64,1
9.81723498223855,72,4.87640437670052,4.94083060553802,1,C,65,1
82.5691636783475,64.2056550573061,5.28149594552815,58.924159111778,0,I,66,1
64.40787551379,30.9327822497286,5.36895772442222,25.5638245253064,0,C,67,1
143.963471603184,72,5.43976357206702,66.560236427933,0,I,68,1
27.8414119596542,72,5.56153700686991,22.2798749527843,1,C,69,1
130.62852979874,72,5.61347616836429,66.3865238316357,0,I,70,1
16.3674067180123,72,5.65755895804614,10.7098477599661,1,C,71,1
79.6770623283131,72,5.73036496527493,66.2696350347251,0,I,72,1
111.994598380274,72,5.80336196813732,66.1966380318627,0,C,73,1
127.993850449049,45.2198728838759,6.06683237012476,39.1530405137512,0,I,74,1
102.575871668002,72,6.07574458234012,65.9242554176599,0,C,75,1
9.99644731401346,72,6.10240613110364,3.89404118290983,1,I,76,1
59.4072216310094,70.6834952769246,6.10699346289039,53.3002281681191,1,C,77,1
40.3919881958259,72,6.18192750960589,34.21006068622,1,I,78,1
104.327392436751,72,6.26474955584854,65.7352504441515,0,C,79,1
49.1492572752878,72,6.36356061324477,42.785696662043,1,I,80,1
23.3146694560836,72,6.37274424545467,16.9419252106289,1,C,81,1
44.2717601066154,72,6.52250467333943,37.749255433276,1,I,82,1
43.3218666974574,72,6.57631935551763,36.7455473419398,1,C,83,1
89.9295553280066,72,6.60218906588852,65.3978109341115,0,I,84,1
48.5560680608753,72,6.63220681250095,41.9238612483743,1,C,85,1
118.232347610189,72,6.71361370012164,65.2863862998784,0,I,86,1
110.726099534735,72,6.72469756565988,65.2753024343401,0,C,87,1
171.475976879101,72,6.78325414191932,65.2167458580807,0,I,88,1
365.290646094633,6.95133204096477,6.78891086485237,0.162421176112401,0,C,89,1
77.6388626274395,72,6.84533840976656,65.1546615902335,0,I,90,1
238.777162760898,48.6488385543685,6.88592010643333,41.7629184479352,0,C,91,1
14.6479457678491,72,7.05387932248414,7.59406644536492,1,I,92,1
170.145708012511,72,7.13598749600351,64.8640125039965,0,C,93,1
39.7437710057822,72,7.3552056401968,32.3885653655854,1,I,94,1
415.856519699725,72,7.41469995584339,64.5853000441566,0,C,95,1
113.856818037427,72,7.7374037867412,64.2625962132588,0,I,96,1
91.4376363816788,72,7.76438815053552,64.2356118494645,0,C,97,1
52.4020368394843,72,7.83009690698236,44.5719399325019,1,I,98,1
10.3477221658874,72,7.96575205866247,2.38197010722495,1,C,99,1
301.438767998242,72,8.05008694063872,63.9499130593613,0,I,100,1
45.8295027437248,72,8.26212713029236,37.5673756134324,1,C,101,1
106.912993285078,72,8.30675579141825,63.6932442085818,0,I,102,1
75.9312804782148,72,8.38820126373321,63.6117987362668,0,C,103,1
170.167921474996,72,8.44240395817906,63.557596041821,0,I,104,1
77.6596352267892,66.931863221758,8.48150411155075,58.4503591102072,0,C,105,1
136.5839758715,72,8.54679993353784,63.4532000664622,0,I,106,1
30.2189672075974,72,9.02464650571346,21.1943207018839,1,C,107,1
67.898562057655,72,9.20299664139748,58.6955654162575,1,I,108,1
52.2316709854534,35.9911601943777,9.34391583781689,26.6472443565608,0,C,109,1
46.8884579930497,13.983542382451,9.41811568569392,4.56542669675708,0,I,110,1
10.2388111431355,55.1443322520227,9.42654670681804,0.812264436317474,1,C,111,1
202.324657290065,72,9.49670028872788,62.5032997112721,0,I,112,1
34.1058651022435,35.3183689374734,9.5730914734304,24.5327736288131,1,C,113,1
128.234912570646,72,9.93871918413788,62.0612808158621,0,I,114,1
123.497237476375,72,10.0098107010126,61.9901892989874,0,C,115,1
54.4920231167908,72,10.1233329344541,44.3686901823367,1,I,116,1
15.1051887884526,59.4247038837046,10.1806886354461,4.9245001530065,1,C,117,1
86.3863386861356,72,10.2673822827637,61.7326177172363,0,I,118,1
16.6102904919268,22.2956360379455,10.4391487268731,6.17114176505372,1,C,119,1
32.4936058808432,72,10.6722691236064,21.8213367572368,1,I,120,1
117.524620787958,72,10.6822066241875,61.3177933758125,0,C,121,1
107.159418184009,25.5439256913079,10.7096932874992,14.8342324038086,0,I,122,1
162.651977190995,72,10.8886229200289,61.1113770799711,0,C,123,1
55.7910300131421,72,10.9813463967294,44.8096836164127,1,I,124,1
36.444387099856,72,11.0487634129822,25.3956236868738,1,C,125,1
117.233035499908,72,11.2556416913867,60.7443583086133,0,I,126,1
75.2592679116992,51.5219733440252,11.5526299970225,39.9693433470028,0,C,127,1
63.6814230666626,72,11.5528792049736,52.1285438616891,1,I,128,1
171.823860238851,72,11.8132657790557,60.1867342209444,0,C,129,1
288.438579805933,57.6187495019689,12.0171344233677,45.6016150786012,0,I,130,1
178.886035352728,56.1461192393472,12.1047886367887,44.0413306025584,0,C,131,1
26.914031226751,72,12.1693658363074,14.7446653904436,1,I,132,1
14.113281839585,72,12.4229671759531,1.69031466363195,1,C,133,1
148.531286703774,72,12.5179942930117,59.4820057069883,0,I,134,1
151.293806974773,72,12.5270692259073,59.4729307740927,0,C,135,1
45.322347112779,72,12.70238106139,32.619966051389,1,I,136,1
247.88221605053,64.1543931974963,12.7901904238388,51.3642027736575,0,C,137,1
221.973337196557,62.6395689334453,12.9239343479276,49.7156345855177,0,I,138,1
518.855722002128,72,12.9258272470906,59.0741727529094,0,C,139,1
81.7016325109181,72,13.018835708499,58.9811642915011,0,I,140,1
67.2986878255754,72,13.1288671586663,54.1698206669092,1,C,141,1
241.448041966909,72,13.1863023340702,58.8136976659298,0,I,142,1
319.59079684132,72,13.2022440014407,58.7977559985593,0,C,143,1
126.785288139088,72,13.2961662439629,58.7038337560371,0,I,144,1
243.344975562997,72,13.301934460178,58.698065539822,0,C,145,1
157.883489886946,72,13.3593295002356,58.6406704997644,0,I,146,1
42.5966649287234,72,13.4439485287294,29.152716399994,1,C,147,1
24.2563880660538,72,13.460754272528,10.7956337935258,1,I,148,1
138.690755048236,72,13.7790514575318,58.2209485424683,0,C,149,1
163.186570103242,72,13.803425473161,58.196574526839,0,I,150,1
21.4901483333652,72,14.0385516174138,7.45159671595145,1,C,151,1
76.8330089256929,72,14.1049036430195,57.8950963569805,0,I,152,1
42.1997035631821,30.8024779071359,14.118779967539,16.6836979395969,0,C,153,1
165.735490508469,50.1780583546798,14.1480998788029,36.0299584758769,0,I,154,1
18.1928390625703,72,14.3569124490023,3.83592661356806,1,C,155,1
169.087819657613,72,14.3643054971471,57.6356945028529,0,I,156,1
68.2597013607637,72,14.459648639895,53.8000527208687,1,C,157,1
125.965430493334,72,14.4769765622914,57.5230234377086,0,I,158,1
158.170316315517,72,14.697856712155,57.302143287845,0,C,159,1
353.457795701406,72,14.8223641980439,57.1776358019561,0,I,160,1
92.1589040517686,72,15.1317614782602,56.8682385217398,0,C,161,1
35.4902705954489,72,15.1865141373128,20.3037564581361,1,I,162,1
131.922345240263,72,15.3915534261614,56.6084465738386,0,C,163,1
152.57656145296,72,15.568394260481,56.431605739519,0,I,164,1
182.340148420189,72,15.6763819791377,56.3236180208623,0,C,165,1
171.708867526386,72,15.6848172750324,56.3151827249676,0,I,166,1
51.6252874648501,72,15.7005602912977,35.9247271735523,1,C,167,1
43.9866181566929,72,15.7122693350539,28.2743488216391,1,I,168,1
31.4128233045889,72,15.8139630267397,15.5988602778492,1,C,169,1
136.609429731823,44.2733460058541,15.882554766722,28.3907912391321,0,I,170,1
253.881080616909,72,15.9436629898846,56.0563370101154,0,C,171,1
29.1702794588163,72,15.9811820229515,13.1890974358647,1,I,172,1
205.739590241715,72,16.1846538120881,55.8153461879119,0,C,173,1
75.8090326483774,72,16.2650197651237,55.7349802348763,0,I,174,1
92.9491742170796,72,16.278756824322,55.721243175678,0,C,175,1
145.232067775767,43.3504173435473,16.3490177784115,27.0013995651358,0,I,176,1
46.9807976375375,72,16.3752349186689,30.6055627188686,1,C,177,1
77.6065035527684,72,16.5634468523785,55.4365531476215,0,I,178,1
387.789084583326,72,16.5642684604973,55.4357315395027,0,C,179,1
104.675065217512,72,16.93129805848,55.06870194152,0,I,180,1
54.6645189023776,72,17.0301515422761,37.6343673601015,1,C,181,1
40.9042932824978,72,17.2095466917381,23.6947465907597,1,I,182,1
120.207469774161,28.6977989743464,17.2260918421671,11.4717071321793,0,C,183,1
327.543493144986,72,17.3994971998036,54.6005028001964,0,I,184,1
24.0414136702634,72,17.4731761403382,6.56823752992519,1,C,185,1
96.1779632434774,63.9404779107235,17.5372808100656,46.4031971006579,0,I,186,1
125.021637281559,72,17.6636880403385,54.3363119596616,0,C,187,1
44.4499785582752,72,17.7221935847774,26.7277849734978,1,I,188,1
159.931414646997,24.0933627363633,17.9095623269677,6.18380040939558,0,C,189,1
33.6379650008348,72,18.2471217820421,15.3908432187927,1,I,190,1
171.62159408664,72,18.2868672022596,53.7131327977404,0,C,191,1
57.1559695972992,72,18.3906843792647,38.7652852180344,1,I,192,1
285.881422752101,72,18.8308137981221,53.1691862018779,0,C,193,1
305.505810589351,72,18.8391700387001,53.1608299612999,0,I,194,1
106.63842959606,72,18.8516963738948,53.1483036261052,0,C,195,1
81.7035746722739,72,18.9313586521894,53.0686413478106,0,I,196,1
30.6161394286506,23.7693840572192,18.9875221811235,4.78186187609572,0,C,197,1
257.753818103433,72,19.0624018292874,52.9375981707126,0,I,198,1
71.4975907104469,72,19.1498049907386,52.3477857197083,1,C,199,1
123.692550074315,72,19.2114608595148,52.7885391404852,0,I,200,1
176.794169104538,72,19.2407075129449,52.7592924870551,0,C,201,1
25.0873055386875,72,19.6486545028165,5.43865103587101,1,I,202,1
199.094858208757,72,19.8053815634921,52.1946184365079,0,C,203,1
82.2795824995521,72,19.830651730299,52.169348269701,0,I,204,1
208.682352237109,24.3422670293522,19.8536957614124,4.48857126793984,0,C,205,1
100.085089033429,72,19.9475624738261,52.0524375261739,0,I,206,1
189.16521512183,72,20.0955676753074,51.9044323246926,0,C,207,1
112.732984284334,72,20.1547167124227,51.8452832875773,0,I,208,1
105.726010720599,72,20.2811738150194,51.7188261849806,0,C,209,1
26.4409195694271,72,20.4609651491046,5.97995442032247,1,I,210,1
29.8044775267028,70.3948352057392,20.6319796806201,9.17249784608263,1,C,211,1
144.910833344996,72,20.6580763449892,51.3419236550108,0,I,212,1
114.096116741348,72,20.733833508566,51.266166491434,0,C,213,1
26.9265404064517,23.3593708142065,20.767394551076,2.59197626313051,0,I,214,1
105.553211476651,63.4763117480212,20.7862240215763,42.6900877264448,0,C,215,1
104.63697980422,57.7018201358058,20.8539199875668,36.847900148239,0,I,216,1
117.443167524025,72,20.8827842166647,51.1172157833353,0,C,217,1
89.7862478319376,72,21.1065191449597,50.8934808550403,0,I,218,1
81.4588327343171,72,21.1386022064835,50.8613977935165,0,C,219,1
460.847329509792,22.669537206779,21.3977242726833,1.27181293409576,0,I,220,1
339.102113563174,72,21.4547005528584,50.5452994471416,0,C,221,1
127.119633928039,72,21.5211589867249,50.4788410132751,0,I,222,1
76.4854023320998,72,21.5518076671287,50.4481923328713,0,C,223,1
29.455945217345,72,21.6295312950388,7.82641392230628,1,I,224,1
82.3864921146419,72,21.704061194323,50.295938805677,0,C,225,1
50.2208005594801,72,21.7306104116142,28.4901901478659,1,I,226,1
151.3027982901,72,21.7362670088187,50.2637329911813,0,C,227,1
157.505303119355,72,21.8741007428616,50.1258992571384,0,I,228,1
101.37128397938,72,21.9574062293395,50.0425937706605,0,C,229,1
133.173138651519,72,22.0822904258966,49.9177095741034,0,I,230,1
47.9192420527806,72,22.1990963257849,25.7201457269956,1,C,231,1
133.647035841717,72,22.2495587635785,49.7504412364215,0,I,232,1
81.28405122342,72,22.2607802879065,49.7392197120935,0,C,233,1
191.065718674614,72,22.3326127650216,49.6673872349784,0,I,234,1
568.050653307339,72,22.4189770314842,49.5810229685158,0,C,235,1
126.397330764528,72,22.4560957029462,49.5439042970538,0,I,236,1
92.6604155113274,32.286207165292,22.6311887567863,9.65501840850573,0,C,237,1
50.6083498503634,72,22.659678356722,27.9486714936414,1,I,238,1
29.4775492368542,70.7036766824735,22.6959390565753,6.78161018027888,1,C,239,1
148.194983240211,72,22.703301650472,49.296698349528,0,I,240,1
36.7657488656655,72,22.7566740615293,14.0090748041362,1,C,241,1
46.6430772887573,72,23.0065181292594,23.6365591594979,1,I,242,1
56.617591766821,61.7445780717625,23.0300524597988,33.5875393070223,1,C,243,1
27.8022315348224,40.3416497784762,23.0651026871055,4.73712884771685,1,I,244,1
32.3108064925144,72,23.3412581216544,8.96954837086002,1,C,245,1
81.3688160372453,72,23.3804484643042,48.6195515356958,0,I,246,1
36.0693173439238,72,23.410968077369,12.6583492665547,1,C,247,1
126.297936052506,72,23.5230558877811,48.4769441122189,0,I,248,1
33.0071224910483,72,23.5373091883957,9.46981330265255,1,C,249,1
330.748716221445,72,23.5801581339911,48.4198418660089,0,I,250,1
347.024518401062,70.2915817051788,23.5866002412513,46.7049814639275,0,C,251,1
26.258926939081,72,23.6349688796327,2.62395805944838,1,I,252,1
199.814454911557,72,23.6939994664863,48.3060005335137,0,C,253,1
28.3759767528102,72,23.8557938765734,4.52018287623675,1,I,254,1
33.0449929718788,72,24.0328325796872,9.01216039219152,1,C,255,1
153.354035191988,72,24.0874796546996,47.9125203453004,0,I,256,1
57.111096055614,72,24.0999811515212,33.0111149040928,1,C,257,1
66.8516148183514,32.6370977068758,24.3249769834802,8.31212072339566,0,I,258,1
191.660064207877,72,24.340156163089,47.659843836911,0,C,259,1
102.704106454067,72,24.367368221283,47.632631778717,0,I,260,1
188.507455399109,72,24.5912825502455,47.4087174497545,0,C,261,1
58.7580904021569,33.5335216308102,24.6836972935125,8.84982433729772,0,I,262,1
46.4954613947433,37.9130958709602,24.6841059532017,13.2289899177585,0,C,263,1
34.0342167863367,72,24.6864377288148,9.34777905752194,1,I,264,1
85.5452528236032,30.6852100650552,24.7028082981706,5.98240176688467,0,C,265,1
161.284474177738,46.4196370538215,24.9568313034251,21.4628057503963,0,I,266,1
107.831406066609,72,25.0424784980714,46.9575215019286,0,C,267,1
61.6512637834572,72,25.3338185185567,36.3174452649006,1,I,268,1
118.977826969058,39.3601780242555,25.4269252019003,13.9332528223552,0,C,269,1
411.881463959292,72,25.7750779855996,46.2249220144004,0,I,270,1
317.449538386966,72,25.7879462884739,46.2120537115261,0,C,271,1
28.3965081452277,72,25.8280781004578,2.56843004476994,1,I,272,1
48.6796919382507,72,25.8769825519994,22.8027093862513,1,C,273,1
106.105971918164,72,25.9761272929609,46.0238727070391,0,I,274,1
143.914096843673,72,26.148247551173,45.851752448827,0,C,275,1
296.801253718488,72,26.1490537645295,45.8509462354705,0,I,276,1
52.6581770383221,72,26.1575029604137,26.5006740779084,1,C,277,1
592.193545733113,72,26.2680155178532,45.7319844821468,0,I,278,1
30.2184391290042,72,26.3121350063011,3.90630412270308,1,C,279,1
26.5585182171226,72,26.3566588656977,0.201859351424881,1,I,280,1
27.8434777170373,72,26.5430561313406,1.30042158569676,1,C,281,1
618.598717668787,72,26.5753543702886,45.4246456297115,0,I,282,1
123.906128233798,72,26.7568028066307,45.2431971933693,0,C,283,1
218.261435958516,72,26.7638997640461,45.2361002359539,0,I,284,1
43.1267389600088,72,26.8212844664231,16.3054544935857,1,C,285,1
265.116648222627,72,27.1082650590688,44.8917349409312,0,I,286,1
55.2269335113499,72,27.2789457812905,27.9479877300593,1,C,287,1
44.1598528185252,31.4374637056851,27.4523977562785,3.98506594940663,0,I,288,1
50.3821577467381,69.5377634518508,27.5127258477733,22.8694318989648,1,C,289,1
76.5080646597696,72,27.5622080080211,44.4377919919789,0,I,290,1
36.6326918374408,72,27.5744064152241,9.05828542221668,1,C,291,1
211.987251870947,72,27.6211623195559,44.3788376804441,0,I,292,1
130.243391244374,72,27.828157232143,44.171842767857,0,C,293,1
174.966999528702,72,27.848055632785,44.151944367215,0,I,294,1
69.7817018564165,35.7086466069976,27.9293260211125,7.77932058588511,0,C,295,1
36.0938679425831,50.1342738723879,27.9573506209999,8.13651732158312,1,I,296,1
118.283802244737,72,28.0871469760314,43.9128530239686,0,C,297,1
310.598736058285,72,28.1517254468054,43.8482745531946,0,I,298,1
178.308061435153,72,28.1964122643694,43.8035877356306,0,C,299,1
99.7508754904381,72,28.6019296897575,43.3980703102425,0,I,300,1
232.179518639853,72,28.6637172661722,43.3362827338278,0,C,301,1
353.399950324985,72,28.7558616092429,43.2441383907571,0,I,302,1
29.9528319521504,57.9678436113579,28.8767743762583,1.07605757589213,1,C,303,1
84.0492019824695,45.9181315412381,29.0477404883131,16.870391052925,0,I,304,1
278.982594766484,72,29.0542587591335,42.9457412408665,0,C,305,1
72.5241743948805,72,29.3096192926168,42.6903807073832,0,I,306,1
128.229653382013,72,29.468927225098,42.531072774902,0,C,307,1
107.053858291342,72,29.611563468352,42.388436531648,0,I,308,1
55.5526874822503,72,29.6684730565175,25.8842144257328,1,C,309,1
99.0663395311394,72,29.7524713911116,42.2475286088884,0,I,310,1
149.438939734891,72,29.7995286108926,42.2004713891074,0,C,311,1
107.13884809518,72,30.0566725758836,41.9433274241164,0,I,312,1
37.3858804576519,72,30.4007115354762,6.98516892217574,1,C,313,1
36.6966944224073,72,30.4603252932429,6.23636912916439,1,I,314,1
479.522336800997,72,30.5495715234429,41.4504284765571,0,C,315,1
71.4105707229601,72,30.5857946304604,40.8247760924997,1,I,316,1
80.3703111589224,72,30.6033784942701,41.3966215057299,0,C,317,1
80.8711557699425,72,30.6693917373195,41.3306082626805,0,I,318,1
92.8238840156948,72,30.7054411852732,41.2945588147268,0,C,319,1
45.8880126634924,72,30.7545628538355,15.1334498096569,1,I,320,1
88.396720325446,72,30.7565403683111,41.2434596316889,0,C,321,1
59.6061481333671,31.6008855789798,30.7957289926708,0.805156586309018,0,I,322,1
76.1624022881107,72,30.8496707724407,41.1503292275593,0,C,323,1
75.439327994455,72,30.9273836715147,41.0726163284853,0,I,324,1
108.374061376585,72,31.1382505344227,40.8617494655773,0,C,325,1
319.583429392315,72,31.195074794814,40.804925205186,0,I,326,1
34.7582649312411,72,31.4104303624481,3.34783456879304,1,C,327,1
450.772465881693,72,31.4625030197203,40.5374969802797,0,I,328,1
55.8888747651672,72,31.4645180571824,24.4243567079848,1,C,329,1
100.095280104576,72,31.6579185286537,40.3420814713463,0,I,330,1
162.799921472506,72,31.6640779701993,40.3359220298007,0,C,331,1
163.378932658762,60.2244865452067,31.8809168972075,28.3435696479992,0,I,332,1
224.809187345597,72,32.0851838914678,39.9148161085323,0,C,333,1
91.7930615505093,72,32.1540552657098,39.8459447342902,0,I,334,1
117.994653177879,72,32.157637286,39.8423627140001,0,C,335,1
192.702718401244,36.6614122603705,32.2042302461341,4.45718201423642,0,I,336,1
119.749644867211,72,32.2185130510479,39.7814869489521,0,C,337,1
205.371925308451,72,32.2392061958089,39.7607938041911,0,I,338,1
46.5810305062381,72,32.3044910375029,14.2765394687352,1,C,339,1
46.1861923298398,72,32.3766068648547,13.8095854649851,1,I,340,1
117.478856124226,72,32.4813791178167,39.5186208821833,0,C,341,1
197.935477728722,72,32.5264052627608,39.4735947372392,0,I,342,1
216.11863775904,72,32.5433015311137,39.4566984688863,0,C,343,1
96.2238434517309,72,32.7367610810325,39.2632389189675,0,I,344,1
139.52837316147,72,32.9593836050481,39.0406163949519,0,C,345,1
115.644105304968,72,33.1006670091301,38.8993329908699,0,I,346,1
104.618674881221,72,33.2172626629472,38.7827373370528,0,C,347,1
342.071360068908,72,33.3430904801935,38.6569095198065,0,I,348,1
134.135486456398,72,33.3797524357215,38.6202475642785,0,C,349,1
76.6665410160428,72,33.4743177518249,38.5256822481751,0,I,350,1
50.7511889297583,72,33.5261562885717,17.2250326411866,1,C,351,1
36.5324059894088,72,33.5294644860551,3.00294150335377,1,I,352,1
65.257320284445,72,33.5985289514065,31.6587913330385,1,C,353,1
40.8726988869451,39.3039879220533,33.6126127280295,5.69137519402377,0,I,354,1
69.6750944643344,66.8251445875527,33.7070530001074,33.1180915874453,0,C,355,1
53.0989259631304,59.5161959051301,33.7694720411673,19.3294539219631,1,I,356,1
127.886660562485,72,33.8583442568779,38.1416557431221,0,C,357,1
53.7138103771087,72,33.8615883886814,19.8522219884273,1,I,358,1
159.182930088249,72,34.1267304634675,37.8732695365325,0,C,359,1
92.3550810859451,72,34.2951943958178,37.7048056041822,0,I,360,1
78.6976179545784,72,34.3031411524862,37.6968588475138,0,C,361,1
356.420081337871,42.7837019271468,34.6361319394782,8.14756998766853,0,I,362,1
261.872727148762,72,34.7400598973036,37.2599401026964,0,C,363,1
68.8280547686249,72,34.7716604964808,34.0563942721441,1,I,364,1
147.309690929086,72,34.8643738310784,37.1356261689216,0,C,365,1
99.3808011738063,72,34.9172929069027,37.0827070930973,0,I,366,1
99.0253778198458,72,35.1935844216496,36.8064155783504,0,C,367,1
79.616927585816,51.3223164068627,35.2060305140913,16.1162858927714,0,I,368,1
110.75922133945,72,35.256077167578,36.743922832422,0,C,369,1
102.922307275081,72,35.2850208291784,36.7149791708216,0,I,370,1
61.1125261210903,72,35.3939772723243,25.718548848766,1,C,371,1
264.579197816669,72,35.3995371144265,36.6004628855735,0,I,372,1
264.02430328766,72,35.6247525941581,36.375247405842,0,C,373,1
81.1626081135171,72,35.6593140168116,36.3406859831885,0,I,374,1
267.262705277395,72,35.6756872544065,36.3243127455935,0,C,375,1
87.2590313037137,72,36.0535981273279,35.9464018726721,0,I,376,1
299.972306792264,72,36.0687246406451,35.9312753593549,0,C,377,1
86.8850060732854,72,36.0734935384244,35.9265064615756,0,I,378,1
474.556459914192,72,36.0992759233341,35.9007240766659,0,C,379,1
386.025721586242,72,36.4487278042361,35.5512721957639,0,I,380,1
281.72937274264,72,36.5120102092624,35.4879897907376,0,C,381,1
82.2174027710141,43.4472972351806,36.6103161871433,6.83698104803726,0,I,382,1
64.5257823331308,72,36.7503408389166,27.7754414942142,1,C,383,1
329.039332379538,72,36.7914765514433,35.2085234485567,0,I,384,1
361.415083826073,72,36.8666127277538,35.1333872722462,0,C,385,1
55.9370735622033,59.071731926906,36.9827821757644,18.9542913864388,1,I,386,1
402.392923024493,72,37.0705192303285,34.9294807696715,0,C,387,1
283.252302606288,72,37.1153418067843,34.8846581932157,0,I,388,1
59.4919809287002,72,37.1473640855402,22.34461684316,1,C,389,1
100.27022772441,72,37.2101762378588,34.7898237621412,0,I,390,1
276.812626451708,72,37.2160069970414,34.7839930029586,0,C,391,1
103.157778631278,72,37.2452873876318,34.7547126123682,0,I,392,1
43.6555233960264,72,37.355354949832,6.30016844619444,1,C,393,1
265.580631567298,72,37.3697151616216,34.6302848383784,0,I,394,1
248.425529972975,72,37.5700406217948,34.4299593782052,0,C,395,1
40.0563148338968,72,37.6104091247544,2.44590570914246,1,I,396,1
107.502199559688,72,37.7533936919644,34.2466063080356,0,C,397,1
222.684435030337,72,37.9424004955217,34.0575995044783,0,I,398,1
163.934772727187,72,37.9500310868025,34.0499689131975,0,C,399,1
50.6494155279922,72,38.0274224001914,12.6219931278007,1,I,400,1
278.138856179898,72,38.1460950057954,33.8539049942046,0,C,401,1
84.2350390972771,72,38.2313562417403,33.7686437582597,0,I,402,1
50.932424960719,72,38.3372384123504,12.5951865483686,1,C,403,1
74.5352047337109,72,38.5147800296545,33.4852199703455,0,I,404,1
145.938051493794,72,38.5292718932033,33.4707281067967,0,C,405,1
206.378369435023,72,38.7466399278492,33.2533600721508,0,I,406,1
251.9600925702,72,38.7579180160537,33.2420819839463,0,C,407,1
98.8033712304499,72,38.8359511177987,33.1640488822013,0,I,408,1
121.489249008011,72,39.019191772677,32.980808227323,0,C,409,1
95.2106661264055,72,39.2211791686714,32.7788208313286,0,I,410,1
97.1506653151522,72,39.2888664454222,32.7111335545778,0,C,411,1
134.42912849058,72,39.4056426454335,32.5943573545665,0,I,412,1
99.348065278852,72,39.4224183959886,32.5775816040114,0,C,413,1
46.8783232454611,72,39.4538435898721,7.42447965558895,1,I,414,1
248.624885790608,72,39.8248036159202,32.1751963840798,0,C,415,1
150.144845387087,72,39.9569528969005,32.0430471030995,0,I,416,1
55.1188568817421,72,39.9685924267396,15.1502644550024,1,C,417,1
453.281502720052,72,40.0592092517763,31.9407907482237,0,I,418,1
74.4979477245543,72,40.0595772592351,31.9404227407649,0,C,419,1
281.982930961853,72,40.1996420323849,31.8003579676151,0,I,420,1
42.2583707366582,53.4052450370992,40.3305383725092,1.92783236414903,1,C,421,1
64.5402602031709,72,40.3635048028082,24.1767554003628,1,I,422,1
107.665026981556,72,40.3814364597201,31.6185635402799,0,C,423,1
212.20413546218,72,40.490068285726,31.509931714274,0,I,424,1
152.928264122834,72,40.5172788910568,31.4827211089432,0,C,425,1
88.6654500904098,72,40.5262301489711,31.4737698510289,0,I,426,1
65.4126140229455,72,40.5412203026935,24.8713937202519,1,C,427,1
231.998600805927,72,40.5939149111509,31.4060850888491,0,I,428,1
146.515819423677,72,40.6932176789269,31.3067823210731,0,C,429,1
110.376025439417,72,40.8037279034033,31.1962720965967,0,I,430,1
80.1619770424904,72,40.9786459151655,31.0213540848345,0,C,431,1
103.1667629898,72,41.0588120436296,30.9411879563704,0,I,432,1
201.026113558244,72,41.0629552323371,30.9370447676629,0,C,433,1
45.2057555042785,72,41.0732691781595,4.132486326119,1,I,434,1
67.3298533650082,72,41.1993386456743,26.1305147193339,1,C,435,1
65.7271356927885,72,41.2024149857461,24.5247207070423,1,I,436,1
151.756714747066,72,41.285091843456,30.714908156544,0,C,437,1
47.3622695411889,72,41.3172924611717,6.04497708001716,1,I,438,1
99.2022686746859,72,41.371031482704,30.628968517296,0,C,439,1
549.041768661963,72,41.7960255313665,30.2039744686335,0,I,440,1
97.9291872901485,49.3365745819558,41.8929081643,7.44366641765574,0,C,441,1
206.039903907526,72,41.9652617163956,30.0347382836044,0,I,442,1
113.579289029863,72,42.0906384615228,29.9093615384772,0,C,443,1
188.515759547433,72,42.1607311908156,29.8392688091844,0,I,444,1
93.3933044787299,72,42.2384331934154,29.7615668065846,0,C,445,1
188.93236449572,72,42.3342627100647,29.6657372899354,0,I,446,1
51.4795531437698,72,42.3609141027555,9.11863904101426,1,C,447,1
287.137038942138,72,42.8353916527703,29.1646083472297,0,I,448,1
298.896535955166,72,42.8447171626613,29.1552828373387,0,C,449,1
425.514903444166,72,42.9704129789025,29.0295870210975,0,I,450,1
66.9582168480321,72,43.1877248128876,23.7704920351445,1,C,451,1
78.2291358854078,72,43.1890452699736,28.8109547300264,0,I,452,1
82.9643655130011,72,43.2237232849002,28.7762767150998,0,C,453,1
113.037832067612,72,43.2556680450216,28.7443319549784,0,I,454,1
74.1627533905781,49.8862337827467,43.5722274100408,6.31400637270589,0,C,455,1
86.834542669711,72,43.6150870285928,28.3849129714072,0,I,456,1
74.1380843843766,46.5951530614831,43.726942925714,2.86821013576916,0,C,457,1
129.829821752546,72,43.7358412938193,28.2641587061808,0,I,458,1
123.122139116492,72,43.797635184601,28.2023648153991,0,C,459,1
160.901118679569,67.7577421463731,43.850956899114,23.9067852472591,0,I,460,1
675.855789994229,72,44.0532192215323,27.9467807784677,0,C,461,1
59.4376897519492,72,44.0922016091645,15.3454881427848,1,I,462,1
169.374029244576,65.8352307145617,44.2062578955665,21.6289728189952,0,C,463,1
91.0423781871452,72,44.3144104443491,27.685589555651,0,I,464,1
47.1914290253059,72,44.518587780185,2.67284124512084,1,C,465,1
178.738492922975,72,44.5342339854687,27.4657660145313,0,I,466,1
361.191887854405,72,44.5550118153915,27.4449881846085,0,C,467,1
353.813332617981,72,44.8014655709267,27.1985344290733,0,I,468,1
63.4440327608695,72,44.8215629300103,18.6224698308592,1,C,469,1
92.1556226289104,72,44.9919454660267,27.0080545339733,0,I,470,1
330.907197084802,72,45.031824382022,26.968175617978,0,C,471,1
205.864758812853,72,45.1922857761383,26.8077142238617,0,I,472,1
52.9818689178091,72,45.192709621042,7.78915929676706,1,C,473,1
384.510971470621,72,45.4102264344692,26.5897735655308,0,I,474,1
48.7320579319599,72,45.4828507779166,3.24920715404326,1,C,475,1
90.6467842955364,72,45.4868036415428,26.5131963584572,0,I,476,1
70.5186156194106,72,45.4930416494608,25.0255739699498,1,C,477,1
333.708926685064,72,45.4965955903754,26.5034044096246,0,I,478,1
66.8138328308985,72,45.5315273534507,21.2823054774478,1,C,479,1
186.783340666066,72,45.6046144478023,26.3953855521977,0,I,480,1
244.996948649426,72,45.6794318603352,26.3205681396648,0,C,481,1
89.524309859191,72,45.6804823502898,26.3195176497102,0,I,482,1
344.593584260123,72,45.6812552316114,26.3187447683886,0,C,483,1
104.184529196096,72,45.7007561484352,26.2992438515648,0,I,484,1
80.5005511475862,72,45.7408929616213,26.2591070383787,0,C,485,1
48.4463341612912,72,46.0302127897739,2.41612137151726,1,I,486,1
46.6594181777784,72,46.2596363201737,0.399781857604657,1,C,487,1
134.465568265254,72,46.2813121033832,25.7186878966168,0,I,488,1
207.050779234882,72,46.2951007112861,25.7048992887139,0,C,489,1
120.511688719562,72,46.2968215998262,25.7031784001738,0,I,490,1
68.4684291658087,72,46.4917094400153,21.9767197257935,1,C,491,1
190.007863396698,72,46.5665443288162,25.4334556711838,0,I,492,1
67.5960323727605,72,46.6267667384818,20.9692656342787,1,C,493,1
57.6985189343677,72,46.6306301392615,11.0678887951062,1,I,494,1
88.7489916179901,72,46.717501860112,25.2824981398881,0,C,495,1
88.5549411679512,53.9442700622028,46.7388837877661,7.20538627443666,0,I,496,1
597.295155028041,72,46.7710055736825,25.2289944263175,0,C,497,1
258.583782943242,72,46.8856302509084,25.1143697490916,0,I,498,1
57.4319417327123,72,46.9798518810421,10.4520898516702,1,C,499,1
268.898092007078,72,47.0954940514639,24.9045059485361,0,I,500,1
197.234346566369,72,47.1873188205063,24.8126811794937,0,C,501,1
52.3353945892035,72,47.2165415575728,5.11885303163075,1,I,502,1
584.334322641722,72,47.3988868994638,24.6011131005362,0,C,503,1
63.251083200634,72,47.4590708920732,15.7920123085608,1,I,504,1
178.761035440428,70.4361699353804,47.5424677412957,22.8937021940847,0,C,505,1
435.310705065097,72,47.5444122590125,24.4555877409875,0,I,506,1
230.701575008063,72,47.5445995526388,24.4554004473612,0,C,507,1
115.161107431863,52.7321735408392,47.7127463417128,5.01942719912644,0,I,508,1
153.368728300718,72,47.7521047415212,24.2478952584788,0,C,509,1
137.81769866825,72,47.833236772567,24.166763227433,0,I,510,1
254.790543531882,72,47.8485977975652,24.1514022024348,0,C,511,1
180.12143881377,72,48.0234152125195,23.9765847874805,0,I,512,1
436.10111944552,72,48.1410230509937,23.8589769490063,0,C,513,1
54.0721197344388,72,48.2360582146794,5.83606151975946,1,I,514,1
93.7083825274306,72,48.2840805407614,23.7159194592387,0,C,515,1
131.425999820961,72,48.3221615944058,23.6778384055942,0,I,516,1
123.215410315207,72,48.4726239508018,23.5273760491982,0,C,517,1
75.4612428250153,72,48.4974822448567,23.5025177551433,0,I,518,1
148.498533762354,63.7848432372234,48.5106848459691,15.2741583912543,0,C,519,1
77.5849553406154,72,48.7018720339984,23.2981279660016,0,I,520,1
55.3157236707882,72,48.9930514153093,6.32267225547887,1,C,521,1
158.9516072949,72,49.2034048726782,22.7965951273218,0,I,522,1
135.27358994073,72,49.2910415260121,22.7089584739879,0,C,523,1
54.8555943110834,72,49.4595623016357,5.39603200944765,1,I,524,1
113.283876820481,72,49.5311573334038,22.4688426665962,0,C,525,1
53.434571663954,72,49.5896769454703,3.84489471848374,1,I,526,1
171.545754280346,72,49.5910129090771,22.4089870909229,0,C,527,1
182.284374426651,72,49.9002856342122,22.0997143657878,0,I,528,1
76.1537943841452,61.7575825540522,50.0443056877703,11.7132768662819,0,C,529,1
148.606650928518,72,50.0661641545594,21.9338358454406,0,I,530,1
117.484401758411,72,50.1127410773188,21.8872589226812,0,C,531,1
97.2470140630087,72,50.1261417428032,21.8738582571968,0,I,532,1
104.039067969411,72,50.1800894876942,21.8199105123058,0,C,533,1
69.2116455085047,72,50.2649107994512,18.9467347090535,1,I,534,1
77.5364451194409,72,50.3160120081157,21.6839879918844,0,C,535,1
73.2620594142924,71.2232654070797,50.5426184087992,20.6806469982805,0,I,536,1
59.6047888526154,72,50.823297360912,8.78149149170345,1,C,537,1
96.2404045224829,72,50.8234935253859,21.1765064746141,0,I,538,1
93.0193752090116,53.9857360888661,50.9007533965632,3.08498269230284,0,C,539,1
230.409881299505,72,51.0308576049283,20.9691423950717,0,I,540,1
148.965790958868,72,51.0967681696639,20.9032318303362,0,C,541,1
53.836073249454,72,51.1223072838038,2.71376596565014,1,I,542,1
68.0526937766713,72,51.1491002328694,16.9035935438019,1,C,543,1
270.443020099507,72,51.2342353770509,20.7657646229491,0,I,544,1
494.887001720839,72,51.5243742847815,20.4756257152185,0,C,545,1
113.166624035252,72,51.6251273872331,20.3748726127669,0,I,546,1
80.4936418102934,72,51.6406408231705,20.3593591768295,0,C,547,1
90.6040871058228,72,51.8156998464838,20.1843001535162,0,I,548,1
65.5780429472841,72,51.8209332833067,13.7571096639774,1,C,549,1
86.9602154768812,72,51.9796099048108,20.0203900951892,0,I,550,1
103.76198738107,72,52.0162787893787,19.9837212106213,0,C,551,1
121.399899576407,72,52.0928082056344,19.9071917943656,0,I,552,1
85.9485755541523,72,52.3906714562327,19.6093285437673,0,C,553,1
132.279887916727,72,52.4833625089377,19.5166374910623,0,I,554,1
222.591197302786,55.9987779150023,52.9140261467546,3.08475176824771,0,C,555,1
250.336563550437,72,52.9246872151271,19.075312784873,0,I,556,1
54.8958836581097,72,53.461432736367,1.43445092174267,1,C,557,1
95.2234607621652,72,53.4878444485366,18.5121555514634,0,I,558,1
62.9234913348728,72,53.5487185232341,9.37477281163863,1,C,559,1
64.4647372324566,72,53.5793942352757,10.8853429971809,1,I,560,1
197.294663806513,72,54.1029160888866,17.8970839111134,0,C,561,1
59.4524170874735,66.082251440103,54.1416584188119,5.31075866866168,1,I,562,1
142.690608173113,72,54.3393605807796,17.6606394192204,0,C,563,1
200.938316510752,72,54.4241466047242,17.5758533952758,0,I,564,1
59.3485710370476,72,54.5388728845865,4.8096981524611,1,C,565,1
72.3699815553065,72,54.7701206244528,17.2298793755472,0,I,566,1
56.1447910953839,72,54.8645614692941,1.28022962608977,1,C,567,1
555.812446010272,72,54.9157043779269,17.0842956220731,0,I,568,1
149.527957188225,72,54.9194862507284,17.0805137492716,0,C,569,1
137.550679004162,72,54.9717174097896,17.0282825902104,0,I,570,1
136.674678582458,72,55.2804619492963,16.7195380507037,0,C,571,1
68.695053680116,72,55.4291206179187,13.2659330621973,1,I,572,1
345.414084401513,72,55.4410993074998,16.5589006925002,0,C,573,1
61.7274533752376,72,55.5631484789774,6.16430489626021,1,I,574,1
182.396041141029,72,55.5741123575717,16.4258876424283,0,C,575,1
125.069348697519,72,55.6850426830351,16.3149573169649,0,I,576,1
323.190799779152,72,55.9599385969341,16.0400614030659,0,C,577,1
177.743384972569,72,56.0161112202331,15.9838887797669,0,I,578,1
103.2215667209,72,56.0530235571787,15.9469764428213,0,C,579,1
76.3025493785102,72,56.0969964740798,15.9030035259202,0,I,580,1
100.039728839637,72,56.3316917605698,15.6683082394302,0,C,581,1
175.975797668174,61.9911045971124,56.3662931788713,5.62481141824109,0,I,582,1
211.326497419089,72,56.5533363400027,15.4466636599973,0,C,583,1
74.5697296331487,72,56.5590864792466,15.4409135207534,0,I,584,1
79.5243727314486,72,56.6814243653789,15.3185756346211,0,C,585,1
220.171364905709,72,56.779499812983,15.220500187017,0,I,586,1
125.947380667722,72,56.7801774200052,15.2198225799948,0,C,587,1
207.445270708573,72,56.8797390349209,15.1202609650791,0,I,588,1
72.0929132076707,64.6827976061777,56.9520601350814,7.73073747109628,0,C,589,1
297.026502812978,72,57.0131644047797,14.9868355952203,0,I,590,1
60.9888252301058,72,57.1356973377988,3.85312789230706,1,C,591,1
105.74515758524,72,57.1905624680221,14.8094375319779,0,I,592,1
332.384307306217,72,57.5140698580071,14.4859301419929,0,C,593,1
88.7453538805403,72,57.6913040969521,14.3086959030479,0,I,594,1
471.084889517803,72,57.6927929045633,14.3072070954368,0,C,595,1
78.5433801863395,72,57.788303475827,14.211696524173,0,I,596,1
165.521781836971,72,57.7969517698512,14.2030482301489,0,C,597,1
59.8266353714345,72,57.8517106454819,1.97492472595258,1,I,598,1
271.644260951335,72,57.9099813150242,14.0900186849758,0,C,599,1
65.7295915667548,72,57.918139337562,7.81145222919277,1,I,600,1
471.450141933569,72,58.0935092736036,13.9064907263964,0,C,601,1
96.2583088514714,72,58.2100605452433,13.7899394547567,0,I,602,1
202.724841250691,72,58.2232253160328,13.7767746839672,0,C,603,1
695.077589259083,72,58.4258299134672,13.5741700865328,0,I,604,1
148.025668244059,72,58.7338517513126,13.2661482486874,0,C,605,1
80.5637351704641,72,58.7387857027352,13.2612142972648,0,I,606,1
72.5748270298516,70.9152857520987,58.8670356664807,12.048250085618,0,C,607,1
370.086641879014,72,58.9360434003174,13.0639565996826,0,I,608,1
60.5516746716858,72,59.1436062427238,1.40806842896207,1,C,609,1
126.155590801826,72,59.1445716843009,12.8554283156991,0,I,610,1
168.124656853416,72,59.3591249501333,12.6408750498667,0,C,611,1
92.0704639976683,72,59.3871284974739,12.6128715025261,0,I,612,1
97.967449318535,72,59.4147707009688,12.5852292990312,0,C,613,1
228.628787367945,72,59.4755405047908,12.5244594952092,0,I,614,1
209.412647067936,72,59.722126275301,12.277873724699,0,C,615,1
162.933564584729,72,59.8018812714145,12.1981187285855,0,I,616,1
191.871909591433,72,59.8067627241835,12.1932372758165,0,C,617,1
245.532341452818,72,59.847382963635,12.152617036365,0,I,618,1
150.826250926452,72,59.8565422184765,12.1434577815235,0,C,619,1
448.528847090063,72,59.8716891836375,12.1283108163625,0,I,620,1
27.3135707043294,72,0.0144103774800897,27.2991603268494,1,C,1,2
43.9196026371503,72,0.0226275064051151,43.8969751307452,1,I,2,2
26.0901992692117,68.5671096648686,0.0253993319347501,26.0647999372769,1,C,3,2
11.5634974554517,2.78078201180906,0.0613004341721535,2.7194815776369,0,I,4,2
41.4080839731632,10.892532517808,0.10138001292944,10.7911525048786,0,C,5,2
166.773063358584,72,0.418812031857669,71.5811879681423,0,I,6,2
113.385790103357,72,0.457734502851963,71.542265497148,0,C,7,2
11.2297177712329,72,0.495341964997351,10.7343758062355,1,I,8,2
53.1244423667775,72,0.559021169319749,52.5654211974578,1,C,9,2
99.5062791673069,72,0.583838727325201,71.4161612726748,0,I,10,2
218.916066608294,72,0.673779495991767,71.3262205040082,0,C,11,2
12.0068520231588,72,0.695089953951538,11.3117620692073,1,I,12,2
140.306004933742,72,0.814891140908003,71.185108859092,0,C,13,2
76.2098219999304,72,0.839135753922164,71.1608642460778,0,I,14,2
70.0448818339002,72,1.04032576549798,69.0045560684022,1,C,15,2
210.454701474934,50.8320415840128,1.17191172670573,49.6601298573071,0,I,16,2
4.09472250806279,72,1.1829946981743,2.9117278098885,1,C,17,2
101.747972707391,72,1.26700427848846,70.7329957215115,0,I,18,2
275.32548203888,19.0162396671524,1.37909911572933,17.6371405514231,0,C,19,2
96.8139656980686,72,1.40805561561137,70.5919443843886,0,I,20,2
4.02109301137045,72,1.47492703981698,2.54616597155348,1,C,21,2
614.17611732771,10.7138313575104,1.60761997103691,9.10621138647345,0,I,22,2
329.403870341974,72,1.6665699519217,70.3334300480783,0,C,23,2
81.5099857008315,72,1.69471784960479,70.3052821503952,0,I,24,2
6.32989850486865,4.66402709307721,1.71524126082659,2.94878583225063,0,C,25,2
97.4016693988654,72,1.75440299324691,70.2455970067531,0,I,26,2
221.139365256028,72,1.80504886899143,70.1949511310086,0,C,27,2
63.6663584110488,72,1.87991978600621,61.7864386250426,1,I,28,2
58.5041412037245,65.0816708483058,1.89491981640458,56.6092213873199,1,C,29,2
54.9055926900259,72,2.34943668823689,52.556156001789,1,I,30,2
2.62885709554098,19.0417720396663,2.35829451587051,0.27056257967047,1,C,31,2
237.307901422445,72,2.36314533278346,69.6368546672165,0,I,32,2
177.653968088347,11.9000607783859,2.36614875029773,9.53391202808822,0,C,33,2
49.3829059293751,72,2.40001038182527,46.9828955475499,1,I,34,2
98.1231017542397,19.7294059858803,2.67793871462345,17.0514672712568,0,C,35,2
102.663859376387,72,2.72230067756027,69.2776993224397,0,I,36,2
101.983902128111,72,2.86118885502219,69.1388111449778,0,C,37,2
194.108815243804,72,2.93661096598953,69.0633890340105,0,I,38,2
24.9583835139929,56.7113107307505,3.04389938246459,21.9144841315283,1,C,39,2
22.6506006551917,72,3.41914888937026,19.2314517658214,1,I,40,2
45.4168315806889,61.8086548472898,3.48372923210263,41.9331023485863,1,C,41,2
252.600990535568,72,3.59502702020109,68.4049729797989,0,I,42,2
215.25501729428,72,3.62304033245891,68.3769596675411,0,C,43,2
24.2514927536079,70.4428519787866,3.80147648043931,20.4500162731686,1,I,44,2
211.588008195488,72,3.86322614271194,68.1367738572881,0,C,45,2
266.613694032829,72,3.92864710651338,68.0713528934866,0,I,46,2
42.5761507789482,17.8772692314009,4.18450891971588,13.692760311685,0,C,47,2
129.082489721885,46.7176172541878,4.63886149227619,42.0787557619116,0,I,48,2
68.1551958529603,23.0534418517743,5.13964767102152,17.9137941807528,0,C,49,2
118.820007040229,51.0545748306091,5.4450222523883,45.6095525782208,0,I,50,2
188.036827203644,72,5.47275493852794,66.5272450614721,0,C,51,2
9.23290996560968,25.72043293914,5.48125064000487,3.75165932560481,1,I,52,2
42.933655815555,55.4764009187264,5.5052070133388,37.4284488022162,1,C,53,2
22.4723212926829,72,5.56403433904052,16.9082869536424,1,I,54,2
178.749304844163,72,5.67328875884414,66.3267112411559,0,C,55,2
188.787996146865,72,5.81434214953333,66.1856578504667,0,I,56,2
118.689119949981,18.686231029424,5.96235061995685,12.7238804094672,0,C,57,2
409.68180891231,72,6.01208218373358,65.9879178162664,0,I,58,2
8.83292118947343,72,6.0360464360565,2.79687475341693,1,C,59,2
100.600630703799,72,6.09292332082987,65.9070766791701,0,I,60,2
55.3816616015559,61.3479131395861,6.1615308187902,49.2201307827657,1,C,61,2
83.6177238479836,72,6.18854362517595,65.8114563748241,0,I,62,2
41.9835268217727,72,6.19798673316836,35.7855400886043,1,C,63,2
14.5879144696496,72,6.34059151634574,8.2473229533039,1,I,64,2
10.7497381094071,72,6.41291119158268,4.33682691782444,1,C,65,2
47.7640487728362,72,6.43580304924399,41.3282457235922,1,I,66,2
81.4037433616349,72,6.47954469546676,65.5204553045332,0,C,67,2
43.6280306116756,72,6.48559056222439,37.1424400494512,1,I,68,2
20.7187553003506,72,6.74680753145367,13.9719477688969,1,C,69,2
44.8052292970746,72,6.91584262065589,37.8893866764187,1,I,70,2
15.5049023790856,56.80329515697,7.06168944016099,8.44321293892458,1,C,71,2
101.018346255728,72,7.14296917431057,64.8570308256894,0,I,72,2
77.3919356395589,72,7.25007112137973,64.7499288786203,0,C,73,2
31.1770146395081,72,7.42281868122518,23.7541959582829,1,I,74,2
398.07352284357,35.3012692222635,7.67686106264591,27.6244081596176,0,C,75,2
12.9729942693028,72,7.72280399221927,5.25019027708356,1,I,76,2
76.8213695304281,72,7.82305522821844,64.1769447717816,0,C,77,2
10.6389816011495,72,7.9468736378476,2.69210796330191,1,I,78,2
60.2682269214468,72,8.05673468392342,52.2114922375234,1,C,79,2
31.0379957385286,72,8.09301041532308,22.9449853232055,1,I,80,2
127.078243433378,28.111294058661,8.1357802497223,19.9755138089387,0,C,81,2
20.4733928343369,8.76002801675768,8.14247692935169,0.617551087405989,0,I,82,2
308.709194977088,72,8.46597129944712,63.5340287005529,0,C,83,2
534.201513719229,72,8.48186489660293,63.5181351033971,0,I,84,2
29.9290107230635,72,8.52183822076768,21.4071725022958,1,C,85,2
107.902366191226,72,9.00097566191107,62.9990243380889,0,I,86,2
27.6063148667139,72,9.11615981720388,18.49015504951,1,C,87,2
49.6596664546823,72,9.1680503077805,40.4916161469018,1,I,88,2
33.1637276898847,72,9.1757655562833,23.9879621336014,1,C,89,2
68.1097778850167,72,9.1828909702599,58.9268869147568,1,I,90,2
118.304486719179,72,9.33766046538949,62.6623395346105,0,C,91,2
120.255242630124,72,9.38163327053189,62.6183667294681,0,I,92,2
141.898614732693,72,9.40015914849937,62.5998408515006,0,C,93,2
68.6189924429955,72,9.53553259838372,59.0834598446118,1,I,94,2
13.1980374519994,72,9.6706915134564,3.52734593854303,1,C,95,2
83.8183371176653,72,9.71288956236094,62.2871104376391,0,I,96,2
161.049477905002,72,9.77572019677609,62.2242798032239,0,C,97,2
171.143313635675,72,9.89318469073623,62.1068153092638,0,I,98,2
108.699760652073,41.8685822547069,9.94408235885203,31.9244998958549,0,C,99,2
57.4630181901272,28.3784348132588,10.0155199924484,18.3629148208104,0,I,100,2
87.1438151280367,17.9301011157833,10.1047665718943,7.825334543889,0,C,101,2
47.3470987065937,72,10.1307803532109,37.2163183533828,1,I,102,2
243.333248438211,72,10.3222913201898,61.6777086798102,0,C,103,2
42.6737218395614,72,10.3531118296087,32.3206100099528,1,I,104,2
55.4104215222539,19.7683374887667,10.4552005743608,9.31313691440592,0,C,105,2
48.9233279018143,72,10.6470783194527,38.2762495823616,1,I,106,2
13.1592251535733,52.8678969940982,10.9035556297749,2.2556695237984,1,C,107,2
136.896933690895,42.4002403975539,10.9908646484837,31.4093757490702,0,I,108,2
44.1002977468085,72,11.2840531999245,32.816244546884,1,C,109,2
14.1541339714514,72,11.3536295061931,2.80050446525827,1,I,110,2
68.6572930190149,72,11.5110021689907,57.1462908500243,1,C,111,2
313.714528729046,72,11.5211361693218,60.4788638306782,0,I,112,2
12.1371576412685,72,11.5326174348593,0.604540206409222,1,C,113,2
214.305460627437,51.1951627656819,11.5788279566914,39.6163348089905,0,I,114,2
107.05022191342,71.7370803704173,11.5886126831174,60.1484676872999,0,C,115,2
64.7901384481784,26.6298144340829,11.6475239954889,14.982290438594,0,I,116,2
180.041338205942,60.6089496872718,11.6674194345251,48.9415302527468,0,C,117,2
270.874346103635,52.775246858987,11.7614791961387,41.0137676628483,0,I,118,2
22.9094373271206,72,11.855104258284,11.0543330688366,1,C,119,2
70.7568176993766,72,11.8948085093871,58.8620091899895,1,I,120,2
101.176053263178,72,11.9029478123412,60.0970521876589,0,C,121,2
169.278061544876,72,11.9498146791011,60.0501853208989,0,I,122,2
113.741974366267,72,12.0766200777143,59.9233799222857,0,C,123,2
343.976085868294,72,12.166427699849,59.833572300151,0,I,124,2
264.022328174344,72,12.2225140174851,59.7774859825149,0,C,125,2
64.3595136950316,72,12.6009619329125,51.7585517621191,1,I,126,2
66.3865041879266,72,12.6474460540339,53.7390581338927,1,C,127,2
42.2581196146635,72,12.7723047696054,29.4858148450581,1,I,128,2
132.425586365157,71.4829540446407,12.8831165609881,58.5998374836525,0,C,129,2
199.724072801576,72,13.0428211251274,58.9571788748726,0,I,130,2
178.470469922395,72,13.0519790668041,58.948020933196,0,C,131,2
206.454872749345,72,13.3655640436336,58.6344359563664,0,I,132,2
25.5824241010335,37.8164621118804,13.3833050122485,12.199119088785,1,C,133,2
211.877072255064,72,13.3911809278652,58.6088190721348,0,I,134,2
284.088011945418,72,13.4413221711293,58.5586778288707,0,C,135,2
28.8581635707163,72,13.967696428299,14.8904671424174,1,I,136,2
136.966727854695,72,14.0091020939872,57.9908979060128,0,C,137,2
28.1218017333893,72,14.0147927356884,14.107008997701,1,I,138,2
86.8571893109211,72,14.0437347628176,57.9562652371824,0,C,139,2
16.4881867687595,72,14.1980042355135,2.29018253324598,1,I,140,2
99.2080996459558,53.2833872653685,14.2720120679587,39.0113751974097,0,C,141,2
176.90768857693,72,14.3440053937957,57.6559946062043,0,I,142,2
74.8789857047716,72,14.3530264310539,57.6469735689461,0,C,143,2
77.8742745595955,72,14.4485751120374,57.5514248879626,0,I,144,2
81.0177200278042,72,14.5164389815182,57.4835610184819,0,C,145,2
98.8922304115172,72,14.5913373213261,57.4086626786739,0,I,146,2
86.7499455558471,23.2590972731607,14.5953523088247,8.66374496433608,0,C,147,2
31.9805794675766,72,14.6295236935839,17.3510557739927,1,I,148,2
178.378655066929,72,14.7647896595299,57.2352103404701,0,C,149,2
107.174705320343,72,14.7684284392744,57.2315715607256,0,I,150,2
75.3555894621625,49.6869237171564,14.951034905389,34.7358888117674,0,C,151,2
105.584332037273,72,15.0522282952443,56.9477717047557,0,I,152,2
54.9198013214704,72,15.3442211123183,39.5755802091521,1,C,153,2
161.066103407666,72,15.4384994879365,56.5615005120635,0,I,154,2
129.638771711165,72,15.5094743007794,56.4905256992206,0,C,155,2
44.4052410950635,72,15.5422576144338,28.8629834806297,1,I,156,2
328.446233091573,72,15.6490194238722,56.3509805761278,0,C,157,2
154.209117173079,72,15.6846666801721,56.3153333198279,0,I,158,2
444.94836714854,72,15.9084478486329,56.0915521513671,0,C,159,2
185.565745615324,43.4576284521748,15.9701591357589,27.4874693164159,0,I,160,2
92.5874465972492,72,16.1579358251765,55.8420641748235,0,C,161,2
312.767498847574,72,16.2265033973381,55.7734966026619,0,I,162,2
20.4361936802628,72,16.2617379147559,4.17445576550685,1,C,163,2
148.102290169079,25.6810039202536,16.4063312206417,9.27467269961188,0,I,164,2
49.8185006137085,72,16.4168088510633,33.4016917626452,1,C,165,2
196.03297789153,68.292664085389,16.6835988359526,51.6090652494364,0,I,166,2
23.5099977447544,72,16.7187970876694,6.79120065708506,1,C,167,2
250.674881751333,72,16.7321984656155,55.2678015343845,0,I,168,2
319.81115485832,72,16.7880260339007,55.2119739660993,0,C,169,2
36.1327098070989,72,16.9422714225948,19.1904383845041,1,I,170,2
98.9091261650136,72,17.4146044487134,54.5853955512866,0,C,171,2
89.5328859677248,72,17.5568114966154,54.4431885033846,0,I,172,2
47.5793598747996,72,17.6333691319451,29.9459907428545,1,C,173,2
182.085328265504,72,17.7878344617784,54.2121655382216,0,I,174,2
481.48551775972,72,18.0781656363979,53.9218343636021,0,C,175,2
240.375057524928,72,18.2232807856053,53.7767192143947,0,I,176,2
351.144463359276,41.0054656503164,18.2829050347209,22.7225606155955,0,C,177,2
106.155871222617,72,18.2949308305979,53.7050691694021,0,I,178,2
47.5112324350192,72,18.4434557240456,29.0677767109736,1,C,179,2
163.268937345038,72,18.4516763174906,53.5483236825094,0,I,180,2
336.98647056234,72,18.5238599963486,53.4761400036514,0,C,181,2
168.28072466655,72,18.6056043114513,53.3943956885487,0,I,182,2
124.449005243328,23.5577510691819,18.6164965527132,4.94125451646873,0,C,183,2
231.753701109428,72,18.6254948750138,53.3745051249862,0,I,184,2
52.7943920547542,72,18.6986935744062,34.0956984803479,1,C,185,2
103.515684701122,72,18.7869453057647,53.2130546942353,0,I,186,2
78.31990869027,31.838994612693,18.9193223649636,12.9196722477294,0,C,187,2
43.712774742388,72,19.0388998109847,24.6738749314033,1,I,188,2
22.5948498189055,72,19.0863456157967,3.50850420310871,1,C,189,2
34.9803477075074,72,19.1780384257436,15.8023092817638,1,I,190,2
71.392277005304,72,19.2048014514148,52.1874755538891,1,C,191,2
99.4614628142408,72,19.2218767572194,52.7781232427806,0,I,192,2
26.4630330609884,72,19.3442025594413,7.11883050154706,1,C,193,2
220.832593939189,72,19.3654676573351,52.6345323426649,0,I,194,2
45.0710836347871,72,19.6814334578812,25.3896501769059,1,C,195,2
75.242875194158,72,19.747408577241,52.252591422759,0,I,196,2
35.7030045021619,24.9038007964589,20.0607548933476,4.84304590311124,0,C,197,2
45.4947904599112,44.9130316632744,20.1136563112959,24.7993753519785,0,I,198,2
159.227409003889,72,20.2719797613099,51.7280202386901,0,C,199,2
119.977740746391,72,20.6038114707917,51.3961885292083,0,I,200,2
59.4200355635131,29.2731631426861,20.7470789831132,8.52608415957292,0,C,201,2
20.9534527851654,72,20.7957831490785,0.157669636086929,1,I,202,2
43.7827164380473,47.4524217499868,20.8024005359039,22.9803159021434,1,C,203,2
120.122801952006,64.1649411712879,20.8576978370547,43.3072433342331,0,I,204,2
187.873719330856,72,20.9441509237513,51.0558490762487,0,C,205,2
552.697403835727,72,20.9708711318672,51.0291288681328,0,I,206,2
197.93963090415,72,21.1736716004089,50.8263283995912,0,C,207,2
276.129896205378,72,21.3628959842026,50.6371040157974,0,I,208,2
117.139761856402,62.5008826595326,21.4762106398121,41.0246720197206,0,C,209,2
78.9322649134634,72,21.4820868847892,50.5179131152108,0,I,210,2
47.5579515886691,72,21.4971315348521,26.060820053817,1,C,211,2
41.0977607486645,43.024234960738,21.5839817142114,19.5137790344531,1,I,212,2
456.863624165101,72,21.5970538789406,50.4029461210594,0,C,213,2
340.40948935373,72,21.7515080887824,50.2484919112176,0,I,214,2
40.5972248980451,50.3866203169856,22.0783295715228,18.5188953265224,1,C,215,2
36.5313050378613,72,22.1702733915299,14.3610316463313,1,I,216,2
176.401870052698,72,22.262897095643,49.737102904357,0,C,217,2
170.325018160497,42.8857045641861,22.3625229438767,20.5231816203094,0,I,218,2
108.209010954961,72,22.564004631713,49.435995368287,0,C,219,2
516.164512107669,28.4240446536131,22.5861717341468,5.83787291946634,0,I,220,2
57.7597612364757,48.1005785951427,22.6683379244059,25.4322406707368,0,C,221,2
292.224151796428,71.8481821526075,22.6748769544065,49.173305198201,0,I,222,2
228.348300039616,72,22.7189008612186,49.2810991387814,0,C,223,2
111.469371221678,72,22.7383242314681,49.2616757685319,0,I,224,2
58.6899703734392,72,22.9350725468248,35.7548978266143,1,C,225,2
96.3032249747694,72,22.9710752656683,49.0289247343317,0,I,226,2
74.0464166253603,72,23.0058829765767,48.9941170234233,0,C,227,2
94.7458442802043,72,23.0281778192148,48.9718221807852,0,I,228,2
76.2196125790516,72,23.1619179155678,48.8380820844323,0,C,229,2
79.6400968590561,72,23.6222004331648,48.3777995668352,0,I,230,2
86.4774460140027,72,23.7296208925545,48.2703791074455,0,C,231,2
122.603268945039,72,23.7865137169138,48.2134862830862,0,I,232,2
337.285021066235,72,23.8401839369908,48.1598160630092,0,C,233,2
294.545714366026,72,23.9054764900357,48.0945235099644,0,I,234,2
26.0245872301352,72,24.0977796725929,1.92680755754227,1,C,235,2
27.3321221368125,72,24.1002327762544,3.23188936055809,1,I,236,2
51.632955830491,72,24.1052610240877,27.5276948064033,1,C,237,2
93.7674522773286,72,24.3735176045448,47.6264823954552,0,I,238,2
68.6629501985872,72,24.5089242467657,44.1540259518215,1,C,239,2
36.6150099266367,72,24.5449254149571,12.0700845116796,1,I,240,2
26.6120148235822,72,24.8436235589907,1.7683912645915,1,C,241,2
79.6301279225383,68.8323217420678,25.0123010901734,43.8200206518943,0,I,242,2
166.029894188065,72,25.0589003087953,46.9410996912047,0,C,243,2
122.207510265979,72,25.1056712167338,46.8943287832663,0,I,244,2
158.978649980996,72,25.2244799444452,46.7755200555548,0,C,245,2
346.810802897533,72,25.2503153169528,46.7496846830472,0,I,246,2
112.773052507632,72,25.3222664957866,46.6777335042134,0,C,247,2
73.7055757201597,72,25.3258079476655,46.6741920523346,0,I,248,2
166.060663257483,72,25.4825676558539,46.5174323441461,0,C,249,2
197.157221255708,72,25.5552478367463,46.4447521632537,0,I,250,2
126.429317094187,72,25.5667879711837,46.4332120288163,0,C,251,2
77.1300737523364,46.1793641950241,25.6613218551502,20.5180423398739,0,I,252,2
84.8739472146954,72,26.0082529764622,45.9917470235378,0,C,253,2
49.9766421880141,72,26.0528811207041,23.9237610673099,1,I,254,2
181.85291635979,72,26.1227322695777,45.8772677304223,0,C,255,2
705.748791245542,51.4359333093126,26.1472076363862,25.2887256729264,0,I,256,2
170.524616960858,72,26.2484887428582,45.7515112571418,0,C,257,2
52.9809576028225,44.6027304087107,26.3861398212612,18.2165905874495,0,I,258,2
172.645003169617,72,26.4085126854479,45.5914873145521,0,C,259,2
52.8237575660776,72,26.4242742676288,26.3994832984488,1,I,260,2
37.015301617611,72,26.5818438353017,10.4334577823093,1,C,261,2
50.9656546025003,72,26.7820207122713,24.1836338902289,1,I,262,2
59.9357238143122,72,27.0333869336173,32.9023368806949,1,C,263,2
74.595150369546,72,27.0545456791297,44.9454543208703,0,I,264,2
151.706499597609,72,27.0609350502491,44.9390649497509,0,C,265,2
32.8811009102864,72,27.1281123301014,5.75298858018498,1,I,266,2
78.7294291753385,72,27.1419885708019,44.8580114291981,0,C,267,2
104.998763587663,72,27.2604381060228,44.7395618939772,0,I,268,2
36.4257469177624,72,27.4282886087894,8.99745830897295,1,C,269,2
144.298417599038,70.7993967338158,27.4586631730199,43.3407335607959,0,I,270,2
52.47280584022,72,27.5448352424428,24.9279705977772,1,C,271,2
101.628687633964,72,27.7316745417193,44.2683254582807,0,I,272,2
30.3571034366539,72,27.77320896741,2.5838944692439,1,C,273,2
59.3006532495099,72,27.8402955411002,31.4603577084096,1,I,274,2
229.266089535504,72,28.1880833068863,43.8119166931137,0,C,275,2
40.0781385345408,72,28.2639742037281,11.8141643308126,1,I,276,2
309.166076090591,72,28.4147017356008,43.5852982643992,0,C,277,2
85.3608502575741,72,28.8541927188635,43.1458072811365,0,I,278,2
58.1534230623184,72,28.8551615830511,29.2982614792673,1,C,279,2
54.2223972862686,72,29.0252324659377,25.1971648203309,1,I,280,2
291.234370571831,72,29.161254116334,42.838745883666,0,C,281,2
169.933124249596,72,29.2530368780717,42.7469631219283,0,I,282,2
69.82790597096,72,29.4696677941829,40.3582381767771,1,C,283,2
99.2860143449593,72,29.5671631582081,42.4328368417919,0,I,284,2
36.351937328486,72,29.5860924571753,6.76584487131078,1,C,285,2
123.166865545378,72,29.6460300078616,42.3539699921384,0,I,286,2
196.281108690363,50.7451133519912,29.7113260673359,21.0337872846553,0,C,287,2
286.687547031405,70.147908158023,29.7406040411443,40.4073041168788,0,I,288,2
85.8032632220715,72,29.7581827780232,42.2418172219768,0,C,289,2
209.776687038549,72,29.7990677179769,42.2009322820231,0,I,290,2
71.6639038413661,72,29.8265100829303,41.8373937584358,1,C,291,2
125.452210898987,72,29.8291515558958,42.1708484441042,0,I,292,2
181.615142841704,72,29.9740959098563,42.0259040901437,0,C,293,2
50.3577390053185,72,30.0663952203468,20.2913437849718,1,I,294,2
155.393513874709,72,30.1478779502213,41.8521220497787,0,C,295,2
221.890782101939,32.8442889353877,30.2316450560465,2.61264387934119,0,I,296,2
252.596065019742,72,30.306592527777,41.693407472223,0,C,297,2
91.6375817006747,72,30.5665802489966,41.4334197510034,0,I,298,2
34.1377300692195,72,30.601935214363,3.53579485485644,1,C,299,2
189.377856535623,72,30.6891370145604,41.3108629854396,0,I,300,2
90.0053461071432,72,30.776791437529,41.223208562471,0,C,301,2
151.136421068776,72,30.8205215726048,41.1794784273952,0,I,302,2
833.2862089906,72,30.8237175922841,41.1762824077159,0,C,303,2
90.124987460894,72,30.8913124445826,41.1086875554174,0,I,304,2
278.035641320242,45.2869625919761,30.8916942123324,14.3952683796437,0,C,305,2
130.192952019915,60.5827848755046,30.9061806695536,29.676604205951,0,I,306,2
507.867675060379,59.394002256694,31.0371802188456,28.3568220378484,0,C,307,2
43.700360208002,72,31.0538228368387,12.6465373711633,1,I,308,2
79.8399458894648,72,31.0611461056396,40.9388538943604,0,C,309,2
109.254121272303,72,31.0621738946065,40.9378261053935,0,I,310,2
107.852373964655,36.8418561146975,31.1578238988295,5.68403221586797,0,C,311,2
64.7319856113117,72,31.1759348865598,33.5560507247519,1,I,312,2
145.804163969177,72,31.2335793999955,40.7664206000045,0,C,313,2
272.703457499811,72,31.2461453257129,40.7538546742871,0,I,314,2
40.031640571765,72,31.2475237157196,8.78411685604542,1,C,315,2
139.828615200088,72,31.4071554969996,40.5928445030004,0,I,316,2
53.1630209787665,72,31.4358123578131,21.7272086209534,1,C,317,2
162.283897163463,34.397608001878,31.4544147346169,2.94319326726114,0,I,318,2
156.64132912796,72,31.633095452562,40.366904547438,0,C,319,2
64.3529299499219,44.552678658704,31.6576626431197,12.8950160155843,0,I,320,2
70.6551805234166,71.5309400716148,31.6663515055552,38.9888290178614,1,C,321,2
65.8249360154998,72,31.7891370551661,34.0357989603338,1,I,322,2
84.4623281516634,72,31.9830230483785,40.0169769516215,0,C,323,2
284.064142243809,72,31.9978953246027,40.0021046753973,0,I,324,2
99.8791535529568,72,32.1446485072374,39.8553514927626,0,C,325,2
33.9810796073187,72,32.1711959503591,1.80988365695955,1,I,326,2
105.659208355832,72,32.4624336278066,39.5375663721934,0,C,327,2
366.748701251138,56.9356491360544,32.7428272040561,24.1928219319983,0,I,328,2
112.611559695238,35.6695910194564,32.9199770791456,2.74961394031074,0,C,329,2
81.6946279746803,72,32.9733209917322,39.0266790082678,0,I,330,2
66.9278874270357,72,33.1962443562225,33.7316430708133,1,C,331,2
139.190081592263,58.1032403893106,33.3021075977013,24.8011327916094,0,I,332,2
38.6562288357586,72,33.3226436935365,5.33358514222206,1,C,333,2
88.4507824627792,72,33.527254764922,38.472745235078,0,I,334,2
198.614716282534,72,33.5550735890865,38.4449264109135,0,C,335,2
163.118812784659,72,33.6719054169953,38.3280945830047,0,I,336,2
72.1371873932694,70.5342423990256,33.9876046590507,36.5466377399749,0,C,337,2
171.34223594687,72,34.0394385159016,37.9605614840984,0,I,338,2
98.2587524177534,72,34.2483834782615,37.7516165217385,0,C,339,2
206.446194523468,72,34.2759871250019,37.7240128749982,0,I,340,2
58.3074459120902,72,34.5727461855859,23.7346997265043,1,C,341,2
235.415215192336,72,34.6770991338417,37.3229008661583,0,I,342,2
39.5788661859358,65.3197296001129,34.7047164151445,4.87414977079134,1,C,343,2
75.8829951981147,40.4672850671927,34.7109941532835,5.75629091390916,0,I,344,2
70.2121562161282,72,34.9391549360007,35.2730012801275,1,C,345,2
259.487119114591,72,35.1034448063001,36.8965551936999,0,I,346,2
269.468003662442,67.5965956284264,35.1146940328181,32.4819015956083,0,C,347,2
207.204956296102,72,35.2293876931071,36.7706123068929,0,I,348,2
182.972689807577,72,35.4435443133116,36.5564556866884,0,C,349,2
111.924041836801,72,35.4714763071388,36.5285236928612,0,I,350,2
363.093706385657,72,35.6392222456634,36.3607777543366,0,C,351,2
230.511341504631,56.7016006386731,35.6980634154752,21.0035372231979,0,I,352,2
67.458205346969,57.4767249244597,35.7328637922183,21.7438611322414,0,C,353,2
86.9069108887988,72,35.7976419338957,36.2023580661044,0,I,354,2
489.635168920654,72,35.8545650588349,36.1454349411652,0,C,355,2
63.100944946148,72,35.9180057700723,27.1829391760757,1,I,356,2
476.312327688773,72,35.9195058932528,36.0804941067472,0,C,357,2
45.8206826970195,58.4220156850046,35.9696781914681,9.8510045055514,1,I,358,2
75.0016070526738,48.583063259462,36.0725014284253,12.5105618310366,0,C,359,2
81.3940501815133,72,36.3570849504322,35.6429150495678,0,I,360,2
285.170199018485,72,36.5106478566304,35.4893521433696,0,C,361,2
137.193321750796,72,36.5472724847496,35.4527275152504,0,I,362,2
53.711936149146,72,36.6689573647454,17.0429787844006,1,C,363,2
47.2289951379154,72,36.694818274118,10.5341768637973,1,I,364,2
218.49925682613,72,36.9646020792425,35.0353979207575,0,C,365,2
294.993469702191,72,36.9698065565899,35.0301934434101,0,I,366,2
49.3695081793839,72,37.0358951808885,12.3336129984954,1,C,367,2
71.2161769924095,72,37.1397833526135,34.076393639796,1,I,368,2
295.198551245037,72,37.1633243467659,34.8366756532341,0,C,369,2
112.945393059123,72,37.1641106670722,34.8358893329278,0,I,370,2
121.533101654186,72,37.4123171344399,34.5876828655601,0,C,371,2
330.356376210286,72,37.7489824360237,34.2510175639764,0,I,372,2
159.036504567777,72,37.8480327269062,34.1519672730938,0,C,373,2
235.169538166826,72,38.0282691819593,33.9717308180407,0,I,374,2
106.452764300813,65.1417848573114,38.2035353081301,26.9382495491813,0,C,375,2
357.462932933293,72,38.2238414604217,33.7761585395783,0,I,376,2
78.181665893108,72,38.2677605934441,33.7322394065559,0,C,377,2
66.9021389214579,72,38.2971107633784,28.6050281580794,1,I,378,2
133.513853949108,72,38.3630708931014,33.6369291068986,0,C,379,2
234.581943753175,72,38.4686037758365,33.5313962241635,0,I,380,2
72.9780699760799,72,38.5715350834653,33.4284649165347,0,C,381,2
44.7608748481368,72,38.6390391318128,6.12183571632401,1,I,382,2
48.4633626360708,72,38.860050723888,9.60331191218279,1,C,383,2
49.4168552723265,72,38.8604958029464,10.5563594693801,1,I,384,2
135.949922167591,72,38.8794785225764,33.1205214774236,0,C,385,2
70.6239039009388,72,38.8906301697716,31.7332737311672,1,I,386,2
136.19662052556,72,38.8992844708264,33.1007155291736,0,C,387,2
69.3235203981527,72,38.9114381326363,30.4120822655165,1,I,388,2
52.8023791527147,72,38.990963534452,13.8114156182627,1,C,389,2
279.878995947243,58.1881821497259,39.0939432056621,19.0942389440639,0,I,390,2
54.2294792066265,72,39.109418336302,15.1200608703244,1,C,391,2
174.41768371075,72,39.2045122990385,32.7954877009615,0,I,392,2
461.209354408504,72,39.2342941649258,32.7657058350742,0,C,393,2
150.965252841695,72,39.2468688217923,32.7531311782077,0,I,394,2
58.81860587144,72,39.3208835832775,19.4977222881625,1,C,395,2
117.531164295902,72,39.4919252302498,32.5080747697502,0,I,396,2
157.090068644722,72,39.6404965594411,32.3595034405589,0,C,397,2
127.951252987269,72,39.6560706244782,32.3439293755218,0,I,398,2
192.033929213558,72,39.724517413415,32.275482586585,0,C,399,2
65.7460191065868,72,39.7437167912722,26.0023023153146,1,I,400,2
188.948293851711,72,39.7458320204169,32.2541679795831,0,C,401,2
572.86075946864,72,39.8145913565531,32.1854086434469,0,I,402,2
89.7415754918064,51.6801219365161,39.8269585333765,11.8531634031396,0,C,403,2
120.189825961801,72,39.8294405126944,32.1705594873056,0,I,404,2
226.861005391193,72,39.8550412477925,32.1449587522075,0,C,405,2
89.1298654267797,72,39.9129889626056,32.0870110373944,0,I,406,2
172.91640709208,72,39.9318133061752,32.0681866938248,0,C,407,2
89.3763816570763,72,39.9365392327309,32.0634607672691,0,I,408,2
106.492226099392,72,40.1385261397809,31.8614738602191,0,C,409,2
83.7734401836197,72,40.1462109060958,31.8537890939042,0,I,410,2
131.001456370945,52.2790588719705,40.5843255249783,11.6947333469922,0,C,411,2
313.451786471294,72,40.6354647735134,31.3645352264866,0,I,412,2
178.411082824937,72,40.8108201948926,31.1891798051074,0,C,413,2
220.590965192541,72,40.9749486716464,31.0250513283536,0,I,414,2
297.61041258148,72,41.0332690598443,30.9667309401557,0,C,415,2
115.819028397028,72,41.0768691077828,30.9231308922172,0,I,416,2
46.2285419977298,72,41.1406140262261,5.08792797150366,1,C,417,2
48.7514298575207,72,41.1762423114851,7.57518754603561,1,I,418,2
177.2060014053,72,41.2034973688424,30.7965026311576,0,C,419,2
159.377344642765,72,41.3319791061804,30.6680208938196,0,I,420,2
82.8173134051131,41.9665603688618,41.3977415068075,0.568818862054258,0,C,421,2
62.9599100908738,72,41.4779737964273,21.4819362944465,1,I,422,2
95.3092211576088,72,41.538381529972,30.461618470028,0,C,423,2
71.4782798153958,72,41.6692883055657,29.8089915098301,1,I,424,2
460.576057495217,72,41.8748026527464,30.1251973472536,0,C,425,2
730.772230654867,69.9175644513183,41.8938831612468,28.0236812900716,0,I,426,2
294.862112732495,72,41.8994172010571,30.1005827989429,0,C,427,2
304.5777754494,72,42.0046185236424,29.9953814763576,0,I,428,2
238.711341870965,72,42.0913873426616,29.9086126573384,0,C,429,2
257.097687064522,72,42.2438392415643,29.7561607584357,0,I,430,2
254.063103137492,72,42.2754078777507,29.7245921222493,0,C,431,2
223.106339886117,72,42.3200139915571,29.6799860084429,0,I,432,2
69.0843509932867,72,42.3274097079411,26.7569412853456,1,C,433,2
104.980500968062,72,43.1964521901682,28.8035478098318,0,I,434,2
88.0516562506689,72,43.253255202435,28.746744797565,0,C,435,2
49.3558173962344,72,43.3049999317154,6.05081746451901,1,I,436,2
193.344245121197,72,43.3320872252807,28.6679127747193,0,C,437,2
113.312340108779,72,43.4808226302266,28.5191773697734,0,I,438,2
69.2427659478817,72,43.4899766603485,25.7527892875332,1,C,439,2
232.361804340013,72,43.9572079153731,28.0427920846269,0,I,440,2
123.318488880387,72,44.1173791419715,27.8826208580285,0,C,441,2
87.2833662341197,72,44.1386710759252,27.8613289240748,0,I,442,2
53.1494902133179,72,44.3730573076755,8.77643290564242,1,C,443,2
231.257096874486,72,44.4212309690192,27.5787690309808,0,I,444,2
378.860777812095,72,44.43989333231,27.56010666769,0,C,445,2
111.242604891465,72,44.5158657850698,27.4841342149302,0,I,446,2
235.131068748954,70.364150290095,44.5463260961697,25.8178241939254,0,C,447,2
90.448830210943,72,44.568551746197,27.431448253803,0,I,448,2
170.915872267478,72,44.6842862572521,27.3157137427479,0,C,449,2
50.12680510663,72,44.9724897835404,5.15431532308965,1,I,450,2
160.679403369761,72,44.9845968000591,27.0154031999409,0,C,451,2
62.6086215612673,72,45.062104370445,17.5465171908223,1,I,452,2
103.498073684253,72,45.1057569449768,26.8942430550233,0,C,453,2
47.121868200614,72,45.2390146208927,1.88285357972128,1,I,454,2
89.5516098860579,72,45.2448786282912,26.7551213717088,0,C,455,2
71.4142330791021,72,45.2911797305569,26.1230533485452,1,I,456,2
46.0236844890772,72,45.4346463549882,0.589038134089011,1,C,457,2
67.9779866200834,72,45.5639116605744,22.414074959509,1,I,458,2
82.7516809530744,72,45.5997110763565,26.4002889236435,0,C,459,2
47.9049676148936,72,45.7690361235291,2.13593149136456,1,I,460,2
132.888493967635,72,45.8125056372955,26.1874943627045,0,C,461,2
242.989818543977,72,45.8395538292825,26.1604461707175,0,I,462,2
108.273579298352,72,45.8556494163349,26.1443505836651,0,C,463,2
234.181355155162,72,45.925092631951,26.074907368049,0,I,464,2
57.0789193006245,72,45.9639161964878,11.1150031041367,1,C,465,2
52.8044698576191,72,46.0308728087694,6.77359704884972,1,I,466,2
342.012523593055,72,46.0402669245377,25.9597330754623,0,C,467,2
52.4702256263951,72,46.1593600781634,6.31086554823166,1,I,468,2
53.4962638030351,72,46.1779577191919,7.31830608384319,1,C,469,2
151.470949261394,72,46.3884328957647,25.6115671042353,0,I,470,2
122.992666868955,72,46.4080260135233,25.5919739864767,0,C,471,2
62.7006456512403,72,46.4648553868756,16.2357902643647,1,I,472,2
81.6093846745935,72,46.6296469420195,25.3703530579805,0,C,473,2
162.761786270019,72,46.6397699061781,25.3602300938219,0,I,474,2
268.118666363641,72,46.8539397558197,25.1460602441803,0,C,475,2
183.310289698821,72,46.8932827049866,25.1067172950134,0,I,476,2
404.834075453832,72,47.1495995856822,24.8504004143179,0,C,477,2
465.699303226525,72,47.3709949012846,24.6290050987154,0,I,478,2
130.521906549409,72,47.3743228800595,24.6256771199405,0,C,479,2
50.1421306992075,72,47.6128350337967,2.52929566541081,1,I,480,2
82.0667812813726,72,47.6189986243844,24.3810013756156,0,C,481,2
69.8604518478158,53.1377885017509,47.6223401678726,5.51544833387825,0,I,482,2
59.7502266382728,64.358061927308,47.7272695396096,12.0229570986633,1,C,483,2
73.7096135476067,48.5389812887122,47.766662305221,0.772318983491196,0,I,484,2
96.4246692826695,72,47.8122681425884,24.1877318574116,0,C,485,2
233.180683950153,72,47.8501640958712,24.1498359041289,0,I,486,2
208.720897368646,72,48.1870338181034,23.8129661818966,0,C,487,2
318.438506623443,72,48.1925232382491,23.8074767617509,0,I,488,2
98.2975499009368,72,48.4727674908936,23.5272325091064,0,C,489,2
64.0807561514381,72,48.502881671302,15.5778744801361,1,I,490,2
407.136397353322,72,48.5307813249528,23.4692186750472,0,C,491,2
62.6513018560767,72,48.7080933339894,13.9432085220873,1,I,492,2
50.5925008842158,59.0816648054581,48.7087695579976,1.88373132621822,1,C,493,2
217.629954722365,72,48.7656163098291,23.2343836901709,0,I,494,2
469.464415198202,72,48.780602440238,23.219397559762,0,C,495,2
54.079876107556,72,48.7972013605759,5.28267474698018,1,I,496,2
194.974629607137,72,48.8074284698814,23.1925715301186,0,C,497,2
87.97681305335,72,48.8210683269426,23.1789316730574,0,I,498,2
450.914287489007,72,48.8320934632793,23.1679065367207,0,C,499,2
60.2401531769625,72,48.9123356854543,11.3278174915082,1,I,500,2
59.041503032898,72,49.2168037220836,9.82469931081438,1,C,501,2
325.743250474807,72,49.3980924412608,22.6019075587392,0,I,502,2
57.1920433763167,72,49.4045300222933,7.78751335402339,1,C,503,2
78.5501835661824,72,49.4409694103524,22.5590305896476,0,I,504,2
91.0288012111083,56.3292254841639,49.5724620390683,6.75676344509555,0,C,505,2
98.2708023019816,53.9916497503589,49.7402544273064,4.25139532305256,0,I,506,2
51.8092473265999,72,50.6125753233209,1.19667200327892,1,C,507,2
570.759770165505,72,50.8132601436228,21.1867398563772,0,I,508,2
184.412204051285,72,50.8334361528978,21.1665638471022,0,C,509,2
310.242511120158,72,51.0231070546433,20.9768929453567,0,I,510,2
101.949362736654,72,51.2230405211449,20.7769594788551,0,C,511,2
61.6879073830364,72,51.5210563782603,10.1668510047762,1,I,512,2
305.767438367271,72,51.5782242827117,20.4217757172883,0,C,513,2
201.75580265341,72,51.7012145323679,20.2987854676321,0,I,514,2
175.437880457168,72,51.7367953760549,20.2632046239451,0,C,515,2
376.352872713456,72,51.9701711833477,20.0298288166523,0,I,516,2
259.621784302849,72,51.9987628888339,20.0012371111661,0,C,517,2
246.12399888364,72,52.0031520584598,19.9968479415402,0,I,518,2
105.860718959668,72,52.2183659439907,19.7816340560094,0,C,519,2
132.978154246095,72,52.2744883177802,19.7255116822198,0,I,520,2
107.133545616902,72,52.3376950621605,19.6623049378395,0,C,521,2
97.8677603456275,72,52.3907712427899,19.6092287572101,0,I,522,2
597.854993829533,72,52.4919301969931,19.508069803007,0,C,523,2
106.446265921931,59.0766490757378,52.5253565283492,6.55129254738856,0,I,524,2
119.199120434036,72,52.649643807672,19.350356192328,0,C,525,2
150.553040622911,72,52.6593854371458,19.3406145628542,0,I,526,2
104.145096711164,72,52.9349167551845,19.0650832448155,0,C,527,2
54.345785893935,72,53.2815924379975,1.06419345593756,1,I,528,2
117.41737516969,72,53.2839805539697,18.7160194460303,0,C,529,2
60.1908527162616,72,53.3367527648807,6.85409995138093,1,I,530,2
153.157723347612,72,53.5273629147559,18.4726370852441,0,C,531,2
132.14709125126,72,53.5319636017084,18.4680363982916,0,I,532,2
182.63084450051,72,53.7499120412394,18.2500879587606,0,C,533,2
658.274435262519,72,53.8958563422784,18.1041436577216,0,I,534,2
203.559226007843,72,54.0174343110994,17.9825656889007,0,C,535,2
79.8931200597261,56.4198856221687,54.071267908439,2.34861771372969,0,I,536,2
254.695795740429,72,54.1549450764433,17.8450549235567,0,C,537,2
417.402752987229,72,54.1613691486418,17.8386308513582,0,I,538,2
363.879999337263,72,54.2839298676699,17.7160701323301,0,C,539,2
216.762189459464,72,54.3784513045102,17.6215486954898,0,I,540,2
213.351477723891,72,54.4733636174351,17.5266363825649,0,C,541,2
90.8057022058619,72,54.7697451431304,17.2302548568696,0,I,542,2
105.794580213014,72,54.9525376036763,17.0474623963237,0,C,543,2
71.4237825669493,72,54.9844599980861,16.4393225688632,1,I,544,2
347.659032174902,72,55.0957774976268,16.9042225023732,0,C,545,2
101.059160431423,72,55.1433923095465,16.8566076904535,0,I,546,2
111.897256925104,72,55.286098360084,16.713901639916,0,C,547,2
175.811762849312,72,55.4060587333515,16.5939412666485,0,I,548,2
408.366230803592,72,55.4109344724566,16.5890655275434,0,C,549,2
183.207837112974,72,55.6667112093419,16.3332887906581,0,I,550,2
138.55040384185,72,55.6747857900336,16.3252142099664,0,C,551,2
150.622310553658,72,55.7052493840456,16.2947506159544,0,I,552,2
78.193962737131,72,55.7886990951374,16.2113009048626,0,C,553,2
65.9244455116706,72,56.2391907116398,9.68525480003077,1,I,554,2
96.7236295356335,72,56.2756985379383,15.7243014620617,0,C,555,2
79.9690340780861,72,56.3662410294637,15.6337589705363,0,I,556,2
156.98160013297,72,56.4727958338335,15.5272041661665,0,C,557,2
398.087471501802,72,56.6684508696199,15.3315491303802,0,I,558,2
258.593820540455,72,56.7467072792351,15.2532927207649,0,C,559,2
77.5652732447192,72,56.9435856398195,15.0564143601805,0,I,560,2
73.8983167240451,72,57.2481575002894,14.7518424997106,0,C,561,2
76.5380450877422,72,57.3316403059289,14.6683596940711,0,I,562,2
554.337906095624,72,57.4433192471042,14.5566807528958,0,C,563,2
172.590854591059,72,57.4573800573126,14.5426199426875,0,I,564,2
168.672267664889,72,57.5123990513384,14.4876009486616,0,C,565,2
159.840949174104,57.6442663595761,57.5380105571821,0.106255802393953,0,I,566,2
370.505082178484,72,57.5833401968703,14.4166598031297,0,C,567,2
95.9773003127911,64.0779332744264,57.9075989266858,6.17033434774059,0,I,568,2
80.4037833673723,72,58.0802390724421,13.9197609275579,0,C,569,2
68.8440672637659,72,58.3729645656422,10.4711026981237,1,I,570,2
81.8959877705579,72,58.3749228157103,13.6250771842897,0,C,571,2
207.248376172451,72,58.3823609864339,13.6176390135661,0,I,572,2
83.6522446036392,72,58.5285335266963,13.4714664733037,0,C,573,2
139.696349143995,72,58.6392097827047,13.3607902172953,0,I,574,2
246.121334687683,72,58.6713321413845,13.3286678586155,0,C,575,2
522.329111040826,72,58.9035084564239,13.0964915435761,0,I,576,2
88.6414543998753,72,59.3475510785356,12.6524489214644,0,C,577,2
133.400782421258,72,59.3907739687711,12.6092260312289,0,I,578,2
136.586430776807,72,59.4583451002836,12.5416548997164,0,C,579,2
268.973053494181,72,59.5474486006424,12.4525513993576,0,I,580,2
68.8519774281924,72,59.5749469846487,9.27703044354368,1,C,581,2
214.334779211597,72,59.6265870099887,12.3734129900113,0,I,582,2
118.829135435442,72,59.87208197359,12.12791802641,0,C,583,2
214.218900662142,72,59.8756936239079,12.1243063760921,0,I,584,2
39.0372188473781,72,0.080160666257143,38.957058181121,1,C,1,3
111.647520415092,34.3244467954376,0.127662615850568,34.196784179587,0,I,2,3
73.6152501692158,72,0.315280021168292,71.6847199788317,0,C,3,3
68.8872360055036,72,0.483091380447149,68.4041446250565,1,I,4,3
39.0634283558911,72,0.609958246350288,38.4534701095408,1,C,5,3
24.4957999774999,72,0.782390884123743,23.7134090933762,1,I,6,3
24.0636655514653,37.002509097321,0.82532174885273,23.2383438026125,1,C,7,3
55.6143879615303,72,0.89461246971041,54.7197754918199,1,I,8,3
54.1232278938631,72,1.42048289068043,52.7027450031826,1,C,9,3
32.7901755476661,72,1.77756157703698,31.0126139706291,1,I,10,3
336.148640134893,72,1.78674501366913,70.2132549863309,0,C,11,3
37.7605726225696,72,1.81331309024245,35.9472595323272,1,I,12,3
15.3283357424347,72,1.89985839184374,13.428477350591,1,C,13,3
12.3476311960544,72,2.03800668474287,10.3096245113116,1,I,14,3
120.16113240892,72,2.05315715633333,69.9468428436667,0,C,15,3
41.1182613704057,72,2.09725490771234,39.0210064626933,1,I,16,3
37.8646786940932,72,2.32186158187687,35.5428171122164,1,C,17,3
304.562558044722,72,2.37887715920806,69.6211228407919,0,I,18,3
157.184924530714,72,2.48517857864499,69.514821421355,0,C,19,3
230.982011918325,72,2.50956520903856,69.4904347909615,0,I,20,3
290.349226573776,48.387852577676,2.66346822492778,45.7243843527482,0,C,21,3
253.512384068377,72,2.87074231076986,69.1292576892302,0,I,22,3
19.4199070281493,72,2.87186309695244,16.5480439311969,1,C,23,3
39.7555659446202,72,2.9213250707835,36.8342408738367,1,I,24,3
194.140592609036,72,3.03571030497551,68.9642896950245,0,C,25,3
157.294240850338,72,3.10518260579556,68.8948173942044,0,I,26,3
106.528396027256,72,3.17540951538831,68.8245904846117,0,C,27,3
235.151860705041,72,3.21024413220584,68.7897558677942,0,I,28,3
3.71044800553286,72,3.26592243276536,0.444525572767493,1,C,29,3
28.0698826077801,72,3.29214166849852,24.7777409392815,1,I,30,3
27.4837085316798,72,3.3581593958661,24.1255491358137,1,C,31,3
15.9085666339808,72,3.42570106498897,12.4828655689918,1,I,32,3
83.163634227774,14.2805766996139,3.5967533569783,10.6838233426356,0,C,33,3
10.3277734721906,19.5640471523038,3.59930922277272,6.72846424941793,1,I,34,3
75.1154134679488,7.96039416744339,3.65011589135975,4.31027827608365,0,C,35,3
19.8647194324357,24.2742898087033,3.66988403722644,16.1948353952093,1,I,36,3
267.770237904952,72,3.69151774328202,68.308482256718,0,C,37,3
66.9094982790713,72,3.82088142447174,63.0886168545995,1,I,38,3
41.7475043860606,72,3.90796024817973,37.8395441378808,1,C,39,3
74.8845986345735,72,3.94625374116004,68.05374625884,0,I,40,3
53.2544235546891,72,4.11608061287552,49.1383429418136,1,C,41,3
176.266929503568,72,4.62138711009175,67.3786128899083,0,I,42,3
183.161521446223,72,4.83671999070793,67.1632800092921,0,C,43,3
33.3759936480635,57.3696396815287,4.83999035786837,28.5360032901952,1,I,44,3
55.0213429378366,59.4178462323753,4.88972257822752,50.131620359609,1,C,45,3
84.6804544299919,11.5961518693926,5.01725189387798,6.57889997551458,0,I,46,3
50.8363344699753,67.2534929951152,5.0598303694278,45.7765041005475,1,C,47,3
32.1918579719944,72,5.12442911043763,27.0674288615567,1,I,48,3
80.1647279546554,72,5.20269327331334,66.7973067266867,0,C,49,3
41.2217496412947,26.9526252927241,5.31696222256869,21.6356630701554,0,I,50,3
427.694560860085,72,5.38046688772738,66.6195331122726,0,C,51,3
315.675779230158,72,5.61927226837724,66.3807277316228,0,I,52,3
324.678735806598,72,5.65137765370309,66.3486223462969,0,C,53,3
13.9513481679112,72,5.65737002994865,8.29397813796259,1,I,54,3
50.4833089416055,65.5626333455992,5.72858431376517,44.7547246278403,1,C,55,3
19.1226720294863,26.6554424416749,5.82774155773222,13.2949304717541,1,I,56,3
111.176467489636,72,5.93628115486354,66.0637188451365,0,C,57,3
15.8651689740577,72,5.93920270912349,9.92596626493417,1,I,58,3
121.928397824651,72,6.03290790226311,65.9670920977369,0,C,59,3
237.850505224841,60.5228809636833,6.14876001141965,54.3741209522637,0,I,60,3
246.720468644922,72,6.33610944729298,65.663890552707,0,C,61,3
246.850271379471,72,6.41148626804352,65.5885137319565,0,I,62,3
307.115024387002,72,6.49369908962399,65.506300910376,0,C,63,3
74.7733588959432,50.3732582643594,6.65041343774647,43.7228448266129,0,I,64,3
101.074369414751,72,6.65808944497258,65.3419105550274,0,C,65,3
464.498165568153,72,6.72453719191253,65.2754628080875,0,I,66,3
126.861348396354,72,6.73015055246651,65.2698494475335,0,C,67,3
178.37472658577,72,6.7694688308984,65.2305311691016,0,I,68,3
196.609883410576,72,6.8881849385798,65.1118150614202,0,C,69,3
26.8977012020563,72,6.99077515862882,19.9069260434275,1,I,70,3
10.2495118250144,67.8358106373629,7.02616281341761,3.22334901159676,1,C,71,3
16.4269945238614,72,7.07718252204359,9.34981200181782,1,I,72,3
33.8344396081315,72,7.15594641398639,26.6784931941451,1,C,73,3
92.7275265969415,72,7.18195041641593,64.8180495835841,0,I,74,3
229.4325968089,72,7.23606540821493,64.7639345917851,0,C,75,3
50.1582817516811,72,7.35175109468401,42.8065306569971,1,I,76,3
19.8700732637879,72,7.40747559349984,12.4625976702881,1,C,77,3
25.8605855003996,20.1730921499288,7.62358578387648,12.5495063660523,0,I,78,3
65.7674752494828,72,7.77380274608731,57.9936725033955,1,C,79,3
21.0392186550355,72,7.81355453655124,13.2256641184843,1,I,80,3
116.862633741697,72,7.85195822361857,64.1480417763814,0,C,81,3
16.6492705984808,72,7.89028835948557,8.7589822389952,1,I,82,3
33.1356304286865,72,7.90876781567931,25.2268626130071,1,C,83,3
49.8346924321661,72,7.93442018330097,41.9002722488651,1,I,84,3
77.8095327065215,72,8.13525994308293,63.8647400569171,0,C,85,3
27.4750619712968,27.5231910133284,8.32543873228133,19.1496232390155,1,I,86,3
214.565837343155,32.5138885680774,8.34776013158262,24.1661284364947,0,C,87,3
31.1663025519955,72,8.56053009163588,22.6057724603596,1,I,88,3
51.7939363651538,72,8.57639826368541,43.2175381014684,1,C,89,3
377.617484223869,72,8.57843169942498,63.421568300575,0,I,90,3
193.9117956976,72,8.59110583551228,63.4088941644877,0,C,91,3
116.27441228579,72,8.65699142217636,63.3430085778236,0,I,92,3
45.5434951880332,72,8.79792126361281,36.7455739244204,1,C,93,3
127.181650784837,72,8.81566624157131,63.1843337584287,0,I,94,3
487.173691295238,72,8.83903970941901,63.160960290581,0,C,95,3
16.9006172569332,72,9.00653854943812,7.89407870749508,1,I,96,3
160.961019981191,72,9.06641216017306,62.9335878398269,0,C,97,3
79.5142581294362,72,9.10734058823436,62.8926594117656,0,I,98,3
12.4962335895257,72,9.30968100205064,3.18655258747507,1,C,99,3
16.5680293402244,52.5220231404901,9.38710771501064,7.18092162521376,1,I,100,3
87.2949987992147,72,9.44097636267543,62.5590236373246,0,C,101,3
35.5063679905996,28.4724823200382,9.46299665607512,19.0094856639631,0,I,102,3
225.898528533342,72,9.58404078148305,62.415959218517,0,C,103,3
126.468075639678,72,9.58759361878037,62.4124063812196,0,I,104,3
36.3656328933191,72,9.64872012846172,26.7169127648574,1,C,105,3
41.2861824444814,72,9.66672799084336,31.6194544536381,1,I,106,3
99.3839737007207,45.5835549861047,9.70685295760632,35.8767020284984,0,C,107,3
88.9603339386364,15.2037311835986,9.77731169667095,5.4264194869277,0,I,108,3
52.8570472962125,62.8398016176491,9.91893579717726,42.9381114990352,1,C,109,3
343.974470886377,72,10.108426194638,61.891573805362,0,I,110,3
55.807219519374,72,10.1478827325627,45.6593367868113,1,C,111,3
259.209499418839,54.6433365142989,10.3566537145525,44.2866827997463,0,I,112,3
127.494685193637,72,10.4067365080118,61.5932634919882,0,C,113,3
103.374451092848,72,10.4256601911038,61.5743398088962,0,I,114,3
146.886916090195,72,10.4278907412663,61.5721092587337,0,C,115,3
111.245466677278,14.0628915661628,10.4359774198383,3.62691414632445,0,I,116,3
67.4856083623725,35.4308480506225,10.4466171422973,24.9842309083251,0,C,117,3
182.311821840501,72,10.5365874012932,61.4634125987068,0,I,118,3
182.649615541931,27.3134780555958,10.6236356310546,16.6898424245412,0,C,119,3
69.1174154434123,72,10.6536009907722,58.46381445264,1,I,120,3
76.8404505509307,72,10.6747225485742,61.3252774514258,0,C,121,3
271.199283006621,72,10.7412572158501,61.25874278415,0,I,122,3
156.916995374977,69.1035556699526,10.9404397476465,58.1631159223061,0,C,123,3
281.29422350487,72,11.1225200537592,60.8774799462408,0,I,124,3
111.049555740945,57.8407049230214,11.3098816433921,46.5308232796293,0,C,125,3
231.375142678902,72,11.3470218004659,60.6529781995341,0,I,126,3
131.239126202883,72,11.5361320367083,60.4638679632917,0,C,127,3
223.461538170289,72,11.655042283237,60.344957716763,0,I,128,3
213.559961155618,72,11.7962768906727,60.2037231093273,0,C,129,3
164.233618051067,72,11.7971088923514,60.2028911076486,0,I,130,3
59.7519615803563,72,11.8302596127614,47.9217019675949,1,C,131,3
242.19613044829,42.9763199564201,11.8473624391481,31.128957517272,0,I,132,3
55.3138417975339,72,11.8846548255533,43.4291869719806,1,C,133,3
98.1104816148693,72,11.9594433763996,60.0405566236004,0,I,134,3
261.779638699498,29.0576869361873,12.0762930717319,16.9813938644554,0,C,135,3
47.4562614192677,72,12.2305743349716,35.2256870842961,1,I,136,3
99.4661326498197,72,12.3376931156963,59.6623068843037,0,C,137,3
21.284901548212,72,12.4844549736008,8.80044657461115,1,I,138,3
130.896283856727,43.8992431346086,12.5311397993937,31.3681033352149,0,C,139,3
397.677317865857,72,12.5847896793857,59.4152103206143,0,I,140,3
15.6179967958743,72,12.6588634913787,2.9591333044956,1,C,141,3
27.9727701395045,72,12.7902928506956,15.182477288809,1,I,142,3
155.32699030753,72,12.8219691105187,59.1780308894813,0,C,143,3
78.9345755705174,72,12.9226808343083,59.0773191656917,0,I,144,3
22.2068727882286,72,13.1417379062623,9.06513488196633,1,C,145,3
182.978526719528,72,13.1870549032465,58.8129450967535,0,I,146,3
287.231599413026,17.9077428674843,13.205041307956,4.70270155952836,0,C,147,3
50.4614878663432,72,13.300349120982,37.1611387453612,1,I,148,3
82.9015224457242,72,13.346278402023,58.653721597977,0,C,149,3
136.731689006115,36.2209656446776,13.392929029651,22.8280366150266,0,I,150,3
25.6201478376982,72,13.4161306684837,12.2040171692145,1,C,151,3
78.8652718293383,66.8505501466737,13.4549967432395,53.3955534034342,0,I,152,3
122.371367242404,72,13.472835291177,58.527164708823,0,C,153,3
145.859352847766,72,13.4779617609456,58.5220382390544,0,I,154,3
296.435927946123,72,13.6443885834888,58.3556114165112,0,C,155,3
544.965463292304,72,13.8518156530336,58.1481843469665,0,I,156,3
107.99325768697,72,13.8832666072994,58.1167333927006,0,C,157,3
50.4150229683886,34.5560697320202,13.9651836734265,20.5908860585937,0,I,158,3
120.395877432491,60.0320491036129,14.0459343418479,45.986114761765,0,C,159,3
216.008737355409,61.2305480580222,14.0484214760363,47.1821265819859,0,I,160,3
104.269344528658,72,14.0732383914292,57.9267616085708,0,C,161,3
185.117203703769,42.3355728593655,14.1130934888497,28.2224793705158,0,I,162,3
45.8464110149968,72,14.4623590121046,31.3840520028923,1,C,163,3
81.3017030025725,72,14.633378405124,57.3666215948761,0,I,164,3
60.3185165517451,40.0046500542842,14.6824779175222,25.322172136762,0,C,165,3
154.850926382451,72,14.7442549606785,57.2557450393215,0,I,166,3
32.2513957296901,23.8422943724139,14.8770356923342,8.96525868007975,0,C,167,3
15.8896708818511,72,15.1138762850314,0.775794596819667,1,I,168,3
138.484862412667,72,15.1228202087805,56.8771797912195,0,C,169,3
116.794754418565,57.3490729447482,15.3325315285474,42.0165414162008,0,I,170,3
59.6434913252129,72,15.4584445478395,44.1850467773734,1,C,171,3
29.7139173856201,72,15.6211905693635,14.0927268162566,1,I,172,3
611.9904409564,72,15.7593835238367,56.2406164761633,0,C,173,3
129.979649671387,72,16.1153407534584,55.8846592465416,0,I,174,3
73.4172248290927,38.494929677084,16.209692498669,22.285237178415,0,C,175,3
75.9413874337031,72,16.2175795342773,55.7824204657227,0,I,176,3
67.7458756584289,72,16.4012916292995,51.3445840291294,1,C,177,3
97.7314838310743,72,16.5792631404474,55.4207368595526,0,I,178,3
165.313860683796,72,16.6849494539201,55.3150505460799,0,C,179,3
176.427224489856,72,16.8555626319721,55.1444373680279,0,I,180,3
52.4197036293251,72,17.012246302329,35.4074573269961,1,C,181,3
32.9192859732595,72,17.0340103469789,15.8852756262806,1,I,182,3
19.1950905768507,68.639602170119,17.1708841435611,2.02420643328955,1,C,183,3
78.9588839421408,72,17.1859210124239,54.8140789875761,0,I,184,3
324.656285707061,72,17.3378615453839,54.6621384546161,0,C,185,3
185.316567827248,72,17.5052029173821,54.4947970826179,0,I,186,3
101.615341197074,72,17.5773396575823,54.4226603424177,0,C,187,3
34.5889893489513,72,17.6688326569274,16.9201566920239,1,I,188,3
109.252314843786,35.3277062158014,17.7789362473413,17.54876996846,0,C,189,3
79.3798074268295,30.5242472088487,17.8300307644531,12.6942164443955,0,I,190,3
391.248595244944,72,17.8977294126526,54.1022705873475,0,C,191,3
165.272368252554,72,17.9708401439711,54.0291598560289,0,I,192,3
221.332725548578,72,17.9828039836138,54.0171960163862,0,C,193,3
120.685135770961,72,18.0851830495521,53.9148169504479,0,I,194,3
131.223028939439,27.8931258456731,18.2430639630184,9.6500618826547,0,C,195,3
77.2549200003753,72,18.2885024137795,53.7114975862205,0,I,196,3
686.006842601555,72,18.343659681268,53.656340318732,0,C,197,3
61.2346484496391,54.1154432549598,18.4097798913717,35.7056633635881,0,I,198,3
75.7157943136659,72,18.4191981470212,53.5808018529788,0,C,199,3
64.8606736257215,72,18.4922109497711,46.3684626759504,1,I,200,3
108.667682993476,55.7813161474615,18.5000907629728,37.2812253844886,0,C,201,3
19.1044015691901,72,18.5677991621196,0.536602407070487,1,I,202,3
184.305673063005,51.0000236695049,18.7347166612744,32.2653070082305,0,C,203,3
74.3583741336573,72,18.8271772395819,53.1728227604181,0,I,204,3
182.383103792784,72,18.8617576193064,53.1382423806936,0,C,205,3
31.1711522970603,72,19.1202327422798,12.0509195547805,1,I,206,3
58.3304979319158,38.3664060009896,19.1266001528129,19.2398058481767,0,C,207,3
157.899684359191,72,19.2250610282645,52.7749389717355,0,I,208,3
67.7717788433637,72,19.2264811322093,48.5452977111544,1,C,209,3
106.572850175502,26.9887758516139,19.2477013589814,7.74107449263249,0,I,210,3
116.337116243373,72,19.2995709506795,52.7004290493205,0,C,211,3
68.1948322493939,72,19.3994528101757,48.7953794392182,1,I,212,3
132.024969530606,51.9293017752544,19.7017659293488,32.2275358459056,0,C,213,3
209.432274249994,72,19.7328271670267,52.2671728329733,0,I,214,3
387.038802412625,72,19.9876065272838,52.0123934727162,0,C,215,3
451.002672461287,72,20.2913930732757,51.7086069267243,0,I,216,3
211.478506188777,72,20.3127372823656,51.6872627176344,0,C,217,3
83.9306442387579,72,20.797098018229,51.202901981771,0,I,218,3
349.014132711035,72,20.9233120176941,51.0766879823059,0,C,219,3
133.320579886994,72,21.208010148257,50.791989851743,0,I,220,3
156.48480950402,72,21.2136748339981,50.7863251660019,0,C,221,3
194.533056062566,72,21.293477746658,50.706522253342,0,I,222,3
150.691423891091,72,21.3915594667196,50.6084405332804,0,C,223,3
354.643844987274,72,21.41830871813,50.58169128187,0,I,224,3
52.6465579618139,72,21.5736256632954,31.0729322985185,1,C,225,3
123.007021286936,72,21.5889150090516,50.4110849909484,0,I,226,3
73.3865039106813,33.2165163260384,21.675125984475,11.5413903415634,0,C,227,3
453.291511013254,72,21.9991295132786,50.0008704867214,0,I,228,3
96.7299127240418,72,22.0801926311106,49.9198073688895,0,C,229,3
497.40305698414,72,22.1797038428485,49.8202961571515,0,I,230,3
45.6666856480868,39.1140978267377,22.2272060997784,16.8868917269593,0,C,231,3
77.566072342189,72,22.4598683975637,49.5401316024363,0,I,232,3
35.8736620248749,72,22.6484192814678,13.2252427434071,1,C,233,3
36.8276837734503,72,22.6767224259675,14.1509613474829,1,I,234,3
293.207538369969,72,22.6960556209087,49.3039443790913,0,C,235,3
73.6804657632942,72,22.7140850247815,49.2859149752185,0,I,236,3
94.3008933995568,72,22.7378125442192,49.2621874557808,0,C,237,3
63.1485799154541,72,22.8669007122517,40.2816792032024,1,I,238,3
83.8403416583154,72,23.03390360903,48.9660963909701,0,C,239,3
93.0653999192773,28.1071010177743,23.0419611744583,5.06513984331599,0,I,240,3
39.2747507180821,72,23.1284931208938,16.1462575971883,1,C,241,3
224.673921148939,58.5687508391091,23.2672682963312,35.3014825427779,0,I,242,3
69.133620520528,72,23.2922857208177,45.8413347997102,1,C,243,3
30.4730932693554,72,23.3515821537003,7.12151111565514,1,I,244,3
86.3354951188001,72,23.3777771377936,48.6222228622064,0,C,245,3
136.819501397892,72,23.5145407682285,48.4854592317715,0,I,246,3
29.8528205369448,72,23.5403657052666,6.3124548316782,1,C,247,3
30.8681154132476,50.6221682680451,23.5792707139626,7.28884469928493,1,I,248,3
33.6246414192514,72,23.6111332895234,10.0135081297279,1,C,249,3
83.3785764873844,72,23.9158607460558,48.0841392539442,0,I,250,3
182.278697883517,72,24.0446348581463,47.9553651418537,0,C,251,3
81.7531117229447,72,24.1225229110569,47.8774770889431,0,I,252,3
24.4926719961221,72,24.1563202254474,0.336351770674658,1,C,253,3
47.3445588988282,72,24.163284022361,23.1812748764672,1,I,254,3
184.86624015675,72,24.1649917233735,47.8350082766265,0,C,255,3
97.1394895924114,72,24.5415933569893,47.4584066430107,0,I,256,3
138.216607039502,72,24.5616807695478,47.4383192304522,0,C,257,3
158.242568401337,72,24.9847214855254,47.0152785144746,0,I,258,3
662.974385662834,56.1609170004723,24.9927332159132,31.1681837845591,0,C,259,3
81.9345290898748,72,25.0820380775258,46.9179619224742,0,I,260,3
63.6165233489823,72,25.1097913412377,38.5067320077445,1,C,261,3
182.944048131181,72,25.1621185708791,46.8378814291209,0,I,262,3
170.837820777562,72,25.370787656866,46.629212343134,0,C,263,3
129.038655186482,50.9911074832681,25.5203065183014,25.4708009649667,0,I,264,3
26.0985645855768,40.3521847420009,25.5394741287455,0.559090456831341,1,C,265,3
741.938952521555,72,25.6349237496033,46.3650762503967,0,I,266,3
74.2345279586844,43.2772283253066,25.6562971975654,17.6209311277412,0,C,267,3
140.903778029609,72,25.7773148221895,46.2226851778105,0,I,268,3
147.414815265362,72,25.8293584361672,46.1706415638328,0,C,269,3
133.748441576217,72,25.9744337573648,46.0255662426353,0,I,270,3
79.3879029982803,72,26.0262745013461,45.973725498654,0,C,271,3
35.8676454580543,47.6061698148042,26.0304580070078,9.8371874510465,1,I,272,3
313.992782445759,60.8883216567374,26.1886007711291,34.6997208856082,0,C,273,3
188.368971534789,43.9671071906611,26.2748036440462,17.6923035466149,0,I,274,3
30.7882660901266,72,26.3075773464516,4.48068874367501,1,C,275,3
135.294728970951,72,26.3430252112448,45.6569747887552,0,I,276,3
152.144004683305,63.5063656261189,26.5640799561515,36.9422856699673,0,C,277,3
132.633111355777,56.573937261395,26.6372090298682,29.9367282315267,0,I,278,3
116.028487227083,72,26.6861691232771,45.3138308767229,0,C,279,3
36.9724032392538,72,26.7186473077163,10.2537559315375,1,I,280,3
118.123262080067,52.4096799872299,26.7242563795298,25.6854236077001,0,C,281,3
99.8029926116628,47.0720957231028,26.8900563195348,20.182039403568,0,I,282,3
224.53888766411,72,27.1067448612303,44.8932551387698,0,C,283,3
372.223781524662,72,27.1717503340915,44.8282496659085,0,I,284,3
118.675064837793,72,27.28346969001,44.7165303099901,0,C,285,3
73.2116933909622,72,27.3931474098936,44.6068525901064,0,I,286,3
41.0209610297994,72,27.6356475194916,13.3853135103077,1,C,287,3
172.38355850497,69.6289289149388,27.7878564409912,41.8410724739476,0,I,288,3
37.6788671456994,72,28.1071574985981,9.57170964710126,1,C,289,3
426.555685828376,72,28.2054055854678,43.7945944145322,0,I,290,3
277.855067443318,72,28.4815822681412,43.5184177318588,0,C,291,3
128.153043029052,72,28.6402768129483,43.3597231870517,0,I,292,3
445.299431463602,72,28.8464838545769,43.1535161454231,0,C,293,3
89.557778494793,72,29.034375725314,42.965624274686,0,I,294,3
140.794009304986,72,29.0483285766095,42.9516714233905,0,C,295,3
187.145670765856,72,29.1799668688327,42.8200331311673,0,I,296,3
59.0333989845666,72,29.2389446916059,29.7944542929607,1,C,297,3
98.4400797376683,72,29.2987296357751,42.7012703642249,0,I,298,3
103.604270633941,72,29.4379479624331,42.5620520375669,0,C,299,3
194.89604583149,72,29.5090100588277,42.4909899411723,0,I,300,3
249.153186686314,72,29.606142193079,42.393857806921,0,C,301,3
272.464203330159,72,29.6459105378017,42.3540894621983,0,I,302,3
121.774419979665,72,29.7779289493337,42.2220710506663,0,C,303,3
90.6637027863977,72,29.8980853753164,42.1019146246836,0,I,304,3
82.4211087215062,72,29.981258274056,42.018741725944,0,C,305,3
100.948518803549,70.8173994325901,30.2899802522734,40.5274191803167,0,I,306,3
50.3027829328545,72,30.3832914400846,19.9194914927699,1,C,307,3
323.153238470696,72,30.3903621202335,41.6096378797665,0,I,308,3
75.882317694502,71.261188795109,30.4294262034819,40.8317625916272,0,C,309,3
65.6900125686298,72,30.4968669405207,35.1931456281091,1,I,310,3
37.269900082362,65.0597870633613,30.5889587430283,6.68094133933363,1,C,311,3
242.292097388074,72,30.7101740688086,41.2898259311914,0,I,312,3
81.1690360086604,72,30.8031975757331,41.1968024242669,0,C,313,3
31.1758480572685,72,30.9586117789149,0.217236278353536,1,I,314,3
92.852475132971,72,31.0046381363645,40.9953618636355,0,C,315,3
57.8895565134495,72,31.0281278053299,26.8614287081197,1,I,316,3
204.201122735798,72,31.2447676481679,40.7552323518321,0,C,317,3
70.8308177931268,72,31.3001686893404,39.5306491037865,1,I,318,3
46.5846608959384,69.512921416089,31.3062687311322,15.2783921648063,1,C,319,3
66.541752076795,40.3357406051611,31.3819725438952,8.95376806126581,0,I,320,3
51.0392834807048,72,31.401096121408,19.6381873592968,1,C,321,3
147.158369603915,72,31.508169779554,40.491830220446,0,I,322,3
44.4698717983519,72,31.5944137237966,12.8754580745552,1,C,323,3
236.05246335015,58.721603444432,31.825901241973,26.8957022024589,0,I,324,3
215.881822321249,72,32.1973414393142,39.8026585606858,0,C,325,3
70.7471984752999,72,32.5116235669702,38.2355749083297,1,I,326,3
106.03415716844,35.1264472287018,32.5563380168751,2.57010921182672,0,C,327,3
64.3446719473754,72,32.6512784091756,31.6933935381998,1,I,328,3
59.6613051131267,72,32.6822820771486,26.9790230359781,1,C,329,3
54.0505080296754,72,32.7381209470332,21.3123870826422,1,I,330,3
112.546992380448,72,32.7616974944249,39.2383025055751,0,C,331,3
85.6904179744088,72,32.8195190615952,39.1804809384048,0,I,332,3
147.676812547508,72,32.8572437586263,39.1427562413737,0,C,333,3
107.018850805545,72,32.8898390522227,39.1101609477773,0,I,334,3
44.5712022226869,72,32.9277804214507,11.6434218012362,1,C,335,3
35.6175341658038,72,33.0678394529969,2.54969471280694,1,I,336,3
338.180034099886,72,33.279295549728,38.720704450272,0,C,337,3
64.2755494007009,72,33.3485615579411,30.9269878427597,1,I,338,3
271.71448558454,72,33.399765654467,38.600234345533,0,C,339,3
42.9907518090506,72,33.5127723170444,9.47797949200617,1,I,340,3
744.730772862569,72,33.5763953346759,38.4236046653241,0,C,341,3
42.6066615700393,72,33.5950975120068,9.01156405803252,1,I,342,3
100.022050878089,37.8957928979457,33.7592169363052,4.1365759616405,0,C,343,3
122.552278834829,62.5181630111136,33.8645379943773,28.6536250167363,0,I,344,3
139.384711715307,72,33.9741028519347,38.0258971480653,0,C,345,3
128.162066062884,72,34.0343429055065,37.9656570944935,0,I,346,3
97.2761063009284,51.7670395773161,34.1724841017276,17.5945554755885,0,C,347,3
65.4704888574751,72,34.3029442895204,31.1675445679547,1,I,348,3
282.457740787982,37.2484913892824,34.3371334578842,2.91135793139816,0,C,349,3
283.295576648174,55.1308749372826,34.4005129253492,20.7303620119335,0,I,350,3
81.0735836032283,43.4524211245787,34.7652536211535,8.68716750342517,0,C,351,3
64.2521208964496,72,34.7686504432932,29.4834704531564,1,I,352,3
239.790558137622,72,34.8275258671492,37.1724741328508,0,C,353,3
203.008364842549,72,34.8826509201899,37.1173490798101,0,I,354,3
46.184976466011,44.1332127651614,34.900187831372,9.23302493378932,0,C,355,3
122.440765220301,72,34.9306124215946,37.0693875784054,0,I,356,3
52.3023851365478,72,35.1908445591107,17.111540577437,1,C,357,3
38.9383877890688,72,35.2197429584339,3.71864483063491,1,I,358,3
89.9777490035009,72,35.2623579651117,36.7376420348883,0,C,359,3
78.0669109261969,72,35.3850715979934,36.6149284020066,0,I,360,3
101.785578481128,39.6080987685797,35.4692457709461,4.13885299763354,0,C,361,3
41.7991976374211,72,35.4745145514607,6.3246830859603,1,I,362,3
49.950438344713,72,35.4861903609708,14.4642479837422,1,C,363,3
336.095234734787,72,35.5520337028429,36.4479662971571,0,I,364,3
163.769793759114,72,35.6671984819695,36.3328015180305,0,C,365,3
176.710137067574,48.2967084851781,35.7465859875083,12.5501224976698,0,I,366,3
228.667477963691,72,35.8979621669278,36.1020378330722,0,C,367,3
211.758325755108,72,35.9711381234229,36.0288618765771,0,I,368,3
220.720306353186,72,36.0023094713688,35.9976905286312,0,C,369,3
172.147320041976,72,36.081890151836,35.918109848164,0,I,370,3
114.496319109973,72,36.0945227835327,35.9054772164673,0,C,371,3
86.8606796391713,72,36.1773291695863,35.8226708304137,0,I,372,3
101.287550920653,43.7549335627314,36.1863284697756,7.56860509295574,0,C,373,3
40.987837079894,72,36.3050083257258,4.6828287541682,1,I,374,3
138.868581956514,72,36.3381886202842,35.6618113797158,0,C,375,3
281.175287349444,72,36.3989373994991,35.6010626005009,0,I,376,3
136.162132178274,72,36.6632911842316,35.3367088157684,0,C,377,3
241.638638240522,72,36.9502937793732,35.0497062206268,0,I,378,3
134.547731551195,72,37.0407480653375,34.9592519346625,0,C,379,3
434.443406222,72,37.0495212357491,34.9504787642509,0,I,380,3
69.7582454077339,72,37.1070342790335,32.6512111287003,1,C,381,3
71.546680911555,72,37.1385200601071,34.4081608514479,1,I,382,3
236.134251419645,72,37.1460638428107,34.8539361571893,0,C,383,3
138.48603841062,72,37.1519726794213,34.8480273205787,0,I,384,3
102.603646622857,72,37.2929206537083,34.7070793462917,0,C,385,3
184.084700981359,72,37.3747506458312,34.6252493541688,0,I,386,3
96.8283322807158,72,37.407306348905,34.592693651095,0,C,387,3
50.9483844465243,72,37.4728113273159,13.4755731192084,1,I,388,3
145.20634118292,72,37.5356694823131,34.4643305176869,0,C,389,3
176.090809078978,72,37.6140773948282,34.3859226051718,0,I,390,3
265.281774987963,72,37.6218823296949,34.3781176703051,0,C,391,3
45.0791442369644,72,37.6844148756936,7.39472936127082,1,I,392,3
161.457057782869,72,37.7207619650289,34.2792380349711,0,C,393,3
43.3929242477617,72,37.748056682758,5.64486756500366,1,I,394,3
126.938024530555,72,37.7780084777623,34.2219915222377,0,C,395,3
184.901594049102,72,37.8586352616549,34.1413647383452,0,I,396,3
323.590499932706,72,37.9769746866077,34.0230253133923,0,C,397,3
39.3754198728032,72,37.9831019137055,1.39231795909774,1,I,398,3
233.237827016892,72,38.0317310895771,33.9682689104229,0,C,399,3
329.658475441884,72,38.1705387867987,33.8294612132013,0,I,400,3
292.115648252157,72,38.2204967038706,33.7795032961294,0,C,401,3
111.313307766976,72,38.2779575558379,33.7220424441621,0,I,402,3
140.359728679109,72,38.2794953556731,33.7205046443269,0,C,403,3
77.706009008838,72,38.3449797984213,33.6550202015787,0,I,404,3
93.8601500843148,72,38.4201578143984,33.5798421856016,0,C,405,3
141.367866828965,72,38.6855527991429,33.3144472008571,0,I,406,3
43.0600506702181,72,38.8122916454449,4.24775902477319,1,C,407,3
263.115030582583,72,38.8377541350201,33.1622458649799,0,I,408,3
383.041273594814,72,38.9216418145224,33.0783581854776,0,C,409,3
40.5967690089443,72,38.9238279126585,1.67294109628587,1,I,410,3
111.35066530046,72,38.9295540098101,33.0704459901899,0,C,411,3
398.256986682505,72,38.9598375605419,33.0401624394581,0,I,412,3
107.435350655292,71.7458817254293,38.9620725531131,32.7838091723162,0,C,413,3
172.891860599787,72,39.0824787179008,32.9175212820992,0,I,414,3
92.2816205760764,72,39.3582882871851,32.6417117128149,0,C,415,3
299.125604631468,72,39.4157176371664,32.5842823628336,0,I,416,3
61.7779511652549,72,39.427390624769,22.3505605404859,1,C,417,3
269.793224559441,72,39.5010663522407,32.4989336477593,0,I,418,3
265.381729964128,56.4655440967559,39.6444635745138,16.8210805222421,0,C,419,3
67.0806069517032,72,39.6826345799491,27.3979723717541,1,I,420,3
156.411850270084,72,39.6901214495301,32.3098785504699,0,C,421,3
122.630043676273,72,39.9695193395019,32.0304806604981,0,I,422,3
218.815223919922,61.8072142478125,40.0726859550923,21.7345282927202,0,C,423,3
89.0374241057639,72,40.2907975483686,31.7092024516314,0,I,424,3
186.541036019494,72,40.4988992633298,31.5011007366702,0,C,425,3
86.4432658093776,72,40.8586086658761,31.1413913341239,0,I,426,3
110.999954310766,72,40.9090240113437,31.0909759886563,0,C,427,3
63.1302949017082,72,41.2617182079703,21.868576693738,1,I,428,3
142.136156174809,72,41.275786603801,30.7242133961991,0,C,429,3
77.8936457731679,72,41.3776216283441,30.6223783716559,0,I,430,3
143.536709033733,72,41.4468586631119,30.5531413368881,0,C,431,3
111.569214056456,72,41.4503147592768,30.5496852407232,0,I,432,3
190.034540564361,72,41.4530655322596,30.5469344677404,0,C,433,3
242.185047620571,72,41.6184108238667,30.3815891761333,0,I,434,3
44.5711133229555,72,41.7905674176291,2.78054590532646,1,C,435,3
56.4705769332844,72,41.7971611116082,14.6734158216762,1,I,436,3
115.781865764493,70.8993202196543,42.0906158303842,28.8087043892701,0,C,437,3
60.5801227522372,65.1617149810549,42.1504960907623,18.4296266614749,1,I,438,3
45.2186399571595,72,42.3300623428077,2.88857761435188,1,C,439,3
304.181023016423,72,42.6003175741062,29.3996824258938,0,I,440,3
88.957843034896,72,43.1372315296903,28.8627684703097,0,C,441,3
120.081383689848,72,43.2546168984845,28.7453831015155,0,I,442,3
72.585854186159,72,43.4494036668912,28.5505963331088,0,C,443,3
169.294430594189,72,43.4938200004399,28.5061799995601,0,I,444,3
454.658834744171,72,43.605377166532,28.394622833468,0,C,445,3
61.6138407751794,72,43.6469771666452,17.9668636085342,1,I,446,3
199.443209136681,72,43.7819894263521,28.2180105736479,0,C,447,3
116.116842086754,54.6696023559953,43.9178869407624,10.7517154152329,0,I,448,3
148.240054881163,72,44.1011497518048,27.8988502481952,0,C,449,3
160.230050432964,72,44.3127879314125,27.6872120685875,0,I,450,3
96.4219611866298,72,44.3130554258823,27.6869445741177,0,C,451,3
129.837333466667,72,44.5171798439696,27.4828201560304,0,I,452,3
51.6208372695497,72,44.6387662505731,6.98207101897659,1,C,453,3
58.1216866368208,72,44.7509619640186,13.3707246728021,1,I,454,3
130.999318938823,72,44.9110894650221,27.0889105349779,0,C,455,3
71.3912262312067,72,45.0473706889898,26.343855542217,1,I,456,3
54.4551870897392,72,45.2475187322125,9.20766835752671,1,C,457,3
86.7747088789139,72,45.5927434656769,26.4072565343231,0,I,458,3
99.6912751919476,72,45.6527385860682,26.3472614139319,0,C,459,3
138.213612731482,72,45.8144603809342,26.1855396190658,0,I,460,3
101.51386404007,72,45.8592625614256,26.1407374385744,0,C,461,3
163.049510674013,72,45.96985692624,26.03014307376,0,I,462,3
144.49328259584,72,46.0994915664196,25.9005084335804,0,C,463,3
138.577258959612,72,46.1278476146981,25.8721523853019,0,I,464,3
215.973862928486,72,46.2259213021025,25.7740786978975,0,C,465,3
64.1880478253909,72,46.3476157793775,17.8404320460134,1,I,466,3
412.910822647533,72,46.7172687593848,25.2827312406153,0,C,467,3
281.084627622499,72,46.7703715665266,25.2296284334734,0,I,468,3
147.90161851798,72,46.8892390932888,25.1107609067112,0,C,469,3
244.455872119074,72,47.0630315691233,24.9369684308767,0,I,470,3
51.4007600988278,72,47.1057470608503,4.29501303797754,1,C,471,3
115.920837460593,72,47.1083289245144,24.8916710754857,0,I,472,3
155.624394568855,72,47.1283156145364,24.8716843854636,0,C,473,3
69.6133569070182,72,47.3804105306044,22.2329463764138,1,I,474,3
91.6382830046764,72,47.4861226743087,24.5138773256913,0,C,475,3
55.9559622686512,72,47.5039420556277,8.45202021302346,1,I,476,3
98.2207020274524,72,47.6134323282167,24.3865676717833,0,C,477,3
181.592885426165,54.6293553848922,47.7644780371338,6.86487734775839,0,I,478,3
113.089523731373,72,47.8223418071866,24.1776581928134,0,C,479,3
120.793912726613,72,47.9625158803538,24.0374841196463,0,I,480,3
61.6235793520229,72,47.9945970559493,13.6289822960736,1,C,481,3
90.0632275509204,72,48.0010986607522,23.9989013392478,0,I,482,3
78.4615452037188,72,48.0218773987144,23.9781226012856,0,C,483,3
85.4117662414575,72,48.1667552283034,23.8332447716966,0,I,484,3
61.9963990203614,72,48.3337217895314,13.66267723083,1,C,485,3
278.942336031041,72,48.5387154808268,23.4612845191732,0,I,486,3
225.118053441251,72,48.6149866227061,23.3850133772939,0,C,487,3
95.6056977352624,72,48.6379992635921,23.3620007364079,0,I,488,3
301.101934036778,72,48.6712832003832,23.3287167996168,0,C,489,3
54.6810561519745,72,48.8800768693909,5.80097928258363,1,I,490,3
62.473564643123,72,48.9075148198754,13.5660498232477,1,C,491,3
208.744913643959,72,49.0003438247368,22.9996561752632,0,I,492,3
336.469193893098,72,49.2425697343424,22.7574302656576,0,C,493,3
137.487961671831,72,49.2605015728623,22.7394984271377,0,I,494,3
185.592385235788,72,49.2734944727272,22.7265055272728,0,C,495,3
68.8129303478323,72,49.3461905093864,19.4667398384459,1,I,496,3
239.716162942716,72,49.4359312159941,22.5640687840059,0,C,497,3
147.351638120025,72,49.4381981296465,22.5618018703535,0,I,498,3
61.6801508143321,72,49.4405849184841,12.239565895848,1,C,499,3
241.199123411727,72,49.452887638472,22.547112361528,0,I,500,3
77.0328417935514,72,49.5659286109731,22.4340713890269,0,C,501,3
58.024391797731,72,49.8297605803236,8.19463121740736,1,I,502,3
180.300737372008,72,49.8449922166765,22.1550077833235,0,C,503,3
392.825166357004,72,49.8776375921443,22.1223624078557,0,I,504,3
194.872215709296,72,49.9867487372831,22.013251262717,0,C,505,3
273.926273413651,72,50.1729076355696,21.8270923644304,0,I,506,3
129.256009625488,72,50.2662976831198,21.7337023168802,0,C,507,3
590.868604106502,72,50.3088030824438,21.6911969175562,0,I,508,3
115.759729351986,72,50.5742173176259,21.4257826823741,0,C,509,3
50.8377999729943,72,50.5938981240615,0.243901848932722,1,I,510,3
181.169956781631,72,50.7160456571728,21.2839543428272,0,C,511,3
138.894593509186,72,50.7192785153166,21.2807214846835,0,I,512,3
60.6477904158732,72,50.9098637290299,9.73792668684331,1,C,513,3
155.3851032328,72,51.027185744606,20.972814255394,0,I,514,3
169.307143353708,72,51.2088231509551,20.7911768490449,0,C,515,3
124.422004334587,72,51.2758955033496,20.7241044966504,0,I,516,3
199.032581662549,72,51.61311943084,20.38688056916,0,C,517,3
89.0586276537129,72,51.6427936870605,20.3572063129395,0,I,518,3
164.655249194852,72,51.8498755339533,20.1501244660467,0,C,519,3
242.353666726919,72,51.8989521078765,20.1010478921235,0,I,520,3
94.0022885665324,65.696123719051,51.9241181574762,13.7720055615748,0,C,521,3
557.213155224988,72,51.9866092968732,20.0133907031268,0,I,522,3
99.2775347026691,72,52.0960752479732,19.9039247520268,0,C,523,3
293.790805224675,72,52.1779403602704,19.8220596397296,0,I,524,3
64.018970828795,72,52.2932996414602,11.7256711873348,1,C,525,3
102.132412885269,72,52.3447948694229,19.6552051305771,0,I,526,3
121.545821804809,72,52.4062341218814,19.5937658781186,0,C,527,3
323.828392829477,72,52.4682696210221,19.531730378978,0,I,528,3
208.909240708551,72,52.5240041222423,19.4759958777577,0,C,529,3
107.935050516663,55.6607849851331,52.5971079804003,3.06367700473272,0,I,530,3
229.359693641309,72,52.7483454812318,19.2516545187682,0,C,531,3
105.209485373485,72,52.7689273143187,19.2310726856813,0,I,532,3
104.977920231092,72,53.0593673978001,18.9406326021999,0,C,533,3
70.4994931438555,72,53.1872499687597,17.3122431750958,1,I,534,3
81.403871699755,72,53.2030237605795,18.7969762394205,0,C,535,3
151.381456618487,72,53.2996637793258,18.7003362206742,0,I,536,3
55.9452064433031,72,53.4731515310705,2.47205491223263,1,C,537,3
87.4959576970944,72,53.4861254319549,18.5138745680451,0,I,538,3
434.551334484249,72,53.5547645576298,18.4452354423702,0,C,539,3
206.345464209707,72,53.5962075646967,18.4037924353033,0,I,540,3
59.2029055619206,72,53.6164021259174,5.58650343600325,1,C,541,3
270.401061466158,72,53.6335900286213,18.3664099713787,0,I,542,3
118.835582374322,72,53.8288782443851,18.1711217556149,0,C,543,3
207.144476482309,72,54.0237391646951,17.9762608353049,0,I,544,3
363.819200501194,72,54.04197528027,17.95802471973,0,C,545,3
97.5926993605802,72,54.2373151844367,17.7626848155633,0,I,546,3
59.5321901399409,72,54.3990594148636,5.13313072507735,1,C,547,3
89.5972438833903,72,54.4361529825255,17.5638470174745,0,I,548,3
71.6429945711003,72,54.6090321103111,17.0339624607892,1,C,549,3
136.396247323686,72,54.6124720713124,17.3875279286876,0,I,550,3
79.8998930260837,72,54.8295327695087,17.1704672304913,0,C,551,3
69.684646676145,72,54.8590233922005,14.8256232839446,1,I,552,3
210.760510562521,72,54.9471287475899,17.0528712524101,0,C,553,3
323.469249844521,72,55.0593107426539,16.9406892573461,0,I,554,3
79.4509628781233,72,55.1339865429327,16.8660134570673,0,C,555,3
325.648248238283,72,55.3181771468371,16.6818228531629,0,I,556,3
82.4576697394684,72,55.3616875503212,16.6383124496788,0,C,557,3
134.067555137541,72,55.3675399767235,16.6324600232765,0,I,558,3
86.8648047804192,72,55.388369075954,16.611630924046,0,C,559,3
81.94244077466,72,55.4511201800779,16.5488798199222,0,I,560,3
180.976053400094,72,55.4646535310894,16.5353464689106,0,C,561,3
103.557800478031,72,55.5044417269528,16.4955582730472,0,I,562,3
107.308291756796,72,55.5294354306534,16.4705645693466,0,C,563,3
266.649981836589,72,55.6128889136016,16.3871110863984,0,I,564,3
171.836517432739,72,55.6899386364967,16.3100613635033,0,C,565,3
206.692463733764,72,56.0968791414052,15.9031208585948,0,I,566,3
274.466295464218,72,56.1055822251365,15.8944177748635,0,C,567,3
74.3487161462302,72,56.1609491659328,15.8390508340672,0,I,568,3
116.45946207163,72,56.2316665425897,15.7683334574103,0,C,569,3
136.070195739396,72,56.3425109675154,15.6574890324846,0,I,570,3
96.8658348612463,72,56.5991731127724,15.4008268872276,0,C,571,3
128.805604254512,72,56.6168073797599,15.3831926202402,0,I,572,3
60.4315881215569,72,56.677944897674,3.75364322388282,1,C,573,3
61.2501565346398,72,56.8493828410283,4.40077369361149,1,I,574,3
150.620134040397,72,56.8954244395718,15.1045755604282,0,C,575,3
83.8619041000147,72,56.899254382588,15.100745617412,0,I,576,3
100.830507014859,72,57.0286394935101,14.9713605064899,0,C,577,3
183.799855997214,72,57.0453503262252,14.9546496737748,0,I,578,3
72.1594262643806,72,57.1660073893145,14.8339926106855,0,C,579,3
284.243855914777,72,57.2363917389885,14.7636082610115,0,I,580,3
85.0821303671167,72,57.262355312705,14.737644687295,0,C,581,3
137.507820736867,72,57.2808446316049,14.7191553683952,0,I,582,3
90.7321753389274,67.9611807829277,57.3344845091924,10.6266962737353,0,C,583,3
123.799312203465,72,57.4611277878285,14.5388722121716,0,I,584,3
103.86763341388,72,57.4733689846471,14.5266310153529,0,C,585,3
243.215434117752,72,57.516302363947,14.483697636053,0,I,586,3
63.2266153240702,72,57.5883469730616,5.63826835100863,1,C,587,3
131.861214946626,72,57.6001538895071,14.3998461104929,0,I,588,3
78.0396430009105,72,58.0974421883002,13.9025578116998,0,C,589,3
249.124876022837,72,58.2660274207592,13.7339725792408,0,I,590,3
294.232720648682,72,58.3147272979841,13.6852727020159,0,C,591,3
201.355196198637,72,58.3263451326639,13.6736548673362,0,I,592,3
247.042608309063,72,58.3289235737175,13.6710764262825,0,C,593,3
83.8555047489981,72,58.5425519524142,13.4574480475858,0,I,594,3
60.4913012622377,72,58.8835112191737,1.60779004306406,1,C,595,3
87.6438067672963,72,58.9471187442541,13.0528812557459,0,I,596,3
61.9195048908698,72,59.0311686974019,2.88833619346788,1,C,597,3
133.132448511527,72,59.0523815201595,12.9476184798405,0,I,598,3
62.7439398670672,72,59.0685481438413,3.67539172322582,1,C,599,3
429.130254481964,72,59.1154598537833,12.8845401462168,0,I,600,3
61.4048134968486,72,59.1472217487171,2.25759174813144,1,C,601,3
74.9591616444857,69.2879953065267,59.2382266698405,10.0497686366862,0,I,602,3
188.441176891078,72,59.2416986078024,12.7583013921976,0,C,603,3
289.439334151144,72,59.5495569566265,12.4504430433735,0,I,604,3
302.662423511147,72,59.5810865890235,12.4189134109765,0,C,605,3
107.030631486189,72,59.6244933083654,12.3755066916347,0,I,606,3
17.3861033934601,40.034593765052,0.0155487935990095,17.3705545998611,1,I,1,4
230.021400626755,19.5894597140526,0.0201767776161432,19.5692829364364,0,C,2,4
19.7468118201143,4.0103652549722,0.0325449323281646,3.97782032264404,0,I,3,4
1.89730807333362,15.3681083356367,0.101215909235179,1.79609216409844,1,C,4,4
308.324681349359,59.8149194264681,0.161713231354952,59.6532061951131,0,I,5,4
114.327320333682,20.8754762727264,0.360131599009037,20.5153446737173,0,C,6,4
73.4410047038021,72,0.373876914381981,71.626123085618,0,I,7,4
339.73726100372,72,0.384285799227655,71.6157142007724,0,C,8,4
450.993556569973,72,0.416360590606928,71.5836394093931,0,I,9,4
15.7140410130924,72,0.481620663776994,15.2324203493154,1,C,10,4
15.188632368531,53.1459364508995,0.523981810547411,14.6646505579836,1,I,11,4
177.076828187176,72,0.550580327399075,71.4494196726009,0,C,12,4
62.0691599476327,59.7670616596997,0.581965916790068,59.1850957429096,0,I,13,4
442.928135779001,64.9807553771549,0.64801256172359,64.3327428154313,0,C,14,4
19.7148818316054,72,0.661536790430546,19.0533450411748,1,I,15,4
144.323471425597,72,0.726133463904262,71.2738665360957,0,C,16,4
54.4071101631447,9.46903957239536,0.894550206139684,8.57448936625568,0,I,17,4
74.3952659715143,58.1094648271227,0.976976808160543,57.1324880189621,0,C,18,4
392.189437186677,72,1.02161386515945,70.9783861348406,0,I,19,4
12.7305665877775,72,1.08394084498286,11.6466257427947,1,C,20,4
98.9310698414885,72,1.20741679798812,70.7925832020119,0,I,21,4
168.732521509971,72,1.25422704499215,70.7457729550079,0,C,22,4
65.5266265777342,72,1.29397517535836,64.2326514023759,1,I,23,4
11.9151881866549,72,1.31995538715273,10.5952327995021,1,C,24,4
65.2095713309513,25.7804833464341,1.36074952315539,24.4197338232787,0,I,25,4
56.7794708545171,72,1.37516805902123,55.4043027954959,1,C,26,4
53.763574050822,72,1.47065217141062,52.2929218794113,1,I,27,4
40.8154473943964,72,1.51197266299278,39.3034747314037,1,C,28,4
10.2231293777301,72,1.73746700864285,8.48566236908722,1,I,29,4
148.956371476896,72,1.83750651776791,70.1624934822321,0,C,30,4
56.4192024918399,49.0019238338417,2.10298966616392,46.8989341676777,0,I,31,4
105.218231746471,72,2.25999838672578,69.7400016132742,0,C,32,4
13.418354854303,72,2.36095821484923,11.0573966394538,1,I,33,4
69.6203489700909,46.1006297434237,2.51859311945736,43.5820366239664,0,C,34,4
79.6759300164075,72,2.65159278642386,69.3484072135761,0,I,35,4
57.4427075585183,43.0392903040239,2.69898533821106,40.3403049658128,0,C,36,4
23.2785468964556,26.7076212959143,2.74320538155735,20.5353415148982,1,I,37,4
84.7763669720938,72,2.75294695515186,69.2470530448482,0,C,38,4
3.51074840065078,72,2.84468231722713,0.666066083423653,1,I,39,4
4.70028857287576,72,2.93275480158627,1.76753377128949,1,C,40,4
177.698319052794,72,2.99195862840861,69.0080413715914,0,I,41,4
3.84333951937798,33.4419510982268,3.00695438403636,0.83638513534162,1,C,42,4
97.3238927270231,72,3.01157936453819,68.9884206354618,0,I,43,4
62.7700202689203,72,3.25621386989951,59.5138063990208,1,C,44,4
89.2904986536784,72,3.36117911618203,68.638820883818,0,I,45,4
80.4043915797919,72,3.38988225907087,68.6101177409291,0,C,46,4
215.953093533386,72,3.4254268091172,68.5745731908828,0,I,47,4
102.812416997774,72,3.4763282071799,68.5236717928201,0,C,48,4
53.0669034098811,72,3.485326487571,49.5815769223101,1,I,49,4
31.5819765918011,63.1279411057543,3.57896730769426,28.0030092841068,1,C,50,4
9.13996233605888,72,3.59000915195793,5.54995318410095,1,I,51,4
34.8295725055612,72,3.82614331785589,31.0034291877053,1,C,52,4
14.4895578806463,72,3.85532333515584,10.6342345454905,1,I,53,4
4.31129219628602,72,3.96281649358571,0.348475702700311,1,C,54,4
9.83095968132298,19.2350084336654,4.07849304378033,5.75246663754266,1,I,55,4
215.196621037672,72,4.09239440225065,67.9076055977494,0,C,56,4
8.42076503463133,72,4.23433074261993,4.1864342920114,1,I,57,4
8.99216175022448,72,4.35050081927329,4.64166093095119,1,C,58,4
141.592941401887,16.8035596256603,4.37096379697323,12.432595828687,0,I,59,4
89.312434961971,72,4.46839902084321,67.5316009791568,0,C,60,4
61.9646665621118,43.7264469287422,4.6118769608438,39.1145699678984,0,I,61,4
220.071956451952,72,4.61747263558209,67.3825273644179,0,C,62,4
131.89002450959,72,4.75608915556222,67.2439108444378,0,I,63,4
114.495657920586,72,4.78689917363226,67.2131008263677,0,C,64,4
120.613359102899,72,4.85147990752012,67.1485200924799,0,I,65,4
20.8581107192766,72,4.92894269060344,15.9291680286731,1,C,66,4
96.9223227440098,13.1048568476167,4.94993687141687,8.15491997619987,0,I,67,4
271.297659669891,72,5.47142521943897,66.528574780561,0,C,68,4
124.522244242571,72,5.69343442562968,66.3065655743703,0,I,69,4
125.911646403112,72,5.87868162430823,66.1213183756918,0,C,70,4
68.8909630679058,72,5.94088733196259,62.9500757359432,1,I,71,4
36.1861561264133,72,6.04464237112552,30.1415137552878,1,C,72,4
76.2914405374005,58.5304422037999,6.29569702316076,52.2347451806391,0,I,73,4
43.1443576056614,72,6.44387190230191,36.7004857033595,1,C,74,4
37.3697740671549,72,6.47920964285731,30.8905644242976,1,I,75,4
12.3460500672308,72,6.62950029596686,5.7165497712639,1,C,76,4
279.294333825613,42.2870253664677,6.7108822055161,35.5761431609516,0,I,77,4
74.9675512648357,72,6.85710872523487,65.1428912747651,0,C,78,4
7.71861653874152,72,6.93670197855681,0.781914560184709,1,I,79,4
319.983017963637,72,6.9974949862808,65.0025050137192,0,C,80,4
76.5130646154593,48.5876593183493,7.04014977905899,41.5475095392903,0,I,81,4
113.745536855417,72,7.30929175391793,64.6907082460821,0,C,82,4
13.4538059886686,72,7.33938539866358,6.11442059000503,1,I,83,4
216.327071183834,72,7.37823941744864,64.6217605825514,0,C,84,4
102.38890384646,72,7.45037604589015,64.5496239541099,0,I,85,4
77.4138430152915,72,7.66421995125711,64.3357800487429,0,C,86,4
15.1265131223644,72,7.78219970874488,7.34431341361956,1,I,87,4
29.5014588214966,72,7.87263573613018,21.6288230853664,1,C,88,4
229.439389792514,36.9229781285467,7.9071278963238,29.0158502322229,0,I,89,4
14.0582170030296,72,7.91688276920468,6.14133423382495,1,C,90,4
56.0728111150229,72,7.97293976414949,48.0998713508735,1,I,91,4
129.155750757818,72,8.09366321191192,63.9063367880881,0,C,92,4
139.186019500101,72,8.35443510208279,63.6455648979172,0,I,93,4
50.701848092097,72,8.3901205798611,42.3117275122359,1,C,94,4
38.8917295998409,72,8.42204659245908,30.4696830073818,1,I,95,4
16.395815557608,53.9566560166318,8.44689808320254,7.94891747440541,1,C,96,4
77.8812767039925,72,8.55618163011968,63.4438183698803,0,I,97,4
241.970974368093,34.3314756999794,8.62711940892041,25.704356291059,0,C,98,4
135.868752988053,55.3932279719833,8.71791563462466,46.6753123373586,0,I,99,4
24.2787614833074,72,8.72406964190304,15.5546918414044,1,C,100,4
190.753612504503,72,8.78971051890403,63.210289481096,0,I,101,4
176.692605149285,54.377828892158,8.8573936605826,45.5204352315754,0,C,102,4
153.253290864168,46.1083372382667,8.86706474237144,37.2412724958953,0,I,103,4
330.525655942553,72,8.95134036429226,63.0486596357077,0,C,104,4
99.022362113873,72,8.97872214205563,63.0212778579444,0,I,105,4
206.52924321272,72,9.01910691987723,62.9808930801228,0,C,106,4
112.437077978349,72,9.24251439515501,62.757485604845,0,I,107,4
466.712376320254,72,9.25748124718666,62.7425187528133,0,C,108,4
36.9762646564952,11.7263761272211,9.46810367982835,2.25827244739273,0,I,109,4
98.9308528635575,72,9.6087006200105,62.3912993799895,0,C,110,4
85.8842942921734,14.7853583822731,9.64546605013311,5.13989233214001,0,I,111,4
176.77598494412,72,9.85071809962392,62.1492819003761,0,C,112,4
64.061393755397,72,9.85998373478651,54.2014100206104,1,I,113,4
126.62536814658,72,9.90112914238125,62.0988708576188,0,C,114,4
337.35128661951,72,9.90905388258398,62.090946117416,0,I,115,4
76.6913610400343,72,9.93178483564407,62.0682151643559,0,C,116,4
65.740119379419,33.2443821352444,10.0782973179594,23.166084817285,0,I,117,4
36.1614492917055,15.8644824591797,10.4524159384891,5.41206652069061,0,C,118,4
78.5181578154907,72,10.7541279774159,61.2458720225841,0,I,119,4
373.129660724898,52.0385041905384,10.9297910146415,41.1087131758969,0,C,120,4
179.784548837387,72,10.9837387595326,61.0162612404674,0,I,121,4
77.5691046353735,55.3899367212959,11.0733837168664,44.3165530044295,0,C,122,4
20.4474980786342,72,11.1521903146058,9.29530776402833,1,I,123,4
59.4164105993334,72,11.265928898938,48.1504817003954,1,C,124,4
122.012761302456,72,11.3208153750747,60.6791846249253,0,I,125,4
165.735764897784,72,11.3937090151012,60.6062909848988,0,C,126,4
44.8570153739447,54.8303996505691,11.5809693653137,33.276046008631,1,I,127,4
336.514007957575,72,11.5926915546879,60.4073084453121,0,C,128,4
86.8116926046946,72,11.6750687733293,60.3249312266707,0,I,129,4
130.070454291294,72,11.7019345331937,60.2980654668063,0,C,130,4
146.71978386232,72,11.796127455309,60.203872544691,0,I,131,4
308.222691839636,72,11.9107965705916,60.0892034294084,0,C,132,4
130.195443126875,72,12.1861738013104,59.8138261986896,0,I,133,4
206.547952367468,72,12.2693109232932,59.7306890767068,0,C,134,4
66.6501285637368,72,12.3198370356113,54.3302915281255,1,I,135,4
36.008522965756,28.1876038176785,12.433881838806,15.7537219788726,0,C,136,4
420.787174623874,45.0543478585018,12.562278136611,32.4920697218908,0,I,137,4
109.662270048586,72,12.6834025327116,59.3165974672884,0,C,138,4
51.1899582686873,57.522068911899,12.7199829882011,38.4699752804862,1,I,139,4
183.563432657316,72,13.1237003998831,58.8762996001169,0,C,140,4
23.5210693409695,72,13.192279972136,10.3287893688334,1,I,141,4
149.5315736607,72,13.2951714098454,58.7048285901547,0,C,142,4
71.5482066034738,72,13.4659901540726,58.0822164494011,1,I,143,4
133.521691075258,72,13.6207129899412,58.3792870100588,0,C,144,4
39.5378296821038,72,13.6522701848298,25.8855594972739,1,I,145,4
160.519120057567,72,13.6621250957251,58.3378749042749,0,C,146,4
141.709943301775,72,13.6702999798581,58.3297000201419,0,I,147,4
188.267780261586,72,13.6998139740899,58.3001860259101,0,C,148,4
73.8959684110273,72,13.7551144463941,58.2448855536059,0,I,149,4
144.27017213364,36.1562213958115,13.9401328470558,22.2160885487557,0,C,150,4
39.204439266065,72,13.962998567149,25.241440698916,1,I,151,4
114.20863369085,72,14.076861217618,57.923138782382,0,C,152,4
17.7820781185165,72,14.1242908872664,3.65778723125005,1,I,153,4
170.707110015309,72,14.4194142054766,57.5805857945234,0,C,154,4
181.372451112061,72,14.444189267233,57.555810732767,0,I,155,4
20.263311915633,72,14.5983917405829,5.66492017505009,1,C,156,4
130.690460692253,62.2918474533287,14.7152237780392,47.5766236752894,0,I,157,4
27.0143760143809,72,14.7757785301656,12.2385974842153,1,C,158,4
303.906656225629,38.0400329135531,14.7838842915371,23.256148622016,0,I,159,4
316.5341524332,32.7537527035765,15.1565713388845,17.597181364692,0,C,160,4
47.4181129285375,72,15.2569258818403,32.1611870466972,1,I,161,4
92.7967896253306,72,15.335966264829,56.664033735171,0,C,162,4
67.7021819048163,72,15.4024105891585,52.2997713156577,1,I,163,4
154.60357094689,72,15.4551663575694,56.5448336424306,0,C,164,4
201.979296746409,72,15.6119146663696,56.3880853336304,0,I,165,4
159.54685413332,72,15.6224486511201,56.3775513488799,0,C,166,4
63.2097807878859,72,15.8232354931533,47.3865452947325,1,I,167,4
304.154577869636,72,15.8897704817355,56.1102295182645,0,C,168,4
111.082194411135,72,15.9299198817462,56.0700801182538,0,I,169,4
178.32510775812,72,16.0604700632393,55.9395299367607,0,C,170,4
48.4554064175422,72,16.0900957742706,32.3653106432716,1,I,171,4
70.5846400640569,72,16.1067097401246,54.4779303239323,1,C,172,4
255.007476768406,72,16.1742737330496,55.8257262669504,0,I,173,4
150.14495698853,72,16.1908775148913,55.8091224851087,0,C,174,4
29.2054630497327,72,16.2657096236944,12.9397534260382,1,I,175,4
41.6267597238509,21.7736364641609,16.5593273146078,5.21430914955306,0,C,176,4
44.2304155391618,72,16.699304538779,27.5311110003829,1,I,177,4
167.651428395008,40.2807797023934,16.7117849132046,23.5689947891887,0,C,178,4
132.443258364814,72,16.7169811762869,55.2830188237131,0,I,179,4
143.860992977236,72,16.7727737361565,55.2272262638435,0,C,180,4
222.388940730348,72,16.7966944584623,55.2033055415377,0,I,181,4
17.6232698187683,72,17.2609737049788,0.362296113789454,1,C,182,4
79.4242102964732,72,17.3431975068524,54.6568024931476,0,I,183,4
71.8379662714226,72,17.3766081919894,54.4613580794332,1,C,184,4
184.441044959808,72,17.4146132497117,54.5853867502883,0,I,185,4
160.597322577708,55.8631016543693,17.5553686358035,38.3077330185658,0,C,186,4
234.272920398557,72,17.6643080636859,54.3356919363141,0,I,187,4
74.2967647771382,72,17.7015423215926,54.2984576784074,0,C,188,4
137.967792568595,72,17.7145683718845,54.2854316281155,0,I,189,4
46.8979601249529,72,17.7730531012639,29.1249070236889,1,C,190,4
18.9945263511231,63.0772610243835,17.8120859060436,1.18244044507946,1,I,191,4
65.027678703976,72,17.9927580663934,47.0349206375825,1,C,192,4
147.386785085788,72,18.0038870824501,53.9961129175499,0,I,193,4
28.9156595316903,72,18.1809842633083,10.7346752683819,1,C,194,4
91.203686356382,72,18.2277466496453,53.7722533503547,0,I,195,4
263.201903702258,72,18.2537574833259,53.7462425166741,0,C,196,4
303.632479382341,72,18.305074358359,53.694925641641,0,I,197,4
349.074265280889,72,18.3361857756972,53.6638142243028,0,C,198,4
623.628658536535,72,18.4575805161148,53.5424194838852,0,I,199,4
157.1743167506,72,18.6273640673608,53.3726359326392,0,C,200,4
24.5393227090425,72,18.6368453269824,5.90247738206004,1,I,201,4
35.0835598379064,72,18.8771107094362,16.2064491284702,1,C,202,4
114.354784697679,72,18.8772962708026,53.1227037291974,0,I,203,4
89.0545937619887,56.8559767956794,19.2060740618035,37.6499027338759,0,C,204,4
80.2527194430913,72,19.281268841587,52.718731158413,0,I,205,4
57.623430024249,72,19.379942798987,38.2434872252619,1,C,206,4
51.9831236488352,72,19.3854136532173,32.5977099956179,1,I,207,4
114.630387176483,72,19.4116107048467,52.5883892951533,0,C,208,4
182.466144690078,25.9915740243413,19.4160804105923,6.57549361374905,0,I,209,4
84.0293781373525,72,19.676726013422,52.323273986578,0,C,210,4
143.760455261639,72,19.7139894962311,52.2860105037689,0,I,211,4
70.981332822495,72,19.7456593578681,51.2356734646269,1,C,212,4
104.445477827952,72,19.8267214000225,52.1732785999775,0,I,213,4
59.7064624527884,42.5530724458004,19.8860702337697,22.6670022120306,0,C,214,4
100.211077457433,72,19.915709272027,52.084290727973,0,I,215,4
126.550322777826,72,20.2779668709263,51.7220331290737,0,C,216,4
47.620221563016,72,20.7485106121749,26.8717109508411,1,I,217,4
170.080897266953,72,20.8116195257753,51.1883804742247,0,C,218,4
187.053212154948,72,20.9385627647862,51.0614372352138,0,I,219,4
402.339511850352,72,20.9402802586555,51.0597197413445,0,C,220,4
188.890440911743,72,21.0059285815805,50.9940714184195,0,I,221,4
37.0102767483711,43.4086274299429,21.0249987104908,15.9852780378803,1,C,222,4
26.7583456795772,72,21.1322610871866,5.62608459239053,1,I,223,4
36.2000000705071,72,21.1864266358316,15.0135734346755,1,C,224,4
429.948533637787,72,21.2480657408014,50.7519342591986,0,I,225,4
96.2660323335046,72,21.2688377033919,50.7311622966081,0,C,226,4
86.5150051612356,72,21.2961780885234,50.7038219114766,0,I,227,4
370.488340028057,72,21.3060756353661,50.6939243646339,0,C,228,4
410.365910349613,72,21.3288074824959,50.6711925175041,0,I,229,4
210.518205942645,72,21.3601786410436,50.6398213589564,0,C,230,4
188.541317988782,41.4417916738672,21.4060557307675,20.0357359430996,0,I,231,4
110.907613336791,72,21.4903852902353,50.5096147097647,0,C,232,4
279.230729782702,72,21.7646732507274,50.2353267492727,0,I,233,4
113.970783162435,72,21.8007922824472,50.1992077175528,0,C,234,4
105.264070718296,72,21.8552991561592,50.1447008438408,0,I,235,4
83.6536418901143,72,21.9635870726779,50.0364129273221,0,C,236,4
44.0211440927592,50.7777387068584,22.1259667631239,21.8951773296353,1,I,237,4
85.0382621363671,64.3489849972515,22.1771514834836,42.1718335137679,0,C,238,4
109.903587771289,23.7974131843758,22.2003392223269,1.59707396204893,0,I,239,4
49.9964727412534,72,22.2080121003091,27.7884606409443,1,C,240,4
35.8828518790038,22.7224918996495,22.2371868789196,0.485305020729935,0,I,241,4
78.128977193766,72,22.2794244065881,49.7205755934119,0,C,242,4
50.4056277061415,30.2271732721624,22.3287934809923,7.89837979117006,0,I,243,4
365.679886665574,72,22.4087458429858,49.5912541570142,0,C,244,4
57.901705550123,72,22.6385281747207,35.2631773754022,1,I,245,4
119.985760235346,27.3711261927593,23.0508017353714,4.32032445738792,0,C,246,4
42.3654426103998,72,23.356592617929,19.0088499924708,1,I,247,4
122.181153029746,72,23.4441394312307,48.5558605687693,0,C,248,4
40.0388863823499,27.6301727830431,23.5171354981139,4.11303728492916,0,I,249,4
79.1493390298436,72,23.5353973321617,48.4646026678383,0,C,250,4
72.3284524595697,72,23.6477491166443,48.3522508833557,0,I,251,4
240.507700306336,72,23.7147493986413,48.2852506013587,0,C,252,4
515.328169495752,72,23.7338563939557,48.2661436060444,0,I,253,4
192.410418979301,72,23.7968516070396,48.2031483929604,0,C,254,4
86.4968553959827,62.6677416649502,23.849327727221,38.8184139377292,0,I,255,4
115.646202165132,72,24.0516046481207,47.9483953518793,0,C,256,4
82.0209232994271,72,24.1457715304568,47.8542284695432,0,I,257,4
54.243397877034,72,24.1550384648144,30.0883594122196,1,C,258,4
521.712868670535,72,24.5126823848113,47.4873176151887,0,I,259,4
154.874306161131,72,24.5299798669294,47.4700201330707,0,C,260,4
131.121707261534,72,24.7538333153352,47.2461666846648,0,I,261,4
114.293973080725,72,24.8014046391472,47.1985953608528,0,C,262,4
36.0155516123143,72,24.9527936428785,11.0627579694358,1,I,263,4
313.489719410152,72,25.0846944423392,46.9153055576608,0,C,264,4
161.318875651764,66.8265279569108,25.1511534070596,41.6753745498511,0,I,265,4
44.282169260812,72,25.2709892531857,19.0111800076263,1,C,266,4
102.051629682611,50.6517534775322,25.4899439681321,25.1618095094,0,I,267,4
49.6855943383567,72,25.5545114725828,24.1310828657738,1,C,268,4
49.924537825472,72,25.5785881401971,24.3459496852749,1,I,269,4
32.4056761746326,48.9362450475177,25.5971429077908,6.8085332668418,1,C,270,4
124.770906124216,72,25.6527862418443,46.3472137581557,0,I,271,4
434.158437617059,72,25.6554516032338,46.3445483967662,0,C,272,4
90.0615978805487,72,25.7268498139456,46.2731501860544,0,I,273,4
58.8112876496608,72,25.9149891184643,32.8962985311965,1,C,274,4
51.7734089215804,72,26.1199630005285,25.6534459210519,1,I,275,4
284.850872009389,72,26.158235790208,45.841764209792,0,C,276,4
42.0441910782303,72,26.2035469757393,15.840644102491,1,I,277,4
184.066074120154,72,26.2174950633198,45.7825049366802,0,C,278,4
630.180911429049,72,26.2445453647524,45.7554546352476,0,I,279,4
40.3991172365018,72,26.255296356976,14.1438208795258,1,C,280,4
189.432992586832,72,26.5274712117389,45.4725287882611,0,I,281,4
484.088954256526,51.5914159733809,26.6757620126009,24.91565396078,0,C,282,4
280.525529667414,42.4197086835312,26.7022917838767,15.7174168996545,0,I,283,4
95.588542734445,72,26.7066488787532,45.2933511212468,0,C,284,4
63.1452065728784,72,26.8742588767782,36.2709476961002,1,I,285,4
96.557758294009,72,26.8907032767311,45.1092967232689,0,C,286,4
206.198729257651,72,27.0101407309994,44.9898592690006,0,I,287,4
137.28939292649,72,27.14925322216,44.85074677784,0,C,288,4
340.788182548277,66.7246252600905,27.2355875652283,39.4890376948622,0,I,289,4
298.296095699804,72,27.3160251276568,44.6839748723432,0,C,290,4
43.2912772656876,72,27.6842105342075,15.6070667314801,1,I,291,4
35.3990946685062,72,27.9427254153416,7.45636925316467,1,C,292,4
39.8243741024082,72,27.9732322599739,11.8511418424343,1,I,293,4
159.190068967923,70.5055760464039,28.1016704253852,42.4039056210186,0,C,294,4
447.562186606741,72,28.1614587642252,43.8385412357748,0,I,295,4
51.360161420448,72,28.3011202840135,23.0590411364346,1,C,296,4
214.324369017025,72,28.4846496535465,43.5153503464535,0,I,297,4
282.503738832355,72,28.490575896576,43.509424103424,0,C,298,4
99.0200392280494,72,28.5842637671158,43.4157362328842,0,I,299,4
323.534480479665,59.9649599068074,28.7174687767401,31.2474911300673,0,C,300,4
71.8007796285004,64.7021531509443,28.7359944311902,35.9661587197541,0,I,301,4
30.3482006150882,72,28.8277250574902,1.520475557598,1,C,302,4
139.965540611026,72,28.891504118219,43.108495881781,0,I,303,4
78.658156019423,72,28.9325564866886,43.0674435133114,0,C,304,4
200.922345545173,72,29.0023076534271,42.9976923465729,0,I,305,4
240.845417664467,72,29.1110616736114,42.8889383263886,0,C,306,4
146.706516344611,72,29.1305142408237,42.8694857591763,0,I,307,4
125.933735695666,72,29.1741182841361,42.8258817158639,0,C,308,4
29.3667677322586,72,29.2743577994406,0.0924099328179645,1,I,309,4
70.3017594609678,72,29.406552426517,40.8952070344508,1,C,310,4
211.135195322928,72,29.4439230719581,42.5560769280419,0,I,311,4
40.4360259386016,72,29.4500562921166,10.985969646485,1,C,312,4
63.7188404066816,72,29.5957493316382,34.1230910750433,1,I,313,4
154.450332359419,72,29.6008148929104,42.3991851070896,0,C,314,4
148.412187880201,46.9957088696527,29.7177903167903,17.2779185528624,0,I,315,4
112.30518585254,72,29.7449680790305,42.2550319209695,0,C,316,4
79.9538690727677,69.4170947724745,29.8190390272066,39.5980557452679,0,I,317,4
247.118862103212,72,29.9879625532776,42.0120374467224,0,C,318,4
85.7593818353293,72,30.1577670034021,41.8422329965979,0,I,319,4
72.6788649797082,72,30.1903554378077,41.8096445621923,0,C,320,4
104.846582175686,72,30.2151043899357,41.7848956100643,0,I,321,4
42.9827150208755,72,30.3630941687152,12.6196208521603,1,C,322,4
37.0185100973871,31.3328256428542,30.4015641007572,0.931261542096973,0,I,323,4
49.0655899326727,72,30.7220834121108,18.3435065205619,1,C,324,4
98.3174526834535,72,30.7643480831757,41.2356519168243,0,I,325,4
76.5013557786473,63.2235378330122,31.2563552800566,31.9671825529556,0,C,326,4
89.3904504867362,72,31.3749399594963,40.6250600405037,0,I,327,4
113.863773024238,72,31.4761490933597,40.5238509066403,0,C,328,4
38.838047583585,72,31.5061609027907,7.33188668079431,1,I,329,4
257.010443052009,72,31.6330903116614,40.3669096883386,0,C,330,4
124.395320990777,72,31.6931395651773,40.3068604348227,0,I,331,4
53.3414779756134,72,31.7454896913841,21.5959882842293,1,C,332,4
115.596279376875,72,31.9913906604052,40.0086093395948,0,I,333,4
310.073025701239,72,32.1274558268487,39.8725441731513,0,C,334,4
166.900720925136,72,32.2250489098951,39.7749510901049,0,I,335,4
122.27072840971,72,32.2382154129446,39.7617845870554,0,C,336,4
129.628470459528,72,32.2676719632,39.7323280368,0,I,337,4
37.2464527874742,72,32.2969496855512,4.94950310192299,1,C,338,4
353.921263916319,72,32.3577030468732,39.6422969531268,0,I,339,4
69.8858328152899,72,32.3652798961848,37.5205529191051,1,C,340,4
293.610876200454,72,32.5504547310993,39.4495452689007,0,I,341,4
45.3049102673476,72,32.6226163096726,12.682293957675,1,C,342,4
164.669302422429,72,32.6450060773641,39.3549939226359,0,I,343,4
525.702299628423,72,32.695778911002,39.304221088998,0,C,344,4
182.320444332122,72,32.7386745158583,39.2613254841417,0,I,345,4
293.00435686427,42.1624886979306,32.7681911503896,9.39429754754097,0,C,346,4
216.085644044321,72,32.9392169695348,39.0607830304652,0,I,347,4
77.913749143889,72,33.0358521267772,38.9641478732228,0,C,348,4
340.758018450627,72,33.0881259636953,38.9118740363047,0,I,349,4
107.825024767196,72,33.2425341987982,38.7574658012018,0,C,350,4
203.243300014241,72,33.5223571630195,38.4776428369805,0,I,351,4
83.3742443397961,72,33.6648636404425,38.3351363595575,0,C,352,4
71.2279698929171,72,33.7091458914802,37.5188240014369,1,I,353,4
88.0899061768296,72,33.7886352511123,38.2113647488877,0,C,354,4
184.273280268727,72,33.9018559735268,38.0981440264732,0,I,355,4
35.7276367697833,72,34.069959204644,1.65767756513933,1,C,356,4
78.1457859370179,72,34.2903156392276,37.7096843607724,0,I,357,4
101.364935230602,72,34.347736844793,37.652263155207,0,C,358,4
94.7029228540739,72,34.7720728442073,37.2279271557927,0,I,359,4
58.4486345266269,72,34.8010154999793,23.6476190266476,1,C,360,4
162.892324833196,58.4160395100601,34.8928966652602,23.5231428447999,0,I,361,4
48.8532351109587,72,34.9542168807238,13.8990182302348,1,C,362,4
83.0897993814071,72,34.9647600017488,37.0352399982512,0,I,363,4
75.5258685985032,72,34.9863977869973,37.0136022130027,0,C,364,4
235.09334303336,72,35.1196401519701,36.8803598480299,0,I,365,4
130.545396394502,72,35.1232834160328,36.8767165839672,0,C,366,4
417.159076670295,72,35.2275853045285,36.7724146954715,0,I,367,4
249.862644496189,72,35.3750864462927,36.6249135537073,0,C,368,4
127.395133461582,39.0266008897877,35.4020816646516,3.62451922513606,0,I,369,4
50.4674613427639,72,36.3450329750776,14.1224283676863,1,C,370,4
369.054512566374,72,36.6420052293688,35.3579947706312,0,I,371,4
45.797363683402,72,36.8370489031076,8.96031478029437,1,C,372,4
54.1825802869853,72,36.8765102187172,17.3060700682681,1,I,373,4
125.27718821908,72,36.9017486041412,35.0982513958588,0,C,374,4
410.753204275772,54.0281070876904,36.9406302133575,17.0874768743329,0,I,375,4
47.1805051833652,62.0243109122304,36.9842183450237,10.1962868383415,1,C,376,4
78.9742062805097,61.9910979380923,37.017300655134,24.9737972829583,0,I,377,4
112.981482945185,72,37.0645910874009,34.9354089125991,0,C,378,4
52.3675232595227,72,37.2773580020294,15.0901652574933,1,I,379,4
177.431266287103,72,37.3050672607496,34.6949327392504,0,C,380,4
137.555112179113,72,37.5721670826897,34.4278329173103,0,I,381,4
213.085450324445,72,37.6926886243746,34.3073113756254,0,C,382,4
163.913204256221,72,37.9414923582226,34.0585076417774,0,I,383,4
73.8712204953048,72,38.2052365830168,33.7947634169832,0,C,384,4
178.253147949211,72,38.4575382806361,33.5424617193639,0,I,385,4
73.4941178554528,72,38.5332299536094,33.4667700463906,0,C,386,4
266.174551949499,72,38.6229917686433,33.3770082313567,0,I,387,4
170.456908425398,72,38.7984689511359,33.2015310488641,0,C,388,4
313.173500061223,72,38.8674556324258,33.1325443675742,0,I,389,4
59.6823210728287,72,39.0200820704922,20.6622390023365,1,C,390,4
69.4809121927142,72,39.0207166783512,30.460195514363,1,I,391,4
147.478743904739,72,39.0283589344472,32.9716410655528,0,C,392,4
91.6891423871218,72,39.0767358709127,32.9232641290873,0,I,393,4
86.7597665638236,46.2166075670896,39.0941748255864,7.12243274150325,0,C,394,4
59.3091138247778,72,39.3756286706775,19.9334851541003,1,I,395,4
104.127252501936,72,39.4105096254498,32.5894903745502,0,C,396,4
231.534253595877,66.4031597172714,39.4646170875058,26.9385426297657,0,I,397,4
107.270429659447,72,39.4846586370841,32.5153413629159,0,C,398,4
235.795853515802,72,39.4895665626973,32.5104334373027,0,I,399,4
105.163593099502,72,39.5609498256817,32.4390501743183,0,C,400,4
86.1255632440938,72,39.5777566311881,32.4222433688119,0,I,401,4
119.974823682488,52.1539322323614,39.796500178054,12.3574320543074,0,C,402,4
134.592636544148,72,39.9393132235855,32.0606867764145,0,I,403,4
208.512709707285,72,40.0247125513852,31.9752874486148,0,C,404,4
53.7107574668542,72,40.0399216683581,13.670835798496,1,I,405,4
74.7841385434963,72,40.2132858848199,31.7867141151801,0,C,406,4
58.1938684315351,72,40.2595481229946,17.9343203085405,1,I,407,4
129.920311065708,70.6648850728392,40.2999171707779,30.3649679020613,0,C,408,4
213.070472888601,66.7185146564065,40.3795859729871,26.3389286834194,0,I,409,4
49.0423292512845,72,40.5745052453131,8.46782400597148,1,C,410,4
130.399935595663,48.3438943050938,40.6108936993405,7.73300060575329,0,I,411,4
128.626086849217,72,40.8060032408685,31.1939967591316,0,C,412,4
73.7682145854521,47.1335732334846,40.8647848991677,6.26878833431685,0,I,413,4
77.5386809386903,72,40.9994165506214,31.0005834493786,0,C,414,4
67.4919723609879,72,41.0212738998234,26.4706984611645,1,I,415,4
124.558464705659,72,41.0393100650981,30.9606899349019,0,C,416,4
359.272668742701,72,41.3780952896923,30.6219047103077,0,I,417,4
54.436995709176,72,41.4273500209674,13.0096456882085,1,C,418,4
115.732778737358,72,41.5048738243058,30.4951261756942,0,I,419,4
195.172655503233,72,41.6574676986784,30.3425323013216,0,C,420,4
59.9387264602262,50.1024612767858,41.6868592752144,8.41560200157143,0,I,421,4
126.838845351956,72,41.7214459693059,30.2785540306941,0,C,422,4
55.3040138063537,72,41.7510045832023,13.5530092231514,1,I,423,4
176.106495465491,72,42.0623040804639,29.9376959195361,0,C,424,4
70.1256980411021,70.2471615730933,42.064258614555,28.0614394265471,1,I,425,4
80.6033364583325,72,42.2254643496126,29.7745356503874,0,C,426,4
66.5718166445185,72,42.2499559633434,24.3218606811751,1,I,427,4
72.6693691527719,72,42.3254341632128,29.6745658367872,0,C,428,4
232.846127949648,72,42.4469329509884,29.5530670490116,0,I,429,4
119.807544926713,72,42.5071921711788,29.4928078288212,0,C,430,4
53.7216300478398,66.5021335005773,42.8620598372072,10.8595702106326,1,I,431,4
373.325364489005,72,42.9853778611869,29.0146221388131,0,C,432,4
90.07676835287,72,43.0705440882593,28.9294559117407,0,I,433,4
66.8341371229381,59.4772362374601,43.1692358991131,16.308000338347,0,C,434,4
97.0450077761051,72,43.614755300805,28.385244699195,0,I,435,4
143.182852064862,72,43.7273413874209,28.2726586125791,0,C,436,4
454.97593526312,72,43.7315113563091,28.2684886436909,0,I,437,4
110.310627975555,72,43.7685771100223,28.2314228899777,0,C,438,4
109.923145153151,66.9466636434795,44.0396619541571,22.9070016893225,0,I,439,4
134.209029738193,72,44.0785029390827,27.9214970609173,0,C,440,4
51.5454622053248,72,44.0921850409359,7.4532771643889,1,I,441,4
122.188742492534,72,44.1823687171564,27.8176312828437,0,C,442,4
68.7917918678866,72,44.1907196072862,24.6010722606004,1,I,443,4
49.2402182339612,72,44.2391781695187,5.00104006444247,1,C,444,4
175.658125973368,72,44.3848181096837,27.6151818903163,0,I,445,4
136.580874473522,72,44.4184057088569,27.5815942911431,0,C,446,4
184.726535518408,72,44.4403352960944,27.5596647039056,0,I,447,4
52.6337187570224,47.8298457903629,44.4685960002244,3.36124979013858,0,C,448,4
307.175053669219,72,44.5879100868478,27.4120899131522,0,I,449,4
59.6358119653099,72,44.7149254661053,14.9208864992045,1,C,450,4
141.344142646853,72,44.8306088335812,27.1693911664188,0,I,451,4
55.538402358727,72,44.8615483101457,10.6768540485812,1,C,452,4
144.34129766398,72,44.9250161508098,27.0749838491902,0,I,453,4
83.3871211165706,72,45.1204962283373,26.8795037716627,0,C,454,4
169.535773319973,72,45.2217991836369,26.7782008163631,0,I,455,4
152.545506652215,72,45.3614246612415,26.6385753387585,0,C,456,4
66.0532637466027,72,45.3935433877632,20.6597203588395,1,I,457,4
403.461106947574,72,45.4566508485004,26.5433491514996,0,C,458,4
144.050105706434,72,45.5226067313924,26.4773932686076,0,I,459,4
65.6819206872323,72,45.6263376167044,20.0555830705279,1,C,460,4
127.247177987122,72,45.6548520550132,26.3451479449868,0,I,461,4
62.6057620914662,72,45.6881922762841,16.9175698151821,1,C,462,4
53.3647669272035,56.5710990069544,45.7014936301857,7.66327329701772,1,I,463,4
224.27284542361,72,45.759095591493,26.2409044085071,0,C,464,4
222.58021681351,72,46.1262272810563,25.8737727189437,0,I,465,4
280.676602573932,55.2665283046856,46.2023058487102,9.06422245597538,0,C,466,4
70.5510576183074,72,46.2607333017513,24.2903243165561,1,I,467,4
314.931379700397,72,46.3610293110833,25.6389706889167,0,C,468,4
256.009842518625,72,46.6463939566165,25.3536060433835,0,I,469,4
137.617125587308,72,46.6820764867589,25.3179235132411,0,C,470,4
49.2081105176172,51.3695880875343,47.2871860675514,1.9209244500658,1,I,471,4
133.649324128001,72,47.400075676851,24.599924323149,0,C,472,4
48.9774750121108,72,47.4520180933178,1.525456918793,1,I,473,4
198.737071750978,72,47.5690699182451,24.4309300817549,0,C,474,4
182.788940328194,72,47.6842475635931,24.3157524364069,0,I,475,4
590.58858455992,72,47.8830228187144,24.1169771812856,0,C,476,4
108.713658940747,72,48.200351963751,23.799648036249,0,I,477,4
205.298147246557,72,48.2573009328917,23.7426990671083,0,C,478,4
147.338865413787,72,48.3509527333081,23.6490472666919,0,I,479,4
53.2716485219097,72,48.4790815366432,4.79256698526649,1,C,480,4
442.050728089371,72,48.528826595284,23.471173404716,0,I,481,4
228.317390048256,72,48.8184667378664,23.1815332621336,0,C,482,4
64.518886901657,72,48.8865924021229,15.6322944995341,1,I,483,4
50.4645469857955,72,48.9031852874905,1.56136169830504,1,C,484,4
91.7226008563203,72,49.0339277079329,22.9660722920671,0,I,485,4
260.046314893967,72,49.245366579853,22.754633420147,0,C,486,4
382.681165169222,72,49.3758960999548,22.6241039000452,0,I,487,4
73.0999039144731,72,49.4833119213581,22.5166880786419,0,C,488,4
111.023218581843,72,49.534729141742,22.465270858258,0,I,489,4
190.847553824471,72,49.6378198591992,22.3621801408008,0,C,490,4
123.982085427383,72,49.6603657538071,22.3396342461929,0,I,491,4
60.5769902436446,72,49.6605800790712,10.9164101645733,1,C,492,4
57.6155917410698,72,49.766903417185,7.84868832388484,1,I,493,4
115.087662081476,72,49.8309393692762,22.1690606307238,0,C,494,4
286.0942487381,72,49.961442318745,22.038557681255,0,I,495,4
317.235619344173,53.2957098212251,49.9844463961199,3.31126342510515,0,C,496,4
67.4357683304859,72,50.1737087219954,17.2620596084905,1,I,497,4
177.839623793488,72,50.3959796391428,21.6040203608573,0,C,498,4
190.264078838448,72,50.5007799016312,21.4992200983688,0,I,499,4
149.588755419147,72,50.5755258724093,21.4244741275907,0,C,500,4
106.888813536819,72,50.739140259102,21.260859740898,0,I,501,4
376.5542549749,71.079448128167,50.8869999367744,20.1924481913926,0,C,502,4
123.613530451509,72,50.8883093157783,21.1116906842217,0,I,503,4
72.2738795870301,72,50.9438743349165,21.0561256650835,0,C,504,4
150.604666987532,60.4269415487591,50.9766343608499,9.45030718790926,0,I,505,4
110.084136803305,66.4732348174673,50.9827106120065,15.4905242054608,0,C,506,4
128.130791729855,59.6739158995548,51.0680816788226,8.60583422073217,0,I,507,4
333.042259532293,72,51.1244870536029,20.8755129463971,0,C,508,4
197.085928342698,53.9106711307696,51.4593171514571,2.45135397931254,0,I,509,4
78.7286503156571,72,51.6758672241122,20.3241327758878,0,C,510,4
129.183728084687,71.534077246592,51.9272403605282,19.6068368860638,0,I,511,4
216.054328431373,71.4246231575097,51.9564744411036,19.468148716406,0,C,512,4
209.197788332419,72,52.009450905025,19.990549094975,0,I,513,4
214.178159721627,72,52.2187987715006,19.7812012284994,0,C,514,4
91.1868033024979,72,52.4659223947674,19.5340776052326,0,I,515,4
102.948925314958,72,52.9207192920148,19.0792807079852,0,C,516,4
66.25541923204,72,53.0331938853487,13.2222253466913,1,I,517,4
73.5959832362384,72,53.063953416422,18.936046583578,0,C,518,4
167.545675450688,72,53.1142782373354,18.8857217626646,0,I,519,4
80.8808547460601,70.440559359613,53.2528650853783,17.1876942742347,0,C,520,4
64.0537335496004,72,53.3163078082725,10.7374257413279,1,I,521,4
514.310912769087,72,53.3409209595993,18.6590790404007,0,C,522,4
286.254124906245,72,53.3689295500517,18.6310704499483,0,I,523,4
75.9385374620229,72,53.4043967770413,18.5956032229587,0,C,524,4
89.461824012852,72,53.6518518067896,18.3481481932104,0,I,525,4
96.9933914302445,72,53.6553652910516,18.3446347089484,0,C,526,4
123.878737556508,68.5249367234666,53.7111118063331,14.8138249171335,0,I,527,4
603.762282241477,72,53.857307578437,18.142692421563,0,C,528,4
269.698433063098,72,53.9337613340467,18.0662386659533,0,I,529,4
56.0962227330322,72,53.9538788236678,2.14234390936438,1,C,530,4
229.628142439426,72,54.210894475691,17.789105524309,0,I,531,4
101.186685973032,72,54.2460547573865,17.7539452426136,0,C,532,4
108.045630747646,72,54.4282911485061,17.5717088514939,0,I,533,4
56.6634186598734,59.2616028090796,54.4416982261464,2.22172043372698,1,C,534,4
128.356513154278,72,54.45659392979,17.54340607021,0,I,535,4
63.5464506691123,72,54.5240343734622,9.02241629565005,1,C,536,4
161.318414427167,72,54.7128249378875,17.2871750621125,0,I,537,4
74.130558270479,72,54.7231985908002,17.2768014091998,0,C,538,4
154.492034186715,72,54.9954699072987,17.0045300927013,0,I,539,4
102.09432670534,70.4962984302796,55.1483056833968,15.3479927468828,0,C,540,4
201.820308192331,72,55.22104898002,16.77895101998,0,I,541,4
130.950765744659,72,55.4345182143152,16.5654817856848,0,C,542,4
251.671082168984,72,55.844274382107,16.155725617893,0,I,543,4
163.200961469057,72,56.1268723709509,15.8731276290491,0,C,544,4
113.07693465248,72,56.2378096673638,15.7621903326362,0,I,545,4
247.976699455189,72,56.2807040149346,15.7192959850654,0,C,546,4
217.147687939345,72,56.3440340291709,15.6559659708291,0,I,547,4
160.136282763235,72,56.5641590254381,15.4358409745619,0,C,548,4
153.584011515029,69.4911602134209,56.8255755538121,12.6655846596088,0,I,549,4
81.6934569885703,72,56.8362883245572,15.1637116754428,0,C,550,4
383.563241251113,72,56.930466061458,15.069533938542,0,I,551,4
109.054492082868,72,57.0148297213018,14.9851702786982,0,C,552,4
226.103018584853,72,57.3361954512075,14.6638045487925,0,I,553,4
99.2835355637068,72,57.4072358524427,14.5927641475573,0,C,554,4
225.839240071308,72,57.7139090979472,14.2860909020528,0,I,555,4
82.0477662009741,72,57.8470459068194,14.1529540931806,0,C,556,4
67.7416914645079,72,58.0825496139005,9.65914185060743,1,I,557,4
84.4938106985351,72,58.1651036348194,13.8348963651806,0,C,558,4
138.178637799049,72,58.2788954582065,13.7211045417935,0,I,559,4
123.437169086861,72,58.2963699661195,13.7036300338805,0,C,560,4
181.92833749383,72,58.307870272547,13.692129727453,0,I,561,4
197.048623435122,72,58.4823460131884,13.5176539868116,0,C,562,4
108.550383899692,72,58.4911411441863,13.5088588558137,0,I,563,4
128.453074884626,72,58.8159685023129,13.1840314976871,0,C,564,4
329.724753635354,72,58.8467505946755,13.1532494053245,0,I,565,4
439.948459948656,72,58.8568985229358,13.1431014770642,0,C,566,4
304.131060845632,72,58.9320309553295,13.0679690446705,0,I,567,4
230.911458722478,62.3699727431204,58.940887064673,3.42908567844734,0,C,568,4
318.599138984437,72,58.9517041482031,13.0482958517969,0,I,569,4
210.508939441313,72,58.9633041853085,13.0366958146915,0,C,570,4
164.777134755715,72,59.0542806498706,12.9457193501294,0,I,571,4
322.576094204672,72,59.1726451786235,12.8273548213765,0,C,572,4
124.075756298667,72,59.2502013081685,12.7497986918315,0,I,573,4
373.202931474045,72,59.3826600629836,12.6173399370164,0,C,574,4
119.20757753443,63.5173236525733,59.5464726537466,3.97085099882665,0,I,575,4
147.392653157193,72,59.5594141865149,12.4405858134851,0,C,576,4
167.728250910582,72,59.6533322241157,12.3466677758843,0,I,577,4
84.0958859489362,72,59.6806277381256,12.3193722618744,0,C,578,4
87.8080480473649,72,59.9989911401644,12.0010088598356,0,I,579,4
10.9853482804019,65.874788859298,0.134506886824965,10.850841393577,1,C,1,5
30.3047887388783,10.6097622264412,0.152093935757875,10.4576682906833,0,I,2,5
487.119130482612,72,0.234901467338204,71.7650985326618,0,C,3,5
206.808697260713,72,0.250280499458313,71.7497195005417,0,I,4,5
84.7189703208422,72,0.279174302704632,71.7208256972954,0,C,5,5
24.8325693007558,72,0.595853431150317,24.2367158696055,1,I,6,5
155.623126492617,72,0.665255701169372,71.3347442988306,0,C,7,5
320.773813792556,15.6139754240117,0.672136838547885,14.9418385854638,0,I,8,5
3.6031833212504,38.5870161828566,0.789508880116046,2.81367444113436,1,C,9,5
54.7712169751508,72,0.950735611841083,53.8204813633098,1,I,10,5
56.9348790245658,14.7550932384329,0.978237264789641,13.7768559736433,0,C,11,5
11.4913245242153,72,1.00712387356907,10.4842006506462,1,I,12,5
47.0381949362673,72,1.03333708830178,46.0048578479655,1,C,13,5
50.6698533912154,72,1.08635389711708,49.5834994940983,1,I,14,5
75.6411680991995,72,1.10876660328358,70.8912333967164,0,C,15,5
38.9129157813824,72,1.24374873004854,37.6691670513339,1,I,16,5
28.6506372305153,72,1.26208830624819,27.3885489242671,1,C,17,5
98.6286521535318,72,1.27485120669007,70.7251487933099,0,I,18,5
3.90692713545876,72,1.2811156315729,2.62581150388586,1,C,19,5
119.784341311334,72,1.5195376239717,70.4804623760283,0,I,20,5
257.722728275298,72,1.60689117852598,70.393108821474,0,C,21,5
120.046296720037,72,1.62185263819993,70.3781473618001,0,I,22,5
36.7485086119827,72,1.92497247364372,34.823536138339,1,C,23,5
164.018178640839,72,1.99058571830392,70.0094142816961,0,I,24,5
65.954622075753,72,2.19644720200449,63.7581748737485,1,C,25,5
72.5983813652264,72,2.32224945444614,69.6777505455539,0,I,26,5
253.482516769265,72,2.38804623484612,69.6119537651539,0,C,27,5
64.0433207201593,72,3.04525775369257,60.9980629664667,1,I,28,5
36.8649384824541,72,3.0762166203931,33.788721862061,1,C,29,5
378.899508692116,38.2297495860977,3.12278078868985,35.1069687974078,0,I,30,5
299.137511468034,72,3.16752957645804,68.832470423542,0,C,31,5
305.89370237199,72,3.21825069375336,68.7817493062466,0,I,32,5
110.638393949021,72,3.41353137977421,68.5864686202258,0,C,33,5
132.577138130169,72,3.56900216080248,68.4309978391975,0,I,34,5
194.218403644119,72,3.79045841284096,68.209541587159,0,C,35,5
58.8923519767047,72,3.80083884112537,55.0915131355794,1,I,36,5
161.803164018077,72,3.83551378268749,68.1644862173125,0,C,37,5
102.257748918634,72,3.85302878916264,68.1469712108374,0,I,38,5
128.712324589954,72,3.90370273031294,68.0962972696871,0,C,39,5
72.6162673423187,12.6140017766751,3.99804961401969,8.61595216265542,0,I,40,5
77.4638071449789,72,4.027702328749,67.972297671251,0,C,41,5
31.0123040790358,72,4.07921807840467,26.9330860006312,1,I,42,5
31.9672231036222,36.6163887400427,4.16723594069481,27.7999871629274,1,C,43,5
21.8805058684894,16.7176678518473,4.29993698839098,12.4177308634563,0,I,44,5
103.392897601722,72,4.30838837753981,67.6916116224602,0,C,45,5
73.1227076599797,72,4.31773513555527,67.6822648644447,0,I,46,5
110.954148432531,16.1189338530999,4.38598189037293,11.7329519627269,0,C,47,5
103.948112305729,72,4.57505414262414,67.4249458573759,0,I,48,5
70.4114394247106,72,4.58181709516794,65.8296223295427,1,C,49,5
256.304760633626,72,4.79625717736781,67.2037428226322,0,I,50,5
319.415650537836,65.7547812299986,4.79734315071255,60.9574380792861,0,C,51,5
82.6333900579246,26.5281581119014,4.86125095747411,21.6669071544272,0,I,52,5
171.410432311672,72,5.04380073398352,66.9561992660165,0,C,53,5
39.3202714036454,28.452899840092,5.07237754762173,23.3805222924703,0,I,54,5
175.345988775846,67.9620340042539,5.18697244115174,62.7750615631022,0,C,55,5
168.1498911483,72,5.88666795752943,66.1133320424706,0,I,56,5
112.529802101018,72,6.24923423398286,65.7507657660171,0,C,57,5
141.389369925603,72,6.31564275361598,65.684357246384,0,I,58,5
205.960139493082,72,6.36542061343789,65.6345793865621,0,C,59,5
15.1857183353862,17.1430617543035,6.3801470445469,8.80557129083934,1,I,60,5
47.5933340994185,72,6.66817519348115,40.9251589059373,1,C,61,5
26.2993340876997,72,6.78523612674326,19.5140979609564,1,I,62,5
102.116437427593,72,6.8399666575715,65.1600333424285,0,C,63,5
118.283641445446,11.2209923302737,6.97799901477993,4.24299331549381,0,I,64,5
16.2347125850249,31.9220872576513,7.06162670161575,9.17308588340913,1,C,65,5
257.458949128665,31.052680352277,7.19013872556388,23.8625416267131,0,I,66,5
31.1110548131798,72,7.21043578349054,23.9006190296893,1,C,67,5
45.6411291633011,72,7.28492950089276,38.3561996624083,1,I,68,5
49.7223661855665,72,7.33568685594946,42.386679329617,1,C,69,5
40.1534680812745,72,7.38308565225452,32.77038242902,1,I,70,5
9.04338302485682,72,7.71543868817389,1.32794433668293,1,C,71,5
268.402972125026,72,7.78982253279537,64.2101774672046,0,I,72,5
145.863312378422,72,7.90022085886449,64.0997791411355,0,C,73,5
90.7305035124577,72,7.96381149441004,64.03618850559,0,I,74,5
103.966472103751,24.3495940237687,8.05245037190616,16.2971436518625,0,C,75,5
86.3308788787254,72,8.07928597088903,63.920714029111,0,I,76,5
50.9911250862488,27.6656603210941,8.15392455551773,19.5117357655764,0,C,77,5
70.0906292241594,72,8.24538323096931,61.8452459931901,1,I,78,5
59.3241428755144,72,8.25732005294412,51.0668228225703,1,C,79,5
72.6680158503492,72,8.36849424988031,63.6315057501197,0,I,80,5
199.440767678289,72,8.37783325463533,63.6221667453647,0,C,81,5
78.2064446378966,72,8.3971482468769,63.6028517531231,0,I,82,5
192.666618718436,72,8.40163171291351,63.5983682870865,0,C,83,5
15.6050160190877,33.3373348445093,8.44689765013754,7.15811836895013,1,I,84,5
142.896636971602,72,9.03931898530573,62.9606810146943,0,C,85,5
70.7011866878291,72,9.32778074406087,61.3734059437682,1,I,86,5
217.308845538495,72,9.36237878166139,62.6376212183386,0,C,87,5
479.935317704975,72,9.41424773074687,62.5857522692531,0,I,88,5
82.1772963166305,72,9.51976713258773,62.4802328674123,0,C,89,5
29.9975093051534,72,9.54508926719427,20.4524200379591,1,I,90,5
49.2280669627262,72,9.59959999658167,39.6284669661445,1,C,91,5
91.4234841900114,72,9.8801760468632,62.1198239531368,0,I,92,5
189.055751715485,14.0009117807429,9.88170955795795,4.11920222278496,0,C,93,5
99.9350657729491,72,9.96683725621551,62.0331627437845,0,I,94,5
261.51626034229,35.8486168339839,9.99164873734117,25.8569680966427,0,C,95,5
144.99890513008,41.2829351263519,10.0116165122017,31.2713186141502,0,I,96,5
247.70618775179,38.059381029816,10.2905420819297,27.7688389478863,0,C,97,5
116.977328011267,72,10.3461683448404,61.6538316551596,0,I,98,5
169.78107803743,46.3202438088793,10.3491540066898,35.9710898021895,0,C,99,5
166.137139933919,72,10.3529070038348,61.6470929961652,0,I,100,5
126.368011837454,72,10.3843197366223,61.6156802633777,0,C,101,5
42.793829029485,72,10.4114624485374,32.3823665809477,1,I,102,5
440.285633647016,72,10.6573439436033,61.3426560563967,0,C,103,5
121.118667716072,67.5235183638023,10.6576357455924,56.8658826182099,0,I,104,5
69.0907297363609,53.9697215741313,10.7528993999586,43.2168221741728,0,C,105,5
236.22442727146,72,10.7543032709509,61.2456967290491,0,I,106,5
374.171916100475,72,10.7585584837943,61.2414415162057,0,C,107,5
146.758207147981,61.5050150951251,10.8860379550606,50.6189771400645,0,I,108,5
48.5294752471728,72,10.9895311715081,37.5399440756647,1,C,109,5
59.4201760619811,72,11.0806208336726,48.3395552283086,1,I,110,5
101.955658398667,72,11.1263309977949,60.8736690022051,0,C,111,5
35.472885685055,72,11.5181880444288,23.9546976406262,1,I,112,5
132.944203646255,72,11.8073595967144,60.1926404032856,0,C,113,5
197.44004548622,24.7951010893413,11.8698851438239,12.9252159455174,0,I,114,5
250.73853443301,72,11.9567677471787,60.0432322528213,0,C,115,5
119.417405084604,72,11.9719137623906,60.0280862376094,0,I,116,5
205.053999120021,14.319744989413,12.191261742264,2.12848324714892,0,C,117,5
435.291783137815,72,12.238291609101,59.761708390899,0,I,118,5
288.65658100836,70.3108278476469,12.3232119251043,57.9876159225426,0,C,119,5
170.19980942276,72,12.3910081526265,59.6089918473736,0,I,120,5
66.7843346027195,72,12.6083277119324,54.1760068907871,1,C,121,5
19.1964367264293,72,12.6583303604275,6.5381063660018,1,I,122,5
209.369782951356,16.758038078877,12.6688749343157,4.08916314456134,0,C,123,5
60.9060394617935,72,12.8077687975019,48.0982706642916,1,I,124,5
36.1981146684046,72,12.8089961316437,23.389118536761,1,C,125,5
181.331449355983,72,12.8633603453636,59.1366396546364,0,I,126,5
147.801378352556,72,12.8755029849708,59.1244970150292,0,C,127,5
33.3378445458426,72,12.9290412319824,20.4088033138602,1,I,128,5
117.540775762087,72,13.2596591161564,58.7403408838436,0,C,129,5
92.8224139339382,72,13.3306829072535,58.6693170927465,0,I,130,5
21.2753066042581,45.5774764335995,13.7697057891637,7.5056008150944,1,C,131,5
42.8363747295643,72,13.8016283232719,29.0347464062924,1,I,132,5
63.3323868284533,72,13.8872761605307,49.4451106679226,1,C,133,5
314.694873098513,72,13.9916982036084,58.0083017963916,0,I,134,5
64.3731977169218,72,14.0090681053698,50.364129611552,1,C,135,5
198.992381356357,27.0024963900921,14.1114471154287,12.8910492746634,0,I,136,5
47.9598841293777,72,14.1471831779927,33.812700951385,1,C,137,5
393.547740378905,72,14.1611150605604,57.8388849394396,0,I,138,5
72.0466444927128,26.9858889588611,14.266620632261,12.7192683266,0,C,139,5
171.526523143708,67.4362583044782,14.4656111067161,52.9706471977621,0,I,140,5
97.881980458738,72,14.7022288804874,57.2977711195126,0,C,141,5
184.257863019575,72,14.7181933186948,57.2818066813052,0,I,142,5
310.576323704484,72,14.794780081138,57.205219918862,0,C,143,5
114.472944415738,22.2886090159313,14.8244646191597,7.4641443967716,0,I,144,5
100.148201188076,72,14.9094283115119,57.0905716884881,0,C,145,5
187.461276233555,72,14.9574277130887,57.0425722869113,0,I,146,5
164.37854439816,72,15.0394253432751,56.9605746567249,0,C,147,5
24.9602736150143,30.277424182365,15.3097827779129,9.6504908371014,1,I,148,5
81.0371192242446,72,15.3268135897815,56.6731864102185,0,C,149,5
110.586153673838,72,15.358898146078,56.641101853922,0,I,150,5
35.1359676159646,72,15.4081664420664,19.7278011738982,1,C,151,5
99.9497887482568,72,15.4208495188504,56.5791504811496,0,I,152,5
105.309512881501,72,15.6738304998726,56.3261695001274,0,C,153,5
92.4946531103384,72,15.7488825917244,56.2511174082756,0,I,154,5
18.2291418168613,72,15.965941445902,2.26320037095928,1,C,155,5
78.6638134123634,72,16.3507110765204,55.6492889234796,0,I,156,5
23.5901285860819,72,16.4939965121448,7.09613207393714,1,C,157,5
17.0993833411131,72,16.5723942127079,0.526989128405212,1,I,158,5
216.497334345724,72,16.5841480158269,55.4158519841731,0,C,159,5
209.323798283249,72,16.6522758733481,55.3477241266519,0,I,160,5
108.868961213523,72,16.7418346647173,55.2581653352827,0,C,161,5
146.992359418226,20.8575686600034,16.9076961977407,3.9498724622627,0,I,162,5
216.60523865349,72,16.9652589876205,55.0347410123795,0,C,163,5
43.9363227391373,72,16.9775868952274,26.9587358439099,1,I,164,5
76.8690032258687,72,17.178743686527,54.821256313473,0,C,165,5
119.266464604918,72,17.290499964729,54.7095000352711,0,I,166,5
198.312816286873,22.8881106956879,17.3244010191411,5.56370967654682,0,C,167,5
151.298052707605,72,17.401348692365,54.598651307635,0,I,168,5
45.3472995927437,72,17.4904825212434,27.8568170715003,1,C,169,5
165.956543767472,40.2907925014777,17.5106289004907,22.780163600987,0,I,170,5
174.71067952985,32.7833236773814,17.5278437230736,15.2554799543078,0,C,171,5
150.786886028585,72,17.6625217404217,54.3374782595784,0,I,172,5
76.5814874142862,72,17.697609490715,54.302390509285,0,C,173,5
64.1077924225066,72,17.7745955949649,46.3331968275416,1,I,174,5
57.8340774082239,72,18.2065939670429,39.627483441181,1,C,175,5
107.819548365616,72,18.3215244021267,53.6784755978733,0,I,176,5
179.143332473164,72,18.3711685007438,53.6288314992562,0,C,177,5
73.677347153298,72,18.4199923742563,53.5800076257438,0,I,178,5
233.104042568939,72,18.4947446733713,53.5052553266287,0,C,179,5
320.359523136151,72,18.5452051274478,53.4547948725522,0,I,180,5
168.929818061042,72,18.7181480973959,53.2818519026041,0,C,181,5
186.751132175824,72,18.8011504942551,53.1988495057449,0,I,182,5
51.1410394687032,47.0653143059683,18.8911932427436,28.1741210632247,0,C,183,5
223.509454110677,49.65873472635,18.9844760997221,30.6742586266279,0,I,184,5
122.625855490595,72,18.9871584065259,53.0128415934742,0,C,185,5
232.83270662099,25.6914483484039,19.0027820784599,6.68866626994408,0,I,186,5
188.36592290573,72,19.1364959394559,52.8635040605441,0,C,187,5
23.2981528665776,72,19.3782212398946,3.91993162668293,1,I,188,5
123.851494971253,72,19.4263082183898,52.5736917816103,0,C,189,5
32.0661541702322,72,19.7697846684605,12.2963695017717,1,I,190,5
24.9994175389174,72,19.8311430495232,5.1682744893942,1,C,191,5
40.873149721585,72,19.9168583052233,20.9562914163617,1,I,192,5
138.642469475323,72,19.9979243986309,52.0020756013691,0,C,193,5
120.233701861591,72,20.0019403640181,51.9980596359819,0,I,194,5
297.061851201192,72,20.125204436481,51.874795563519,0,C,195,5
208.36707997873,72,20.3068222571164,51.6931777428836,0,I,196,5
40.0666619785014,72,20.5399412009865,19.5267207775149,1,C,197,5
262.942841102467,72,20.8639042591676,51.1360957408324,0,I,198,5
71.5699292500573,21.4935213404058,21.4655910898,0.0279302506058237,0,C,199,5
136.20352519349,72,21.614671270363,50.385328729637,0,I,200,5
232.394081172777,72,21.9669500878081,50.0330499121919,0,C,201,5
130.598508675734,72,22.0073636854067,49.9926363145933,0,I,202,5
85.7161920949902,22.6357460713597,22.1165788639337,0.519167207426005,0,C,203,5
169.304036745534,72,22.1383336465806,49.8616663534194,0,I,204,5
117.530802102035,72,22.1536107547581,49.8463892452419,0,C,205,5
42.1286390218098,72,22.2134458087385,19.9151932130714,1,I,206,5
38.9066209693959,72,22.2215161984786,16.6851047709173,1,C,207,5
22.4921703028243,72,22.2949636727571,0.197206630067173,1,I,208,5
39.4209633838511,72,22.351410468109,17.0695529157422,1,C,209,5
211.916754773711,72,22.3672849405557,49.6327150594443,0,I,210,5
106.676931403874,72,22.4299297621474,49.5700702378526,0,C,211,5
299.20272408954,72,22.5174058740959,49.4825941259041,0,I,212,5
230.563709163493,72,22.7899264823645,49.2100735176355,0,C,213,5
132.859402949632,72,22.9272818053141,49.0727181946859,0,I,214,5
284.839510211431,72,23.2061492046341,48.7938507953659,0,C,215,5
296.602315052399,72,23.2449606573209,48.7550393426791,0,I,216,5
30.8864525860534,72,23.491724752821,7.39472783323241,1,C,217,5
254.326944740555,72,23.4937481023371,48.5062518976629,0,I,218,5
223.326251312721,72,23.5271166684106,48.4728833315894,0,C,219,5
72.0965200957339,72,23.571291519329,48.4287084806711,0,I,220,5
35.0223110843216,72,23.6383971758187,11.3839139085029,1,C,221,5
122.811491406309,72,23.7616685405374,48.2383314594626,0,I,222,5
171.67628250102,65.6665384811654,23.9267538534477,41.7397846277177,0,C,223,5
27.2139871494362,72,23.9489395078272,3.26504764160907,1,I,224,5
120.346455254413,72,23.999969442375,48.000030557625,0,C,225,5
29.7577726986668,72,24.1877574613318,5.57001523733501,1,I,226,5
53.0762730087277,72,24.2163853207603,28.8598876879673,1,C,227,5
26.9136865252612,72,24.3520953319967,2.56159119326449,1,I,228,5
111.184728715203,72,24.4507896853611,47.5492103146389,0,C,229,5
146.68128261092,72,24.4829279277474,47.5170720722526,0,I,230,5
357.26243010604,72,24.5393587835133,47.4606412164867,0,C,231,5
52.7047461338821,72,24.5529570803046,28.1517890535775,1,I,232,5
156.360477972017,43.4523296139091,24.5846549794078,18.8676746345013,0,C,233,5
180.29362198114,71.7428002510188,24.5860478980467,47.1567523529721,0,I,234,5
78.5346651566949,72,24.6324898581952,47.3675101418048,0,C,235,5
85.4435792563609,72,24.6586452936754,47.3413547063246,0,I,236,5
95.1489907211148,44.8127982583496,24.6662567881867,20.1465414701628,0,C,237,5
59.7437202499976,72,24.9212014954537,34.8225187545439,1,I,238,5
185.253320058676,72,25.4722670931369,46.5277329068631,0,C,239,5
62.9416404171771,72,25.488405986689,37.453234430488,1,I,240,5
208.452261022357,63.0686855361781,25.5251673096791,37.543518226499,0,C,241,5
33.295025129344,72,25.5691220238805,7.72590310546349,1,I,242,5
86.3139457601695,72,25.9149968717247,46.0850031282753,0,C,243,5
62.4505167649374,39.1159413425438,25.9729022718966,13.1430390706472,0,I,244,5
188.997831583946,72,26.2045340007171,45.7954659992829,0,C,245,5
444.785105569863,72,26.2574918987229,45.7425081012771,0,I,246,5
157.240513762322,72,26.2751268222928,45.7248731777072,0,C,247,5
227.125550402775,57.9350331916992,26.4462727820501,31.4887604096492,0,I,248,5
51.3782742351615,72,26.7396060889587,24.6386681462029,1,C,249,5
145.525860784308,68.2240189212136,26.7753406288102,41.4486782924033,0,I,250,5
29.9601532120459,72,26.9280076632276,3.0321455488183,1,C,251,5
31.0665050900431,72,26.935252812691,4.13125227735206,1,I,252,5
144.697656292722,66.8655895567476,26.9721319992095,39.8934575575381,0,C,253,5
217.471989769507,72,26.9869376113638,45.0130623886362,0,I,254,5
76.9075243521078,72,27.1375007601455,44.8624992398545,0,C,255,5
104.927243190482,72,27.1661857422441,44.8338142577559,0,I,256,5
155.753830662724,72,27.251094407402,44.748905592598,0,C,257,5
202.17548240432,72,27.4316344549879,44.5683655450121,0,I,258,5
127.747995391005,31.1904469656723,27.4863450229168,3.70410194275553,0,C,259,5
65.4534081457096,72,27.5238080509007,37.9296000948088,1,I,260,5
218.884105341955,72,27.7763363951817,44.2236636048183,0,C,261,5
92.4015176258663,72,27.8274729195982,44.1725270804018,0,I,262,5
273.921950464184,72,27.8557436401024,44.1442563598976,0,C,263,5
109.552189722729,72,27.8688402101398,44.1311597898603,0,I,264,5
83.0727012672704,69.1903922495463,27.9530577734113,41.237334476135,0,C,265,5
152.013609290887,72,27.9674518061802,44.0325481938198,0,I,266,5
79.6009448458546,72,28.0734982341528,43.9265017658472,0,C,267,5
89.3820293750529,72,28.2787050073966,43.7212949926034,0,I,268,5
177.891751786298,72,28.3676390536129,43.6323609463871,0,C,269,5
107.446141105634,72,28.3751813136041,43.6248186863959,0,I,270,5
228.675380200203,72,28.4222324565053,43.5777675434947,0,C,271,5
202.497375298577,72,28.6660863971338,43.3339136028662,0,I,272,5
103.649375995301,72,28.7316112965345,43.2683887034655,0,C,273,5
51.2624486914518,72,28.9505585096777,22.3118901817741,1,I,274,5
83.825345336487,72,29.0193685982376,42.9806314017624,0,C,275,5
158.665852465021,72,29.0873406780884,42.9126593219116,0,I,276,5
152.857934615222,38.6469730353227,29.0928873885423,9.55408564678043,0,C,277,5
140.557481887485,40.7707255409042,29.2859061202034,11.4848194207008,0,I,278,5
172.390407377888,29.7519978527156,29.3570946995169,0.394903153198687,0,C,279,5
146.264619469331,72,29.3819435918704,42.6180564081296,0,I,280,5
75.9356438658577,72,29.4871762907133,42.5128237092868,0,C,281,5
140.746233485792,69.9646514805583,29.5428209658712,40.4218305146871,0,I,282,5
258.783632261098,72,29.8334491252899,42.1665508747101,0,C,283,5
178.849977567117,72,29.8637532396242,42.1362467603758,0,I,284,5
47.0814505336782,72,29.9205290386453,17.1609214950329,1,C,285,5
45.483290930626,72,30.1055004168302,15.3777905137958,1,I,286,5
167.534152384129,72,30.1974610704929,41.8025389295071,0,C,287,5
49.6478597258887,72,30.2121631382033,19.4356965876854,1,I,288,5
54.8127059294097,72,30.3745258972049,24.4381800322048,1,C,289,5
502.607226799516,72,30.3837006306276,41.6162993693724,0,I,290,5
51.4263990708971,72,30.401715086773,21.024683984124,1,C,291,5
257.668953248265,72,30.4707477847114,41.5292522152886,0,I,292,5
177.901714830791,47.208291709518,30.5481010861695,16.6601906233485,0,C,293,5
216.235324094287,72,30.5613337503746,41.4386662496254,0,I,294,5
86.3816758453582,72,30.8098729373887,41.1901270626113,0,C,295,5
269.615963321615,72,30.890678409487,41.109321590513,0,I,296,5
33.36590094085,72,30.9262084309012,2.43969250994879,1,C,297,5
343.498231412383,72,30.9814970148727,41.0185029851273,0,I,298,5
180.953566295933,39.2396317284662,31.0045405570418,8.23509117142443,0,C,299,5
181.889962420825,72,31.2516098236665,40.7483901763335,0,I,300,5
206.670060497265,72,31.3632543152198,40.6367456847802,0,C,301,5
220.833587943534,72,31.3840113440529,40.6159886559472,0,I,302,5
45.613047725047,72,31.5916797704995,14.0213679545475,1,C,303,5
36.3378432371697,72,31.6703129047528,4.66753033241686,1,I,304,5
49.8207948318912,65.557396971954,31.6874390188605,18.1333558130307,1,C,305,5
46.0767368944718,71.9927803383346,31.7139514954761,14.3627853989957,1,I,306,5
110.312987699354,68.7841330986917,31.7364463303238,37.0476867683679,0,C,307,5
62.4528018652875,72,31.8953840062022,30.5574178590852,1,I,308,5
59.0257400897397,47.0922288755861,32.1290037687868,14.9632251067993,0,C,309,5
358.216065718421,72,32.4933292390779,39.5066707609221,0,I,310,5
76.2139405846261,72,32.5008675595745,39.4991324404255,0,C,311,5
200.434375867158,72,32.5198759976774,39.4801240023226,0,I,312,5
97.4262145530535,72,32.571349083446,39.428650916554,0,C,313,5
99.7227247935668,72,32.5779766961932,39.4220233038068,0,I,314,5
145.534311263228,72,32.5922441203147,39.4077558796853,0,C,315,5
129.279549427796,64.7600532537002,32.6429479429498,32.1171053107504,0,I,316,5
52.5950751978217,72,32.7090283250436,19.8860468727781,1,C,317,5
91.5800228646009,72,32.9245888162404,39.0754111837596,0,I,318,5
310.221847422011,72,32.9968737624586,39.0031262375414,0,C,319,5
137.931612064158,72,33.0490820109844,38.9509179890156,0,I,320,5
312.417845793186,72,33.1038480391726,38.8961519608274,0,C,321,5
128.34872151564,72,33.1177612580359,38.8822387419641,0,I,322,5
41.8068461954782,72,33.3549621608108,8.45188403466734,1,C,323,5
68.3355139731993,72,33.5545875225216,34.7809264506776,1,I,324,5
41.1570302675251,72,33.7435626424849,7.41346762504021,1,C,325,5
41.8265470801184,56.0603097247295,33.7605270277709,8.06602005234749,1,I,326,5
97.0458597326408,72,33.7893027020618,38.2106972979382,0,C,327,5
94.5971250510931,72,33.8138516200706,38.1861483799294,0,I,328,5
84.9474133886156,72,33.8895441312343,38.1104558687657,0,C,329,5
44.9569433738451,34.732159087765,33.9580053370446,0.774153750720437,0,I,330,5
43.7357648329763,72,34.0405557397753,9.69520909320098,1,C,331,5
429.028255786967,72,34.0746627515182,37.9253372484818,0,I,332,5
204.20953669573,72,34.1187680186704,37.8812319813296,0,C,333,5
387.350884295038,72,34.1242880607024,37.8757119392976,0,I,334,5
79.0465877066124,72,34.1390994004905,37.8609005995095,0,C,335,5
189.275933152129,72,34.1622911766171,37.8377088233829,0,I,336,5
36.3227550000976,72,34.1943880403414,2.1283669597562,1,C,337,5
54.3554495619748,72,34.2910152627155,20.0644342992592,1,I,338,5
64.5819029102539,72,34.2932820785791,30.2886208316748,1,C,339,5
47.6282576717644,72,34.5306533295661,13.0976043421982,1,I,340,5
597.03838801603,72,34.5526345912367,37.4473654087633,0,C,341,5
56.7943908060654,40.1578206434283,34.5820148661733,5.57580577725499,0,I,342,5
255.567450509282,72,34.6277923788875,37.3722076211125,0,C,343,5
160.924333309709,72,34.7823336906731,37.2176663093269,0,I,344,5
86.0657983738311,72,34.9151945114136,37.0848054885864,0,C,345,5
225.972366845257,62.2328556689187,34.9356073793024,27.2972482896163,0,I,346,5
129.891077057937,72,35.0607634149492,36.9392365850508,0,C,347,5
210.00088449438,72,35.2346661128104,36.7653338871896,0,I,348,5
99.2406874376438,72,35.2697106543928,36.7302893456072,0,C,349,5
383.147138693034,72,35.2861740114167,36.7138259885833,0,I,350,5
186.648839866077,72,35.3434893395752,36.6565106604248,0,C,351,5
118.245876003997,72,35.3893107734621,36.6106892265379,0,I,352,5
147.459395136391,72,35.5292450543493,36.4707549456507,0,C,353,5
36.6951780339751,72,35.5982095655054,1.09696846846968,1,I,354,5
124.236681433509,72,35.6577919609845,36.3422080390155,0,C,355,5
107.92332594358,72,35.8056019200012,36.1943980799988,0,I,356,5
178.709212907897,72,35.857714349404,36.142285650596,0,C,357,5
109.766491615855,50.5341257140606,36.2958157528192,14.2383099612414,0,I,358,5
103.606124943484,72,36.4593079173937,35.5406920826063,0,C,359,5
706.061272082557,72,36.5399119025096,35.4600880974904,0,I,360,5
102.339844053888,72,36.6719757998362,35.3280242001638,0,C,361,5
173.689613950675,72,36.7382709123194,35.2617290876806,0,I,362,5
71.9911319007431,72,36.7879382707179,35.2031936300252,1,C,363,5
167.411636027447,72,36.8238096311688,35.1761903688312,0,I,364,5
184.75420685921,72,36.9259297521785,35.0740702478215,0,C,365,5
53.1680951630192,65.1487818472117,36.9682775018737,16.1998176611455,1,I,366,5
89.6118386372887,72,37.0029162615538,34.9970837384462,0,C,367,5
43.7930538326284,72,37.0189318573102,6.77412197531816,1,I,368,5
222.23963023915,72,37.0996272889897,34.9003727110103,0,C,369,5
64.1901112056848,72,37.1015483792871,27.0885628263976,1,I,370,5
368.58772082385,72,37.163259582594,34.836740417406,0,C,371,5
82.3424815121808,72,37.2290438739583,34.7709561260417,0,I,372,5
50.9502229869718,72,37.2864258941263,13.6637970928455,1,C,373,5
220.065770175195,72,37.3934612888843,34.6065387111157,0,I,374,5
226.861038218539,72,37.525300369598,34.474699630402,0,C,375,5
141.618981272149,72,37.6285742036998,34.3714257963002,0,I,376,5
79.8352561037846,47.1920253889528,37.6663529220969,9.52567246685593,0,C,377,5
127.006235793249,72,38.2495505036786,33.7504494963214,0,I,378,5
181.297661362145,72,38.2521834690124,33.7478165309876,0,C,379,5
211.434420302903,72,38.2549876905978,33.7450123094022,0,I,380,5
51.3008550627219,72,38.3219319954515,12.9789230672704,1,C,381,5
43.9689640736178,71.7864077217839,38.3651239983737,5.60384007524407,1,I,382,5
287.050862092033,72,38.437360455282,33.562639544718,0,C,383,5
157.984937224248,42.5240854721149,38.5816667648032,3.94241870731162,0,I,384,5
72.0789007535953,72,38.6028501810506,33.3971498189494,0,C,385,5
160.224177259663,72,38.6468463717029,33.3531536282972,0,I,386,5
427.284334809332,72,38.7797468528152,33.2202531471849,0,C,387,5
119.875672866107,72,38.8044001813978,33.1955998186022,0,I,388,5
439.155151709319,72,39.0058759879321,32.9941240120679,0,C,389,5
199.110682446692,72,39.1721080429852,32.8278919570148,0,I,390,5
126.225709201945,72,39.1876142006367,32.8123857993633,0,C,391,5
269.37543344652,72,39.3045170372352,32.6954829627648,0,I,392,5
53.5402285815588,72,39.4189054425806,14.1213231389783,1,C,393,5
105.858215728569,72,39.4905912084505,32.5094087915495,0,I,394,5
107.618406898858,72,39.5052377320826,32.4947622679174,0,C,395,5
159.112537818286,72,39.6767370169982,32.3232629830018,0,I,396,5
49.5238629915863,72,39.7363401576877,9.78752283389866,1,C,397,5
171.35012887366,72,39.8170949751511,32.1829050248489,0,I,398,5
100.737520782743,72,39.8984908126295,32.1015091873705,0,C,399,5
156.42057839585,72,39.9499041773379,32.0500958226621,0,I,400,5
44.3288082237406,72,40.13340159785,4.19540662589059,1,C,401,5
132.78362802269,72,40.2824647771195,31.7175352228805,0,I,402,5
65.0311460345853,72,40.2957236766815,24.7354223579038,1,C,403,5
49.4970285119658,72,40.3307060385123,9.16632247345349,1,I,404,5
45.4319373071946,72,40.3703091759235,5.06162813127109,1,C,405,5
61.3969811807321,72,40.3868517139927,21.0101294667394,1,I,406,5
232.774439436095,72,40.4610766097903,31.5389233902097,0,C,407,5
95.1021625517681,47.5385081561804,40.6187386298552,6.91976952632516,0,I,408,5
141.049840550001,72,40.6983439950272,31.3016560049728,0,C,409,5
232.193366870885,55.8320292922024,40.8606309397146,14.9713983524878,0,I,410,5
87.5287364624233,72,41.0170508455485,30.9829491544515,0,C,411,5
185.624336656239,72,41.146086207591,30.853913792409,0,I,412,5
382.926164306069,62.8054728652116,41.1522919591516,21.6531809060599,0,C,413,5
83.4281257075801,72,41.1952776834369,30.8047223165631,0,I,414,5
152.313069698743,63.8704114745585,41.2112379865721,22.6591734879864,0,C,415,5
50.537079279378,72,41.2462710030377,9.2908082763403,1,I,416,5
112.203051858961,42.2368845186309,41.4659474976361,0.770937020994772,0,C,417,5
139.865937355054,72,41.6269632568583,30.3730367431417,0,I,418,5
67.8832236241881,72,41.7127566458657,26.1704669783223,1,C,419,5
259.375238859915,72,41.7601376026869,30.2398623973131,0,I,420,5
136.123054271308,72,41.8232423113659,30.1767576886341,0,C,421,5
49.9630049752054,72,41.8409898877144,8.122015087491,1,I,422,5
54.3881676649217,72,41.8985558627173,12.4896118022043,1,C,423,5
140.503699184872,72,41.9034112337977,30.0965887662023,0,I,424,5
95.6310651110233,72,42.0758293010294,29.9241706989706,0,C,425,5
153.833862900348,47.6929378290927,42.2859200136736,5.40701781541905,0,I,426,5
109.537347348573,72,42.6293965475634,29.3706034524366,0,C,427,5
560.966674100888,72,42.6363410521299,29.3636589478701,0,I,428,5
78.0088347542791,72,42.6431344728917,29.3568655271083,0,C,429,5
201.732730262967,72,42.7012554975227,29.2987445024774,0,I,430,5
52.4137631665552,72,43.0101480474696,9.40361511908565,1,C,431,5
261.795437860131,72,43.0222035571933,28.9777964428067,0,I,432,5
131.034805980792,72,43.0465967115015,28.9534032884985,0,C,433,5
255.781349324751,72,43.1977038038895,28.8022961961106,0,I,434,5
212.830267524917,72,43.3170620212331,28.6829379787669,0,C,435,5
180.585003029694,72,43.3427964895964,28.6572035104036,0,I,436,5
152.508023192424,72,43.5759408026934,28.4240591973066,0,C,437,5
98.1208772397088,72,43.5763765359297,28.4236234640703,0,I,438,5
224.80472285372,72,43.6203405819833,28.3796594180167,0,C,439,5
130.627182760267,72,43.7251535849646,28.2748464150354,0,I,440,5
224.916584900461,72,43.8005685433745,28.1994314566255,0,C,441,5
130.998621695138,72,43.8278321642429,28.1721678357571,0,I,442,5
208.460347639411,72,43.847084697336,28.152915302664,0,C,443,5
198.407093371739,72,44.0201980853453,27.9798019146547,0,I,444,5
280.290408014387,72,44.0334870899096,27.9665129100904,0,C,445,5
106.27147638124,53.2793344074292,44.0679557388648,9.21137866856432,0,I,446,5
137.143192011575,52.5892047187427,44.1107079852372,8.47849673350544,0,C,447,5
120.337751120062,72,44.1161884786561,27.8838115213439,0,I,448,5
103.174998531459,72,44.1898036049679,27.8101963950321,0,C,449,5
150.063587252538,72,44.3627912225202,27.6372087774798,0,I,450,5
45.8103788588408,72,44.639803385362,1.17057547347876,1,C,451,5
420.466411718699,72,44.8128371033818,27.1871628966183,0,I,452,5
64.871223485541,72,44.8436371888965,20.0275862966444,1,C,453,5
143.244868101044,72,45.0155528727919,26.9844471272081,0,I,454,5
51.4505495972386,72,45.0947971874848,6.35575240975381,1,C,455,5
90.6182748565417,72,45.29543237295,26.70456762705,0,I,456,5
296.239976601598,72,45.4431666294113,26.5568333705887,0,C,457,5
68.7535730062263,72,45.4726566653699,23.2809163408564,1,I,458,5
57.1720774591369,72,45.5460388725624,11.6260385865746,1,C,459,5
342.795318854793,48.5699604660637,45.8760597277433,2.69390073832038,0,I,460,5
235.240157004984,72,45.9506791876629,26.0493208123371,0,C,461,5
94.1641291157066,72,45.9692444046959,26.0307555953041,0,I,462,5
81.8247054191546,72,45.9763715788722,26.0236284211278,0,C,463,5
159.514667537584,51.9721921584349,46.0298973089084,5.94229484952651,0,I,464,5
261.542360877692,72,46.0853177960962,25.9146822039038,0,C,465,5
52.6567871509209,72,46.2394101871178,6.41737696380312,1,I,466,5
131.798421453885,72,46.2593583762646,25.7406416237354,0,C,467,5
103.214874045954,72,46.2942397221923,25.7057602778077,0,I,468,5
48.1886906108399,72,46.3050370384008,1.88365357243908,1,C,469,5
153.41604354994,72,46.3185104727745,25.6814895272255,0,I,470,5
143.324444577892,72,46.3397866208106,25.6602133791894,0,C,471,5
149.372930575966,72,46.3691463880241,25.6308536119759,0,I,472,5
65.6088523184165,72,46.539313509129,19.0695388092875,1,C,473,5
92.947251882906,69.4732737140835,46.5482992026955,22.924974511388,0,I,474,5
188.506069858825,72,46.5511987823993,25.4488012176007,0,C,475,5
330.940204627185,72,46.6540050320327,25.3459949679673,0,I,476,5
98.3495818852615,60.5401758680231,46.678717341274,13.8614585267491,0,C,477,5
58.5152140706144,72,46.6789546469227,11.8362594236918,1,I,478,5
264.117803555562,72,46.6949719190598,25.3050280809403,0,C,479,5
158.633610852135,72,46.8050719890744,25.1949280109257,0,I,480,5
99.0157919481889,72,46.9990038592368,25.0009961407632,0,C,481,5
114.754935990173,72,47.0651063136756,24.9348936863244,0,I,482,5
61.8640806501123,72,47.0996324624866,14.7644481876257,1,C,483,5
83.6507242268569,72,47.1187790343538,24.8812209656462,0,I,484,5
90.0022221665025,72,47.1421989938244,24.8578010061756,0,C,485,5
123.44670727466,72,47.169562918134,24.830437081866,0,I,486,5
87.6404651138462,72,47.1943644806743,24.8056355193257,0,C,487,5
124.832325178056,72,47.2412433894351,24.7587566105649,0,I,488,5
59.1352542969038,72,47.3866359516978,11.748618345206,1,C,489,5
346.590967096473,72,47.4452493293211,24.5547506706789,0,I,490,5
57.5446866271038,72,47.6816719863564,9.86301464074737,1,C,491,5
60.0786561177219,72,47.6856584334746,12.3929976842473,1,I,492,5
48.5883497318157,72,47.7225592033938,0.865790528421946,1,C,493,5
81.4171154478333,72,47.7772762952372,24.2227237047628,0,I,494,5
133.122951193791,72,47.807073793374,24.192926206626,0,C,495,5
236.935291946762,72,47.9538052948192,24.0461947051808,0,I,496,5
461.189681448867,72,48.1537145795301,23.8462854204699,0,C,497,5
94.9607121565327,72,48.2908297050744,23.7091702949256,0,I,498,5
112.147092951019,72,48.3711313130334,23.6288686869666,0,C,499,5
128.151235984745,72,48.3759489795193,23.6240510204807,0,I,500,5
70.2671814941927,72,48.4004835784435,21.8666979157492,1,C,501,5
500.30026091985,72,48.4040147205815,23.5959852794185,0,I,502,5
238.170095665038,72,48.4579027164727,23.5420972835273,0,C,503,5
173.039673953005,72,48.5085261845961,23.4914738154039,0,I,504,5
110.55690053142,56.1311145379629,48.5638551833108,7.56725935465206,0,C,505,5
74.4415745726748,72,48.5906275967136,23.4093724032864,0,I,506,5
62.2932061595602,72,48.7063656421378,13.5868405174224,1,C,507,5
51.9653149747565,72,48.8134657451883,3.15184922956815,1,I,508,5
70.989877948583,72,49.2040176177397,21.7858603308432,1,C,509,5
70.8701863234501,72,49.2144248681143,21.6557614553358,1,I,510,5
105.92222118578,72,49.423115788959,22.576884211041,0,C,511,5
104.799933604593,52.5268189563963,49.4623827002943,3.06443625610199,0,I,512,5
152.761032567867,72,49.5218594837934,22.4781405162066,0,C,513,5
88.8203073050729,72,49.5369279105216,22.4630720894784,0,I,514,5
364.385337797626,72,49.7278522979468,22.2721477020532,0,C,515,5
50.60821116078,72,49.9407160514966,0.667495109283419,1,I,516,5
75.6207956890527,72,49.9817194277421,22.0182805722579,0,C,517,5
125.155386519012,63.9223696166247,50.0213312543929,13.9010383622318,0,I,518,5
105.579310402473,72,50.0623286096379,21.9376713903621,0,C,519,5
65.1971619900114,72,50.1382357953116,15.0589261946998,1,I,520,5
180.677417203147,72,50.1758900703862,21.8241099296138,0,C,521,5
211.27492403437,72,50.2318243682385,21.7681756317616,0,I,522,5
206.739339314443,72,50.2784022549167,21.7215977450833,0,C,523,5
268.532377010974,72,50.3640131559223,21.6359868440777,0,I,524,5
53.4459900630883,72,50.672082756646,2.77390730644229,1,C,525,5
91.4388763139443,72,50.7421506335959,21.2578493664041,0,I,526,5
272.697137229306,72,50.8057881239802,21.1942118760198,0,C,527,5
228.378697062207,72,50.926522272639,21.073477727361,0,I,528,5
95.1327176979554,72,50.9932453930378,21.0067546069622,0,C,529,5
136.380749331289,72,51.0637600533664,20.9362399466336,0,I,530,5
70.7849499234289,72,51.175815872848,19.6091340505808,1,C,531,5
279.124986999167,72,51.176472203806,20.823527796194,0,I,532,5
112.410341799634,72,51.2029991811141,20.7970008188859,0,C,533,5
163.857729973374,72,51.5181008493528,20.4818991506472,0,I,534,5
57.5538091336138,72,51.6644371161237,5.88937201749001,1,C,535,5
56.5703463433728,72,51.7039779061452,4.86636843722761,1,I,536,5
88.855939350522,72,51.7512764269486,20.2487235730514,0,C,537,5
147.200652105226,72,51.8068224750459,20.1931775249541,0,I,538,5
257.939884216902,72,51.9304883200675,20.0695116799325,0,C,539,5
175.436177468786,72,52.0915179653093,19.9084820346907,0,I,540,5
114.282586321853,72,52.1356286387891,19.8643713612109,0,C,541,5
398.135467164678,72,52.2954210871831,19.7045789128169,0,I,542,5
55.967663835084,72,52.4328268971294,3.53483693795457,1,C,543,5
725.115040641893,72,52.5540753174573,19.4459246825427,0,I,544,5
60.8277250572282,72,52.5569802615792,8.27074479564905,1,C,545,5
173.633239366792,72,52.7487495727837,19.2512504272163,0,I,546,5
75.0279474604524,72,52.7667588042095,19.2332411957905,0,C,547,5
82.8148633590814,72,52.8534553293139,19.1465446706861,0,I,548,5
322.899910695646,72,52.9416384827346,19.0583615172654,0,C,549,5
270.473384909601,72,52.9595684213564,19.0404315786436,0,I,550,5
156.4165263144,72,52.9947493365035,19.0052506634966,0,C,551,5
59.2613966844893,72,53.0229060351849,6.23849064930443,1,I,552,5
169.692170054476,72,53.0387592175975,18.9612407824025,0,C,553,5
392.270260370735,72,53.1404578126967,18.8595421873033,0,I,554,5
73.6073508944233,72,53.2411211449653,18.7588788550347,0,C,555,5
94.788327157595,72,53.2544576050714,18.7455423949286,0,I,556,5
81.4150462475381,72,53.3153348928317,18.6846651071683,0,C,557,5
192.628469256882,72,53.3399315737188,18.6600684262812,0,I,558,5
102.896924751296,72,53.3895470201969,18.6104529798031,0,C,559,5
168.114681078097,72,53.5491237184033,18.4508762815967,0,I,560,5
89.4996781318392,72,53.6063954327256,18.3936045672745,0,C,561,5
279.494237858226,72,53.6102475877851,18.3897524122149,0,I,562,5
59.69084910813,72,53.6114012310281,6.07944787710183,1,C,563,5
113.490379584741,72,53.6410492099822,18.3589507900178,0,I,564,5
131.09198191423,72,53.6900972994044,18.3099027005956,0,C,565,5
227.46353362012,72,53.7551735853776,18.2448264146224,0,I,566,5
79.6325129848993,72,53.812923822552,18.187076177448,0,C,567,5
144.294660763794,72,53.8400845695287,18.1599154304713,0,I,568,5
60.0886905560505,72,53.9691102644429,6.11958029160763,1,C,569,5
102.332514626907,72,53.9835808239877,18.0164191760123,0,I,570,5
83.93041926669,72,54.0558769321069,17.9441230678931,0,C,571,5
543.814331025876,72,54.0951865771785,17.9048134228215,0,I,572,5
77.1752794525339,72,54.0974617609754,17.9025382390246,0,C,573,5
231.595280019053,72,54.1033074539155,17.8966925460845,0,I,574,5
137.097329865865,72,54.2339129559696,17.7660870440304,0,C,575,5
156.850652370488,72,54.2526919953525,17.7473080046475,0,I,576,5
408.876796016507,72,54.2702454747632,17.7297545252368,0,C,577,5
93.8463016357085,72,54.4775711232796,17.5224288767204,0,I,578,5
61.6324095979031,72,54.9212604342029,6.71114916370026,1,C,579,5
92.5353776800394,72,54.990665903315,17.0093340966851,0,I,580,5
161.808247543135,72,54.9963807407767,17.0036192592233,0,C,581,5
106.689895802374,72,55.0148831773549,16.9851168226451,0,I,582,5
71.7139280631795,72,55.0575828691945,16.656345193985,1,C,583,5
1277.84063999186,72,55.0884318072349,16.9115681927651,0,I,584,5
99.4230725021558,72,55.109099233523,16.890900766477,0,C,585,5
118.696471245314,72,55.3268880955875,16.6731119044125,0,I,586,5
73.6370787776825,72,55.3552194451913,16.6447805548087,0,C,587,5
218.361460504069,72,55.3762028552592,16.6237971447408,0,I,588,5
96.37876952471,72,55.4070399189368,16.5929600810632,0,C,589,5
538.2501505837,72,55.5237317690626,16.4762682309374,0,I,590,5
102.769151945551,72,55.7473803218454,16.2526196781546,0,C,591,5
58.4933186247226,72,55.8122404525057,2.68107817221691,1,I,592,5
197.103153036246,72,55.894269766286,16.105730233714,0,C,593,5
104.892336981394,72,55.9692116081715,16.0307883918285,0,I,594,5
613.889199208053,72,56.0227514477447,15.9772485522553,0,C,595,5
65.0691176260637,72,56.1418989859521,8.92721864011156,1,I,596,5
132.145143732179,62.3992623088483,56.1552349710837,6.24402733776455,0,C,597,5
104.2078756809,72,56.3630744023249,15.6369255976751,0,I,598,5
161.511416859626,72,56.3958446541801,15.6041553458199,0,C,599,5
326.627223985301,72,56.4346862398088,15.5653137601912,0,I,600,5
83.6850143289862,72,56.4729622006416,15.5270377993584,0,C,601,5
196.11527333482,72,56.5118181193247,15.4881818806753,0,I,602,5
159.828004063719,72,56.5390874119476,15.4609125880525,0,C,603,5
395.151558379234,72,56.5954442275688,15.4045557724312,0,I,604,5
376.323771860809,72,56.6222420381382,15.3777579618618,0,C,605,5
150.277973903297,72,56.6765286494046,15.3234713505954,0,I,606,5
251.214517663519,72,56.711152321659,15.288847678341,0,C,607,5
109.495552751869,72,56.751015256159,15.248984743841,0,I,608,5
375.233873177633,72,56.765570207499,15.234429792501,0,C,609,5
249.559976880843,72,56.8021698435769,15.1978301564232,0,I,610,5
59.8514123239948,72,56.8274342548102,3.0239780691846,1,C,611,5
104.034686477453,72,56.8439230648801,15.1560769351199,0,I,612,5
169.965028276078,72,56.8832761561498,15.1167238438502,0,C,613,5
109.304571374567,72,56.9239950925112,15.0760049074888,0,I,614,5
400.027898682258,69.7176222882913,57.0029592141509,12.7146630741404,0,C,615,5
64.1236028771475,72,57.1229531010613,7.00064977608619,1,I,616,5
217.615626953158,72,57.1875283308327,14.8124716691673,0,C,617,5
194.072345511556,72,57.2245573997498,14.7754426002502,0,I,618,5
90.2414408854917,72,57.3700328869745,14.6299671130255,0,C,619,5
62.0820706536864,59.235532730011,57.59375219699,1.64178053302105,0,I,620,5
102.702900732994,72,57.6041993033141,14.3958006966859,0,C,621,5
404.801516041706,61.8557440350049,57.6391985546798,4.2165454803251,0,I,622,5
100.440999532915,70.0324895893962,57.6987506914884,12.3337388979078,0,C,623,5
160.320998811344,72,57.7750760642812,14.2249239357188,0,I,624,5
205.419520984615,72,57.8418389009312,14.1581610990688,0,C,625,5
79.4751649706932,72,58.0924383318052,13.9075616681948,0,I,626,5
137.437732265185,72,58.1423752661794,13.8576247338206,0,C,627,5
490.546108303418,72,58.3103618770838,13.6896381229162,0,I,628,5
97.0112829836443,72,58.318457454443,13.681542545557,0,C,629,5
102.711717576516,72,58.3710583532229,13.6289416467771,0,I,630,5
87.6624877140242,72,58.4174022870138,13.5825977129862,0,C,631,5
119.887436866471,72,58.4622547309846,13.5377452690154,0,I,632,5
124.67671223541,72,58.498876481317,13.501123518683,0,C,633,5
133.538212219342,72,58.5462688654661,13.4537311345339,0,I,634,5
62.8680256479443,72,58.6179353250191,4.25009032292527,1,C,635,5
81.9735229928444,72,58.8557603163645,13.1442396836355,0,I,636,5
116.76118891017,72,59.0194649202749,12.9805350797251,0,C,637,5
146.725722449412,64.041499543531,59.0336169395596,5.0078826039714,0,I,638,5
97.4646672573417,72,59.0761372447014,12.9238627552986,0,C,639,5
250.410578133309,72,59.2721714777872,12.7278285222128,0,I,640,5
148.912636459197,72,59.2830308759585,12.7169691240415,0,C,641,5
526.437280623576,72,59.653142709285,12.346857290715,0,I,642,5
178.733108915722,72,59.7104216180742,12.2895783819258,0,C,643,5
132.030887092835,72,59.715195321478,12.2848046785221,0,I,644,5
126.449836498641,72,59.7153206868097,12.2846793131903,0,C,645,5
389.174887494109,72,59.7269140603021,12.2730859396979,0,I,646,5
196.518248313957,72,59.7343976190314,12.2656023809686,0,C,647,5
64.8622050000634,72,59.7669999534264,5.09520504663694,1,I,648,5
238.022210355754,72,59.8149891290814,12.1850108709186,0,C,649,5
54.4021414445629,1.19984736656125,0.0977187277749181,1.10212863878633,0,C,1,6
6.76786979962158,59.9109681315879,0.180691578425467,6.58717822119612,1,I,2,6
218.181099290232,55.8045295045048,0.200541447848082,55.6039880566567,0,C,3,6
146.001245108372,72,0.284381895326078,71.7156181046739,0,I,4,6
130.275904968288,63.8796916870583,0.44782763812691,63.4318640489314,0,C,5,6
10.3004152409718,72,0.488198683597148,9.81221655737468,1,I,6,6
172.384569554529,72,0.587805141694844,71.4121948583052,0,C,7,6
10.4422013500959,72,1.13435116130859,9.30785018878727,1,I,8,6
20.209331735528,72,1.25082816928625,18.9585035662418,1,C,9,6
368.448114682296,72,1.3881217315793,70.6118782684207,0,I,10,6
4.26870639044494,72,1.47478657308966,2.79391981735528,1,C,11,6
99.5679839012179,39.2193477715171,1.69594617560506,37.5234015959121,0,I,12,6
450.650648246824,72,1.89338908530772,70.1066109146923,0,C,13,6
18.1929747808885,67.7289023538481,1.91124075092375,16.2817340299647,1,I,14,6
380.877915225672,72,1.9449845328927,70.0550154671073,0,C,15,6
37.3712001868315,12.8643995453913,1.94604298565537,10.9183565597359,0,I,16,6
85.5191899893573,52.203575444136,2.02043888624758,50.1831365578885,0,C,17,6
14.0977840986697,72,2.58369587827474,11.5140882203949,1,I,18,6
30.1132036171892,7.12997236111798,2.6440426055342,4.48592975558378,0,C,19,6
122.025917591212,72,2.89428401738405,69.105715982616,0,I,20,6
28.6788393188887,72,2.92336141224951,25.7554779066392,1,C,21,6
21.5543510111469,72,2.92395138647407,18.6303996246728,1,I,22,6
25.0913416999206,72,2.94900046661496,22.1423412333057,1,C,23,6
23.5875375999402,53.1805851254331,3.04806539788842,20.5394722020518,1,I,24,6
6.0435175206191,11.7900908990667,3.09518787078559,2.9483296498335,1,C,25,6
194.868053316898,72,3.12821775209159,68.8717822479084,0,I,26,6
79.3579838094983,21.2908584797584,3.21958457585424,18.0712739039042,0,C,27,6
45.6685854321671,72,3.49937151186168,42.1692139203055,1,I,28,6
102.742669880855,72,3.79833302926272,68.2016669707373,0,C,29,6
88.5701030281795,9.8378367839078,3.93546593841165,5.90237084549614,0,I,30,6
161.383780914325,72,3.95147067960352,68.0485293203965,0,C,31,6
75.6087263708613,72,4.02927981689572,67.9707201831043,0,I,32,6
175.354135659309,72,4.04155261348933,67.9584473865107,0,C,33,6
13.5992225105472,72,4.26793924067169,9.33128326987553,1,I,34,6
36.2774381871048,59.143667980376,4.29292373824865,31.9845144488562,1,C,35,6
40.1961407650427,72,4.32955785188824,35.8665829131544,1,I,36,6
346.678354306665,52.4431385298633,4.41108673810959,48.0320517917537,0,C,37,6
32.7015310116774,72,4.4737660093233,28.2277650023541,1,I,38,6
288.144187971754,72,4.51614952180535,67.4838504781947,0,C,39,6
276.275820494462,72,4.5788915315643,67.4211084684357,0,I,40,6
22.9711712360359,72,4.72428983543068,18.2468814006052,1,C,41,6
57.49353383259,66.9183345676057,4.73048175685108,52.7630520757389,1,I,42,6
142.652272929465,72,4.73911870736629,67.2608812926337,0,C,43,6
250.465905197866,72,4.76839250419289,67.2316074958071,0,I,44,6
73.2493478272879,72,4.8069358477369,67.1930641522631,0,C,45,6
238.749360539763,72,4.80814361013472,67.1918563898653,0,I,46,6
389.993982445323,51.5014457977767,4.84937061555684,46.6520751822199,0,C,47,6
260.513471986543,72,4.89349507726729,67.1065049227327,0,I,48,6
139.40433477009,72,4.94771549943835,67.0522845005617,0,C,49,6
21.4331651524565,39.5232039217026,5.03438063431531,16.3987845181412,1,I,50,6
392.82344437247,42.9097037203515,5.31349478289485,37.5962089374567,0,C,51,6
63.6480797129052,72,5.49854115117341,58.1495385617318,1,I,52,6
125.752102011415,72,5.54042232222855,66.4595776777715,0,C,53,6
138.679042594931,50.2870646270398,5.62889234628528,44.6581722807546,0,I,54,6
154.776863068819,72,5.996815552935,66.003184447065,0,C,55,6
145.648386526698,72,6.01943761110306,65.9805623888969,0,I,56,6
54.8662999604657,17.0666254944702,6.029486451298,11.0371390431722,0,C,57,6
522.29076223826,19.0069236007545,6.12616819795221,12.8807554028023,0,I,58,6
64.9074051411184,72,6.15700668655336,58.750398454565,1,C,59,6
435.833204884267,60.0410774093297,6.2428166018799,53.7982608074498,0,I,60,6
15.7335691739712,72,6.26914420165122,9.46442497231993,1,C,61,6
177.63859858968,72,6.32690150756389,65.6730984924361,0,I,62,6
181.400754187915,58.1910377725597,6.34160315617919,51.8494346163805,0,C,63,6
11.3068030866758,72,6.34658271912485,4.96022036755093,1,I,64,6
17.0468264788089,25.8233944300661,6.50971891824156,10.5371075605674,1,C,65,6
198.810472345058,72,6.57292011659592,65.4270798834041,0,I,66,6
58.1942336659415,12.4594112475601,6.62192459218204,5.83748665537804,0,C,67,6
173.895751170029,9.13269442031237,6.75015262328088,2.38254179703149,0,I,68,6
53.8389400818203,72,6.78516982588917,47.0537702559312,1,C,69,6
407.699129502092,72,6.80291972123087,65.1970802787691,0,I,70,6
132.075974364051,72,6.85439885593951,65.1456011440605,0,C,71,6
295.229983131132,72,6.86535583343357,65.1346441665664,0,I,72,6
218.579305458711,16.4646510058746,7.08813715260476,9.37651385326983,0,C,73,6
83.5931530781118,30.2323055469525,7.18808895908296,23.0442165878695,0,I,74,6
433.258342654721,72,7.24124304950237,64.7587569504976,0,C,75,6
11.7655082502299,72,7.31648785527796,4.44902039495196,1,I,76,6
35.434335180891,72,7.43631504010409,27.9980201407869,1,C,77,6
70.9827125834573,72,7.44477479718626,63.5379377862711,1,I,78,6
259.381298903878,46.8327276147456,7.57448843680322,39.2582391779424,0,C,79,6
131.740227293658,40.5541647389526,7.61877307668328,32.9353916622693,0,I,80,6
45.1205674720046,44.8397722755091,7.65304328408092,37.1867289914281,0,C,81,6
26.2977051140806,72,7.70580222364515,18.5919028904354,1,I,82,6
129.644420819458,72,8.20637593511492,63.7936240648851,0,C,83,6
15.7586574575482,72,8.26309465337545,7.49556280417274,1,I,84,6
39.333114815067,72,8.2640821672976,31.0690326477694,1,C,85,6
45.2296468156795,72,8.39306076988578,36.8365860457937,1,I,86,6
72.793221301928,72,8.44334442168474,63.5566555783153,0,C,87,6
384.434717907385,72,8.59753876458854,63.4024612354115,0,I,88,6
145.805401849017,72,9.08530516549945,62.9146948345006,0,C,89,6
113.942625122348,72,9.13333247881383,62.8666675211862,0,I,90,6
63.0676310620677,72,9.18571839574724,53.8819126663204,1,C,91,6
9.75030426972396,72,9.26811602432281,0.482188245401149,1,I,92,6
65.7304676889958,72,9.32908901944757,56.4013786695483,1,C,93,6
18.1819521778367,47.3629297245426,9.3559828447178,8.82596933311894,1,I,94,6
178.471612396998,72,9.46535456925631,62.5346454307437,0,C,95,6
403.128802708447,72,9.52035133726895,62.4796486627311,0,I,96,6
55.5868075155061,72,9.71068848855793,45.8761190269481,1,C,97,6
46.6076694286816,72,9.85029274597764,36.7573766827039,1,I,98,6
108.048523426975,72,9.88068006467074,62.1193199353293,0,C,99,6
72.6785078390046,72,9.92989735677838,62.0701026432216,0,I,100,6
145.761301176584,72,9.982676259242,62.017323740758,0,C,101,6
121.27997403531,72,10.0688202213496,61.9311797786504,0,I,102,6
107.614985125042,28.5929311912797,10.1359461899847,18.456985001295,0,C,103,6
48.5230572871025,72,10.1753199286759,38.3477373584266,1,I,104,6
107.229805082665,72,10.3316176263615,61.6683823736385,0,C,105,6
83.1628099569682,72,10.3578959405422,61.6421040594578,0,I,106,6
114.8161592648,62.0997657652829,10.374343469739,51.7254222955439,0,C,107,6
15.1288776531085,50.3887234802579,10.537061272189,4.59181638091945,1,I,108,6
19.9398937575963,72,10.5810193531215,9.35887440447473,1,C,109,6
89.6853122874984,72,10.6964166741818,61.3035833258182,0,I,110,6
325.439410425843,72,10.7303185109049,61.2696814890951,0,C,111,6
249.987094210136,72,10.8109356975183,61.1890643024817,0,I,112,6
60.8369071057454,72,10.8238070318475,50.0131000738979,1,C,113,6
209.744305322439,72,10.8523605857044,61.1476394142956,0,I,114,6
223.826227197084,72,10.9895705245435,61.0104294754565,0,C,115,6
80.182879306112,72,11.0924743395299,60.9075256604701,0,I,116,6
77.9410264579151,72,11.1435117200017,60.8564882799983,0,C,117,6
21.0086267118137,72,11.1711063282564,9.83752038355725,1,I,118,6
464.418236850562,72,11.1903597833589,60.8096402166411,0,C,119,6
169.002074204825,72,11.3076221337542,60.6923778662458,0,I,120,6
66.9204352110041,72,11.3988902885467,55.5215449224574,1,C,121,6
46.9843537293344,72,11.5974987717345,35.3868549575999,1,I,122,6
124.434853008805,60.2432249040866,11.7509701615199,48.4922547425666,0,C,123,6
13.7701454822548,72,12.0790423778817,1.6911031043731,1,I,124,6
125.355992615984,44.0221799618802,12.1872762870044,31.8349036748759,0,C,125,6
148.72191577653,72,12.2498278878629,59.7501721121371,0,I,126,6
70.9909910476526,24.6488946005388,12.3584794392809,12.2904151612579,0,C,127,6
16.3877689193143,46.4352047734601,12.4304143292829,3.95735459003133,1,I,128,6
309.313107519497,72,12.5697520980611,59.4302479019389,0,C,129,6
86.5898640284844,72,12.6945179281756,59.3054820718244,0,I,130,6
118.775771097656,16.0415860299317,12.7361665153876,3.30541951454413,0,C,131,6
54.0559561918396,72,12.7390348445624,41.3169213472771,1,I,132,6
21.4556306535131,46.1959441730083,12.8267871262506,8.62884352726251,1,C,133,6
52.2966166013296,72,12.870381125249,39.4262354760807,1,I,134,6
33.8925020893066,72,13.097244319506,20.7952577698006,1,C,135,6
201.166962218619,72,13.6740795336664,58.3259204663336,0,I,136,6
141.915092743968,72,13.7340277992189,58.2659722007811,0,C,137,6
55.3895308970388,72,13.7496602442116,41.6398706528272,1,I,138,6
125.308509832688,72,14.0216635353863,57.9783364646137,0,C,139,6
86.9828071965262,33.625562451323,14.0467235259712,19.5788389253518,0,I,140,6
14.7497009133206,72,14.0855062147602,0.664194698560381,1,C,141,6
107.724518221401,23.0626452912605,14.1277037188411,8.93494157241938,0,I,142,6
19.3863223857387,32.7170098691579,14.1391600202769,5.2471623654618,1,C,143,6
130.810504435619,26.9770074887927,14.15275210049,12.8242553883027,0,I,144,6
66.9029284613974,72,14.2103809956461,52.6925474657513,1,C,145,6
127.192732932461,72,14.2416279902682,57.7583720097318,0,I,146,6
74.530195050963,72,14.2765597114339,57.7234402885661,0,C,147,6
305.578335514685,72,14.2811537487432,57.7188462512568,0,I,148,6
93.6199258198992,72,14.4278857810423,57.5721142189577,0,C,149,6
73.1772820332499,40.8991577451539,14.5959080569446,26.3032496882093,0,I,150,6
133.255628856134,34.3670858704831,14.7424733592197,19.6246125112634,0,C,151,6
42.8737971732479,22.6082923451021,14.8798060230911,7.72848632201106,0,I,152,6
530.0740866938,20.7279479945677,15.0549220992252,5.6730258953425,0,C,153,6
203.332106480415,72,15.0996373733506,56.9003626266494,0,I,154,6
200.446607325568,72,15.1967115327716,56.8032884672284,0,C,155,6
168.056456810962,72,15.3654565662146,56.6345434337854,0,I,156,6
20.7687225996464,19.4008973115883,15.4948908509687,3.90600646061966,0,C,157,6
244.840444158404,72,15.5199536215514,56.4800463784486,0,I,158,6
74.9614473342892,72,15.5934044066817,56.4065955933183,0,C,159,6
160.273827651053,72,15.6003981688991,56.3996018311009,0,I,160,6
102.816590675094,72,15.8504371438175,56.1495628561825,0,C,161,6
17.5912629294308,72,15.940169384703,1.65109354472771,1,I,162,6
28.541866580491,47.9933664953225,15.9719083970413,12.5699581834497,1,C,163,6
125.977391115008,72,16.051282742992,55.948717257008,0,I,164,6
98.1016996958171,72,16.1504558986053,55.8495441013947,0,C,165,6
561.96469131654,72,16.1779165221378,55.8220834778622,0,I,166,6
153.104786239015,72,16.2987201008946,55.7012798991054,0,C,167,6
23.5907144920374,72,16.4391943998635,7.15152009217388,1,I,168,6
130.154164613018,72,16.4539972599596,55.5460027400404,0,C,169,6
18.8796365911435,72,16.5041872579604,2.37544933318301,1,I,170,6
340.746977078055,43.3022903768704,16.5083802910522,26.7939100858182,0,C,171,6
27.2581333198682,72,16.5742974355817,10.6838358842865,1,I,172,6
69.8880131070084,55.8805069009997,16.5801499038935,39.3003569971062,0,C,173,6
417.280436966325,72,16.6043057106435,55.3956942893565,0,I,174,6
81.4309771289343,72,16.609501359053,55.3904986409471,0,C,175,6
189.632441915466,72,16.653054705821,55.346945294179,0,I,176,6
77.3107051450125,72,16.9535027397797,55.0464972602204,0,C,177,6
58.4074797306056,72,17.0763061428443,41.3311735877613,1,I,178,6
59.7476392900455,72,17.2705873986706,42.4770518913748,1,C,179,6
318.072707464178,72,17.3349977144972,54.6650022855029,0,I,180,6
102.296356603748,72,17.4776930082589,54.5223069917411,0,C,181,6
205.506173578064,72,17.5152740674093,54.4847259325907,0,I,182,6
153.134427655523,72,17.5325790653005,54.4674209346995,0,C,183,6
56.5855934286281,45.9588080367916,17.6323418319225,28.326466204869,0,I,184,6
237.883428504365,72,17.6409458275884,54.3590541724116,0,C,185,6
111.078305464983,72,17.6738258544356,54.3261741455644,0,I,186,6
69.0506350633207,72,17.780747548677,51.2698875146437,1,C,187,6
76.8388822535192,72,18.0803239205852,53.9196760794148,0,I,188,6
65.5879905156187,31.9867180433998,18.1816444639117,13.8050735794882,0,C,189,6
184.322641696028,45.7026978003946,18.4036786481738,27.2990191522207,0,I,190,6
189.17917332787,38.3005262649045,18.5920614330098,19.7084648318947,0,C,191,6
278.834863300467,72,18.6021430324763,53.3978569675237,0,I,192,6
111.903607418792,72,18.6345162894577,53.3654837105423,0,C,193,6
115.352728383415,21.28850742545,18.8589465804398,2.42956084501015,0,I,194,6
131.97263462408,72,18.8644827716053,53.1355172283948,0,C,195,6
19.1227064818378,72,18.9558077137917,0.166898768046095,1,I,196,6
184.83518790464,68.3835798163317,19.0277362335473,49.3558435827843,0,C,197,6
338.652757381238,72,19.0365384891629,52.9634615108371,0,I,198,6
99.9193004533969,72,19.1045139776543,52.8954860223457,0,C,199,6
60.5077347183352,72,19.1515518492088,41.3561828691264,1,I,200,6
79.9056450132596,72,19.175710324198,52.824289675802,0,C,201,6
83.6381354540442,72,19.2397563764825,52.7602436235175,0,I,202,6
60.1559450807221,72,19.3045571353287,40.8513879453934,1,C,203,6
128.16579832936,72,19.4593225233257,52.5406774766743,0,I,204,6
110.442292333851,20.1525842070208,19.5424767583609,0.610107448659971,0,C,205,6
35.3635536599211,72,19.5741829974577,15.7893706624634,1,I,206,6
132.936562670224,25.8377505383123,19.641717444174,6.1960330941383,0,C,207,6
66.6833599162374,72,19.9464685097337,46.7368914065037,1,I,208,6
87.0897535031827,52.7489851968077,19.9633606011048,32.7856245957029,0,C,209,6
51.3692372190731,60.9758605553349,19.9683135794476,31.4009236396256,1,I,210,6
78.5232631591227,72,20.4447393491864,51.5552606508136,0,C,211,6
108.204013263201,46.7187762386709,20.6065111001953,26.1122651384756,0,I,212,6
30.413581466206,72,20.6150479288772,9.79853353732881,1,C,213,6
31.1438350902858,72,20.7163674384356,10.4274676518502,1,I,214,6
51.6130914379969,37.3686846759113,20.815669214353,16.5530154615583,0,C,215,6
99.7915306819489,72,20.8699623355642,51.1300376644358,0,I,216,6
93.2949880433254,58.9092000144093,20.9094316000119,37.9997684143974,0,C,217,6
95.8767690071495,72,21.0494739515707,50.9505260484293,0,I,218,6
55.3685609221197,72,21.4191308151931,33.9494301069267,1,C,219,6
171.321437122038,72,21.5409019729123,50.4590980270878,0,I,220,6
127.292997347567,50.9686785503476,21.5579975349829,29.4106810153647,0,C,221,6
158.88452946804,72,21.5854727709666,50.4145272290334,0,I,222,6
198.635041912134,72,21.5994017897174,50.4005982102826,0,C,223,6
113.206078148696,72,21.7486387537792,50.2513612462208,0,I,224,6
40.9133076354764,72,21.8110726308078,19.1022350046686,1,C,225,6
77.5974727331778,72,21.8884847452864,50.1115152547136,0,I,226,6
73.2032228012861,72,21.8909616116434,50.1090383883566,0,C,227,6
26.3267054482411,72,21.9224047847092,4.40430066353186,1,I,228,6
27.7384999148146,72,21.9836933445185,5.75480657029602,1,C,229,6
296.642889194216,72,22.0101094292477,49.9898905707523,0,I,230,6
64.2157250331421,72,22.0671051973477,42.1486198357944,1,C,231,6
60.3824409310384,72,22.0710141677409,38.3114267632974,1,I,232,6
111.314541893189,72,22.1848921570927,49.8151078429073,0,C,233,6
105.264619586718,72,22.3307467298582,49.6692532701418,0,I,234,6
31.5291368815333,71.5533602824199,22.3937007598579,9.13543612167542,1,C,235,6
61.320244494608,72,22.4539185874164,38.8663259071916,1,I,236,6
176.657934787572,72,22.4778551375493,49.5221448624507,0,C,237,6
340.18584271893,72,22.5074297469109,49.4925702530891,0,I,238,6
259.665975210194,72,22.5133214564994,49.4866785435006,0,C,239,6
27.2446820755333,72,22.6170688960701,4.62761317946316,1,I,240,6
80.055564759442,72,22.6223699329421,49.3776300670579,0,C,241,6
141.370772432609,35.9334121085421,22.7541614603251,13.179250648217,0,I,242,6
364.858054252123,72,22.7547124167904,49.2452875832096,0,C,243,6
136.027743030787,64.1473370180272,22.8106663282961,41.3366706897312,0,I,244,6
68.1638099684298,72,23.0940312054008,45.069778763029,1,C,245,6
106.660586505508,72,23.2438690261915,48.7561309738085,0,I,246,6
265.969370171295,72,23.3634713804349,48.6365286195651,0,C,247,6
139.068369256548,72,23.3895665360615,48.6104334639385,0,I,248,6
61.6519942059184,72,23.4128833282739,38.2391108776445,1,C,249,6
194.243431599214,41.7065605041546,23.4636899270117,18.2428705771429,0,I,250,6
118.195183125871,72,23.5192100331187,48.4807899668813,0,C,251,6
165.140589210236,64.2630335772941,23.5326625267044,40.7303710505897,0,I,252,6
42.6095862662548,72,23.5554890194908,19.054097246764,1,C,253,6
34.8459470958631,67.9108206417123,23.7247661082074,11.1211809876557,1,I,254,6
91.2392523123566,72,23.745070360601,48.2549296393991,0,C,255,6
29.808052913634,72,24.1258450085297,5.68220790510428,1,I,256,6
61.5563256680583,72,24.3213039496914,37.2350217183669,1,C,257,6
99.4134805698984,72,24.5543294493109,47.4456705506891,0,I,258,6
112.889780065034,72,24.6389724919572,47.3610275080428,0,C,259,6
133.510972329977,43.4760038509652,24.7827760269865,18.6932278239787,0,I,260,6
111.999580737224,72,24.8286318685859,47.1713681314141,0,C,261,6
87.754538631429,72,24.8288591019809,47.1711408980191,0,I,262,6
38.3294790267847,72,24.8941719252616,13.435307101523,1,C,263,6
72.2973832730678,72,25.0785084581003,46.9214915418997,0,I,264,6
270.030032098767,72,25.1323366910219,46.8676633089781,0,C,265,6
156.317414101806,72,25.2904866496101,46.7095133503899,0,I,266,6
43.9350240878801,72,25.8260901505128,18.1089339373674,1,C,267,6
41.8827616335896,72,25.8295976137742,16.0531640198154,1,I,268,6
53.497670750972,72,25.8769363677129,27.6207343832591,1,C,269,6
230.322917183132,60.8933162385674,26.0919225588441,34.8013936797233,0,I,270,6
72.6430212641918,52.3195041095717,26.1116068158299,26.2078972937418,0,C,271,6
69.9214549975951,72,26.2154735857621,43.705981411833,1,I,272,6
190.655586680692,72,26.3297026511282,45.6702973488718,0,C,273,6
41.0613904441448,72,26.4560627331957,14.605327710949,1,I,274,6
231.854653970384,72,26.5942318271846,45.4057681728154,0,C,275,6
52.9496601473818,72,26.7053352110088,26.244324936373,1,I,276,6
160.215135149765,72,26.8351857690141,45.1648142309859,0,C,277,6
197.522928052532,72,26.8426150130108,45.1573849869892,0,I,278,6
269.804301339059,72,26.8960604863241,45.1039395136759,0,C,279,6
57.9637110883636,72,27.0517422258854,30.9119688624782,1,I,280,6
120.603321460494,72,27.424376453273,44.575623546727,0,C,281,6
30.4388958838032,72,27.7350419573486,2.70385392645457,1,I,282,6
40.9675658901333,72,27.8871724102646,13.0803934798687,1,C,283,6
84.39594221084,72,27.9256932204589,44.0743067795411,0,I,284,6
177.980094295398,72,28.0197236593813,43.9802763406187,0,C,285,6
75.5509284318421,72,28.0443303426728,43.9556696573272,0,I,286,6
562.315470047905,72,28.0619078921154,43.9380921078846,0,C,287,6
281.072447725661,72,28.1350493989885,43.8649506010115,0,I,288,6
225.46874459126,72,28.163507762365,43.836492237635,0,C,289,6
29.5020936682987,72,28.2561763236299,1.24591734466876,1,I,290,6
51.9081677605371,72,28.5055069159716,23.4026608445654,1,C,291,6
119.82323059853,39.7498727539226,28.7605493562296,10.989323397693,0,I,292,6
94.4512312576881,72,28.8807963905856,43.1192036094144,0,C,293,6
228.520167591483,72,28.9496888313442,43.0503111686558,0,I,294,6
60.5572850922892,72,29.000453017652,31.5568320746372,1,C,295,6
139.658700600763,72,29.0303888032213,42.9696111967787,0,I,296,6
50.670813724215,72,29.0687374491245,21.6020762750905,1,C,297,6
199.609998674458,72,29.1930743912235,42.8069256087765,0,I,298,6
58.1659998883933,57.7638302144314,29.2023995099589,28.5614307044724,0,C,299,6
113.984680935717,72,29.2402748437598,42.7597251562402,0,I,300,6
79.3886667435489,72,29.2542081233114,42.7457918766886,0,C,301,6
126.367747543983,72,29.2699900595471,42.7300099404529,0,I,302,6
84.1494306286298,31.3920266843965,29.5813724957407,1.81065418865584,0,C,303,6
445.879679670906,72,29.7343457071111,42.2656542928889,0,I,304,6
55.0065968399204,72,29.7792105283588,25.2273863115616,1,C,305,6
36.9216148495562,72,29.9160300381482,7.00558481140802,1,I,306,6
171.874056026427,72,30.0579293584451,41.9420706415549,0,C,307,6
62.8195224834402,57.4346243534918,30.1282204175368,27.306403935955,0,I,308,6
145.107882508733,72,30.1608881587163,41.8391118412837,0,C,309,6
137.853923084036,72,30.332163842395,41.6678361576051,0,I,310,6
99.3113932345354,72,30.4708546539769,41.5291453460231,0,C,311,6
32.1427286129832,63.7410425435226,31.0455819312483,1.0971466817349,1,I,312,6
112.428221099424,72,31.0561505332589,40.9438494667411,0,C,313,6
358.686515815535,72,31.1951209651306,40.8048790348694,0,I,314,6
76.2865033966521,72,31.2621193611994,40.7378806388006,0,C,315,6
163.279973529819,72,31.2727531883866,40.7272468116134,0,I,316,6
117.561673165242,72,31.3109391136095,40.6890608863905,0,C,317,6
363.270991026135,34.0112736969329,31.4336719410494,2.57760175588352,0,I,318,6
307.858380393547,72,31.4825021568686,40.5174978431314,0,C,319,6
228.005748887371,72,31.5409642551094,40.4590357448906,0,I,320,6
52.6951131700191,72,31.5732134599239,21.1218997100952,1,C,321,6
36.8657444812102,72,31.6162626771256,5.24948180408454,1,I,322,6
719.037369291716,72,31.6522723110393,40.3477276889607,0,C,323,6
68.2430414208021,72,31.7281740205362,36.5148674002659,1,I,324,6
177.603225909449,37.8093361825006,31.7893870314583,6.01994915104231,0,C,325,6
113.543349214289,72,31.8073902558535,40.1926097441465,0,I,326,6
73.1643726477041,62.3652736815245,31.9309800770134,30.4342936045112,0,C,327,6
251.975008416965,72,32.1078549558297,39.8921450441703,0,I,328,6
156.715123842249,72,32.2198876412585,39.7801123587415,0,C,329,6
45.8573595528314,72,32.2804725822061,13.5768869706252,1,I,330,6
65.2249852294411,38.1255738139412,32.2869820380583,5.8385917758829,0,C,331,6
57.240267221094,49.4237406093457,32.3119792342186,17.1117613751271,0,I,332,6
79.0142310453539,72,32.3859274154529,39.6140725845471,0,C,333,6
269.467968136371,62.9839614547066,32.4217080418021,30.5622534129046,0,I,334,6
86.6096128285038,72,32.5177707290277,39.4822292709723,0,C,335,6
224.041901736716,72,32.5457746395841,39.4542253604159,0,I,336,6
308.980291549932,72,32.6546723674983,39.3453276325017,0,C,337,6
83.0130392204232,72,32.6580689661205,39.3419310338795,0,I,338,6
37.5284135664117,72,32.6809956366196,4.84741792979212,1,C,339,6
105.456664317237,72,32.9949497524649,39.0050502475351,0,I,340,6
45.3781830627506,72,33.0958525417373,12.2823305210133,1,C,341,6
115.546593587768,72,33.1426598411053,38.8573401588947,0,I,342,6
33.8201635125062,72,33.2836576877162,0.536505824789996,1,C,343,6
70.1685073224932,72,33.3095018332824,36.8590054892108,1,I,344,6
97.0054480662186,72,33.4278689604253,38.5721310395747,0,C,345,6
176.082374585083,72,33.5318474192172,38.4681525807828,0,I,346,6
495.014965208019,72,33.6773446993902,38.3226553006098,0,C,347,6
150.464271607165,72,33.6865973286331,38.3134026713669,0,I,348,6
548.677265019849,72,33.6901906086132,38.3098093913868,0,C,349,6
106.421118086983,72,33.7111314246431,38.2888685753569,0,I,350,6
495.942119257025,39.2180760962994,33.7803503824398,5.43772571385964,0,C,351,6
163.211754477784,72,33.8100783526897,38.1899216473103,0,I,352,6
362.89551923724,72,33.8105355156586,38.1894644843414,0,C,353,6
65.7948299126323,72,33.8318962790072,31.9629336336251,1,I,354,6
48.2682819571519,72,33.9522102149203,14.3160717422316,1,C,355,6
43.1028246178802,72,34.0426453622058,9.0601792556744,1,I,356,6
416.369265315725,72,34.1178889945149,37.8821110054851,0,C,357,6
113.122832039375,71.7850375262225,34.1348886257038,37.6501489005187,0,I,358,6
84.3614235191763,72,34.1461236029863,37.8538763970137,0,C,359,6
258.424231582301,72,34.2909107822925,37.7090892177075,0,I,360,6
58.1140987259267,38.5964406692249,34.3231261381879,4.27331453103694,0,C,361,6
156.108737646052,72,34.4146199757233,37.5853800242767,0,I,362,6
61.2622822405186,49.4725409185733,34.5865100668743,14.8860308516989,0,C,363,6
72.4936511151483,72,34.7332871519029,37.2667128480971,0,I,364,6
109.054152001469,72,34.8581587197259,37.1418412802741,0,C,365,6
114.484053357115,36.5150412348426,35.1173478551209,1.39769337972167,0,I,366,6
109.9277020178,72,35.3032788354903,36.6967211645097,0,C,367,6
145.82531571404,72,35.3562429361045,36.6437570638955,0,I,368,6
37.7663201266934,72,35.3673386480659,2.3989814786275,1,C,369,6
298.803897017273,72,35.7446693256497,36.2553306743503,0,I,370,6
77.2872009462223,58.66728712368,36.1082594934851,22.5590276301949,0,C,371,6
391.521645913096,46.4682925578713,36.2763056717813,10.19198688609,0,I,372,6
136.053024226833,72,36.4929323131219,35.5070676868781,0,C,373,6
257.178618063421,72,36.710469215177,35.289530784823,0,I,374,6
69.6013371096115,72,36.768245017156,32.8330920924555,1,C,375,6
111.372078550683,72,36.8584275897592,35.1415724102408,0,I,376,6
65.1618660370426,58.7153540254446,36.9025488803163,21.8128051451283,0,C,377,6
91.8875255999371,72,37.4176451889798,34.5823548110202,0,I,378,6
61.8584773592631,72,37.5433400971815,24.3151372620816,1,C,379,6
357.764925245315,72,37.7485017897561,34.2514982102439,0,I,380,6
70.771587790036,72,37.8374846465886,32.9341031434474,1,C,381,6
77.752279995774,72,37.9059342015535,34.0940657984465,0,I,382,6
313.711705484814,72,37.9557577287778,34.0442422712222,0,C,383,6
101.587272828722,72,37.9680201597512,34.0319798402488,0,I,384,6
224.663950518142,72,38.2326992880553,33.7673007119447,0,C,385,6
72.795913337729,72,38.4423135593534,33.5576864406467,0,I,386,6
49.4441573108033,72,38.4503786824644,10.9937786283389,1,C,387,6
50.2570771405099,51.0649279652222,38.5521689197049,11.704908220805,1,I,388,6
129.388591262864,42.5969512796342,38.6457637371495,3.95118754248461,0,C,389,6
63.2883160025757,72,38.6809195484966,24.6073964540791,1,I,390,6
60.7942327385888,72,38.7927320133895,22.0015007251994,1,C,391,6
55.9182337546716,72,38.918879404664,16.9993543500076,1,I,392,6
63.8035198242503,72,38.9385054493323,24.865014374918,1,C,393,6
46.1919459278521,72,38.9946056809276,7.1973402469245,1,I,394,6
97.6629617979633,72,39.0190314827487,32.9809685172513,0,C,395,6
153.690283124501,69.9644980528734,39.1761738527566,30.7883242001168,0,I,396,6
113.786271922941,72,39.393485407345,32.606514592655,0,C,397,6
149.970659868379,72,39.4206362357363,32.5793637642637,0,I,398,6
55.5067536391872,72,39.4799375161529,16.0268161230343,1,C,399,6
56.271051367606,72,39.5958865620196,16.6751648055864,1,I,400,6
163.778092335776,59.6611744781595,39.6590696135536,20.0021048646059,0,C,401,6
127.607485960304,72,39.6857865527272,32.3142134472728,0,I,402,6
55.7909634048194,72,39.726548739709,16.0644146651104,1,C,403,6
89.8601944595413,72,39.8774701729417,32.1225298270583,0,I,404,6
507.514415968531,72,40.287358649075,31.712641350925,0,C,405,6
136.592418147666,72,40.4090292798355,31.5909707201645,0,I,406,6
355.051188174089,72,40.5336601333693,31.4663398666307,0,C,407,6
119.322471669729,72,40.6620232947171,31.3379767052829,0,I,408,6
259.477886108427,72,40.767078269273,31.232921730727,0,C,409,6
76.5436008551006,41.616507135341,40.9403723990545,0.676134736286578,0,I,410,6
54.4801255740519,72,40.9609720576555,13.5191535163964,1,C,411,6
150.809420534667,72,41.0373282199726,30.9626717800275,0,I,412,6
51.2304680295627,72,41.3932267762721,9.83724125329064,1,C,413,6
311.510141586792,72,41.4049602812156,30.5950397187844,0,I,414,6
97.1420650765503,72,41.4782747626305,30.5217252373695,0,C,415,6
171.007680095855,44.6534547734549,41.5129328984767,3.14052187497813,0,I,416,6
41.609698263663,72,41.5709079382941,0.0387903253688706,1,C,417,6
302.51642737311,72,41.7452636361122,30.2547363638878,0,I,418,6
66.8479890065505,72,41.7835702886805,25.06441871787,1,C,419,6
431.932338718217,72,41.9135452760384,30.0864547239617,0,I,420,6
53.5600540728858,72,41.9261740660295,11.6338800068563,1,C,421,6
127.591416736586,72,42.1216424787417,29.8783575212583,0,I,422,6
70.687604645348,72,42.2237551957369,28.4638494496111,1,C,423,6
107.865575276142,72,42.2923996858299,29.7076003141701,0,I,424,6
100.224680188086,72,42.369736880064,29.630263119936,0,C,425,6
85.5914922624149,72,42.3962827865034,29.6037172134966,0,I,426,6
99.0504693637017,72,42.452357984148,29.547642015852,0,C,427,6
331.281544500991,65.566753656163,42.4788477318361,23.0879059243269,0,I,428,6
121.822561446009,72,42.7599233016372,29.2400766983628,0,C,429,6
95.9562280024518,72,42.842051256448,29.157948743552,0,I,430,6
139.104181971596,72,43.0000712256879,28.9999287743121,0,C,431,6
239.456441244635,62.0997806234698,43.0205917311832,19.0791888922866,0,I,432,6
348.220022359283,72,43.0791621375829,28.9208378624171,0,C,433,6
78.2789371779033,72,43.1681915419176,28.8318084580824,0,I,434,6
93.8271436661881,72,43.3716922067106,28.6283077932894,0,C,435,6
192.13535877094,72,43.4266618452966,28.5733381547034,0,I,436,6
111.319870975211,72,43.4344044467434,28.5655955532566,0,C,437,6
58.7733290865707,72,43.4804281778634,15.2929009087073,1,I,438,6
126.881454729164,72,43.4807606739923,28.5192393260077,0,C,439,6
195.455610265088,72,43.5543841822073,28.4456158177927,0,I,440,6
164.326000015539,72,43.6087801214308,28.3912198785692,0,C,441,6
285.213922466595,72,43.7131479475647,28.2868520524353,0,I,442,6
126.140523470483,72,43.7186670396477,28.2813329603523,0,C,443,6
141.696913455185,72,43.7648346740752,28.2351653259248,0,I,444,6
350.769740280668,72,43.8127863407135,28.1872136592865,0,C,445,6
190.767213682131,72,43.8905006088316,28.1094993911684,0,I,446,6
393.232085338453,72,44.0933010634035,27.9066989365965,0,C,447,6
113.171230599105,72,44.30252938997,27.69747061003,0,I,448,6
55.1927401654432,72,44.3528702761978,10.8398698892454,1,C,449,6
53.1902843984307,72,44.4126090081409,8.77767539028988,1,I,450,6
57.0146966185838,72,44.4433091813698,12.571387437214,1,C,451,6
312.223029552919,72,44.6089529804885,27.3910470195115,0,I,452,6
361.622780829361,72,44.6314938878641,27.368506112136,0,C,453,6
146.24231365037,72,44.7363873291761,27.2636126708239,0,I,454,6
207.927125274005,72,44.8819469986483,27.1180530013517,0,C,455,6
45.9161899422996,72,44.8970634536818,1.01912648861783,1,I,456,6
131.537531906431,72,45.0639753928408,26.9360246071592,0,C,457,6
93.139410532772,72,45.1721903728321,26.8278096271679,0,I,458,6
46.6008685528071,72,45.2515482483432,1.34932030446388,1,C,459,6
49.5188584106831,72,45.2544700540602,4.2643883566229,1,I,460,6
60.5229630102001,62.0879009175989,45.4654132761061,15.057549734094,1,C,461,6
175.57075828714,72,45.8732274547219,26.1267725452781,0,I,462,6
53.421248973366,72,45.9042725572363,7.51697641612978,1,C,463,6
403.564568314986,72,46.0440736217424,25.9559263782576,0,I,464,6
58.193814488409,46.7175527163976,46.3330305553973,0.384522161000362,0,C,465,6
71.8663096831365,72,46.3732345495373,25.4930751335992,1,I,466,6
67.2412844371884,72,46.6156646423042,20.6256197948842,1,C,467,6
234.724457865059,72,46.8167811445892,25.1832188554108,0,I,468,6
137.68887848766,58.6654459234098,46.8188056536019,11.8466402698079,0,C,469,6
292.493579443601,72,46.8687893310562,25.1312106689438,0,I,470,6
257.487034621568,72,46.8688208051026,25.1311791948974,0,C,471,6
224.574775442073,72,47.0584964565933,24.9415035434067,0,I,472,6
635.0630376651,72,47.1236194577068,24.8763805422932,0,C,473,6
82.12781509168,72,47.1415102109313,24.8584897890687,0,I,474,6
170.946601197552,72,47.160591292195,24.839408707805,0,C,475,6
123.63865644929,72,47.272440274246,24.727559725754,0,I,476,6
385.793758975565,72,47.5104595720768,24.4895404279232,0,C,477,6
76.5879130793302,72,47.5331270322204,24.4668729677796,0,I,478,6
219.916715068533,72,47.6302632177249,24.3697367822751,0,C,479,6
104.221223501127,72,47.699613282457,24.300386717543,0,I,480,6
74.8413589878718,71.31914770696,47.8902041818947,23.4289435250653,0,C,481,6
184.388763218206,72,47.8946574870497,24.1053425129503,0,I,482,6
112.557012265148,72,47.9498533252627,24.0501466747373,0,C,483,6
256.902614291505,72,47.9536302387714,24.0463697612286,0,I,484,6
67.1582951000426,72,48.3381910482422,18.8201040518005,1,C,485,6
232.191940860395,72,48.5829218337312,23.4170781662688,0,I,486,6
363.107573330529,72,48.632677718997,23.367322281003,0,C,487,6
137.512666247679,72,48.7002140516415,23.2997859483585,0,I,488,6
246.319168446379,72,48.7420137226582,23.2579862773418,0,C,489,6
382.010726629441,72,48.7752760201693,23.2247239798307,0,I,490,6
201.282970656976,72,48.8417475577444,23.1582524422556,0,C,491,6
135.800997475502,72,48.8508203113452,23.1491796886548,0,I,492,6
66.4421298560501,72,48.8840706227347,17.5580592333153,1,C,493,6
129.358774869907,72,48.9289189316332,23.0710810683668,0,I,494,6
72.6107803058142,59.6051671234856,49.0136444661766,10.591522657309,0,C,495,6
49.9929296382142,72,49.1369782481343,0.855951390079948,1,I,496,6
135.211557061224,72,49.2075083451346,22.7924916548654,0,C,497,6
82.1495076927416,72,49.2164043802768,22.7835956197232,0,I,498,6
211.99435993864,72,49.3825494870544,22.6174505129457,0,C,499,6
137.833177197995,72,49.4602252822369,22.5397747177631,0,I,500,6
165.293731482556,50.1399041294742,49.5110489800572,0.628855149416957,0,C,501,6
170.148005250285,72,49.5819081785157,22.4180918214843,0,I,502,6
90.673342471973,72,49.5877470541745,22.4122529458255,0,C,503,6
95.6891285715467,72,49.6957392990589,22.3042607009411,0,I,504,6
51.3925781667829,72,49.920868864283,1.47170930249991,1,C,505,6
71.872564876673,72,50.0212527718395,21.8513121048335,1,I,506,6
51.2358872133765,72,50.0240861065686,1.21180110680788,1,C,507,6
84.9818014894663,72,50.1601377781481,21.8398622218519,0,I,508,6
206.208320384795,72,50.19790828228,21.80209171772,0,C,509,6
153.148858163202,72,50.240618227981,21.759381772019,0,I,510,6
66.1764093620721,72,50.3348270477727,15.8415823142994,1,C,511,6
279.769684602069,72,50.5106063000858,21.4893936999142,0,I,512,6
53.6727063590822,72,50.5420687654987,3.13063759358351,1,C,513,6
50.7559613936342,72,50.5738440714777,0.182117322156491,1,I,514,6
223.157696625858,72,50.9283881960437,21.0716118039563,0,C,515,6
189.962067524797,72,50.9432543255389,21.0567456744611,0,I,516,6
52.0886287839014,72,51.058404436335,1.03022434756637,1,C,517,6
81.4718405080018,72,51.2435069913045,20.7564930086955,0,I,518,6
440.468395823746,72,51.3504650909454,20.6495349090546,0,C,519,6
290.255153883699,72,51.6014579264447,20.3985420735553,0,I,520,6
73.2118937234783,72,51.6275557642803,20.3724442357197,0,C,521,6
243.792559661542,72,51.8658991204575,20.1341008795425,0,I,522,6
193.084252208846,72,52.0694539183751,19.9305460816249,0,C,523,6
59.5670617846551,72,52.1398491365835,7.42721264807157,1,I,524,6
278.502966103674,72,52.2181263193488,19.7818736806512,0,C,525,6
61.4817886654643,72,52.4810775043443,9.00071116111996,1,I,526,6
77.0885053658299,72,52.6170371007174,19.3829628992826,0,C,527,6
130.30681187882,72,52.7337742131203,19.2662257868797,0,I,528,6
86.7956045261537,72,52.8002016060054,19.1997983939946,0,C,529,6
110.984498794034,58.7535754879872,52.8285475261509,5.92502796183621,0,I,530,6
103.070673731834,72,52.8906009206548,19.1093990793452,0,C,531,6
120.703970957434,72,52.943198424764,19.056801575236,0,I,532,6
167.547345372821,72,53.0919804191217,18.9080195808783,0,C,533,6
253.367432204719,72,53.5665909480304,18.4334090519697,0,I,534,6
303.74261790239,72,53.5748225916177,18.4251774083823,0,C,535,6
149.870635230277,72,53.6773988977075,18.3226011022925,0,I,536,6
204.969455454204,72,53.6813798826188,18.3186201173812,0,C,537,6
140.382464500362,72,53.7086823536083,18.2913176463917,0,I,538,6
128.513648711009,72,53.7350775115192,18.2649224884808,0,C,539,6
122.614885712318,72,53.7435051519424,18.2564948480576,0,I,540,6
75.8238622411566,72,53.7594285886735,18.2405714113265,0,C,541,6
83.8070445050206,72,53.8546058675274,18.1453941324726,0,I,542,6
116.336905298455,72,53.9264447009191,18.0735552990809,0,C,543,6
57.4227814600995,72,54.1732020210475,3.249579439052,1,I,544,6
218.704507885524,72,54.19468796812,17.80531203188,0,C,545,6
112.200599434518,72,54.2797225434333,17.7202774565667,0,I,546,6
111.728659672191,72,54.3093038862571,17.6906961137429,0,C,547,6
54.39982641214,72,54.3352883169428,0.0645380951972436,1,I,548,6
68.5655808969086,62.7007900756291,54.3831276800484,8.31766239558076,0,C,549,6
131.713630185374,72,54.5067446585745,17.4932553414255,0,I,550,6
86.7408841784061,72,54.5967301446945,17.4032698553056,0,C,551,6
364.340635982795,72,54.6375885140151,17.3624114859849,0,I,552,6
109.096497569646,72,54.6398071898148,17.3601928101853,0,C,553,6
64.853742440137,72,54.7940267482773,10.0597156918598,1,I,554,6
130.561766488352,72,54.8074539843947,17.1925460156053,0,C,555,6
144.074259435734,72,54.832908064127,17.167091935873,0,I,556,6
249.150064583957,72,54.9378151260316,17.0621848739684,0,C,557,6
218.414435030617,72,55.0014048535377,16.9985951464623,0,I,558,6
210.382685105128,72,55.0387047138065,16.9612952861935,0,C,559,6
86.036056249466,72,55.0720629561693,16.9279370438308,0,I,560,6
299.991452345998,72,55.2948755817488,16.7051244182512,0,C,561,6
104.093967358625,72,55.3731427760795,16.6268572239205,0,I,562,6
86.8125938754691,72,55.5502458801493,16.4497541198507,0,C,563,6
55.728653808809,72,55.6828471412882,0.0458066675207601,1,I,564,6
471.017027398439,66.9452564950375,55.8189083542675,11.12634814077,0,C,565,6
71.8891051312649,72,55.9562788903713,15.9328262408935,1,I,566,6
116.573456320596,72,55.9765830589458,16.0234169410542,0,C,567,6
211.545386641928,72,56.2239044671878,15.7760955328122,0,I,568,6
66.5113903069913,72,56.617901371792,9.89348893519934,1,C,569,6
185.76413164595,72,56.6339385649189,15.3660614350811,0,I,570,6
68.5582277892466,72,56.9641271419823,11.5941006472643,1,C,571,6
149.71177795696,72,57.022665347904,14.977334652096,0,I,572,6
253.384007640959,72,57.1000873250887,14.8999126749113,0,C,573,6
263.592934830556,72,57.2752038622275,14.7247961377725,0,I,574,6
129.533151364096,72,57.3654403863475,14.6345596136525,0,C,575,6
228.086515266935,72,57.7809263812378,14.2190736187622,0,I,576,6
419.159512940009,72,57.7960157068446,14.2039842931554,0,C,577,6
90.7531797534861,72,57.8844228945673,14.1155771054327,0,I,578,6
105.537536229823,72,57.8988463059068,14.1011536940932,0,C,579,6
90.2569905557315,72,57.9154255567119,14.0845744432881,0,I,580,6
161.744609553556,72,58.0407206481323,13.9592793518677,0,C,581,6
109.920503574524,72,58.188733602874,13.811266397126,0,I,582,6
116.910907374847,72,58.3546825032681,13.6453174967319,0,C,583,6
286.687716634584,72,58.4795929212123,13.5204070787877,0,I,584,6
197.307565052688,72,58.8835792383179,13.1164207616821,0,C,585,6
236.75089413353,72,58.9128914102912,13.0871085897088,0,I,586,6
188.469553194025,72,58.973169378005,13.026830621995,0,C,587,6
700.114823060564,72,59.1191400540993,12.8808599459007,0,I,588,6
169.342821626781,72,59.1972880996764,12.8027119003236,0,C,589,6
69.2256393895953,72,59.2034764308482,10.022162958747,1,I,590,6
306.245072458559,72,59.2293087160215,12.7706912839785,0,C,591,6
135.978961229463,72,59.3265920877457,12.6734079122543,0,I,592,6
219.253119470356,72,59.4255124451593,12.5744875548407,0,C,593,6
118.964434129423,72,59.5231221383438,12.4768778616562,0,I,594,6
80.0992638841032,72,59.6362242707983,12.3637757292017,0,C,595,6
89.6564842345142,72,59.7644582530484,12.2355417469516,0,I,596,6
159.976071362594,72,59.8550223978236,12.1449776021764,0,C,597,6
109.695644705719,72,59.9335364392027,12.0664635607973,0,I,598,6
85.959988227403,72,59.9668720224872,12.0331279775128,0,C,599,6
150.148992496274,72,59.9908224167302,12.0091775832698,0,I,600,6
1.03881826324934,72,0.21193855907768,0.82687970417166,1,C,1,7
8.72713775821755,72,0.225731902755797,8.50140585546175,1,I,2,7
70.8608084772927,34.8258666641253,0.228652856312692,34.5972138078126,0,C,3,7
6.54218535954053,35.8644392603045,0.509993070736527,6.032192288804,1,I,4,7
44.1397843264636,72,0.643515922129154,43.4962684043345,1,C,5,7
23.8193216228743,56.1536381449433,0.823991359211505,22.9953302636628,1,I,6,7
22.4026267079164,72,0.937130469828844,21.4654962380876,1,C,7,7
300.507490034413,44.0703568821764,0.945698521099985,43.1246583610764,0,I,8,7
71.891101428376,72,1.08300028368831,70.8081011446877,1,C,9,7
53.2783331842068,72,1.29233635962009,51.9859968245867,1,I,10,7
5.04041447800118,72,1.40910997521132,3.63130450278985,1,C,11,7
233.186460729357,20.9162556504934,1.41100837849081,19.5052472720026,0,I,12,7
12.242019187496,72,1.51744139380753,10.7245777936885,1,C,13,7
99.8316847216205,72,1.65580478031188,70.3441952196881,0,I,14,7
26.726348421695,47.5149189482638,1.68087382335216,25.0454745983428,1,C,15,7
212.247551887875,62.1488838879664,1.71608414500952,60.4327997429569,0,I,16,7
309.390887810791,72,1.79907591082156,70.2009240891784,0,C,17,7
46.2656332494618,32.2255730544199,1.87190918717533,30.3536638672446,0,I,18,7
121.909103156848,72,1.91005503293127,70.0899449670687,0,C,19,7
11.727401441501,72,1.93296127952635,9.79444016197464,1,I,20,7
196.212342259736,72,2.0914410520345,69.9085589479655,0,C,21,7
9.99016338573399,72,2.09322335198522,7.89694003374877,1,I,22,7
73.7860216812568,72,2.14151356369257,69.8584864363074,0,C,23,7
21.2123143479459,72,2.21631035674363,18.9960039912022,1,I,24,7
28.2928292474089,72,2.37269361969084,25.9201356277181,1,C,25,7
11.5210909122761,72,2.451430731453,9.06966018082314,1,I,26,7
55.3357088700595,45.6364499605278,2.84963530953974,42.7868146509881,0,C,27,7
16.4567651880958,72,2.88819534704089,13.5685698410549,1,I,28,7
158.181409984275,13.5201586987317,2.99211295321584,10.5280457455159,0,C,29,7
89.4918606278861,72,3.23419023770839,68.7658097622916,0,I,30,7
17.4399402391023,72,3.24334221426398,14.1965980248383,1,C,31,7
105.880932393765,65.3383561422608,3.24915041215718,62.0892057301036,0,I,32,7
113.357355461289,72,3.32213129382581,68.6778687061742,0,C,33,7
101.771900964562,72,3.3731676125899,68.6268323874101,0,I,34,7
319.382550392955,72,3.48375581670553,68.5162441832945,0,C,35,7
246.112768729365,72,3.84641977027059,68.1535802297294,0,I,36,7
687.687494331101,72,3.87076127808541,68.1292387219146,0,C,37,7
253.00326248895,72,4.00856492109597,67.991435078904,0,I,38,7
14.9408148065874,72,4.02604127302766,10.9147735335598,1,C,39,7
49.6615071596532,72,4.35477195773274,45.3067352019205,1,I,40,7
16.6574531823315,65.8565822267473,4.35841372702271,12.2990394553088,1,C,41,7
34.4159788050914,72,4.41914023831487,29.9968385667766,1,I,42,7
17.8454043904161,72,4.52796384226531,13.3174405481508,1,C,43,7
92.9324722764657,72,4.56457797903568,67.4354220209643,0,I,44,7
93.4052557464014,72,4.7773295128718,67.2226704871282,0,C,45,7
221.238431792482,72,5.00668697990477,66.9933130200952,0,I,46,7
40.4324256521665,25.3399497195253,5.02657416276634,20.313375556759,0,C,47,7
7.1144448802863,72,5.04451523534954,2.06992964493676,1,I,48,7
331.043939072196,72,5.20145400892943,66.7985459910706,0,C,49,7
129.594104584586,37.3175750136848,5.35478614736348,31.9627888663214,0,I,50,7
46.2159918622088,65.5229732872981,5.38490122184157,40.8310906403673,1,C,51,7
67.2113040276775,72,5.48922550398856,61.722078523689,1,I,52,7
88.1104494172393,72,5.55090228561312,66.4490977143869,0,C,53,7
161.426434469412,72,5.72644846513867,66.2735515348613,0,I,54,7
157.704807642283,24.8885263076075,5.98541087005287,18.9031154375546,0,C,55,7
173.554559025838,72,6.00754726678133,65.9924527332187,0,I,56,7
95.785651587912,72,6.04917672928423,65.9508232707158,0,C,57,7
26.2457621001862,72,6.07754377182573,20.1682183283604,1,I,58,7
299.697451420607,72,6.10512376762927,65.8948762323707,0,C,59,7
105.961355517205,66.9123342779548,6.51976738125086,60.392566896704,0,I,60,7
19.1554559363271,44.8752434187549,6.60011064726859,12.5553452890585,1,C,61,7
131.763256296311,72,6.9923107791692,65.0076892208308,0,I,62,7
98.3701486609203,71.6492019081129,7.22975632175803,64.4194455863548,0,C,63,7
95.7834404495174,72,7.25521547254175,64.7447845274583,0,I,64,7
128.487559135696,72,7.48785572592169,64.5121442740783,0,C,65,7
142.396569100282,72,7.58499297313392,64.4150070268661,0,I,66,7
10.1133006788772,72,7.59505630005151,2.51824437882573,1,C,67,7
57.3554394788519,72,7.68149191047996,49.673947568372,1,I,68,7
179.880611173672,72,7.77940702624619,64.2205929737538,0,C,69,7
216.730627453725,72,7.80629967804998,64.19370032195,0,I,70,7
11.9657418197193,72,7.82895332202315,4.1367884976961,1,C,71,7
68.9879452616272,72,7.89644939359278,61.0914958680344,1,I,72,7
13.6466803714641,72,7.95277178753167,5.69390858393245,1,C,73,7
25.7736927494509,72,7.99418586306274,17.7795068863882,1,I,74,7
123.566874881391,72,8.13103146851063,63.8689685314894,0,C,75,7
25.8920720769948,72,8.15699877217412,17.7350733048207,1,I,76,7
126.064241990726,72,8.28159715980291,63.7184028401971,0,C,77,7
151.417823221097,72,8.28877223655582,63.7112277634442,0,I,78,7
182.474575463725,72,8.29018999356777,63.7098100064322,0,C,79,7
125.420208198638,72,8.43370446469635,63.5662955353037,0,I,80,7
401.848982179213,72,8.60779025126249,63.3922097487375,0,C,81,7
193.015795599204,72,8.71441867668182,63.2855813233182,0,I,82,7
146.134719589863,62.1683574992709,8.83953425567597,53.3288232435949,0,C,83,7
153.216589477187,72,8.86626442428678,63.1337355757132,0,I,84,7
146.252679417624,72,9.00373523589224,62.9962647641078,0,C,85,7
102.879420565964,72,9.09100967925042,62.9089903207496,0,I,86,7
148.301430596185,36.6875716573478,9.14408018812537,27.5434914692225,0,C,87,7
213.905654010994,72,9.47269775904715,62.5273022409529,0,I,88,7
230.379033782294,72,9.60931815672666,62.3906818432733,0,C,89,7
162.203099231488,72,9.73397030029446,62.2660296997055,0,I,90,7
32.3908228085724,72,9.75636932998896,22.6344534785834,1,C,91,7
42.3696600067848,72,9.77630083914846,32.5933591676363,1,I,92,7
16.2768177941715,72,9.85665620304644,6.42016159112502,1,C,93,7
57.9015178896518,72,9.86470104195178,48.0368168477,1,I,94,7
217.782962521842,72,9.92806829977781,62.0719317002222,0,C,95,7
165.223192815439,72,9.97914932202548,62.0208506779745,0,I,96,7
147.994012170892,72,9.98288825154305,62.017111748457,0,C,97,7
95.6326940996505,72,10.1156574022025,61.8843425977975,0,I,98,7
71.1595367422844,72,10.2224163757637,60.9371203665207,1,C,99,7
132.245922311249,72,10.2934490935877,61.7065509064123,0,I,100,7
45.3412878402161,72,10.4184816777706,34.9228061624454,1,C,101,7
554.396273483262,72,10.4523652000353,61.5476347999647,0,I,102,7
90.9979698597285,72,10.5550780752674,61.4449219247326,0,C,103,7
58.8672312667041,72,10.5575920734555,48.3096391932486,1,I,104,7
139.449526208699,26.0672660052138,10.6088072480634,15.4584587571504,0,C,105,7
96.8997617712746,72,10.678801741451,61.321198258549,0,I,106,7
248.283863649311,72,10.7419243315235,61.2580756684765,0,C,107,7
36.8150956454336,72,10.8409144263715,25.9741812190622,1,I,108,7
81.2142727734677,72,10.8763327309862,61.1236672690138,0,C,109,7
61.9868256659551,72,10.9008063655347,51.0860193004205,1,I,110,7
151.135787616513,16.1031506975015,10.9423003345728,5.16085036292874,0,C,111,7
28.3833290242589,72,11.0216405801475,17.3616884441114,1,I,112,7
28.3681559525316,72,11.0737380478531,17.2944179046785,1,C,113,7
486.526874450312,72,11.4347637165338,60.5652362834662,0,I,114,7
26.1654982905859,72,11.4662860985845,14.6992121920013,1,C,115,7
16.785534046275,72,11.499052438885,5.28648160738998,1,I,116,7
65.7466389163824,72,11.6584091400728,54.0882297763096,1,C,117,7
91.8338139460094,72,11.9646154437214,60.0353845562786,0,I,118,7
19.6633213900675,14.3905831033379,12.1432141587138,2.24736894462413,0,C,119,7
95.9000320936793,47.5945980898341,12.1929201018065,35.4016779880276,0,I,120,7
67.4376375536537,46.4453112766768,12.2260906873271,34.2192205893498,0,C,121,7
49.2837212315342,72,12.4635013891384,36.8202198423958,1,I,122,7
239.771745274334,72,12.6402475079522,59.3597524920479,0,C,123,7
76.1942569247408,72,12.650623396039,59.349376603961,0,I,124,7
100.548995568331,72,12.7142521413043,59.2857478586957,0,C,125,7
113.809559590101,72,12.7180717326701,59.2819282673299,0,I,126,7
19.5958002444216,72,12.7879096800461,6.80789056437545,1,C,127,7
256.512470269308,72,12.867957148701,59.1320428512991,0,I,128,7
78.6148413005992,27.2081979675356,13.0750907678157,14.1331071997199,0,C,129,7
48.5960698794173,72,13.0816642614082,35.5144056180092,1,I,130,7
79.7395077592061,72,13.0873242253438,58.9126757746562,0,C,131,7
32.1504556270712,72,13.0899426760152,19.060512951056,1,I,132,7
46.6678229187297,61.710846942598,13.096859366633,33.5709635520967,1,C,133,7
92.6419556622768,72,13.1544230505824,58.8455769494176,0,I,134,7
527.567504217618,72,13.1598274921998,58.8401725078002,0,C,135,7
49.0739957680985,72,13.2971815997735,35.776814168325,1,I,136,7
168.635597343527,50.6831141492389,13.3302682964131,37.3528458528258,0,C,137,7
59.7127422775847,72,13.473698515445,46.2390437621397,1,I,138,7
451.158133195825,40.7544840698642,13.6052327882499,27.1492512816143,0,C,139,7
20.3489128876314,72,13.6162068787962,6.73270600883522,1,I,140,7
107.894818312095,72,13.6254198616371,58.374580138363,0,C,141,7
146.952511918723,72,13.64441444166,58.35558555834,0,I,142,7
32.2922978754867,31.2836998891126,13.7387490039691,17.5449508851434,0,C,143,7
80.3009023831468,72,13.8310823589563,58.1689176410437,0,I,144,7
216.981647981356,42.913593614842,13.849866958335,29.0637266565069,0,C,145,7
315.510053228368,72,14.0402764733881,57.9597235266119,0,I,146,7
168.108725989288,72,14.062970476225,57.937029523775,0,C,147,7
168.222565013605,24.1421751704746,14.0699587762356,10.072216394239,0,I,148,7
245.568451792925,24.5042758408357,14.1168187558651,10.3874570849706,0,C,149,7
83.4436237557,72,14.1643947456032,57.8356052543968,0,I,150,7
175.926191580678,72,14.2151846922934,57.7848153077066,0,C,151,7
21.314766314527,72,14.4053423870355,6.90942392749151,1,I,152,7
107.543674794968,72,14.463659520261,57.536340479739,0,C,153,7
37.3903194052853,72,14.6463962411508,22.7439231641345,1,I,154,7
22.264596644807,72,14.7643307503313,7.50026589447573,1,C,155,7
40.9134795779376,34.8226711972143,14.7960163000971,20.0266548971172,0,I,156,7
16.8383376204041,14.9516153481636,14.8976879892871,0.0539273588765195,0,C,157,7
176.850444684509,72,14.9620328424498,57.0379671575502,0,I,158,7
58.7297249721451,72,14.9621173320338,43.7676076401113,1,C,159,7
38.8055885815405,72,15.0849085813388,23.7206800002017,1,I,160,7
266.227419589568,72,15.1286894269288,56.8713105730712,0,C,161,7
43.1268041873212,72,15.1383773284033,27.9884268589179,1,I,162,7
421.527611816126,69.212274955941,15.1475802250206,54.0646947309203,0,C,163,7
20.9687763636818,72,15.2194364229217,5.7493399407601,1,I,164,7
42.3328056017611,72,15.2692149812356,27.0635906205256,1,C,165,7
467.642937003916,72,15.4125184100121,56.5874815899879,0,I,166,7
28.5227004872546,72,15.5028176726773,13.0198828145773,1,C,167,7
418.666485826414,72,15.5671443650499,56.4328556349501,0,I,168,7
34.464040161629,72,15.6440369971097,18.8200031645193,1,C,169,7
159.812810687834,72,15.6970991240814,56.3029008759186,0,I,170,7
183.236769185178,72,15.7412304729223,56.2587695270777,0,C,171,7
375.880669663018,72,15.7503127958626,56.2496872041375,0,I,172,7
35.3070765320804,48.7423595474317,15.7620156928897,19.5450608391907,1,C,173,7
111.167828773669,72,15.9695457341149,56.0304542658851,0,I,174,7
47.7752428428833,72,16.1547376820818,31.6205051608016,1,C,175,7
39.092837874966,72,16.3130669435486,22.7797709314173,1,I,176,7
341.816718093664,60.2999698636239,16.4545358810574,43.8454339825665,0,C,177,7
145.164918598672,72,16.5373652614653,55.4626347385347,0,I,178,7
68.6950100673446,72,16.6354127693921,52.0595972979525,1,C,179,7
31.426709755657,72,16.7069813422859,14.7197284133711,1,I,180,7
62.2380920869904,72,16.7868775874376,45.4512144995527,1,C,181,7
23.9702593542487,72,16.904917624779,7.06534172946967,1,I,182,7
103.649304573288,72,16.9647148344666,55.0352851655334,0,C,183,7
171.188057564658,72,17.1343839308247,54.8656160691753,0,I,184,7
166.532832465373,72,17.1427534008399,54.8572465991601,0,C,185,7
43.3363831074643,72,17.2826046170667,26.0537784903977,1,I,186,7
47.1098442671292,41.5320625318246,17.5621109828353,23.9699515489893,0,C,187,7
83.2852833875196,72,17.6481118518859,54.3518881481141,0,I,188,7
222.998217093007,48.2936931804047,17.6597076701,30.6339855103046,0,C,189,7
120.310014139253,72,17.7080571558326,54.2919428441674,0,I,190,7
156.192907459871,24.8364700343597,17.8568004397675,6.97966959459215,0,C,191,7
134.96153144481,72,18.138075680472,53.8619243195281,0,I,192,7
38.5124003375384,72,18.3015282545239,20.2108720830145,1,C,193,7
79.8767321081353,72,18.3152786688879,53.6847213311121,0,I,194,7
239.552069804789,72,18.426908031106,53.573091968894,0,C,195,7
36.4276036954878,72,18.4606677107513,17.9669359847365,1,I,196,7
71.2449742334721,72,18.5396721633151,52.705302070157,1,C,197,7
27.9154495348363,72,18.6662953672931,9.24915416754321,1,I,198,7
213.007895850293,72,18.7402842985466,53.2597157014534,0,C,199,7
208.268380172405,36.0672392443076,18.907909328118,17.1593299161896,0,I,200,7
87.8292029355458,72,19.3767557898536,52.6232442101464,0,C,201,7
180.248386687606,72,19.5589113654569,52.4410886345431,0,I,202,7
267.42078292787,72,19.58097551018,52.41902448982,0,C,203,7
92.6237759422052,72,19.6694051334634,52.3305948665366,0,I,204,7
143.667009770472,72,19.7233045008034,52.2766954991967,0,C,205,7
25.43664093306,72,19.8269252479076,5.60971568515236,1,I,206,7
33.4100807058138,72,19.9252152023837,13.4848655034301,1,C,207,7
113.892989213289,72,19.9757913546637,52.0242086453363,0,I,208,7
57.3205215437128,72,20.0675725797191,37.2529489639937,1,C,209,7
77.7090910626508,72,20.0775067973882,51.9224932026118,0,I,210,7
37.8769697040804,72,20.2170101786032,17.6599595254772,1,C,211,7
333.041356009995,72,20.2269927319139,51.7730072680861,0,I,212,7
217.709779968661,62.520210351493,20.3683146787807,42.1518956727123,0,C,213,7
21.5515966009303,72,20.3907203720883,1.160876228842,1,I,214,7
131.980604150947,72,20.5808739177883,51.4191260822117,0,C,215,7
235.87285155698,62.8626231111973,21.0827507916838,41.7798723195135,0,I,216,7
373.552675132261,49.009652653969,21.2104216078296,27.7992310461394,0,C,217,7
129.679416209508,72,21.2348191067576,50.7651808932424,0,I,218,7
121.706711446929,49.0340825910311,21.3059835322201,27.7280990588109,0,C,219,7
186.711687259125,72,21.3283983198926,50.6716016801074,0,I,220,7
100.132085569515,72,21.3481708103791,50.6518291896209,0,C,221,7
161.82326364053,72,21.3957044156268,50.6042955843732,0,I,222,7
185.415003074491,72,21.511842221953,50.488157778047,0,C,223,7
24.6665364803837,72,21.5688809473068,3.09765553307696,1,I,224,7
128.502710741398,72,21.6431100899354,50.3568899100646,0,C,225,7
182.57167793801,72,21.6919541778043,50.3080458221957,0,I,226,7
21.8869780800082,72,21.7187800537795,0.168198026228683,1,C,227,7
114.58206803882,71.9321223800476,21.79081548471,50.1413068953376,0,I,228,7
127.598626572322,57.107905640342,21.7938095564023,35.3140960839397,0,C,229,7
102.752522166281,72,21.8871173495427,50.1128826504573,0,I,230,7
210.967773953645,72,22.1533308411017,49.8466691588983,0,C,231,7
91.4467761738433,72,22.1920064371079,49.8079935628921,0,I,232,7
277.911492819073,72,22.514571826905,49.485428173095,0,C,233,7
84.4994686683555,72,22.5548060657457,49.4451939342544,0,I,234,7
83.2439158164017,72,22.6019112020731,49.3980887979269,0,C,235,7
90.4974492620501,72,22.8787281084806,49.1212718915194,0,I,236,7
194.277395570715,72,22.9502084059641,49.0497915940359,0,C,237,7
139.807579535615,72,22.9949661623687,49.0050338376314,0,I,238,7
35.3704409807043,23.9187237264635,23.0155703332275,0.903153393236,0,C,239,7
120.615772230789,72,23.0699781049043,48.9300218950957,0,I,240,7
89.8546437856171,72,23.1686194008216,48.8313805991784,0,C,241,7
61.3178868825695,72,23.2106897234917,38.1071971590778,1,I,242,7
114.971131755552,72,23.318299530074,48.681700469926,0,C,243,7
86.1989079796155,72,23.3378801727667,48.6621198272333,0,I,244,7
119.672318341682,72,23.392795426771,48.607204573229,0,C,245,7
35.2954462370617,72,23.4167035343125,11.8787427027492,1,I,246,7
30.299619552104,72,23.7369659822434,6.56265356986053,1,C,247,7
111.838471710216,72,23.9787669014186,48.0212330985814,0,I,248,7
62.91445507799,72,24.0220341878012,38.8924208901888,1,C,249,7
228.099575261076,72,24.038905100897,47.9610948991031,0,I,250,7
216.635539966451,72,24.2274978803471,47.7725021196529,0,C,251,7
114.678949487548,72,24.3354246206582,47.6645753793418,0,I,252,7
239.772271729338,72,24.3741293996573,47.6258706003428,0,C,253,7
32.3058900510052,59.0424871334734,24.5835516555235,7.72233839548168,1,I,254,7
55.1685420515223,72,24.7207256080583,30.447816443464,1,C,255,7
141.520796754164,72,24.7230554698035,47.2769445301965,0,I,256,7
350.896215396517,49.5591460324955,24.8646599845961,24.6944860478994,0,C,257,7
209.595367851819,72,24.9016395024955,47.0983604975045,0,I,258,7
93.3390758548186,28.9605933533476,25.179074909538,3.78151844380957,0,C,259,7
679.870267133693,72,25.4173429962248,46.5826570037752,0,I,260,7
393.396304950486,72,25.5119377886876,46.4880622113124,0,C,261,7
291.409362232442,72,25.5512097850442,46.4487902149558,0,I,262,7
44.1273852294926,72,25.562126445584,18.5652587839086,1,C,263,7
48.5961229218362,72,25.6198086636141,22.9763142582221,1,I,264,7
95.7388249853216,46.3699342023258,25.642355424352,20.7275787779738,0,C,265,7
112.050426107603,27.5758156580663,25.8586570573971,1.7171586006692,0,I,266,7
49.0796404657431,72,25.926759056747,23.1528814089962,1,C,267,7
47.4031956652808,72,26.0434403037652,21.3597553615156,1,I,268,7
229.254666386251,72,26.1935902107507,45.8064097892493,0,C,269,7
68.8009382376195,72,26.2081947131082,42.5927435245112,1,I,270,7
215.016275605888,72,26.2411573715508,45.7588426284492,0,C,271,7
134.145945781038,72,26.2492007156834,45.7507992843166,0,I,272,7
209.031481996191,71.3077572429461,26.3506958540529,44.9570613888932,0,C,273,7
148.914562646978,72,26.4275262365118,45.5724737634882,0,I,274,7
76.2305978935656,64.8214231957548,26.4880947489291,38.3333284468256,0,C,275,7
52.3446420141255,72,26.5853848261759,25.7592571879496,1,I,276,7
116.596150286278,72,26.5868902858347,45.4131097141653,0,C,277,7
33.4402757978534,72,26.7779876617715,6.66228813608189,1,I,278,7
193.914693158214,54.7011066375108,26.8527481891215,27.8483584483893,0,C,279,7
72.5860814747895,72,26.9264517584816,45.0735482415184,0,I,280,7
240.910485442365,46.0363492533585,26.9704600330442,19.0658892203142,0,C,281,7
117.822130515148,72,27.0164637174457,44.9835362825543,0,I,282,7
305.468652787783,41.5743075145528,27.1072937222198,14.467013792333,0,C,283,7
91.4634405912508,72,27.1571572031826,44.8428427968174,0,I,284,7
130.073194429166,72,27.5255490699783,44.4744509300217,0,C,285,7
82.8232018130389,62.3853657004566,27.5629551010206,34.822410599436,0,I,286,7
113.844203178407,72,27.588036688976,44.411963311024,0,C,287,7
109.711241066626,72,27.6877223700285,44.3122776299715,0,I,288,7
81.2531522404504,72,27.8481484483928,44.1518515516073,0,C,289,7
45.9751138426039,72,27.8901508357376,18.0849630068664,1,I,290,7
259.235384159737,61.4080227574159,27.9834858700633,33.4245368873526,0,C,291,7
254.305938199534,72,28.0446961708367,43.9553038291633,0,I,292,7
119.807697486554,51.4609592809574,28.2858249591664,23.175134321791,0,C,293,7
193.836412093387,72,28.6586926644668,43.3413073355332,0,I,294,7
35.9905559715957,72,28.7122296122834,7.27832635931232,1,C,295,7
136.22191666283,72,28.7588385818526,43.2411614181474,0,I,296,7
110.353186718741,72,28.8071361975744,43.1928638024256,0,C,297,7
46.9457993238553,72,28.8818145124242,18.0639848114311,1,I,298,7
156.614037974898,72,28.89397545252,43.1060245474801,0,C,299,7
113.612889735948,72,29.0563635388389,42.9436364611611,0,I,300,7
127.188446532619,72,29.1990360617638,42.8009639382362,0,C,301,7
45.0058105645384,72,29.2254113545641,15.7803992099742,1,I,302,7
359.521582381397,72,29.4167521130294,42.5832478869706,0,C,303,7
264.882736720074,72,29.5419028401375,42.4580971598625,0,I,304,7
83.247361569534,72,29.5778401801363,42.4221598198637,0,C,305,7
455.928650883287,72,29.6005970332772,42.3994029667229,0,I,306,7
52.804029152005,72,29.6812497032806,23.1227794487244,1,C,307,7
126.901156609661,72,29.7434156527743,42.2565843472257,0,I,308,7
97.8349597924968,72,29.8647653963417,42.1352346036583,0,C,309,7
54.5530558982115,72,30.0014959461987,24.5515599520128,1,I,310,7
116.54444239227,38.1604511828414,30.1155770011246,8.04487418171676,0,C,311,7
77.9227261000356,72,30.1706866035238,41.8293133964762,0,I,312,7
57.2029674414777,32.0822238605429,30.2541481330991,1.82807572744377,0,C,313,7
163.971756820545,72,30.4340536985546,41.5659463014454,0,I,314,7
48.9430758804702,72,30.4623636882752,18.4807121921949,1,C,315,7
77.7176715207016,72,30.5007140943781,41.499285905622,0,I,316,7
301.089201942806,72,30.519096669741,41.480903330259,0,C,317,7
117.671212309739,72,30.7549536321312,41.2450463678688,0,I,318,7
59.8119840652634,53.4701235194352,31.1001452570781,22.3699782623571,0,C,319,7
49.4515895011991,72,31.1375152599067,18.3140742412925,1,I,320,7
137.150555333059,72,31.1597724119201,40.8402275880799,0,C,321,7
460.384879518624,72,31.3123273523524,40.6876726476476,0,I,322,7
76.3632547797843,62.4388221653134,31.3192300032824,31.1195921620309,0,C,323,7
66.1372972139747,72,31.3638841873035,34.7734130266712,1,I,324,7
98.0435362242483,72,31.4221224747598,40.5778775252402,0,C,325,7
58.7559758295975,72,31.4804580481723,27.2755177814252,1,I,326,7
147.78725170035,72,31.6130758356303,40.3869241643697,0,C,327,7
33.2988813133327,72,31.7899557994679,1.50892551386484,1,I,328,7
161.468505131755,72,32.038488839753,39.961511160247,0,C,329,7
389.403723677649,50.2830448582327,32.1938489517197,18.089195906513,0,I,330,7
37.1888805894997,54.7870658979436,32.2165826149285,4.97229797457118,1,C,331,7
269.59849401739,72,32.4347599223256,39.5652400776744,0,I,332,7
50.1309780009749,72,32.529048230499,17.6019297704758,1,C,333,7
136.244742202892,72,32.5707581592724,39.4292418407276,0,I,334,7
540.609406190769,72,32.7179923653603,39.2820076346397,0,C,335,7
117.150979322883,66.8256233663598,32.8562480024993,33.9693753638605,0,I,336,7
151.323205488784,70.4746639714535,33.0091333575547,37.4655306138988,0,C,337,7
227.520200756287,39.8084422651267,33.067725864239,6.74071640088771,0,I,338,7
826.286450488656,55.4902610119375,33.1118991645053,22.3783618474321,0,C,339,7
71.2820561767016,72,33.1398133048788,38.1422428718228,1,I,340,7
49.5606826192699,72,33.2717512641102,16.2889313551597,1,C,341,7
70.8291924668113,72,33.3094422798604,37.5197501869509,1,I,342,7
96.3666941369151,72,33.3633880130947,38.6366119869053,0,C,343,7
151.371544072105,72,33.364924765192,38.635075234808,0,I,344,7
362.409594512418,72,33.4856996918097,38.5143003081903,0,C,345,7
112.573115009537,72,33.496337486431,38.503662513569,0,I,346,7
124.008404952091,72,33.5592069011182,38.4407930988818,0,C,347,7
140.294566325806,72,33.6255263071507,38.3744736928493,0,I,348,7
80.1844464002483,36.5138157391737,33.6692546401173,2.84456109905639,0,C,349,7
43.3433339804594,72,33.83698948659,9.50634449386939,1,I,350,7
66.7738595229542,72,33.8605511700735,32.9133083528807,1,C,351,7
316.408477960655,72,34.0775440866128,37.9224559133872,0,I,352,7
67.6493282634537,72,34.1313461400569,33.5179821233968,1,C,353,7
353.898039144128,72,34.1575261484832,37.8424738515168,0,I,354,7
173.703600309263,72,34.1749082040042,37.8250917959958,0,C,355,7
303.824102482926,72,34.1843584366143,37.8156415633857,0,I,356,7
105.672505055575,72,34.2238003062084,37.7761996937916,0,C,357,7
367.738699060831,72,34.4131505163386,37.5868494836614,0,I,358,7
121.562088106004,72,34.4253123365343,37.5746876634657,0,C,359,7
105.31695998191,72,34.4527252111584,37.5472747888416,0,I,360,7
359.512447191278,72,34.4576430832967,37.5423569167033,0,C,361,7
42.1172489819978,72,34.8706667264923,7.24658225550542,1,I,362,7
47.9996703491052,72,35.1171947736293,12.8824755754758,1,C,363,7
102.241363856903,47.9984720386146,35.1440842123702,12.8543878262444,0,I,364,7
49.7398413432527,72,35.1785842934623,14.5612570497904,1,C,365,7
92.9799901356673,72,35.1822026213631,36.8177973786369,0,I,366,7
99.4286963834208,72,35.3212171141058,36.6787828858942,0,C,367,7
236.830366582229,72,35.410303613171,36.589696386829,0,I,368,7
39.4544488352841,72,35.4156142892316,4.0388345460525,1,C,369,7
144.418232160312,72,35.4604283161461,36.5395716838539,0,I,370,7
175.991352712462,72,35.4698003735393,36.5301996264607,0,C,371,7
91.762049446441,72,35.4792353929952,36.5207646070048,0,I,372,7
220.619634618678,72,35.542205167003,36.457794832997,0,C,373,7
245.517133857789,72,35.5713167320937,36.4286832679063,0,I,374,7
57.8617965239126,72,35.624763420783,22.2370331031296,1,C,375,7
198.28285014133,72,35.6609359430149,36.3390640569851,0,I,376,7
152.471557969918,72,35.755961718969,36.244038281031,0,C,377,7
259.067417025884,72,35.7871119165793,36.2128880834207,0,I,378,7
78.398247689005,72,35.7978370366618,36.2021629633382,0,C,379,7
239.385069180241,72,35.838640127331,36.161359872669,0,I,380,7
88.1270547331673,72,35.9632583521307,36.0367416478694,0,C,381,7
154.569194442141,72,36.1628617532551,35.8371382467449,0,I,382,7
193.671365237956,72,36.271982062608,35.728017937392,0,C,383,7
216.338909071975,72,36.3761968072504,35.6238031927496,0,I,384,7
54.4229140732021,72,36.532001090236,17.8909129829661,1,C,385,7
107.085584939346,72,36.6439661197364,35.3560338802636,0,I,386,7
191.062949378939,72,36.7690319381654,35.2309680618346,0,C,387,7
156.413779021034,72,36.9415472773835,35.0584527226165,0,I,388,7
58.0314977939447,70.0852669699725,37.0133927464485,21.0181050474962,1,C,389,7
188.786487529345,72,37.0170431211591,34.9829568788409,0,I,390,7
330.302686720966,37.7764534469914,37.0273111341521,0.749142312839283,0,C,391,7
101.938168361524,72,37.3651758302003,34.6348241697997,0,I,392,7
115.908204372203,72,37.4913911148906,34.5086088851094,0,C,393,7
166.084633287999,72,37.5637388555333,34.4362611444667,0,I,394,7
94.113399718185,72,37.6521947560832,34.3478052439168,0,C,395,7
53.2977601222545,72,37.8305187541991,15.4672413680553,1,I,396,7
112.426374258878,72,37.8987774671987,34.1012225328013,0,C,397,7
520.663984075382,72,37.9990386217833,34.0009613782167,0,I,398,7
181.110855884366,72,38.0109591968358,33.9890408031642,0,C,399,7
114.147318388901,72,38.0246321065351,33.9753678934649,0,I,400,7
274.158919698991,72,38.4262128872797,33.5737871127203,0,C,401,7
52.7225631824118,72,38.4602626087144,14.2623005736974,1,I,402,7
100.003358419982,72,38.5669289063662,33.4330710936338,0,C,403,7
92.4869012000415,72,38.6284078890458,33.3715921109542,0,I,404,7
102.244182437306,72,39.2093440610915,32.7906559389085,0,C,405,7
116.230346960015,72,39.3091781158,32.6908218842,0,I,406,7
69.9207138600496,72,39.3247662764043,30.5959475836454,1,C,407,7
225.66444679094,72,39.340018867515,32.659981132485,0,I,408,7
161.780075248343,72,39.4345852453262,32.5654147546738,0,C,409,7
78.8934606595808,72,39.4736330676824,32.5263669323176,0,I,410,7
242.175266032721,72,39.6427483297884,32.3572516702116,0,C,411,7
201.487340689037,68.903546625695,39.6606804337353,29.2428661919598,0,I,412,7
121.193624695146,72,39.7344401618466,32.2655598381534,0,C,413,7
112.74798895907,72,39.846638222225,32.153361777775,0,I,414,7
82.6365790868158,72,39.9149641022086,32.0850358977914,0,C,415,7
75.4802990840249,72,39.9438599310815,32.0561400689185,0,I,416,7
243.760206374032,72,40.0785746891052,31.9214253108949,0,C,417,7
183.267085035448,72,40.0801995769143,31.9198004230857,0,I,418,7
128.705957356441,72,40.0956202112138,31.9043797887862,0,C,419,7
147.411573615553,47.249318604663,40.174813605845,7.07450499881802,0,I,420,7
290.877121233757,72,40.2375133708119,31.7624866291881,0,C,421,7
111.316005824525,68.5515840595351,40.3959942469373,28.1555898125977,0,I,422,7
53.4094700867497,72,40.4456581128761,12.9638119738736,1,C,423,7
68.6133796337845,72,40.6237690011039,27.9896106326806,1,I,424,7
48.0465000407325,72,40.9331553988159,7.11334464191662,1,C,425,7
268.518749747075,72,40.9362663002685,31.0637336997315,0,I,426,7
143.904446340309,72,41.0148885240778,30.9851114759222,0,C,427,7
147.675882577517,72,41.0973338317126,30.9026661682874,0,I,428,7
100.353655415443,72,41.3092045113444,30.6907954886556,0,C,429,7
133.67544157813,72,41.3108702609316,30.6891297390685,0,I,430,7
134.912599777415,72,41.3140115188435,30.6859884811565,0,C,431,7
199.072528360654,72,41.3579730223864,30.6420269776136,0,I,432,7
62.9009554285754,68.8771979728725,41.3603015849367,21.5406538436387,1,C,433,7
243.210610513541,72,41.659665168263,30.340334831737,0,I,434,7
96.6885550811799,72,41.6958375368267,30.3041624631733,0,C,435,7
55.4279805476501,72,41.6992823733017,13.7286981743484,1,I,436,7
131.221546380031,72,41.7550890147686,30.2449109852314,0,C,437,7
601.285838874724,72,41.7643072782084,30.2356927217916,0,I,438,7
49.3527154818458,72,41.8736995803192,7.47901590152659,1,C,439,7
137.115834200918,72,42.0239101024345,29.9760898975655,0,I,440,7
185.77550883487,72,42.1548593742773,29.8451406257227,0,C,441,7
103.577569822719,53.2019827340745,42.1557869715616,11.0461957625129,0,I,442,7
62.81048261256,72,42.1758589474484,20.6346236651116,1,C,443,7
142.030172337643,72,42.2801550105214,29.7198449894786,0,I,444,7
84.0957359516003,72,42.4381974292919,29.5618025707081,0,C,445,7
485.383120659276,72,42.6780708320439,29.3219291679561,0,I,446,7
96.2866964681644,72,42.7389025781304,29.2610974218696,0,C,447,7
217.3990889546,72,42.7441151160747,29.2558848839253,0,I,448,7
223.392271505889,72,42.9970386112109,29.0029613887891,0,C,449,7
187.606673940504,72,43.2048985781148,28.7951014218852,0,I,450,7
252.804500704471,72,43.238430689089,28.761569310911,0,C,451,7
44.5902534589531,72,43.3453860366717,1.24486742228137,1,I,452,7
106.585659597221,72,43.351634144783,28.648365855217,0,C,453,7
64.492227762312,65.1548910821063,43.492174143903,21.000053618409,1,I,454,7
185.955449886396,72,43.700105343014,28.299894656986,0,C,455,7
124.016187620332,72,43.8473657844588,28.1526342155412,0,I,456,7
128.418482717293,72,44.0412521967664,27.9587478032336,0,C,457,7
186.83657145967,72,44.0477216430008,27.9522783569992,0,I,458,7
335.462041403734,72,44.0761403879151,27.9238596120849,0,C,459,7
108.929429341494,72,44.1132833668962,27.8867166331038,0,I,460,7
79.2418353341055,72,44.2115147598088,27.7884852401912,0,C,461,7
208.182517165801,72,44.2652898235247,27.7347101764754,0,I,462,7
94.3158709521929,72,44.2996960133314,27.7003039866686,0,C,463,7
130.941734904678,72,44.5447307545692,27.4552692454308,0,I,464,7
112.300228537216,72,44.6276690158993,27.3723309841007,0,C,465,7
262.001409631255,72,44.7657630080357,27.2342369919643,0,I,466,7
146.890912435539,72,44.7791013820097,27.2208986179903,0,C,467,7
217.443008601774,72,44.8435059562326,27.1564940437675,0,I,468,7
159.547091249479,72,44.9934400152415,27.0065599847585,0,C,469,7
64.2696282223358,72,45.1489007938653,19.1207274284704,1,I,470,7
133.17546841058,60.7160665676795,45.2713760593906,15.4446905082889,0,C,471,7
91.3442880241199,50.2549185832064,45.2857353212312,4.96918326197517,0,I,472,7
64.9640936087006,72,45.3704858478159,19.5936077608847,1,C,473,7
250.059807484787,72,45.6399575248361,26.3600424751639,0,I,474,7
102.24567363474,72,45.7024008594453,26.2975991405547,0,C,475,7
57.5247383195543,72,45.7328427024186,11.7918956171358,1,I,476,7
191.484094871187,72,45.8820840669796,26.1179159330204,0,C,477,7
191.679617052257,72,45.9410518035293,26.0589481964707,0,I,478,7
82.9369331396925,72,45.9923664433882,26.0076335566118,0,C,479,7
124.396895023931,72,46.0980910481885,25.9019089518115,0,I,480,7
47.0298774482966,72,46.1008219141513,0.929055534145252,1,C,481,7
90.3969450744758,49.6414329092592,46.245421199128,3.39601171013113,0,I,482,7
58.994965991813,72,46.3584851939231,12.6364807978899,1,C,483,7
114.108818326908,72,46.5603821352124,25.4396178647876,0,I,484,7
283.094340252795,72,46.7272815294564,25.2727184705436,0,C,485,7
193.217631772415,72,46.7517583351582,25.2482416648418,0,I,486,7
234.325295548593,72,46.7786529427394,25.2213470572606,0,C,487,7
65.9663738158052,72,46.8310650112107,19.1353088045944,1,I,488,7
150.927809587438,72,46.8728075874969,25.1271924125031,0,C,489,7
653.683329505457,72,46.8907739594579,25.1092260405421,0,I,490,7
55.0285808512473,72,47.1067151008174,7.92186575042989,1,C,491,7
89.0996880903304,72,47.1732962457463,24.8267037542537,0,I,492,7
73.5078320307644,72,47.2771272948012,24.7228727051988,0,C,493,7
112.992013922292,72,47.4635492730886,24.5364507269114,0,I,494,7
49.4621172105058,72,47.5363985588774,1.9257186516284,1,C,495,7
222.935261260887,72,47.7883472107351,24.2116527892649,0,I,496,7
200.474377014687,72,47.8263382986188,24.1736617013812,0,C,497,7
269.332189842944,72,47.9325214633718,24.0674785366282,0,I,498,7
74.8700748305999,72,48.044073949568,23.955926050432,0,C,499,7
137.596801600651,72,48.1251109577715,23.8748890422285,0,I,500,7
108.20750320712,72,48.1408194545656,23.8591805454344,0,C,501,7
77.5296122419783,72,48.2557604648173,23.7442395351827,0,I,502,7
66.7967996829675,72,48.338558874093,18.4582408088745,1,C,503,7
77.3734014608974,72,48.5068703396246,23.4931296603754,0,I,504,7
101.842789965107,72,48.5691661108285,23.4308338891715,0,C,505,7
59.9348251498206,72,48.6212132032961,11.3136119465245,1,I,506,7
142.811242242726,72,48.6321874056011,23.3678125943989,0,C,507,7
150.450276228086,72,48.9355787448585,23.0644212551415,0,I,508,7
67.6984318190251,72,49.0069733932614,18.6914584257636,1,C,509,7
391.022399343437,72,49.0997883165255,22.9002116834745,0,I,510,7
124.87208409978,72,49.1357722599059,22.8642277400941,0,C,511,7
385.734510090385,72,49.2112343804911,22.7887656195089,0,I,512,7
194.152801149481,72,49.2190414806828,22.7809585193172,0,C,513,7
100.412374283342,72,49.2730743298307,22.7269256701693,0,I,514,7
65.5192984340775,72,49.3238389492035,16.1954594848739,1,C,515,7
161.040543333991,72,49.448727616109,22.5512723838911,0,I,516,7
247.256571726217,72,49.5064297970384,22.4935702029616,0,C,517,7
56.1154269919263,72,49.5843471586704,6.53107983325584,1,I,518,7
54.1692776060732,72,49.833793505095,4.33548410097822,1,C,519,7
56.1705623495312,72,50.0485114194453,6.12205093008593,1,I,520,7
230.578543985616,72,50.2000617887825,21.7999382112175,0,C,521,7
222.520460588183,72,50.3341932501644,21.6658067498356,0,I,522,7
106.233993456951,72,50.3966522589326,21.6033477410674,0,C,523,7
130.269514115557,65.8122699653072,50.4293018952012,15.382968070106,0,I,524,7
281.752002328499,72,50.453537623398,21.546462376602,0,C,525,7
60.4259837867837,72,50.5311731016263,9.89481068515731,1,I,526,7
241.160024256942,52.8699261036537,50.5387075385079,2.33121856514583,0,C,527,7
134.658325549702,72,50.6434321543202,21.3565678456798,0,I,528,7
68.4578746171428,72,50.6700647296384,17.7878098875044,1,C,529,7
76.3204116405104,72,50.8285622159019,21.1714377840981,0,I,530,7
430.093025455785,72,50.9771022805944,21.0228977194056,0,C,531,7
66.3168242835705,72,50.9966505412012,15.3201737423693,1,I,532,7
72.759294134257,72,51.003720536828,20.996279463172,0,C,533,7
63.2576323043235,72,51.1613970855251,12.0962352187984,1,I,534,7
120.567372424224,72,51.2948608305305,20.7051391694695,0,C,535,7
58.5541382226731,72,51.3217482157052,7.23239000696795,1,I,536,7
107.730054179235,72,51.3447977369651,20.6552022630349,0,C,537,7
70.5645937651636,72,51.4317086432129,19.1328851219507,1,I,538,7
288.815960021076,72,51.4528505550697,20.5471494449303,0,C,539,7
81.0313703254307,72,51.4727753587067,20.5272246412933,0,I,540,7
133.472916616207,72,51.6471538553014,20.3528461446986,0,C,541,7
102.510435635207,52.151944608831,51.781446011737,0.37049859709402,0,I,542,7
227.32930654112,72,51.8632421689108,20.1367578310892,0,C,543,7
80.1824231442191,72,51.9152206275612,20.0847793724388,0,I,544,7
378.281417945993,72,52.3704202612862,19.6295797387138,0,C,545,7
180.712338637077,72,52.432521013543,19.567478986457,0,I,546,7
229.463063124566,72,52.5301392143592,19.4698607856408,0,C,547,7
101.133107544129,72,52.6750816265121,19.3249183734879,0,I,548,7
80.7630235554912,72,52.6871617371216,19.3128382628784,0,C,549,7
169.695153012145,72,52.7818155521527,19.2181844478473,0,I,550,7
82.532574653282,72,52.8165472811088,19.1834527188912,0,C,551,7
134.116341909415,72,52.8445458272472,19.1554541727528,0,I,552,7
83.4274321037407,72,52.847617235966,19.152382764034,0,C,553,7
278.369182245014,70.9041327506794,53.0262955231592,17.8778372275202,0,I,554,7
263.105654552275,72,53.3488451689482,18.6511548310518,0,C,555,7
63.7643317645239,72,53.3669735211879,10.397358243336,1,I,556,7
129.849941224725,72,53.55074794963,18.44925205037,0,C,557,7
148.95079679301,72,53.5976261179894,18.4023738820106,0,I,558,7
94.2367054571363,63.3447946136613,53.7389445723966,9.60585004126472,0,C,559,7
204.617416382084,72,53.7796234153211,18.2203765846789,0,I,560,7
112.954274232935,72,53.9257806306705,18.0742193693295,0,C,561,7
506.359507296136,63.0894188567468,53.9799911202863,9.10942773646049,0,I,562,7
211.201422665979,72,53.9951533963904,18.0048466036096,0,C,563,7
236.522037651337,72,54.1457198839635,17.8542801160365,0,I,564,7
92.3830470936306,72,54.2159399064258,17.7840600935742,0,C,565,7
122.412643788659,72,54.248575293459,17.751424706541,0,I,566,7
137.169718799482,56.4469554900239,54.4868536340073,1.96010185601659,0,C,567,7
90.7789548523468,72,54.5654242811725,17.4345757188275,0,I,568,7
157.395265380693,72,54.9934041453525,17.0065958546475,0,C,569,7
99.5654209580122,72,55.0202149059624,16.9797850940377,0,I,570,7
55.9198887052894,72,55.4350734734908,0.484815231798571,1,C,571,7
161.995553170827,72,55.4969278955832,16.5030721044168,0,I,572,7
179.859737159559,72,55.5820078030229,16.4179921969771,0,C,573,7
139.577598845844,72,55.67047000397,16.32952999603,0,I,574,7
70.5916537882243,72,55.8974659955129,14.6941877927114,1,C,575,7
135.074672095156,72,55.921104750596,16.078895249404,0,I,576,7
99.386769409041,68.8321586918052,56.0329631762579,12.7991955155473,0,C,577,7
61.4960714732687,72,56.1554170679301,5.34065440533861,1,I,578,7
127.170565072088,72,56.3835766911507,15.6164233088493,0,C,579,7
224.104697864552,72,56.508408584632,15.491591415368,0,I,580,7
123.00652903795,72,56.7165906121954,15.2834093878046,0,C,581,7
176.241588220325,72,56.7786222975701,15.2213777024299,0,I,582,7
116.828124878248,72,56.779044913128,15.220955086872,0,C,583,7
579.8443421912,72,56.8241014843807,15.1758985156193,0,I,584,7
393.460516237774,72,56.9224714161828,15.0775285838172,0,C,585,7
188.557192194208,72,56.988963293843,15.011036706157,0,I,586,7
287.933956837683,72,56.9961787434295,15.0038212565705,0,C,587,7
57.997505365592,72,57.0032537262887,0.994251639303265,1,I,588,7
87.0965363735802,72,57.0937675517052,14.9062324482948,0,C,589,7
106.33676044463,72,57.1625905204564,14.8374094795436,0,I,590,7
150.483625912587,72,57.3611560463905,14.6388439536095,0,C,591,7
146.977437110604,72,57.4720196379349,14.5279803620651,0,I,592,7
145.558317786736,72,57.5861616013572,14.4138383986428,0,C,593,7
451.584724738959,57.8697702144529,57.6334045780823,0.236365636370579,0,I,594,7
287.888618146241,72,57.6446702191606,14.3553297808394,0,C,595,7
483.512839367905,72,57.7784116426483,14.2215883573517,0,I,596,7
109.26124762241,72,57.814346915111,14.1856530848891,0,C,597,7
115.703144469542,72,58.0300951329991,13.9699048670009,0,I,598,7
117.357555867725,72,58.1696362467483,13.8303637532517,0,C,599,7
117.35378822223,72,58.4277826035395,13.5722173964605,0,I,600,7
229.272506030442,72,58.5049990005791,13.4950009994209,0,C,601,7
118.476990420046,72,58.5300521319732,13.4699478680268,0,I,602,7
252.794402620078,72,58.7714981194586,13.2285018805414,0,C,603,7
250.643046370339,72,58.8463068148121,13.1536931851879,0,I,604,7
66.6464192936836,72,58.8505331519991,7.79588614168453,1,C,605,7
352.87255979605,72,58.9808794297278,13.0191205702722,0,I,606,7
410.816980900236,72,59.0340663632378,12.9659336367622,0,C,607,7
138.648145149322,72,59.0972173400223,12.9027826599777,0,I,608,7
134.346579925958,72,59.2493159277365,12.7506840722635,0,C,609,7
71.1086524485166,72,59.2643908783793,11.8442615701373,1,I,610,7
116.885862282216,72,59.3487915722653,12.6512084277347,0,C,611,7
145.430904180068,72,59.4041037093848,12.5958962906152,0,I,612,7
66.1430542994896,72,59.5779469795525,6.56510731993709,1,C,613,7
75.6068032592165,72,59.6339573292062,12.3660426707938,0,I,614,7
199.307835233651,72,59.7203925065696,12.2796074934304,0,C,615,7
157.843665250732,72,59.7900511650369,12.2099488349631,0,I,616,7
133.005972364291,72,59.7970386967063,12.2029613032937,0,C,617,7
141.310488792874,72,59.8019436188042,12.1980563811958,0,I,618,7
78.3666243311348,72,59.8259833361954,12.1740166638047,0,C,619,7
195.062183453336,72,59.9409078480676,12.0590921519324,0,I,620,7
252.867565715961,72,59.9452922958881,12.0547077041119,0,C,621,7
98.9192467898168,72,59.9958345713094,12.0041654286906,0,I,622,7
12.3662269997811,72,0.0807417137548327,12.2854852860263,1,C,1,8
248.52771575271,72,0.132482727058232,71.8675172729418,0,I,2,8
69.8365044168188,72,0.246208640746772,69.590295776072,1,C,3,8
13.0400247196183,27.9234997466398,0.247742529027164,12.7922821905911,1,I,4,8
45.1571399258487,72,0.249121380038559,44.9080185458102,1,C,5,8
59.3677832420747,72,0.266220308840275,59.1015629332344,1,I,6,8
36.8540252241816,72,0.303577948361635,36.55044727582,1,C,7,8
105.915350592945,72,0.374036896973848,71.6259631030262,0,I,8,8
234.385282068392,65.7051379422002,0.447236043401063,65.2579018987992,0,C,9,8
26.196637809934,72,0.570367905311286,25.6262699046227,1,I,10,8
134.690105060237,64.8863422848511,0.707954121753573,64.1783881630975,0,C,11,8
130.151006633453,42.8950332440785,0.739377541467547,42.1556557026109,0,I,12,8
173.646976921791,16.768059013206,1.60428768955171,15.1637713236543,0,C,13,8
7.5505588014964,72,1.60775392781943,5.94280487367697,1,I,14,8
64.9845397912505,72,1.61127631086856,63.373263480382,1,C,15,8
205.417018507673,33.7464672339846,1.61943183280528,32.1270354011793,0,I,16,8
137.070364606682,72,1.72489303629845,70.2751069637016,0,C,17,8
274.866201953318,72,1.78087128326297,70.219128716737,0,I,18,8
135.227909259818,72,1.81460912805051,70.1853908719495,0,C,19,8
39.6681154423233,72,1.83790499344468,37.8302104488786,1,I,20,8
159.502067144325,72,1.94271550979465,70.0572844902054,0,C,21,8
9.54319665407097,72,1.95020689163357,7.5929897624374,1,I,22,8
29.2367804593383,72,1.97860349435359,27.2581769649847,1,C,23,8
57.2242679522106,72,2.04306218773127,55.1812057644793,1,I,24,8
30.501690933856,72,2.05971908289939,28.4419718509566,1,C,25,8
365.993188408203,72,2.06154364161193,69.9384563583881,0,I,26,8
44.3279336088293,9.24431059385121,2.17213025316596,7.07218034068525,0,C,27,8
61.980787489312,62.5878392632155,2.75036829058081,59.2304191987312,1,I,28,8
45.9190191280737,72,2.76150024030358,43.1575188877701,1,C,29,8
142.156616370137,72,2.8343718778342,69.1656281221658,0,I,30,8
53.4041581373232,72,2.96666321810335,50.4374949192199,1,C,31,8
26.9536608320041,72,3.22694457136095,23.7267162606432,1,I,32,8
174.091702071679,72,3.23264856822789,68.7673514317721,0,C,33,8
114.590746447975,72,3.30386760178953,68.6961323982105,0,I,34,8
13.3057026606145,72,3.33522856235504,9.9704740982595,1,C,35,8
19.6572334337283,70.1931677862646,3.33673509769142,16.3204983360369,1,I,36,8
117.813433498507,72,3.39821553323418,68.6017844667658,0,C,37,8
68.2958812903012,72,3.47232533153147,64.8235559587697,1,I,38,8
103.269271308534,72,3.51515252608806,68.4848474739119,0,C,39,8
176.706247032798,72,3.72339298948646,68.2766070105136,0,I,40,8
184.055757749965,47.6902649858537,3.75137262046337,43.9388923653903,0,C,41,8
70.1600982387768,72,3.88312135823071,66.2769768805461,1,I,42,8
46.3718167663037,72,3.92707382328808,42.4447429430156,1,C,43,8
35.600002305832,29.047960647612,4.02331524062902,25.0246454069829,0,I,44,8
365.816575743065,72,4.2289395025,67.7710604975,0,C,45,8
32.4901056844659,56.503422196055,4.32228745892644,28.1678182255395,1,I,46,8
286.569320206721,35.7042876139296,4.34440393466502,31.3598836792646,0,C,47,8
245.876974557526,72,4.36640812084079,67.6335918791592,0,I,48,8
19.6525574375116,72,4.41226642113179,15.2402910163798,1,C,49,8
206.598170982487,72,4.50347600039095,67.4965239996091,0,I,50,8
75.5439331134059,72,4.53393773641437,67.4660622635856,0,C,51,8
227.972485097224,72,4.67093361541629,67.3290663845837,0,I,52,8
210.642157916078,72,4.71121083945036,67.2887891605496,0,C,53,8
119.413354566769,72,4.73809795919806,67.2619020408019,0,I,54,8
301.404998155128,72,4.77778977714479,67.2222102228552,0,C,55,8
17.1288934530957,72,4.93200302124023,12.1968904318555,1,I,56,8
384.734744526377,16.270967102792,4.96468262281269,11.3062844799793,0,C,57,8
257.204172736151,12.5432305449016,5.07513374090195,7.46809680399968,0,I,58,8
9.35680152488044,72,5.18312852829695,4.17367299658349,1,C,59,8
125.533867310799,72,5.2315940335393,66.7684059664607,0,I,60,8
117.613560295839,9.58297583782525,5.24003107566387,4.34294476216138,0,C,61,8
72.3377271323013,72,5.73216187767685,66.2678381223232,0,I,62,8
137.520644171322,72,5.74949667323381,66.2505033267662,0,C,63,8
85.8170777061336,72,5.78054606448859,66.2194539355114,0,I,64,8
157.052116155617,59.82743118007,6.03000357281417,53.7974276072558,0,C,65,8
279.700848535609,72,6.15539814345539,65.8446018565446,0,I,66,8
140.270906727238,72,6.44406690727919,65.5559330927208,0,C,67,8
8.82298032733396,72,6.48853034712374,2.33444998021021,1,I,68,8
26.9703940961609,72,6.57888256944716,20.3915115267137,1,C,69,8
43.5097525258601,34.4082917498837,6.57970931846649,27.8285824314172,0,I,70,8
60.232865241068,72,6.87236253172159,53.3605027093464,1,C,71,8
142.43713345997,72,6.92713467869908,65.0728653213009,0,I,72,8
35.8147815133356,44.5456749759201,7.00745820533484,28.8073233080007,1,C,73,8
68.6712672545769,72,7.03621930908412,61.6350479454928,1,I,74,8
60.1650054652448,72,7.2792952414602,52.8857102237846,1,C,75,8
56.8394361753285,65.832267554432,7.38312124740332,49.4563149279252,1,I,76,8
211.416708016818,72,7.4868580698967,64.5131419301033,0,C,77,8
123.504726376678,72,7.71891520824283,64.2810847917572,0,I,78,8
177.267959210889,72,7.85276285838336,64.1472371416166,0,C,79,8
35.102781993942,72,7.88841004483402,27.214371949108,1,I,80,8
58.2818354954686,72,8.04626004304737,50.2355754524213,1,C,81,8
33.0052039565041,72,8.12903774902225,24.8761662074819,1,I,82,8
101.016689898466,72,8.18417932838202,63.815820671618,0,C,83,8
161.487920261384,46.3610801947377,8.19810901768506,38.1629711770527,0,I,84,8
12.4143285687361,33.398795706496,8.32096762955189,4.09336093918424,1,C,85,8
18.797750097862,48.3258043298309,8.88652062043548,9.91122947742652,1,I,86,8
39.3932382982339,72,8.88726575765759,30.5059725405763,1,C,87,8
39.1262160644317,72,8.99083673022687,30.1353793342049,1,I,88,8
508.86150427753,72,9.16018091607839,62.8398190839216,0,C,89,8
23.4458286991823,72,9.24136742949486,14.2044612696875,1,I,90,8
48.5450422255014,22.3027476826044,9.28235299419612,13.0203946884083,0,C,91,8
178.257281310975,18.5868025442884,9.28953138180077,9.29727116248766,0,I,92,8
57.7286935533089,72,9.2906211828813,48.4380723704276,1,C,93,8
511.22085830787,72,9.30807780940086,62.6919221905992,0,I,94,8
14.1572562243004,72,9.36298943124712,4.7942667930533,1,C,95,8
142.342925591881,72,9.5106476219371,62.4893523780629,0,I,96,8
223.645603398235,46.7153396445612,9.52148105017841,37.1938585943827,0,C,97,8
217.995519238457,51.2504601240027,9.62039702106267,41.63006310294,0,I,98,8
243.757653921546,15.1324644653795,9.81224717572331,5.3202172896562,0,C,99,8
154.358532865082,72,10.0259215570986,61.9740784429014,0,I,100,8
53.7919889315111,72,10.1995373982936,43.5924515332175,1,C,101,8
43.1551472019308,72,10.3613024158403,32.7938447860904,1,I,102,8
64.4436241033332,72,10.3959743818268,54.0476497215064,1,C,103,8
117.022295630213,72,10.3966579120606,61.6033420879394,0,I,104,8
200.330530989354,35.2211103214839,10.9515804704279,24.269529851056,0,C,105,8
11.2927760221889,72,10.9946805657819,0.298095456406961,1,I,106,8
25.0603083334697,72,11.0795550886542,13.9807532448156,1,C,107,8
55.7568460927042,12.5224053801243,11.0964053822681,1.42599999785621,0,I,108,8
131.904028384733,72,11.1055155191571,60.894484480843,0,C,109,8
43.6742207852979,72,11.305207000114,32.3690137851839,1,I,110,8
196.515854113574,72,11.370450546965,60.629549453035,0,C,111,8
83.2803863000891,72,11.3837936427444,60.6162063572556,0,I,112,8
37.3625042321238,72,11.4700019080192,25.8925023241046,1,C,113,8
28.5582972959179,15.3025510880786,11.5826373361051,3.71991375197354,0,I,114,8
194.200511576942,72,11.5873260330409,60.4126739669591,0,C,115,8
190.75995579855,40.273175060294,12.1692569414154,28.1039181188786,0,I,116,8
75.6434372655396,72,12.4205368990079,59.5794631009921,0,C,117,8
23.1439133084633,72,12.4397391267121,10.7041741817512,1,I,118,8
69.3393318698724,72,12.5576673354954,56.7816645343771,1,C,119,8
143.967880385436,51.930012373332,12.5693987030536,39.3606136702784,0,I,120,8
34.1815308982545,72,12.5771437492222,21.6043871490324,1,C,121,8
189.64465933637,72,12.6440719189122,59.3559280810878,0,I,122,8
35.9886557997842,72,12.8655765904114,23.1230792093729,1,C,123,8
480.630604726854,72,13.4123132005334,58.5876867994666,0,I,124,8
33.7384449381367,72,13.4743532398716,20.2640916982652,1,C,125,8
312.768829170095,72,13.5118340933695,58.4881659066305,0,I,126,8
79.1636622900629,57.8831220595151,13.8352394476533,44.0478826118618,0,C,127,8
147.075880030531,72,13.8583692815155,58.1416307184845,0,I,128,8
153.721475996569,34.4442207617563,13.8891508011147,20.5550699606416,0,C,129,8
137.476701779034,72,13.9814693899825,58.0185306100175,0,I,130,8
75.1501408559616,24.3312804660672,14.0353110618889,10.2959694041782,0,C,131,8
58.2834886316968,72,14.0825248835608,44.200963748136,1,I,132,8
150.079446924783,57.8406892821845,14.1039982158691,43.7366910663154,0,C,133,8
100.581854825572,72,14.2543209437281,57.7456790562719,0,I,134,8
128.571261614822,72,14.3210597662255,57.6789402337745,0,C,135,8
189.012949464228,72,14.5615781843662,57.4384218156338,0,I,136,8
40.5525358243106,72,14.6753210993484,25.8772147249622,1,C,137,8
21.8647523487425,72,14.7049042023718,7.15984814637067,1,I,138,8
28.0266548451075,34.3197794294387,14.7425038553774,13.28415098973,1,C,139,8
18.1640869321966,72,14.7826309874654,3.38145594473124,1,I,140,8
235.398251163198,72,14.8219754034653,57.1780245965347,0,C,141,8
465.891666912076,72,14.9000684777275,57.0999315222725,0,I,142,8
140.878628767499,72,14.9900038680062,57.0099961319938,0,C,143,8
113.813657048354,72,15.1404005661607,56.8595994338393,0,I,144,8
29.1631421369498,72,15.2130218222737,13.9501203146761,1,C,145,8
40.8647442986083,72,15.223312578164,25.6414317204442,1,I,146,8
203.332601401465,72,15.239095450379,56.7609045496211,0,C,147,8
73.4518144516615,72,15.4837821051478,56.5162178948522,0,I,148,8
265.689413269539,72,15.4882955225185,56.5117044774816,0,C,149,8
75.3631445970728,72,15.4952381132171,56.504761886783,0,I,150,8
269.918605530296,47.0274747127671,15.5366370035335,31.4908377092336,0,C,151,8
309.914540311982,72,15.6021299818531,56.3978700181469,0,I,152,8
176.375376348264,72,15.7593410136178,56.2406589863822,0,C,153,8
15.9768171898547,72,15.8111737668514,0.16564342300328,1,I,154,8
26.3954036853206,72,15.8580068964511,10.5373967888695,1,C,155,8
24.2844578311158,72,16.0568091273308,8.22764870378498,1,I,156,8
162.771873431816,72,16.0940593387932,55.9059406612068,0,C,157,8
153.623137722597,72,16.1196929169819,55.8803070830181,0,I,158,8
23.1855994116993,35.6320854260445,16.1660149600357,7.0195844516636,1,C,159,8
123.914475262746,72,16.2975764740258,55.7024235259742,0,I,160,8
191.290577865182,72,16.3839302212,55.6160697788,0,C,161,8
51.9361038654988,72,16.5403685672209,35.395735298278,1,I,162,8
257.110575296796,72,16.575396344997,55.424603655003,0,C,163,8
147.008911275767,72,16.6267109429464,55.3732890570536,0,I,164,8
94.3682877203077,72,16.7004338465631,55.2995661534369,0,C,165,8
82.6397038075569,72,16.7063185153529,55.2936814846471,0,I,166,8
481.12463312637,50.049385485939,16.9179612910375,33.1314241949015,0,C,167,8
186.50127539194,72,16.9429456070066,55.0570543929935,0,I,168,8
31.669610745971,72,16.9579458329827,14.7116649129883,1,C,169,8
92.826129807866,72,17.0327126327902,54.9672873672098,0,I,170,8
27.2129073216705,52.5886706852476,17.0451775286347,10.1677297930358,1,C,171,8
177.989803450659,72,17.1447100723162,54.8552899276838,0,I,172,8
65.5884491621792,72,17.4734992906451,48.1149498715341,1,C,173,8
47.6913048615751,72,17.5153541984037,30.1759506631714,1,I,174,8
26.1261243140463,27.4873135304741,17.5167842628434,8.60934005120285,1,C,175,8
149.572615259744,72,17.5639858050272,54.4360141949728,0,I,176,8
223.786811940499,72,17.7042225748301,54.29577742517,0,C,177,8
36.1468766658618,68.3692373758582,17.7977451542392,18.3491315116225,1,I,178,8
70.7458144806837,72,17.8586663911119,52.8871480895718,1,C,179,8
87.0648574406885,72,17.8748177736998,54.1251822263002,0,I,180,8
52.110239603299,25.8336668117481,18.1021886179224,7.73147819382577,0,C,181,8
55.7114221639478,72,18.1201558560133,37.5912663079345,1,I,182,8
198.040819088567,72,18.2450658548623,53.7549341451377,0,C,183,8
241.397286466474,72,18.4481623023748,53.5518376976252,0,I,184,8
50.7022028847699,72,18.4495858149603,32.2526170698096,1,C,185,8
83.5983560895984,72,18.5329800657928,53.4670199342072,0,I,186,8
105.224536069477,72,18.6853271909058,53.3146728090942,0,C,187,8
187.610690974813,72,18.7115309201181,53.2884690798819,0,I,188,8
296.651426557631,72,18.7765002669767,53.2234997330234,0,C,189,8
76.6620200628075,72,18.7878297781572,53.2121702218428,0,I,190,8
183.734956121061,39.4912537697143,18.7924240110442,20.6988297586701,0,C,191,8
20.1439581275341,72,18.8135727401823,1.33038538735178,1,I,192,8
250.876412120752,72,19.0393844945356,52.9606155054644,0,C,193,8
49.6461467205144,72,19.131096471101,30.5150502494134,1,I,194,8
120.656935878818,72,19.2034399788827,52.7965600211173,0,C,195,8
159.853982849712,38.4112108293028,19.2972121294588,19.113998699844,0,I,196,8
52.8934180124068,72,19.3041158141568,33.58930219825,1,C,197,8
27.5654566308046,72,19.3551393784583,8.21031725234629,1,I,198,8
87.1068587236483,72,19.7375814244151,52.2624185755849,0,C,199,8
175.542847841714,54.1648169069033,19.8123118607327,34.3525050461706,0,I,200,8
241.922423377669,72,19.8603389505297,52.1396610494703,0,C,201,8
112.624971438805,72,19.9954788805917,52.0045211194083,0,I,202,8
223.600760096855,72,20.0723449699581,51.9276550300419,0,C,203,8
320.573102509941,72,20.0782653316855,51.9217346683145,0,I,204,8
163.406121905207,72,20.1107314461842,51.8892685538158,0,C,205,8
116.660956953582,72,20.197386033833,51.802613966167,0,I,206,8
59.9071163027234,72,20.2037987904623,39.703317512261,1,C,207,8
151.733551368035,72,20.3010889654979,51.6989110345021,0,I,208,8
66.2547091321629,72,20.3795664478093,45.8751426843536,1,C,209,8
217.8591252582,72,20.4010783368722,51.5989216631278,0,I,210,8
186.322078964521,72,20.4444963578135,51.5555036421865,0,C,211,8
448.847134626502,72,20.7840290665627,51.2159709334374,0,I,212,8
128.966580080916,72,21.0172761837021,50.982723816298,0,C,213,8
87.8268253820766,72,21.0745024261996,50.9254975738004,0,I,214,8
79.235291712323,70.5704442154902,21.0897427657619,49.4807014497283,0,C,215,8
191.649376203705,72,21.4995352132246,50.5004647867754,0,I,216,8
83.9621780739969,72,21.5433153742924,50.4566846257076,0,C,217,8
71.3654475143992,72,21.6971588646993,49.6682886496999,1,I,218,8
48.3077319640976,60.8854163539551,21.7346533248201,26.5730786392775,1,C,219,8
113.283865155163,44.7132607299058,21.7738507781178,22.939409951788,0,I,220,8
333.496913527002,72,22.1145279938355,49.8854720061645,0,C,221,8
38.3973477502023,72,22.1304376143962,16.2669101358061,1,I,222,8
284.495054170097,72,22.2106477618217,49.7893522381783,0,C,223,8
53.1502003453418,72,22.4026687256992,30.7475316196426,1,I,224,8
334.547765378364,60.3026948614418,22.4094167724252,37.8932780890166,0,C,225,8
70.2624114643869,72,22.4753494374454,47.7870620269415,1,I,226,8
126.218312288271,72,22.5437711505219,49.4562288494781,0,C,227,8
69.3263076298149,72,22.5762798311189,46.750027798696,1,I,228,8
47.5058590523613,72,22.6657669432461,24.8400921091152,1,C,229,8
353.613489950208,30.7839838749882,23.0165647063404,7.76741916864777,0,I,230,8
79.4336101212263,72,23.3011353760958,48.6988646239042,0,C,231,8
207.82808044157,72,23.3695393055677,48.6304606944323,0,I,232,8
200.655195500996,72,23.4552292479202,48.5447707520798,0,C,233,8
78.2492147828933,72,23.5552700422704,48.4447299577296,0,I,234,8
121.118301551426,72,23.7277184659615,48.2722815340385,0,C,235,8
96.9449726500715,41.5691867680628,24.0085006831214,17.5606860849415,0,I,236,8
102.046365208261,72,24.0104336338118,47.9895663661882,0,C,237,8
65.8492018851775,72,24.1291394317523,41.7200624534252,1,I,238,8
34.4186719225047,72,24.1310194786638,10.2876524438409,1,C,239,8
178.397475091569,72,24.1804275847971,47.8195724152029,0,I,240,8
273.33313349162,72,24.3326798686758,47.6673201313242,0,C,241,8
61.4421264136873,63.5948361711184,24.5191228855401,36.9230035281471,1,I,242,8
293.578391267947,46.2143131049558,24.5564126595855,21.6579004453703,0,C,243,8
106.311511017106,72,24.6963421208784,47.3036578791216,0,I,244,8
743.918571668252,72,24.7852328885347,47.2147671114653,0,C,245,8
107.318057703529,72,24.8640857683495,47.1359142316505,0,I,246,8
76.8055077188355,72,24.9785435618833,47.0214564381167,0,C,247,8
139.40005981243,72,25.0654813321307,46.9345186678693,0,I,248,8
265.585704216531,72,25.0726693728939,46.9273306271061,0,C,249,8
181.382011579089,72,25.1618591649458,46.8381408350542,0,I,250,8
31.0689961799761,72,25.1625288650394,5.90646731493677,1,C,251,8
279.078348594082,72,25.2549262577668,46.7450737422332,0,I,252,8
57.6546871949422,72,25.2634830772877,32.3912041176545,1,C,253,8
132.140453074986,72,25.3567712847143,46.6432287152857,0,I,254,8
33.8753146518139,72,25.4359722370282,8.43934241478569,1,C,255,8
90.1443051091954,72,25.576642351225,46.423357648775,0,I,256,8
28.0546105240777,69.42674448046,25.8594521228224,2.19515840125533,1,C,257,8
73.2103083690465,44.7516582948381,25.9322397876531,18.819418507185,0,I,258,8
33.1644440121945,72,26.2683556135744,6.89608839862011,1,C,259,8
111.347951800143,72,26.6109497006983,45.3890502993018,0,I,260,8
51.7912903081655,72,26.650974964723,25.1403153434426,1,C,261,8
505.548996967359,72,26.8821215489879,45.1178784510121,0,I,262,8
49.773851349839,72,26.8945890152827,22.8792623345563,1,C,263,8
64.6618920004265,72,26.9305986631662,37.7312933372604,1,I,264,8
124.479416371209,72,26.9980669906363,45.0019330093637,0,C,265,8
274.160232517534,72,27.0946813886985,44.9053186113015,0,I,266,8
200.611041822699,72,27.1824269648641,44.8175730351359,0,C,267,8
144.019830177611,72,27.1875418815762,44.8124581184238,0,I,268,8
81.7565753952051,72,27.2366360714659,44.7633639285341,0,C,269,8
42.6251424773726,72,27.2595800086856,15.365562468687,1,I,270,8
73.2760550674198,72,27.5055251363665,44.4944748636335,0,C,271,8
227.417549083061,72,27.5718830851838,44.4281169148162,0,I,272,8
44.8495242667673,72,27.6765191741288,17.1730050926385,1,C,273,8
113.208609372857,72,27.6928970916197,44.3071029083803,0,I,274,8
104.470327064112,72,27.8226885432377,44.1773114567623,0,C,275,8
32.8568435728326,72,27.892190515995,4.96465305683757,1,I,276,8
270.574362949691,72,27.9657662613317,44.0342337386683,0,C,277,8
37.0242603138972,72,27.994099734351,9.03016057954619,1,I,278,8
276.848323663195,72,28.1251129182056,43.8748870817944,0,C,279,8
96.6557527567208,72,28.2178976945579,43.7821023054421,0,I,280,8
51.6678666805882,72,28.2282855547965,23.4395811257917,1,C,281,8
185.401532941157,72,28.335845572874,43.6641544271261,0,I,282,8
133.884207129229,72,28.3689631707966,43.6310368292034,0,C,283,8
38.5451968781437,72,28.4078949177638,10.13730196038,1,I,284,8
128.239588388299,72,28.5126941744238,43.4873058255762,0,C,285,8
130.882327244593,72,28.5378431668505,43.4621568331495,0,I,286,8
60.233179066537,55.7809664773117,28.564671697095,27.2162947802166,0,C,287,8
53.1047764791124,72,29.2486977903172,23.8560786887952,1,I,288,8
38.637431889538,72,29.5536243310198,9.08380755851821,1,C,289,8
226.81807064888,72,29.6253903815523,42.3746096184477,0,I,290,8
49.3229970641305,72,29.6881875442341,19.6348095198964,1,C,291,8
140.782661963809,35.8970297901315,29.7208386613056,6.17619112882587,0,I,292,8
60.8505718371162,56.453184762209,29.838973316364,26.614211445845,0,C,293,8
62.2621222736008,72,29.9096951074898,32.352427166111,1,I,294,8
38.9642999605153,72,30.1036214316264,8.86067852888892,1,C,295,8
101.551026010943,72,30.2721516089514,41.7278483910486,0,I,296,8
131.926392732167,72,30.3505111578852,41.6494888421148,0,C,297,8
51.6827853029197,72,30.4006258165464,21.2821594863733,1,I,298,8
177.619327816356,72,30.5777282780036,41.4222717219964,0,C,299,8
34.0580972943996,72,30.7171031506732,3.34099414372642,1,I,300,8
107.806656547588,72,30.8252760814503,41.1747239185497,0,C,301,8
56.3028665490837,72,30.835345541127,25.4675210079567,1,I,302,8
217.778391532224,72,30.8714333362877,41.1285666637123,0,C,303,8
205.589141261309,72,30.9737258451059,41.0262741548941,0,I,304,8
269.426339615449,70.5431887050564,30.9980203444138,39.5451683606426,0,C,305,8
53.757730735322,72,31.2729869736359,22.4847437616862,1,I,306,8
89.3858768485105,72,31.3288458483294,40.6711541516706,0,C,307,8
213.890911363532,72,31.5327492915094,40.4672507084906,0,I,308,8
43.989888677882,72,31.5925881033763,12.3973005745057,1,C,309,8
368.977898700761,72,31.5991647401825,40.4008352598175,0,I,310,8
410.729777763154,72,31.6090652626008,40.3909347373992,0,C,311,8
112.625215709424,72,31.6131525859237,40.3868474140763,0,I,312,8
122.718510996411,72,31.6378999315202,40.3621000684798,0,C,313,8
501.953506719698,72,31.6457221470773,40.3542778529227,0,I,314,8
34.2484202781513,72,31.744620250538,2.50380002761331,1,C,315,8
61.7819721018269,72,31.8415039032698,29.9404681985571,1,I,316,8
128.781120811595,72,31.9626456359401,40.0373543640599,0,C,317,8
137.75367206781,72,32.0288587594405,39.9711412405595,0,I,318,8
99.2190171412102,54.2241783331642,32.1895612450317,22.0346170881325,0,C,319,8
76.6350351715915,60.8973588367131,32.2457104828209,28.6516483538922,0,I,320,8
115.05642484712,72,32.3271168675274,39.6728831324726,0,C,321,8
66.0567780218055,72,32.3482158221304,33.7085621996751,1,I,322,8
42.2270262647238,72,32.4044596217573,9.82256664296652,1,C,323,8
96.9956949130158,41.7599957821833,32.4554462637752,9.30454951840811,0,I,324,8
74.8168740496357,72,32.4688717676327,39.5311282323673,0,C,325,8
64.2529246388188,72,32.483604317531,31.7693203212878,1,I,326,8
39.9400802389749,72,32.6626591337845,7.27742110519045,1,C,327,8
214.196911197099,71.5786492479478,32.7694428618997,38.8092063860481,0,I,328,8
248.412822873979,40.1391839332562,32.9694959381595,7.16968799509668,0,C,329,8
247.308874802909,72,33.0022499570623,38.9977500429377,0,I,330,8
159.941560858135,72,33.0681660259143,38.9318339740858,0,C,331,8
77.0200145775486,72,33.1286710873246,38.8713289126754,0,I,332,8
166.500975851513,72,33.2477593794465,38.7522406205535,0,C,333,8
63.0899117625489,72,33.4749999269843,29.6149118355646,1,I,334,8
43.4771121388706,72,33.7299537425861,9.74715839628447,1,C,335,8
141.629501819095,72,33.7479950068519,38.2520049931482,0,I,336,8
36.7630078680268,72,33.7941047362983,2.96890313172847,1,C,337,8
135.613921896488,72,33.7968233926222,38.2031766073778,0,I,338,8
142.279357107308,72,33.8553813798353,38.1446186201647,0,C,339,8
139.299510172163,72,33.8559872237965,38.1440127762035,0,I,340,8
276.544398092269,72,33.8758739316836,38.1241260683164,0,C,341,8
109.909072090919,72,33.8919784873724,38.1080215126276,0,I,342,8
49.4299438841199,72,34.0255435137078,15.4044003704121,1,C,343,8
139.617059910416,72,34.0939662884921,37.9060337115079,0,I,344,8
204.253586198031,72,34.1216658940539,37.8783341059461,0,C,345,8
164.726202414809,72,34.1537431720644,37.8462568279356,0,I,346,8
472.829019722561,72,34.2381966859102,37.7618033140898,0,C,347,8
220.521844175977,72,34.2614736082032,37.7385263917968,0,I,348,8
103.288748289296,72,34.3615122651681,37.6384877348319,0,C,349,8
63.1158254786138,72,34.5849418407306,28.5308836378832,1,I,350,8
82.4866231638485,72,34.6113712806255,37.3886287193745,0,C,351,8
36.3832547730125,72,35.0589656364173,1.32428913659523,1,I,352,8
40.2609831019657,72,35.1249222876504,5.1360608143153,1,C,353,8
40.0819738209285,72,35.1304663717747,4.9515074491538,1,I,354,8
147.167983392536,40.0579615023189,35.1422262936831,4.9157352086358,0,C,355,8
109.56414894959,72,35.367554789409,36.632445210591,0,I,356,8
59.4163311047296,72,35.5005648359656,23.915766268764,1,C,357,8
168.246260281032,72,35.7706950511783,36.2293049488217,0,I,358,8
152.918467621372,72,35.921311522834,36.078688477166,0,C,359,8
136.216645824895,72,35.9319166420028,36.0680833579972,0,I,360,8
119.320132688972,58.1213496776605,36.1925623705611,21.9287873070994,0,C,361,8
52.4704444241361,45.534165774467,36.2444893084466,9.28967646602039,0,I,362,8
173.392334413337,72,36.3127115881071,35.687288411893,0,C,363,8
58.2623033643675,72,36.5086737368256,21.7536296275419,1,I,364,8
91.6211164380752,72,36.5226709702984,35.4773290297017,0,C,365,8
76.2548867411365,72,36.7138559371233,35.2861440628767,0,I,366,8
484.054233385914,72,36.8401798931882,35.1598201068118,0,C,367,8
41.5729734661112,72,36.8441074155271,4.7288660505841,1,I,368,8
187.83402370977,72,36.9068174064159,35.0931825935841,0,C,369,8
61.7163111121372,56.4014963250226,36.9301715679467,19.4713247570759,0,I,370,8
55.3313861492087,72,37.0591976540163,18.2721884951924,1,C,371,8
213.887396607138,72,37.0691206259653,34.9308793740347,0,I,372,8
51.181127511356,72,37.2741118306294,13.9070156807266,1,C,373,8
44.8767603807581,72,37.2959160804749,7.58084430028321,1,I,374,8
62.7632828811828,72,37.3455490730703,25.4177338081125,1,C,375,8
38.9419442336903,72,37.479148870334,1.46279536335626,1,I,376,8
54.0426018844889,39.8382629193837,37.4985856097192,2.33967730966458,0,C,377,8
439.151053907849,72,37.6003841450438,34.3996158549562,0,I,378,8
64.2742818639069,72,38.0340462271124,26.2402356367945,1,C,379,8
139.866520920172,72,38.0587216978893,33.9412783021107,0,I,380,8
111.771893283077,72,38.0934083880857,33.9065916119143,0,C,381,8
183.189136157558,72,38.1047414476052,33.8952585523948,0,I,382,8
308.148787073104,72,38.198785437271,33.801214562729,0,C,383,8
624.246837638036,72,38.3536503603682,33.6463496396318,0,I,384,8
52.2936099886152,72,38.3592088054866,13.9344011831286,1,C,385,8
112.605539188531,72,38.45770847518,33.54229152482,0,I,386,8
57.4265642845921,72,38.5296610929072,18.8969031916849,1,C,387,8
369.048899923894,72,38.5367353493348,33.4632646506652,0,I,388,8
82.239426426051,72,38.8353051804006,33.1646948195994,0,C,389,8
62.7410401481348,72,38.8609860185534,23.8800541295815,1,I,390,8
243.504709963696,72,38.8636424671859,33.1363575328141,0,C,391,8
208.504109722071,72,38.9377635391429,33.0622364608571,0,I,392,8
229.302800839799,72,39.0795296430588,32.9204703569412,0,C,393,8
65.8679517375424,72,39.4309896882623,26.4369620492801,1,I,394,8
57.3783802677223,49.8448865995874,39.6487554302439,10.1961311693434,0,C,395,8
116.888294946141,72,39.6628338843584,32.3371661156416,0,I,396,8
138.254062527231,72,40.0951651437208,31.9048348562792,0,C,397,8
231.484206845432,72,40.1622297149152,31.8377702850848,0,I,398,8
68.4101636908139,72,40.2177171176299,28.192446573184,1,C,399,8
137.653535164527,72,40.2651496231556,31.7348503768444,0,I,400,8
46.8280513143047,72,40.4242205712944,6.40383074301026,1,C,401,8
128.5752275097,72,40.492195179686,31.5078048203141,0,I,402,8
116.884646882345,72,40.6090856669471,31.3909143330529,0,C,403,8
155.467199379861,72,40.6547537120059,31.3452462879941,0,I,404,8
179.418032263492,72,40.7061381731182,31.2938618268818,0,C,405,8
187.362088736256,72,40.7375225611031,31.2624774388969,0,I,406,8
67.9998072764626,72,40.7626578072086,27.237149469254,1,C,407,8
640.44728017701,72,41.0079390183091,30.9920609816909,0,I,408,8
166.148882770489,60.0491653331619,41.0737264528871,18.9754388802748,0,C,409,8
64.7352453593934,72,41.3450582837686,23.3901870756248,1,I,410,8
166.650431373584,72,41.6019445750862,30.3980554249138,0,C,411,8
106.315526478399,72,41.7924951994792,30.2075048005208,0,I,412,8
131.945459480869,72,42.5628688093275,29.4371311906725,0,C,413,8
120.862682512448,72,42.5780389923602,29.4219610076398,0,I,414,8
125.435685264554,72,42.6025380240753,29.3974619759247,0,C,415,8
270.318044542007,72,42.9025084013119,29.0974915986881,0,I,416,8
142.812649681747,72,42.9332813434303,29.0667186565697,0,C,417,8
86.206184161925,72,43.1541273510084,28.8458726489916,0,I,418,8
89.6502454737971,72,43.1830045999959,28.8169954000041,0,C,419,8
52.4443455785005,72,43.3364507742226,9.10789480427788,1,I,420,8
63.3747258485134,72,43.4243931854144,19.950332663099,1,C,421,8
129.047395925574,72,43.4939775522798,28.5060224477202,0,I,422,8
332.107114074647,72,43.6001526284963,28.3998473715037,0,C,423,8
100.116151293772,72,43.6628096736968,28.3371903263032,0,I,424,8
87.9992252244147,72,43.6847184458748,28.3152815541253,0,C,425,8
158.906033740066,72,43.7264729524031,28.2735270475969,0,I,426,8
132.052249712462,72,43.8732500234619,28.1267499765381,0,C,427,8
49.1892696304688,72,43.9319665823132,5.25730304815561,1,I,428,8
274.199139004911,72,43.981030639261,28.018969360739,0,C,429,8
237.268587056522,72,44.0591192012653,27.9408807987347,0,I,430,8
169.798105495434,72,44.1409123688936,27.8590876311064,0,C,431,8
149.071059751768,72,44.4069084897637,27.5930915102363,0,I,432,8
83.5000671570121,72,44.5530253602192,27.4469746397808,0,C,433,8
239.060777124312,72,44.6457112720236,27.3542887279764,0,I,434,8
118.945590774871,72,44.6988568129018,27.3011431870982,0,C,435,8
51.0158880835156,72,44.7978527331725,6.21803535034313,1,I,436,8
61.719833325758,72,44.8177135270089,16.9021197987491,1,C,437,8
59.8916213899945,72,44.8434043815359,15.0482170084586,1,I,438,8
326.089446507238,72,44.9531072610989,27.0468927389011,0,C,439,8
106.286144285584,72,45.025311796926,26.974688203074,0,I,440,8
132.587854977027,72,45.0578796258196,26.9421203741804,0,C,441,8
229.150907137125,53.8801284697726,45.0607132120058,8.81941525776676,0,I,442,8
104.945170913584,72,45.1259544398636,26.8740455601364,0,C,443,8
321.829920100578,49.7387047254313,45.1679478306323,4.57075689479896,0,I,444,8
85.0795859796775,72,45.1809797761962,26.8190202238038,0,C,445,8
215.256253263574,53.9287158575877,45.1817591395229,8.74695671806478,0,I,446,8
79.3095019825942,72,45.2938190940768,26.7061809059233,0,C,447,8
109.013907003718,72,45.5293934186921,26.470606581308,0,I,448,8
111.432831433959,72,45.5916306003928,26.4083693996072,0,C,449,8
215.580841507789,72,45.8678898168728,26.1321101831272,0,I,450,8
129.711554409794,72,45.9388500731438,26.0611499268562,0,C,451,8
167.992536558939,72,45.9696351969615,26.0303648030385,0,I,452,8
359.750590616572,72,46.0164940590039,25.9835059409961,0,C,453,8
94.4543305615406,72,46.0545128630474,25.9454871369526,0,I,454,8
299.178309662844,72,46.1925488803536,25.8074511196464,0,C,455,8
163.733552110905,53.1467106188068,46.3974705571309,6.74924006167588,0,I,456,8
129.459340007634,72,46.4870385406539,25.5129614593461,0,C,457,8
158.231837899085,72,46.5263896621764,25.4736103378236,0,I,458,8
60.4373974950196,72,46.5417415089905,13.8956559860291,1,C,459,8
140.072185688461,72,46.5847625769675,25.4152374230325,0,I,460,8
109.350520742732,72,46.6903640236706,25.3096359763295,0,C,461,8
92.8248203863569,72,46.8913832260296,25.1086167739704,0,I,462,8
125.446575242479,72,46.9473443739116,25.0526556260884,0,C,463,8
109.850476033465,72,47.1937607601285,24.8062392398715,0,I,464,8
94.2689451990075,72,47.2026784345508,24.7973215654492,0,C,465,8
148.693015587286,72,47.275508902967,24.724491097033,0,I,466,8
204.701034445323,67.6410314128419,47.2793915122747,20.3616399005671,0,C,467,8
288.21598104672,72,47.4952985392883,24.5047014607117,0,I,468,8
61.3109606167001,72,47.5027403980494,13.8082202186507,1,C,469,8
171.744554019385,63.0170157259903,47.5346267782152,15.4823889477752,0,I,470,8
158.922308114338,72,47.5653647677973,24.4346352322027,0,C,471,8
272.65355223345,72,47.605591379106,24.394408620894,0,I,472,8
76.190714006953,72,47.8814175585285,24.1185824414715,0,C,473,8
204.180580390542,72,48.069712179713,23.9302878202871,0,I,474,8
106.811925382864,72,48.347599580884,23.652400419116,0,C,475,8
122.365911577562,72,48.3611855143681,23.6388144856319,0,I,476,8
60.3551747802311,72,48.380865175277,11.9743096049541,1,C,477,8
111.376937942387,72,48.4632714651525,23.5367285348475,0,I,478,8
216.013603185556,72,48.4824495250359,23.5175504749641,0,C,479,8
99.9909541623672,72,48.5461175115779,23.4538824884221,0,I,480,8
89.0854846694886,72,48.6220183130354,23.3779816869646,0,C,481,8
161.541371049682,66.4902079039341,48.6890832753852,17.8011246285489,0,I,482,8
400.899704692431,72,48.6938026081771,23.3061973918229,0,C,483,8
164.582374350946,72,48.7111207377166,23.2888792622834,0,I,484,8
121.580943572943,72,48.7656003283337,23.2343996716663,0,C,485,8
86.6478437032823,72,48.8431752193719,23.1568247806281,0,I,486,8
286.208316335786,72,48.862528516911,23.137471483089,0,C,487,8
157.980946216985,72,49.3506041541696,22.6493958458304,0,I,488,8
280.766021108142,72,49.4895839178935,22.5104160821065,0,C,489,8
316.697932086027,72,49.5631763571873,22.4368236428127,0,I,490,8
70.4335629838631,72,49.7304076887667,20.7031552950964,1,C,491,8
79.6335046478211,72,49.7825439926237,22.2174560073763,0,I,492,8
60.8544606210373,72,49.8236197466031,11.0308408744342,1,C,493,8
126.685615164811,72,49.8801493830979,22.1198506169021,0,I,494,8
92.3772215483628,72,50.0777862779796,21.9222137220204,0,C,495,8
189.386418746561,72,50.2866929769516,21.7133070230484,0,I,496,8
166.41743901953,72,50.3256872249767,21.6743127750233,0,C,497,8
174.678301083563,72,50.5224381946027,21.4775618053973,0,I,498,8
152.420985155634,72,50.8205421315506,21.1794578684494,0,C,499,8
104.975125603667,72,50.8368926122785,21.1631073877215,0,I,500,8
127.240649339646,72,50.952025023289,21.047974976711,0,C,501,8
152.678758910105,72,51.3411800656468,20.6588199343532,0,I,502,8
126.03074807389,72,51.4569623954594,20.5430376045406,0,C,503,8
224.457957484043,72,51.8715114053339,20.1284885946661,0,I,504,8
160.894391426391,72,51.9192371796817,20.0807628203183,0,C,505,8
288.553272118205,72,51.9336577272043,20.0663422727957,0,I,506,8
144.795866407057,72,51.9664831040427,20.0335168959573,0,C,507,8
451.905517221421,72,52.0933324098587,19.9066675901413,0,I,508,8
122.741512249541,72,52.0976757723838,19.9023242276162,0,C,509,8
251.305224634023,72,52.2644049720839,19.7355950279161,0,I,510,8
255.776926462673,72,52.6672297809273,19.3327702190727,0,C,511,8
144.348318159825,72,52.7569846669212,19.2430153330788,0,I,512,8
60.1795871646296,54.3786822724504,52.9882059618831,1.39047631056728,0,C,513,8
305.719724822924,72,53.2202007388696,18.7797992611304,0,I,514,8
230.931158308207,72,53.2982801785693,18.7017198214307,0,C,515,8
58.2405212704504,72,53.3675493160263,4.87297195442411,1,I,516,8
144.414847722571,72,53.7313862610608,18.2686137389392,0,C,517,8
250.642032980206,72,53.7661303952336,18.2338696047664,0,I,518,8
168.060418065347,72,53.7986090546474,18.2013909453526,0,C,519,8
188.308691399908,72,53.8250203616917,18.1749796383083,0,I,520,8
85.2472542528638,72,53.8277792651206,18.1722207348794,0,C,521,8
99.7926898191282,72,53.8825222989544,18.1174777010456,0,I,522,8
92.0735367975469,70.0077207405056,53.8853571703658,16.1223635701399,0,C,523,8
215.489958439702,72,53.9518213039264,18.0481786960736,0,I,524,8
167.408089465587,68.3110913927241,53.9644979126751,14.346593480049,0,C,525,8
198.1329300724,72,53.9718999993056,18.0281000006944,0,I,526,8
71.5729209381614,72,54.101674980484,17.4712459576774,1,C,527,8
64.3253756351528,72,54.1766131902114,10.1487624449414,1,I,528,8
153.352321363107,72,54.1920332657173,17.8079667342827,0,C,529,8
145.645173652376,72,54.2023990117014,17.7976009882987,0,I,530,8
122.917343394216,72,54.2202679719776,17.7797320280224,0,C,531,8
191.935145192976,72,54.2298449389637,17.7701550610364,0,I,532,8
82.6534275326126,72,54.4747965177521,17.5252034822479,0,C,533,8
67.7810699199437,72,54.63426834438,13.1468015755637,1,I,534,8
272.351970189346,72,54.7380941128358,17.2619058871642,0,C,535,8
83.2929226587968,72,54.8761983867735,17.1238016132265,0,I,536,8
136.389205145164,72,54.9289519898593,17.0710480101407,0,C,537,8
215.998869343359,72,54.9567166529596,17.0432833470404,0,I,538,8
117.467604233988,72,54.9804830923677,17.0195169076324,0,C,539,8
180.388053876186,72,55.2694030478597,16.7305969521403,0,I,540,8
242.086961195164,72,55.3423648327589,16.6576351672411,0,C,541,8
62.9943714943288,72,55.6390854064375,7.35528608789132,1,I,542,8
106.226427187308,72,55.7281399285421,16.2718600714579,0,C,543,8
60.4564518622834,72,55.8225192222744,4.63393264000897,1,I,544,8
81.5086769393179,72,55.8418525289744,16.1581474710256,0,C,545,8
77.5058098304587,72,55.9484171960503,16.0515828039497,0,I,546,8
135.565947990796,72,56.2946771224961,15.7053228775039,0,C,547,8
179.92242595235,72,56.3207267504185,15.6792732495815,0,I,548,8
94.7685439119574,72,56.4896074309945,15.5103925690055,0,C,549,8
310.15984209879,72,56.6188123309985,15.3811876690015,0,I,550,8
85.4233981342095,72,56.7962835961953,15.2037164038047,0,C,551,8
155.950310505981,72,56.993455211632,15.006544788368,0,I,552,8
78.5544544583777,72,57.0141701214016,14.9858298785985,0,C,553,8
58.4544195252009,72,57.1506213163957,1.3037982088052,1,I,554,8
329.599266782109,62.9729739477338,57.5596015295014,5.4133724182324,0,C,555,8
164.453948659396,72,57.7080081962049,14.2919918037951,0,I,556,8
166.126588118701,72,57.7584924548864,14.2415075451136,0,C,557,8
59.6901835460266,61.9608520639133,58.0401923367754,1.64999120925125,1,I,558,8
82.6830085068874,72,58.0432145018131,13.9567854981869,0,C,559,8
563.095894820162,72,58.0899959849194,13.9100040150806,0,I,560,8
151.805818528939,72,58.1554771168158,13.8445228831843,0,C,561,8
351.813535801825,72,58.1953621655703,13.8046378344297,0,I,562,8
162.020527175186,72,58.1986781023443,13.8013218976557,0,C,563,8
163.778235181128,72,58.2485556649044,13.7514443350956,0,I,564,8
177.844268630973,72,58.2630713749677,13.7369286250323,0,C,565,8
83.0192852895162,72,58.3202977152541,13.6797022847459,0,I,566,8
98.5289894830175,72,58.6111449077725,13.3888550922275,0,C,567,8
75.1334427408092,72,58.6573615903035,13.3426384096965,0,I,568,8
583.934687132017,72,58.9403916103765,13.0596083896235,0,C,569,8
227.937887914145,72,59.0489102527499,12.9510897472501,0,I,570,8
518.693830978327,70.2198071960633,59.0879351086915,11.1318720873718,0,C,571,8
188.588283734943,72,59.1175180161372,12.8824819838628,0,I,572,8
188.660994806181,72,59.1829401394352,12.8170598605648,0,C,573,8
224.788649420194,72,59.2435126472265,12.7564873527735,0,I,574,8
205.682540576973,72,59.3011105852202,12.6988894147798,0,C,575,8
89.7218384117007,72,59.337121155113,12.662878844887,0,I,576,8
69.4177481713329,72,59.3538624979556,10.0638856733773,1,C,577,8
134.724394607354,72,59.4711972819641,12.5288027180359,0,I,578,8
60.0496943641251,72,59.5265429886058,0.523151375519337,1,C,579,8
354.59539730168,72,59.5467953430489,12.4532046569511,0,I,580,8
59.7078710614687,72,59.5510786632076,0.156792398261117,1,C,581,8
255.336673988527,72,59.6469290228561,12.3530709771439,0,I,582,8
201.403809588561,72,59.926605373621,12.073394626379,0,C,583,8
146.913439860567,72,0.0525378668680787,71.9474621331319,0,C,1,9
96.703780061751,25.8294358087009,0.0624494533985853,25.7669863553023,0,I,2,9
25.0824852929167,27.2151757246643,0.190334273502231,24.8921510194145,1,C,3,9
8.36489849096394,62.6691100248428,0.377486161887646,7.98741232907629,1,I,4,9
63.7205428574038,72,0.435993885621429,63.2845489717823,1,C,5,9
402.306038072391,72,0.663334890268743,71.3366651097313,0,I,6,9
384.519726726427,44.952263437985,0.770512595772743,44.1817508422122,0,C,7,9
46.7894168766178,72,0.774876605719328,46.0145402708985,1,I,8,9
40.968938553015,72,0.786391873843968,40.1825466791711,1,C,9,9
1.12569171073702,72,0.905887316912413,0.219804393824607,1,I,10,9
73.508723424727,72,0.933277951553464,71.0667220484465,0,C,11,9
30.1977004719431,72,0.955058494582772,29.2426419773603,1,I,12,9
12.6653426664196,72,1.08382896054536,11.5815137058742,1,C,13,9
50.5604715382925,72,1.12407820299268,49.4363933352998,1,I,14,9
18.013404649956,72,1.30457671824843,16.7088279317075,1,C,15,9
65.7588899346889,62.1511791621167,1.32885374128819,60.8223254208285,0,I,16,9
77.6170425804929,72,1.35363193228841,70.6463680677116,0,C,17,9
6.72462531062501,61.4182924943123,1.47497367113829,5.24965163948673,1,I,18,9
293.910826492185,72,1.50940212886781,70.4905978711322,0,C,19,9
79.7643504828612,71.2011035048052,1.56398544553667,69.6371180592685,0,I,20,9
133.099490111231,8.90188898510241,1.5706291096285,7.33125987547391,0,C,21,9
375.481022709805,72,1.66211583651602,70.337884163484,0,I,22,9
626.242280364559,72,1.66767069138587,70.3323293086141,0,C,23,9
55.9134215925903,72,1.81987001560628,54.093551576984,1,I,24,9
332.398302150437,72,1.87158786691725,70.1284121330828,0,C,25,9
81.8473404254644,72,2.17034693341702,69.829653066583,0,I,26,9
19.8943546483932,72,2.17451178934425,17.7198428590489,1,C,27,9
31.0196227020302,40.4929082746914,2.28979557752609,28.7298271245041,1,I,28,9
60.0140390249574,72,2.4256636435166,57.5883753814408,1,C,29,9
10.6006471516255,72,2.54880137275904,8.05184577886647,1,I,30,9
143.19913304689,72,2.56876344792545,69.4312365520746,0,C,31,9
103.437202334709,72,2.64055476989597,69.359445230104,0,I,32,9
143.62618110387,72,2.6681086840108,69.3318913159892,0,C,33,9
147.897730540808,72,2.87852881941944,69.1214711805806,0,I,34,9
27.7496486393613,72,3.00338173750788,24.7462669018534,1,C,35,9
78.2295733053553,71.6564498117098,3.11436126474291,68.5420885469669,0,I,36,9
48.4557283526356,72,3.12079054769129,45.3349378049443,1,C,37,9
195.251910764517,72,3.22251434437931,68.7774856556207,0,I,38,9
120.397623178794,72,3.30037162173539,68.6996283782646,0,C,39,9
78.8944855659907,72,3.35868185386062,68.6413181461394,0,I,40,9
50.2301666588611,72,3.43617017380893,46.7939964850522,1,C,41,9
180.479331369824,72,3.49577507469803,68.504224925302,0,I,42,9
12.9443249221084,12.3859538640903,3.731220792979,8.65473307111125,0,C,43,9
81.2431469498727,54.3297611890827,3.79823521245271,50.53152597663,0,I,44,9
188.252569808145,72,3.82238978985697,68.177610210143,0,C,45,9
101.273925253378,72,3.82936075329781,68.1706392467022,0,I,46,9
12.9146200209162,72,3.87220890261233,9.0424111183039,1,C,47,9
53.3801369757259,72,3.95542466081679,49.4247123149091,1,I,48,9
103.108413644316,72,4.17465729173273,67.8253427082673,0,C,49,9
160.150706464805,69.6492365242652,4.3132551619783,65.3359813622869,0,I,50,9
176.655229285958,72,4.35017621610314,67.6498237838969,0,C,51,9
285.215294978396,72,4.4523002486676,67.5476997513324,0,I,52,9
19.9133865828838,72,4.6371355606243,15.2762510222595,1,C,53,9
227.230367258186,72,4.7202989179641,67.2797010820359,0,I,54,9
50.0811883475051,34.7631681297877,5.08159917779267,29.681568951995,0,C,55,9
51.5584694866454,72,5.14174534007907,46.4167241465664,1,I,56,9
194.059352521214,72,5.20839253440499,66.791607465595,0,C,57,9
255.275767451017,72,5.2521265251562,66.7478734748438,0,I,58,9
148.658483745994,72,5.31902312301099,66.680976876989,0,C,59,9
164.952547546415,32.1060304912139,5.36917028948665,26.7368602017273,0,I,60,9
29.6280629245281,72,5.70086921565235,23.9271937088758,1,C,61,9
336.581847451434,72,5.76703880913556,66.2329611908645,0,I,62,9
47.6813673090181,26.8646740765078,6.02783813606948,20.8368359404383,0,C,63,9
29.1566198215884,72,6.10736367758364,23.0492561440047,1,I,64,9
32.8480961494554,34.424470172675,6.11105455085635,26.737041598599,1,C,65,9
308.915690981185,72,6.14222867880017,65.8577713211998,0,I,66,9
16.8999741539549,72,6.15137035958469,10.7486037943702,1,C,67,9
50.0978869551796,72,6.22048148419708,43.8774054709825,1,I,68,9
212.39499358337,72,6.38490841258317,65.6150915874168,0,C,69,9
50.2199689168233,72,6.39278443995863,43.8271844768647,1,I,70,9
116.287926912742,72,6.47163965273649,65.5283603472635,0,C,71,9
29.0001142677765,72,6.61525631323457,22.3848579545419,1,I,72,9
93.9663101959331,72,6.69004859402776,65.3099514059722,0,C,73,9
69.9288533562626,72,6.74764016177505,63.1812131944876,1,I,74,9
31.9824877416278,72,7.03496569767594,24.9475220439519,1,C,75,9
74.8562681746083,14.318300138857,7.09564299322665,7.22265714563037,0,I,76,9
144.661868916924,72,7.10770632606,64.89229367394,0,C,77,9
223.079827509888,15.1974190081898,7.53537126816809,7.66204774002168,0,I,78,9
9.10019948984819,72,7.75372558739036,1.34647390245783,1,C,79,9
104.732289950946,72,7.86131445318461,64.1386855468154,0,I,80,9
125.388968375955,28.3404084598935,7.89997742045671,20.4404310394368,0,C,81,9
138.646202326353,72,7.91553423274308,64.0844657672569,0,I,82,9
240.806669286044,72,7.96328351832926,64.0367164816707,0,C,83,9
227.61339967847,72,8.20619790349156,63.7938020965085,0,I,84,9
51.7382321110594,72,8.2227380387485,43.5154940723109,1,C,85,9
155.038048640396,72,8.43107800930738,63.5689219906926,0,I,86,9
65.0085519118847,72,8.45336410682648,56.5551878050582,1,C,87,9
25.8360558540098,72,8.49697122350335,17.3390846305065,1,I,88,9
271.833909886949,72,8.57420712243766,63.4257928775624,0,C,89,9
327.319550869817,46.5013815429261,8.68948413524777,37.8118974076783,0,I,90,9
11.4918676392876,72,8.69194198865444,2.79992565063318,1,C,91,9
150.211775166574,23.6240990462967,8.71513520367444,14.9089638426222,0,I,92,9
31.1870420851866,72,8.86482460889965,22.3222174762869,1,C,93,9
183.48080346521,72,8.88458843808621,63.1154115619138,0,I,94,9
128.35858652183,72,8.96681851241738,63.0331814875826,0,C,95,9
15.9399037193836,72,9.07005964312702,6.86984407625662,1,I,96,9
209.530966791602,72,9.08586263190955,62.9141373680905,0,C,97,9
86.2804052748808,29.5720345572627,9.25452405586839,20.3175105013943,0,I,98,9
154.660810501392,72,9.27309738937765,62.7269026106224,0,C,99,9
171.397463974428,43.8472958072942,9.56181028392166,34.2854855233726,0,I,100,9
10.4896771483344,20.0091892917299,9.59526069927961,0.89441644905477,1,C,101,9
68.2151662362532,72,9.74767968524247,58.4674865510107,1,I,102,9
112.978103376184,31.9823124185682,9.84403265174478,22.1382797668234,0,C,103,9
36.5290166829951,72,9.84885008074343,26.6801666022516,1,I,104,9
468.309765988203,72,9.87021749373525,62.1297825062648,0,C,105,9
44.6879196430845,72,9.9920560978353,34.6958635452492,1,I,106,9
176.041639123075,72,10.0228802952915,61.9771197047085,0,C,107,9
102.634075007138,72,10.0394564308226,61.9605435691774,0,I,108,9
164.051440870407,50.7322676242181,10.4989597667009,40.2333078575172,0,C,109,9
228.182633085765,23.1598610083999,10.852165510878,12.307695497522,0,I,110,9
205.496255234081,72,10.8914290275425,61.1085709724575,0,C,111,9
34.5449625510214,29.7128797861081,10.9326946595684,18.7801851265397,0,I,112,9
44.2169940835763,72,10.9841311583295,33.2328629252467,1,C,113,9
105.262369624706,72,11.029720553197,60.970279446803,0,I,114,9
79.2935216974648,72,11.1293576750904,60.8706423249096,0,C,115,9
75.952479124548,72,11.25674769748,60.74325230252,0,I,116,9
27.5818726780412,34.5036596840966,11.3354283291847,16.2464443488566,1,C,117,9
197.655117292988,72,11.3770967395976,60.6229032604024,0,I,118,9
98.2627177135079,72,11.6588567337021,60.3411432662979,0,C,119,9
26.1173430293097,72,11.6750815836713,14.4422614456384,1,I,120,9
102.018931834239,57.6394080989717,11.7132734879851,45.9261346109866,0,C,121,9
52.9692674014486,43.7604467941518,11.7668127827346,31.9936340114172,0,I,122,9
167.005189681255,72,11.7901184549555,60.2098815450445,0,C,123,9
37.0759419254521,72,11.8147581489757,25.2611837764764,1,I,124,9
204.661945738932,72,11.8539837375283,60.1460162624717,0,C,125,9
132.772122159194,72,11.9178164983168,60.0821835016832,0,I,126,9
163.682238357833,58.4044398157984,11.9829710572958,46.4214687585026,0,C,127,9
77.6613114966029,72,12.2545706760138,59.7454293239862,0,I,128,9
203.668158536521,72,12.3105803690851,59.6894196309149,0,C,129,9
154.134214344665,72,12.3400167329237,59.6599832670763,0,I,130,9
238.540414355731,72,12.5639175111428,59.4360824888572,0,C,131,9
42.9157023815694,72,12.6958586415276,30.2198437400418,1,I,132,9
102.714018214249,72,12.7716162800789,59.2283837199211,0,C,133,9
142.874068160672,72,12.8350809076801,59.1649190923199,0,I,134,9
67.3455207324988,72,12.8666366357356,54.4788840967632,1,C,135,9
51.8032726020689,72,12.8752133063972,38.9280592956717,1,I,136,9
258.900568412751,72,12.9609082220122,59.0390917779878,0,C,137,9
19.0452506651165,72,13.1484496453777,5.89680101973876,1,I,138,9
65.546866590966,72,13.3874652720988,52.1594013188672,1,C,139,9
45.2589479228063,72,13.4759702067822,31.7829777160241,1,I,140,9
81.2993140390656,22.1420893252495,13.4832453075796,8.65884401766987,0,C,141,9
98.0571821836965,36.6516313208661,13.5040655499324,23.1475657709337,0,I,142,9
13.8715450447363,72,13.5810721758753,0.290472868860958,1,C,143,9
49.3493473103345,72,13.6042819032446,35.74506540709,1,I,144,9
40.3625750357473,72,13.6051040422171,26.7574709935302,1,C,145,9
40.2834867863733,57.7395308606816,13.7864524964243,26.497034289949,1,I,146,9
374.254554155969,29.331235938295,13.8940203655511,15.4372155727439,0,C,147,9
256.571148207553,72,14.0592371206731,57.9407628793269,0,I,148,9
118.027922387118,72,14.1805275483057,57.8194724516943,0,C,149,9
167.032979592301,72,14.3631273787469,57.6368726212531,0,I,150,9
126.032853589089,72,14.4685279671103,57.5314720328897,0,C,151,9
38.4646629550093,36.3483448895288,14.5618692180142,21.7864756715146,0,I,152,9
18.6236824646299,72,14.8223146051168,3.80136785951304,1,C,153,9
369.719260796263,72,14.8661347618327,57.1338652381674,0,I,154,9
163.290943442736,72,14.9250720301643,57.0749279698357,0,C,155,9
119.918445350157,17.9445044249136,14.9656323809177,2.97887204399589,0,I,156,9
18.4717583864546,72,15.0675248214975,3.40423356495709,1,C,157,9
168.055250908835,72,15.0844310084358,56.9155689915642,0,I,158,9
197.205674641017,72,15.3453404316679,56.6546595683321,0,C,159,9
67.7833347221799,72,15.6609871890396,52.1223475331404,1,I,160,9
160.229761734806,72,15.6974459951743,56.3025540048257,0,C,161,9
94.5090168947635,72,15.7242980785668,56.2757019214332,0,I,162,9
78.1500812091682,72,15.7357974769548,56.2642025230452,0,C,163,9
372.169745803712,72,15.7809724705294,56.2190275294706,0,I,164,9
265.793016874866,72,15.8410145156086,56.1589854843915,0,C,165,9
203.160134536352,72,15.8478153822944,56.1521846177056,0,I,166,9
477.3336074081,72,15.8639710117131,56.1360289882869,0,C,167,9
135.994156757426,72,15.9201782941818,56.0798217058182,0,I,168,9
170.775611477471,72,15.9790032869205,56.0209967130795,0,C,169,9
54.6943778064891,37.2767380228239,16.0303760971874,21.2463619256365,0,I,170,9
33.3834203631144,72,16.3807714730501,17.0026488900643,1,C,171,9
17.279838331818,72,16.4553206646815,0.824517667136532,1,I,172,9
58.5671976614121,72,16.5044451132417,42.0627525481704,1,C,173,9
82.2657099169622,72,16.6518901241943,55.3481098758057,0,I,174,9
57.8942203201948,72,16.762397303246,41.1318230169488,1,C,175,9
147.565712658514,72,16.7887671897188,55.2112328102812,0,I,176,9
166.479954455845,72,16.9019113155082,55.0980886844918,0,C,177,9
116.044492536854,40.0401024333632,16.9050257373601,23.1350766960031,0,I,178,9
45.1609832400362,72,16.9458972802386,28.2150859597977,1,C,179,9
34.2826218140114,72,17.1373389288783,17.1452828851331,1,I,180,9
83.6026242091299,40.8394525840213,17.1541604306549,23.6852921533664,0,C,181,9
36.9082789231571,27.9948072841597,17.3026160337031,10.6921912504566,0,I,182,9
73.5510600930958,72,17.4185413308442,54.5814586691558,0,C,183,9
24.4752469742671,72,17.4241642188281,7.05108275543906,1,I,184,9
87.1124336516456,43.0385726460886,17.4394158879295,25.5991567581591,0,C,185,9
25.0929876120526,72,17.4631581036374,7.6298295084152,1,I,186,9
59.109376264979,72,17.613694681786,41.495681583193,1,C,187,9
83.3118216657677,19.0684794734655,17.6347768167034,1.4337026567621,0,I,188,9
249.6792989293,72,17.8283898951486,54.1716101048514,0,C,189,9
20.6731692926815,72,17.9074720200151,2.76569727266642,1,I,190,9
146.919879782009,63.7234515394142,17.9091967782006,45.8142547612136,0,C,191,9
77.8036685627913,72,17.9566610930488,54.0433389069513,0,I,192,9
322.534680392805,34.2959685047451,17.9728678381071,16.323100666638,0,C,193,9
108.918713853696,72,18.019242757,53.980757243,0,I,194,9
410.124973306774,72,18.0475262738764,53.9524737261236,0,C,195,9
56.5179219094706,72,18.3505871566013,38.1673347528694,1,I,196,9
68.6303136453319,72,18.5155631275848,50.1147505177471,1,C,197,9
138.673020243853,54.200751153922,18.6580010689795,35.5427500849425,0,I,198,9
49.88903993715,72,18.6623033042997,31.2267366328503,1,C,199,9
188.017434339133,72,18.7336189253256,53.2663810746744,0,I,200,9
81.1199817104793,72,18.8907797494903,53.1092202505097,0,C,201,9
125.036103729338,72,19.0458291582763,52.9541708417237,0,I,202,9
24.6645671212173,72,19.115740545094,5.54882657612325,1,C,203,9
61.4555923241018,72,19.1198694705963,42.3357228535054,1,I,204,9
112.77662070857,72,19.1400663508102,52.8599336491898,0,C,205,9
23.0404122161143,72,19.1624287655577,3.87798345055663,1,I,206,9
131.653667441013,72,19.3129944708198,52.6870055291802,0,C,207,9
448.608562320772,72,19.5150644006208,52.4849355993792,0,I,208,9
73.2166276097691,72,19.5152824278921,52.4847175721079,0,C,209,9
154.919180583907,72,19.5891359634697,52.4108640365303,0,I,210,9
115.53084440075,72,19.7433144645765,52.2566855354235,0,C,211,9
142.418118429701,72,19.7997849946842,52.2002150053158,0,I,212,9
22.6444276125533,72,19.8482719715685,2.7961556409848,1,C,213,9
35.8306111374092,72,19.9060332449153,15.9245778924939,1,I,214,9
44.575516653201,72,19.9628571700305,24.6126594831705,1,C,215,9
407.86458973613,72,20.1404819637537,51.8595180362463,0,I,216,9
47.8667248727146,72,20.4374373145401,27.4292875581745,1,C,217,9
185.107580023786,72,20.4597302433103,51.5402697566897,0,I,218,9
392.588734766167,72,20.5213702423498,51.4786297576502,0,C,219,9
90.0828808030729,55.6553338864887,20.5518710939214,35.1034627925673,0,I,220,9
158.200599836529,72,20.6116616958752,51.3883383041248,0,C,221,9
97.1317257617083,28.5416603146507,20.7954703224823,7.74618999216839,0,I,222,9
137.253566055139,72,20.8048539049923,51.1951460950077,0,C,223,9
64.480505512984,72,20.8061386132613,43.6743668997227,1,I,224,9
105.327407633414,72,20.8521645795554,51.1478354204446,0,C,225,9
208.005862261076,72,20.8530160272494,51.1469839727506,0,I,226,9
23.7809855654329,72,20.8873272500932,2.89365831533967,1,C,227,9
159.310832541608,72,20.8968125749379,51.1031874250621,0,I,228,9
307.389994546888,72,21.0617717821151,50.9382282178849,0,C,229,9
49.0449563576925,72,21.1015501851216,27.9434061725709,1,I,230,9
168.009637004159,72,21.1990947369486,50.8009052630514,0,C,231,9
216.886838111035,72,21.4280430413783,50.5719569586217,0,I,232,9
109.591015109243,72,21.612493917346,50.387506082654,0,C,233,9
68.2555028012553,72,21.6947529232129,46.5607498780424,1,I,234,9
253.913916367621,72,21.7219136143103,50.2780863856897,0,C,235,9
42.5615646300658,42.3307959378961,21.8092318531126,20.5215640847835,0,I,236,9
167.320375724217,72,21.8204071512446,50.1795928487554,0,C,237,9
108.59032130378,72,21.8253175634891,50.1746824365109,0,I,238,9
78.3440217294192,72,21.8460726924241,50.1539273075759,0,C,239,9
82.1391714479654,37.3306006303491,21.894362680614,15.4362379497351,0,I,240,9
83.5768338823086,72,21.9059921940789,50.0940078059211,0,C,241,9
447.623604516871,72,21.9517137575895,50.0482862424105,0,I,242,9
287.235132802367,72,22.3759820032865,49.6240179967135,0,C,243,9
190.095223950436,72,22.4307153420523,49.5692846579477,0,I,244,9
85.5613787675662,72,22.556163542904,49.443836457096,0,C,245,9
22.9617030418788,72,22.8278460167348,0.133857025144002,1,I,246,9
150.361938931019,72,22.8552875574678,49.1447124425322,0,C,247,9
71.8123640452372,72,22.8749347524717,48.9374292927654,1,I,248,9
143.459857697394,72,22.9255113797262,49.0744886202738,0,C,249,9
91.214370387527,72,22.9406079137698,49.0593920862302,0,I,250,9
158.406774763253,72,23.0240276176482,48.9759723823518,0,C,251,9
59.5141432503216,72,23.2073937775567,36.3067494727649,1,I,252,9
26.1008584993312,29.1120411095202,23.2763936044648,2.82446489486632,1,C,253,9
114.040134882395,72,23.5195766296238,48.4804233703762,0,I,254,9
109.64656221242,72,23.5978420218453,48.4021579781547,0,C,255,9
627.372021633282,42.6308888448524,23.6200634529814,19.010825391871,0,I,256,9
31.0418213451114,72,23.9802002487704,7.06162109634099,1,C,257,9
96.062608941998,56.8318670119606,24.1026963293552,32.7291706826054,0,I,258,9
529.846523731079,72,24.1047106264159,47.8952893735841,0,C,259,9
159.689874575247,72,24.2749668750912,47.7250331249088,0,I,260,9
40.0944327826843,72,24.3221981590614,15.7722346236229,1,C,261,9
86.3369393083554,72,24.3655034294352,47.6344965705648,0,I,262,9
76.9402867202411,36.2184222429647,24.3825552798808,11.8358669630839,0,C,263,9
358.561443096911,72,24.3900222424418,47.6099777575582,0,I,264,9
369.83961138512,72,24.7358480701223,47.2641519298777,0,C,265,9
62.1426613182592,72,24.7388317063451,37.4038296119141,1,I,266,9
52.2464325738405,50.3324040354105,24.7793798334897,25.5530242019208,0,C,267,9
86.1667099295391,72,24.9486243026331,47.0513756973669,0,I,268,9
105.76041687759,72,25.0212523480877,46.9787476519123,0,C,269,9
86.7707154927189,72,25.0355256954208,46.9644743045792,0,I,270,9
86.0118376546856,72,25.0834624702111,46.9165375297889,0,C,271,9
153.684627212038,72,25.1776430010796,46.8223569989204,0,I,272,9
432.436901739364,72,25.2857288299128,46.7142711700872,0,C,273,9
86.0229266957773,72,25.3077299986035,46.6922700013965,0,I,274,9
28.0231394672447,72,25.4652469139546,2.55789255329009,1,C,275,9
147.293566432112,72,25.646206503734,46.353793496266,0,I,276,9
292.937022004677,72,25.6789473351091,46.3210526648909,0,C,277,9
58.0142767970169,72,25.7179691875353,32.2963076094816,1,I,278,9
61.6672977957536,72,25.7777759246528,35.8895218711008,1,C,279,9
31.3759271927696,72,25.9254835546017,5.45044363816796,1,I,280,9
151.796920401822,72,25.9910335019231,46.0089664980769,0,C,281,9
172.390241663042,72,26.0175999859348,45.9824000140652,0,I,282,9
274.189481937017,72,26.0784273874015,45.9215726125985,0,C,283,9
124.418213038862,72,26.3519261078909,45.6480738921091,0,I,284,9
26.5419794072738,72,26.5319193759933,0.0100600312805316,1,C,285,9
126.001762641262,72,26.5526398457587,45.4473601542413,0,I,286,9
374.38542967679,72,26.6128071444109,45.3871928555891,0,C,287,9
71.7470806082763,72,26.6415900550783,45.105490553198,1,I,288,9
83.3325385207252,72,26.6943546803668,45.3056453196332,0,C,289,9
101.977832604917,72,26.7373271193355,45.2626728806645,0,I,290,9
60.4256931515883,72,26.8861203314737,33.5395728201146,1,C,291,9
162.019549107504,72,26.9107088400051,45.0892911599949,0,I,292,9
53.9385613636381,72,27.0289292000234,26.9096321636147,1,C,293,9
129.605448545794,72,27.0561784878373,44.9438215121627,0,I,294,9
153.134096962338,72,27.2795700235292,44.7204299764708,0,C,295,9
40.8869462705618,72,27.3624585103244,13.5244877602374,1,I,296,9
201.345922690976,72,27.3947240877897,44.6052759122103,0,C,297,9
66.2793513541542,72,27.4022498074919,38.8771015466623,1,I,298,9
235.231498256546,72,27.4290398787707,44.5709601212293,0,C,299,9
68.5123225012765,72,27.526498711668,40.9858237896086,1,I,300,9
64.4470055054935,72,27.7212845860049,36.7257209194886,1,C,301,9
48.5731347378367,72,27.7947265282273,20.7784082096093,1,I,302,9
32.2811916751336,72,27.8003445267677,4.4808471483659,1,C,303,9
114.500166499147,72,27.8238418791443,44.1761581208557,0,I,304,9
185.810095308061,72,27.8983538411558,44.1016461588442,0,C,305,9
255.998217579604,53.3210779463091,27.8986519295722,25.4224260167369,0,I,306,9
86.0211540049605,72,27.9437850834802,44.0562149165198,0,C,307,9
125.025829897412,72,28.0544986668974,43.9455013331026,0,I,308,9
45.4424800614187,72,28.1868227245286,17.2556573368901,1,C,309,9
55.1341372639135,72,28.2737222732976,26.8604149906159,1,I,310,9
82.844688250915,72,28.322263341397,43.677736658603,0,C,311,9
149.490172731724,72,28.3560056984425,43.6439943015575,0,I,312,9
152.368375413409,72,28.360442603007,43.639557396993,0,C,313,9
47.2114770848494,72,28.3942472375929,18.8172298472565,1,I,314,9
64.9232654009119,72,28.4275601897389,36.4957052111731,1,C,315,9
202.478377748305,72,28.5754311550409,43.4245688449591,0,I,316,9
46.6311547217043,72,28.6423623422161,17.9887923794882,1,C,317,9
60.9157781033024,67.3325163474716,28.7139928154647,32.2017852878376,1,I,318,9
319.179778432617,72,28.7272132840008,43.2727867159992,0,C,319,9
274.846081590313,30.0232574617547,28.8720939354971,1.15116352625758,0,I,320,9
59.9750095600546,72,28.9602629933506,31.014746566704,1,C,321,9
213.720799262657,69.0489939142151,29.1643672529608,39.8846266612543,0,I,322,9
43.0491398526698,72,29.1973423445597,13.85179750811,1,C,323,9
52.6594737168376,72,29.5745413284749,23.0849323883627,1,I,324,9
184.319624869727,72,29.676132244058,42.3238677559421,0,C,325,9
75.5710111258113,38.5476396569529,29.8694515787065,8.67818807824644,0,I,326,9
104.259801715681,34.0319658046383,30.0589266372845,3.97303916735385,0,C,327,9
80.5186849825153,72,30.149695747532,41.8503042524681,0,I,328,9
255.44262965497,72,30.1761129917577,41.8238870082423,0,C,329,9
214.318787395482,72,30.2650750754401,41.7349249245599,0,I,330,9
166.097378556182,72,30.3098304849118,41.6901695150882,0,C,331,9
84.269865587935,72,30.3772707469761,41.6227292530239,0,I,332,9
334.220810777579,72,30.5889989901334,41.4110010098666,0,C,333,9
229.31487340445,72,30.8064481755719,41.1935518244281,0,I,334,9
75.3364738832204,72,31.0915823746473,40.9084176253527,0,C,335,9
67.1489411040751,72,31.0996834980324,36.0492576060428,1,I,336,9
37.1458357989939,72,31.413622610271,5.73221318872297,1,C,337,9
307.665243390711,63.9747930252173,31.8436374608427,32.1311555643745,0,I,338,9
36.3708759757033,32.9687451123595,31.8451363407075,1.12360877165197,0,C,339,9
280.861966454786,72,31.9985584588721,40.0014415411279,0,I,340,9
55.7072112227229,72,32.3414319986478,23.3657792240751,1,C,341,9
51.3314772530453,72,32.5802580965683,18.751219156477,1,I,342,9
288.360337145818,72,32.7086373791099,39.2913626208901,0,C,343,9
181.433193137994,72,32.8623571665958,39.1376428334042,0,I,344,9
37.3742238711905,72,33.1355375004932,4.23868637069729,1,C,345,9
75.9736247044945,72,33.1462397100404,38.8537602899596,0,I,346,9
76.0505947423314,69.5042169253187,33.3850345993415,36.1191823259772,0,C,347,9
172.91852884772,72,33.4166199993342,38.5833800006658,0,I,348,9
49.1487570746215,72,33.537420895882,15.6113361787395,1,C,349,9
132.450875642876,36.3548882615693,33.6167095508426,2.73817871072666,0,I,350,9
76.2544804788728,72,33.7252843659371,38.2747156340629,0,C,351,9
36.7475609763475,72,33.7537682102993,2.99379276604823,1,I,352,9
100.483832687667,72,33.7569910101593,38.2430089898408,0,C,353,9
77.8828971595027,72,33.8917153934017,38.1082846065983,0,I,354,9
115.153264195109,72,33.91504033003,38.08495966997,0,C,355,9
253.311619360664,72,34.1838372079656,37.8161627920345,0,I,356,9
60.9178837282552,72,34.3667703587562,26.551113369499,1,C,357,9
95.145604242919,72,34.4342445675284,37.5657554324716,0,I,358,9
142.273702627653,72,34.5270191319287,37.4729808680713,0,C,359,9
230.568534733288,72,34.6930267196149,37.3069732803851,0,I,360,9
63.7875869562311,72,34.9204115336761,28.867175422555,1,C,361,9
61.5613094316086,72,35.0376654462889,26.5236439853197,1,I,362,9
112.884634256723,72,35.1033853786066,36.8966146213934,0,C,363,9
128.923548657476,72,35.2041171072051,36.7958828927949,0,I,364,9
302.975858545538,72,35.3020439855754,36.6979560144246,0,C,365,9
98.4375571565564,72,35.4225053871051,36.577494612895,0,I,366,9
78.9702568100127,72,35.8074698969722,36.1925301030278,0,C,367,9
40.024710299326,72,35.8399252267554,4.18478507257061,1,I,368,9
198.428214726747,72,35.970925251022,36.029074748978,0,C,369,9
214.505298535242,72,36.0116669721901,35.9883330278099,0,I,370,9
74.7427908006015,72,36.0738576203585,35.9261423796415,0,C,371,9
130.582153893029,72,36.1857843166217,35.8142156833783,0,I,372,9
272.183757249066,72,36.2894796906039,35.7105203093961,0,C,373,9
164.809259095712,72,36.6638571722433,35.3361428277567,0,I,374,9
111.901478353783,72,36.6955433646217,35.3044566353783,0,C,375,9
51.9397133376345,72,36.7948889220133,15.1448244156211,1,I,376,9
134.490869878052,72,36.8650915240869,35.1349084759131,0,C,377,9
40.7145376004006,72,36.8938259175047,3.82071168289582,1,I,378,9
38.6767079957505,39.5703257949866,36.9843741226941,1.69233387305635,1,C,379,9
423.227379879092,72,37.1781065873802,34.8218934126198,0,I,380,9
58.1580982246046,72,37.3538762284443,20.8042219961604,1,C,381,9
125.470631627185,72,37.4252878921106,34.5747121078894,0,I,382,9
423.476556707473,72,37.6085132500157,34.3914867499843,0,C,383,9
286.643391051525,72,37.6634865207598,34.3365134792402,0,I,384,9
308.357932043009,72,37.8577132243663,34.1422867756337,0,C,385,9
217.389945110756,72,38.2886174228042,33.7113825771958,0,I,386,9
51.160463959411,72,38.3517082454637,12.8087557139473,1,C,387,9
511.618628741714,72,38.3522842917591,33.6477157082409,0,I,388,9
162.116345729156,72,38.3641925593838,33.6358074406162,0,C,389,9
111.796116744731,72,38.446284472011,33.553715527989,0,I,390,9
280.02439095691,72,38.7608234910294,33.2391765089706,0,C,391,9
81.6348632738319,72,38.9535110956058,33.0464889043942,0,I,392,9
57.1023691478299,72,39.1460218001157,17.9563473477142,1,C,393,9
72.1354885664876,72,39.3573339097202,32.6426660902798,0,I,394,9
79.0556705328186,72,39.3775487411767,32.6224512588233,0,C,395,9
224.100122890117,72,39.4534966908395,32.5465033091605,0,I,396,9
109.484153895607,72,39.5363122830167,32.4636877169833,0,C,397,9
205.405080824404,47.9666196095903,39.6774573856965,8.28916222389388,0,I,398,9
131.834707691306,72,39.6850130427629,32.3149869572371,0,C,399,9
101.054236935242,72,39.900219803676,32.099780196324,0,I,400,9
92.6640764776941,72,39.9531525420025,32.0468474579975,0,C,401,9
43.8901176370065,72,40.050638797693,3.83947883931355,1,I,402,9
41.8128770655984,72,40.1738988049328,1.6389782606656,1,C,403,9
188.996161238571,72,40.2638499531895,31.7361500468105,0,I,404,9
441.22548563253,72,40.3468276793137,31.6531723206863,0,C,405,9
129.773962144986,61.7132437428735,40.4306502593681,21.2825934835054,0,I,406,9
115.878166729561,72,40.4499956499785,31.5500043500215,0,C,407,9
67.6371444423123,72,40.480989147909,27.1561552944033,1,I,408,9
167.814860888662,72,40.6810684455559,31.3189315544441,0,C,409,9
197.368211578435,72,40.7676960714161,31.2323039285839,0,I,410,9
45.6231588022585,72,40.8543715858832,4.76878721637531,1,C,411,9
60.9292144452092,72,40.8545360388234,20.0746784063858,1,I,412,9
86.6176186997833,72,40.8661418454722,31.1338581545278,0,C,413,9
218.646086020248,42.1616366358067,41.2218259088695,0.939810726937154,0,I,414,9
123.30615742197,72,41.3071902142838,30.6928097857162,0,C,415,9
68.3916167598137,72,41.3402742426842,27.0513425171294,1,I,416,9
472.853683580115,72,41.3956068595871,30.6043931404129,0,C,417,9
165.912360838424,72,41.5079512959346,30.4920487040654,0,I,418,9
44.2127042718181,72,41.6101357759908,2.60256849582733,1,C,419,9
390.891675694363,72,41.6768082417548,30.3231917582452,0,I,420,9
71.9041174100852,72,41.8600275926292,30.044089817456,1,C,421,9
64.1415110554045,72,41.8642420135438,22.2772690418606,1,I,422,9
93.9256771713413,72,41.8960617436096,30.1039382563904,0,C,423,9
75.1138446794339,72,41.903610653244,30.096389346756,0,I,424,9
78.3941043013917,72,42.1203620312735,29.8796379687265,0,C,425,9
141.717173772041,60.4137613903213,42.6453412603587,17.7684201299626,0,I,426,9
108.794789550464,72,42.8001645812765,29.1998354187235,0,C,427,9
70.7380149564774,72,42.9505059868097,27.7875089696677,1,I,428,9
180.726522677221,72,43.002166422084,28.997833577916,0,C,429,9
61.0609255064334,72,43.0621624505147,17.9987630559187,1,I,430,9
119.270651796705,58.0576058953345,43.1405499391258,14.9170559562087,0,C,431,9
52.0097803213671,72,43.2767575839534,8.73302273741366,1,I,432,9
107.446739503521,72,43.3840399794281,28.615960020572,0,C,433,9
117.985299808359,72,43.5636227577925,28.4363772422075,0,I,434,9
119.136343043685,51.0476714721297,43.5988361109048,7.44883536122489,0,C,435,9
50.4688186162489,72,43.8016845379025,6.66713407834637,1,I,436,9
117.182595240151,72,43.8642881624401,28.1357118375599,0,C,437,9
91.2939625951896,72,44.2939149728045,27.7060850271955,0,I,438,9
289.409168467011,72,44.5918109128252,27.4081890871748,0,C,439,9
138.666550724693,72,44.6139772469178,27.3860227530822,0,I,440,9
140.593702647919,72,44.6926060505211,27.3073939494789,0,C,441,9
199.208245199193,72,44.8561626859009,27.1438373140991,0,I,442,9
236.287503374567,72,44.9326511286199,27.0673488713801,0,C,443,9
201.433568365934,72,45.0759633863345,26.9240366136655,0,I,444,9
270.648792915333,72,45.0890595372766,26.9109404627234,0,C,445,9
354.036302676611,72,45.2074298914522,26.7925701085478,0,I,446,9
48.821424955526,72,45.3000732231885,3.52135173233752,1,C,447,9
55.0506402796707,72,45.527514712885,9.52312556678571,1,I,448,9
271.148050303542,72,45.5445790383965,26.4554209616035,0,C,449,9
64.7948380536593,72,45.6058863876388,19.1889516660205,1,I,450,9
169.200307889037,72,45.779552673921,26.220447326079,0,C,451,9
77.8690950016873,72,45.7945147482678,26.2054852517322,0,I,452,9
54.1366515862617,72,45.798312490806,8.33833909545566,1,C,453,9
191.03261419399,72,45.8516043238342,26.1483956761658,0,I,454,9
60.2400978376785,72,46.433794205077,13.8063036326015,1,C,455,9
419.436158170213,72,46.6217942442745,25.3782057557255,0,I,456,9
95.7029187598302,72,46.6320586111397,25.3679413888603,0,C,457,9
114.856164890566,72,46.7127827508375,25.2872172491625,0,I,458,9
50.222785868456,72,46.7788080498576,3.44397781859836,1,C,459,9
106.532804217041,72,46.8481996748596,25.1518003251404,0,I,460,9
104.122473734313,72,46.9609033176675,25.0390966823325,0,C,461,9
68.6478018932128,72,47.0305416639894,21.6172602292234,1,I,462,9
355.380728721911,72,47.0599254732952,24.9400745267049,0,C,463,9
334.47951167519,72,47.077040662989,24.922959337011,0,I,464,9
98.7484858466119,72,47.4026875616983,24.5973124383017,0,C,465,9
82.7848585420102,72,47.4535900773481,24.546409922652,0,I,466,9
63.1402672567205,72,47.5817280868068,15.5585391699136,1,C,467,9
66.6668318428946,51.0712292461835,47.6007480081171,3.47048123806638,0,I,468,9
112.331000352353,72,47.6077751861885,24.3922248138115,0,C,469,9
137.448516885439,72,47.750377189368,24.249622810632,0,I,470,9
103.016583458208,72,47.7897060569376,24.2102939430624,0,C,471,9
476.321172128991,72,47.8421617671847,24.1578382328153,0,I,472,9
166.766984182841,72,48.3138349978253,23.6861650021747,0,C,473,9
244.314007987221,72,48.3690283354372,23.6309716645628,0,I,474,9
342.265481078994,50.4789215856663,48.7240027170628,1.75491886860344,0,C,475,9
52.5966238380997,72,48.78614671994,3.81047711815972,1,I,476,9
348.088723122431,72,48.7932167993859,23.2067832006142,0,C,477,9
95.5115982150449,72,48.8559072185308,23.1440927814692,0,I,478,9
65.7190174208657,72,49.0892863227055,16.6297310981602,1,C,479,9
183.294037436729,72,49.1288242768496,22.8711757231504,0,I,480,9
122.118799757228,72,49.1451308783144,22.8548691216856,0,C,481,9
516.987485633099,72,49.2465966939926,22.7534033060074,0,I,482,9
383.603694370192,72,49.3605171376839,22.6394828623161,0,C,483,9
82.9639662499761,58.3711667050333,49.3686103960499,9.00255630898333,0,I,484,9
116.562282376522,72,49.532800829038,22.467199170962,0,C,485,9
66.5924935582878,72,49.5465430431068,17.045950515181,1,I,486,9
57.567197074426,72,49.5566224772483,8.01057459717764,1,C,487,9
412.810072673348,72,49.5923805143684,22.4076194856316,0,I,488,9
550.836330223964,72,49.8838388314471,22.1161611685529,0,C,489,9
139.961172782793,72,49.9267294071615,22.0732705928385,0,I,490,9
64.6566886315271,72,50.0023760274053,14.6543126041218,1,C,491,9
274.433527956702,60.9750610941588,50.1310486346483,10.8440124595105,0,I,492,9
301.030839633189,72,50.1879710610956,21.8120289389044,0,C,493,9
272.784156899326,61.0305592555116,50.2175182895735,10.8130409659381,0,I,494,9
57.3707175165566,72,50.3350178478286,7.03569966872806,1,C,495,9
153.337521212226,72,50.374306300655,21.625693699345,0,I,496,9
293.998292360774,72,50.5611939216033,21.4388060783967,0,C,497,9
217.802938410916,72,50.7168108830228,21.2831891169772,0,I,498,9
230.746362065125,72,51.2162077613175,20.7837922386825,0,C,499,9
108.848320244579,72,51.3025172520429,20.6974827479571,0,I,500,9
56.3496384532031,72,51.3335221912712,5.01611626193191,1,C,501,9
257.562352142698,72,51.391647127457,20.608352872543,0,I,502,9
119.032839076161,72,51.4717700751498,20.5282299248502,0,C,503,9
281.775492012686,72,51.515012299642,20.484987700358,0,I,504,9
103.042089876555,72,51.6382417827845,20.3617582172155,0,C,505,9
139.298439795941,72,51.7039077635855,20.2960922364146,0,I,506,9
144.34213725911,72,52.1193784335628,19.8806215664372,0,C,507,9
120.465453235205,72,52.1241269772872,19.8758730227128,0,I,508,9
215.38723061893,72,52.2783554764465,19.7216445235536,0,C,509,9
87.2596523852987,72,52.2926299134269,19.7073700865731,0,I,510,9
184.091519550909,72,52.3312023142353,19.6687976857647,0,C,511,9
61.05210634458,72,52.3590276623145,8.6930786822655,1,I,512,9
65.0841695688537,72,52.3632994573563,12.7208701114974,1,C,513,9
174.959652610682,61.9816196187338,52.4798450013623,9.50177461737151,0,I,514,9
64.0326959643687,72,52.5153563870117,11.517339577357,1,C,515,9
71.772098948434,72,52.6907095732167,19.0813893752173,1,I,516,9
505.188815417412,72,52.9519843356684,19.0480156643316,0,C,517,9
143.85449645055,72,53.0828142771497,18.9171857228503,0,I,518,9
149.111904518892,72,53.1044441275299,18.8955558724701,0,C,519,9
234.592981560922,72,53.1818790268153,18.8181209731847,0,I,520,9
583.902267150094,72,53.2706164615229,18.7293835384771,0,C,521,9
200.692079238904,72,53.562423074618,18.437576925382,0,I,522,9
60.7676056077902,72,53.6852403497323,7.08236525805783,1,C,523,9
355.846605425974,72,53.6858119117096,18.3141880882904,0,I,524,9
625.054739099573,72,53.7799857649952,18.2200142350048,0,C,525,9
308.687653417818,57.577961667074,53.8509774953127,3.7269841717613,0,I,526,9
87.1146604398411,72,53.8642659410834,18.1357340589166,0,C,527,9
87.2140853599672,72,53.8893118361011,18.1106881638989,0,I,528,9
77.87968236383,72,54.0268103359267,17.9731896640733,0,C,529,9
118.406473118853,72,54.094723155722,17.905276844278,0,I,530,9
225.237329067733,72,54.5619065081701,17.4380934918299,0,C,531,9
129.211083623089,72,54.6421658433974,17.3578341566026,0,I,532,9
294.322567010722,72,54.7586762951687,17.2413237048313,0,C,533,9
114.153918991484,72,54.7636143676937,17.2363856323063,0,I,534,9
255.921649594178,72,54.7773328889161,17.2226671110839,0,C,535,9
63.0734660680666,72,54.8315516905859,8.24191437748071,1,I,536,9
73.7849063454504,72,54.8480644030497,17.1519355969504,0,C,537,9
75.3692048326346,72,54.9677594611421,17.0322405388579,0,I,538,9
99.7785533378213,72,55.0046047987416,16.9953952012584,0,C,539,9
184.824602236718,72,55.0351360347122,16.9648639652878,0,I,540,9
99.1218766718702,72,55.1748893642798,16.8251106357202,0,C,541,9
110.774992883302,72,55.1810839818791,16.8189160181209,0,I,542,9
258.913888442583,72,55.439876918681,16.560123081319,0,C,543,9
144.902654575427,72,55.8969602314755,16.1030397685245,0,I,544,9
84.0232309546237,72,55.9280719701201,16.0719280298799,0,C,545,9
387.953962045156,72,56.044295411557,15.955704588443,0,I,546,9
111.338372537694,72,56.0535377031192,15.9464622968808,0,C,547,9
196.057563850664,72,56.1104887537658,15.8895112462342,0,I,548,9
82.2794532284619,72,56.1676354100928,15.8323645899072,0,C,549,9
188.832980904699,72,56.2492680922151,15.7507319077849,0,I,550,9
109.140687934375,72,56.3654567766935,15.6345432233065,0,C,551,9
451.26120778767,72,56.5896800067276,15.4103199932724,0,I,552,9
77.0954476688623,72,56.7165389936417,15.2834610063583,0,C,553,9
59.9171546733758,72,56.7287637619302,3.18839091144559,1,I,554,9
133.078028544904,72,56.9373916788027,15.0626083211973,0,C,555,9
92.4518646203421,72,57.0788141107187,14.9211858892813,0,I,556,9
97.6342274639295,72,57.2444641124457,14.7555358875543,0,C,557,9
72.8772141050379,72,57.3516340227798,14.6483659772202,0,I,558,9
147.95179258052,72,57.4414151860401,14.5585848139599,0,C,559,9
151.134438521313,72,57.6844826946035,14.3155173053965,0,I,560,9
78.1352132575419,72,57.6987588498741,14.3012411501259,0,C,561,9
70.4526897062944,72,57.8369496809319,12.6157400253625,1,I,562,9
121.347956741125,72,57.9472403973341,14.0527596026659,0,C,563,9
295.974262761211,72,57.9551911354065,14.0448088645935,0,I,564,9
81.2056689806648,72,58.0882520182058,13.9117479817942,0,C,565,9
123.922514524656,72,58.1299327500165,13.8700672499835,0,I,566,9
127.250139338932,59.9047475333191,58.1417254870758,1.76302204624336,0,C,567,9
101.325389464823,72,58.1975354254246,13.8024645745754,0,I,568,9
184.688937266544,72,58.2874159282073,13.7125840717927,0,C,569,9
105.116361142239,72,58.2887228066102,13.7112771933898,0,I,570,9
689.257800512584,72,58.7112451158464,13.2887548841536,0,C,571,9
110.490624203226,72,58.8101561414078,13.1898438585922,0,I,572,9
139.03577728432,72,58.8500799285248,13.1499200714752,0,C,573,9
83.1445536040711,72,58.9585492713377,13.0414507286623,0,I,574,9
88.3263162910323,72,59.267284758389,12.732715241611,0,C,575,9
122.203238271853,72,59.29094013758,12.70905986242,0,I,576,9
109.075039548899,72,59.3708544457331,12.6291455542669,0,C,577,9
75.5970877342574,72,59.4110282091424,12.5889717908576,0,I,578,9
93.5598606061734,72,59.5981932990253,12.4018067009747,0,C,579,9
60.6047399755927,72,59.60214628838,1.00259368721262,1,I,580,9
66.4015888459603,72,59.8886418202892,6.51294702567112,1,C,581,9
73.5672286202385,71.2481775387204,59.9226821679622,11.3254953707582,0,I,582,9
136.844466274487,72,59.9280964862555,12.0719035137445,0,C,583,9
67.7460351437204,72,59.9532384239137,7.79279671980668,1,I,584,9
64.6597555403266,72,0.00595305114984512,64.6538024891768,1,C,1,10
185.669644650664,72,0.0394316157326102,71.9605683842674,0,I,2,10
285.561681422272,36.9475945898746,0.0764453737065196,36.8711492161681,0,C,3,10
55.1586022741684,72,0.372967519797385,54.785634754371,1,I,4,10
39.8982107601072,72,0.469272402115166,39.4289383579921,1,C,5,10
399.641815091445,72,0.477677159942687,71.5223228400573,0,I,6,10
5.9734776523809,72,0.53078277502209,5.44269487735881,1,C,7,10
10.608426647163,22.9409438359368,0.532459407113493,10.0759672400495,1,I,8,10
119.950693251332,44.3352581194858,0.537773603573442,43.7974845159124,0,C,9,10
163.821098960601,72,0.576338432729244,71.4236615672708,0,I,10,10
187.392592707108,72,0.742388600483537,71.2576113995165,0,C,11,10
273.06792311719,72,0.77642010524869,71.2235798947513,0,I,12,10
64.7041905445332,72,0.948827429674566,63.7553631148587,1,C,13,10
206.393017310322,48.9358255608959,1.23237553518265,47.7034500257133,0,I,14,10
84.3887525780056,72,1.2332813674584,70.7667186325416,0,C,15,10
57.8141194161384,72,1.30383897107095,56.5102804450675,1,I,16,10
15.3712049588915,72,1.4819203549996,13.8892846038919,1,C,17,10
42.3381497739459,72,1.55399142298847,40.7841583509574,1,I,18,10
74.6588577474548,28.8825070723714,1.65782701224089,27.2246800601305,0,C,19,10
117.477413888596,72,1.68800789862871,70.3119921013713,0,I,20,10
106.963967570008,72,1.68893060646951,70.3110693935305,0,C,21,10
48.3596019337019,72,1.69144129380584,46.668160639896,1,I,22,10
41.5478790856581,72,1.83276761323214,39.715111472426,1,C,23,10
181.468680320504,72,1.88052888493985,70.1194711150602,0,I,24,10
57.0208463488911,72,1.93303639534861,55.0878099535425,1,C,25,10
121.157171132739,72,2.10609840229154,69.8939015977085,0,I,26,10
122.262456175516,48.1235676618029,2.19283253420144,45.9307351276015,0,C,27,10
10.0131664861689,72,2.44311550632119,7.57005097984767,1,I,28,10
169.035589571175,32.9078643064485,2.48484643176198,30.4230178746865,0,C,29,10
42.1365132793702,72,2.56198130082339,39.5745319785468,1,I,30,10
12.963189353805,72,2.83321826253086,10.1299710912741,1,C,31,10
123.471841704376,72,2.91944101452827,69.0805589854717,0,I,32,10
33.5131615012552,13.1743896519986,3.10277929063886,10.0716103613598,0,C,33,10
107.339521393311,58.3296484024589,3.19744320586324,55.1322051965956,0,I,34,10
64.7925099868516,72,3.20772462990135,61.5847853569502,1,C,35,10
276.191194466316,72,3.38746955618262,68.6125304438174,0,I,36,10
153.265631010897,72,3.49030715413392,68.5096928458661,0,C,37,10
176.273082528019,72,3.56346745043993,68.4365325495601,0,I,38,10
94.4052859223602,72,3.59971753321588,68.4002824667841,0,C,39,10
337.456845951236,72,4.01865009684116,67.9813499031589,0,I,40,10
50.6156487179424,27.5660456320321,4.31895910296589,23.2470865290662,0,C,41,10
204.659228763008,72,4.52938697766513,67.4706130223349,0,I,42,10
67.4692715511612,72,4.56869962625206,62.9005719249091,1,C,43,10
180.120058237004,72,4.57362356130034,67.4263764386997,0,I,44,10
29.669461263775,60.2298127251354,4.63827467523515,25.0311865885399,1,C,45,10
162.799137492762,72,4.68414929229766,67.3158507077023,0,I,46,10
17.7161175963905,72,4.82388151343912,12.8922360829513,1,C,47,10
85.4787476872425,72,4.82811839785427,67.1718816021457,0,I,48,10
71.0362559570931,72,4.92326692678034,66.1129890303128,1,C,49,10
6.65672885324027,19.7334973249889,4.9452865915373,1.71144226170298,1,I,50,10
21.0698449201189,72,4.94702157564461,16.1228233444742,1,C,51,10
22.9042971399133,72,5.00998391769826,17.894313222215,1,I,52,10
132.53073171616,72,5.14883059076965,66.8511694092304,0,C,53,10
73.3315702373873,72,5.18154244869947,66.8184575513005,0,I,54,10
41.2058817562453,72,5.36041831132025,35.8454634449251,1,C,55,10
44.8344517171022,72,5.36201513372362,39.4724365833786,1,I,56,10
82.5859958657422,72,5.38429160602391,66.6157083939761,0,C,57,10
212.423339664306,29.6354462884366,5.40246387943626,24.2329824090004,0,I,58,10
6.4594881212259,27.6142349357637,5.48014365602285,0.979344465203058,1,C,59,10
377.489588132353,14.3364058639566,5.50331235397607,8.83309350998055,0,I,60,10
6.75210312308497,72,5.51783449016511,1.23426863291986,1,C,61,10
44.2763425076128,72,5.7278596283868,38.548482879226,1,I,62,10
95.5100295156561,28.2648987784254,6.17429573088884,22.0906030475366,0,C,63,10
71.6798970374759,72,6.28271710127592,65.3971799362,1,I,64,10
44.3547510988048,72,6.69128225650638,37.6634688422984,1,C,65,10
133.39508749608,17.6047647514931,6.73876332119107,10.866001430302,0,I,66,10
55.0394517063218,72,6.80928456131369,48.2301671450081,1,C,67,10
10.3536092180424,72,6.91660026088357,3.43700895715878,1,I,68,10
32.1325749674872,53.7126436449195,6.92663029767573,25.2059446698115,1,C,69,10
245.455458828905,72,7.07133905030787,64.9286609496921,0,I,70,10
67.1817411217133,70.2143629859902,7.1133348159492,60.0684063057641,1,C,71,10
22.4673879627388,58.4084477327802,7.22137031145394,15.2460176512849,1,I,72,10
21.8059608004922,72,7.26227296516299,14.5436878353292,1,C,73,10
13.1425900303807,72,7.30112803168595,5.84146199869474,1,I,74,10
209.192601298187,72,7.32692395336926,64.6730760466307,0,C,75,10
32.914211541697,72,7.3810925334692,25.5331190082278,1,I,76,10
94.9635858356526,72,7.39216016605496,64.607839833945,0,C,77,10
325.958484958934,32.7684343353687,7.50369273126125,25.2647416041074,0,I,78,10
122.077852857312,72,7.52530104015023,64.4746989598498,0,C,79,10
17.0503879783099,20.9930377327506,7.81499915756285,9.23538882074708,1,I,80,10
74.9609359423416,72,7.95995583292097,64.040044167079,0,C,81,10
14.6735380697489,72,8.21753575466573,6.45600231508312,1,I,82,10
420.833358337483,72,8.38226962834597,63.617730371654,0,C,83,10
95.507200262443,72,8.54217260610312,63.4578273938969,0,I,84,10
88.8944062997096,72,8.60818366985768,63.3918163301423,0,C,85,10
63.5142400840483,72,8.68823083117604,54.8260092528722,1,I,86,10
25.204138275105,72,8.69505917653441,16.5090790985706,1,C,87,10
127.849919374667,66.3067039923669,8.81615053396672,57.4905534584002,0,I,88,10
148.981001955049,37.3721088528306,9.23382835462689,28.1382804982037,0,C,89,10
83.464172715125,72,9.44721445441246,62.5527855455875,0,I,90,10
397.565268563704,72,9.63092900812626,62.3690709918737,0,C,91,10
96.7578567493441,47.9107222448313,9.74347396753728,38.167248277294,0,I,92,10
79.3761401682327,72,9.82945189811289,62.1705481018871,0,C,93,10
215.214001884997,72,9.94829001836479,62.0517099816352,0,I,94,10
12.4722846263503,72,9.97203317005187,2.50025145629846,1,C,95,10
102.202628831103,72,9.97986517846584,62.0201348215342,0,I,96,10
97.5978802716405,72,10.0467670708895,61.9532329291105,0,C,97,10
42.5645559121295,72,10.2073260443285,32.357229867801,1,I,98,10
26.4583649783253,54.4530471040977,10.3492617281154,16.1091032502099,1,C,99,10
62.2648996015268,72,10.7863987376913,51.4785008638354,1,I,100,10
69.4602187843121,72,10.8772655250505,58.5829532592616,1,C,101,10
23.1166621316361,41.4030573895283,10.8863449422643,12.2303171893718,1,I,102,10
46.4893736987637,72,10.9306656382978,35.5587080604659,1,C,103,10
56.4151296853947,20.0912203281099,10.9547753026709,9.13644502543904,0,I,104,10
358.069517548399,72,11.0927085299045,60.9072914700955,0,C,105,10
156.68066228761,65.287307344876,11.3298247614875,53.9574825833884,0,I,106,10
20.0362337154438,72,11.4963588723913,8.53987484305252,1,C,107,10
59.0376996014901,72,11.6170257423073,47.4206738591828,1,I,108,10
24.578834029246,72,11.6598973749205,12.9189366543254,1,C,109,10
108.298870084893,72,11.8696613749489,60.1303386250511,0,I,110,10
185.184881206206,72,11.9474840909243,60.0525159090757,0,C,111,10
146.939985191649,65.4316143029206,11.9634248083457,53.4681894945748,0,I,112,10
32.7288111375301,72,12.0090833678842,20.7197277696459,1,C,113,10
85.8225212869073,30.8569591565365,12.0153706613928,18.8415884951437,0,I,114,10
77.0688042799421,20.6200807846299,12.0579241868109,8.562156597819,0,C,115,10
34.6170271133362,72,12.125394414179,22.4916326991572,1,I,116,10
172.178375415572,72,12.2432930208743,59.7567069791257,0,C,117,10
61.6821997392341,72,12.5723517592996,49.1098479799345,1,I,118,10
289.50949083955,72,12.5903524691239,59.4096475308761,0,C,119,10
52.7783650035967,72,12.6674136472866,40.1109513563101,1,I,120,10
276.113699065949,72,12.8262644866481,59.1737355133519,0,C,121,10
103.154196163072,72,13.0331189883873,58.9668810116127,0,I,122,10
35.8268246471814,27.1505926332865,13.0399823281914,14.1106103050951,0,C,123,10
381.345348043557,72,13.5932826809585,58.4067173190415,0,I,124,10
259.937710012832,72,13.6099004745483,58.3900995254517,0,C,125,10
70.6852532216388,72,13.627009280026,57.0582439416128,1,I,126,10
33.5719844003958,72,13.6436032550409,19.9283811453548,1,C,127,10
31.0408047327581,72,13.6798501107842,17.3609546219739,1,I,128,10
167.321197200177,72,13.7210745597258,58.2789254402742,0,C,129,10
71.7744423942946,67.2995133961966,13.8719004951417,53.4276129010548,0,I,130,10
264.631994581044,40.2710426859564,14.0604876866564,26.2105549993,0,C,131,10
430.023327411326,72,14.0685504768044,57.9314495231956,0,I,132,10
104.387916047617,72,14.0700551541522,57.9299448458478,0,C,133,10
168.446762356935,72,14.0744358301163,57.9255641698837,0,I,134,10
126.821515800077,72,14.240554086864,57.759445913136,0,C,135,10
274.089462159205,72,14.3123756255955,57.6876243744046,0,I,136,10
15.333639207228,72,14.3998970277607,0.933742179467247,1,C,137,10
110.004034131692,72,14.5014865323901,57.4985134676099,0,I,138,10
117.093779659015,72,14.5072463527322,57.4927536472678,0,C,139,10
312.853021753892,72,14.5854406384751,57.4145593615249,0,I,140,10
89.9121291272868,43.57363887855,14.5889646280557,28.9846742504943,0,C,141,10
192.20833680847,72,14.6018673107028,57.3981326892972,0,I,142,10
79.7249050105499,72,14.7155328188092,57.2844671811909,0,C,143,10
108.401305627827,16.7407305680791,14.8159457137808,1.92478485429825,0,I,144,10
22.3238049259794,72,14.92986547295,7.39393945302933,1,C,145,10
210.477582603943,72,15.0102066854015,56.9897933145985,0,I,146,10
48.6432608118651,72,15.029476499185,33.6137843126801,1,C,147,10
108.018823468475,72,15.4885134520009,56.5114865479991,0,I,148,10
48.0001182107525,72,15.5728701548651,32.4272480558874,1,C,149,10
212.303312529629,36.6262178229413,15.6316951895133,20.994522633428,0,I,150,10
186.127640191171,72,15.7873894879594,56.2126105120406,0,C,151,10
62.9834536408956,72,15.826245713979,47.1572079269166,1,I,152,10
98.9387376312363,72,15.9803590038791,56.0196409961209,0,C,153,10
413.125891590768,72,16.0892594698817,55.9107405301184,0,I,154,10
44.9412662712507,72,16.1556927999482,28.7855734713025,1,C,155,10
20.9202029300242,72,16.22194301337,4.69825991665415,1,I,156,10
170.469466812112,72,16.2249354785308,55.7750645214692,0,C,157,10
267.644706521508,72,16.432401034981,55.567598965019,0,I,158,10
39.9270341048024,72,16.4587274473161,23.4683066574864,1,C,159,10
96.0257852831373,72,16.6315267095342,55.3684732904658,0,I,160,10
164.820441096238,72,16.7641241988167,55.2358758011833,0,C,161,10
128.107633312681,72,16.931541650556,55.068458349444,0,I,162,10
123.377132108791,72,16.9901484204456,55.0098515795544,0,C,163,10
203.890604723327,72,17.0084752840921,54.9915247159079,0,I,164,10
70.2863449357403,24.6367709898473,17.0149223087356,7.6218486811117,0,C,165,10
131.204811036277,72,17.153159128502,54.846840871498,0,I,166,10
100.895075821206,72,17.3624489782378,54.6375510217622,0,C,167,10
130.514570568607,72,17.4246563203633,54.5753436796367,0,I,168,10
26.7553538578971,72,17.8006678260863,8.95468603181078,1,C,169,10
283.351338644609,72,17.8677636897191,54.1322363102809,0,I,170,10
103.973165363137,61.3563006246559,17.8766577132046,43.4796429114513,0,C,171,10
131.08626492051,72,17.9328842321411,54.0671157678589,0,I,172,10
46.1752576453574,72,18.2026074640453,27.9726501813121,1,C,173,10
79.7283944687739,72,18.2677618833259,53.7322381166741,0,I,174,10
155.525538665435,59.1338080772987,18.2711478369311,40.8626602403676,0,C,175,10
106.944538414912,72,18.3380301296711,53.6619698703289,0,I,176,10
46.4201965390538,72,18.4309208253399,27.9892757137139,1,C,177,10
58.6452582899145,72,18.4888433525339,40.1564149373807,1,I,178,10
245.466597918347,72,18.5101732844487,53.4898267155513,0,C,179,10
251.268190978389,72,18.9381622569636,53.0618377430365,0,I,180,10
40.1316379909398,72,18.9542211312801,21.1774168596597,1,C,181,10
51.606739521361,72,18.9944750955328,32.6122644258281,1,I,182,10
123.625111026226,72,19.0558526152745,52.9441473847255,0,C,183,10
30.2227713131452,72,19.0752840600908,11.1474872530544,1,I,184,10
114.085672451376,72,19.109391043894,52.890608956106,0,C,185,10
44.371639878123,72,19.1407016851008,25.2309381930222,1,I,186,10
242.98198065185,72,19.1778050875291,52.8221949124709,0,C,187,10
20.9604474285655,72,19.219795349054,1.74065207951145,1,I,188,10
200.957751770135,72,19.2237731767818,52.7762268232182,0,C,189,10
102.14379606415,72,19.5184904895723,52.4815095104277,0,I,190,10
33.2572637855269,72,19.5313299866393,13.7259337988876,1,C,191,10
216.587290523589,72,19.6196192409843,52.3803807590157,0,I,192,10
75.2855397291796,72,19.6575649129227,52.3424350870773,0,C,193,10
276.775909911439,72,19.659774620086,52.3402253799141,0,I,194,10
39.6726769165403,72,19.7240783879533,19.9485985285869,1,C,195,10
118.080753349233,72,19.7496758541092,52.2503241458908,0,I,196,10
177.43792002606,72,19.7632444510236,52.2367555489764,0,C,197,10
28.4083461369484,72,19.8702087812126,8.53813735573579,1,I,198,10
168.456108546499,72,19.8835188522935,52.1164811477065,0,C,199,10
157.096064786404,72,20.1818962907419,51.8181037092581,0,I,200,10
44.3143193520778,72,20.2793122921139,24.0350070599639,1,C,201,10
129.314629621318,72,20.381831866689,51.618168133311,0,I,202,10
197.898469195221,72,20.3977106278762,51.6022893721238,0,C,203,10
21.5903255499334,72,20.4462196491659,1.14410590076757,1,I,204,10
31.2788831911712,72,20.4736855253577,10.8051976658135,1,C,205,10
20.6823480005251,72,20.6147720525041,0.0675759480209991,1,I,206,10
70.6180847490858,63.2442665041161,20.8699439512566,42.3743225528595,0,C,207,10
32.1989364773666,72,21.1686475016177,11.0302889757489,1,I,208,10
234.738407378185,72,21.182360756211,50.817639243789,0,C,209,10
219.470475978425,72,21.3443245366216,50.6556754633784,0,I,210,10
205.809867658995,72,21.4382171910256,50.5617828089744,0,C,211,10
75.6822265427433,72,21.4564051944762,50.5435948055238,0,I,212,10
45.8066836575424,72,21.5014204289764,24.305263228566,1,C,213,10
222.304804401196,72,21.5741193993017,50.4258806006983,0,I,214,10
193.786177791653,72,21.6114070639014,50.3885929360986,0,C,215,10
267.538703376883,72,21.7141880001873,50.2858119998127,0,I,216,10
329.737775908858,72,21.885611875914,50.114388124086,0,C,217,10
220.343397576165,72,21.9968357356265,50.0031642643735,0,I,218,10
107.006660798741,72,21.9970175111666,50.0029824888334,0,C,219,10
66.0285713005025,72,22.0712294848636,43.9573418156389,1,I,220,10
222.442095015032,72,22.1243005525321,49.8756994474679,0,C,221,10
149.635654887168,72,22.1251501562074,49.8748498437926,0,I,222,10
132.952617458445,72,22.1474276203662,49.8525723796338,0,C,223,10
43.9115321174158,72,22.1679975930601,21.7435345243557,1,I,224,10
94.8223515595256,72,22.2034471621737,49.7965528378263,0,C,225,10
102.207963114731,72,22.2968464717269,49.7031535282731,0,I,226,10
122.238657976446,72,22.3255011951551,49.6744988048449,0,C,227,10
69.864319539856,72,22.3749682819471,47.4893512579089,1,I,228,10
336.616377335521,72,22.3950797785074,49.6049202214927,0,C,229,10
170.837794924477,72,22.407788252458,49.592211747542,0,I,230,10
49.3656098059676,72,22.4259027605876,26.93970704538,1,C,231,10
68.9382172421247,72,22.7556349430233,46.1825822991014,1,I,232,10
75.0045202215947,72,22.9004440549761,49.0995559450239,0,C,233,10
82.3933031744557,72,23.0526077980176,48.9473922019824,0,I,234,10
98.0837472258177,72,23.111737081781,48.888262918219,0,C,235,10
188.445613498264,72,23.1818811642006,48.8181188357994,0,I,236,10
60.5852717339489,63.5700049407637,23.1884404784068,37.396831255542,1,C,237,10
98.729132057187,72,23.351750895381,48.648249104619,0,I,238,10
68.7105692356642,72,23.4281642921269,45.2824049435373,1,C,239,10
120.745086463224,72,23.5133787570521,48.4866212429479,0,I,240,10
283.633391233641,72,23.5957020521164,48.4042979478836,0,C,241,10
44.6960797484028,72,23.6439621727914,21.0521175756114,1,I,242,10
60.4356477410594,72,23.679301799275,36.7563459417844,1,C,243,10
62.3009662737766,72,23.7185996258631,38.5823666479134,1,I,244,10
193.001110289309,72,23.7420891830698,48.2579108169302,0,C,245,10
96.5361409683725,44.9374130265078,24.0638269297779,20.87358609673,0,I,246,10
417.837755422196,62.6601334792215,24.1141407843679,38.5459926948536,0,C,247,10
110.683474918015,67.867932684298,24.1767890285701,43.6911436557279,0,I,248,10
280.910966241918,71.6941000186037,24.1986864712089,47.4954135473948,0,C,249,10
66.3656080728396,66.781089648421,24.2124929605052,42.1531151123344,1,I,250,10
197.092483323818,72,24.252269002609,47.7477309973911,0,C,251,10
44.259363151462,72,24.3567041214556,19.9026590300065,1,I,252,10
73.6874439017593,72,24.4909109082073,47.5090890917927,0,C,253,10
83.4118480374868,72,24.5613385224715,47.4386614775285,0,I,254,10
73.8352251375342,29.6271741039744,24.7242999169976,4.90287418697682,0,C,255,10
65.3645395994288,72,24.9145054863766,40.4500341130523,1,I,256,10
114.389332531113,72,25.1811083173379,46.8188916826621,0,C,257,10
25.8836158477876,72,25.4422836564481,0.441332191339422,1,I,258,10
107.926762223693,72,25.460620187223,46.539379812777,0,C,259,10
52.1958623109615,72,25.5648271786049,26.6310351323566,1,I,260,10
155.601136104665,72,25.7477281987667,46.2522718012333,0,C,261,10
355.668997342581,72,25.8142637321726,46.1857362678275,0,I,262,10
105.723686694543,72,25.9240454016253,46.0759545983747,0,C,263,10
56.4936443688768,72,26.1117575224489,30.3818868464279,1,I,264,10
99.9640838107323,72,26.2526865396649,45.7473134603351,0,C,265,10
168.095111798739,72,26.2612794153392,45.7387205846608,0,I,266,10
205.056445522473,33.2642327769529,26.5025030449033,6.76172973204964,0,C,267,10
97.9813561783099,72,26.5800834400579,45.4199165599421,0,I,268,10
40.6774035140082,72,26.6009865514934,14.0764169625148,1,C,269,10
81.5895559665206,72,26.7384988395497,45.2615011604503,0,I,270,10
68.5030513714572,72,26.8246654747054,41.6783858967518,1,C,271,10
61.5697945655614,72,26.8919000728056,34.6778944927558,1,I,272,10
66.9800465064206,72,27.2796465363354,39.7003999700852,1,C,273,10
156.058863802418,72,27.4189280066639,44.5810719933361,0,I,274,10
356.034574651385,71.5048117370267,27.5621790345758,43.9426327024509,0,C,275,10
65.8131083750569,72,28.049446712248,37.7636616628089,1,I,276,10
50.5586883846454,72,28.2343569723889,22.3243314122565,1,C,277,10
759.770006455001,72,28.2576183183119,43.7423816816881,0,I,278,10
183.208513385352,72,28.7079911213368,43.2920088786632,0,C,279,10
207.440477735858,72,28.7117893947288,43.2882106052712,0,I,280,10
111.606041490682,72,28.865421814844,43.134578185156,0,C,281,10
63.3250156377939,38.0462910880446,28.9354843413457,9.11080674669888,0,I,282,10
195.593101398359,72,28.9953825250268,43.0046174749732,0,C,283,10
52.7588620383953,72,29.0203210618347,23.7385409765606,1,I,284,10
115.895148989098,72,29.0207267878577,42.9792732121423,0,C,285,10
217.834508323997,72,29.1001729667187,42.8998270332813,0,I,286,10
158.066563698322,72,29.1126835718751,42.8873164281249,0,C,287,10
34.0389542305592,72,29.1851303586736,4.85382387188555,1,I,288,10
33.4143598568014,72,29.3719269102439,4.04243294655749,1,C,289,10
198.215428813446,72,29.5594767155126,42.4405232844874,0,I,290,10
264.86713493509,72,29.6255902340636,42.3744097659364,0,C,291,10
139.029656143163,72,29.8008340224624,42.1991659775376,0,I,292,10
56.4062520581502,72,29.8422759957612,26.563976062389,1,C,293,10
81.5104711049249,72,29.8545411648229,42.1454588351771,0,I,294,10
35.506980695195,72,30.0345297390595,5.47245095613551,1,C,295,10
79.3143524217227,72,30.320735857822,41.679264142178,0,I,296,10
154.871689868159,72,30.3637731866911,41.6362268133089,0,C,297,10
123.545203075374,72,30.3848926490173,41.6151073509827,0,I,298,10
127.652200472371,72,30.5055824294686,41.4944175705314,0,C,299,10
367.691257667981,72,30.5435251118615,41.4564748881385,0,I,300,10
375.830136041297,72,30.5556471319869,41.4443528680131,0,C,301,10
404.234867649505,72,30.6809632200748,41.3190367799252,0,I,302,10
121.816319964874,72,30.7923661870882,41.2076338129118,0,C,303,10
151.149033466373,72,30.817015604116,41.182984395884,0,I,304,10
130.878183775705,72,30.8302967017517,41.1697032982484,0,C,305,10
86.4937789809127,72,30.9652138408273,41.0347861591727,0,I,306,10
112.993460284046,72,30.9658027952537,41.0341972047463,0,C,307,10
186.040828698114,72,30.9924806188792,41.0075193811208,0,I,308,10
85.6581462321788,72,31.0327657638118,40.9672342361882,0,C,309,10
229.991225541812,48.0344262008619,31.0995188914239,16.9349073094379,0,I,310,10
48.6938602203768,72,31.1548417434096,17.5390184769672,1,C,311,10
146.889978280225,50.5246912504585,31.1625820817426,19.3621091687159,0,I,312,10
87.0166185070966,72,31.1828186921775,40.8171813078225,0,C,313,10
104.799625124899,72,31.4850754290819,40.5149245709181,0,I,314,10
32.9810954436013,36.0766212558674,31.5353478770703,1.44574756653097,1,C,315,10
49.8674759737453,69.4942287555115,31.6467367205769,18.2207392531684,1,I,316,10
150.232407476237,72,31.6913135815412,40.3086864184588,0,C,317,10
220.042804226099,72,31.8740162998438,40.1259837001562,0,I,318,10
72.546928110678,72,32.0862637460232,39.9137362539768,0,C,319,10
114.143671027312,72,32.2919793007895,39.7080206992105,0,I,320,10
151.801630346276,72,32.3022657539696,39.6977342460305,0,C,321,10
291.720940583686,72,32.375832782127,39.624167217873,0,I,322,10
112.717663428887,72,32.7009123098105,39.2990876901895,0,C,323,10
108.092143884435,72,32.7295301388949,39.2704698611051,0,I,324,10
140.909542435354,62.2277217281,33.0053164483979,29.2224052797021,0,C,325,10
128.43503153893,72,33.2395145623013,38.7604854376987,0,I,326,10
56.9977797693209,72,33.2943419739604,23.7034377953606,1,C,327,10
42.1899471782266,72,33.4318096423522,8.75813753587445,1,I,328,10
46.4673966250697,72,33.4329752577469,13.0344213673228,1,C,329,10
78.7704401300505,72,33.5405680490658,38.4594319509342,0,I,330,10
339.479329835584,59.2117234515187,34.0102725941688,25.20145085735,0,C,331,10
195.265221504283,72,34.0336740994826,37.9663259005174,0,I,332,10
228.617673752067,36.7532257313369,34.0632870560512,2.68993867528575,0,C,333,10
195.10812429526,37.5718345686457,34.1641796473414,3.40765492130431,0,I,334,10
245.158781342898,72,34.3929395405576,37.6070604594424,0,C,335,10
44.181094708655,72,34.3964097462595,9.78468496239557,1,I,336,10
172.056352482942,72,34.4361502351239,37.5638497648761,0,C,337,10
148.827216193994,72,34.5263727474958,37.4736272525042,0,I,338,10
144.951228963812,72,34.6025643730536,37.3974356269464,0,C,339,10
53.3548154290296,72,34.691226775758,18.6635886532717,1,I,340,10
197.616761956827,72,34.7634011507034,37.2365988492966,0,C,341,10
68.924541000207,72,34.8927229782566,34.0318180219503,1,I,342,10
67.9868547901578,72,35.1262407610193,32.8606140291385,1,C,343,10
86.2781627153869,72,35.136423362419,36.863576637581,0,I,344,10
81.3569296157368,72,35.1527256192639,36.8472743807361,0,C,345,10
74.3214842324824,72,35.2570907352492,36.7429092647508,0,I,346,10
399.970520116116,72,35.2657747780904,36.7342252219096,0,C,347,10
128.004739171289,42.6100937751081,35.3071483690292,7.30294540607893,0,I,348,10
38.600810581578,72,35.3466723533347,3.25413822824324,1,C,349,10
189.437321978629,72,35.4679950093851,36.532004990615,0,I,350,10
73.351292777997,72,35.5044831242412,36.4955168757588,0,C,351,10
140.775832156304,72,35.6045793788508,36.3954206211492,0,I,352,10
116.090267130577,72,35.6380415707827,36.3619584292173,0,C,353,10
54.1230367191743,72,35.6921151001006,18.4309216190737,1,I,354,10
126.967993256502,72,36.2122647603974,35.7877352396026,0,C,355,10
208.269084157892,72,36.239623920992,35.760376079008,0,I,356,10
238.130937356403,72,36.2571842595935,35.7428157404065,0,C,357,10
158.229168984788,72,36.2829430913553,35.7170569086447,0,I,358,10
101.625718372521,72,36.3547652168199,35.6452347831801,0,C,359,10
241.873829519785,46.8783284052942,36.4250195352361,10.4533088700581,0,I,360,10
76.7993832371866,72,36.4515673136339,35.5484326863661,0,C,361,10
123.666321229245,72,36.4542256621644,35.5457743378356,0,I,362,10
56.0559659859477,60.3225072211938,36.6374516347423,19.4185143512054,1,C,363,10
144.904672253534,72,36.7245198274031,35.2754801725969,0,I,364,10
220.995325476251,72,36.8126069800928,35.1873930199072,0,C,365,10
134.981321511219,72,36.8526986986399,35.1473013013601,0,I,366,10
43.5278299268411,66.4653474881064,36.9696824066341,6.55814752020698,1,C,367,10
56.0476203845434,72,37.1224353136495,18.9251850708939,1,I,368,10
230.905463473516,72,37.1239684615284,34.8760315384716,0,C,369,10
122.573832603654,72,37.1329713799059,34.8670286200941,0,I,370,10
353.969713701658,72,37.1441951254383,34.8558048745617,0,C,371,10
151.667781016301,72,37.3031990602613,34.6968009397388,0,I,372,10
136.449334680339,72,37.369817183353,34.630182816647,0,C,373,10
154.525909074527,72,37.4293240299448,34.5706759700552,0,I,374,10
57.7719748756874,49.4811802374148,37.5085660815239,11.9726141558909,0,C,375,10
151.388466015598,72,37.6649786531925,34.3350213468075,0,I,376,10
163.382926876429,72,37.7068084152415,34.2931915847585,0,C,377,10
74.9426354135056,72,37.8030751179904,34.1969248820096,0,I,378,10
60.1863103717656,72,38.0051000369713,22.1812103347943,1,C,379,10
124.122204869241,72,38.3812570525333,33.6187429474667,0,I,380,10
142.107543511786,72,38.4647146426141,33.5352853573859,0,C,381,10
435.709832606008,72,38.5744496248662,33.4255503751338,0,I,382,10
111.958946487706,72,38.606899548322,33.393100451678,0,C,383,10
67.5865626311324,72,38.9122704556212,28.6742921755112,1,I,384,10
57.0598385736945,72,38.9424091670662,18.1174294066283,1,C,385,10
211.708916920421,42.0787131220911,39.0206760261208,3.05803709597031,0,I,386,10
112.777861534215,72,39.1296058287844,32.8703941712156,0,C,387,10
140.669811997097,72,39.142731372267,32.857268627733,0,I,388,10
80.1134463637056,63.4384843651587,39.2105462215841,24.2279381435746,0,C,389,10
137.432955229088,72,39.2429519305006,32.7570480694994,0,I,390,10
106.356271441251,72,39.3050749227405,32.6949250772595,0,C,391,10
122.195880584778,71.3212608616189,39.3246379494667,31.9966229121522,0,I,392,10
92.558381393102,72,39.45980027318,32.54019972682,0,C,393,10
91.2691699982896,72,39.5214491151273,32.4785508848727,0,I,394,10
121.149503009481,72,39.5751499012113,32.4248500987887,0,C,395,10
128.592613724827,72,39.6171347144991,32.3828652855009,0,I,396,10
134.98867006268,72,39.6563354786485,32.3436645213515,0,C,397,10
100.476301036159,72,39.8197023198009,32.1802976801992,0,I,398,10
60.4016613467489,72,40.036667981185,20.3649933655639,1,C,399,10
77.3814391685773,72,40.2059482550249,31.7940517449752,0,I,400,10
105.681596834296,72,40.4820330860093,31.5179669139907,0,C,401,10
145.431696522253,72,40.5697332601994,31.4302667398006,0,I,402,10
55.4878584588227,69.7594341938562,40.7413122709841,14.7465461878387,1,C,403,10
90.9033121770327,72,40.8197274617851,31.1802725382149,0,I,404,10
45.4868048423111,72,40.9183845994994,4.56842024281168,1,C,405,10
69.7380541531345,72,41.001363163814,28.7366909893206,1,I,406,10
241.396884389482,64.56182078811,41.0098656825721,23.5519551055379,0,C,407,10
163.691225211411,72,41.2409509671852,30.7590490328148,0,I,408,10
126.937651219797,51.1085944668866,41.3101733056828,9.79842116120378,0,C,409,10
65.7657709368871,72,41.3907522708178,24.3750186660694,1,I,410,10
212.555086320246,72,41.4661280158907,30.5338719841093,0,C,411,10
48.6345758940009,72,41.6221968177706,7.01237907623031,1,I,412,10
200.801123354135,51.2541300966585,41.6351761389524,9.6189539577061,0,C,413,10
63.7880970281827,72,41.845790524967,21.9423065032157,1,I,414,10
81.3988092218184,72,41.8767293030396,30.1232706969604,0,C,415,10
233.197506791505,72,41.9087189761922,30.0912810238078,0,I,416,10
80.0352854789017,72,41.9248248450458,30.0751751549542,0,C,417,10
174.346690144276,72,41.9993876433,30.0006123567,0,I,418,10
111.550767639485,72,42.0635214401409,29.9364785598591,0,C,419,10
140.825516362492,72,42.1411962015554,29.8588037984446,0,I,420,10
120.544164345044,72,42.147589889355,29.852410110645,0,C,421,10
103.802597771413,72,42.2970637120307,29.7029362879694,0,I,422,10
74.121775706634,72,42.3821937013418,29.6178062986583,0,C,423,10
133.543929167565,72,42.4509856849909,29.5490143150091,0,I,424,10
328.358088367922,72,42.5227760849521,29.4772239150479,0,C,425,10
558.7292891404,72,42.7074478240684,29.2925521759316,0,I,426,10
98.8919148966324,72,42.7505839895457,29.2494160104543,0,C,427,10
59.6826895017085,72,42.838403088972,16.8442864127365,1,I,428,10
58.098425148005,72,42.8390915784985,15.2593335695065,1,C,429,10
132.517581014799,72,42.8395444527268,29.1604555472732,0,I,430,10
130.143651521445,72,42.8744359826669,29.1255640173331,0,C,431,10
57.144358947326,72,42.9480161285028,14.1963428188232,1,I,432,10
162.559355196056,72,43.0805165413767,28.9194834586233,0,C,433,10
162.623398214238,72,43.1149778561667,28.8850221438333,0,I,434,10
283.921623216322,72,43.2773448619992,28.7226551380009,0,C,435,10
176.12066108651,72,43.3294592890888,28.6705407109112,0,I,436,10
67.4001217500639,72,43.6489114025608,23.7512103475031,1,C,437,10
57.0557212979717,72,43.6787410313264,13.3769802666453,1,I,438,10
116.553727578518,72,43.8650601636618,28.1349398363382,0,C,439,10
215.73025605546,72,43.9950421499088,28.0049578500912,0,I,440,10
78.4912330779687,72,44.2201963998377,27.7798036001623,0,C,441,10
57.05423614782,72,44.4880509423092,12.5661852055108,1,I,442,10
251.460815139092,72,44.5341074327007,27.4658925672993,0,C,443,10
62.8917213662934,72,44.899806138128,17.9919152281654,1,I,444,10
72.2257319992918,72,44.9246450560167,27.0753549439833,0,C,445,10
128.982625941386,72,44.9411904020235,27.0588095979765,0,I,446,10
76.6070709603925,72,44.9574890406802,27.0425109593198,0,C,447,10
111.048585394534,72,45.0453095370904,26.9546904629096,0,I,448,10
112.120811271365,72,45.0507536390796,26.9492463609204,0,C,449,10
207.47609677035,72,45.0882406532764,26.9117593467236,0,I,450,10
200.246146033579,72,45.0968563836068,26.9031436163932,0,C,451,10
411.043032580538,72,45.1251174509525,26.8748825490475,0,I,452,10
59.6386310996368,72,45.1454086555168,14.49322244412,1,C,453,10
63.3135971908859,72,45.2471726154909,18.066424575395,1,I,454,10
102.247067680087,72,45.2596448455006,26.7403551544994,0,C,455,10
196.035154757111,72,45.2710703434423,26.7289296565577,0,I,456,10
53.7335266646645,72,45.4069977812469,8.32652888341761,1,C,457,10
173.701719983889,72,45.5887517379597,26.4112482620403,0,I,458,10
268.914809266869,72,45.6387916021049,26.3612083978951,0,C,459,10
70.9808749860309,56.4295247705608,45.645323228091,10.7842015424698,0,I,460,10
74.0152591218486,72,45.6568321399391,26.3431678600609,0,C,461,10
337.165130299923,72,45.6674313638359,26.3325686361641,0,I,462,10
110.260491080341,72,45.7973531261087,26.2026468738914,0,C,463,10
91.4334549254208,72,45.8101503225043,26.1898496774957,0,I,464,10
116.827737165123,72,45.9819178842008,26.0180821157992,0,C,465,10
306.415951182966,72,45.9839253779501,26.0160746220499,0,I,466,10
102.563393883446,72,46.168659562245,25.831340437755,0,C,467,10
143.175108159171,72,46.267808242701,25.732191757299,0,I,468,10
55.5503809686876,72,46.2900381395593,9.26034282912825,1,C,469,10
555.621945778526,62.1489894905036,46.3866605702788,15.7623289202248,0,I,470,10
144.570956085922,54.8986687727133,46.3937118044123,8.50495696830103,0,C,471,10
132.938611791376,61.5552783400099,46.5409332700074,15.0143450700025,0,I,472,10
146.944423629754,72,46.5506394999102,25.4493605000898,0,C,473,10
60.0329864231984,72,46.6142945783213,13.4186918448772,1,I,474,10
122.523237161828,72,46.7382556898519,25.2617443101481,0,C,475,10
86.6478517928212,72,46.7945464560762,25.2054535439238,0,I,476,10
121.534457658321,72,46.8330936692655,25.1669063307345,0,C,477,10
67.2729247193225,72,46.9133605342358,20.3595641850867,1,I,478,10
218.913578245316,61.4641057441155,47.2219550516456,14.2421506924699,0,C,479,10
133.126509017541,72,47.2950379550457,24.7049620449543,0,I,480,10
84.1219061470346,72,47.7531447261572,24.2468552738428,0,C,481,10
71.0883143138801,72,47.8077891748399,23.2805251390402,1,I,482,10
121.194984504061,72,47.8952852357179,24.1047147642821,0,C,483,10
283.797968527888,72,47.9228572826833,24.0771427173168,0,I,484,10
56.2105806475888,72,47.9703310271725,8.24024962041627,1,C,485,10
136.860491679332,72,48.0599449295551,23.9400550704449,0,I,486,10
121.347064371263,72,48.0648753745481,23.9351246254519,0,C,487,10
138.675036824468,50.4793650190871,48.463332625106,2.01603239398112,0,I,488,10
452.391254442357,72,48.4809036646038,23.5190963353962,0,C,489,10
138.436105009444,72,48.5002943733707,23.4997056266293,0,I,490,10
86.4834273895883,72,48.529130704701,23.4708692952991,0,C,491,10
178.449432592358,72,48.6769026238471,23.3230973761529,0,I,492,10
128.356128173563,72,48.8704160135239,23.1295839864761,0,C,493,10
50.0122807533749,72,48.9459463907406,1.06633436263434,1,I,494,10
71.8476787774643,72,48.9587801042944,22.8888986731699,1,C,495,10
272.169917404294,72,48.9652226027101,23.0347773972899,0,I,496,10
146.609480017783,72,49.0404501697049,22.9595498302951,0,C,497,10
260.161965525236,56.3796184946305,49.1550547163934,7.22456377823712,0,I,498,10
62.0788989883499,72,49.313548556529,12.7653504318209,1,C,499,10
110.914756059446,72,49.6574722928926,22.3425277071074,0,I,500,10
321.102671471029,72,49.6919266087934,22.3080733912066,0,C,501,10
131.450735587799,72,49.7357571031898,22.2642428968102,0,I,502,10
96.259475673858,72,49.7495344514027,22.2504655485973,0,C,503,10
65.4204936744658,63.6012040309568,49.7772369068116,13.8239671241452,0,I,504,10
55.3211428291784,72,49.8153207683936,5.50582206078478,1,C,505,10
450.526791542906,72,49.8444034159184,22.1555965840817,0,I,506,10
60.5709162465428,72,50.0617290381342,10.5091872084086,1,C,507,10
284.473588350705,72,50.0721094943583,21.9278905056417,0,I,508,10
334.794394268597,72,50.1303161401302,21.8696838598698,0,C,509,10
57.3398730897138,72,50.3390609985218,7.000812091192,1,I,510,10
73.7095843670785,72,50.533382599242,21.466617400758,0,C,511,10
336.62449730072,72,50.6679694494233,21.3320305505767,0,I,512,10
497.613604790518,62.3383229274602,50.7460105977953,11.592312329665,0,C,513,10
127.855605878101,62.4640742217367,50.9374850057066,11.5265892160302,0,I,514,10
117.285838766873,69.3794913889814,51.1109120305628,18.2685793584186,0,C,515,10
146.99029434653,72,51.1506153456867,20.8493846543133,0,I,516,10
139.677394758418,72,51.2655311124399,20.7344688875601,0,C,517,10
61.0041912961059,72,51.3948816340417,9.60930966206424,1,I,518,10
65.477525671479,72,51.4633198454976,14.0142058259814,1,C,519,10
108.77878839729,72,51.5360878268257,20.4639121731743,0,I,520,10
125.901521739427,72,51.6555458726361,20.3444541273639,0,C,521,10
130.283752955209,72,51.6866868222132,20.3133131777868,0,I,522,10
57.0881503225392,72,51.855890834704,5.23225948783513,1,C,523,10
156.444982651354,72,51.870547849685,20.129452150315,0,I,524,10
78.0710861163313,72,51.9074024213478,20.0925975786522,0,C,525,10
258.518006934576,72,51.9442848907784,20.0557151092216,0,I,526,10
147.853159160596,72,52.0248567732051,19.9751432267949,0,C,527,10
53.3250528542931,72,52.1139699267224,1.21108292757077,1,I,528,10
197.043174971108,72,52.1544990967959,19.8455009032041,0,C,529,10
74.0267377304404,72,52.2118335496634,19.7881664503366,0,I,530,10
261.923447868107,57.6846758936984,52.3912016255781,5.29347426812032,0,C,531,10
98.8734114902761,72,52.5467452732846,19.4532547267154,0,I,532,10
271.960639633271,72,52.6627746457234,19.3372253542766,0,C,533,10
161.270147580578,72,52.7479325607419,19.2520674392581,0,I,534,10
154.323308623147,72,52.9930562060326,19.0069437939674,0,C,535,10
101.017987697979,72,53.0770061071962,18.9229938928038,0,I,536,10
154.417231160609,72,53.2241209270433,18.7758790729567,0,C,537,10
302.420613460929,72,53.3210446871817,18.6789553128183,0,I,538,10
59.6570930603622,72,53.4265464730561,6.2305465873061,1,C,539,10
90.6764917606109,72,53.5598333459348,18.4401666540653,0,I,540,10
173.673536237795,72,53.5850183246657,18.4149816753343,0,C,541,10
63.7475378654699,72,53.7139422493056,10.0335956161644,1,I,542,10
83.0897761375142,66.8350360803007,53.7174396403134,13.1175964399873,0,C,543,10
199.413940595465,72,53.7744596460834,18.2255403539166,0,I,544,10
145.371366626676,72,53.8229952100664,18.1770047899336,0,C,545,10
57.8032210783261,72,53.8676759926602,3.9355450856659,1,I,546,10
293.427414990752,72,53.9063785644248,18.0936214355752,0,C,547,10
107.828710852295,72,54.129919745028,17.870080254972,0,I,548,10
120.315763728781,72,54.1991078015417,17.8008921984583,0,C,549,10
96.1869571899843,72,54.2495860811323,17.7504139188677,0,I,550,10
96.7229845237172,72,54.3079503625631,17.6920496374369,0,C,551,10
179.321408736496,72,55.0614002393559,16.9385997606441,0,I,552,10
252.244011684074,72,55.1218409417197,16.8781590582803,0,C,553,10
74.5935503866421,72,55.2714874735102,16.7285125264898,0,I,554,10
64.1934924032829,72,55.2977729961276,8.89571940715532,1,C,555,10
78.1142409472338,72,55.5213236203417,16.4786763796583,0,I,556,10
95.9784161408036,72,55.615709410049,16.384290589951,0,C,557,10
151.991653744697,72,55.6701671518385,16.3298328481615,0,I,558,10
94.6999463324358,72,56.0391633398831,15.9608366601169,0,C,559,10
111.141626547612,72,56.1443510139361,15.8556489860639,0,I,560,10
68.15945825489,72,56.1484343139455,12.0110239409446,1,C,561,10
109.623643785967,72,56.1507583362982,15.8492416637018,0,I,562,10
378.737757677501,72,56.1659817444161,15.8340182555839,0,C,563,10
212.170490746048,72,56.3821665477008,15.6178334522992,0,I,564,10
120.581632227693,72,56.4332883339375,15.5667116660625,0,C,565,10
369.810181237868,72,56.5333399549127,15.4666600450873,0,I,566,10
62.3353893583972,72,56.5834656078368,5.75192375056035,1,C,567,10
85.1872565612347,72,56.6491793235764,15.3508206764236,0,I,568,10
143.079198495119,72,56.7605469888076,15.2394530111924,0,C,569,10
125.61669016927,72,56.8782360898331,15.1217639101669,0,I,570,10
64.0474612673695,72,56.9202167680487,7.12724449932076,1,C,571,10
187.531344481333,72,57.0380919193849,14.9619080806151,0,I,572,10
225.194845349497,72,57.064344920218,14.935655079782,0,C,573,10
67.5184144365085,72,57.1605210704729,10.3578933660356,1,I,574,10
117.118738033879,72,57.1880865795538,14.8119134204462,0,C,575,10
215.764122560246,66.4362558254145,57.236790410243,9.19946541517149,0,I,576,10
209.317098528659,72,57.4017150280997,14.5982849719003,0,C,577,10
61.26974124884,72,57.4452924029902,3.82444884584987,1,I,578,10
91.3773250686578,72,57.67532880418,14.32467119582,0,C,579,10
119.421772471656,72,57.6859908085316,14.3140091914684,0,I,580,10
207.018862034501,72,57.7390971360728,14.2609028639272,0,C,581,10
200.943689465951,72,57.933708387427,14.066291612573,0,I,582,10
110.094150823176,72,57.9909177822992,14.0090822177008,0,C,583,10
148.649892116866,72,58.0900012236089,13.9099987763911,0,I,584,10
66.7257124492668,72,58.1546928780153,8.57101957125143,1,C,585,10
122.749091943841,72,58.161207055673,13.838792944327,0,I,586,10
168.971455513638,72,58.1789361219853,13.8210638780147,0,C,587,10
101.570581307126,72,58.1971641629934,13.8028358370066,0,I,588,10
120.490553697056,72,58.3275793259963,13.6724206740037,0,C,589,10
421.062101672782,72,58.3752813516185,13.6247186483815,0,I,590,10
307.58867890525,72,58.4133965615183,13.5866034384817,0,C,591,10
193.645799043457,72,58.4173665521666,13.5826334478334,0,I,592,10
60.4578297247963,72,58.4706978499889,1.98713187480735,1,C,593,10
162.579138699373,72,58.8078909600154,13.1921090399846,0,I,594,10
166.000598067902,67.3802462202226,58.8101186044514,8.57012761577117,0,C,595,10
165.369304201736,72,58.8997480971739,13.1002519028261,0,I,596,10
162.307428859857,72,59.0616830578074,12.9383169421926,0,C,597,10
59.8606621041007,72,59.0679131867364,0.792748917364315,1,I,598,10
94.0111945570334,72,59.1171625815332,12.8828374184668,0,C,599,10
133.559567595224,72,59.3237958010286,12.6762041989714,0,I,600,10
61.220460039777,72,59.4675790658221,1.75288097395493,1,C,601,10
77.432914121738,72,59.5759291481227,12.4240708518773,0,I,602,10
109.179204841236,72,59.5816532475874,12.4183467524126,0,C,603,10
203.188497895126,72,59.5990382088348,12.4009617911652,0,I,604,10
101.483903630675,72,59.7909065382555,12.2090934617445,0,C,605,10
122.307138073086,72,59.9134063487873,12.0865936512128,0,I,606,10
597.207792526422,72,59.936489565298,12.063510434702,0,C,607,10
