t_cal_ev,t_cal_cens,t_acc,t,status,group,pat_id,sim_idx
76.640405984434,72,0.104261236265302,71.8957387637347,0,C,1,1
7.26325600416525,72,0.180542422458529,7.08271358170672,1,I,2,1
29.100253797546,72,0.326011469587684,28.7742423279583,1,C,3,1
51.9652496456195,72,0.34388265106827,51.6213669945513,1,I,4,1
72.237729099858,72,0.36174044944346,71.6382595505565,0,C,5,1
46.4734912282355,72,0.451981066726148,46.0215101615094,1,I,6,1
167.169986942144,72,0.458578839898109,71.5414211601019,0,C,7,1
13.4975950125523,71.2735717107841,0.697501050308347,12.8000939622439,1,I,8,1
9.85861634130987,72,0.748100378550589,9.11051596275928,1,C,9,1
20.5823669760274,43.8279701248239,0.837126555852592,19.7452404201748,1,I,10,1
1.35459627661153,72,0.959188551642001,0.395407724969528,1,C,11,1
90.5697177135785,37.7482254302569,1.02838107850403,36.7198443517529,0,I,12,1
36.9162078506689,72,1.11126185394824,35.8049459967207,1,C,13,1
24.6956110450999,72,1.30361517425627,23.3919958708436,1,I,14,1
34.568309366961,72,1.37411691248417,33.1941924544769,1,C,15,1
58.0009447271834,40.1533327990573,1.43095145467669,38.7223813443806,0,I,16,1
24.0913699724809,6.70308465700702,1.47734137717634,5.22574327983068,0,C,17,1
91.1350137572161,72,1.60770047921687,70.3922995207831,0,I,18,1
33.7538554491682,72,1.63678660523146,32.1170688439368,1,C,19,1
5.61828290500369,72,1.90360651351511,3.71467639148857,1,I,20,1
35.89312407769,72,1.91787269432098,33.9752513833691,1,C,21,1
14.5959303646193,72,1.99111397378147,12.6048163908378,1,I,22,1
17.8231172654945,72,2.1663981070742,15.6567191584203,1,C,23,1
58.2424065417528,49.6089827279529,2.29701203294098,47.311970695012,0,I,24,1
18.4534746796149,72,2.4237489933148,16.0297256863001,1,C,25,1
30.0280553195681,72,2.51348270103335,27.5145726185347,1,I,26,1
65.6597139552947,72,2.53415695857257,63.1255569967222,1,C,27,1
3.65931829502273,72,2.59527986403555,1.06403843098718,1,I,28,1
42.3760329088539,72,2.64640582725406,39.7296270815999,1,C,29,1
3.66116975446834,72,2.80511601828039,0.856053736187948,1,I,30,1
121.019463412317,72,2.80810191761702,69.191898082383,0,C,31,1
44.0623132624049,56.1947761457493,2.89474766235799,41.1675656000469,1,I,32,1
13.6533041077272,72,2.91744229383767,10.7358618138895,1,C,33,1
6.61522613758823,72,2.95711053069681,3.65811560689142,1,I,34,1
35.9309940367661,72,2.98334664199501,32.9476473947711,1,C,35,1
61.3455705496391,72,3.32522117067128,58.0203493789678,1,I,36,1
61.5762915610547,70.227895875048,3.33861307706684,58.2376784839878,1,C,37,1
78.7677775899495,72,3.381328121759,68.618671878241,0,I,38,1
70.214416776197,72,3.48123283591121,66.7331839402857,1,C,39,1
30.5601777837789,72,3.56911004986614,26.9910677339127,1,I,40,1
67.3449898604469,72,3.57514687813818,63.7698429823087,1,C,41,1
18.4467697619738,72,3.68098142556846,14.7657883364053,1,I,42,1
38.4269360048087,72,3.71306719724089,34.7138688075678,1,C,43,1
38.3283899456517,72,3.72098478488624,34.6074051607655,1,I,44,1
4.88182250861252,72,3.74663850758225,1.13518400103028,1,C,45,1
11.4696994389444,72,3.76892041414976,7.70077902479463,1,I,46,1
12.9982613487306,37.5204474047874,3.86535552330315,9.13290582542748,1,C,47,1
50.5238813273078,72,4.04976569116116,46.4741156361466,1,I,48,1
77.1576508521035,72,4.27681848406792,67.7231815159321,0,C,49,1
95.3646868042511,72,4.31283437646925,67.6871656235308,0,I,50,1
22.8072697599533,72,4.38554864376783,18.4217211161854,1,C,51,1
35.6538511890653,72,4.54324072692543,31.1106104621399,1,I,52,1
70.2800851352993,72,4.58625739440322,65.6938277408961,1,C,53,1
10.6757049963916,38.5266872995943,4.6044042147696,6.07130078162203,1,I,54,1
19.1839037385963,72,4.60440892260522,14.5794948159911,1,C,55,1
21.9995097487642,72,4.6548229129985,17.3446868357657,1,I,56,1
12.0803240135612,72,4.66219460126013,7.41812941230104,1,C,57,1
88.0301550543013,25.695950793603,4.67555979732424,21.0203909962787,0,I,58,1
7.19411082267355,72,4.68854530714452,2.50556551552903,1,C,59,1
9.02525493756709,72,4.69290230423212,4.33235263333497,1,I,60,1
9.99507133834341,44.3959720331865,4.73317948635668,5.26189185198673,1,C,61,1
24.0003654045901,72,4.76355122867972,19.2368141759104,1,I,62,1
18.0405748781938,72,4.86787745263428,13.1726974255595,1,C,63,1
38.2248844079972,72,4.87061000894755,33.3542743990496,1,I,64,1
6.33590824492536,72,4.87640437670052,1.45950386822484,1,C,65,1
28.1119993624415,64.2056550573061,5.28149594552815,22.8305034169134,1,I,66,1
22.8088450164107,30.9327822497286,5.36895772442222,17.4398872919885,1,C,67,1
46.3591764913545,72,5.43976357206702,40.9194129192875,1,I,68,1
12.142933187647,72,5.56153700686991,6.58139618077705,1,C,69,1
42.5424804040805,72,5.61347616836429,36.9290042357162,1,I,70,1
8.82121006890375,72,5.65755895804614,3.16365111085761,1,C,71,1
27.5739575634173,72,5.73036496527493,21.8435925981424,1,I,72,1
37.17187724194,72,5.80336196813732,31.3685152738026,1,C,73,1
42.0836418369071,45.2198728838759,6.06683237012476,36.0168094667823,1,I,74,1
34.5815404717693,72,6.07574458234012,28.5057958894292,1,C,75,1
7.25269210996586,72,6.10240613110364,1.15028597886222,1,I,76,1
21.8516921581749,70.6834952769246,6.10699346289039,15.7446986952845,1,C,77,1
16.2874583180857,72,6.18192750960589,10.1055308084799,1,I,78,1
35.2321070792183,72,6.26474955584854,28.9673575233698,1,C,79,1
19.0023039275678,72,6.36356061324477,12.6387433143231,1,I,80,1
11.3773289710215,72,6.37274424545467,5.00458472556684,1,C,81,1
17.6735010798382,72,6.52250467333943,11.1509964064988,1,I,82,1
17.4308239453911,72,6.57631935551763,10.8545045898735,1,C,83,1
31.2167980452438,72,6.60218906588852,24.6146089793552,1,I,84,1
19.0163669968918,72,6.63220681250095,12.3841601843908,1,C,85,1
39.655852873196,72,6.71361370012164,32.9422391730744,1,I,86,1
37.4463434979316,72,6.72469756565988,30.7216459322717,1,C,87,1
55.4329013558868,72,6.78325414191932,48.6496472139675,1,I,88,1
112.689054202433,6.95133204096477,6.78891086485237,0.162421176112401,0,C,89,1
27.7574948243481,72,6.84533840976656,20.9121564145815,1,I,90,1
75.3857721924977,48.6488385543685,6.88592010643333,41.7629184479352,0,C,91,1
9.29713966420549,72,7.05387932248414,2.24326034172136,1,I,92,1
55.2884818125304,72,7.13598749600351,48.1524943165269,1,C,93,1
16.9226731798328,72,7.3552056401968,9.56746753963598,1,I,94,1
128.066967449655,72,7.41469995584339,64.5853000441566,0,C,95,1
39.0847030483327,72,7.7374037867412,31.3472992615915,1,I,96,1
32.4811694389708,72,7.76438815053552,24.7167812884353,1,C,97,1
20.9964901593347,72,7.83009690698236,13.1663932523524,1,I,98,1
8.66937759514495,72,7.96575205866247,0.703625536482478,1,C,99,1
94.7160646037868,72,8.05008694063872,63.9499130593613,0,I,100,1
19.3593968819416,72,8.26212713029236,11.0972697516492,1,C,101,1
37.4346892388397,72,8.30675579141825,29.1279334474214,1,I,102,1
28.3401877323358,72,8.38820126373321,19.9519864686026,1,C,103,1
56.2155492552248,72,8.44240395817906,47.7731452970457,1,I,104,1
28.9164791228547,66.931863221758,8.48150411155075,20.434975011304,1,C,105,1
46.368528399311,72,8.54679993353784,37.8217284657732,1,I,106,1
15.2853738041003,72,9.02464650571346,6.26072729838687,1,C,107,1
26.5414588579833,72,9.20299664139748,17.3384622165859,1,I,108,1
22.0128068674536,35.9911601943777,9.34391583781689,12.6688910296367,1,C,109,1
20.4867221422675,13.983542382451,9.41811568569392,4.56542669675708,0,I,110,1
9.66648674554312,55.1443322520227,9.42654670681804,0.239940038725073,1,C,111,1
66.4573960935779,72,9.49670028872788,56.96069580485,1,I,112,1
16.8199859468826,35.3183689374734,9.5730914734304,7.24689447345219,1,C,113,1
44.882995891451,72,9.93871918413788,34.9442767073131,1,I,114,1
43.5335947764815,72,10.0098107010126,33.5237840754689,1,C,115,1
23.2296869301986,72,10.1233329344541,13.1063539957445,1,I,116,1
11.6353685458099,59.4247038837046,10.1806886354461,1.4546799103638,1,C,117,1
32.7526525106957,72,10.2673822827637,22.485270227932,1,I,118,1
12.2620821557918,22.2956360379455,10.4391487268731,1.82293342891867,1,C,119,1
17.1182147448398,72,10.6722691236064,6.44594562123344,1,I,120,1
42.2430775003755,72,10.6822066241875,31.560870876188,1,C,121,1
39.2006005486983,25.5439256913079,10.7096932874992,14.8342324038086,0,I,122,1
55.7189804645639,72,10.8886229200289,44.830357544535,1,C,123,1
24.2179682915948,72,10.9813463967294,13.2366218948654,1,I,124,1
18.5505407387277,72,11.0487634129822,7.5017773257455,1,C,125,1
42.5609886171758,72,11.2556416913867,31.3053469257891,1,I,126,1
30.3713452883039,51.5219733440252,11.5526299970225,18.8187152912814,1,C,127,1
26.9514665044017,72,11.5528792049736,15.3985872994281,1,I,128,1
59.0798288766174,72,11.8132657790557,47.2665630975617,1,C,129,1
93.6710507393721,57.6187495019689,12.0171344233677,45.6016150786012,0,I,130,1
61.3713784398138,56.1461192393472,12.1047886367887,44.0413306025584,0,C,131,1
16.52488779023,72,12.1693658363074,4.35552195392256,1,I,132,1
12.9222801431539,72,12.4229671759531,0.499312967200857,1,C,133,1
52.6958393259901,72,12.5179942930117,40.1778450329784,1,I,134,1
53.5182722633887,72,12.5270692259073,40.9912030374814,1,C,135,1
22.3382035443551,72,12.70238106139,9.63582248296507,1,I,136,1
82.23554246776,64.1543931974963,12.7901904238388,51.3642027736575,0,C,137,1
74.6763878252196,62.6395689334453,12.9239343479276,49.7156345855177,0,I,138,1
162.375726949765,72,12.9258272470906,59.0741727529094,0,C,139,1
33.3074907174913,72,13.018835708499,20.2886550089923,1,I,140,1
29.1304403993644,72,13.1288671586663,16.0015732406981,1,C,141,1
80.6140120775378,72,13.1863023340702,58.8136976659298,0,I,142,1
103.708337763973,72,13.2022440014407,58.7977559985593,0,C,143,1
46.8204510518082,72,13.2961662439629,33.5242848078453,1,I,144,1
81.2558343513093,72,13.301934460178,58.698065539822,0,C,145,1
56.0512548012007,72,13.3593295002356,42.6919253009651,1,I,146,1
22.0555577402173,72,13.4439485287294,8.61160921148796,1,C,147,1
16.6497462739799,72,13.460754272528,3.18899200145195,1,I,148,1
50.6775264574321,72,13.7790514575318,36.8984749999003,1,C,149,1
57.9306775167379,72,13.803425473161,44.1272520435768,1,I,150,1
16.2397269054701,72,14.0385516174138,2.20117528805632,1,C,151,1
32.6345638592308,72,14.1049036430195,18.5296602162113,1,I,152,1
22.4137853792261,30.8024779071359,14.118779967539,8.29500541168709,1,C,153,1
58.9264783866845,50.1780583546798,14.1480998788029,36.0299584758769,0,I,154,1
15.4900315898313,72,14.3569124490023,1.13311914082906,1,C,155,1
60.0690837928101,72,14.3643054971471,45.7047782956629,1,I,156,1
30.3519937384693,72,14.459648639895,15.8923450985743,1,C,157,1
47.4102711367659,72,14.4769765622914,32.9332945744745,1,I,158,1
57.0791133251889,72,14.697856712155,42.3812566130338,1,C,159,1
114.854071750043,72,14.8223641980439,57.1776358019561,0,I,160,1
37.8853066854834,72,15.1317614782602,22.7535452072232,1,C,161,1
21.1841719110745,72,15.1865141373128,5.99765777376168,1,I,162,1
49.8143367592613,72,15.3915534261614,34.4227833330999,1,C,163,1
56.0401217816968,72,15.568394260481,40.4717275212158,1,I,164,1
64.9082685248914,72,15.6763819791377,49.2318865457537,1,C,165,1
61.77376932749,72,15.6848172750324,46.0889520524576,1,I,166,1
26.3125975094836,72,15.7005602912977,10.6120372181859,1,C,167,1
24.0644118736923,72,15.7122693350539,8.35214253863841,1,I,168,1
20.421811126187,72,15.8139630267397,4.60784809944735,1,C,169,1
51.5448462067004,44.2733460058541,15.882554766722,28.3907912391321,0,I,170,1
86.2295337568009,72,15.9436629898846,56.0563370101154,0,C,171,1
19.8771947104666,72,15.9811820229515,3.89601268751507,1,I,172,1
72.1785109279458,72,16.1846538120881,55.8153461879119,0,C,173,1
33.8541103595938,72,16.2650197651237,17.58909059447,1,I,174,1
38.926926676111,72,16.278756824322,22.6481698517889,1,C,175,1
54.4206144465738,43.3504173435473,16.3490177784115,27.0013995651358,0,I,176,1
25.4160097890557,72,16.3752349186689,9.04077487038687,1,C,177,1
34.5953496831751,72,16.5634468523785,18.0319028307966,1,I,178,1
126.222764848742,72,16.5642684604973,55.4357315395027,0,C,179,1
42.8504962268378,72,16.93129805848,25.9191981683578,1,I,180,1
28.147210418712,72,17.0301515422761,11.1170588764359,1,C,181,1
24.208890945123,72,17.2095466917381,6.99934425338497,1,I,182,1
47.646426285206,28.6977989743464,17.2260918421671,11.4717071321793,0,C,183,1
109.01493555977,72,17.3994971998036,54.6005028001964,0,I,184,1
19.4134102523112,72,17.4731761403382,1.94023411197305,1,C,185,1
40.7674599792839,63.9404779107235,17.5372808100656,23.2301791692184,1,I,186,1
49.3768461531908,72,17.6636880403385,31.7131581128523,1,C,187,1
25.6174866381716,72,17.7221935847774,7.89529305339421,1,I,188,1
59.8623146842744,24.0933627363633,17.9095623269677,6.18380040939558,0,C,189,1
22.7935223787134,72,18.2471217820421,4.54640059667133,1,I,190,1
63.5814026534669,72,18.2868672022596,45.2945354512073,1,C,191,1
29.8418123870017,72,18.3906843792647,11.451128007737,1,I,192,1
97.716618209886,72,18.8308137981221,53.1691862018779,0,C,193,1
103.519480734989,72,18.8391700387001,53.1608299612999,0,I,194,1
44.7835865651837,72,18.8516963738948,25.9318901912889,1,C,195,1
37.474049024061,72,18.9313586521894,18.5426903718717,1,I,196,1
22.4225745457701,23.7693840572192,18.9875221811235,3.43505236464664,1,C,197,1
89.5710011270863,72,19.0624018292874,52.9375981707126,0,I,198,1
34.6131555588157,72,19.1498049907386,15.4633505680771,1,C,199,1
50.0748047058761,72,19.2114608595148,30.8633438463614,1,I,200,1
65.7814422605396,72,19.2407075129449,46.5407347475947,1,C,201,1
21.2552127636647,72,19.6486545028165,1.60655826084821,1,I,202,1
72.7668582031626,72,19.8053815634921,52.1946184365079,0,C,203,1
38.2778447836429,72,19.830651730299,18.4471930533439,1,I,204,1
75.6330123502206,24.3422670293522,19.8536957614124,4.48857126793984,0,C,205,1
43.6199040984537,72,19.9475624738261,23.6723416246276,1,I,206,1
70.0381429522306,72,20.0955676753074,49.9425752769233,1,C,207,1
47.5020091865482,72,20.1547167124227,27.3472924741255,1,I,208,1
45.5212761257024,72,20.2811738150194,25.2401023106829,1,C,209,1
22.2274225132745,72,20.4609651491046,1.76645736416994,1,I,210,1
23.341503069792,70.3948352057392,20.6319796806201,2.70952338917188,1,C,211,1
57.3619008549501,72,20.6580763449892,36.7038245099609,1,I,212,1
48.3127214331623,72,20.733833508566,27.5788879245963,1,C,213,1
22.5867844307464,23.3593708142065,20.767394551076,1.81938987967043,1,I,214,1
45.8260920044567,63.4763117480212,20.7862240215763,25.0398679828803,1,C,215,1
45.6031392295818,57.7018201358058,20.8539199875668,24.749219242015,1,I,216,1
49.4063795806509,72,20.8827842166647,28.5235953639861,1,C,217,1
41.3942678435132,72,21.1065191449597,20.2877486985534,1,I,218,1
38.9569847450203,72,21.1386022064835,17.8183825385368,1,C,219,1
151.209581820388,22.669537206779,21.3977242726833,1.27181293409576,0,I,220,1
115.286621748563,72,21.4547005528584,50.5452994471416,0,C,221,1
52.7145746206756,72,21.5211589867249,31.1934156339506,1,I,222,1
37.7789970427681,72,21.5518076671287,16.2271893756394,1,C,223,1
23.9414262588393,72,21.6295312950388,2.31189496380051,1,I,224,1
39.6294364464558,72,21.704061194323,17.9253752521328,1,C,225,1
30.1465117138495,72,21.7306104116142,8.41590130223532,1,I,226,1
60.0097616284368,72,21.7362670088187,38.2734946196181,1,C,227,1
61.9390777324792,72,21.8741007428616,40.0649769896175,1,I,228,1
45.4159845576483,72,21.9574062293395,23.4585783283087,1,C,229,1
54.8981336826842,72,22.0822904258966,32.8158432567875,1,I,230,1
29.7967363132358,72,22.1990963257849,7.59763998745083,1,C,231,1
55.1559790978023,72,22.2495587635785,32.9064203342238,1,I,232,1
39.696045554663,72,22.2607802879065,17.4352652667565,1,C,233,1
72.1757748634366,72,22.3326127650216,49.6673872349784,0,I,234,1
183.59664243414,72,22.4189770314842,49.5810229685158,0,C,235,1
53.1599685437612,72,22.4560957029462,30.703872840815,1,I,236,1
43.3175744066981,32.286207165292,22.6311887567863,9.65501840850573,0,C,237,1
30.9156169657068,72,22.659678356722,8.25593860898477,1,I,238,1
24.6992026940325,70.7036766824735,22.6959390565753,2.0032636374572,1,C,239,1
59.7731000979174,72,22.703301650472,37.0697984474454,1,I,240,1
26.8949051605616,72,22.7566740615293,4.13823109903225,1,C,241,1
29.9886740214579,72,23.0065181292594,6.9821558921986,1,I,242,1
32.9516926568552,61.7445780717625,23.0300524597988,9.92164019705642,1,C,243,1
24.4644337772613,40.3416497784762,23.0651026871055,1.39933109015571,1,I,244,1
25.9908309543734,72,23.3412581216544,2.64957283271897,1,C,245,1
40.5100069417569,72,23.3804484643042,17.1295584774527,1,I,246,1
27.1501996347452,72,23.410968077369,3.73923155737614,1,C,247,1
53.8823916214591,72,23.5230558877811,30.359335733678,1,I,248,1
26.3346585108147,72,23.5373091883957,2.79734932241891,1,C,249,1
114.316662685105,72,23.5801581339911,48.4198418660089,0,I,250,1
119.129016157255,70.2915817051788,23.5866002412513,46.7049814639275,0,C,251,1
24.4100768004612,72,23.6349688796327,0.775107920828554,1,I,252,1
75.7193584633082,72,23.6939994664863,48.3060005335137,0,C,253,1
25.1910398948354,72,23.8557938765734,1.33524601826191,1,I,254,1
26.6949928526428,72,24.0328325796872,2.66216027295554,1,C,255,1
62.2723625015846,72,24.0874796546996,38.184882846885,1,I,256,1
33.8513476207409,72,24.0999811515212,9.7513664692197,1,C,257,1
36.8871952374356,32.6370977068758,24.3249769834802,8.31212072339566,0,I,258,1
73.7658646155649,72,24.340156163089,47.659843836911,0,C,259,1
47.5077633497282,72,24.367368221283,23.1403951284452,1,I,260,1
73.0115396765219,72,24.5912825502455,47.4087174497545,0,C,261,1
34.7491523798977,33.5335216308102,24.6836972935125,8.84982433729772,0,I,262,1
31.1271031291169,37.9130958709602,24.6841059532017,6.44299717591519,1,C,263,1
27.4477385672755,72,24.6864377288148,2.7613008384607,1,I,264,1
42.6754510027375,30.6852100650552,24.7028082981706,5.98240176688467,0,C,265,1
65.2275343504014,46.4196370538215,24.9568313034251,21.4628057503963,0,I,266,1
49.4980345936458,72,25.0424784980714,24.4555560955743,1,C,267,1
36.0618632705371,72,25.3338185185567,10.7280447519804,1,I,268,1
53.061530373761,39.3601780242555,25.4269252019003,13.9332528223552,0,C,269,1
139.829537420675,72,25.7750779855996,46.2249220144004,0,I,270,1
111.943747987733,72,25.7879462884739,46.2120537115261,0,C,271,1
26.5867832423432,72,25.8280781004578,0.758705141885436,1,I,272,1
32.6128221733653,72,25.8769825519994,6.73583962136594,1,C,273,1
49.6461997013639,72,25.9761272929609,23.670072408403,1,I,274,1
60.9358624907608,72,26.148247551173,34.7876149395878,1,C,275,1
106.098755406517,72,26.1490537645295,45.8509462354705,0,I,276,1
33.9857082593203,72,26.1575029604137,7.82820529890665,1,C,277,1
193.440413525298,72,26.2680155178532,45.7319844821468,0,I,278,1
27.4660434141622,72,26.3121350063011,1.1539084078611,1,C,279,1
26.4162874034403,72,26.3566588656977,0.0596285377425704,1,I,280,1
26.9271960637074,72,26.5430561313406,0.384139932366862,1,C,281,1
201.456959873044,72,26.5753543702886,45.4246456297115,0,I,282,1
55.4543695877011,72,26.7568028066307,28.6975667810704,1,C,283,1
83.3315939728057,72,26.7638997640461,45.2361002359539,0,I,284,1
31.6378579955536,72,26.8212844664231,4.81657352913051,1,C,285,1
97.4150987942291,72,27.1082650590688,44.8917349409312,0,I,286,1
35.5346824089339,72,27.2789457812905,8.25573662764341,1,C,287,1
32.3877208301378,31.4374637056851,27.4523977562785,3.98506594940663,0,I,288,1
34.2682750631686,69.5377634518508,27.5127258477733,6.75554921539533,1,C,289,1
42.0206407737052,72,27.5622080080211,14.4584327656841,1,I,290,1
30.2501918587467,72,27.5744064152241,2.67578544352266,1,C,291,1
82.0822524383177,72,27.6211623195559,44.3788376804441,0,I,292,1
58.0812547656753,72,27.828157232143,30.2530975335323,1,C,293,1
71.3064707957275,72,27.848055632785,43.4584151629426,1,I,294,1
40.2923696675713,35.7086466069976,27.9293260211125,7.77932058588511,0,C,295,1
30.3608490310483,50.1342738723879,27.9573506209999,2.40349841004837,1,I,296,1
54.7309196077149,72,28.0871469760314,26.6437726316836,1,C,297,1
111.585572398356,72,28.1517254468054,43.8482745531946,0,I,298,1
72.5388619700523,72,28.1964122643694,43.8035877356306,0,C,299,1
49.6190763816153,72,28.6019296897575,21.0171466918577,1,I,300,1
88.7815644590773,72,28.6637172661722,43.3362827338278,0,C,301,1
124.654576037109,72,28.7558616092429,43.2441383907571,0,I,302,1
29.1946379744733,57.9678436113579,28.8767743762583,0.317863598215019,1,C,303,1
45.2949774850163,45.9181315412381,29.0477404883131,16.2472369967032,1,I,304,1
102.882204362625,72,29.0542587591335,42.9457412408665,0,C,305,1
42.075045871839,72,29.3096192926168,12.7654265792222,1,I,306,1
58.6424960766888,72,29.468927225098,29.1735688515908,1,C,307,1
52.4877431802557,72,29.611563468352,22.8761797119037,1,I,308,1
37.314578356702,72,29.6684730565175,7.6461053001845,1,C,309,1
50.2275426389714,72,29.7524713911116,20.4750712478598,1,I,310,1
65.1405870822956,72,29.7995286108926,35.341058471403,1,C,311,1
52.8264743204525,72,30.0566725758836,22.7698017445689,1,I,312,1
32.4641057046048,72,30.4007115354762,2.06339416912862,1,C,313,1
32.3025266545872,72,30.4603252932429,1.84220136134424,1,I,314,1
163.174536831039,72,30.5495715234429,41.4504284765571,0,C,315,1
42.6452889510369,72,30.5857946304604,12.0594943205765,1,I,316,1
45.304354207206,72,30.6033784942701,14.7009757129359,1,C,317,1
45.4988150968652,72,30.6693917373195,14.8294233595457,1,I,318,1
49.0550092715548,72,30.7054411852732,18.3495680862815,1,C,319,1
35.2249303487308,72,30.7545628538355,4.47036749489524,1,I,320,1
47.7832454567875,72,30.7565403683111,17.0267050884764,1,C,321,1
39.3062248056408,31.6008855789798,30.7957289926708,0.805156586309018,0,I,322,1
44.2348912357422,72,30.8496707724407,13.3852204633015,1,C,323,1
44.0760544332127,72,30.9273836715147,13.148670761698,1,I,324,1
53.9534356094315,72,31.1382505344227,22.8151850750088,1,C,325,1
116.383973724939,72,31.195074794814,40.804925205186,0,I,326,1
32.399368841305,72,31.4104303624481,0.988938478856874,1,C,327,1
155.325181512747,72,31.4625030197203,40.5374969802797,0,I,328,1
38.6793865560641,72,31.4645180571824,7.21486849888171,1,C,329,1
51.8740728406842,72,31.6579185286537,20.2161543120305,1,I,330,1
70.4011418638727,72,31.6640779701993,38.7370638936734,1,C,331,1
70.7249651940182,60.2244865452067,31.8809168972075,28.3435696479992,0,I,332,1
89.0151721865126,72,32.0851838914678,39.9148161085323,0,C,333,1
49.7712065746792,72,32.1540552657098,17.6171513089694,1,I,334,1
57.5135878807548,72,32.157637286,25.3559505947548,1,C,335,1
79.6149154139397,36.6614122603705,32.2042302461341,4.45718201423642,0,I,336,1
58.074899491942,72,32.2185130510479,25.856386440894,1,C,337,1
83.3819984578945,72,32.2392061958089,39.7607938041911,0,I,338,1
36.5217302515185,72,32.3044910375029,4.21723921401564,1,C,339,1
36.4559095193792,72,32.3766068648547,4.07930265452452,1,I,340,1
57.5893328981299,72,32.4813791178167,25.1079537803132,1,C,341,1
81.3876596504257,72,32.5264052627608,39.4735947372392,0,I,342,1
86.7708059177283,72,32.5433015311137,39.4566984688863,0,C,343,1
51.4906204419432,72,32.7367610810325,18.7538593609107,1,I,344,1
64.4394858202651,72,32.9593836050481,31.480102215217,1,C,345,1
57.4837064426861,72,33.1006670091301,24.3830394335559,1,I,346,1
54.3089870407228,72,33.2172626629472,21.0917243777756,1,C,347,1
124.540328286735,72,33.3430904801935,38.6569095198065,0,I,348,1
63.1426395470874,72,33.3797524357215,29.762887111366,1,C,349,1
46.2331475851525,72,33.4743177518249,12.7588298333277,1,I,350,1
38.614369946804,72,33.5261562885717,5.08821365823233,1,C,351,1
34.41652277445,72,33.5294644860551,0.887058288394909,1,I,352,1
42.9504238255399,72,33.5985289514065,9.35189487413343,1,C,353,1
35.7572164755666,39.3039879220533,33.6126127280295,2.14460374753712,1,I,354,1
44.3318851064075,66.8251445875527,33.7070530001074,10.6248321063001,1,C,355,1
39.4793242951907,59.5161959051301,33.7694720411673,5.70985225402337,1,I,356,1
61.6339759931451,72,33.8583442568779,27.7756317362672,1,C,357,1
39.725864478716,72,33.8615883886814,5.86427609003461,1,I,358,1
71.0678890802565,72,34.1267304634675,36.941158616789,1,C,359,1
51.4458793672791,72,34.2951943958178,17.1506849714612,1,I,360,1
47.4171124244108,72,34.3031411524862,13.1139712719246,1,C,361,1
129.689971339115,42.7837019271468,34.6361319394782,8.14756998766853,0,I,362,1
101.83424565671,72,34.7400598973036,37.2599401026964,0,C,363,1
44.8317987902874,72,34.7716604964808,10.0601382938066,1,I,364,1
68.08032239737,72,34.8643738310784,33.2159485662916,1,C,365,1
53.9595850205877,72,34.9172929069027,19.0422921136849,1,I,366,1
54.0492701996588,72,35.1935844216496,18.8556857780092,1,C,367,1
48.3248522755306,51.3223164068627,35.2060305140913,13.1188217614393,1,I,368,1
57.5594386425632,72,35.256077167578,22.3033614749852,1,C,369,1
55.264835780409,72,35.2850208291784,19.9798149512306,1,I,370,1
42.9911455475997,72,35.3939772723243,7.59716827527544,1,C,371,1
103.098397491963,72,35.3995371144265,36.6004628855735,0,I,372,1
103.093171237035,72,35.6247525941581,36.375247405842,0,C,373,1
49.100825991878,72,35.6593140168116,13.4415119750665,1,I,374,1
104.085672461418,72,35.6756872544065,36.3243127455935,0,C,375,1
51.1795017985236,72,36.0535981273279,15.1259036711957,1,I,376,1
114.024908476811,72,36.0687246406451,35.9312753593549,0,C,377,1
51.083034446761,72,36.0734935384244,15.0095409083367,1,I,378,1
165.617975748491,72,36.0992759233341,35.9007240766659,0,C,379,1
139.712534115542,72,36.4487278042361,35.5512721957639,0,I,380,1
108.9483509274,72,36.5120102092624,35.4879897907376,0,C,381,1
50.0824880954487,43.4472972351806,36.6103161871433,6.83698104803726,0,I,382,1
44.9551079193787,72,36.7503408389166,8.20476708046215,1,C,383,1
123.120458480803,72,36.7914765514433,35.2085234485567,0,I,384,1
132.737082049961,72,36.8666127277538,35.1333872722462,0,C,385,1
42.5818127450296,59.071731926906,36.9827821757644,5.59903056926515,1,I,386,1
144.985463913747,72,37.0705192303285,34.9294807696715,0,C,387,1
109.823328596965,72,37.1153418067843,34.8846581932157,0,I,388,1
43.7478847915203,72,37.1473640855402,6.60052070598009,1,C,389,1
55.8378921874641,72,37.2101762378588,18.6277159496053,1,I,390,1
107.99200010956,72,37.2160069970414,34.7839930029586,0,C,391,1
56.7156039426277,72,37.2452873876318,19.4703165549958,1,I,392,1
39.21640240355,72,37.355354949832,1.86104745371807,1,C,393,1
104.782411903722,72,37.3697151616216,34.6302848383784,0,I,394,1
99.8560056576224,72,37.5700406217948,34.4299593782052,0,C,395,1
38.3329210116839,72,37.6104091247544,0.722511886929569,1,I,396,1
58.3569440047202,72,37.7533936919644,20.6035503127558,1,C,397,1
92.5145434313812,72,37.9424004955217,34.0575995044783,0,I,398,1
75.1654777275652,72,37.9500310868025,34.0499689131975,0,C,399,1
41.7559144828959,72,38.0274224001914,3.72849208270449,1,I,400,1
109.039106979724,72,38.1460950057954,33.8539049942046,0,C,401,1
51.8206812845756,72,38.2313562417403,13.5893250428353,1,I,402,1
42.0578119263974,72,38.3372384123504,3.72057351404697,1,C,403,1
49.1550859595412,72,38.5147800296545,10.6403059298867,1,I,404,1
70.2574451142522,72,38.5292718932033,31.7281732210489,1,C,405,1
88.2644593363328,72,38.7466399278492,33.2533600721508,0,I,406,1
101.737085552569,72,38.7579180160537,33.2420819839463,0,C,407,1
56.5501147087903,72,38.8359511177987,17.7141635909916,1,I,408,1
63.3805547007603,72,39.019191772677,24.3613629280833,1,C,409,1
55.7602753892832,72,39.2211791686714,16.5390962206118,1,I,410,1
56.3810369760535,72,39.2888664454222,17.0921705306313,1,C,411,1
67.4752439403553,72,39.4056426454335,28.0696012949218,1,I,412,1
57.1242423227959,72,39.4224183959886,17.7018239268073,1,C,413,1
41.6470085943033,72,39.4538435898721,2.19316500443122,1,I,414,1
101.503608648831,72,39.8248036159202,32.1751963840798,0,C,415,1
72.5060662262895,72,39.9569528969005,32.0430471030995,0,I,416,1
44.4439269083389,72,39.9685924267396,4.47533448159926,1,C,417,1
162.123611758855,72,40.0592092517763,31.9407907482237,0,I,418,1
50.2325499681466,72,40.0595772592351,10.1729727089116,1,C,419,1
111.621569566016,72,40.1996420323849,31.8003579676151,0,I,420,1
40.9000132275287,53.4052450370992,40.3305383725092,0.569474855019474,1,C,421,1
47.5052327520328,72,40.3635048028082,7.14172794922461,1,I,422,1
60.2567708872162,72,40.3814364597201,19.875334427496,1,C,423,1
91.2137957884958,72,40.490068285726,31.509931714274,0,I,424,1
73.7230859456133,72,40.5172788910568,31.4827211089432,0,C,425,1
54.7463852862682,72,40.5262301489711,14.2201551372971,1,I,426,1
47.888141952297,72,40.5412203026935,7.34692164960343,1,C,427,1
97.1341814701108,72,40.5939149111509,31.4060850888491,0,I,428,1
71.9528395771077,72,40.6932176789269,31.2596218981808,1,C,429,1
61.3551382798869,72,40.8037279034033,20.5514103764835,1,I,430,1
52.5532632044457,72,40.9786459151655,11.5746172892802,1,C,431,1
59.405280864449,72,41.0588120436296,18.3464688208194,1,I,432,1
88.3155058638923,72,41.0629552323371,30.9370447676629,0,C,433,1
42.2939910081281,72,41.0732691781595,1.22072182996854,1,I,434,1
48.9182001805803,72,41.1993386456743,7.71886153490602,1,C,435,1
48.4469306546181,72,41.2024149857461,7.24451566887192,1,I,436,1
73.9180181324432,72,41.285091843456,30.714908156544,0,C,437,1
43.1029572888075,72,41.3172924611717,1.78566482763576,1,I,438,1
58.4541742019299,72,41.371031482704,17.0831427192259,1,C,439,1
191.634622185516,72,41.7960255313665,30.2039744686335,0,I,440,1
58.4458266257085,49.3365745819558,41.8929081643,7.44366641765574,0,C,441,1
90.4323301253288,72,41.9652617163956,30.0347382836044,0,I,442,1
63.2081327390472,72,42.0906384615228,21.1174942775244,1,C,443,1
85.3934884080365,72,42.1607311908156,29.8392688091844,0,I,444,1
57.3494010609993,72,42.2384331934154,15.1109678675839,1,C,445,1
85.6388229576396,72,42.3342627100647,29.6657372899354,0,I,446,1
45.0545277915934,72,42.3609141027555,2.69361368883787,1,C,447,1
115.001233329851,72,42.8353916527703,29.1646083472297,0,I,448,1
118.481517901142,72,42.8447171626613,29.1552828373387,0,C,449,1
155.97270109142,72,42.9704129789025,29.0295870210975,0,I,450,1
50.2094440023726,72,43.1877248128876,7.02171918948498,1,C,451,1
53.5397639808828,72,43.1890452699736,10.3507187109092,1,I,452,1
54.9629683002303,72,43.2237232849002,11.7392450153301,1,C,453,1
63.869072238623,72,43.2556680450216,20.6134041936014,1,I,454,1
52.6085604811611,49.8862337827467,43.5722274100408,6.31400637270589,0,C,455,1
56.3819612096426,72,43.6150870285928,12.7668741810498,1,I,456,1
52.7102864441703,46.5951530614831,43.726942925714,2.86821013576916,0,C,457,1
69.1676983118565,72,43.7358412938193,25.4318570180372,1,I,458,1
67.2298128034497,72,43.797635184601,23.4321776188487,1,C,459,1
78.4271602814834,67.7577421463731,43.850956899114,23.9067852472591,0,I,460,1
230.685461776776,72,44.0532192215323,27.9467807784677,0,C,461,1
48.6252044769594,72,44.0922016091645,4.53300286779493,1,I,462,1
81.1803744046808,65.8352307145617,44.2062578955665,21.6289728189952,0,C,463,1
58.1176866786028,72,44.3144104443491,13.8032762342537,1,I,464,1
45.3081356209939,72,44.518587780185,0.789547840808834,1,C,465,1
84.1776969351988,72,44.5342339854687,27.4657660145313,0,I,466,1
138.088423967506,72,44.5550118153915,27.4449881846085,0,C,467,1
136.082477062606,72,44.8014655709267,27.1985344290733,0,I,468,1
50.3225745865472,72,44.8215629300103,5.50101165653697,1,C,469,1
58.9239287203768,72,44.9919454660267,13.9319832543501,1,I,470,1
129.478397357476,72,45.031824382022,26.968175617978,0,C,471,1
92.6543654619891,72,45.1922857761383,26.8077142238617,0,I,472,1
47.4935997003555,72,45.192709621042,2.3008900793135,1,C,473,1
145.579385956646,72,45.4102264344692,26.5897735655308,0,I,474,1
46.4426550676396,72,45.4828507779166,0.959804289722973,1,C,475,1
58.8269020411084,72,45.4868036415428,13.3400983995656,1,I,476,1
52.885507598961,72,45.4930416494608,7.39246594950024,1,C,477,1
130.633497800969,72,45.4965955903754,26.5034044096246,0,I,478,1
51.8182450430354,72,45.5315273534507,6.28671768958476,1,C,479,1
87.3083103396743,72,45.6046144478023,26.3953855521977,0,I,480,1
104.557120650674,72,45.6794318603352,26.3205681396648,0,C,481,1
58.6317937705396,72,45.6804823502898,12.9513114202497,1,I,482,1
133.978898949292,72,45.6812552316114,26.3187447683886,0,C,483,1
62.976655649173,72,45.7007561484352,17.2758995007378,1,I,484,1
56.0087729257158,72,45.7408929616213,10.2678799640945,1,C,485,1
46.7439264888183,72,46.0302127897739,0.713713699044364,1,I,486,1
46.3777304655116,72,46.2596363201737,0.11809414533785,1,C,487,1
72.3306291636602,72,46.2813121033832,25.7186878966168,0,I,488,1
93.7817590033786,72,46.2951007112861,25.7048992887139,0,C,489,1
68.2196305946617,72,46.2968215998262,21.9228089948355,1,I,490,1
52.9835546400382,72,46.4917094400153,6.49184520002297,1,C,491,1
88.9386021379201,72,46.5665443288162,25.4334556711838,0,I,492,1
52.8210135666892,72,46.6267667384818,6.19424682820737,1,C,493,1
49.9000453042813,72,46.6306301392615,3.26941516501979,1,I,494,1
59.1334551251593,72,46.717501860112,12.4159532650473,1,C,495,1
59.0911990911656,53.9442700622028,46.7388837877661,7.20538627443666,0,I,496,1
209.393890231824,72,46.7710055736825,25.2289944263175,0,C,497,1
109.420515054325,72,46.8856302509084,25.1143697490916,0,I,498,1
50.0673622183622,72,46.9798518810421,3.08751033732011,1,C,499,1
112.6151962116,72,47.0954940514639,24.9045059485361,0,I,500,1
91.510679586055,72,47.1873188205063,24.8126811794937,0,C,501,1
48.72863262019,72,47.2165415575728,1.51209106261719,1,I,502,1
206.007713636902,72,47.3988868994638,24.6011131005362,0,C,503,1
52.1239754175521,72,47.4590708920732,4.66490452547887,1,I,504,1
86.3039680698323,70.4361699353804,47.5424677412957,22.8937021940847,0,C,505,1
162.089202295598,72,47.5444122590125,24.4555877409875,0,I,506,1
101.648521648232,72,47.5445995526388,24.4554004473612,0,C,507,1
67.6367534117306,52.7321735408392,47.7127463417128,5.01942719912644,0,I,508,1
78.9508814129405,72,47.7521047415212,24.2478952584788,0,C,509,1
74.4143282331149,72,47.833236772567,24.166763227433,0,I,510,1
108.978515904587,72,47.8485977975652,24.1514022024348,0,C,511,1
87.0447037008924,72,48.0234152125195,23.9765847874805,0,I,512,1
162.743061981457,72,48.1410230509937,23.8589769490063,0,C,513,1
49.9600101254653,72,48.2360582146794,1.72395191078597,1,I,514,1
61.7022585261889,72,48.2840805407614,13.4181779854275,1,C,515,1
72.8707411834406,72,48.3221615944058,23.6778384055942,0,I,516,1
70.5513784214528,72,48.4726239508018,22.0787544706511,1,C,517,1
56.462481657004,72,48.4974822448567,7.96499941214737,1,I,518,1
78.0467414161687,63.7848432372234,48.5106848459691,15.2741583912543,0,C,519,1
57.2338325843191,72,48.7018720339984,8.53196055032076,1,I,520,1
50.8607464146169,72,48.9930514153093,1.86769499930759,1,C,521,1
81.6226353126811,72,49.2034048726782,22.7965951273218,0,I,522,1
74.689981912766,72,49.2910415260121,22.7089584739879,0,C,523,1
51.0535310529681,72,49.4595623016357,1.59396875133231,1,I,524,1
68.3634849580239,72,49.5311573334038,18.8323276246201,1,C,525,1
50.7254452327405,72,49.5896769454703,1.13576828727024,1,I,526,1
85.6160117382657,72,49.5910129090771,22.4089870909229,0,C,527,1
89.0060767672691,72,49.9002856342122,22.0997143657878,0,I,528,1
57.7569562099353,61.7575825540522,50.0443056877703,7.71265052216504,1,C,529,1
79.1746750721664,72,50.0661641545594,21.9338358454406,0,I,530,1
70.014091118053,72,50.1127410773188,19.9013500407342,1,C,531,1
64.0454805981736,72,50.1261417428032,13.9193388553704,1,I,532,1
66.0898410474006,72,50.1800894876942,15.9097515597063,1,C,533,1
55.8617091529706,72,50.2649107994512,5.5967983535194,1,I,534,1
58.3568315772392,72,50.3160120081157,8.04081956912353,1,C,535,1
57.2538608452948,71.2232654070797,50.5426184087992,6.71124243649567,1,I,536,1
53.4173188573298,72,50.823297360912,2.59402149641781,1,C,537,1
64.2394882386611,72,50.8234935253859,13.4159947132752,1,I,538,1
63.3424451620459,53.9857360888661,50.9007533965632,3.08498269230284,0,C,539,1
104.018786125931,72,51.0308576049283,20.9691423950717,0,I,540,1
80.0069310034439,72,51.0967681696639,20.9032318303362,0,C,541,1
51.923944142166,72,51.1223072838038,0.8016368583622,1,I,542,1
56.142361919766,72,51.1491002328694,4.99326168689661,1,C,543,1
115.98773429132,72,51.2342353770509,20.7657646229491,0,I,544,1
182.492124736285,72,51.5243742847815,20.4756257152185,0,C,545,1
69.8042676138689,72,51.6251273872331,18.1791402266359,1,I,546,1
60.163715162817,72,51.6406408231705,8.52307433964642,1,C,547,1
63.273652115431,72,51.8156998464838,11.4579522689473,1,I,548,1
55.8847347720003,72,51.8209332833067,4.0638014886936,1,C,549,1
62.3127569445128,72,51.9796099048108,10.333147039702,1,I,550,1
67.3017779054499,72,52.0162787893787,15.2854991160712,1,C,551,1
72.5658776198489,72,52.0928082056344,19.9071917943656,0,I,552,1
62.3035575174415,72,52.3906714562327,9.91288606120881,1,C,553,1
76.0549736006094,72,52.4833625089377,19.5166374910623,0,I,554,1
103.036061776573,55.9987779150023,52.9140261467546,3.08475176824771,0,C,555,1
111.2394565622,72,52.9246872151271,19.075312784873,0,I,556,1
53.8851644600807,72,53.461432736367,0.423731723713717,1,C,557,1
65.8163977456711,72,53.4878444485366,12.3285532971345,1,I,558,1
56.3179932210915,72,53.5487185232341,2.76927469785734,1,C,559,1
56.7948860178784,72,53.5793942352757,3.21549178260274,1,I,560,1
96.4012514047142,72,54.1029160888866,17.8970839111134,0,C,561,1
55.7104377271801,66.082251440103,54.1416584188119,1.56877930836819,1,I,562,1
80.4380063183942,72,54.3393605807796,17.6606394192204,0,C,563,1
97.7039136722117,72,54.4241466047242,17.5758533952758,0,I,564,1
55.9596406904373,72,54.5388728845865,1.42076780585082,1,C,565,1
59.9690572324006,72,54.7701206244528,5.19893660794773,1,I,566,1
55.2427367682813,72,54.8645614692941,0.378175298987121,1,C,567,1
202.878828467671,72,54.9157043779269,17.0842956220731,0,I,568,1
82.8664936112604,72,54.9194862507284,17.0805137492716,0,C,569,1
79.3652502999651,72,54.9717174097896,17.0282825902104,0,I,570,1
79.3240253724334,72,55.2804619492963,16.7195380507037,0,C,571,1
59.3478302774214,72,55.4291206179187,3.91870965950277,1,I,572,1
141.098092476026,72,55.4410993074998,16.5589006925002,0,C,573,1
57.3840623210599,72,55.5631484789774,1.82091384208251,1,I,574,1
93.0368611163981,72,55.5741123575717,16.4258876424283,0,C,575,1
76.180921029629,72,55.6850426830351,16.3149573169649,0,I,576,1
134.89898887875,72,55.9599385969341,16.0400614030659,0,C,577,1
91.9739169201215,72,56.0161112202331,15.9838887797669,0,I,578,1
69.9864442109486,72,56.0530235571787,13.9334206537699,1,C,579,1
62.0656452657594,72,56.0969964740798,5.96864879167956,1,I,580,1
69.2428911686028,72,56.3316917605698,12.911199408033,1,C,581,1
91.6985173362677,61.9911045971124,56.3662931788713,5.62481141824109,0,I,582,1
102.272780159654,72,56.5533363400027,15.4466636599973,0,C,583,1
61.8793667015383,72,56.5590864792466,5.32028022229166,1,I,584,1
63.4291504389201,72,56.6814243653789,6.74772607354113,1,C,585,1
105.04487828437,72,56.779499812983,15.220500187017,0,I,586,1
77.2119243779325,72,56.7801774200052,15.2198225799948,0,C,587,1
101.356264025013,72,56.8797390349209,15.1202609650791,0,I,588,1
61.4246145276361,64.6827976061777,56.9520601350814,4.47255439255472,1,C,589,1
127.912254820809,72,57.0131644047797,14.9868355952203,0,I,590,1
58.2738976754675,72,57.1356973377988,1.13820033766869,1,C,591,1
71.5334179616389,72,57.1905624680221,14.3428554936167,1,I,592,1
138.709764842142,72,57.5140698580071,14.4859301419929,0,C,593,1
66.8645604584214,72,57.6913040969521,9.17325636146928,1,I,594,1
179.807354659488,72,57.6927929045633,14.3072070954368,0,C,595,1
63.9192796542742,72,57.788303475827,6.13097617844718,1,I,596,1
89.6184851797591,72,57.7969517698512,14.2030482301489,0,C,597,1
58.4350964174511,72,57.8517106454819,0.583385771969163,1,I,598,1
121.046330808932,72,57.9099813150242,14.0900186849758,0,C,599,1
60.2256146701876,72,57.918139337562,2.30747533262556,1,I,600,1
180.197595102289,72,58.0935092736036,13.9064907263964,0,C,601,1
69.4493783878497,72,58.2100605452433,11.2393178426064,1,I,602,1
100.908491065678,72,58.2232253160328,13.7767746839672,0,C,603,1
246.490505604953,72,58.4258299134672,13.5741700865328,0,I,604,1
85.1103382120934,72,58.7338517513126,13.2661482486874,0,C,605,1
65.1857985058575,72,58.7387857027352,6.44701280312229,1,I,606,1
62.916268703783,70.9152857520987,58.8670356664807,4.04923303730228,1,C,607,1
150.848828584881,72,58.9360434003174,13.0639565996826,0,I,608,1
59.5595446714754,72,59.1436062427238,0.41593842875162,1,C,609,1
78.9393894839828,72,59.1445716843009,12.8554283156991,0,I,610,1
91.4880779979146,72,59.3591249501333,12.6408750498667,0,C,611,1
69.0416700912612,72,59.3871284974739,9.65454159378726,1,I,612,1
70.8030954716456,72,59.4147707009688,11.3883247706768,1,C,613,1
109.44281075341,72,59.4755405047908,12.5244594952092,0,I,614,1
103.940176149053,72,59.722126275301,12.277873724699,0,C,615,1
90.2666153919503,72,59.8018812714145,12.1981187285855,0,I,616,1
98.81833954173,72,59.8067627241835,12.1932372758165,0,C,617,1
114.698062297261,72,59.847382963635,12.152617036365,0,I,618,1
86.7286720991807,72,59.8565422184765,12.1434577815235,0,C,619,1
174.67963761682,72,59.8716891836375,12.1283108163625,0,I,620,1
8.07848568734146,72,0.0144103774800897,8.06407530986137,1,C,1,2
12.9896385459823,72,0.0226275064051151,12.9670110395772,1,I,2,2
7.72484895287953,68.5671096648686,0.0253993319347501,7.69944962094478,1,C,3,2
3.45900871156688,2.78078201180906,0.0613004341721535,2.7194815776369,0,I,4,2
12.303234119404,10.892532517808,0.10138001292944,10.7911525048786,0,C,5,2
49.5592689086555,72,0.418812031857669,49.1404568767978,1,I,6,2
33.8162823136808,72,0.457734502851963,33.3585478108288,1,C,7,2
3.66623857388319,72,0.495341964997351,3.17089660888584,1,I,8,2
16.0866604870015,72,0.559021169319749,15.5276393176817,1,C,9,2
29.8051774055965,72,0.583838727325201,29.2213386782713,1,I,10,2
65.141778438035,72,0.673779495991767,64.4679989420432,1,C,11,2
4.03654442072521,72,0.695089953951538,3.34145446677367,1,I,12,2
42.0200722971769,72,0.814891140908003,41.2051811562689,1,C,13,2
23.1033696265649,72,0.839135753922164,22.2642338726428,1,I,14,2
21.4240273224963,72,1.04032576549798,20.3837015569983,1,C,15,2
62.99330686785,50.8320415840128,1.17191172670573,49.6601298573071,0,I,16,2
2.043108784455,72,1.1829946981743,0.860114086280706,1,C,17,2
30.9487266068319,72,1.26700427848846,29.6817223283435,1,I,18,2
82.3018907440008,19.0162396671524,1.37909911572933,17.6371405514231,0,C,19,2
29.5906236762897,72,1.40805561561137,28.1825680606783,1,I,20,2
2.2270554532986,72,1.47492703981698,0.75212841348162,1,C,21,2
182.558185336025,10.7138313575104,1.60761997103691,9.10621138647345,0,I,22,2
98.4790081570882,72,1.6665699519217,70.3334300480783,0,C,23,2
25.2718653927115,72,1.69471784960479,23.5771475431067,1,I,24,2
3.07839467285856,4.66402709307721,1.71524126082659,1.36315341203197,1,C,25,2
30.0082668572825,72,1.75440299324691,28.2538638640356,1,I,26,2
66.5956293925411,72,1.80504886899143,64.7905805235497,1,C,27,2
20.1314150054556,72,1.87991978600621,18.2514952194494,1,I,28,2
18.6170833933914,65.0816708483058,1.89491981640458,16.7221635769868,1,C,29,2
17.8743390999209,72,2.34943668823689,15.524902411684,1,I,30,2
2.43821774399805,19.0417720396663,2.35829451587051,0.0799232281275389,1,C,31,2
71.7649944768634,72,2.36314533278346,69.4018491440799,1,I,32,2
54.1455499889929,11.9000607783859,2.36614875029773,9.53391202808822,0,C,33,2
16.2785913870499,72,2.40001038182527,13.8785810052247,1,I,34,2
30.8721019598742,19.7294059858803,2.67793871462345,17.0514672712568,0,C,35,2
32.2446832813802,72,2.72230067756027,29.52238260382,1,I,36,2
32.1416874191417,72,2.86118885502219,29.2804985641195,1,C,37,2
59.4082032783831,72,2.93661096598953,56.4715923123936,1,I,38,2
9.51736040828221,56.7113107307505,3.04389938246459,6.47346102581762,1,C,39,2
9.10005165343889,72,3.41914888937026,5.68090276406863,1,I,40,2
15.8706192047786,61.8086548472898,3.48372923210263,12.386889972676,1,C,41,2
77.1505070551531,72,3.59502702020109,68.4049729797989,0,I,42,2
66.138377059372,72,3.62304033245891,62.5153367269131,1,C,43,2
9.84233888573936,70.4428519787866,3.80147648043931,6.04086240530006,1,I,44,2
65.2243913266323,72,3.86322614271194,61.3611651839204,1,C,45,2
81.5248799512605,72,3.92864710651338,68.0713528934866,0,I,46,2
15.5252640021198,17.8772692314009,4.18450891971588,11.3407550824039,1,C,47,2
41.3990686876959,46.7176172541878,4.63886149227619,36.7602071954197,1,I,48,2
23.754217502005,23.0534418517743,5.13964767102152,17.9137941807528,0,C,49,2
38.9355913628358,51.0545748306091,5.4450222523883,33.4905691104475,1,I,50,2
59.4015355308349,72,5.47275493852794,53.928780592307,1,C,51,2
6.58947752231179,25.72043293914,5.48125064000487,1.10822688230692,1,I,52,2
16.5614382768151,55.4764009187264,5.5052070133388,11.0562312634762,1,C,53,2
10.5586824425874,72,5.56403433904052,4.99464810354685,1,I,54,2
56.7993311474111,72,5.67328875884414,51.126042388567,1,C,55,2
59.8641117354427,72,5.81434214953333,54.0497695859094,1,I,56,2
39.2614391791249,18.686231029424,5.96235061995685,12.7238804094672,0,C,57,2
125.254690296073,72,6.01208218373358,65.9879178162664,0,I,58,2
6.86223333608439,72,6.0360464360565,0.826186900027893,1,C,59,2
34.0101654841008,72,6.09292332082987,27.9172421632709,1,I,60,2
20.7009831917291,61.3479131395861,6.1615308187902,14.5394523729389,1,C,61,2
29.0608493306172,72,6.18854362517595,22.8723057054413,1,I,62,2
16.7689085792424,72,6.19798673316836,10.570921846074,1,C,63,2
8.77682151770516,72,6.34059151634574,2.43623000135942,1,I,64,2
7.69399450888801,72,6.41291119158268,1.28108331730533,1,C,65,2
18.6440205163476,72,6.43580304924399,12.2082174671037,1,I,66,2
28.6118877177815,72,6.47954469546676,22.1323430223147,1,C,67,2
17.4573358527271,72,6.48559056222439,10.9717452905027,1,I,68,2
10.8740714357218,72,6.74680753145367,4.12726390426814,1,C,69,2
18.1082333002546,72,6.91584262065589,11.1923906795987,1,I,70,2
9.55578464973851,56.80329515697,7.06168944016099,2.49409520957752,1,C,71,2
34.8734232052224,72,7.14296917431057,27.7304540309119,1,I,72,2
27.9697295678844,72,7.25007112137973,20.7196584465047,1,C,73,2
14.4397240673004,72,7.42281868122518,7.01690538607517,1,I,74,2
122.998652781768,35.3012692222635,7.67686106264591,27.6244081596176,0,C,75,2
9.27369161215326,72,7.72280399221927,1.55088761993399,1,I,76,2
28.204912989582,72,7.82305522821844,20.3818577613636,1,C,77,2
8.74211279899471,72,7.9468736378476,0.795239161147112,1,I,78,2
23.4798246399002,72,8.05673468392342,15.4230899559768,1,C,79,2
14.8708778447477,72,8.09301041532308,6.77786742942465,1,I,80,2
43.2709627670415,28.111294058661,8.1357802497223,19.9755138089387,0,C,81,2
11.7849858309742,8.76002801675768,8.14247692935169,0.617551087405989,0,I,82,2
97.1567565845448,72,8.46597129944712,63.5340287005529,0,C,83,2
163.77758788666,72,8.48186489660293,63.5181351033971,0,I,84,2
14.8454411874099,72,8.52183822076768,6.32360296664225,1,C,85,2
38.2160962710972,72,9.00097566191107,29.2151206091861,1,I,86,2
14.5780861557811,72,9.11615981720388,5.46192633857727,1,C,87,2
21.1291303599559,72,9.1680503077805,11.9610800521754,1,I,88,2
16.2617246429154,72,9.1757655562833,7.08595908663209,1,C,89,2
26.5896847385255,72,9.1828909702599,17.4067937682656,1,I,90,2
41.5260751516427,72,9.33766046538949,32.1884146862532,1,C,91,2
42.1333049354124,72,9.38163327053189,32.7516716648806,1,I,92,2
48.5397338269331,72,9.40015914849937,39.1395746784337,1,C,93,2
26.9885774557935,72,9.53553259838372,17.4530448574097,1,I,94,2
10.7126570153905,72,9.6706915134564,1.04196550193409,1,C,95,2
31.6033764052553,72,9.71288956236094,21.8904868428944,1,I,96,2
54.4614526500587,72,9.77572019677609,44.6857324532826,1,C,97,2
57.5259018867279,72,9.89318469073623,47.6327171959917,1,I,98,2
39.1161600893793,41.8685822547069,9.94408235885203,29.1720777305273,1,C,99,2
24.0313429756293,28.3784348132588,10.0155199924484,14.0158229831809,1,I,100,2
32.8618287642353,17.9301011157833,10.1047665718943,7.825334543889,0,C,101,2
21.1243490331342,72,10.1307803532109,10.9935686799233,1,I,102,2
79.1529030945212,72,10.3222913201898,61.6777086798102,0,C,103,2
19.9005055977818,72,10.3531118296087,9.54739376817308,1,I,104,2
23.7348136816811,19.7683374887667,10.4552005743608,9.31313691440592,0,C,105,2
21.953746931807,72,10.6470783194527,11.3066686123543,1,I,106,2
11.5698724210712,52.8678969940982,10.9035556297749,0.666316791296297,1,C,107,2
48.18307168234,42.4002403975539,10.9908646484837,31.4093757490702,0,I,108,2
20.9778556555491,72,11.2840531999245,9.69380245562452,1,C,109,2
12.1808886102482,72,11.3536295061931,0.827259104055095,1,I,110,2
28.391814163805,72,11.5110021689907,16.8808119948143,1,C,111,2
100.787994437756,72,11.5211361693218,60.4788638306782,0,I,112,2
11.711196471502,72,11.5326174348593,0.17857903664269,1,C,113,2
71.4635575087442,51.1951627656819,11.5788279566914,39.6163348089905,0,I,114,2
39.7876340748703,71.7370803704173,11.5886126831174,28.1990213917529,1,C,115,2
27.3456641572554,26.6298144340829,11.6475239954889,14.982290438594,0,I,116,2
61.4044789239987,60.6089496872718,11.6674194345251,48.9415302527468,0,C,117,2
88.3025027103701,52.775246858987,11.7614791961387,41.0137676628483,0,I,118,2
15.1205151097568,72,11.855104258284,3.26541085147278,1,C,119,2
29.2824376274513,72,11.8948085093871,17.3876291180642,1,I,120,2
38.2739070975869,72,11.9029478123412,26.3709592852458,1,C,121,2
58.4240217940458,72,11.9498146791011,46.4742071149447,1,I,122,2
42.1082057957664,72,12.0766200777143,30.0315857180521,1,C,123,2
110.181825974867,72,12.166427699849,59.833572300151,0,I,124,2
86.6032876405087,72,12.2225140174851,59.7774859825149,0,C,125,2
27.8902548760577,72,12.6009619329125,15.2892929431452,1,I,126,2
28.5217735675624,72,12.6474460540339,15.8743275135284,1,C,127,2
21.4823100824545,72,12.7723047696054,8.71000531284912,1,I,128,2
48.1955389097273,71.4829540446407,12.8831165609881,35.3124223487392,1,C,129,2
68.1878019389683,72,13.0428211251274,55.1449808138409,1,I,130,2
61.9160156134202,72,13.0519790668041,48.8640365466162,1,C,131,2
70.4034622166593,72,13.3655640436336,57.0378981730257,1,I,132,2
16.9868816009824,37.8164621118804,13.3833050122485,3.60357658873398,1,C,133,2
72.0232105010701,72,13.3911809278652,58.6088190721348,0,I,134,2
93.3893961255505,72,13.4413221711293,58.5586778288707,0,C,135,2
18.3662877035541,72,13.967696428299,4.39859127525513,1,I,136,2
50.3303494211767,72,14.0091020939872,36.3212473271895,1,C,137,2
18.1819532487708,72,14.0147927356884,4.16716051308243,1,I,138,2
35.5525714455919,72,14.0437347628176,21.5088366827743,1,C,139,2
14.8745160476098,72,14.1980042355135,0.676511812096319,1,I,140,2
39.3618316284638,53.2833872653685,14.2720120679587,25.0898195605051,1,C,141,2
62.3647418612072,72,14.3440053937957,48.0207364674115,1,I,142,2
32.2321805127572,72,14.3530264310539,17.8791540817033,1,C,143,2
33.1843021747742,72,14.4485751120374,18.7357270627369,1,I,144,2
34.1606819596464,72,14.5164389815182,19.6442429781282,1,C,145,2
39.4935226789933,72,14.5913373213261,24.9021853576671,1,I,146,2
35.9095636959101,23.2590972731607,14.5953523088247,8.66374496433608,0,C,147,2
19.7549641390714,72,14.6295236935839,5.12544044548754,1,I,148,2
63.0957462378953,72,14.7647896595299,48.3309565783654,1,C,149,2
42.0649154722456,72,14.7684284392744,27.2964870329711,1,I,150,2
32.7943264635315,49.6869237171564,14.951034905389,17.8432915581426,1,C,151,2
41.7950912183166,72,15.0522282952443,26.7428629230724,1,I,152,2
27.034707391641,72,15.3442211123183,11.6904862793227,1,C,153,2
58.4563781018938,72,15.4384994879365,43.0178786139573,1,I,154,2
49.2228646893377,72,15.5094743007794,33.7133903885583,1,C,155,2
24.0682807473199,72,15.5422576144338,8.52602313288609,1,I,156,2
108.048208905546,72,15.6490194238722,56.3509805761278,0,C,157,2
56.6042989200438,72,15.6846666801721,40.9196322398717,1,I,158,2
142.645321025223,72,15.9084478486329,56.0915521513671,0,C,159,2
66.0680949409942,43.4576284521748,15.9701591357589,27.4874693164159,0,I,160,2
38.7349427141275,72,16.1579358251765,22.577006888951,1,C,161,2
103.82366357153,72,16.2265033973381,55.7734966026619,0,I,162,2
17.4948573685299,72,16.2617379147559,1.23311945377396,1,C,163,2
55.3088512340541,25.6810039202536,16.4063312206417,9.27467269961188,0,I,164,2
26.2835503414904,72,16.4168088510633,9.86674149042715,1,C,165,2
69.6627704355493,68.292664085389,16.6835988359526,51.6090652494364,0,I,166,2
18.7248937180207,72,16.7187970876694,2.00609663035136,1,C,167,2
85.838038851176,72,16.7321984656155,55.2678015343845,0,I,168,2
106.299985457305,72,16.7880260339007,55.2119739660993,0,C,169,2
22.6110589790272,72,16.9422714225948,5.66878755643239,1,I,170,2
41.4877976382866,72,17.4146044487134,24.0731931895733,1,C,171,2
38.818289069329,72,17.5568114966154,21.2614775727135,1,I,172,2
26.4793087757839,72,17.6333691319451,8.84593964383887,1,C,173,2
66.320732448082,72,17.7878344617784,48.5328979863036,1,I,174,2
154.96705679363,72,18.0781656363979,53.9218343636021,0,C,175,2
83.8461291222073,72,18.2232807856053,53.7767192143947,0,I,176,2
116.609030891678,41.0054656503164,18.2829050347209,22.7225606155955,0,C,177,2
44.2487415571367,72,18.2949308305979,25.9538107265388,1,I,178,2
27.0299740521197,72,18.4434557240456,8.58651832807411,1,C,179,2
61.2301825100575,72,18.4516763174906,42.7785061925668,1,I,180,2
112.596587663852,72,18.5238599963486,53.4761400036514,0,C,181,2
62.8191049504795,72,18.6056043114513,44.2135006390282,1,I,182,2
49.8790449276276,23.5577510691819,18.6164965527132,4.94125451646873,0,C,183,2
81.5828124317602,72,18.6254948750138,53.3745051249862,0,I,184,2
28.7704421921625,72,18.6986935744062,10.0717486177563,1,C,185,2
43.8155149472192,72,18.7869453057647,25.0285696414545,1,I,186,2
36.4660452620072,31.838994612693,18.9193223649636,12.9196722477294,0,C,187,2
26.3274751096632,72,19.0388998109847,7.28857529867846,1,I,188,2
20.1227453357913,72,19.0863456157967,1.03639971999458,1,C,189,2
23.8459846406509,72,19.1780384257436,4.66794621490734,1,I,190,2
34.6207969640754,72,19.2048014514148,15.4159955126606,1,C,191,2
42.9243663960501,72,19.2218767572194,23.7024896388307,1,I,192,2
21.4470798858971,72,19.3442025594413,2.10287732645582,1,C,193,2
78.8781434812999,72,19.3654676573351,52.6345323426649,0,I,194,2
27.181446229931,72,19.6814334578812,7.50001277204976,1,C,195,2
36.1405729382185,72,19.747408577241,16.3931643609775,1,I,196,2
24.6814200475453,24.9038007964589,20.0607548933476,4.62066515419764,1,C,197,2
27.6111534787391,44.9130316632744,20.1136563112959,7.49749716744313,1,I,198,2
61.3189215979856,72,20.2719797613099,41.0469418366757,1,C,199,2
49.958518352641,72,20.6038114707917,29.3547068818493,1,I,200,2
32.1709334381757,29.2731631426861,20.7470789831132,8.52608415957292,0,C,201,2
20.8423582013607,72,20.7957831490785,0.0465750522822097,1,I,202,2
27.5907044932614,47.4524217499868,20.8024005359039,6.78830395735754,1,C,203,2
50.1802581517362,64.1649411712879,20.8576978370547,29.3225603146814,1,I,204,2
70.2545544292245,72,20.9441509237513,49.3104035054731,1,C,205,2
178.041006353505,72,20.9708711318672,51.0291288681328,0,I,206,2
73.3897101517224,72,21.1736716004089,50.8263283995912,0,C,207,2
96.6201658655193,72,21.3628959842026,50.6371040157974,0,I,208,2
49.7348849793534,62.5008826595326,21.4762106398121,28.2586743395414,1,C,209,2
38.4526660762863,72,21.4820868847892,16.9705791914972,1,I,210,2
29.1954055123133,72,21.4971315348521,7.6982739774612,1,C,211,2
27.3482829538747,43.024234960738,21.5839817142114,5.76430123966328,1,I,212,2
150.173257711865,72,21.5970538789406,50.4029461210594,0,C,213,2
115.881947569062,72,21.7515080887824,50.2484919112176,0,I,214,2
27.5487456861766,50.3866203169856,22.0783295715228,5.47041611465386,1,C,215,2
26.4124712956691,72,22.1702733915299,4.24219790413914,1,I,216,2
67.7950039893438,72,22.262897095643,45.5321068937008,1,C,217,2
66.070120180423,42.8857045641861,22.3625229438767,20.5231816203094,0,I,218,2
47.8632362796901,72,22.564004631713,25.2992316479771,1,C,219,2
168.387466002301,28.4240446536131,22.5861717341468,5.83787291946634,0,I,220,2
33.0342201321615,48.1005785951427,22.6683379244059,10.3658822077556,1,C,221,2
102.298778423154,71.8481821526075,22.6748769544065,49.173305198201,0,I,222,2
83.461097362598,72,22.7189008612186,49.2810991387814,0,C,223,2
48.9491613665635,72,22.7383242314681,26.2108371350954,1,I,224,2
33.4969427771937,72,22.9350725468248,10.5618702303689,1,C,225,2
44.633132662599,72,22.9710752656683,21.6620573969306,1,I,226,2
38.0830759111334,72,23.0058829765767,15.0771929345567,1,C,227,2
44.2133225806137,72,23.0281778192148,21.1851447613989,1,I,228,2
38.8349730722552,72,23.1619179155678,15.6730551566874,1,C,229,2
40.1696887100886,72,23.6222004331648,16.5474882769238,1,I,230,2
42.2651062793231,72,23.7296208925545,18.5354853867686,1,C,231,2
52.9766333577735,72,23.7865137169138,29.1901196408597,1,I,232,2
116.43067909634,72,23.8401839369908,48.1598160630092,0,C,233,2
103.851644576542,72,23.9054764900357,48.0945235099644,0,I,234,2
24.666951803369,72,24.0977796725929,0.569172130776089,1,C,235,2
25.0549214510943,72,24.1002327762544,0.954688674839845,1,I,236,2
32.2368446100996,72,24.1052610240877,8.13158358601192,1,C,237,2
44.8722402227109,72,24.3735176045448,20.4987226181662,1,I,238,2
37.551867188819,72,24.5089242467657,13.0429429420533,1,C,239,2
28.1103856464517,72,24.5449254149571,3.56546023149459,1,I,240,2
25.3660000776904,72,24.8436235589907,0.522376518699784,1,C,241,2
41.146213766014,68.8323217420678,25.0123010901734,16.1339126758406,1,I,242,2
66.7012328031896,72,25.0589003087953,41.6423324943943,1,C,243,2
53.7892106898882,72,25.1056712167338,28.6835394731544,1,I,244,2
64.7349882263399,72,25.2244799444452,39.5105082818947,1,C,245,2
120.238144886758,72,25.2503153169528,46.7496846830472,0,I,246,2
51.1549190705437,72,25.3222664957866,25.8326525747571,1,C,247,2
39.6170200626142,72,25.3258079476655,14.2912121149488,1,I,248,2
67.0088393900609,72,25.4825676558539,41.526271734207,1,C,249,2
76.2458632404124,72,25.5552478367463,46.4447521632537,0,I,250,2
55.3612219776767,72,25.5667879711837,29.794434006493,1,C,251,2
40.8650089442096,46.1793641950241,25.6613218551502,15.2036870890594,1,I,252,2
43.3969706447309,72,26.0082529764622,17.3887176682687,1,C,253,2
33.1198754396529,72,26.0528811207041,7.06699431894883,1,I,254,2
72.1248772984458,72,26.1227322695777,45.8772677304223,0,C,255,2
226.899109354596,51.4359333093126,26.1472076363862,25.2887256729264,0,I,256,2
68.8671462193258,72,26.2484887428582,42.6186574764676,1,C,257,2
34.242154836918,44.6027304087107,26.3861398212612,7.85601501565683,1,I,258,2
69.6062542348219,72,26.4085126854479,43.1977415493739,1,C,259,2
34.2225881685417,72,26.4242742676288,7.7983139009129,1,I,260,2
29.6638503252981,72,26.5818438353017,3.08200648999637,1,C,261,2
33.9257805430496,72,26.7820207122713,7.14375983077829,1,I,262,2
36.7526207598459,72,27.0333869336173,9.71923382622862,1,C,263,2
41.0978719906285,72,27.0545456791297,14.0433263114988,1,I,264,2
63.8807935189915,72,27.0609350502491,36.8198584687424,1,C,265,2
28.8275247886508,72,27.1281123301014,1.69941245854936,1,I,266,2
42.3807358838038,72,27.1419885708019,15.2387473130019,1,C,267,2
50.2240642264169,72,27.2604381060228,22.9636261203942,1,I,268,2
30.0861059384139,72,27.4282886087894,2.65781732962442,1,C,269,2
61.9727129678206,70.7993967338158,27.4586631730199,34.5140497948007,1,I,270,2
34.9084695013609,72,27.5448352424428,7.3636342589181,1,C,271,2
49.5605905821727,72,27.7316745417193,21.8289160404535,1,I,272,2
28.5364822455344,72,27.77320896741,0.76327327812437,1,C,273,2
37.1335738250581,72,27.8402955411002,9.2932782839579,1,I,274,2
87.585814444776,72,28.1880833068863,43.8119166931137,0,C,275,2
31.7538365198614,72,28.2639742037281,3.48986231613325,1,I,276,2
111.347663740261,72,28.4147017356008,43.5852982643992,0,C,277,2
45.546059298091,72,28.8541927188635,16.6918665792275,1,I,278,2
37.5097642956646,72,28.8551615830511,8.65460271261352,1,C,279,2
36.4683857451357,72,29.0252324659377,7.44315327919792,1,I,280,2
106.576724866496,72,29.161254116334,42.838745883666,0,C,281,2
70.8094366200114,72,29.2530368780717,41.5563997419397,1,I,282,2
41.3913484661984,72,29.4696677941829,11.9216806720155,1,C,283,2
50.161864964257,72,29.5671631582081,20.5947018060489,1,I,284,2
31.5846990781792,72,29.5860924571753,1.99860662100395,1,C,285,2
57.2717537219335,72,29.6460300078616,27.6257237140719,1,I,286,2
78.915450125988,50.7451133519912,29.7113260673359,21.0337872846553,0,C,287,2
105.64182129852,70.147908158023,29.7406040411443,40.4073041168788,0,I,288,2
46.3137011176675,72,29.7581827780232,16.5555183396443,1,C,289,2
82.963819267614,72,29.7990677179769,42.2009322820231,0,I,290,2
42.1851280769252,72,29.8265100829303,12.3586179939948,1,C,291,2
58.0758647393643,72,29.8291515558958,28.2467131834685,1,I,292,2
74.7683242994359,72,29.9740959098563,42.0259040901437,0,C,293,2
36.0603863344019,72,30.0663952203468,5.99399111405511,1,I,294,2
67.1449953792581,72,30.1478779502213,36.9971174290368,1,C,295,2
86.8470755841804,32.8442889353877,30.2316450560465,2.61264387934119,0,I,296,2
95.9701157022075,72,30.306592527777,41.693407472223,0,C,297,2
48.6067378603874,72,30.5665802489966,18.0401576113907,1,I,298,2
31.6463964962633,72,30.601935214363,1.04446128190029,1,C,299,2
77.5652229352227,72,30.6891370145604,41.3108629854396,0,I,300,2
48.2726967925467,72,30.776791437529,17.4959053550177,1,C,301,2
66.36141231409,72,30.8205215726048,35.5408907414852,1,I,302,2
267.86829649131,72,30.8237175922841,41.1762824077159,0,C,303,2
48.3887303318865,72,30.8913124445826,17.4974178873039,1,I,304,2
103.897141192855,45.2869625919761,30.8916942123324,14.3952683796437,0,C,305,2
60.2351414088638,60.5827848755046,30.9061806695536,29.3289607393103,1,I,306,2
171.891220211378,59.394002256694,31.0371802188456,28.3568220378484,0,C,307,2
34.7895652021353,72,31.0538228368387,3.73574236529668,1,I,308,2
45.4702308639918,72,31.0611461056396,14.4090847583521,1,C,309,2
54.1597983170803,72,31.0621738946065,23.0976244224738,1,I,310,2
53.8131224568028,36.8418561146975,31.1578238988295,5.68403221586797,0,C,311,2
41.0882734678967,72,31.1759348865598,9.91233858133682,1,I,312,2
65.0773244529171,72,31.2335793999955,33.8437450529216,1,C,313,2
102.571780479905,72,31.2461453257129,40.7538546742871,0,I,314,2
33.8423207354691,72,31.2475237157196,2.59479701974952,1,C,315,2
63.4344708350063,72,31.4071554969996,32.0273153380067,1,I,316,2
37.8539528608422,72,31.4358123578131,6.41814050302911,1,C,317,2
70.1009806518393,34.397608001878,31.4544147346169,2.94319326726114,0,I,318,2
68.5600850977232,72,31.633095452562,36.9269896451612,1,C,319,2
41.3157288503352,44.552678658704,31.6576626431197,9.65806620721553,1,I,320,2
43.1835135603205,71.5309400716148,31.6663515055552,11.5171620547653,1,C,321,2
41.8431915667801,72,31.7891370551661,10.054054511614,1,I,322,2
47.4852239767293,72,31.9830230483785,15.5022009283508,1,C,323,2
106.457372242338,72,31.9978953246027,40.0021046753973,0,I,324,2
52.1531814886585,72,32.1446485072374,20.0085329814211,1,C,325,2
32.7058291748636,72,32.1711959503591,0.534633224504515,1,I,326,2
54.0845017346127,72,32.4624336278066,21.6220681068061,1,C,327,2
131.406979874081,56.9356491360544,32.7428272040561,24.1928219319983,0,I,328,2
56.460588441692,35.6695910194564,32.9199770791456,2.74961394031074,0,C,329,2
47.3654225802543,72,32.9733209917322,14.3921015885222,1,I,330,2
43.1604522949139,72,33.1962443562225,9.96420793869141,1,C,331,2
64.5810402270309,58.1032403893106,33.3021075977013,24.8011327916094,0,I,332,2
34.898165861379,72,33.3226436935365,1.57552216784245,1,C,333,2
49.7514703941173,72,33.527254764922,16.2242156291954,1,I,334,2
82.3131076590814,72,33.5550735890865,38.4449264109135,0,C,335,2
71.9100635560508,72,33.6719054169953,38.2381581390555,1,I,336,2
45.2568563329183,70.5342423990256,33.9876046590507,11.2692516738676,1,C,337,2
74.5981987664502,72,34.0394385159016,37.9605614840984,0,I,338,2
53.1568198389358,72,34.2483834782615,18.9084363606742,1,C,339,2
85.1344568344225,72,34.2759871250019,37.7240128749982,0,I,340,2
41.5838924538186,72,34.5727461855859,7.01114626823273,1,C,341,2
93.9744279188337,72,34.6770991338417,37.3229008661583,0,I,342,2
36.1445230008638,65.3197296001129,34.7047164151445,1.43980658571931,1,C,343,2
46.8730574954541,40.4672850671927,34.7109941532835,5.75629091390916,0,I,344,2
45.358674632657,72,34.9391549360007,10.4195196966563,1,C,345,2
101.385587782904,72,35.1034448063001,36.8965551936999,0,I,346,2
104.341831986576,67.5965956284264,35.1146940328181,32.4819015956083,0,C,347,2
86.0303617914503,72,35.2293876931071,36.7706123068929,0,I,348,2
79.023131576117,72,35.4435443133116,36.5564556866884,0,C,349,2
58.0552934898581,72,35.4714763071388,22.5838171827193,1,I,350,2
132.368117531853,72,35.6392222456634,36.3607777543366,0,C,351,2
93.2452160407822,56.7016006386731,35.6980634154752,21.0035372231979,0,I,352,2
45.1044173662293,57.4767249244597,35.7328637922183,9.371553574011,1,C,353,2
50.8951390345278,72,35.7976419338957,15.0974971006322,1,I,354,2
169.899748862421,72,35.8545650588349,36.1454349411652,0,C,355,2
43.9477497634677,72,35.9180057700723,8.02974399339538,1,I,356,2
166.009986272922,72,35.9195058932528,36.0804941067472,0,C,357,2
38.8796300456437,58.4220156850046,35.9696781914681,2.90995185417554,1,I,358,2
47.5720214041637,48.583063259462,36.0725014284253,11.4995199757383,1,C,359,2
49.6608450295966,72,36.3570849504322,13.3037600791644,1,I,360,2
109.963798908802,72,36.5106478566304,35.4893521433696,0,C,361,2
66.2777591079289,72,36.5472724847496,29.7304866231793,1,I,362,2
41.7033929582316,72,36.6689573647454,5.03443559348617,1,C,363,2
39.8065768241974,72,36.694818274118,3.11175855007939,1,I,364,2
90.5892963812426,72,36.9646020792425,35.0353979207575,0,C,365,2
113.189083135804,72,36.9698065565899,35.0301934434101,0,I,366,2
40.679200794385,72,37.0358951808885,3.64330561349652,1,C,367,2
47.2058293888181,72,37.1397833526135,10.0660460362046,1,I,368,2
113.386016817578,72,37.1633243467659,34.8366756532341,0,C,369,2
59.5496331875702,72,37.1641106670722,22.3855225204979,1,I,370,2
62.2612990580589,72,37.4123171344399,24.848981923619,1,C,371,2
124.184170601764,72,37.7489824360237,34.2510175639764,0,I,372,2
73.6466782497366,72,37.8480327269062,34.1519672730938,0,C,373,2
96.2631020757771,72,38.0282691819593,33.9717308180407,0,I,374,2
58.3641159211416,65.1417848573114,38.2035353081301,20.1605806130115,1,C,375,2
132.525938838744,72,38.2238414604217,33.7761585395783,0,I,376,2
50.0581869066886,72,38.2677605934441,11.7904263132445,1,C,377,2
46.7469348072552,72,38.2971107633784,8.44982404387677,1,I,378,2
66.4702753334247,72,38.3630708931014,28.1072044403233,1,C,379,2
96.3997900801382,72,38.4686037758365,33.5313962241635,0,I,380,2
48.7351036769114,72,38.5715350834653,10.1635685934462,1,C,381,2
40.4474077285011,72,38.6390391318128,1.8083685966884,1,I,382,2
41.69683506292,72,38.860050723888,2.83678433903203,1,C,383,2
41.978807016179,72,38.8604958029464,3.11831121323263,1,I,384,2
67.5537439044741,72,38.8794785225764,28.6742653818977,1,C,385,2
48.2645268806128,72,38.8906301697716,9.37389671084116,1,I,386,2
67.6405730672589,72,38.8992844708264,28.7412885964325,1,C,387,2
47.8950595621064,72,38.9114381326363,8.98362142947016,1,I,388,2
43.0708068097752,72,38.990963534452,4.07984327532318,1,C,389,2
110.220995303574,58.1881821497259,39.0939432056621,19.0942389440639,0,I,390,2
43.575830785921,72,39.109418336302,4.46641244961898,1,C,391,2
79.1460044216676,72,39.2045122990385,32.7954877009615,0,I,392,2
163.884232988895,72,39.2342941649258,32.7657058350742,0,C,393,2
72.2480839304655,72,39.2468688217923,32.7531311782077,0,I,394,2
45.0804417169342,72,39.3208835832775,5.75955813365675,1,C,395,2
62.5444401579984,72,39.4919252302498,23.0525149277486,1,I,396,2
74.3346843317728,72,39.6404965594411,32.3595034405589,0,C,397,2
65.7381548917808,72,39.6560706244782,26.0820842673026,1,I,398,2
84.716178418792,72,39.724517413415,32.275482586585,0,C,399,2
47.4247048359576,72,39.7437167912722,7.68098804468542,1,I,400,2
83.8197110049261,72,39.7458320204169,32.2541679795831,0,C,401,2
197.274542205708,72,39.8145913565531,32.1854086434469,0,I,402,2
54.5715596638288,51.6801219365161,39.8269585333765,11.8531634031396,0,C,403,2
63.5676138642657,72,39.8294405126944,23.7381733515712,1,I,404,2
95.0959409747497,72,39.8550412477925,32.1449587522075,0,C,405,2
54.4514800213543,72,39.9129889626056,14.5384910587486,1,I,406,2
79.2149914882576,72,39.9318133061752,32.0681866938248,0,C,407,2
54.5408936467194,72,39.9365392327309,14.6043544139885,1,I,408,2
59.7391741874055,72,40.1385261397809,19.6006480476246,1,C,409,2
53.0335399756469,72,40.1462109060958,12.8873290695511,1,I,410,2
67.2932258616071,52.2790588719705,40.5843255249783,11.6947333469922,0,C,411,2
121.224440316711,72,40.6354647735134,31.3645352264866,0,I,412,2
81.4574506120942,72,40.8108201948926,31.1891798051074,0,C,413,2
94.0328840344873,72,40.9749486716464,31.0250513283536,0,I,414,2
116.825248863436,72,41.0332690598443,30.9667309401557,0,C,415,2
63.1554383426518,72,41.0768691077828,22.078569234869,1,I,416,2
42.6435699355697,72,41.1406140262261,1.50295590934357,1,C,417,2
43.413925893184,72,41.1762423114851,2.23768358169885,1,I,418,2
81.3781555542466,72,41.2034973688424,30.7965026311576,0,C,419,2
76.2021621546639,72,41.3319791061804,30.6680208938196,0,I,420,2
53.6329364025878,41.9665603688618,41.3977415068075,0.568818862054258,0,C,421,2
47.8236617225751,72,41.4779737964273,6.34568792614782,1,I,422,2
57.4220971842324,72,41.538381529972,15.8837156542604,1,C,423,2
50.474758861005,72,41.6692883055657,8.80547055543932,1,I,424,2
165.557670951898,72,41.8748026527464,30.1251973472536,0,C,425,2
245.38610808722,69.9175644513183,41.8938831612468,28.0236812900716,0,I,426,2
116.623701865034,72,41.8994172010571,30.1005827989429,0,C,427,2
119.567799458363,72,42.0046185236424,29.9953814763576,0,I,428,2
100.172225791686,72,42.0913873426616,29.9086126573384,0,C,429,2
105.710905214058,72,42.2438392415643,29.7561607584357,0,I,430,2
104.83674323856,72,42.2754078777507,29.7245921222493,0,C,431,2
95.7236545999836,72,42.3200139915571,29.6799860084429,0,I,432,2
50.2313154326293,72,42.3274097079411,7.90390572468821,1,C,433,2
61.447241457231,72,43.1964521901682,18.2507892670628,1,I,434,2
56.4865442666054,72,43.253255202435,13.2332890641704,1,C,435,2
45.0923899882556,72,43.3049999317154,1.78739005654015,1,I,436,2
87.6451475606093,72,43.3320872252807,28.6679127747193,0,C,437,2
64.1088056599868,72,43.4808226302266,20.6279830297601,1,I,438,2
51.09725944001,72,43.4899766603485,7.60728277966148,1,C,439,2
99.611258666453,72,43.9572079153731,28.0427920846269,0,I,440,2
67.5131065529359,72,44.1173791419715,23.3957274109644,1,C,441,2
56.8834612750034,72,44.1386710759252,12.7447901990782,1,I,442,2
46.9655845156804,72,44.3730573076755,2.59252720800494,1,C,443,2
99.6118842787116,72,44.4212309690192,27.5787690309808,0,I,444,2
143.226638614841,72,44.43989333231,27.56010666769,0,C,445,2
64.2267082759364,72,44.5158657850698,19.7108424908666,1,I,446,2
100.844384324394,70.364150290095,44.5463260961697,25.8178241939254,0,C,447,2
58.121423568897,72,44.568551746197,13.5528718226999,1,I,448,2
81.9726498509313,72,44.6842862572521,27.3157137427479,0,C,449,2
46.4950562815029,72,44.9724897835404,1.52256649796249,1,I,450,2
79.1604330517082,72,44.9845968000591,27.0154031999409,0,C,451,2
50.2452834264471,72,45.062104370445,5.18317905600208,1,I,452,2
62.3546405760122,72,45.1057569449768,17.2488836310354,1,C,453,2
45.7952029022363,72,45.2390146208927,0.556188281343629,1,I,454,2
58.3329301770787,72,45.2448786282912,13.0880515487875,1,C,455,2
53.0078372029484,72,45.2911797305569,7.7166574723915,1,I,456,2
45.6086461343515,72,45.4346463549882,0.173999779363259,1,C,457,2
52.1849500482126,72,45.5639116605744,6.6210383876382,1,I,458,2
56.574271444094,72,45.5997110763565,10.9745603677376,1,C,459,2
46.3999827239682,72,45.7690361235291,0.630946600439133,1,I,460,2
71.5344443038797,72,45.8125056372955,25.7219386665842,1,C,461,2
104.077044029843,72,45.8395538292825,26.1604461707175,0,I,462,2
64.2936849173456,72,45.8556494163349,18.4380355010107,1,C,463,2
101.535326073714,72,45.925092631951,26.074907368049,0,I,464,2
49.2472487615904,72,45.9639161964878,3.28333256510258,1,C,465,2
48.0317693955723,72,46.0308728087694,2.00089658680294,1,I,466,2
133.469423676188,72,46.0402669245377,25.9597330754623,0,C,467,2
48.023567417951,72,46.1593600781634,1.86420733978756,1,I,468,2
48.3397594264292,72,46.1779577191919,2.16180170723732,1,C,469,2
77.4294361931719,72,46.3884328957647,25.6115671042353,0,I,470,2
69.0308577798718,72,46.4080260135233,22.6228317663484,1,C,471,2
51.2608503493354,72,46.4648553868756,4.79599496245978,1,I,472,2
56.9625376250067,72,46.6296469420195,10.3328906829872,1,C,473,2
80.9418024185108,72,46.6397699061781,25.3602300938219,0,I,474,2
112.214756624112,72,46.8539397558197,25.1460602441803,0,C,475,2
87.1903835964826,72,46.8932827049866,25.1067172950134,0,I,476,2
152.808327401284,72,47.1495995856822,24.8504004143179,0,C,477,2
170.943696119637,72,47.3709949012846,24.6290050987154,0,I,478,2
71.9358247180179,72,47.3743228800595,24.5615018379584,1,C,479,2
48.3599800185719,72,47.6128350337967,0.74714498477517,1,I,480,2
57.7947516613918,72,47.6189986243844,10.1757530370074,1,C,481,2
54.1913996257123,53.1377885017509,47.6223401678726,5.51544833387825,0,I,482,2
51.2788085001503,64.358061927308,47.7272695396096,3.55153896054072,1,C,483,2
55.4301182530914,48.5389812887122,47.766662305221,0.772318983491196,0,I,484,2
62.1721993307008,72,47.8122681425884,14.3599311881124,1,C,485,2
102.596143511611,72,47.8501640958712,24.1498359041289,0,I,486,2
95.6081687524756,72,48.1870338181034,23.8129661818966,0,C,487,2
128.022229944004,72,48.1925232382491,23.8074767617509,0,I,488,2
63.1908318138052,72,48.4727674908936,14.7180643229116,1,C,489,2
53.1045306404036,72,48.502881671302,4.60164896910159,1,I,490,2
154.461610682654,72,48.5307813249528,23.4692186750472,0,C,491,2
52.8268677664992,72,48.7080933339894,4.11877443250981,1,I,492,2
49.2652171225488,59.0816648054581,48.7087695579976,0.556447564551227,1,C,493,2
98.6475440249944,72,48.7656163098291,23.2343836901709,0,I,494,2
173.049111328525,72,48.780602440238,23.219397559762,0,C,495,2
50.3576847779084,72,48.7972013605759,1.56048341733256,1,I,496,2
91.9847021914912,72,48.8074284698814,23.1925715301186,0,C,497,2
60.3875366910595,72,48.8210683269426,11.5664683641169,1,I,498,2
167.60575003574,72,48.8320934632793,23.1679065367207,0,C,499,2
52.2585328671326,72,48.9123356854543,3.3461971816783,1,I,500,2
52.1189851148654,72,49.2168037220836,2.90218139278184,1,C,501,2
131.029473744455,72,49.3980924412608,22.6019075587392,0,I,502,2
51.7049338959477,72,49.4045300222933,2.30040387365436,1,C,503,2
58.0397282129309,72,49.4409694103524,8.59875880257847,1,I,504,2
61.8185178573379,56.3292254841639,49.5724620390683,6.75676344509555,0,C,505,2
64.0760064506135,53.9916497503589,49.7402544273064,4.25139532305256,0,I,506,2
50.9660679963594,72,50.6125753233209,0.353492673038476,1,C,507,2
204.403618371318,72,50.8132601436228,21.1867398563772,0,I,508,2
90.2921312641774,72,50.8334361528978,21.1665638471022,0,C,509,2
127.595601268166,72,51.0231070546433,20.9768929453567,0,I,510,2
66.2074165107549,72,51.2230405211449,14.98437598961,1,C,511,2
54.5243081700753,72,51.5210563782603,3.003251791815,1,I,512,2
126.664818184881,72,51.5782242827117,20.4217757172883,0,C,513,2
96.0268086059778,72,51.7012145323679,20.2987854676321,0,I,514,2
88.2776579543287,72,51.7367953760549,20.2632046239451,0,C,515,2
147.791672762,72,51.9701711833477,20.0298288166523,0,I,516,2
113.32986834034,72,51.9987628888339,20.0012371111661,0,C,517,2
109.345762939891,72,52.0031520584598,19.9968479415402,0,I,518,2
68.0641271079756,72,52.2183659439907,15.8457611639849,1,C,519,2
76.1140655075501,72,52.2744883177802,19.7255116822198,0,I,520,2
68.524195315311,72,52.3376950621605,16.1865002531505,1,C,521,2
65.8245128157988,72,52.3907712427899,13.4337415730088,1,I,522,2
213.590248375818,72,52.4919301969931,19.508069803007,0,C,523,2
68.4534022601587,59.0766490757378,52.5253565283492,6.55129254738856,0,I,524,2
72.3081235895224,72,52.649643807672,19.350356192328,0,C,525,2
81.5768245936608,72,52.6593854371458,19.3406145628542,0,I,526,2
68.0622226082665,72,52.9349167551845,15.127305853082,1,C,527,2
53.595951417182,72,53.2815924379975,0.314358979184492,1,I,528,2
72.2287582638385,72,53.2839805539697,18.7160194460303,0,C,529,2
55.3614296240767,72,53.3367527648807,2.02467685919599,1,I,530,2
82.9578186525831,72,53.5273629147559,18.4726370852441,0,C,531,2
76.7545939782494,72,53.5319636017084,18.4680363982916,0,I,532,2
91.8208831961484,72,53.7499120412394,18.2500879587606,0,C,533,2
232.427148796954,72,53.8958563422784,18.1041436577216,0,I,534,2
98.1915501364898,72,54.0174343110994,17.9825656889007,0,C,535,2
61.6989516135414,56.4198856221687,54.071267908439,2.34861771372969,0,I,536,2
113.394002362301,72,54.1549450764433,17.8450549235567,0,C,537,2
161.461587904883,72,54.1613691486418,17.8386308513582,0,I,538,2
145.73751268664,72,54.2839298676699,17.7160701323301,0,C,539,2
102.346032647679,72,54.3784513045102,17.6215486954898,0,I,540,2
101.405396028085,72,54.4733636174351,17.5266363825649,0,C,541,2
65.4146392767786,72,54.7697451431304,10.6448941336481,1,I,542,2
69.9710969879238,72,54.9525376036763,15.0185593842475,1,C,543,2
59.8405776827034,72,54.9844599980861,4.85611768461734,1,I,544,2
141.517927130388,72,55.0957774976268,16.9042225023732,0,C,545,2
68.7067476513142,72,55.1433923095465,13.5633553417677,1,I,546,2
72.0088341725049,72,55.286098360084,16.713901639916,0,C,547,2
90.9734774415757,72,55.4060587333515,16.5939412666485,0,I,548,2
159.67267939614,72,55.4109344724566,16.5890655275434,0,C,549,2
93.3419082512028,72,55.6667112093419,16.3332887906581,0,I,550,2
80.1559499474472,72,55.6747857900336,16.3252142099664,0,C,551,2
83.7434132066034,72,55.7052493840456,16.2947506159544,0,I,552,2
62.4071346507774,72,55.7886990951374,6.61843555563994,1,C,553,2
59.1001806896293,72,56.2391907116398,2.86098997798951,1,I,554,2
68.2238741517021,72,56.2756985379383,11.9481756137638,1,C,555,2
63.3384225320561,72,56.3662410294637,6.97218150259242,1,I,556,2
86.1627407796932,72,56.4727958338335,15.5272041661665,0,C,557,2
157.522420795178,72,56.6684508696199,15.3315491303802,0,I,558,2
116.371629911588,72,56.7467072792351,15.2532927207649,0,C,559,2
63.0351591487231,72,56.9435856398195,6.09157350890357,1,I,560,2
62.1665555863101,72,57.2481575002894,4.91839808602073,1,C,561,2
63.0051442795985,72,57.3316403059289,5.67350397366965,1,I,562,2
204.224220983043,72,57.4433192471042,14.5566807528958,0,C,563,2
91.4674008128959,72,57.4573800573126,14.5426199426875,0,I,564,2
90.3486306863583,72,57.5123990513384,14.4876009486616,0,C,565,2
87.757936428514,57.6442663595761,57.5380105571821,0.106255802393953,0,I,566,2
150.01931490159,72,57.5833401968703,14.4166598031297,0,C,567,2
69.1532539331348,64.0779332744264,57.9075989266858,6.17033434774059,0,I,568,2
64.6745350222809,72,58.0802390724421,6.59429594983883,1,C,569,2
61.4660912304911,72,58.3729645656422,3.0931266648489,1,I,570,2
65.322962128754,72,58.3749228157103,6.9480393130437,1,C,571,2
102.356854823093,72,58.3823609864339,13.6176390135661,0,I,572,2
65.949988830155,72,58.5285335266963,7.42145530345872,1,C,573,2
82.5832017731285,72,58.6392097827047,13.3607902172953,0,I,574,2
114.043399240472,72,58.6713321413845,13.3286678586155,0,C,575,2
195.797790735245,72,58.9035084564239,13.0964915435761,0,I,576,2
68.0008664067271,72,59.3475510785356,8.65331532819146,1,C,577,2
81.2530684385884,72,59.3907739687711,12.6092260312289,0,I,578,2
82.2417085427556,72,59.4583451002836,12.5416548997164,0,C,579,2
121.411030830085,72,59.5474486006424,12.4525513993576,0,I,580,2
62.3153489330205,72,59.5749469846487,2.74040194837183,1,C,581,2
105.326839253251,72,59.6265870099887,12.3734129900113,0,I,582,2
77.2877868330648,72,59.87208197359,12.12791802641,0,C,583,2
105.468130542113,72,59.8756936239079,12.1243063760921,0,I,584,2
11.5879377283316,72,0.080160666257143,11.5077770620745,1,C,1,3
33.070233781808,34.3244467954376,0.127662615850568,32.9425711659575,1,I,2,3
21.967831689693,72,0.315280021168292,21.6525516685247,1,C,3,3
20.6894335227943,72,0.483091380447149,20.2063421423471,1,I,4,3
11.9689771749969,72,0.609958246350288,11.3590189286466,1,C,5,3
7.78724797470838,72,0.782390884123743,7.00485709058464,1,I,6,3
7.68984623447984,37.002509097321,0.82532174885273,6.86452448562711,1,C,7,3
17.0586404186122,72,0.89461246971041,16.1640279489018,1,I,8,3
16.9886871743883,72,1.42048289068043,15.5682042837079,1,C,9,3
10.9385779460586,72,1.77756157703698,9.16101636902164,1,I,10,3
100.556065048529,72,1.78674501366913,70.2132549863309,0,C,11,3
12.4320062874363,72,1.81331309024245,10.6186931971939,1,I,12,3
5.86658305866177,72,1.89985839184374,3.96672466681803,1,C,13,3
5.08343326490921,72,2.03800668474287,3.04542658016634,1,I,14,3
36.9418348932585,72,2.05315715633333,34.8886777369252,1,C,15,3
13.6239220657591,72,2.09725490771234,11.5266671580468,1,I,16,3
12.8210839200689,72,2.32186158187687,10.499222338192,1,C,17,3
91.6428666334642,72,2.37887715920806,69.6211228407919,0,I,18,3
48.1829358296968,72,2.48517857864499,45.6977572510518,1,C,19,3
69.9995170768958,72,2.50956520903856,67.4899518678573,1,I,20,3
87.6448227106918,48.387852577676,2.66346822492778,45.7243843527482,0,C,21,3
76.9093959074798,72,2.87074231076986,69.1292576892302,0,I,22,3
7.76009668708305,72,2.87186309695244,4.88823359013062,1,C,23,3
13.8020294159664,72,2.9213250707835,10.8807043451829,1,I,24,3
59.4874159446704,72,3.03571030497551,56.4517056396949,1,C,25,3
48.6520845160969,72,3.10518260579556,45.5469019103013,1,I,26,3
33.7055158172688,72,3.17540951538831,30.5301063018804,1,C,27,3
71.7249764954122,72,3.21024413220584,68.5147323632064,1,I,28,3
3.39723371315045,72,3.26592243276536,0.131311280385086,1,C,29,3
10.6113986181742,72,3.29214166849852,7.31925694967567,1,I,30,3
10.4847611958349,72,3.3581593958661,7.12660179996883,1,C,31,3
7.11309535939229,72,3.42570106498897,3.68739429440332,1,I,32,3
27.1005282654616,14.2805766996139,3.5967533569783,10.6838233426356,0,C,33,3
5.5868737404129,19.5640471523038,3.59930922277272,1.98756451764018,1,I,34,3
24.7607117778003,7.96039416744339,3.65011589135975,4.31027827608365,0,C,35,3
8.45378107633545,24.2742898087033,3.66988403722644,4.78389703910901,1,I,36,3
81.6994367275538,72,3.69151774328202,68.308482256718,0,C,37,3
22.457035482665,72,3.82088142447174,18.6361540581933,1,I,38,3
15.0856276183582,72,3.90796024817973,11.1776673701785,1,C,39,3
24.9011896706282,72,3.94625374116004,20.9549359294682,1,I,40,3
18.631373147161,72,4.11608061287552,14.5152925342855,1,C,41,3
55.3248726345767,72,4.62138711009175,50.703485524485,1,I,42,3
57.5132349946884,72,4.83671999070793,52.6765150039804,1,C,43,3
13.2694247001497,57.3696396815287,4.83999035786837,8.42943434228128,1,I,44,3
19.6984257451034,59.4178462323753,4.88972257822752,14.8087031668759,1,C,45,3
28.5494798812765,11.5961518693926,5.01725189387798,6.57889997551458,0,I,46,3
18.582047612349,67.2534929951152,5.0598303694278,13.5222172429212,1,C,47,3
13.12005176588,72,5.12442911043763,7.99562265544235,1,I,48,3
27.3462129205548,72,5.20269327331334,22.1435196472414,1,C,49,3
15.9231093077742,26.9526252927241,5.31696222256869,10.6061470852055,1,I,50,3
130.130555074854,72,5.38046688772738,66.6195331122726,0,C,51,3
97.2088666923951,72,5.61927226837724,66.3807277316228,0,I,52,3
99.89092975893,72,5.65137765370309,66.3486223462969,0,C,53,3
8.10738180767696,72,5.65737002994865,2.45001177772831,1,I,54,3
18.9489715179845,65.5626333455992,5.72858431376517,13.2203872042193,1,C,55,3
9.75501694935484,26.6554424416749,5.82774155773222,3.92727539162262,1,I,56,3
37.0238596029363,72,5.93628115486354,31.0875784480728,1,C,57,3
8.87129800162405,72,5.93920270912349,2.93209529250056,1,I,58,3
40.268025305791,72,6.03290790226311,34.2351174035279,1,C,59,3
74.5926352243021,60.5228809636833,6.14876001141965,54.3741209522637,0,I,60,3
77.3447980909474,72,6.33610944729298,65.663890552707,0,C,61,3
77.4362521339432,72,6.41148626804352,65.5885137319565,0,I,62,3
95.2961742545506,72,6.49369908962399,65.506300910376,0,C,63,3
26.7736903417684,50.3732582643594,6.65041343774647,20.1232769040219,1,I,64,3
34.5483242740789,72,6.65808944497258,27.8902348291063,1,C,65,3
141.949246300046,72,6.72453719191253,65.2754628080875,0,I,66,3
42.2164810797896,72,6.73015055246651,35.4863305273231,1,C,67,3
57.4610544157644,72,6.7694688308984,50.691585584866,1,I,68,3
62.9313029713445,72,6.8881849385798,56.0431180327647,1,C,69,3
12.8712106328348,72,6.99077515862882,5.88043547420595,1,I,70,3
7.97832869941076,67.8358106373629,7.02616281341761,0.952165885993147,1,C,71,3
9.8390838850518,72,7.07718252204359,2.76190136300821,1,I,72,3
15.0366788502737,72,7.15594641398639,7.88073243628734,1,C,73,3
32.451810752258,72,7.18195041641593,25.2698603358421,1,I,74,3
72.8721341133324,72,7.23606540821493,64.7639345917851,0,C,75,3
19.9966486973553,72,7.35175109468401,12.6448976026713,1,I,76,3
11.0888828223831,72,7.40747559349984,3.68140722888325,1,C,77,3
13.0107309333675,20.1730921499288,7.62358578387648,5.387145149491,1,I,78,3
24.9049282812144,72,7.77380274608731,17.1311255351271,1,C,79,3
11.7203688926504,72,7.81355453655124,3.90681435609921,1,I,80,3
40.0533258272975,72,7.85195822361857,32.2013676036789,1,C,81,3
10.4776607023457,72,7.89028835948557,2.58737234286018,1,I,82,3
15.3606937176909,72,7.90876781567931,7.45192590201159,1,C,83,3
20.311612260752,72,7.93442018330097,12.377192077451,1,I,84,3
28.7167934407118,72,8.13525994308293,20.5815334976289,1,C,85,3
13.9821696392394,27.5231910133284,8.32543873228133,5.6567309069581,1,I,86,3
69.26385003979,32.5138885680774,8.34776013158262,24.1661284364947,0,C,87,3
15.2381952423343,72,8.56053009163588,6.67766515069841,1,I,88,3
21.3427060103115,72,8.57639826368541,12.7663077466261,1,C,89,3
117.591261259244,72,8.57843169942498,63.421568300575,0,I,90,3
63.3341815063606,72,8.59110583551228,54.7430756708484,1,C,91,3
40.4467965336434,72,8.65699142217636,31.789805111467,1,I,92,3
19.652433705857,72,8.79792126361281,10.8545124422441,1,C,93,3
43.7805590095002,72,8.81566624157131,34.9648927679289,1,I,94,3
150.137402278856,72,8.83903970941901,63.160960290581,0,C,95,3
11.3384214512212,72,9.00653854943812,2.33188290178303,1,I,96,3
53.9355415386996,72,9.06641216017306,44.8691293785266,1,C,97,3
29.9052947593391,72,9.10734058823436,20.7979541711047,1,I,98,3
10.2509773546333,72,9.30968100205064,0.94129635258266,1,C,99,3
11.5083265395685,52.5220231404901,9.38710771501064,2.12121882455787,1,I,100,3
32.43877895393,72,9.44097636267543,22.9978025912546,1,C,101,3
17.1561163436333,28.4724823200382,9.46299665607512,7.69311968755814,1,I,102,3
73.4825746176848,72,9.58404078148305,62.415959218517,0,C,103,3
44.1136742009151,72,9.58759361878037,34.5260805821348,1,I,104,3
17.5408015699158,72,9.64872012846172,7.89208144145406,1,C,105,3
19.0070028900713,72,9.66672799084336,9.34027489922793,1,I,106,3
36.1971569298043,45.5835549861047,9.70685295760632,26.4903039721979,1,C,107,3
33.1676961252214,15.2037311835986,9.77731169667095,5.4264194869277,0,I,108,3
22.6027019147341,62.8398016176491,9.91893579717726,12.6837661175569,1,C,109,3
108.73127376815,72,10.108426194638,61.891573805362,0,I,110,3
23.6354891658286,72,10.1478827325627,13.4876064332659,1,C,111,3
83.8669032902138,54.6433365142989,10.3566537145525,44.2866827997463,0,I,112,3
44.9941020083865,72,10.4067365080118,34.5873655003747,1,C,113,3
37.882403945051,72,10.4256601911038,27.4567437539472,1,I,114,3
50.737403706094,72,10.4278907412663,40.3095129648277,1,C,115,3
40.2147436378278,14.0628915661628,10.4359774198383,3.62691414632445,0,I,116,3
27.2957332063112,35.4308480506225,10.4466171422973,16.8491160640139,1,C,117,3
61.2783834969222,72,10.5365874012932,50.7417960956289,1,I,118,3
61.439501051268,27.3134780555958,10.6236356310546,16.6898424245412,0,C,119,3
27.9236047932029,72,10.6536009907722,17.2700038024307,1,I,120,3
30.2198443455268,72,10.6747225485742,19.5451217969526,1,C,121,3
87.6796359017637,72,10.7412572158501,61.25874278415,0,I,122,3
54.0613974605909,69.1035556699526,10.9404397476465,43.1209577129445,1,C,123,3
90.9302847299685,72,11.1225200537592,60.8774799462408,0,I,124,3
40.7726282507536,57.8407049230214,11.3098816433921,29.4627466073615,1,C,125,3
76.3425497144108,72,11.3470218004659,60.6529781995341,0,I,126,3
46.8959727136591,72,11.5361320367083,35.3598406769508,1,C,127,3
74.2219312827919,72,11.655042283237,60.344957716763,0,I,128,3
71.3965548929007,72,11.7962768906727,59.6002780022279,1,C,129,3
56.826314007472,72,11.7971088923514,45.0292051151206,1,I,130,3
25.9861607106916,72,11.8302596127614,14.1559010979301,1,C,131,3
79.8915729760039,42.9763199564201,11.8473624391481,31.128957517272,0,I,132,3
24.7134828992013,72,11.8846548255533,12.828828073648,1,C,133,3
37.408155060564,72,11.9594433763996,25.4487116841644,1,I,134,3
85.8377773136558,29.0576869361873,12.0762930717319,16.9813938644554,0,C,135,3
22.6361175856918,72,12.2305743349716,10.4055432507202,1,I,136,3
38.0751256821786,72,12.3376931156963,25.7374325664823,1,C,137,3
15.0840757344005,72,12.4844549736008,2.59962076079967,1,I,138,3
47.4957842907536,43.8992431346086,12.5311397993937,31.3681033352149,0,C,139,3
126.339759113606,72,12.5847896793857,59.4152103206143,0,I,140,3
13.5329809929307,72,12.6588634913787,0.874117501551944,1,C,141,3
17.2751428893541,72,12.7902928506956,4.48485003865854,1,I,142,3
54.9174478434617,72,12.8219691105187,42.095478732943,1,C,143,3
32.4223608290765,72,12.9226808343083,19.4996799947682,1,I,144,3
15.819546655945,72,13.1417379062623,2.67780874968269,1,C,145,3
63.34285454343,72,13.1870549032465,50.1557996401836,1,I,146,3
94.1515164011122,17.9077428674843,13.205041307956,4.70270155952836,0,C,147,3
24.2776179400551,72,13.300349120982,10.9772688190731,1,I,148,3
33.892651237254,72,13.346278402023,20.546372835231,1,C,149,3
49.8267620547973,36.2209656446776,13.392929029651,22.8280366150266,0,I,150,3
17.0211541328352,72,13.4161306684837,3.60502346435155,1,C,151,3
32.7769604233557,66.8505501466737,13.4549967432395,19.3219636801162,1,I,152,3
45.6410760822442,72,13.472835291177,32.1682407910672,1,C,153,3
52.5829560013141,72,13.4779617609456,39.1049942403684,1,I,154,3
97.1800081083512,72,13.6443885834888,58.3556114165112,0,C,155,3
170.740906796467,72,13.8518156530336,58.1481843469665,0,I,156,3
41.6830247826614,72,13.8832666072994,27.7997581753619,1,C,157,3
24.7323371531557,34.5560697320202,13.9651836734265,10.7671534797291,1,I,158,3
45.4613310065919,60.0320491036129,14.0459343418479,31.415396664744,1,C,159,3
73.7067837610064,61.2305480580222,14.0484214760363,47.1821265819859,0,I,160,3
40.7168488116186,72,14.0732383914292,26.6436104201894,1,C,161,3
64.6271022187329,42.3355728593655,14.1130934888497,28.2224793705158,0,I,162,3
23.7330968608074,72,14.4623590121046,9.27073784870282,1,C,163,3
34.3269654568601,72,14.633378405124,19.6935870517362,1,I,164,3
28.1632021589989,40.0046500542842,14.6824779175222,13.4807242414767,1,C,165,3
56.1312696611989,72,14.7442549606785,41.3870147005204,1,I,166,3
20.0093601347121,23.8422943724139,14.8770356923342,5.13232444237796,1,C,167,3
15.3430432622877,72,15.1138762850314,0.229166977256234,1,I,168,3
51.5635307214781,72,15.1228202087805,36.4407105126976,1,C,169,3
45.3041129506443,57.3490729447482,15.3325315285474,29.9715814220969,1,I,170,3
28.5105509319339,72,15.4584445478395,13.0521063840944,1,C,171,3
19.7841321766123,72,15.6211905693635,4.16294160724878,1,I,172,3
191.883926976759,72,15.7593835238367,56.2406164761633,0,C,173,3
49.7504544795176,72,16.1153407534584,33.6351137260592,1,I,174,3
33.1085950099723,38.494929677084,16.209692498669,16.8989025113033,1,C,175,3
33.8597809399734,72,16.2175795342773,17.6422014056961,1,I,176,3
31.5682999697422,72,16.4012916292995,15.1670083404426,1,C,177,3
40.5513418189287,72,16.5792631404474,23.9720786784813,1,I,178,3
60.5894036213845,72,16.6849494539201,43.9044541674644,1,C,179,3
63.9924665929384,72,16.8555626319721,47.1369039609662,1,I,180,3
27.4714838391984,72,17.012246302329,10.4592375368694,1,C,181,3
21.7264645263202,72,17.0340103469789,4.69245417934129,1,I,182,3
17.7688275573993,68.639602170119,17.1708841435611,0.597943413838206,1,C,183,3
35.4334355591838,72,17.1859210124239,18.2475145467599,1,I,184,3
108.118636004234,72,17.3378615453839,54.6621384546161,0,C,185,3
67.076085987835,72,17.5052029173821,49.5708830704529,1,I,186,3
42.4018677819211,72,17.5773396575823,24.8245281243388,1,C,187,3
22.6669870391682,72,17.6688326569274,4.99815438224079,1,I,188,3
44.7998484298929,35.3277062158014,17.7789362473413,17.54876996846,0,C,189,3
36.0116168780154,30.5242472088487,17.8300307644531,12.6942164443955,0,I,190,3
128.184253357948,72,17.8977294126526,54.1022705873475,0,C,191,3
61.4831900369092,72,17.9708401439711,43.512349892938,1,I,192,3
78.0516508683096,72,17.9828039836138,54.0171960163862,0,C,193,3
48.3928458357924,72,18.0851830495521,30.3076627862402,1,I,194,3
51.6169456197114,27.8931258456731,18.2430639630184,9.6500618826547,0,C,195,3
35.7069734025509,72,18.2885024137795,17.4184709887714,1,I,196,3
215.569000103024,72,18.343659681268,53.656340318732,0,C,197,3
31.0600944451542,54.1154432549598,18.4097798913717,12.6503145537825,1,I,198,3
35.3444098002202,72,18.4191981470212,16.9252116531989,1,C,199,3
32.1892906600802,72,18.4922109497711,13.697079710309,1,I,200,3
45.1352782760669,55.7813161474615,18.5000907629728,26.6351875130941,1,C,201,3
18.7263096133665,72,18.5677991621196,0.158510451246862,1,I,202,3
67.6437909904271,51.0000236695049,18.7347166612744,32.2653070082305,0,C,203,3
35.2308961979316,72,18.8271772395819,16.4037189583496,1,I,204,3
67.1653843435289,72,18.8617576193064,48.3036267242225,1,C,205,3
22.6800317133585,72,19.1202327422798,3.55979897107872,1,I,206,3
30.7072927582136,38.3664060009896,19.1266001528129,11.5806926054007,1,C,207,3
60.189053792811,72,19.2250610282645,40.9639927645465,1,I,208,3
33.5665902049916,72,19.2264811322093,14.3401090727822,1,C,209,3
45.043241151049,26.9887758516139,19.2477013589814,7.74107449263249,0,I,210,3
47.9641182757758,72,19.2995709506795,28.6645473250963,1,C,211,3
33.8134351400319,72,19.3994528101757,14.4139823298562,1,I,212,3
52.8816426010343,51.9293017752544,19.7017659293488,32.2275358459056,0,C,213,3
75.7693722182519,72,19.7328271670267,52.2671728329733,0,I,214,3
128.413230273774,72,19.9876065272838,52.0123934727162,0,C,215,3
147.521980102563,72,20.2913930732757,51.7086069267243,0,I,216,3
76.7824286088305,72,20.3127372823656,51.6872627176344,0,C,217,3
39.4465240520487,72,20.797098018229,18.6494260338197,1,I,218,3
117.840178868839,72,20.9233120176941,51.0766879823059,0,C,219,3
54.3256663226881,72,21.208010148257,33.1176561744311,1,I,220,3
61.1722890979172,72,21.2136748339981,39.9586142639192,1,C,221,3
72.4678358390611,72,21.293477746658,50.706522253342,0,I,222,3
59.5862816409211,72,21.3915594667196,38.1947221742015,1,C,223,3
119.851952371281,72,21.41830871813,50.58169128187,0,I,224,3
30.7524598528229,72,21.5736256632954,9.17883418952749,1,C,225,3
51.5474645401159,72,21.5889150090516,29.9585495310644,1,I,226,3
36.9504839435071,33.2165163260384,21.675125984475,11.5413903415634,0,C,227,3
149.401372049091,72,21.9991295132786,50.0008704867214,0,I,228,3
44.1314556546625,72,22.0801926311106,22.0512630235519,1,C,229,3
162.558999867098,72,22.1797038428485,49.8202961571515,0,I,230,3
29.1511453725776,39.1140978267377,22.2272060997784,6.9239392727992,1,C,231,3
38.7380459433024,72,22.4598683975637,16.2781775457387,1,I,232,3
26.555109164861,72,22.6484192814678,3.90668988339323,1,C,233,3
26.8568663075654,72,22.6767224259675,4.18014388159791,1,I,234,3
102.604189898768,72,22.6960556209087,49.3039443790913,0,C,235,3
37.7693734521773,72,22.7140850247815,15.0552884273957,1,I,236,3
43.8772932650075,72,22.7378125442192,21.1394807207883,1,C,237,3
34.7659661345248,72,22.8669007122517,11.8990654222731,1,I,238,3
40.9959101280213,72,23.03390360903,17.9620065189913,1,C,239,3
43.7266370667903,28.1071010177743,23.0419611744583,5.06513984331599,0,I,240,3
27.8980404504536,72,23.1284931208938,4.76954732955974,1,C,241,3
82.7620804833984,58.5687508391091,23.2672682963312,35.3014825427779,0,I,242,3
36.8336537227432,72,23.2922857208177,13.5413680019255,1,C,243,3
25.4552513240731,72,23.3515821537003,2.10366917037284,1,I,244,3
41.9752641321654,72,23.3777771377936,18.5974869943718,1,C,245,3
56.9844249902659,72,23.5145407682285,33.4698842220374,1,I,246,3
25.4050425137575,72,23.5403657052666,1.86467680849092,1,C,247,3
25.7323696325073,50.6221682680451,23.5792707139626,2.1530989185447,1,I,248,3
26.5690881389484,72,23.6111332895234,2.95795484942502,1,C,249,3
41.4809364526278,72,23.9158607460558,17.565075706572,1,I,250,3
70.7864168596591,72,24.0446348581463,46.7417820015128,1,C,251,3
41.1463948091841,72,24.1225229110569,17.0238718981272,1,I,252,3
24.2556773476758,72,24.1563202254474,0.0993571222283342,1,C,253,3
31.0109505492532,72,24.163284022361,6.84766652689218,1,I,254,3
71.6355715595209,72,24.1649917233735,47.4705798361473,1,C,255,3
45.9867548773662,72,24.5415933569893,21.4451615203768,1,I,256,3
58.1349436026992,72,24.5616807695478,33.5732628331514,1,C,257,3
64.3486176747496,72,24.9847214855254,39.3638961892243,1,I,258,3
213.450254621134,56.1609170004723,24.9927332159132,31.1681837845591,0,C,259,3
41.8760626404678,72,25.0820380775258,16.794024562942,1,I,260,3
36.4845436460438,72,25.1097913412377,11.3747523048061,1,C,261,3
71.7703419475565,72,25.1621185708791,46.6082233766774,1,I,262,3
68.3412342252779,72,25.370787656866,42.9704465684119,1,C,263,3
56.0992602157042,50.9911074832681,25.5203065183014,25.4708009649667,0,I,264,3
25.7046274702744,40.3521847420009,25.5394741287455,0.165153341528914,1,C,265,3
237.228597826567,72,25.6349237496033,46.3650762503967,0,I,266,3
40.0061345767102,43.2772283253066,25.6562971975654,14.3498373791447,1,C,267,3
59.7852644567988,72,25.7773148221895,34.0079496346093,1,I,268,3
61.7452719190521,72,25.8293584361672,35.9159134828849,1,C,269,3
57.8104941010246,72,25.9744337573648,31.8360603436598,1,I,270,3
41.7891106363791,72,26.0262745013461,15.7628361350331,1,C,271,3
28.9363283522009,47.6061698148042,26.0304580070078,2.90587034519307,1,I,272,3
111.20493708806,60.8883216567374,26.1886007711291,34.6997208856082,0,C,273,3
74.15684695637,43.9671071906611,26.2748036440462,17.6923035466149,0,I,274,3
27.6311569377808,72,26.3075773464516,1.32357959132927,1,C,275,3
58.5269727662859,72,26.3430252112448,32.1839475550411,1,I,276,3
63.6599451139707,63.5063656261189,26.5640799561515,36.9422856699673,0,C,277,3
57.9480233061655,56.573937261395,26.6372090298682,29.9367282315267,0,I,278,3
53.0775735811675,72,26.6861691232771,26.3914044578905,1,C,279,3
29.747570507216,72,26.7186473077163,3.02892319949972,1,I,280,3
53.7231990719422,52.4096799872299,26.7242563795298,25.6854236077001,0,C,281,3
48.4282795572862,47.0720957231028,26.8900563195348,20.182039403568,0,I,282,3
85.4275008510711,72,27.1067448612303,44.8932551387698,0,C,283,3
129.098898716188,72,27.1717503340915,44.8282496659085,0,I,284,3
54.2802233313752,72,27.28346969001,26.9967536413652,1,C,285,3
40.9277836754746,72,27.3931474098936,13.534636265581,1,I,286,3
31.5896217407084,72,27.6356475194916,3.95397422121679,1,C,287,3
70.5009149001331,69.6289289149388,27.7878564409912,41.8410724739476,0,I,288,3
30.9346066404106,72,28.1071574985981,2.82744914181247,1,C,289,3
145.876668039054,72,28.2054055854678,43.7945944145322,0,I,290,3
102.145626900217,72,28.4815822681412,43.5184177318588,0,C,291,3
58.0359956354805,72,28.6402768129483,29.3957188225322,1,I,292,3
151.865210156937,72,28.8464838545769,43.1535161454231,0,C,293,3
46.9127746247164,72,29.034375725314,17.8783988994024,1,I,294,3
62.0576070363237,72,29.0483285766095,33.0092784597142,1,C,295,3
75.8424765339378,72,29.1799668688327,42.8200331311673,0,I,296,3
38.0401210046499,72,29.2389446916059,8.80117631304402,1,C,297,3
49.7228396659575,72,29.2987296357751,20.4241100301824,1,I,298,3
51.34641709913,72,29.4379479624331,21.9084691366969,1,C,299,3
78.3637548853115,72,29.5090100588277,42.4909899411723,0,I,300,3
94.4595618460511,72,29.606142193079,42.393857806921,0,C,301,3
101.373574548174,72,29.6459105378017,42.3540894621983,0,I,302,3
56.9533666928138,72,29.7779289493337,27.17543774348,1,C,303,3
47.8480336223049,72,29.8980853753164,17.9499482469884,1,I,304,3
45.4718044367596,72,29.981258274056,15.4905461627036,1,C,305,3
51.1622623789082,70.8173994325901,30.2899802522734,20.8722821266348,1,I,306,3
36.2674387035392,72,30.3832914400846,5.88414726345461,1,C,307,3
116.871479288508,72,30.3903621202335,41.6096378797665,0,I,308,3
43.8560494272756,71.261188795109,30.4294262034819,13.4266232237937,1,C,309,3
40.8927975602939,72,30.4968669405207,10.3959306197732,1,I,310,3
32.562485161281,65.0597870633613,30.5889587430283,1.97352641825267,1,C,311,3
93.2107251269222,72,30.7101740688086,41.2898259311914,0,I,312,3
45.6810879322352,72,30.8031975757331,14.8778903565021,1,C,313,3
31.0227826064313,72,30.9586117789149,0.0641708275164048,1,I,314,3
49.2742702173973,72,31.0046381363645,18.2696320810328,1,C,315,3
38.9628987447755,72,31.0281278053299,7.93477093944559,1,I,316,3
82.3354626016689,72,31.2447676481679,40.7552323518321,0,C,317,3
42.9773824792134,72,31.3001686893404,11.677213789873,1,I,318,3
35.8194516845806,69.512921416089,31.3062687311322,4.51318295344849,1,C,319,3
41.7680469372739,40.3357406051611,31.3819725438952,8.95376806126581,0,I,320,3
37.2021471397715,72,31.401096121408,5.80105101836346,1,C,321,3
65.6708293565567,72,31.508169779554,34.1626595770027,1,I,322,3
35.3977784543982,72,31.5944137237966,3.80336473060156,1,C,323,3
92.1537046394522,58.721603444432,31.825901241973,26.8957022024589,0,I,324,3
86.4570867703043,72,32.1973414393142,39.8026585606858,0,C,325,3
43.8062770246212,72,32.5116235669702,11.294653457651,1,I,326,3
54.2614256513773,35.1264472287018,32.5563380168751,2.57010921182672,0,C,327,3
42.0133946522071,72,32.6512784091756,9.36211624303152,1,I,328,3
40.6517899647093,72,32.6822820771486,7.96950788756079,1,C,329,3
39.0337246362907,72,32.7381209470332,6.29560368925749,1,I,330,3
56.3299911297274,72,32.7616974944249,23.5682936353025,1,C,331,3
48.4373954148715,72,32.8195190615952,15.6178763532763,1,I,332,3
66.7745378685368,72,32.8572437586263,33.9172941099105,1,C,333,3
54.7872866757842,72,32.8898390522227,21.8974476235616,1,I,334,3
36.3672059988486,72,32.9277804214507,3.43942557739784,1,C,335,3
33.8210102441515,72,33.0678394529969,0.753170791154645,1,I,336,3
123.345894238575,72,33.279295549728,38.720704450272,0,C,337,3
42.4842842719432,72,33.3485615579411,9.1357227140021,1,I,338,3
103.797090185893,72,33.399765654467,38.600234345533,0,C,339,3
36.3125339028866,72,33.5127723170444,2.79976158584218,1,I,340,3
243.64888066611,72,33.5763953346759,38.4236046653241,0,C,341,3
36.257081629963,72,33.5950975120068,2.66198411795626,1,I,342,3
53.333023483968,37.8957928979457,33.7592169363052,4.1365759616405,0,C,343,3
60.0625826461562,62.5181630111136,33.8645379943773,26.1980446517789,1,I,344,3
65.1120235115874,72,33.9741028519347,31.1379206596527,1,C,345,3
61.8393390738439,72,34.0343429055065,27.8049961683374,1,I,346,3
52.8130706855907,51.7670395773161,34.1724841017276,17.5945554755885,0,C,347,3
43.5097266084715,72,34.3029442895204,9.20678231895111,1,I,348,3
107.631082410246,37.2484913892824,34.3371334578842,2.91135793139816,0,C,349,3
107.923233554217,55.1308749372826,34.4005129253492,20.7303620119335,0,I,350,3
48.4445703465871,43.4524211245787,34.7652536211535,8.68716750342517,0,C,351,3
43.4779632310747,72,34.7686504432932,8.70931278778151,1,I,352,3
95.3728799431513,72,34.8275258671492,37.1724741328508,0,C,353,3
84.5463915760032,72,34.8826509201899,37.1173490798101,0,I,354,3
38.2336744410717,44.1332127651614,34.900187831372,3.33348660969966,1,C,355,3
60.7808017350068,72,34.9306124215946,25.8501893134122,1,I,356,3
40.2455330635218,72,35.1908445591107,5.0546885044111,1,C,357,3
36.3182174758122,72,35.2197429584339,1.09847451737823,1,I,358,3
51.4250907619929,72,35.2623579651117,16.1627327968811,1,C,359,3
47.9931358235996,72,35.3850715979934,12.6080642256062,1,I,360,3
55.0588556653852,39.6080987685797,35.4692457709461,4.13885299763354,0,C,361,3
37.3428035429734,72,35.4745145514607,1.86828899151261,1,I,362,3
39.7588780057512,72,35.4861903609708,4.27268764478036,1,C,363,3
124.331431236354,72,35.5520337028429,36.4479662971571,0,I,364,3
73.5082515889246,72,35.6671984819695,36.3328015180305,0,C,365,3
77.3867199053685,48.2967084851781,35.7465859875083,12.5501224976698,0,I,366,3
92.8413946468533,72,35.8979621669278,36.1020378330722,0,C,367,3
87.8980509880813,72,35.9711381234229,36.0288618765771,0,I,368,3
90.5673517696359,72,36.0023094713688,35.9976905286312,0,C,369,3
76.2751364116337,72,36.081890151836,35.918109848164,0,I,370,3
59.2541358425105,72,36.0945227835327,23.1596130589778,1,C,371,3
51.1490114575889,72,36.1773291695863,14.9716822880026,1,I,372,3
55.4169990956256,43.7549335627314,36.1863284697756,7.56860509295574,0,C,373,3
37.6882993604928,72,36.3050083257258,1.38329103476697,1,I,374,3
66.6253038104125,72,36.3381886202842,30.2871151901283,1,C,375,3
108.705004561864,72,36.3989373994991,35.6010626005009,0,I,376,3
66.054896545468,72,36.6632911842316,29.3916053612363,1,C,377,3
97.4145060490132,72,36.9502937793732,35.0497062206268,0,I,378,3
65.8439657706828,72,37.0407480653375,28.8032177053453,1,C,379,3
154.438267916566,72,37.0495212357491,34.9504787642509,0,I,380,3
46.7520864472154,72,37.1070342790335,9.64505216818188,1,C,381,3
47.3025689560361,72,37.1385200601071,10.164048895929,1,I,382,3
95.9264699498146,72,37.1460638428107,34.8539361571893,0,C,383,3
67.0856969305343,72,37.1519726794213,29.933724251113,1,I,384,3
56.5854778771239,72,37.2929206537083,19.2925572234156,1,C,385,3
80.7123505590467,72,37.3747506458312,34.6252493541688,0,I,386,3
54.9600670333451,72,37.407306348905,17.5527606844401,1,C,387,3
41.4534479174444,72,37.4728113273159,3.98063659012849,1,I,388,3
69.3412047024968,72,37.5356694823131,31.8055352201837,1,C,389,3
78.5196136675381,72,37.6140773948282,34.3859226051718,0,I,390,3
104.87180860767,72,37.6218823296949,34.3781176703051,0,C,391,3
39.868791748512,72,37.6844148756936,2.1843768728184,1,I,392,3
74.2720256702709,72,37.7207619650289,34.2792380349711,0,C,393,3
39.4155305762174,72,37.748056682758,1.66747389345938,1,I,394,3
64.1155615552107,72,37.7780084777623,26.3375530774483,1,C,395,3
81.2946046925752,72,37.8586352616549,34.1413647383452,0,I,396,3
122.34619885041,72,37.9769746866077,34.0230253133923,0,C,397,3
38.3943877094226,72,37.9831019137055,0.411285795717093,1,I,398,3
95.6949207135332,72,38.0317310895771,33.9682689104229,0,C,399,3
124.27504328289,72,38.1705387867987,33.8294612132013,0,I,400,3
113.220225573932,72,38.2204967038706,33.7795032961294,0,C,401,3
59.8523414318674,72,38.2779575558379,21.5743838760294,1,I,402,3
68.4336348717809,72,38.2794953556731,30.1541395161078,1,C,403,3
49.9720884723197,72,38.3449797984213,11.6271086738985,1,I,404,3
54.7969352496748,72,38.4201578143984,16.3767774352764,1,C,405,3
69.0175448242941,72,38.6855527991429,30.3319920251512,1,I,406,3
40.0670646224813,72,38.8122916454449,1.25477297703638,1,C,407,3
105.088467560259,72,38.8377541350201,33.1622458649799,0,I,408,3
140.573362711914,72,38.9216418145224,33.0783581854776,0,C,409,3
39.4180087895751,72,38.9238279126585,0.494180876916677,1,I,410,3
60.3224938833953,72,38.9295540098101,21.3929398735852,1,C,411,3
145.094943345769,72,38.9598375605419,33.0401624394581,0,I,412,3
59.1888364798402,71.7458817254293,38.9620725531131,20.226763926727,1,C,413,3
78.6092963834343,72,39.0824787179008,32.9175212820992,0,I,414,3
54.9916532741181,72,39.3582882871851,15.633364986933,1,C,415,3
116.133098771334,72,39.4157176371664,32.5842823628336,0,I,416,3
46.029667077896,72,39.427390624769,6.60227645312692,1,C,417,3
107.528554554026,72,39.5010663522407,32.4989336477593,0,I,418,3
106.326452859647,56.4655440967559,39.6444635745138,16.8210805222421,0,C,419,3
47.7758986180385,72,39.6826345799491,8.0932640380894,1,I,420,3
74.1693068983375,72,39.6901214495301,32.3098785504699,0,C,421,3
64.3871455750148,72,39.9695193395019,24.417626235513,1,I,422,3
92.8725988449588,61.8072142478125,40.0726859550923,21.7345282927202,0,C,423,3
54.6903784495404,72,40.2907975483686,14.3995809011718,1,I,424,3
83.6392294095465,72,40.4988992633298,31.5011007366702,0,C,425,3
54.3241549969062,72,40.8586086658761,13.4655463310301,1,I,426,3
61.6136366699564,72,40.9090240113437,20.7046126586127,1,C,427,3
47.7216183391966,72,41.2617182079703,6.45990013122633,1,I,428,3
71.0695826862803,72,41.275786603801,29.7937960824794,1,C,429,3
52.1643258783997,72,41.3776216283441,10.7867042500557,1,I,430,3
71.6038390209097,72,41.4468586631119,30.1569803577977,1,C,431,3
62.1631893608049,72,41.4503147592768,20.7128746015281,1,I,432,3
85.3435072148459,72,41.4530655322596,30.5469344677404,0,C,433,3
100.865085242036,72,41.6184108238667,30.3815891761333,0,I,434,3
42.6119308337421,72,41.7905674176291,0.821363416113066,1,C,435,3
46.1316361951707,72,41.7971611116082,4.33447508356259,1,I,436,3
63.8587501624138,70.8993202196543,42.0906158303842,21.7681343320296,1,C,437,3
47.5945425578104,65.1617149810549,42.1504960907623,5.44404646704807,1,I,438,3
43.1833379432884,72,42.3300623428077,0.853275600480773,1,C,439,3
119.870331854321,72,42.6003175741062,29.3996824258938,0,I,440,3
56.6724779437885,72,43.1372315296903,13.5352464140982,1,C,441,3
65.9489718090782,72,43.2546168984845,22.6943549105936,1,I,442,3
52.0562079948008,72,43.4494036668912,8.6068043279096,1,C,443,3
80.6548749819291,72,43.4938200004399,28.5061799995601,0,I,444,3
165.029113230122,72,43.605377166532,28.394622833468,0,C,445,3
48.9543250662335,72,43.6469771666452,5.30734789958828,1,I,446,3
89.763762621566,72,43.7819894263521,28.2180105736479,0,C,447,3
65.2452026757434,54.6696023559953,43.9178869407624,10.7517154152329,0,I,448,3
74.8634136308042,72,44.1011497518048,27.8988502481952,0,C,449,3
78.5543368777411,72,44.3127879314125,27.6872120685875,0,I,450,3
59.7058416998195,72,44.3130554258823,15.3927862739372,1,C,451,3
69.7204511543216,72,44.5171798439696,25.2032713103519,1,I,452,3
46.7012453100646,72,44.6387662505731,2.06247905949149,1,C,453,3
48.700626694287,72,44.7509619640186,3.94966473026837,1,I,454,3
70.3412476624731,72,44.9110894650221,25.430158197451,1,C,455,3
52.8292523476578,72,45.0473706889898,7.78188165866805,1,I,456,3
47.9674313659463,72,45.2475187322125,2.71991263373383,1,C,457,3
57.7577502469964,72,45.5927434656769,12.1650067813195,1,I,458,3
61.6155309799397,72,45.6527385860682,15.9627923938716,1,C,459,3
73.1088428528133,72,45.8144603809342,26.1855396190658,0,I,460,3
62.299434797152,72,45.8592625614256,16.4401722357264,1,C,461,3
80.554772131341,72,45.96985692624,26.03014307376,0,I,462,3
75.1646690804558,72,46.0994915664196,25.9005084335804,0,C,463,3
73.4370764155748,72,46.1278476146981,25.8721523853019,0,I,464,3
96.3688622783054,72,46.2259213021025,25.7740786978975,0,C,465,3
51.6176162430189,72,46.3476157793775,5.27000046364139,1,I,466,3
154.889548096323,72,46.7172687593848,25.2827312406153,0,C,467,3
115.985973232894,72,46.7703715665266,25.2296284334734,0,I,468,3
76.7279383483664,72,46.8892390932888,25.1107609067112,0,C,469,3
105.372177812596,72,47.0630315691233,24.9369684308767,0,I,470,3
48.3744787060878,72,47.1057470608503,1.26873164523756,1,C,471,3
67.4353003203948,72,47.1083289245144,20.3269713958804,1,I,472,3
79.1776732151726,72,47.1283156145364,24.8716843854636,0,C,473,3
53.9479441760689,72,47.3804105306044,6.56753364546444,1,I,474,3
60.5285145183897,72,47.4861226743087,13.042391844081,1,C,475,3
50.0006389027925,72,47.5039420556277,2.49669684716483,1,I,476,3
62.5626406260165,72,47.6134323282167,14.9492082977997,1,C,477,3
87.2969157701194,54.6293553848922,47.7644780371338,6.86487734775839,0,I,478,3
67.1020362738846,72,47.8223418071866,19.279694466698,1,C,479,3
69.4766526544801,72,47.9625158803538,21.5141367741263,1,I,480,3
52.0205501737897,72,47.9945970559493,4.02595311784043,1,C,481,3
60.4261026170025,72,48.0010986607522,12.4250039562503,1,I,482,3
57.0136474988847,72,48.0218773987144,8.99177010017025,1,C,483,3
59.1687996183389,72,48.1667552283034,11.0020443900355,1,I,484,3
52.3696282718044,72,48.3337217895314,4.03590648227301,1,C,485,3
116.599129264114,72,48.5387154808268,23.4612845191732,0,I,486,3
100.753367664645,72,48.6149866227061,23.3850133772939,0,C,487,3
62.5120911064061,72,48.6379992635921,13.874091842814,1,I,488,3
123.23840374511,72,48.6712832003832,23.3287167996168,0,C,489,3
50.5936656115213,72,48.8800768693909,1.71358874213034,1,I,490,3
52.9148779080509,72,48.9075148198754,4.00736308817548,1,C,491,3
96.1883241853143,72,49.0003438247368,22.9996561752632,0,I,492,3
134.088297605884,72,49.2425697343424,22.7574302656576,0,C,493,3
75.3225809231978,72,49.2605015728623,22.7394984271377,0,I,494,3
89.5416121770257,72,49.2734944727272,22.7265055272728,0,C,495,3
55.096596537088,72,49.3461905093864,5.75040602770162,1,I,496,3
105.644037994759,72,49.4359312159941,22.5640687840059,0,C,497,3
78.3614816473977,72,49.4381981296465,22.5618018703535,0,I,498,3
53.0561093508255,72,49.4405849184841,3.6155244323414,1,C,499,3
106.094046822302,72,49.452887638472,22.547112361528,0,I,500,3
57.6795575205,72,49.5659286109731,8.11362890952693,1,C,501,3
52.2504256294505,72,49.8297605803236,2.42066504912684,1,I,502,3
88.381157466492,72,49.8449922166765,22.1550077833235,0,C,503,3
151.183123408523,72,49.8776375921443,22.1223624078557,0,I,504,3
92.7854027243666,72,49.9867487372831,22.013251262717,0,C,505,3
116.268859703911,72,50.1729076355696,21.8270923644304,0,I,506,3
73.5995789335701,72,50.2662976831198,21.7337023168802,0,C,507,3
209.988254492325,72,50.3088030824438,21.6911969175562,0,I,508,3
69.8297867880157,72,50.5742173176259,19.2555694703898,1,C,509,3
50.6659458667195,72,50.5938981240615,0.0720477426579847,1,I,510,3
89.2516691407617,72,50.7160456571728,21.2839543428272,0,C,511,3
76.7659543862216,72,50.7192785153166,21.2807214846835,0,I,512,3
53.7864127959028,72,50.9098637290299,2.87654906687294,1,C,513,3
81.8541450990082,72,51.027185744606,20.972814255394,0,I,514,3
86.0946488203426,72,51.2088231509551,20.7911768490449,0,C,515,3
72.8829970836233,72,51.2758955033496,20.7241044966504,0,I,516,3
95.1603066462122,72,51.61311943084,20.38688056916,0,C,517,3
62.6952985727731,72,51.6427936870605,11.0525048857126,1,I,518,3
85.1721835341689,72,51.8498755339533,20.1501244660467,0,C,519,3
108.158600515289,72,51.8989521078765,20.1010478921235,0,I,520,3
64.3538607216121,65.696123719051,51.9241181574762,12.4297425641359,1,C,521,3
201.22874224623,72,51.9866092968732,20.0133907031268,0,I,522,3
66.0333113283677,72,52.0960752479732,13.9372360803945,1,C,523,3
123.549525228456,72,52.1779403602704,19.8220596397296,0,I,524,3
55.7570213963136,72,52.2932996414602,3.46372175485342,1,C,525,3
67.0518809618667,72,52.3447948694229,14.7070860924438,1,I,526,3
72.8298235397409,72,52.4062341218814,19.5937658781186,0,C,527,3
132.627089286037,72,52.4682696210221,19.531730378978,0,I,528,3
98.7196493392916,72,52.5240041222423,19.4759958777577,0,C,529,3
68.9437402856552,55.6607849851331,52.5971079804003,3.06367700473272,0,I,530,3
104.918712448097,72,52.7483454812318,19.2516545187682,0,C,531,3
68.2596825030181,72,52.7689273143187,15.4907551886993,1,I,532,3
68.3959240908975,72,53.0593673978001,15.3365566930974,1,C,533,3
58.3012253099463,72,53.1872499687597,5.11397534118659,1,I,534,3
61.5334543987627,72,53.2030237605795,8.33043063818316,1,C,535,3
82.2726781325664,72,53.2996637793258,18.7003362206742,0,I,536,3
54.2033878000135,72,53.4731515310705,0.730236268943053,1,C,537,3
63.5325094737417,72,53.4861254319549,10.0463840417868,1,I,538,3
166.099802423332,72,53.5547645576298,18.4452354423702,0,C,539,3
98.717797180009,72,53.5962075646967,18.4037924353033,0,I,540,3
55.266635462304,72,53.6164021259174,1.65023333638661,1,C,541,3
117.665933641817,72,53.6335900286213,18.3664099713787,0,I,542,3
73.0316284928645,72,53.8288782443851,18.1711217556149,0,C,543,3
99.2550628554941,72,54.0237391646951,17.9762608353049,0,I,544,3
145.549070866815,72,54.04197528027,17.95802471973,0,C,545,3
67.0443421734879,72,54.2373151844367,12.8070269890511,1,I,546,3
55.9153680575758,72,54.3990594148636,1.51630864271218,1,C,547,3
64.8226147493582,72,54.4361529825255,10.3864617668327,1,I,548,3
59.6408043137241,72,54.6090321103111,5.03177220341301,1,C,549,3
78.7711097313606,72,54.6124720713124,17.3875279286876,0,I,550,3
62.2352284295154,72,54.8295327695087,7.40569566000675,1,C,551,3
59.2384600212377,72,54.8590233922005,4.37943662903722,1,I,552,3
100.973850089785,72,54.9471287475899,17.0528712524101,0,C,553,3
134.346656467495,72,55.0593107426539,16.9406892573461,0,I,554,3
62.3171352598634,72,55.1339865429327,7.18314871693072,1,C,555,3
135.172723063312,72,55.3181771468371,16.6818228531629,0,I,556,3
63.3657447576428,72,55.3616875503212,8.00405720732156,1,C,557,3
78.6152458235543,72,55.3675399767235,16.6324600232765,0,I,558,3
64.6863967430237,72,55.388369075954,9.2980276670697,1,C,559,3
63.2765624931253,72,55.4511201800779,7.82544231304743,1,I,560,3
92.5402766884187,72,55.4646535310894,16.5353464689106,0,C,561,3
69.6992337726027,72,55.5044417269528,14.1947920456499,1,I,562,3
70.8247262701244,72,55.5294354306534,15.295290839471,1,C,563,3
117.952499001587,72,55.6128889136016,16.3871110863984,0,I,564,3
89.9992268043993,72,55.6899386364967,16.3100613635033,0,C,565,3
100.582281657283,72,56.0968791414052,15.9031208585948,0,I,566,3
120.608563825751,72,56.1055822251365,15.8944177748635,0,C,567,3
61.5335511394477,72,56.1609491659328,5.37260197351481,1,I,568,3
74.0227441097423,72,56.2316665425897,15.7683334574103,0,C,569,3
79.8937867790647,72,56.3425109675154,15.6574890324846,0,I,570,3
68.4938024320868,72,56.5991731127724,11.8946293193144,1,C,571,3
77.9411223973813,72,56.6168073797599,15.3831926202402,0,I,572,3
57.7867578165084,72,56.677944897674,1.10881291883439,1,C,573,3
58.1493558095022,72,56.8493828410283,1.29997296847393,1,I,574,3
84.5813718301437,72,56.8954244395718,15.1045755604282,0,C,575,3
64.8639256498173,72,56.899254382588,7.96467126722929,1,I,576,3
69.9675560819932,72,57.0286394935101,12.938916588483,1,C,577,3
94.488182536335,72,57.0453503262252,14.9546496737748,0,I,578,3
61.5950102419009,72,57.1660073893145,4.42900285258645,1,C,579,3
124.293592953115,72,57.2363917389885,14.7636082610115,0,I,580,3
65.4802183698898,72,57.262355312705,8.21786305718473,1,C,581,3
80.9796093353304,72,57.2808446316049,14.7191553683952,0,I,582,3
67.2000441382029,67.9611807829277,57.3344845091924,9.86555962901049,1,C,583,3
77.0571925986948,72,57.4611277878285,14.5388722121716,0,I,584,3
71.1780704415265,72,57.4733689846471,13.7047014568794,1,C,585,3
112.371168429763,72,57.516302363947,14.483697636053,0,I,586,3
59.2538714820709,72,57.5883469730616,1.66552450900928,1,C,587,3
79.5366084098992,72,57.6001538895071,14.3998461104929,0,I,588,3
63.988297704435,72,58.0974421883002,5.89085551613478,1,C,589,3
114.645055575953,72,58.2660274207592,13.7339725792408,0,I,590,3
128.004067283298,72,58.3147272979841,13.6852727020159,0,C,591,3
100.576561354317,72,58.3263451326639,13.6736548673362,0,I,592,3
114.074277917475,72,58.3289235737175,13.6710764262825,0,C,593,3
66.0199085898584,72,58.5425519524142,7.47735663744416,1,I,594,3
59.3584467056312,72,58.8835112191737,0.474935486457513,1,C,595,3
67.4240187877258,72,58.9471187442541,8.47690004347168,1,I,596,3
59.8843729830083,72,59.0311686974019,0.853204285606372,1,C,597,3
80.9353710343251,72,59.0523815201595,12.9476184798405,0,I,598,3
60.1542458464254,72,59.0685481438413,1.08569770258406,1,C,599,3
168.416520176503,72,59.1154598537833,12.8845401462168,0,I,600,3
59.8141063582759,72,59.1472217487171,0.666884609558782,1,C,601,3
63.8821352025248,69.2879953065267,59.2382266698405,4.64390853268431,1,I,602,3
97.406767071334,72,59.2416986078024,12.7583013921976,0,C,603,3
127.458183231866,72,59.5495569566265,12.4504430433735,0,I,604,3
131.38645290404,72,59.5810865890235,12.4189134109765,0,C,605,3
73.628098688113,72,59.6244933083654,12.3755066916347,0,I,606,3
5.14674912321391,40.034593765052,0.0155487935990095,5.1312003296149,1,I,1,4
67.9617240000615,19.5894597140526,0.0201767776161432,19.5692829364364,0,C,2,4
5.85606957405338,4.0103652549722,0.0325449323281646,3.97782032264404,0,I,3,4
0.631775175576295,15.3681083356367,0.101215909235179,0.530559266341115,1,C,4,4
91.1919629848574,59.8149194264681,0.161713231354952,59.6532061951131,0,I,5,4
34.0256356586957,20.8754762727264,0.360131599009037,20.5153446737173,0,C,6,4
21.9576477745297,72,0.373876914381981,21.5837708601477,1,I,7,4
100.627953220129,72,0.384285799227655,71.6157142007724,0,C,8,4
133.515269047149,72,0.416360590606928,71.5836394093931,0,I,9,4
4.98122370568933,72,0.481620663776994,4.49960304191234,1,C,10,4
4.85586766624799,53.1459364508995,0.523981810547411,4.33188585570057,1,I,11,4
52.6958089668465,72,0.550580327399075,52.1452286394475,1,C,12,4
18.7450653425665,59.7670616596997,0.581965916790068,18.1630994257764,1,I,13,4
131.295995099526,64.9807553771549,0.64801256172359,64.3327428154313,0,C,14,4
6.28982745861247,72,0.661536790430546,5.62829066818192,1,I,15,4
43.1442787018664,72,0.726133463904262,42.4181452379621,1,C,16,4
16.7019709601159,9.46903957239536,0.894550206139684,8.57448936625568,0,I,17,4
22.6644794949068,58.1094648271227,0.976976808160543,21.6875026867463,1,C,18,4
116.571203973132,72,1.02161386515945,70.9783861348406,0,I,19,4
4.52431285537377,72,1.08394084498286,3.44037201039091,1,C,20,4
30.0746379235583,72,1.20741679798812,28.8672211255702,1,I,21,4
50.7267222852367,72,1.25422704499215,49.4724952402445,1,C,22,4
20.2680729885937,72,1.29397517535836,18.9740978132354,1,I,23,4
4.4497496444752,72,1.31995538715273,3.12979425732247,1,C,24,4
20.2214654330726,25.7804833464341,1.36074952315539,18.8607159099172,1,I,25,4
17.7414029499098,72,1.37516805902123,16.3662348908885,1,C,26,4
16.9177961553055,72,1.47065217141062,15.4471439838949,1,I,27,4
13.1220799475582,72,1.51197266299278,11.6101072845654,1,C,28,4
4.24410162960131,72,1.73746700864285,2.50663462095846,1,I,29,4
45.2958983630623,72,1.83750651776791,43.4583918452944,1,C,30,4
18.1478066322711,49.0019238338417,2.10298966616392,16.0448169661071,1,I,31,4
32.6734960050641,72,2.25999838672578,30.4134976183383,1,C,32,4
5.627274034236,72,2.36095821484923,3.26631581938677,1,I,33,4
22.3402142288525,46.1006297434237,2.51859311945736,19.8216211093951,1,C,34,4
25.404309305102,72,2.65159278642386,22.7527165186782,1,I,35,4
18.8700870659263,43.0392903040239,2.69898533821106,16.1711017277152,1,C,36,4
8.80927256117652,26.7076212959143,2.74320538155735,6.06606717961918,1,I,37,4
26.9823748302087,72,2.75294695515186,24.2294278750569,1,C,38,4
3.04143588011199,72,2.84468231722713,0.196753562884865,1,I,39,4
3.45487801980053,72,2.93275480158627,0.522123218214264,1,C,40,4
54.5995989626206,72,2.99195862840861,51.607640334212,1,I,41,4
3.25401959185559,33.4419510982268,3.00695438403636,0.247065207819226,1,C,42,4
30.8711028259362,72,3.01157936453819,27.859523461398,1,I,43,4
20.8363815758709,72,3.25621386989951,17.5801677059714,1,C,44,4
28.7443958810579,72,3.36117911618203,25.3832167648759,1,I,45,4
26.1396956481478,72,3.38988225907087,22.7498133890769,1,C,46,4
66.2053471207333,72,3.4254268091172,62.7799203116161,1,I,47,4
32.8198571437301,72,3.4763282071799,29.3435289365501,1,C,48,4
18.1315487704576,72,3.485326487571,14.6462222828866,1,I,49,4
11.8509571076035,63.1279411057543,3.57896730769426,8.27198979990923,1,C,50,4
5.22944567333611,72,3.59000915195793,1.63943652137818,1,I,51,4
12.9844465345198,72,3.82614331785589,9.15830321666395,1,C,52,4
6.99663857016044,72,3.85532333515584,3.14131523500459,1,I,53,4
4.06575498241052,72,3.96281649358571,0.102938488824813,1,C,54,4
5.77775132232105,19.2350084336654,4.07849304378033,1.69925827854072,1,I,55,4
66.4518355512068,72,4.09239440225065,62.3594411489562,1,C,56,4
5.47098861071424,72,4.23433074261993,1.23665786809431,1,I,57,4
5.72163102481363,72,4.35050081927329,1.37113020554034,1,C,58,4
44.9058501570421,16.8035596256603,4.37096379697323,12.432595828687,0,I,59,4
29.5310268537192,72,4.46839902084321,25.062627832876,1,C,60,4
21.5536879556818,43.7264469287422,4.6118769608438,16.941810994838,1,I,61,4
68.2619643540216,72,4.61747263558209,63.6444917184396,1,C,62,4
42.3110035506987,72,4.75608915556222,37.5549143951365,1,I,63,4
37.1944780916081,72,4.78689917363226,32.4075789179759,1,C,64,4
39.0471291753288,72,4.85147990752012,34.1956492678086,1,I,65,4
9.63436253021361,72,4.92894269060344,4.70541983961018,1,C,66,4
32.1182540366438,13.1048568476167,4.94993687141687,8.15491997619987,0,I,67,4
83.9955537376699,72,5.47142521943897,66.528574780561,0,C,68,4
40.7950441408031,72,5.69343442562968,35.1016097151734,1,I,69,4
41.3359944519927,72,5.87868162430823,35.4573128276845,1,C,70,4
24.5361168341995,72,5.94088733196259,18.5952295022369,1,I,71,4
14.9483388206022,72,6.04464237112552,8.90369644947669,1,C,72,4
26.9721918424326,58.5304422037999,6.29569702316076,20.6764948192718,1,I,73,4
17.2850654436763,72,6.44387190230191,10.8411935413743,1,C,74,4
15.6041730080002,72,6.47920964285731,9.12496336514284,1,I,75,4
8.31814885936988,72,6.62950029596686,1.68864856340302,1,C,76,4
87.2310687522249,42.2870253664677,6.7108822055161,35.5761431609516,0,I,77,4
26.9766923113692,72,6.85710872523487,20.1195835861343,1,C,78,4
7.16767677132379,72,6.93670197855681,0.230974792766982,1,I,79,4
99.4523103713311,72,6.9974949862808,65.0025050137192,0,C,80,4
27.562202857934,48.5876593183493,7.04014977905899,20.522053078875,1,I,81,4
38.7501817271228,72,7.30929175391793,31.4408899732048,1,C,82,4
9.14556359329007,72,7.33938539866358,1.80617819462649,1,I,83,4
69.1009845531102,72,7.37823941744864,61.7227451356615,1,C,84,4
35.4948810352318,72,7.45037604589015,28.0445049893417,1,I,85,4
28.2680116609098,72,7.66421995125711,20.6037917096526,1,C,86,4
9.95168388912109,72,7.78219970874488,2.16948418037621,1,I,87,4
14.2617135002737,72,7.87263573613018,6.38907776414354,1,C,88,4
73.3469737416115,36.9229781285467,7.9071278963238,29.0158502322229,0,I,89,4
9.73101115892976,72,7.91688276920468,1.81412838972509,1,C,90,4
22.1814714671044,72,7.97293976414949,14.2085317029549,1,I,91,4
43.8549752614643,72,8.09366321191192,35.7613120495524,1,C,92,4
47.0016219335568,72,8.35443510208279,38.647186831474,1,I,93,4
20.8888550853844,72,8.3901205798611,12.4987345055233,1,C,94,4
17.422683077145,72,8.42204659245908,9.00063648468593,1,I,95,4
10.7949801625782,53.9566560166318,8.44689808320254,2.34808207937567,1,C,96,4
29.0345692744891,72,8.55618163011968,20.4783876443695,1,I,97,4
77.5560680269275,34.3314756999794,8.62711940892041,25.704356291059,0,C,98,4
46.2778228205438,55.3932279719833,8.71791563462466,37.5599071859192,1,I,99,4
13.3188705415997,72,8.72406964190304,4.59480089969667,1,C,100,4
62.541202935501,72,8.78971051890403,53.751492416597,1,I,101,4
58.4353209259965,54.377828892158,8.8573936605826,45.5204352315754,0,C,102,4
51.5182447498271,46.1083372382667,8.86706474237144,37.2412724958953,0,I,103,4
103.943254675655,72,8.95134036429226,63.0486596357077,0,C,104,4
35.5772945967779,72,8.97872214205563,26.5985724547223,1,I,105,4
67.362901910523,72,9.01910691987723,58.3437949906458,1,C,106,4
39.7258231247901,72,9.24251439515501,30.4833087296351,1,I,107,4
144.388037666015,72,9.25748124718666,62.7425187528133,0,C,108,4
17.5939170416943,11.7263761272211,9.46810367982835,2.25827244739273,0,I,109,4
35.9941481541764,72,9.6087006200105,26.3854475341659,1,C,110,4
32.1661459948102,14.7853583822731,9.64546605013311,5.13989233214001,0,I,111,4
59.1598509387319,72,9.85071809962392,49.309132839108,1,C,112,4
25.8708883587283,72,9.85998373478651,16.0109046239417,1,I,113,4
44.3810560905501,72,9.90112914238125,34.4799269481688,1,C,114,4
106.634330147683,72,9.90905388258398,62.090946117416,0,I,115,4
29.6523272890011,72,9.93178483564407,19.720542453357,1,C,116,4
26.5206024882854,33.2443821352444,10.0782973179594,16.4423051703261,1,I,117,4
18.0467733700681,15.8644824591797,10.4524159384891,5.41206652069061,0,C,118,4
30.7713824779684,72,10.7541279774159,20.0172545005525,1,I,119,4
117.922350184778,52.0385041905384,10.9297910146415,41.1087131758969,0,C,120,4
60.8469004295506,72,10.9837387595326,49.863161670018,1,I,121,4
30.715984252934,55.3899367212959,11.0733837168664,19.6426005360676,1,C,122,4
13.8979913187393,72,11.1521903146058,2.74580100413348,1,I,123,4
25.4894107199594,72,11.265928898938,14.2234818210214,1,C,124,4
44.0188243052464,72,11.3208153750747,32.6980089301717,1,I,125,4
56.9858058860319,72,11.3937090151012,45.5920968709307,1,C,126,4
21.4105955448447,54.8303996505691,11.5809693653137,9.82962617953104,1,I,127,4
107.573298059832,72,11.5926915546879,60.4073084453121,0,C,128,4
33.8701614373675,72,11.6750687733293,22.1950926640382,1,I,129,4
46.6675761946088,72,11.7019345331937,34.9656416614151,1,C,130,4
51.6520978705564,72,11.796127455309,39.8559704152473,1,I,131,4
99.4402813623719,72,11.9107965705916,60.0892034294084,0,C,132,4
47.0456941568547,72,12.1861738013104,34.8595203555444,1,I,133,4
69.6585337765146,72,12.2693109232932,57.3892228532213,1,C,134,4
28.3688128005774,72,12.3198370356113,16.0489757649661,1,I,135,4
19.3977473634062,28.1876038176785,12.433881838806,6.96386552460021,1,C,136,4
133.150467268419,45.0543478585018,12.562278136611,32.4920697218908,0,I,137,4
41.3306166502798,72,12.6834025327116,28.6472141175682,1,C,138,4
24.0838774859096,57.522068911899,12.7199829882011,11.3638944977086,1,I,139,4
63.4709938792637,72,13.1237003998831,50.3472934793806,1,C,140,4
16.2433677833625,72,13.192279972136,3.05108781122652,1,I,141,4
53.538922299683,72,13.2951714098454,40.2437508898376,1,C,142,4
30.6232712573665,72,13.4659901540726,17.1572811032939,1,I,143,4
49.0390374156588,72,13.6207129899412,35.4183244257176,1,C,144,4
21.2987728143855,72,13.6522701848298,7.64650262955566,1,I,145,4
57.0431614709528,72,13.6621250957251,43.3810363752277,1,C,146,4
51.4927573021159,72,13.6702999798581,37.8224573222578,1,I,147,4
65.2665731702391,72,13.6998139740899,51.5667591961492,1,C,148,4
31.5205097832313,72,13.7551144463941,17.7653953368371,1,I,149,4
52.4391650282959,36.1562213958115,13.9401328470558,22.2160885487557,0,C,150,4
21.4192307841255,72,13.962998567149,7.45623221697644,1,I,151,4
43.6554322969592,72,14.076861217618,29.5785710793412,1,C,152,4
15.2047882852482,72,14.1242908872664,1.08049739798184,1,I,153,4
60.5862462224908,72,14.4194142054766,46.1668320170142,1,C,154,4
63.7542068188356,72,14.444189267233,49.3100175516026,1,I,155,4
16.2717891040552,72,14.5983917405829,1.67339736347229,1,C,156,4
48.9738981606141,62.2918474533287,14.7152237780392,34.2586743825749,1,I,157,4
18.3910168971393,72,14.7757785301656,3.61523836697371,1,C,158,4
100.18972750274,38.0400329135531,14.7838842915371,23.256148622016,0,I,159,4
104.182441788758,32.7537527035765,15.1565713388845,17.597181364692,0,C,160,4
24.7572266710931,72,15.2569258818403,9.50030078925279,1,I,161,4
38.2176192411148,72,15.335966264829,22.8816529762857,1,C,162,4
30.8515778722707,72,15.4024105891585,15.4491672831121,1,I,163,4
56.5591124284573,72,15.4551663575694,41.1039460708879,1,C,164,4
70.6641795126635,72,15.6119146663696,55.0522648462939,1,I,165,4
58.1372084766811,72,15.6224486511201,42.5147598255611,1,C,166,4
29.8210532046032,72,15.8232354931533,13.9978177114499,1,I,167,4
101.042174003554,72,15.8897704817355,56.1102295182645,0,C,168,4
44.0375648980261,72,15.9299198817462,28.10764501628,1,I,169,4
63.9928695521693,72,16.0604700632393,47.9323994889299,1,C,170,4
25.6506939512667,72,16.0900957742706,9.56059817699613,1,I,171,4
32.1992974826676,72,16.1067097401246,16.0925877425429,1,C,172,4
86.7247563381244,72,16.1742737330496,55.8257262669504,0,I,173,4
55.7604383367367,72,16.1908775148913,39.5695608218454,1,C,174,4
20.0880669734911,72,16.2657096236944,3.82235734979664,1,I,175,4
23.9641580988785,21.7736364641609,16.5593273146078,5.21430914955306,0,C,176,4
24.8318972563977,72,16.699304538779,8.13259271761874,1,I,177,4
61.298821206909,40.2807797023934,16.7117849132046,23.5689947891887,0,C,178,4
50.9021137373179,72,16.7169811762869,34.1851325610309,1,I,179,4
54.3141837533824,72,16.7727737361565,37.5414100172258,1,C,180,4
77.5279161227954,72,16.7966944584623,55.2033055415377,0,I,181,4
17.3679946943092,72,17.2609737049788,0.107020989330387,1,C,182,4
35.6817088915998,72,17.3431975068524,18.3385113847474,1,I,183,4
33.4643005521801,72,17.3766081919894,16.0876923601907,1,C,184,4
66.7536298319514,72,17.4146132497117,49.3390165822397,1,I,185,4
59.8094554006167,55.8631016543693,17.5553686358035,38.3077330185658,0,C,186,4
81.649725260383,72,17.6643080636859,54.3356919363141,0,I,187,4
34.4195706636954,72,17.7015423215926,16.7180283421029,1,C,188,4
53.2369450518065,72,17.7145683718845,35.5223766799219,1,I,189,4
26.3764475214484,72,17.7730531012639,8.6033944201845,1,C,190,4
18.1613746271758,63.0772610243835,17.8120859060436,0.349288721132154,1,I,191,4
31.8867070990227,72,17.9927580663934,13.8939490326292,1,C,192,4
56.2231370819042,72,18.0038870824501,38.2192499994541,1,I,193,4
21.351969332252,72,18.1809842633083,3.17098506894365,1,C,194,4
39.7845808730131,72,18.2277466496453,21.5568342233678,1,I,195,4
90.6105726553175,72,18.2537574833259,53.7462425166741,0,C,196,4
102.589779621536,72,18.305074358359,53.694925641641,0,I,197,4
116.035043507436,72,18.3361857756972,53.6638142243028,0,C,198,4
197.222974399199,72,18.4575805161148,53.5424194838852,0,I,199,4
59.5536433745889,72,18.6273640673608,40.9262793072282,1,C,200,4
20.3804162483515,72,18.6368453269824,1.74357092136904,1,I,201,4
23.6644384042329,72,18.8771107094362,4.78732769479668,1,C,202,4
47.0810083210043,72,18.8772962708026,28.2037120502017,1,I,203,4
39.8390794876388,56.8559767956794,19.2060740618035,20.6330054258352,1,C,204,4
37.292019484289,72,19.281268841587,18.0107506427019,1,I,205,4
30.6769335270468,72,19.379942798987,11.2969907280597,1,C,206,4
29.0146617761035,72,19.3854136532173,9.62924812288625,1,I,207,4
47.5389001594213,72,19.4116107048467,28.1272894545746,1,C,208,4
67.5804921318691,25.9915740243413,19.4160804105923,6.57549361374905,0,I,209,4
38.6862716149507,72,19.676726013422,19.0095456015287,1,C,210,4
56.3568763058505,72,19.7139894962311,36.6428868096194,1,I,211,4
34.8804959031467,72,19.7456593578681,15.1348365452785,1,C,212,4
44.8228024622857,72,19.8267214000225,24.9960810622631,1,I,213,4
31.6488731140679,42.5530724458004,19.8860702337697,11.7628028802982,1,C,214,4
43.6346767540899,72,19.915709272027,23.7189674820629,1,I,215,4
51.6704445562844,72,20.2779668709263,31.3924776853581,1,C,216,4
28.6863188897168,72,20.7485106121749,7.93780827754198,1,I,217,4
64.9052356935072,72,20.8116195257753,44.0936161677319,1,C,218,4
70.0082420778162,72,20.9385627647862,49.0696793130301,1,I,219,4
133.604262954627,72,20.9402802586555,51.0597197413445,0,C,220,4
70.5984191410158,72,21.0059285815805,49.5924905594353,1,I,221,4
25.7469932481673,43.4086274299429,21.0249987104908,4.72199453767658,1,C,222,4
22.7941865570359,72,21.1322610871866,1.66192546984921,1,I,223,4
25.6213830739709,72,21.1864266358316,4.43495643813929,1,C,224,4
141.976736983316,72,21.2480657408014,50.7519342591986,0,I,225,4
43.4227434750189,72,21.2688377033919,22.153905771627,1,C,226,4
40.561588703293,72,21.2961780885234,19.2654106147695,1,I,227,4
124.453280282578,72,21.3060756353661,50.6939243646339,0,C,228,4
136.2489903119,72,21.3288074824959,50.6711925175041,0,I,229,4
77.2367902057105,72,21.3601786410436,50.6398213589564,0,C,230,4
70.7772204715556,41.4417916738672,21.4060557307675,20.0357359430996,0,I,231,4
47.903917880001,72,21.4903852902353,26.4135325897657,1,C,232,4
97.8192348104417,72,21.7646732507274,50.2353267492727,0,I,233,4
49.0274812672524,72,21.8007922824472,27.2266889848052,1,C,234,4
46.4939549729304,72,21.8552991561592,24.6386558167713,1,I,235,4
40.1866108566002,72,21.9635870726779,18.2230237839223,1,C,236,4
28.5937246280167,50.7777387068584,22.1259667631239,6.46775786489279,1,I,237,4
40.746101015159,64.3489849972515,22.1771514834836,18.5689495316754,1,C,238,4
48.1075683367233,23.7974131843758,22.2003392223269,1.59707396204893,0,I,239,4
30.416624990622,72,22.2080121003091,8.20861289031288,1,C,240,4
26.2680680084609,22.7224918996495,22.2371868789196,0.485305020729935,0,I,241,4
38.7771845686443,72,22.2794244065881,16.4977601620562,1,C,242,4
30.6225909071137,30.2271732721624,22.3287934809923,7.89837979117006,0,I,243,4
123.809825515492,72,22.4087458429858,49.5912541570142,0,C,244,4
33.055145924702,72,22.6385281747207,10.4166177499813,1,I,245,4
51.6850452850997,27.3711261927593,23.0508017353714,4.32032445738792,0,C,246,4
28.9717396062552,72,23.356592617929,5.61514698832624,1,I,247,4
52.6107036770229,72,23.4441394312307,29.1665642457922,1,C,248,4
28.3976022152609,27.6301727830431,23.5171354981139,4.11303728492916,0,I,249,4
39.9635588125447,72,23.5353973321617,16.428161480383,1,C,250,4
38.027856533658,72,23.6477491166443,14.3801074170137,1,I,251,4
87.7546195571129,72,23.7147493986413,48.2852506013587,0,C,252,4
168.949076030346,72,23.7338563939557,48.2661436060444,0,I,253,4
73.6047024447444,72,23.7968516070396,48.2031483929604,0,C,254,4
42.3551856015619,62.6677416649502,23.849327727221,18.505857874341,1,I,255,4
51.1083244706408,72,24.0516046481207,27.0567198225201,1,C,256,4
41.2418864602488,72,24.1457715304568,17.096114929792,1,I,257,4
33.0430333095378,72,24.1550384648144,8.88799484472341,1,C,258,4
171.383857112548,72,24.5126823848113,47.4873176151887,0,I,259,4
63.0332323796377,72,24.5299798669294,38.5032525127083,1,C,260,4
56.1745266913277,72,24.7538333153352,31.4206933759925,1,I,261,4
51.2371925148653,72,24.8014046391472,26.4357878757181,1,C,262,4
28.2206931801606,72,24.9527936428785,3.26789953728206,1,I,263,4
110.278517740834,72,25.0846944423392,46.9153055576608,0,C,264,4
65.374616466237,66.8265279569108,25.1511534070596,40.2234630591774,1,I,265,4
30.8868245197396,72,25.2709892531857,5.61583526655389,1,C,266,4
48.1059948671143,50.6517534775322,25.4899439681321,22.6160508989822,1,I,267,4
32.6827479167901,72,25.5545114725828,7.1282364442073,1,C,268,4
32.7702954821647,72,25.5785881401971,7.1917073419676,1,I,269,4
27.6083595296995,48.9362450475177,25.5971429077908,2.01121662190866,1,C,270,4
54.9319279346087,72,25.6527862418443,29.2791416927644,1,I,271,4
146.325787396632,72,25.6554516032338,46.3445483967662,0,C,272,4
44.7311066203279,72,25.7268498139456,19.0042568063823,1,I,273,4
35.6324392376294,72,25.9149891184643,9.71745011916514,1,C,274,4
33.6979001014494,72,26.1199630005285,7.57793710092088,1,I,275,4
102.575124646907,72,26.158235790208,45.841764209792,0,C,276,4
30.8828171609678,72,26.2035469757393,4.67927018522852,1,I,277,4
72.845406465305,72,26.2174950633198,45.7825049366802,0,C,278,4
204.645209707405,72,26.2445453647524,45.7554546352476,0,I,279,4
30.4333309696197,72,26.255296356976,4.17803461264367,1,C,280,4
74.6491854708018,72,26.5274712117389,45.4725287882611,0,I,281,4
161.793999563346,51.5914159733809,26.6757620126009,24.91565396078,0,C,282,4
101.680777611977,42.4197086835312,26.7022917838767,15.7174168996545,0,I,283,4
47.0541164523935,72,26.7066488787532,20.3474675736403,1,C,284,4
37.5885684115562,72,26.8742588767782,10.714309534778,1,I,285,4
47.470104677698,72,26.8907032767311,20.579401400967,1,C,286,4
79.9418153776186,72,27.0101407309994,44.9898592690006,0,I,287,4
59.6842605476721,72,27.14925322216,32.5350073255121,1,C,288,4
119.857914013084,66.7246252600905,27.2355875652283,39.4890376948622,0,I,289,4
107.362578589455,72,27.3160251276568,44.6839748723432,0,C,290,4
32.2944827910031,72,27.6842105342075,4.61027225679558,1,I,291,4
30.1453104939938,72,27.9427254153416,2.20258507865228,1,C,292,4
31.474017602124,72,27.9732322599739,3.50078534215011,1,I,293,4
66.8247192459183,70.5055760464039,28.1016704253852,38.723048820533,1,C,294,4
152.050948911158,72,28.1614587642252,43.8385412357748,0,I,295,4
35.1126793968596,72,28.3011202840135,6.81155911284618,1,C,296,4
83.3810448015199,72,28.4846496535465,43.5153503464535,0,I,297,4
103.525164912692,72,28.490575896576,43.509424103424,0,C,298,4
49.3907424655399,72,28.5842637671158,20.8064786984241,1,I,299,4
115.805370255615,59.9649599068074,28.7174687767401,31.2474911300673,0,C,300,4
41.4571795107385,64.7021531509443,28.7359944311902,12.7211850795483,1,I,301,4
29.2768681540716,72,28.8277250574902,0.449143096581419,1,C,302,4
61.7023812486537,72,28.891504118219,32.8108771304346,1,I,303,4
43.6213225387929,72,28.9325564866886,14.6887660521043,1,C,304,4
79.7868781762696,72,29.0023076534271,42.9976923465729,0,I,305,4
91.6566408032357,72,29.1110616736114,42.8889383263886,0,C,306,4
63.8620489930059,72,29.1305142408237,34.7315347521822,1,I,307,4
57.7565666971201,72,29.1741182841361,28.5824484129841,1,C,308,4
29.3016553664244,72,29.2743577994406,0.0272975669837866,1,I,309,4
41.4868517979902,72,29.406552426517,12.0802993714732,1,C,310,4
83.1148816301715,72,29.4439230719581,42.5560769280419,0,I,311,4
32.6952728306625,72,29.4500562921166,3.24521653854584,1,C,312,4
39.6755896248861,72,29.5957493316382,10.0798402932478,1,I,313,4
66.4809203318886,72,29.6008148929104,36.8801054389782,1,C,314,4
64.7796951281477,46.9957088696527,29.7177903167903,17.2779185528624,0,I,315,4
54.1329641108841,72,29.7449680790305,24.3879960318536,1,C,316,4
44.6286903239491,69.4170947724745,29.8190390272066,14.8096512967425,1,I,317,4
94.1276615441843,72,29.9879625532776,42.0120374467224,0,C,318,4
46.5822871712836,72,30.1577670034021,16.4245201678815,1,I,319,4
42.74131072901,72,30.1903554378077,12.5509552912023,1,C,320,4
52.260978700532,72,30.2151043899357,22.0458743105963,1,I,321,4
34.0908854895943,72,30.3630941687152,3.72779132087915,1,C,322,4
32.3561865213461,31.3328256428542,30.4015641007572,0.931261542096973,0,I,323,4
36.1406902944352,72,30.7220834121108,5.41860688232443,1,C,324,4
50.7192960152485,72,30.7643480831757,19.9549479320727,1,I,325,4
44.6215682407096,63.2235378330122,31.2563552800566,13.365212960653,1,C,326,4
48.5125163695512,72,31.3749399594963,17.1375764100549,1,I,327,4
55.8131615151559,72,31.4761490933597,24.3370124217962,1,C,328,4
33.6719742702863,72,31.5061609027907,2.16581336749557,1,I,329,4
98.2087623790488,72,31.6330903116614,40.3669096883386,0,C,330,4
59.0770357529742,72,31.6931395651773,27.3838961877969,1,I,331,4
38.124868171521,72,31.7454896913841,6.37937848013686,1,C,332,4
56.687978790228,72,31.9913906604052,24.6965881298228,1,I,333,4
114.231593121686,72,32.1274558268487,39.8725441731513,0,C,334,4
72.0077656137844,72,32.2250489098951,39.7749510901049,0,I,335,4
58.8335009986307,72,32.2382154129446,26.5952855856861,1,C,336,4
61.0277071401955,72,32.2676719632,28.7600351769955,1,I,337,4
33.7590153785038,72,32.2969496855512,1.46206569295261,1,C,338,4
127.346440455329,72,32.3577030468732,39.6422969531268,0,I,339,4
43.4487183897021,72,32.3652798961848,11.0834384935173,1,C,340,4
109.666778967728,72,32.5504547310993,39.4495452689007,0,I,341,4
36.3689210440312,72,32.6226163096726,3.74630473435863,1,C,342,4
71.6445157952858,72,32.6450060773641,38.9995097179217,1,I,343,4
178.328159677229,72,32.695778911002,39.304221088998,0,C,344,4
76.9245997362152,72,32.7386745158583,39.2613254841417,0,I,345,4
109.641033155069,42.1624886979306,32.7681911503896,9.39429754754097,0,C,346,4
87.0400231108336,72,32.9392169695348,39.0607830304652,0,I,347,4
46.2926240187045,72,33.0358521267772,13.2567718919273,1,C,348,4
123.972722921477,72,33.0881259636953,38.9118740363047,0,I,349,4
55.2739378588243,72,33.2425341987982,22.031403660026,1,C,350,4
83.6573227966271,72,33.5223571630195,38.4776428369805,0,I,351,4
48.3488387065877,72,33.6648636404425,14.6839750661452,1,C,352,4
44.7920736688394,72,33.7091458914802,11.0829277773593,1,I,353,4
49.8290384328723,72,33.7886352511123,16.04040318176,1,C,354,4
78.3210423312475,72,33.9018559735268,38.0981440264732,0,I,355,4
34.5596312884994,72,34.069959204644,0.489672083855407,1,C,356,4
47.2450662980948,72,34.2903156392276,12.9547506588671,1,I,357,4
54.1443799784485,72,34.347736844793,19.7966431336555,1,C,358,4
52.4754337563101,72,34.7720728442073,17.7033609121028,1,I,359,4
41.7864384377772,72,34.8010154999793,6.98542293779794,1,C,360,4
72.7034745734106,58.4160395100601,34.8928966652602,23.5231428447999,0,I,361,4
39.0599376574729,72,34.9542168807238,4.10572077674909,1,C,362,4
49.1807262513012,72,34.9647600017488,14.2159662495524,1,I,363,4
46.9616139376707,72,34.9863977869973,11.9752161506735,1,C,364,4
94.1911639907948,72,35.1196401519701,36.8803598480299,0,I,365,4
63.3106377548277,72,35.1232834160328,28.1873543387949,1,C,366,4
148.048795653334,72,35.2275853045285,36.7724146954715,0,I,367,4
98.7339517166461,72,35.3750864462927,36.6249135537073,0,C,368,4
62.5765034707615,39.0266008897877,35.4020816646516,3.62451922513606,0,I,369,4
40.5167483154625,72,36.3450329750776,4.17171534038491,1,C,370,4
134.835483014436,72,36.6420052293688,35.3579947706312,0,I,371,4
39.4838941658644,72,36.8370489031076,2.64684526275673,1,C,372,4
41.9886620460023,72,36.8765102187172,5.11215182728513,1,I,373,4
63.0075405795835,72,36.9017486041412,26.1057919754423,1,C,374,4
147.363541135188,54.0281070876904,36.9406302133575,17.0874768743329,0,I,375,4
39.9961653778584,62.0243109122304,36.9842183450237,3.01194703283475,1,C,376,4
49.4112220314999,61.9910979380923,37.017300655134,12.3939213763659,1,I,377,4
59.4901721639611,72,37.0645910874009,22.4255810765602,1,C,378,4
41.7349393934613,72,37.2773580020294,4.45758139143191,1,I,379,4
78.697850346527,72,37.3050672607496,34.6949327392504,0,C,380,4
67.1067750818343,72,37.5721670826897,29.5346079991446,1,I,381,4
89.5030894652702,72,37.6926886243746,34.3073113756254,0,C,382,4
75.1530900592156,72,37.9414923582226,34.0585076417774,0,I,383,4
48.7408419578869,72,38.2052365830168,10.5356053748701,1,C,384,4
79.7526664405536,72,38.4575382806361,33.5424617193639,0,I,385,4
48.8605524633353,72,38.5332299536094,10.3273225097258,1,C,386,4
105.840917016334,72,38.6229917686433,33.3770082313567,0,I,387,4
77.6899058447119,72,38.7984689511359,33.2015310488641,0,C,388,4
119.89648999611,72,38.8674556324258,33.1325443675742,0,I,389,4
45.1236343186293,72,39.0200820704922,6.1035522481371,1,C,390,4
48.0185505911891,72,39.0207166783512,8.99783391283797,1,I,391,4
71.0642186939779,72,39.0283589344472,32.0358597595307,1,C,392,4
54.6182544854055,72,39.0767358709127,15.5415186144928,1,I,393,4
53.1744218685039,46.2166075670896,39.0941748255864,7.12243274150325,0,C,394,4
45.2639096121456,72,39.3756286706775,5.88828094146809,1,I,395,4
58.5276063462467,72,39.4105096254498,19.1170967207969,1,C,396,4
96.2013077035121,66.4031597172714,39.4646170875058,26.9385426297657,0,I,397,4
59.5083354065023,72,39.4846586370841,20.0236767694182,1,C,398,4
97.4777487205257,72,39.4895665626973,32.5104334373027,0,I,399,4
58.9397383873853,72,39.5609498256817,19.3787885617035,1,C,400,4
53.3278139055196,72,39.5777566311881,13.7500572743315,1,I,401,4
63.480893075746,52.1539322323614,39.796500178054,12.3574320543074,0,C,402,4
67.8995698192786,72,39.9393132235855,27.9602565956931,1,I,403,4
89.795470391749,72,40.0247125513852,31.9752874486148,0,C,404,4
44.0782381626349,72,40.0399216683581,4.03831649427675,1,I,405,4
50.4253933646057,72,40.2132858848199,10.2121074797857,1,C,406,4
45.5572828469819,72,40.2595481229946,5.29773472398733,1,I,407,4
66.7734642328593,70.6648850728392,40.2999171707779,26.4735470620814,1,C,408,4
91.3918625683455,66.7185146564065,40.3795859729871,26.3389286834194,0,I,409,4
43.0758704769625,72,40.5745052453131,2.50136523164949,1,C,410,4
67.1342587839474,48.3438943050938,40.6108936993405,7.73300060575329,0,I,411,4
66.7477450181614,72,40.8060032408685,25.9417417772929,1,C,412,4
50.5843415362985,47.1335732334846,40.8647848991677,6.26878833431685,0,I,413,4
51.7929858862512,72,40.9994165506214,10.7935693356298,1,C,414,4
48.8406245076705,72,41.0212738998234,7.81935060784702,1,I,415,4
65.7105726524325,72,41.0393100650981,24.6712625873344,1,C,416,4
135.283026805115,72,41.3780952896923,30.6219047103077,0,I,417,4
45.2703532975607,72,41.4273500209674,3.84300327659327,1,C,418,4
63.4315341371275,72,41.5048738243058,21.9266603128216,1,I,419,4
87.0053106667963,72,41.6574676986784,30.3425323013216,0,C,420,4
47.0783962222598,50.1024612767858,41.6868592752144,5.39153694704537,1,I,421,4
66.8648243949844,72,41.7214459693059,25.1433784256784,1,C,422,4
45.7545155242787,72,41.7510045832023,4.00351094107637,1,I,423,4
81.658483641899,72,42.0623040804639,29.9376959195361,0,C,424,4
50.3535084716734,70.2471615730933,42.064258614555,8.28924985711844,1,I,425,4
53.5621518964659,72,42.2254643496126,11.3366875468533,1,C,426,4
49.4345474987853,72,42.2499559633434,7.1845915354419,1,I,427,4
51.2889251286356,72,42.3254341632128,8.96349096542277,1,C,428,4
98.6901810591027,72,42.4469329509884,29.5530670490116,0,I,429,4
65.3414426988916,72,42.5071921711788,22.8342505277128,1,C,430,4
46.0699384299103,66.5021335005773,42.8620598372072,3.20787859270307,1,I,431,4
140.566640366368,72,42.9853778611869,29.0146221388131,0,C,432,4
56.9560163139101,72,43.0705440882593,13.8854722256508,1,I,433,4
50.1597639367709,59.4772362374601,43.1692358991131,6.99052803765778,1,C,434,4
59.3978627160892,72,43.614755300805,15.7831074152842,1,I,435,4
73.1061471265412,72,43.7273413874209,28.2726586125791,0,C,436,4
165.211658197435,72,43.7315113563091,28.2684886436909,0,I,437,4
63.4248633484133,72,43.7685771100223,19.656286238391,1,C,438,4
63.5014096354636,66.9466636434795,44.0396619541571,19.4617476813066,1,I,439,4
70.7027414549707,72,44.0785029390827,26.6242385158881,1,C,440,4
46.2938567275111,72,44.0921850409359,2.20167168657524,1,I,441,4
67.2251753545151,72,44.1823687171564,23.0428066373587,1,C,442,4
51.457789254762,72,44.1907196072862,7.26706964747587,1,I,443,4
45.7164676987367,72,44.2391781695187,1.477289529218,1,C,444,4
83.1624884890257,72,44.3848181096837,27.6151818903163,0,I,445,4
71.6428726874272,72,44.4184057088569,27.2244669785703,1,C,446,4
85.880382168686,72,44.4403352960944,27.5596647039056,0,I,447,4
46.8805443545597,47.8298457903629,44.4685960002244,2.41194835433539,1,C,448,4
122.155222630414,72,44.5879100868478,27.4120899131522,0,I,449,4
49.1225025116579,72,44.7149254661053,4.40757704555252,1,C,450,4
73.3403650228809,72,44.8306088335812,27.1693911664188,0,I,451,4
48.0154531954721,72,44.8615483101457,3.15390488532634,1,C,452,4
74.2922337336926,72,44.9250161508098,27.0749838491902,0,I,453,4
56.4243217401216,72,45.1204962283373,11.3038255117843,1,C,454,4
81.9437070189347,72,45.2217991836369,26.7782008163631,0,I,455,4
77.0232230039352,72,45.3614246612415,26.6385753387585,0,C,456,4
51.4963516375284,72,45.3935433877632,6.10280824976518,1,I,457,4
151.20989969145,72,45.4566508485004,26.5433491514996,0,C,458,4
74.6272810991819,72,45.5226067313924,26.4773932686076,0,I,459,4
51.5506858504064,72,45.6263376167044,5.924348233702,1,C,460,4
69.7569362636676,72,45.6548520550132,24.1020842086545,1,I,461,4
50.6855825042645,72,45.6881922762841,4.99739022798037,1,C,462,4
47.9651974308635,56.5710990069544,45.7014936301857,2.26370380067778,1,I,463,4
98.4914252769638,72,45.759095591493,26.2409044085071,0,C,464,4
98.2501110664381,72,46.1262272810563,25.8737727189437,0,I,465,4
115.465182962162,55.2665283046856,46.2023058487102,9.06422245597538,0,C,466,4
53.436009106737,72,46.2607333017513,7.17527580498564,1,I,467,4
125.695759962311,72,46.3610293110833,25.6389706889167,0,C,468,4
108.491615425785,72,46.6463939566165,25.3536060433835,0,I,469,4
73.5439680421392,72,46.6820764867589,25.3179235132411,0,C,470,4
47.8546203492076,51.3695880875343,47.2871860675514,0.567434281656257,1,I,471,4
72.877798310135,72,47.400075676851,24.599924323149,0,C,472,4
47.90263266636,72,47.4520180933178,0.450614573042276,1,I,473,4
92.223562460328,72,47.5690699182451,24.4309300817549,0,C,474,4
87.5936954779263,72,47.6842475635931,24.3157524364069,0,I,475,4
208.196324347531,72,47.8830228187144,24.1169771812856,0,C,476,4
66.0757686017973,72,48.200351963751,17.8754166380462,1,I,477,4
94.6466109422635,72,48.2573009328917,23.7426990671083,0,C,478,4
77.5916316796225,72,48.3509527333081,23.6490472666919,0,I,479,4
49.8947888563564,72,48.4790815366432,1.41570731971318,1,C,480,4
164.773803060992,72,48.528826595284,23.471173404716,0,I,481,4
101.841813180884,72,48.8184667378664,23.1815332621336,0,C,482,4
53.5043168522846,72,48.8865924021229,4.61772445016164,1,I,483,4
49.3644060052824,72,48.9031852874905,0.461220717791873,1,C,484,4
61.6440106198268,72,49.0339277079329,12.6100829118939,1,I,485,4
111.51522038643,72,49.245366579853,22.754633420147,0,C,486,4
147.833092539974,72,49.3758960999548,22.6241039000452,0,I,487,4
56.4595695832995,72,49.4833119213581,6.97625766194137,1,C,488,4
67.6982112268271,72,49.534729141742,18.1634820850851,1,I,489,4
91.3506753297566,72,49.6378198591992,22.3621801408008,0,C,490,4
71.6147386147432,72,49.6603657538071,21.954372860936,1,I,491,4
52.8852489929307,72,49.6605800790712,3.22466891385942,1,C,492,4
52.0853781603509,72,49.766903417185,2.31847474316592,1,I,493,4
69.1075442217834,72,49.8309393692762,19.2766048525073,1,C,494,4
119.714237324011,72,49.961442318745,22.038557681255,0,I,495,4
128.929496701651,53.2957098212251,49.9844463961199,3.31126342510515,0,C,496,4
55.272860015278,72,50.1737087219954,5.09915129328264,1,I,497,4
88.0423809173914,72,50.3959796391428,21.6040203608573,0,C,498,4
91.786363585781,72,50.5007799016312,21.4992200983688,0,I,499,4
79.8236833313838,72,50.5755258724093,21.4244741275907,0,C,500,4
67.3255549515086,72,50.739140259102,16.5864146924066,1,I,501,4
147.087954073827,71.079448128167,50.8869999367744,20.1924481913926,0,C,502,4
72.3710821609218,72,50.8883093157783,21.1116906842217,0,I,503,4
57.2446823690599,72,50.9438743349165,6.30080803414346,1,C,504,4
80.4064024729748,60.4269415487591,50.9766343608499,9.45030718790926,0,I,505,4
68.4410626646188,66.4732348174673,50.9827106120065,15.4905242054608,0,C,506,4
73.8321333929826,59.6739158995548,51.0680816788226,8.60583422073217,0,I,507,4
134.401998934456,72,51.1244870536029,20.8755129463971,0,C,508,4
94.4769025169336,53.9106711307696,51.4593171514571,2.45135397931254,0,I,509,4
59.6671635709453,72,51.6758672241122,7.99129634683311,1,C,510,4
74.7485333132739,71.534077246592,51.9272403605282,19.6068368860638,0,I,511,4
100.430399533323,71.4246231575097,51.9564744411036,19.468148716406,0,C,512,4
98.4423292672111,72,52.009450905025,19.990549094975,0,I,513,4
100.06102059084,72,52.2187987715006,19.7812012284994,0,C,514,4
63.9039335264508,72,52.4659223947674,11.4380111316834,1,I,515,4
67.6988742299706,72,52.9207192920148,14.7781549379558,1,C,516,4
56.938992440435,72,53.0331938853487,3.90579855508628,1,I,517,4
59.1290423330388,72,53.063953416422,6.06508891661678,1,C,518,4
86.9169078381279,72,53.1142782373354,18.8857217626646,0,I,519,4
61.4140754162575,70.440559359613,53.2528650853783,8.16121033087917,1,C,520,4
56.4881053571866,72,53.3163078082725,3.17179754891404,1,I,521,4
189.509824509422,72,53.3409209595993,18.6590790404007,0,C,522,4
122.16239174519,72,53.3689295500517,18.6310704499483,0,I,523,4
60.0609021549001,72,53.4043967770413,6.65650537785883,1,C,524,4
64.2299908138606,72,53.6518518067896,10.578139007071,1,I,525,4
66.4572647774423,72,53.6553652910516,12.8018994863908,1,C,526,4
74.4383800295636,68.5249367234666,53.7111118063331,14.8138249171335,0,I,527,4
216.297290195366,72,53.857307578437,18.142692421563,0,C,528,4
117.669881463695,72,53.9337613340467,18.0662386659533,0,I,529,4
54.5867196296813,72,53.9538788236678,0.632840806013578,1,C,530,4
106.028528472181,72,54.210894475691,17.789105524309,0,I,531,4
68.1121510286002,72,54.2460547573865,13.8660962712138,1,C,532,4
70.2666634378042,72,54.4282911485061,15.8383722892981,1,I,533,4
55.0979865764299,59.2616028090796,54.4416982261464,0.656288350283481,1,C,534,4
76.2863684314194,72,54.45659392979,17.54340607021,0,I,535,4
57.1892242039891,72,54.5240343734622,2.66518983052691,1,C,536,4
86.2037386436914,72,54.7128249378875,17.2871750621125,0,I,537,4
60.4560639298331,72,54.7231985908002,5.73286533903293,1,C,538,4
84.3864027350953,72,54.9954699072987,17.0045300927013,0,I,539,4
69.0159940843088,70.4962984302796,55.1483056833968,13.8676884009121,1,C,540,4
98.5259511273312,72,55.22104898002,16.77895101998,0,I,541,4
77.7417503750015,72,55.4345182143152,16.5654817856848,0,C,542,4
113.690820091793,72,55.844274382107,16.155725617893,0,I,543,4
87.7561792025132,72,56.1268723709509,15.8731276290491,0,C,544,4
73.0278859531827,72,56.2378096673638,15.7621903326362,0,I,545,4
112.907022382268,72,56.2807040149346,15.7192959850654,0,C,546,4
103.844864080605,72,56.3440340291709,15.6559659708291,0,I,547,4
87.1589976880186,72,56.5641590254381,15.4358409745619,0,C,548,4
85.4076749705565,69.4911602134209,56.8255755538121,12.6655846596088,0,I,549,4
64.1790079429105,72,56.8362883245572,7.34271961835326,1,C,550,4
153.416631432919,72,56.930466061458,15.069533938542,0,I,551,4
72.3871617402719,72,57.0148297213018,14.9851702786982,0,C,552,4
107.189317498235,72,57.3361954512075,14.6638045487925,0,I,553,4
69.7773465271593,72,57.4072358524427,12.3701106747166,1,C,554,4
107.377536631982,72,57.7139090979472,14.2860909020528,0,I,555,4
64.9958530008242,72,57.8470459068194,7.14880709400476,1,C,556,4
60.9358259190813,72,58.0825496139005,2.85327630518085,1,I,557,4
65.9425104865702,72,58.1651036348194,7.77740685175081,1,C,558,4
81.8809964664701,72,58.2788954582065,13.7211045417935,0,I,559,4
77.5387314001291,72,58.2963699661195,13.7036300338805,0,C,560,4
94.8249186204487,72,58.307870272547,13.692129727453,0,I,561,4
99.414333779809,72,58.4823460131884,13.5176539868116,0,C,562,4
73.2784642230578,72,58.4911411441863,13.5088588558137,0,I,563,4
79.3865231825421,72,58.8159685023129,13.1840314976871,0,C,564,4
138.863153669041,72,58.8467505946755,13.1532494053245,0,I,565,4
171.429996541161,72,58.8568985229358,13.1431014770642,0,C,566,4
131.362956275609,72,58.9320309553295,13.0679690446705,0,I,567,4
109.740385083098,62.3699727431204,58.940887064673,3.42908567844734,0,C,568,4
135.650637135985,72,58.9517041482031,13.0482958517969,0,I,569,4
103.729348303642,72,58.9633041853085,13.0366958146915,0,C,570,4
90.2844374486682,72,59.0542806498706,12.9457193501294,0,I,571,4
136.981091460181,72,59.1726451786235,12.8273548213765,0,C,572,4
78.3994407422032,72,59.2502013081685,12.7497986918315,0,I,573,4
152.084057179984,72,59.3826600629836,12.6173399370164,0,C,574,4
77.1701518097018,63.5173236525733,59.5464726537466,3.97085099882665,0,I,575,4
85.5050420112645,72,59.5594141865149,12.4405858134851,0,C,576,4
91.5782805727156,72,59.6533322241157,12.3466677758843,0,I,577,4
66.8928085731546,72,59.6806277381256,7.21218083502902,1,C,578,4
68.2136880946098,72,59.9989911401644,8.2146969544454,1,I,579,4
3.33980701787352,65.874788859298,0.134506886824965,3.20530013104856,1,C,1,5
9.05909322717868,10.6097622264412,0.152093935757875,8.9069992914208,1,I,2,5
144.058778940279,72,0.234901467338204,71.7650985326618,0,C,3,5
61.2669055056947,72,0.250280499458313,61.0166250062364,1,I,4,5
25.2223910935114,72,0.279174302704632,24.9432167908067,1,C,5,5
7.75529349070355,72,0.595853431150317,7.15944005955324,1,I,6,5
46.4392621159014,72,0.665255701169372,45.774006414732,1,C,7,5
95.2290389140766,15.6139754240117,0.672136838547885,14.9418385854638,0,I,8,5
1.62065834841759,38.5870161828566,0.789508880116046,0.831149468301548,1,C,9,5
16.8491152590664,72,0.950735611841083,15.8983796472253,1,I,10,5
17.5076311302107,14.7550932384329,0.978237264789641,13.7768559736433,0,C,11,5
4.10411962722075,72,1.00712387356907,3.09699575365168,1,I,12,5
14.6230092197404,72,1.03333708830178,13.5896721314387,1,C,13,5
15.7331441009032,72,1.08635389711708,14.6467902037861,1,I,14,5
23.1253741286352,72,1.10876660328358,22.0166075253516,1,C,15,5
12.3710873120688,72,1.24374873004854,11.1273385820202,1,I,16,5
9.35256869131294,72,1.26208830624819,8.09048038506476,1,C,17,5
30.0328193323417,72,1.27485120669007,28.7579681256517,1,I,18,5
2.0567710533263,72,1.2811156315729,0.775655421753395,1,C,19,5
36.4545419252903,72,1.5195376239717,34.9350043013186,1,I,20,5
77.2626026974347,72,1.60689117852598,70.393108821474,0,C,21,5
36.6040141468511,72,1.62185263819993,34.9821615086511,1,I,22,5
12.2117217587143,72,1.92497247364372,10.2867492850706,1,C,23,5
49.8529630207228,72,1.99058571830392,47.8623773024189,1,I,24,5
21.0303863285329,72,2.19644720200449,18.8339391265284,1,C,25,5
23.0815700133614,72,2.32224945444614,20.7593205589152,1,I,26,5
76.5604638490186,72,2.38804623484612,69.6119537651539,0,C,27,5
21.0638695947853,72,3.04525775369257,18.0186118410927,1,I,28,5
13.0572854319358,72,3.0762166203931,9.98106881154266,1,C,29,5
114.125895801212,38.2297495860977,3.12278078868985,35.1069687974078,0,I,30,5
90.5960143670534,72,3.16752957645804,68.832470423542,0,C,31,5
92.6275075191009,72,3.21825069375336,68.7817493062466,0,I,32,5
35.087376160909,72,3.41353137977421,31.6738447811348,1,C,33,5
41.677548782239,72,3.56900216080248,38.1085466214365,1,I,34,5
60.0421992378823,72,3.79045841284096,56.2517408250414,1,C,35,5
20.0746767738837,72,3.80083884112537,16.2738379327583,1,I,36,5
50.498598389255,72,3.83551378268749,46.6630846065675,1,C,37,5
32.9214347206601,72,3.85302878916264,29.0684059314975,1,I,38,5
40.7717277518104,72,3.90370273031294,36.8680250214974,1,C,39,5
24.2676281931544,12.6140017766751,3.99804961401969,8.61595216265542,0,I,40,5
25.7204676962799,72,4.027702328749,21.6927653675309,1,C,41,5
12.0351563283607,72,4.07921807840467,7.95593824995605,1,I,42,5
12.3792537247927,36.6163887400427,4.16723594069481,8.21201778409786,1,C,43,5
9.49317479284772,16.7176678518473,4.29993698839098,5.19323780445674,1,I,44,5
33.5776016008712,72,4.30838837753981,29.2692132233314,1,C,45,5
24.6424804202737,72,4.31773513555527,20.3247452847184,1,I,46,5
35.8658409900903,16.1189338530999,4.38598189037293,11.7329519627269,0,C,47,5
33.9295037009267,72,4.57505414262414,29.3544495583026,1,I,48,5
24.027654466329,72,4.58181709516794,19.445837371161,1,C,49,5
79.0909786507985,72,4.79625717736781,67.2037428226322,0,I,50,5
97.7344772696539,65.7547812299986,4.79734315071255,60.9574380792861,0,C,51,5
27.8348655011501,26.5281581119014,4.86125095747411,21.6669071544272,0,I,52,5
54.1879146930841,72,5.04380073398352,49.1441139591006,1,C,53,5
15.189084140516,28.452899840092,5.07237754762173,10.1167065928943,1,I,54,5
55.4513434308097,67.9620340042539,5.18697244115174,50.2643709896579,1,C,55,5
53.8186496069533,72,5.88666795752943,47.9319816494238,1,I,56,5
37.644137703291,72,6.24923423398286,31.3949034693082,1,C,57,5
46.2159435415227,72,6.31564275361598,39.9003007879067,1,I,58,5
65.3249939199117,72,6.36542061343789,58.9595733064738,1,C,59,5
8.98128162837669,17.1430617543035,6.3801470445469,2.60113458382979,1,I,60,5
18.757322241749,72,6.66817519348115,12.0891470482679,1,C,61,5
12.5496315761665,72,6.78523612674326,5.76439544942322,1,I,62,5
34.9842988036266,72,6.8399666575715,28.1443321460551,1,C,63,5
39.8572917192741,11.2209923302737,6.97799901477993,4.24299331549381,0,I,64,5
9.77132379493198,31.9220872576513,7.06162670161575,2.70969709331623,1,C,65,5
81.1186592601352,31.052680352277,7.19013872556388,23.8625416267131,0,I,66,5
14.2705940264589,72,7.21043578349054,7.06015824296835,1,C,67,5
18.6152150838354,72,7.28492950089276,11.3302855829427,1,I,68,5
19.8565618629657,72,7.33568685594946,12.5208750070162,1,C,69,5
17.0633406006336,72,7.38308565225452,9.68025494837904,1,I,70,5
8.10770874373977,72,7.71543868817389,0.392270055565879,1,C,71,5
84.7740242404556,72,7.78982253279537,64.2101774672046,0,I,72,5
48.6540296454593,72,7.90022085886449,40.7538087865948,1,C,73,5
32.4127992870932,72,7.96381149441004,24.4489877926832,1,I,74,5
36.3851128148812,24.3495940237687,8.05245037190616,16.2971436518625,0,C,75,5
31.1945294717955,72,8.07928597088903,23.1152435009065,1,I,76,5
20.8078819303055,27.6656603210941,8.15392455551773,12.6539573747878,1,C,77,5
26.5142499387663,72,8.24538323096931,18.268866707797,1,I,78,5
23.3422787163625,72,8.25732005294412,15.0849586634184,1,C,79,5
27.3623452828833,72,8.36849424988031,18.993851033003,1,I,80,5
64.8171476389716,72,8.37783325463533,56.4393143843363,1,C,81,5
29.018567246052,72,8.3971482468769,20.6214189991751,1,I,82,5
62.8328564975716,72,8.40163171291351,54.4312247846581,1,C,83,5
10.5613804735284,33.3373348445093,8.44689765013754,2.11448282339086,1,I,84,5
48.5802968063672,72,9.03931898530573,39.5409778210615,1,C,85,5
27.457267571774,72,9.32778074406087,18.1294868277131,1,I,86,5
70.7890288423018,72,9.36237878166139,61.4266500606404,1,C,87,5
148.404505955537,72,9.41424773074687,62.5857522692531,0,I,88,5
30.9825440148609,72,9.51976713258773,21.4627768822732,1,C,89,5
15.5866617361031,72,9.54508926719427,6.04157246890881,1,I,90,5
21.3057088366782,72,9.59959999658167,11.7061088400965,1,C,91,5
33.9677805742027,72,9.8801760468632,24.0876045273395,1,I,92,5
62.809087258638,14.0009117807429,9.88170955795795,4.11920222278496,0,C,93,5
36.5431334340948,72,9.96683725621551,26.5762961778793,1,I,94,5
84.291128500865,35.8486168339839,9.99164873734117,25.8569680966427,0,C,95,5
49.886383657254,41.2829351263519,10.0116165122017,31.2713186141502,0,I,96,5
80.4222832599955,38.059381029816,10.2905420819297,27.7688389478863,0,C,97,5
41.8446353904444,72,10.3461683448404,31.4984670456039,1,I,98,5
57.4447799082491,46.3202438088793,10.3491540066898,35.9710898021895,0,C,99,5
56.3710178686452,72,10.3529070038348,46.0181108648103,1,I,100,5
44.6454917513888,72,10.3843197366223,34.2611720147666,1,C,101,5
19.9770988891377,72,10.4114624485374,9.56563644060034,1,I,102,5
137.568019654306,72,10.6573439436033,61.3426560563967,0,C,103,5
43.2874335104295,67.5235183638023,10.6576357455924,32.6297977648371,1,I,104,5
27.9856879404901,53.9697215741313,10.7528993999586,17.2327885405316,1,C,105,5
77.3573796401405,72,10.7543032709509,61.2456967290491,0,I,106,5
118.109577685223,72,10.7585584837943,61.2414415162057,0,C,107,5
51.0221956891251,61.5050150951251,10.8860379550606,40.1361577340645,1,I,108,5
22.0786977440202,72,10.9895311715081,11.089166572512,1,C,109,5
25.3599543054385,72,11.0806208336726,14.2793334717659,1,I,110,5
37.9569927373906,72,11.1263309977949,26.8306617395957,1,C,111,5
18.5943209176066,72,11.5181880444288,7.07613287317777,1,I,112,5
47.5907544527705,72,11.8073595967144,35.7833948560561,1,C,113,5
66.6866535113237,24.7951010893413,11.8698851438239,12.9252159455174,0,I,114,5
82.49205623671,72,11.9567677471787,60.0432322528213,0,C,115,5
43.7109314960319,72,11.9719137623906,31.7390177336412,1,I,116,5
69.1622315471711,14.319744989413,12.191261742264,2.12848324714892,0,C,117,5
137.206795216592,72,12.238291609101,59.761708390899,0,I,118,5
93.95111081412,70.3108278476469,12.3232119251043,57.9876159225426,0,C,119,5
59.0071693372506,72,12.3910081526265,46.6161611846241,1,I,120,5
28.6117283412622,72,12.6083277119324,16.0034006293298,1,C,121,5
14.5896638332548,72,12.6583303604275,1.93133347282728,1,I,122,5
70.7736267573033,16.758038078877,12.6688749343157,4.08916314456134,0,C,123,5
27.0158276633077,72,12.8077687975019,14.2080588658058,1,I,124,5
19.7180589399312,72,12.8089961316437,6.90906280828759,1,C,125,5
62.6282373900952,72,12.8633603453636,49.7648770447315,1,I,126,5
52.7321288733154,72,12.8755029849708,39.8566258883446,1,C,127,5
18.9577294750142,72,12.9290412319824,6.02868824303183,1,I,128,5
44.0639317736618,72,13.2596591161564,30.8042726575054,1,C,129,5
36.8122588178491,72,13.3306829072535,23.4815759105956,1,I,130,5
15.9868336969093,45.5774764335995,13.7697057891637,2.21712790774556,1,C,131,5
22.3783896162846,72,13.8016283232719,8.57676129301272,1,I,132,5
28.4931867950201,72,13.8872761605307,14.6059106344893,1,C,133,5
102.818351449862,72,13.9916982036084,58.0083017963916,0,I,134,5
28.8864536820876,72,14.0090681053698,14.8773855767178,1,C,135,5
68.7246205327098,27.0024963900921,14.1114471154287,12.8910492746634,0,I,136,5
24.1353353276255,72,14.1471831779927,9.98815214963276,1,C,137,5
126.23058098887,72,14.1611150605604,57.8388849394396,0,I,138,5
31.33463511467,26.9858889588611,14.266620632261,12.7192683266,0,C,139,5
60.8608484597176,67.4362583044782,14.4656111067161,46.3952373530016,1,I,140,5
39.2732330048471,72,14.7022288804874,24.5710041243597,1,C,141,5
64.799611505476,72,14.7181933186948,50.0814181867812,1,I,142,5
102.16760087445,72,14.794780081138,57.205219918862,0,C,143,5
44.2602727528801,22.2886090159313,14.8244646191597,7.4641443967716,0,I,144,5
40.0886600375785,72,14.9094283115119,25.1792317260666,1,C,145,5
65.9144538287161,72,14.9574277130887,50.9570261156274,1,I,146,5
59.1536723878081,72,15.0394253432751,44.1142470445331,1,C,147,5
18.1605036043324,30.277424182365,15.3097827779129,2.85072082641945,1,I,148,5
34.7374052316481,72,15.3268135897815,19.4105916418666,1,C,149,5
43.4886922838122,72,15.358898146078,28.1297941377342,1,I,150,5
21.235689063992,72,15.4081664420664,5.82752262192553,1,C,151,5
40.390398898661,72,15.4208495188504,24.9695493798106,1,I,152,5
42.1518937267971,72,15.6738304998726,26.4780632269245,1,C,153,5
38.4193114901092,72,15.7488825917244,22.6704288983848,1,I,154,5
16.6344828227872,72,15.965941445902,0.668541376885206,1,C,155,5
34.7577808915257,72,16.3507110765204,18.4070698150053,1,I,156,5
18.5901688034468,72,16.4939965121448,2.09617229130198,1,C,157,5
16.7280649354721,72,16.5723942127079,0.155670722764253,1,I,158,5
75.6377954795947,72,16.5841480158269,55.4158519841731,0,C,159,5
73.5667614537332,72,16.6522758733481,55.3477241266519,0,I,160,5
43.9558616778492,72,16.7418346647173,27.2140270131319,1,C,161,5
55.3342451577914,20.8575686600034,16.9076961977407,3.9498724622627,0,I,162,5
75.9382021701028,72,16.9652589876205,55.0347410123795,0,C,163,5
24.9411020180766,72,16.9775868952274,7.96351512284919,1,I,164,5
34.8110350254297,72,17.178743686527,17.6322913389027,1,C,165,5
47.4138388809615,72,17.290499964729,30.1233389162325,1,I,166,5
70.7877381129197,22.8881106956879,17.3244010191411,5.56370967654682,0,C,167,5
56.9539610069334,72,17.401348692365,39.5526123145684,1,I,168,5
25.7192876591316,72,17.4904825212434,8.22880513788816,1,C,169,5
61.3610265902415,40.2907925014777,17.5106289004907,22.780163600987,0,I,170,5
63.959096926007,32.7833236773814,17.5278437230736,15.2554799543078,0,C,171,5
56.9869876340241,72,17.6625217404217,39.3244658936025,1,I,172,5
35.0916985552545,72,17.697609490715,17.3940890645395,1,C,173,5
31.4612578985102,72,17.7745955949649,13.6866623035453,1,I,174,5
29.9124122773472,72,18.2065939670429,11.7058183103044,1,C,175,5
44.7589238197026,72,18.3215244021267,26.4373994175759,1,I,176,5
65.8626965360533,72,18.3711685007438,47.4915280353095,1,C,177,5
34.742819341343,72,18.4199923742563,16.3228269670868,1,I,178,5
81.889571463125,72,18.4947446733713,53.5052553266287,0,C,179,5
107.700086115597,72,18.5452051274478,53.4547948725522,0,I,180,5
63.0901435911739,72,18.7181480973959,44.371995493778,1,C,181,5
68.4129804683063,72,18.8011504942551,49.6118299740512,1,I,182,5
28.4176836396591,47.0653143059683,18.8911932427436,9.52649039691549,1,C,183,5
79.4004304983621,49.65873472635,18.9844760997221,30.6742586266279,0,I,184,5
49.6016625998972,72,18.9871584065259,30.6145041933714,1,C,185,5
82.1673847390413,25.6914483484039,19.0027820784599,6.68866626994408,0,I,186,5
69.1262695208258,72,19.1364959394559,49.9897735813699,1,C,187,5
20.5361551641842,72,19.3782212398946,1.15793392428957,1,I,188,5
50.2731386754132,72,19.4263082183898,30.8468304570235,1,C,189,5
23.4020886848827,72,19.7697846684605,3.63230401642225,1,I,190,5
21.3578330357907,72,19.8311430495232,1.52668998626744,1,C,191,5
26.1072725953923,72,19.9168583052233,6.19041429016901,1,I,192,5
55.0451029619104,72,19.9979243986309,35.0471785632796,1,C,193,5
49.6100478471459,72,20.0019403640181,29.6081074831278,1,I,194,5
101.931309416738,72,20.125204436481,51.874795563519,0,C,195,5
75.8591565744286,72,20.3068222571164,51.6931777428836,0,I,196,5
26.3080653857309,72,20.5399412009865,5.76812418474441,1,C,197,5
92.3731651398244,72,20.8639042591676,51.1360957408324,0,I,198,5
36.266235191578,21.4935213404058,21.4655910898,0.0279302506058237,0,C,199,5
55.4638130257591,72,21.614671270363,33.849141755396,1,I,200,5
84.1263796083681,72,21.9669500878081,50.0330499121919,0,C,201,5
54.0848034565054,72,22.0073636854067,32.0774397710987,1,I,202,5
40.9036794425868,22.6357460713597,22.1165788639337,0.519167207426005,0,C,203,5
65.6105613125526,72,22.1383336465806,43.472227665972,1,I,204,5
50.3276954027407,72,22.1536107547581,28.1740846479826,1,C,205,5
28.0963233755879,72,22.2134458087385,5.88287756684944,1,I,206,5
27.1502370754087,72,22.2215161984786,4.9287208769301,1,C,207,5
22.3532178130833,72,22.2949636727571,0.0582541403261248,1,I,208,5
27.3936959659096,72,22.351410468109,5.04228549780069,1,C,209,5
78.3595272431701,72,22.3672849405557,49.6327150594443,0,I,210,5
47.3161957767366,72,22.4299297621474,24.8862660145893,1,C,211,5
104.24926929071,72,22.5174058740959,49.4825941259041,0,I,212,5
84.1655662784169,72,22.7899264823645,49.2100735176355,0,C,213,5
55.4008411846731,72,22.9272818053141,32.473559379359,1,I,214,5
100.491717752173,72,23.2061492046341,48.7938507953659,0,C,215,5
103.993755343813,72,23.2449606573209,48.7550393426791,0,I,216,5
25.6761011742623,72,23.491724752821,2.18437642144125,1,C,217,5
91.6810571411376,72,23.4937481023371,48.5062518976629,0,I,218,5
82.5470736680478,72,23.5271166684106,48.4728833315894,0,C,219,5
37.9054722407596,72,23.571291519329,14.3341807214306,1,I,220,5
27.0011650404719,72,23.6383971758187,3.36276786465325,1,C,221,5
53.0206355363989,72,23.7616685405374,29.2589669958616,1,I,222,5
67.5714415194896,65.6665384811654,23.9267538534477,41.7397846277177,0,C,223,5
24.913423021495,72,23.9489395078272,0.964483513667824,1,I,224,5
52.4603802435314,72,23.999969442375,28.4604108011564,1,C,225,5
25.8331202422071,72,24.1877574613318,1.64536278087528,1,I,226,5
32.7414939674543,72,24.2163853207603,8.52510864669401,1,C,227,5
25.1087803013599,72,24.3520953319967,0.756684969363182,1,I,228,5
50.0716881995788,72,24.4507896853611,25.6208985142177,1,C,229,5
60.5798892667772,72,24.4829279277474,36.0969613390298,1,I,230,5
122.824576070374,72,24.5393587835133,47.4606412164867,0,C,231,5
32.8688958973716,72,24.5529570803046,8.31593881706697,1,I,232,5
63.5107665487158,43.4523296139091,24.5846549794078,18.8676746345013,0,C,233,5
70.5815140108611,71.7428002510188,24.5860478980467,45.9954661128144,1,I,234,5
40.5550016046441,72,24.6324898581952,15.9225117464489,1,C,235,5
42.6142995816188,72,24.6586452936754,17.9556542879435,1,I,236,5
45.4866068529849,44.8127982583496,24.6662567881867,20.1465414701628,0,C,237,5
35.2076502489532,72,24.9212014954537,10.2864487534995,1,I,238,5
72.6710244459702,72,25.4722670931369,46.5277329068631,0,C,239,5
36.5519588370051,72,25.488405986689,11.0635528503161,1,I,240,5
79.5611831523449,63.0686855361781,25.5251673096791,37.543518226499,0,C,241,5
27.8513264482369,72,25.5691220238805,2.28220442435638,1,I,242,5
43.7566325352894,72,25.9149968717247,17.8416356635647,1,C,243,5
36.7482604468021,39.1159413425438,25.9729022718966,10.7753581749055,1,I,244,5
74.2930977489832,72,26.2045340007171,45.7954659992829,0,C,245,5
149.889067210628,72,26.2574918987229,45.7425081012771,0,I,246,5
64.9618384509583,72,26.2751268222928,38.6867116286655,1,C,247,5
85.7262209008382,57.9350331916992,26.4462727820501,31.4887604096492,0,I,248,5
34.017781427936,72,26.7396060889587,7.2781753389773,1,C,249,5
61.8538238551722,68.2240189212136,26.7753406288102,35.0784832263619,1,I,250,5
27.823692723258,72,26.9280076632276,0.895685060030331,1,C,251,5
28.1556101090229,72,26.935252812691,1.22035729633184,1,I,252,5
61.747835076864,66.8655895567476,26.9721319992095,34.7757030776544,1,C,253,5
83.2555476204186,72,26.9869376113638,45.0130623886362,0,I,254,5
41.8393895220656,72,27.1375007601455,14.7018887619201,1,C,255,5
50.1365268050902,72,27.1661857422441,22.9703410628461,1,I,256,5
65.2103477426406,72,27.251094407402,37.9592533352387,1,C,257,5
79.0503484713476,72,27.4316344549879,44.5683655450121,0,I,258,5
57.1032815725755,31.1904469656723,27.4863450229168,3.70410194275553,0,C,259,5
38.7280776319192,72,27.5238080509007,11.2042695810185,1,I,260,5
84.2288947389141,72,27.7763363951817,44.2236636048183,0,C,261,5
46.9024171061252,72,27.8274729195982,19.074944186527,1,I,262,5
100.542829956443,72,27.8557436401024,44.1442563598976,0,C,263,5
51.9978124622059,72,27.8688402101398,24.1289722520661,1,I,264,5
44.2352053144118,69.1903922495463,27.9530577734113,16.2821475410006,1,C,265,5
64.610247550772,72,27.9674518061802,36.6427957445918,1,I,266,5
43.2945235340757,72,28.0734982341528,15.2210252999229,1,C,267,5
46.3284106937304,72,28.2787050073966,18.0497056863338,1,I,268,5
72.5365325756113,72,28.3676390536129,43.6323609463871,0,C,269,5
51.7324628911926,72,28.3751813136041,23.3572815775884,1,I,270,5
87.5763033183011,72,28.4222324565053,43.5777675434947,0,C,271,5
80.0152337015958,72,28.6660863971338,43.3339136028662,0,I,272,5
50.8620537476578,72,28.7316112965345,22.1304424511232,1,C,273,5
35.5414118757507,72,28.9505585096777,6.59085336607308,1,I,274,5
45.2088600901454,72,29.0193685982376,16.1894914919077,1,C,275,5
67.3643742966601,72,29.0873406780884,38.2770336185717,1,I,276,5
65.6526441581632,38.6469730353227,29.0928873885423,9.55408564678043,0,C,277,5
62.1551356529444,40.7707255409042,29.2859061202034,11.4848194207008,0,I,278,5
71.6086288656762,29.7519978527156,29.3570946995169,0.394903153198687,0,C,279,5
63.9086722314666,72,29.3819435918704,34.5267286395963,1,I,280,5
43.2078891649926,72,29.4871762907133,13.7207128742794,1,C,281,5
62.3919153166689,69.9646514805583,29.5428209658712,32.8490943507977,1,I,282,5
97.4645226421503,72,29.8334491252899,42.1665508747101,0,C,283,5
73.8737564310839,72,29.8637532396242,42.1362467603758,0,I,284,5
34.9898044912847,72,29.9205290386453,5.06927545263938,1,C,285,5
34.6480452906576,72,30.1055004168302,4.54254487382738,1,I,286,5
70.7662334539826,72,30.1974610704929,40.5687723834897,1,C,287,5
35.9533990995366,72,30.2121631382033,5.74123596133331,1,I,288,5
37.5934777571207,72,30.3745258972049,7.21895185991583,1,C,289,5
169.876858387898,72,30.3837006306276,41.6162993693724,0,I,290,5
36.6123322993201,72,30.401715086773,6.21061721254706,1,C,291,5
97.5842932999375,72,30.4707477847114,41.5292522152886,0,I,292,5
74.0758368915876,47.208291709518,30.5481010861695,16.6601906233485,0,C,293,5
85.4087731327198,72,30.5613337503746,41.4386662496254,0,I,294,5
47.22558676848,72,30.8098729373887,16.4157138310913,1,C,295,5
101.409282383036,72,30.890678409487,41.109321590513,0,I,296,5
31.6468849607863,72,30.9262084309012,0.720676529885135,1,C,297,5
123.297833913149,72,30.9814970148727,41.0185029851273,0,I,298,5
75.2989518767,39.2396317284662,31.0045405570418,8.23509117142443,0,C,299,5
75.7496458567454,72,31.2516098236665,40.7483901763335,0,I,300,5
83.1482642004099,72,31.3632543152198,40.6367456847802,0,C,301,5
87.3467455391047,72,31.3840113440529,40.6159886559472,0,I,302,5
35.7335422226402,72,31.5916797704995,4.14186245214075,1,C,303,5
33.0490848398974,72,31.6703129047528,1.37877193514457,1,I,304,5
37.0439681262035,65.557396971954,31.6874390188605,5.35652910734301,1,C,305,5
35.9566674519432,71.9927803383346,31.7139514954761,4.24271595646716,1,I,306,5
54.9476784562104,68.7841330986917,31.7364463303238,23.2112321258866,1,C,307,5
40.9219370554625,72,31.8953840062022,9.02655304926028,1,I,308,5
40.0742044520593,47.0922288755861,32.1290037687868,7.94520068327247,1,C,309,5
128.710672397438,72,32.4933292390779,39.5066707609221,0,I,310,5
45.4135545682218,72,32.5008675595745,12.9126870086472,1,C,311,5
82.1212247700584,72,32.5198759976774,39.4801240023226,0,I,312,5
51.7292467292379,72,32.571349083446,19.1578976457919,1,C,313,5
52.4122975630645,72,32.5779766961932,19.8343208668713,1,I,314,5
65.9549308911639,72,32.5922441203147,33.3626867708492,1,C,315,5
61.1890578867205,64.7600532537002,32.6429479429498,28.5461099437707,1,I,316,5
38.5832961661609,72,32.7090283250436,5.87426784111728,1,C,317,5
50.2511963688317,72,32.9245888162404,17.3266075525913,1,I,318,5
114.888149486651,72,32.9968737624586,39.0031262375414,0,C,319,5
64.0310100597293,72,33.0490820109844,30.9819280487449,1,I,320,5
115.612214084832,72,33.1038480391726,38.8961519608274,0,C,321,5
61.2486497598497,72,33.1177612580359,28.1308885018138,1,I,322,5
35.8516187813714,72,33.3549621608108,2.49665662056055,1,C,323,5
43.8287500567136,72,33.5545875225216,10.274162534192,1,I,324,5
35.9334747320793,72,33.7435626424849,2.18991208959441,1,C,325,5
36.1432007940775,56.0603097247295,33.7605270277709,2.38267376630662,1,I,326,5
52.4750656936594,72,33.7893027020618,18.6857629915975,1,C,327,5
51.7690153928398,72,33.8138516200706,17.9551637727692,1,I,328,5
48.9718579431953,72,33.8895441312343,15.082313811961,1,C,329,5
37.207052692176,34.732159087765,33.9580053370446,0.774153750720437,0,I,330,5
36.9044861807248,72,34.0405557397753,2.86393044094953,1,C,331,5
150.742555829744,72,34.0746627515182,37.9253372484818,0,I,332,5
84.3629788918889,72,34.1187680186704,37.8812319813296,0,C,333,5
138.466174015274,72,34.1242880607024,37.8757119392976,0,I,334,5
47.4046124544256,72,34.1390994004905,13.265513053935,1,C,335,5
79.9823118476254,72,34.1622911766171,37.8377088233829,0,I,336,5
34.8231001049251,72,34.1943880403414,0.628712064583691,1,C,337,5
40.2179781180477,72,34.2910152627155,5.92696285533214,1,I,338,5
43.2404334375986,72,34.2932820785791,8.94715135901951,1,C,339,5
38.3996392811368,72,34.5306533295661,3.86898595157063,1,I,340,5
200.708934713056,72,34.5526345912367,37.4473654087633,0,C,341,5
41.1434720775173,40.1578206434283,34.5820148661733,5.57580577725499,0,I,342,5
99.8925851698296,72,34.6277923788875,37.3722076211125,0,C,343,5
72.0442337815692,72,34.7823336906731,37.2176663093269,0,I,344,5
50.0249017973822,72,34.9151945114136,15.1097072859686,1,C,345,5
91.3671897738051,62.2328556689187,34.9356073793024,27.2972482896163,0,I,346,5
63.0733023252655,72,35.0607634149492,28.0125389103163,1,C,347,5
86.8599882756521,72,35.2346661128104,36.7653338871896,0,I,348,5
54.1665107115786,72,35.2697106543928,18.8968000571857,1,C,349,5
138.043071401944,72,35.2861740114167,36.7138259885833,0,I,350,5
80.0385541995243,72,35.3434893395752,36.6565106604248,0,C,351,5
59.8648467949245,72,35.3893107734621,24.4755360214624,1,I,352,5
68.593015108036,72,35.5292450543493,33.0637700536867,1,C,353,5
35.9222501673543,72,35.5982095655054,0.324040601848935,1,I,354,5
61.823682304058,72,35.6577919609845,26.1658903430736,1,C,355,5
57.1089222690144,72,35.8056019200012,21.3033203490132,1,I,356,5
78.0555412682508,72,35.857714349404,36.142285650596,0,C,357,5
57.9987932851803,50.5341257140606,36.2958157528192,14.2383099612414,0,I,358,5
56.294239938483,72,36.4593079173937,19.8349320210893,1,C,359,5
234.314151308058,72,36.5399119025096,35.4600880974904,0,I,360,5
56.0700315897756,72,36.6719757998362,19.3980557899394,1,C,361,5
77.1932127795892,72,36.7382709123194,35.2617290876806,0,I,362,5
47.1868370346829,72,36.7879382707179,10.398898763965,1,C,363,5
75.3989912119361,72,36.8238096311688,35.1761903688312,0,I,364,5
80.5938794343415,72,36.9259297521785,35.0740702478215,0,C,365,5
41.7536462847009,65.1487818472117,36.9682775018737,4.78536878282721,1,I,366,5
52.5434056732858,72,37.0029162615538,15.540489411732,1,C,367,5
39.0199835055335,72,37.0189318573102,2.00105164822325,1,I,368,5
91.7893286857637,72,37.0996272889897,34.9003727110103,0,C,369,5
45.1034139331202,72,37.1015483792871,8.00186555383309,1,I,370,5
135.064872049082,72,37.163259582594,34.836740417406,0,C,371,5
50.5553936314473,72,37.2290438739583,13.326349757489,1,I,372,5
41.3226631796739,72,37.2864258941263,4.03623728554761,1,C,373,5
91.3542145958885,72,37.3934612888843,34.6065387111157,0,I,374,5
93.4544070007779,72,37.525300369598,34.474699630402,0,C,375,5
68.3469722812536,72,37.6285742036998,30.7183980775537,1,I,376,5
50.1228976260353,47.1920253889528,37.6663529220969,9.52567246685593,0,C,377,5
64.4679611016345,72,38.2495505036786,26.2184105979559,1,I,378,5
80.5073111965421,72,38.2521834690124,33.7478165309876,0,C,379,5
89.4115789550982,72,38.2549876905978,33.7450123094022,0,I,380,5
42.1558599185908,72,38.3219319954515,3.83392792313935,1,C,381,5
40.020478516613,71.7864077217839,38.3651239983737,1.65535451823924,1,I,382,5
111.876908640773,72,38.437360455282,33.562639544718,0,C,383,5
73.8529701199361,42.5240854721149,38.5816667648032,3.94241870731162,0,I,384,5
48.4915570006601,72,38.6028501810506,9.88870681960949,1,C,385,5
74.5603594803165,72,38.6468463717029,33.3531536282972,0,I,386,5
153.542626662957,72,38.7797468528152,33.2202531471849,0,C,387,5
62.7525671055216,72,38.8044001813978,23.9481669241238,1,I,388,5
157.208555336648,72,39.0058759879321,32.9941240120679,0,C,389,5
86.4173966709603,72,39.1721080429852,32.8278919570148,0,I,390,5
64.8983593119836,72,39.1876142006367,25.7107451113469,1,C,391,5
107.266651195206,72,39.3045170372352,32.6954829627648,0,I,392,5
43.5902943023181,72,39.4189054425806,4.17138885973755,1,C,393,5
59.0953525219501,72,39.4905912084505,19.6047613134996,1,I,394,5
59.6256267542308,72,39.5052377320826,20.1203890221482,1,C,395,5
74.9576497199403,72,39.6767370169982,32.3232629830018,0,I,396,5
42.6275397508092,72,39.7363401576877,2.89119959312154,1,C,397,5
78.6714875056391,72,39.8170949751511,32.1829050248489,0,I,398,5
57.870124869644,72,39.8984908126295,17.9716340570145,1,C,399,5
74.3549289855428,72,39.9499041773379,32.0500958226621,0,I,400,5
41.3727098616064,72,40.13340159785,1.23930826375632,1,C,401,5
67.606980906226,72,40.2824647771195,27.3245161291066,1,I,402,5
47.602479867244,72,40.2957236766815,7.30675619056251,1,C,403,5
43.038405244473,72,40.3307060385123,2.70769920596071,1,I,404,5
41.865496205575,72,40.3703091759235,1.49518702965154,1,C,405,5
46.5931695736335,72,40.3868517139927,6.20631785964088,1,I,406,5
97.2697631172188,72,40.4610766097903,31.5389233902097,0,C,407,5
56.712949161792,47.5385081561804,40.6187386298552,6.91976952632516,0,I,408,5
70.3418207901979,72,40.6983439950272,29.6434767951706,1,C,409,5
97.3796437341589,55.8320292922024,40.8606309397146,14.9713983524878,0,I,410,5
54.7564381055362,72,41.0170508455485,13.7393872599876,1,C,411,5
83.8244498753933,72,41.146086207591,30.853913792409,0,I,412,5
142.111083824915,62.8054728652116,41.1522919591516,21.6531809060599,0,C,413,5
53.6707114674447,72,41.1952776834369,12.4754337840078,1,I,414,5
74.0303257263998,63.8704114745585,41.2112379865721,22.6591734879864,0,C,415,5
43.9907428744382,72,41.2462710030377,2.74447187140055,1,I,416,5
62.3614376864026,42.2368845186309,41.4659474976361,0.770937020994772,0,C,417,5
70.6464083975288,72,41.6269632568583,29.0194451406705,1,I,418,5
49.4434199366289,72,41.7127566458657,7.73066329076312,1,C,419,5
106.042868063647,72,41.7601376026869,30.2398623973131,0,I,420,5
69.6790729027129,72,41.8232423113659,27.855830591347,1,C,421,5
44.2402043891561,72,41.8409898877144,2.39921450144167,1,I,422,5
45.5879429705271,72,41.8985558627173,3.68938710780974,1,C,423,5
71.0295872074032,72,41.9034112337977,29.1261759736055,1,I,424,5
57.8958563508877,72,42.0758293010294,15.8200270498583,1,C,425,5
75.2367874150257,47.6929378290927,42.2859200136736,5.40701781541905,0,I,426,5
62.3937683314523,72,42.6293965475634,19.764371783889,1,C,427,5
195.749286323921,72,42.6363410521299,29.3636589478701,0,I,428,5
53.0900371263261,72,42.6431344728917,10.4469026534344,1,C,429,5
89.6785901038753,72,42.7012554975227,29.2987445024774,0,I,430,5
45.7879426608327,72,43.0101480474696,2.7777946133631,1,C,431,5
107.647042419571,72,43.0222035571933,28.9777964428067,0,I,432,5
69.0380022137999,72,43.0465967115015,25.9914055022985,1,C,433,5
105.99416005383,72,43.1977038038895,28.8022961961106,0,I,434,5
93.3906627778568,72,43.3170620212331,28.6829379787669,0,C,435,5
83.8836584054996,72,43.3427964895964,28.6572035104036,0,I,436,5
75.7540922745116,72,43.5759408026934,28.4240591973066,0,C,437,5
59.6886289329919,72,43.5763765359297,16.1122523970622,1,I,438,5
97.1415656349381,72,43.6203405819833,28.3796594180167,0,C,439,5
69.3957053330407,72,43.7251535849646,25.6705517480762,1,I,440,5
97.301598547186,72,43.8005685433745,28.1994314566255,0,C,441,5
69.5777747698345,72,43.8278321642429,25.7499426055916,1,I,442,5
92.4732597691503,72,43.847084697336,28.152915302664,0,C,443,5
89.6255403573818,72,44.0201980853453,27.9798019146547,0,I,444,5
113.82294508057,72,44.0334870899096,27.9665129100904,0,C,445,5
62.4426555095856,53.2793344074292,44.0679557388648,9.21137866856432,0,I,446,5
71.5921743918798,52.5892047187427,44.1107079852372,8.47849673350544,0,C,447,5
66.6317682260334,72,44.1161884786561,22.5155797473772,1,I,448,5
61.6138213534645,72,44.1898036049679,17.4240177484966,1,C,449,5
75.5864321438137,72,44.3627912225202,27.6372087774798,0,I,450,5
44.9855872358904,72,44.639803385362,0.345783850528371,1,C,451,5
155.779573070611,72,44.8128371033818,27.1871628966183,0,I,452,5
50.7597152747139,72,44.8436371888965,5.91607808581737,1,C,453,5
74.0321448174775,72,45.0155528727919,26.9844471272081,0,I,454,5
46.9722639472473,72,45.0947971874848,1.87746675976253,1,C,455,5
58.6836395803785,72,45.29543237295,13.3882072074285,1,I,456,5
119.527656367346,72,45.4431666294113,26.5568333705887,0,C,457,5
52.3497569280693,72,45.4726566653699,6.8771002626994,1,I,458,5
48.9803295098932,72,45.5460388725624,3.43429063733081,1,C,459,5
133.584957652851,48.5699604660637,45.8760597277433,2.69390073832038,0,I,460,5
101.866120769282,72,45.9506791876629,26.0493208123371,0,C,461,5
60.2058427178475,72,45.9692444046959,14.2365983131516,1,I,462,5
56.5658424768752,72,45.9763715788722,10.589470898003,1,C,463,5
79.5528966498914,51.9721921584349,46.0298973089084,5.94229484952651,0,I,464,5
109.730565512422,72,46.0853177960962,25.9146822039038,0,C,465,5
48.1350806219692,72,46.2394101871178,1.89567043485146,1,I,466,5
71.5272947645675,72,46.2593583762646,25.2679363883029,1,C,467,5
63.1083935780693,72,46.2942397221923,16.814153855877,1,I,468,5
46.8614616347609,72,46.3050370384008,0.55642459636015,1,C,469,5
77.9547425727496,72,46.3185104727745,25.6814895272255,0,I,470,5
74.9887112142108,72,46.3397866208106,25.6602133791894,0,C,471,5
76.7960995597424,72,46.3691463880241,25.6308536119759,0,I,472,5
52.1723877590785,72,46.539313509129,5.63307424994953,1,C,473,5
60.2543855523153,69.4732737140835,46.5482992026955,13.7060863496198,1,I,474,5
88.4841651174878,72,46.5511987823993,25.4488012176007,0,C,475,5
130.631141897846,72,46.6540050320327,25.3459949679673,0,I,476,5
61.9421077906333,60.5401758680231,46.678717341274,13.8614585267491,0,C,477,5
50.1753437752663,72,46.6789546469227,3.49638912834368,1,I,478,5
110.920906614774,72,46.6949719190598,25.3050280809403,0,C,479,5
79.8388264484211,72,46.8050719890744,25.1949280109257,0,I,480,5
62.3645788990615,72,46.9990038592368,15.3655750398247,1,C,481,5
67.0604423491986,72,47.0651063136756,19.9953360355229,1,I,482,5
51.4609981846572,72,47.0996324624866,4.36136572217057,1,C,483,5
57.9101863055266,72,47.1187790343538,10.7914072711728,1,I,484,5
59.8028980962414,72,47.1421989938244,12.660699102417,1,C,485,5
69.7015613073748,72,47.169562918134,22.5319983892407,1,I,486,5
59.1419994112382,72,47.1943644806743,11.9476349305639,1,C,487,5
70.161374244217,72,47.2412433894351,22.9201308547819,1,I,488,5
50.8571362157437,72,47.3866359516978,3.47050026404583,1,C,489,5
135.8118352541,72,47.4452493293211,24.5547506706789,0,I,490,5
50.5951715919478,72,47.6816719863564,2.9134996055914,1,C,491,5
51.3465060728951,72,47.6856584334746,3.6608476394205,1,I,492,5
47.9783106602213,72,47.7225592033938,0.255751456827501,1,C,493,5
57.7143656815124,72,47.7772762952372,9.93708938627518,1,I,494,5
73.0090819228037,72,47.807073793374,24.192926206626,0,C,495,5
103.778267376606,72,47.9538052948192,24.0461947051808,0,I,496,5
170.163076868958,72,48.1537145795301,23.8462854204699,0,C,497,5
62.0769477499137,72,48.2908297050744,13.7861180448393,1,I,498,5
67.2103245867446,72,48.3711313130334,18.8391932737112,1,C,499,5
71.9412863222665,72,48.3759489795193,23.5653373427472,1,I,500,5
54.8598287253036,72,48.4004835784435,6.45934514686011,1,C,501,5
181.892565942082,72,48.4040147205815,23.5959852794185,0,I,502,5
104.49821285127,72,48.4579027164727,23.5420972835273,0,C,503,5
85.2945863419206,72,48.5085261845961,23.4914738154039,0,I,504,5
66.8763812972779,56.1311145379629,48.5638551833108,7.56725935465206,0,C,505,5
56.2269058100166,72,48.5906275967136,7.636278213303,1,I,506,5
52.7198702277646,72,48.7063656421378,4.01350458562675,1,C,507,5
49.74451084871,72,48.8134657451883,0.931045103521672,1,I,508,5
55.6394836282182,72,49.2040176177397,6.43546601047846,1,C,509,5
55.6114601313735,72,49.2144248681143,6.3970352632592,1,I,510,5
66.1127514922099,72,49.423115788959,16.6896357032509,1,C,511,5
65.8088993188535,52.5268189563963,49.4623827002943,3.06443625610199,0,I,512,5
80.0183457020517,72,49.5218594837934,22.4781405162066,0,C,513,5
61.141099103727,72,49.5369279105216,11.6041711932053,1,I,514,5
142.67655949263,72,49.7278522979468,22.2721477020532,0,C,515,5
50.1378917435611,72,49.9407160514966,0.197175692064478,1,I,516,5
57.5554117820501,72,49.9817194277421,7.57369235430802,1,C,517,5
72.2156651729082,63.9223696166247,50.0213312543929,13.9010383622318,0,I,518,5
66.4618484774085,72,50.0623286096379,16.3995198677706,1,C,519,5
54.586589278194,72,50.1382357953116,4.44835348288233,1,I,520,5
88.7255791542467,72,50.1758900703862,21.8241099296138,0,C,521,5
97.8033858482424,72,50.2318243682385,21.7681756317616,0,I,522,5
96.4964091237425,72,50.2784022549167,21.7215977450833,0,C,523,5
114.810175429494,72,50.3640131559223,21.6359868440777,0,I,524,5
51.4914851541521,72,50.672082756646,0.819402397506157,1,C,525,5
62.7638193157761,72,50.7421506335959,12.0216686821802,1,I,526,5
116.351707059524,72,50.8057881239802,21.1942118760198,0,C,527,5
103.34526644897,72,50.926522272639,21.073477727361,0,I,528,5
64.0318892393218,72,50.9932453930378,13.038643846284,1,C,529,5
76.2660966274748,72,51.0637600533664,20.9362399466336,0,I,530,5
56.9682846466779,72,51.175815872848,5.79246877382989,1,C,531,5
118.511656439233,72,51.176472203806,20.823527796194,0,I,532,5
69.2834314904838,72,51.2029991811141,18.0804323093697,1,C,533,5
84.7028295623094,72,51.5181008493528,20.4818991506472,0,I,534,5
53.4041367591974,72,51.6644371161237,1.73969964307363,1,C,535,5
53.141485913479,72,51.7039779061452,1.43750800733383,1,I,536,5
62.7118624882141,72,51.7512764269486,10.9605860612655,1,C,537,5
79.9858220128914,72,51.8068224750459,20.1931775249541,0,I,538,5
112.784934506722,72,51.9304883200675,20.0695116799325,0,C,539,5
88.5270936898483,72,52.0915179653093,19.9084820346907,0,I,540,5
70.4936199115864,72,52.1356286387891,18.3579912727973,1,C,541,5
154.455346276967,72,52.2954210871831,19.7045789128169,0,I,542,5
53.4770052137683,72,52.4328268971294,1.04417831663891,1,C,543,5
251.226203321157,72,52.5540753174573,19.4459246825427,0,I,544,5
55.000128992244,72,52.5569802615792,2.44314873066484,1,C,545,5
88.4575998751975,72,52.7487495727837,19.2512504272163,0,I,546,5
59.3426351191457,72,52.7667588042095,6.57587631493619,1,C,547,5
61.7039491851231,72,52.8534553293139,8.85049385580924,1,I,548,5
132.686356326817,72,52.9416384827346,19.0583615172654,0,C,549,5
117.21237972015,72,52.9595684213564,19.0404315786436,0,I,550,5
83.5451760985013,72,52.9947493365035,19.0052506634966,0,C,551,5
54.8657340860674,72,53.0229060351849,1.84282805088252,1,I,552,5
87.4977637759021,72,53.0387592175975,18.9612407824025,0,C,553,5
153.318200823962,72,53.1404578126967,18.8595421873033,0,I,554,5
59.2572333078013,72,53.2411211449653,6.016112162836,1,C,555,5
65.5234156232452,72,53.2544576050714,12.2689580181738,1,I,556,5
61.6158901420294,72,53.3153348928317,8.30055524919768,1,C,557,5
94.4852724643969,72,53.3399315737188,18.6600684262812,0,I,558,5
68.0138511246964,72,53.3895470201969,14.6243041044995,1,C,559,5
87.3913837514409,72,53.5491237184033,18.4508762815967,0,I,560,5
64.2091440644891,72,53.6063954327256,10.6027486317636,1,C,561,5
120.335578587849,72,53.6102475877851,18.3897524122149,0,I,562,5
55.4072486100814,72,53.6114012310281,1.79584737905322,1,C,563,5
71.3203295104884,72,53.6410492099822,17.6792803005062,1,I,564,5
76.5543399788857,72,53.6900972994044,18.3099027005956,0,C,565,5
105.068008137837,72,53.7551735853776,18.2448264146224,0,I,566,5
61.4399390487334,72,53.812923822552,7.62701522618147,1,C,567,5
80.5600461294723,72,53.8400845695287,18.1599154304713,0,I,568,5
55.7768126166552,72,53.9691102644429,1.80770235221234,1,C,569,5
68.2656846934895,72,53.9835808239877,14.2821038695018,1,I,570,5
62.8807109691003,72,54.0558769321069,8.82483403699339,1,C,571,5
198.756488032342,72,54.0951865771785,17.9048134228215,0,I,572,5
60.9145674017282,72,54.0974617609754,6.81710564075276,1,C,573,5
106.533807752249,72,54.1033074539155,17.8966925460845,0,I,574,5
78.7114729392572,72,54.2339129559696,17.7660870440304,0,C,575,5
84.5597662495575,72,54.2526919953525,17.7473080046475,0,I,576,5
159.019765046115,72,54.2702454747632,17.7297545252368,0,C,577,5
66.1069547345266,72,54.4775711232796,11.629383611247,1,I,578,5
56.9037101368248,72,54.9212604342029,1.98244970262197,1,C,579,5
66.0812408378404,72,54.990665903315,11.0905749345254,1,I,580,5
86.5482280345541,72,54.9963807407767,17.0036192592233,0,C,581,5
70.2794989551651,72,55.0148831773549,15.2646157778101,1,I,582,5
59.97780826892,72,55.0575828691945,4.9202253997255,1,C,583,5
416.285105039791,72,55.0884318072349,16.9115681927651,0,I,584,5
68.1992900466806,72,55.109099233523,13.0901908131576,1,C,585,5
74.0460386026207,72,55.3268880955875,16.6731119044125,0,I,586,5
60.7556159664171,72,55.3552194451913,5.40039652122572,1,C,587,5
103.521470927277,72,55.3762028552592,16.6237971447408,0,I,588,5
67.509943787056,72,55.4070399189368,12.1029038681192,1,C,589,5
198.119406829161,72,55.5237317690626,16.4762682309374,0,I,590,5
69.6374451823285,72,55.7473803218454,13.8900648604831,1,C,591,5
56.6042214524164,72,55.8122404525057,0.791980999910775,1,I,592,5
97.6068739444602,72,55.894269766286,16.105730233714,0,C,593,5
70.4209296346573,72,55.9692116081715,14.4517180264858,1,I,594,5
220.814525030591,72,56.0227514477447,15.9772485522553,0,C,595,5
58.7789677660734,72,56.1418989859521,2.63706878012122,1,I,596,5
78.6023849823707,62.3992623088483,56.1552349710837,6.24402733776455,0,C,597,5
70.49625930898,72,56.3630744023249,14.1331849066551,1,I,598,5
87.4466125296371,72,56.3958446541801,15.6041553458199,0,C,599,5
136.248605292816,72,56.4346862398088,15.5653137601912,0,I,600,5
64.5113060570649,72,56.4729622006416,8.03834385642328,1,C,601,5
97.7501845341113,72,56.5118181193247,15.4881818806753,0,I,602,5
87.0502677039902,72,56.5390874119476,15.4609125880525,0,C,603,5
156.603721714694,72,56.5954442275688,15.4045557724312,0,I,604,5
151.060942067761,72,56.6222420381382,15.3777579618618,0,C,605,5
84.3260641883014,72,56.6765286494046,15.3234713505954,0,I,606,5
114.166757818638,72,56.711152321659,15.288847678341,0,C,607,5
72.3315648941963,72,56.751015256159,15.248984743841,0,I,608,5
150.839979391032,72,56.765570207499,15.234429792501,0,C,609,5
113.742143597401,72,56.8021698435769,15.1978301564232,0,I,610,5
57.7207066702731,72,56.8274342548102,0.893272415462903,1,C,611,5
70.7839075014916,72,56.8439230648801,13.9399844366115,1,I,612,5
90.287225374665,72,56.8832761561498,15.1167238438502,0,C,613,5
72.3970318766132,72,56.9239950925112,15.0760049074888,0,I,614,5
158.331311878202,69.7176222882913,57.0029592141509,12.7146630741404,0,C,615,5
59.1909202596262,72,57.1229531010613,2.06796715856494,1,I,616,5
104.577420679863,72,57.1875283308327,14.8124716691673,0,C,617,5
97.6489095083453,72,57.2245573997498,14.7754426002502,0,I,618,5
67.0801304309093,72,57.3700328869745,9.71009754393478,1,C,619,5
58.9195855785333,59.235532730011,57.59375219699,1.32583338154336,1,I,620,5
70.926196036972,72,57.6041993033141,13.3219967336579,1,C,621,5
160.189718037434,61.8557440350049,57.6391985546798,4.2165454803251,0,I,622,5
70.3246596734252,70.0324895893962,57.6987506914884,12.3337388979078,0,C,623,5
88.0667785873889,72,57.7750760642812,14.2249239357188,0,I,624,5
101.435763700411,72,57.8418389009312,14.1581610990688,0,C,625,5
64.4088200769456,72,58.0924383318052,6.31638174514041,1,I,626,5
81.5659429842464,72,58.1423752661794,13.8576247338206,0,C,627,5
185.991271072227,72,58.3103618770838,13.6896381229162,0,I,628,5
69.7481811266369,72,58.318457454443,11.4297236721939,1,C,629,5
71.4691321029074,72,58.3710583532229,13.0980737496845,1,I,630,5
67.0562969820566,72,58.4174022870138,8.63889469504277,1,C,631,5
76.6070360624214,72,58.4622547309846,13.5377452690154,0,I,632,5
78.0475748652658,72,58.498876481317,13.501123518683,0,C,633,5
80.6986234286847,72,58.5462688654661,13.4537311345339,0,I,634,5
59.8733969592758,72,58.6179353250191,1.25546163425672,1,C,635,5
65.6846655642407,72,58.8557603163645,6.82890524787626,1,I,636,5
76.0761657565195,72,59.0194649202749,12.9805350797251,0,C,637,5
84.937554439654,64.041499543531,59.0336169395596,5.0078826039714,0,I,638,5
70.4159730986393,72,59.0761372447014,11.3398358539379,1,C,639,5
115.733780092214,72,59.2721714777872,12.7278285222128,0,I,640,5
85.759299038153,72,59.2830308759585,12.7169691240415,0,C,641,5
197.539524433906,72,59.653142709285,12.346857290715,0,I,642,5
94.8693020546392,72,59.7104216180742,12.2895783819258,0,C,643,5
81.0769946422943,72,59.715195321478,12.2848046785221,0,I,644,5
79.4284603889293,72,59.7153206868097,12.2846793131903,0,C,645,5
157.044679026081,72,59.7269140603021,12.2730859396979,0,I,646,5
100.139862841046,72,59.7343976190314,12.2656023809686,0,C,647,5
61.2721054850004,72,59.7669999534264,1.50510553157399,1,I,648,5
112.456771349746,72,59.8149891290814,12.1850108709186,0,C,649,5
16.1390529374585,1.19984736656125,0.0977187277749181,1.10212863878633,0,C,1,6
2.12652070354182,59.9109681315879,0.180691578425467,1.94582912511635,1,I,2,6
64.5912264901908,55.8045295045048,0.200541447848082,55.6039880566567,0,C,3,6
43.328627388513,72,0.284381895326078,43.0442454931869,1,I,4,6
38.7985820345993,63.8796916870583,0.44782763812691,38.3507543964724,1,C,5,6
3.38669271520719,72,0.488198683597148,2.89849403161004,1,I,6,6
51.3359611153075,72,0.587805141694844,50.7481559736127,1,C,7,6
3.88385715331032,72,1.13435116130859,2.74950599200173,1,I,8,6
6.85110300155225,72,1.25082816928625,5.600274832266,1,C,9,6
109.816344100036,72,1.3881217315793,70.6118782684207,0,I,10,6
2.30010059546668,72,1.47478657308966,0.825314022377018,1,C,11,6
30.6069996109261,39.2193477715171,1.69594617560506,28.9110534353211,1,I,12,6
134.45469464921,72,1.89338908530772,70.1066109146923,0,C,13,6
6.72080733908123,67.7289023538481,1.91124075092375,4.80956658815747,1,I,14,6
113.880430675083,72,1.9449845328927,70.0550154671073,0,C,15,6
12.4105090026925,12.8643995453913,1.94604298565537,10.4644660170371,1,I,16,6
26.6856743408561,52.203575444136,2.02043888624758,24.6652354546085,1,C,17,6
5.98491677378823,72,2.58369587827474,3.40122089551349,1,I,18,6
10.7583355158121,7.12997236111798,2.6440426055342,4.48592975558378,0,C,19,6
38.0853467982163,72,2.89428401738405,35.1910627808323,1,I,20,6
10.531438400476,72,2.92336141224951,7.60807698822652,1,C,21,6
8.42730547602875,72,2.92395138647407,5.50335408955468,1,I,22,6
9.48976967358614,72,2.94900046661496,6.54076920697118,1,C,23,6
9.11535276786836,53.1805851254331,3.04806539788842,6.06728736997994,1,I,24,6
3.96611401099991,11.7900908990667,3.09518787078559,0.870926140214312,1,C,25,6
59.7674863370052,72,3.12821775209159,56.6392685849136,1,I,26,6
25.7105981470126,21.2908584797584,3.21958457585424,18.0712739039042,0,C,27,6
15.9560080068877,72,3.49937151186168,12.4566364950261,1,I,28,6
33.026139830001,72,3.79833302926272,29.2278068007383,1,C,29,6
28.9362380919574,9.8378367839078,3.93546593841165,5.90237084549614,0,I,30,6
50.456417745306,72,3.95147067960352,46.5049470657025,1,C,31,6
25.1735949071173,72,4.02927981689572,21.1443150902215,1,I,32,6
54.6466831254946,72,4.04155261348933,50.6051305120053,1,C,33,6
7.02436728186378,72,4.26793924067169,2.75642804119209,1,I,34,6
13.7410360675956,59.143667980376,4.29292373824865,9.44811232934699,1,C,35,6
14.9244194614082,72,4.32955785188824,10.5948616095199,1,I,36,6
105.515625805515,52.4431385298633,4.41108673810959,48.0320517917537,0,C,37,6
12.8121478526716,72,4.4737660093233,8.33838184334826,1,I,38,6
88.2988679154963,72,4.51614952180535,67.4838504781947,0,C,39,6
84.8372024240054,72,4.5788915315643,67.4211084684357,0,I,40,6
10.1143539994141,72,4.72428983543068,5.39006416398344,1,C,41,6
20.3165005362794,66.9183345676057,4.73048175685108,15.5860187794283,1,I,42,6
45.4781761930911,72,4.73911870736629,40.7390574857248,1,C,43,6
77.3465678797458,72,4.76839250419289,67.2316074958071,0,I,44,6
25.0245820311188,72,4.8069358477369,20.2176461833819,1,C,45,6
73.913550839298,72,4.80814361013472,67.1918563898653,0,I,46,6
118.619725373608,51.5014457977767,4.84937061555684,46.6520751822199,0,C,47,6
80.402731252347,72,4.89349507726729,67.1065049227327,0,I,48,6
44.6657247981158,72,4.94771549943835,39.7180092986774,1,C,49,6
9.87852352227138,39.5232039217026,5.03438063431531,4.84414288795607,1,I,50,6
119.782561940887,42.9097037203515,5.31349478289485,37.5962089374567,0,C,51,6
22.6757089681007,72,5.49854115117341,17.1771678169273,1,I,52,6
41.0505269017129,72,5.54042232222855,35.5101045794844,1,C,53,6
44.9314356753637,50.2870646270398,5.62889234628528,39.3025433290784,1,I,54,6
49.9459148441991,72,5.996815552935,43.9490992912641,1,C,55,6
47.2653347746405,72,6.01943761110306,41.2458971635374,1,I,56,6
20.4557082587229,17.0666254944702,6.029486451298,11.0371390431722,0,C,57,6
158.599361834288,19.0069236007545,6.12616819795221,12.8807554028023,0,I,58,6
23.5116663885228,72,6.15700668655336,17.3546597019694,1,C,59,6
133.142296366999,60.0410774093297,6.2428166018799,53.7982608074498,0,I,60,6
9.06490183036686,72,6.26914420165122,2.79575762871565,1,C,61,6
56.931770309028,72,6.32690150756389,50.6048688014641,1,I,62,6
58.053456586773,58.1910377725597,6.34160315617919,51.7118534305938,1,C,63,6
7.81181425440027,72,6.34658271912485,1.46523153527541,1,I,64,6
9.62234318577088,25.8233944300661,6.50971891824156,3.11262426752932,1,C,65,6
63.359212441824,72,6.57292011659592,56.786292325228,1,I,66,6
21.8562021045645,12.4594112475601,6.62192459218204,5.83748665537804,0,C,67,6
56.1243706671659,9.13269442031237,6.75015262328088,2.38254179703149,0,I,68,6
20.6846869690429,72,6.78516982588917,13.8995171431537,1,C,69,6
125.22624074665,72,6.80291972123087,65.1970802787691,0,I,70,6
43.844408923163,72,6.85439885593951,36.9900100672235,1,C,71,6
92.0472458032023,72,6.86535583343357,65.1346441665664,0,I,72,6
69.5618795011425,16.4646510058746,7.08813715260476,9.37651385326983,0,C,73,6
29.7578743932765,30.2323055469525,7.18808895908296,22.5697854341935,1,I,74,6
133.085185990354,72,7.24124304950237,64.7587569504976,0,C,75,6
8.63071272851392,72,7.31648785527796,1.31422487323597,1,I,76,6
15.7068310647403,72,7.43631504010409,8.27051602463622,1,C,77,6
26.2136566678073,72,7.44477479718626,18.768881870621,1,I,78,6
81.9573287450947,46.8327276147456,7.57448843680322,39.2582391779424,0,C,79,6
44.2838112094045,40.5541647389526,7.61877307668328,32.9353916622693,0,I,80,6
18.7208172781516,44.8397722755091,7.65304328408092,11.0677739940707,1,C,81,6
13.197784514201,72,7.70580222364515,5.49198229055584,1,I,82,6
44.0787444513918,72,8.20637593511492,35.8723685162769,1,C,83,6
10.4772573682336,72,8.26309465337545,2.21416271485816,1,I,84,6
17.4417644138002,72,8.2640821672976,9.17768224650262,1,C,85,6
19.2744578705619,72,8.39306076988578,10.8813971006761,1,I,86,6
27.4520702260538,72,8.44334442168474,19.008725804369,1,C,87,6
119.618510859197,72,8.59753876458854,63.4024612354115,0,I,88,6
49.4719376782606,72,9.08530516549945,40.3866325127611,1,C,89,6
40.0936264560428,72,9.13333247881383,30.9602939772289,1,I,90,6
25.1022446323888,72,9.18571839574724,15.9165262366415,1,C,91,6
9.41055272486193,72,9.26811602432281,0.142436700539117,1,I,92,6
25.9898565934566,72,9.32908901944757,16.6607675740091,1,C,93,6
11.9631429380192,47.3629297245426,9.3559828447178,2.6071600933014,1,I,94,6
59.389204777218,72,9.46535456925631,49.9238502079617,1,C,95,6
125.790894330246,72,9.52035133726895,62.4796486627311,0,I,96,6
23.2623316280585,72,9.71068848855793,13.5516431395006,1,C,97,6
20.708291681232,72,9.85029274597764,10.8579989352543,1,I,98,6
38.8791134377919,72,9.88068006467074,28.9984333731211,1,C,99,6
28.4656147363404,72,9.92989735677838,18.535717379562,1,I,100,6
50.0912013454871,72,9.982676259242,40.1085250862451,1,C,101,6
42.920201322999,72,10.0688202213496,32.8513811016494,1,I,102,6
38.9309091739591,28.5929311912797,10.1359461899847,18.456985001295,0,C,103,6
21.5031057769825,72,10.1753199286759,11.3277858483066,1,I,104,6
38.9549991399745,72,10.3316176263615,28.6233815136129,1,C,105,6
31.8642097804962,72,10.3578959405422,21.506313839954,1,I,106,6
41.226086086954,62.0997657652829,10.374343469739,30.8517426172151,1,C,107,6
11.893467574121,50.3887234802579,10.537061272189,1.35640630193197,1,I,108,6
13.3455977177898,72,10.5810193531215,2.76457836466827,1,C,109,6
34.0294567839206,72,10.6964166741818,23.3330401097388,1,I,110,6
103.694270057947,72,10.7303185109049,61.2696814890951,0,C,111,6
81.4627261363673,72,10.8109356975183,61.1890643024817,0,I,112,6
25.5974997259368,72,10.8238070318475,14.7736926940893,1,C,113,6
69.6043368984839,72,10.8523605857044,58.7519763127795,1,I,114,6
73.8607653729224,72,10.9895705245435,61.0104294754565,0,C,115,6
31.5015353571089,72,11.0924743395299,20.409061017579,1,I,116,6
30.8752610818428,72,11.1435117200017,19.7317493618411,1,C,117,6
14.0770750205344,72,11.1711063282564,2.90596869227802,1,I,118,6
145.072270048704,72,11.1903597833589,60.8096402166411,0,C,119,6
57.8900049698202,72,11.3076221337542,46.582382836066,1,I,120,6
27.7997580886524,72,11.3988902885467,16.4008678001057,1,C,121,6
22.0506504416255,72,11.5974987717345,10.453151669891,1,I,122,6
45.0373902055235,60.2432249040866,11.7509701615199,33.2864200440036,1,C,123,6
12.5785882476861,72,12.0790423778817,0.499545869804376,1,I,124,6
45.6169144249826,44.0221799618802,12.1872762870044,31.8349036748759,0,C,125,6
52.5631994806824,72,12.2498278878629,40.3133715928195,1,I,126,6
29.6783157842546,24.6488946005388,12.3584794392809,12.2904151612579,0,C,127,6
13.5994028644523,46.4352047734601,12.4304143292829,1.1689885351694,1,I,128,6
100.226688691305,72,12.5697520980611,59.4302479019389,0,C,129,6
34.5229415451132,72,12.6945179281756,21.8284236169376,1,I,130,6
44.0598902834886,16.0415860299317,12.7361665153876,3.30541951454413,0,C,131,6
24.9439071309957,72,12.7390348445624,12.2048722864333,1,I,132,6
15.3757169544115,46.1959441730083,12.8267871262506,2.54892982816096,1,C,133,6
24.5167514991665,72,12.870381125249,11.6463703739176,1,I,134,6
19.2400898406087,72,13.097244319506,6.14284552110274,1,C,135,6
69.0588132738988,72,13.6740795336664,55.3847337402324,1,I,136,6
51.5982605681682,72,13.7340277992189,37.8642327689493,1,C,137,6
26.0499306121258,72,13.7496602442116,12.3002703679143,1,I,138,6
46.8954039286309,72,14.0216635353863,32.8737403932446,1,C,139,6
35.5917844173583,33.625562451323,14.0467235259712,19.5788389253518,0,I,140,6
14.281706977182,72,14.0855062147602,0.196200762421755,1,C,141,6
41.7758713501889,23.0626452912605,14.1277037188411,8.93494157241938,0,I,142,6
15.6891532058379,32.7170098691579,14.1391600202769,1.54999318556102,1,C,143,6
48.6130391220072,26.9770074887927,14.15275210049,12.8242553883027,0,I,144,6
29.7755729629004,72,14.2103809956461,15.5651919672543,1,C,145,6
47.6069844950272,72,14.2416279902682,33.365356504759,1,I,146,6
32.075270267121,72,14.2765597114339,17.7987105556871,1,C,147,6
100.329309925935,72,14.2811537487432,57.7188462512568,0,I,148,6
37.8209340348675,72,14.4278857810423,23.3930482538253,1,C,149,6
31.9006385264551,40.8991577451539,14.5959080569446,17.3047304695105,1,I,150,6
49.7508399058081,34.3670858704831,14.7424733592197,19.6246125112634,0,C,151,6
23.1491318981596,22.6082923451021,14.8798060230911,7.72848632201106,0,I,152,6
167.189759932601,20.7279479945677,15.0549220992252,5.6730258953425,0,C,153,6
70.7028423242229,72,15.0996373733506,55.6032049508723,1,I,154,6
69.9188748861925,72,15.1967115327716,54.7221633534209,1,C,155,6
60.4698374471419,72,15.3654565662146,45.1043808809273,1,I,156,6
17.0527620779107,19.4008973115883,15.4948908509687,1.55787122694199,1,C,157,6
83.2604146336343,72,15.5199536215514,56.4800463784486,0,I,158,6
33.1305140992626,72,15.5934044066817,17.5371096925809,1,C,159,6
58.3364170321817,72,15.6003981688991,42.7360188632826,1,I,160,6
41.5399309996206,72,15.8504371438175,25.689493855803,1,C,161,6
16.4278965722391,72,15.940169384703,0.487727187536062,1,I,162,6
19.6850295414104,47.9933664953225,15.9719083970413,3.71312114436911,1,C,163,6
48.5230659707011,72,16.051282742992,32.471783227709,1,I,164,6
40.3585631738885,72,16.1504558986053,24.2081072752833,1,C,165,6
177.401397478059,72,16.1779165221378,55.8220834778622,0,I,166,6
56.7107476861767,72,16.2987201008946,40.4120275852822,1,C,167,6
18.5517281156554,72,16.4391943998635,2.11253371579187,1,I,168,6
50.0406241488873,72,16.4539972599596,33.5866268889277,1,C,169,6
17.2058865808773,72,16.5041872579604,0.701699322916818,1,I,170,6
112.287313838783,43.3022903768704,16.5083802910522,26.7939100858182,0,C,171,6
19.7302647304567,72,16.5742974355817,3.15596729487503,1,I,172,6
32.3271039614844,55.8805069009997,16.5801499038935,15.746954057591,1,C,173,6
134.962616318896,72,16.6043057106435,55.3956942893565,0,I,174,6
35.7575358057595,72,16.609501359053,19.1480344467066,1,C,175,6
67.7505532666219,72,16.653054705821,51.0974985608009,1,I,176,6
34.782806640004,72,16.9535027397797,17.8293039002243,1,C,177,6
29.2853884906576,72,17.0763061428443,12.2090823478133,1,I,178,6
29.8181581404726,72,17.2705873986706,12.547570741802,1,C,179,6
106.171852434584,72,17.3349977144972,54.6650022855029,0,I,180,6
42.5328259400623,72,17.4776930082589,25.0551329318034,1,C,181,6
73.0471202147618,72,17.5152740674093,54.4847259325907,0,I,182,6
57.5888850503783,72,17.5325790653005,40.0563059850778,1,C,183,6
29.1389944424377,45.9588080367916,17.6323418319225,11.5066526105152,1,I,184,6
82.6997954578307,72,17.6409458275884,54.3590541724116,0,C,185,6
45.2651784396305,72,17.6738258544356,27.591352585195,1,I,186,6
32.9256908031982,72,17.780747548677,15.1449432545211,1,C,187,6
35.4373940217355,72,18.0803239205852,17.3570701011502,1,I,188,6
32.1853112488686,31.9867180433998,18.1816444639117,13.8050735794882,0,C,189,6
67.4155529084995,45.7026978003946,18.4036786481738,27.2990191522207,0,I,190,6
68.9828903354997,38.3005262649045,18.5920614330098,19.7084648318947,0,C,191,6
95.4739672646383,72,18.6021430324763,53.3978569675237,0,I,192,6
46.1858755966354,72,18.6345162894577,27.5513593071777,1,C,193,6
47.3628680958285,21.28850742545,18.8589465804398,2.42956084501015,0,I,194,6
52.2762303776482,72,18.8644827716053,33.4117476060429,1,C,195,6
19.0051090189796,72,18.9558077137917,0.0493013051878776,1,I,196,6
68.0066704279751,68.3835798163317,19.0277362335473,48.9789341944277,1,C,197,6
113.450037971925,72,19.0365384891629,52.9634615108371,0,I,198,6
42.97691578372,72,19.1045139776543,23.8724018060657,1,C,199,6
31.3680218501938,72,19.1515518492088,12.216470000985,1,I,200,6
37.1151180214338,72,19.175710324198,17.9394076972358,1,C,201,6
38.262809558221,72,19.2397563764825,19.0230531817385,1,I,202,6
31.3719125030326,72,19.3045571353287,12.0673553677039,1,C,203,6
51.5708306090639,72,19.4593225233257,32.1115080857382,1,I,204,6
46.3939604551806,20.1525842070208,19.5424767583609,0.610107448659971,0,C,205,6
24.2383071900319,72,19.5741829974577,4.66412419257424,1,I,206,6
53.1086136117968,25.8377505383123,19.641717444174,6.1960330941383,0,C,207,6
33.7523807626531,72,19.9464685097337,13.8059122529194,1,I,208,6
39.7922594082709,52.7489851968077,19.9633606011048,19.8288988071661,1,C,209,6
29.2440352499086,60.9758605553349,19.9683135794476,9.27572167046107,1,I,210,6
37.6009296598558,72,20.4447393491864,17.1561903106694,1,C,211,6
46.4825031065675,46.7187762386709,20.6065111001953,25.8759920063721,1,I,212,6
23.5095000448094,72,20.6150479288772,2.89445211593221,1,C,213,6
23.796604465102,72,20.7163674384356,3.08023702666641,1,I,214,6
29.9131187031859,37.3686846759113,20.815669214353,9.0974494888329,1,C,215,6
44.1831142090186,72,20.8699623355642,23.3131518734544,1,I,216,6
42.2918686975733,58.9092000144093,20.9094316000119,21.3824370975614,1,C,217,6
43.1531919903976,72,21.0494739515707,22.1037180388269,1,I,218,6
31.4476722732932,72,21.4191308151931,10.0285414581001,1,C,219,6
65.7855417688826,72,21.5409019729123,44.2446397959703,1,I,220,6
52.7917421325501,50.9686785503476,21.5579975349829,29.4106810153647,0,C,221,6
62.1431280219666,72,21.5854727709666,40.557655251,1,I,222,6
73.8951031000825,72,21.5994017897174,50.4005982102826,0,C,223,6
48.7648425526313,72,21.7486387537792,27.016203798852,1,I,224,6
27.4538052211144,72,21.8110726308078,5.6427325903066,1,C,225,6
38.3447225632929,72,21.8884847452864,16.4562378180065,1,I,226,6
37.0484218997384,72,21.8909616116434,15.1574602880949,1,C,227,6
23.2234196076106,72,21.9224047847092,1.30101482290142,1,I,228,6
23.6836428309102,72,21.9836933445185,1.6999494863917,1,C,229,6
103.135660254455,72,22.0101094292477,49.9898905707523,0,I,230,6
34.517658272721,72,22.0671051973477,12.4505530753733,1,C,231,6
33.3880739948014,72,22.0710141677409,11.3170598270605,1,I,232,6
48.5134751320987,72,22.1848921570927,26.328582975006,1,C,233,6
46.8291191504348,72,22.3307467298582,24.4983724205766,1,I,234,6
25.0922762468542,71.5533602824199,22.3937007598579,2.69857548699634,1,C,235,6
33.9348936570032,72,22.4539185874164,11.4809750695868,1,I,236,6
68.0221048028175,72,22.4778551375493,45.5442496652682,1,C,237,6
116.34850822155,72,22.5074297469109,49.4925702530891,0,I,238,6
92.5673757536335,72,22.5133214564994,49.4866785435006,0,C,239,6
23.984049445556,72,22.6170688960701,1.36698054948582,1,I,240,6
39.5879323466446,72,22.6223699329421,16.9655624137026,1,C,241,6
57.7930883880612,35.9334121085421,22.7541614603251,13.179250648217,0,I,242,6
123.810828402969,72,22.7547124167904,49.2452875832096,0,C,243,6
56.2545899493935,64.1473370180272,22.8106663282961,33.4439236210975,1,I,244,6
36.4074842857287,72,23.0940312054008,13.3134530803279,1,C,245,6
47.8848720387658,72,23.2438690261915,24.6410030125743,1,I,246,6
95.0283949547305,72,23.3634713804349,48.6365286195651,0,C,247,6
57.560675307313,72,23.3895665360615,34.1711087712515,1,I,248,6
34.7085812987416,72,23.4128833282739,11.2956979704677,1,C,249,6
73.9114209837369,41.7065605041546,23.4636899270117,18.2428705771429,0,I,250,6
51.4861572913269,72,23.5192100331187,27.9669472582082,1,C,251,6
65.3631427164635,64.2630335772941,23.5326625267044,40.7303710505897,0,I,252,6
29.1840018865406,72,23.5554890194908,5.6285128670498,1,C,253,6
27.0099235982292,67.9108206417123,23.7247661082074,3.28515749002177,1,I,254,6
43.6826127509115,72,23.745070360601,19.9375423903106,1,C,255,6
25.8043491062541,72,24.1258450085297,1.67850409772435,1,I,256,6
35.320397537413,72,24.3213039496914,10.9990935877217,1,C,257,6
46.6674576569573,72,24.5543294493109,22.1131282076464,1,I,258,6
50.7079486034839,72,24.6389724919572,26.0689761115267,1,C,259,6
56.9007002706259,43.4760038509652,24.7827760269865,18.6932278239787,0,I,260,6
50.5786215419827,72,24.8286318685859,25.7499896733968,1,C,261,6
43.4168820511922,72,24.8288591019809,18.5880229492113,1,I,262,6
28.8629140763247,72,24.8941719252616,3.96874215106312,1,C,263,6
39.0267969034527,72,25.0785084581003,13.9482884453524,1,I,264,6
97.4742488720063,72,25.1323366910219,46.8676633089781,0,C,265,6
63.9953771276901,72,25.2904866496101,38.70489047808,1,I,266,6
31.1754051222487,72,25.8260901505128,5.34931497173593,1,C,267,6
30.5716454301691,72,25.8295976137742,4.74204781639484,1,I,268,6
34.0360035153282,72,25.8769363677129,8.15906714761528,1,C,269,6
86.4210353058894,60.8933162385674,26.0919225588441,34.8013936797233,0,I,270,6
39.8568219027903,52.3195041095717,26.1116068158299,13.7452150869605,1,C,271,6
39.126065756972,72,26.2154735857621,12.9105921712099,1,I,272,6
74.8709870096307,72,26.3297026511282,45.6702973488718,0,C,273,6
30.7704248299105,72,26.4560627331957,4.31436209671478,1,I,274,6
87.2274338187027,72,26.5942318271846,45.4057681728154,0,C,275,6
34.4578158810914,72,26.7053352110088,7.75248067008261,1,I,276,6
66.2351505940862,72,26.8351857690141,39.3999648250721,1,C,277,6
77.2609752036618,72,26.8426150130108,45.1573849869892,0,I,278,6
98.6502948352774,72,26.8960604863241,45.1039395136759,0,C,279,6
36.1830283862859,72,27.0517422258854,9.13128616040053,1,I,280,6
54.9491069151341,72,27.424376453273,27.5247304618611,1,C,281,6
28.5337508344253,72,27.7350419573486,0.798708877076682,1,I,282,6
31.7510743340369,72,27.8871724102646,3.86390192377226,1,C,283,6
44.6068048434117,72,27.9256932204589,16.6811116229528,1,I,284,6
72.3174862214845,72,28.0197236593813,43.9802763406187,0,C,285,6
42.0776112245611,72,28.0443303426728,14.0332808818883,1,I,286,6
185.878518667089,72,28.0619078921154,43.9380921078846,0,C,287,6
102.851861358241,72,28.1350493989885,43.8649506010115,0,I,288,6
86.4467761767922,72,28.163507762365,43.836492237635,0,C,289,6
28.6242158961654,72,28.2561763236299,0.368039572535489,1,I,290,6
35.4185700740391,72,28.5055069159716,6.91306315806748,1,C,291,6
55.6601429944112,39.7498727539226,28.7605493562296,10.989323397693,0,I,292,6
48.2500707029762,72,28.8807963905856,19.3692743123906,1,C,293,6
87.9021016923368,72,28.9496888313442,43.0503111686558,0,I,294,6
38.322229487833,72,29.000453017652,9.32177647018101,1,C,295,6
61.7096004367304,72,29.0303888032213,32.6792116335091,1,I,296,6
35.4499143002076,72,29.0687374491245,6.38117685108318,1,C,297,6
79.533630475776,72,29.1930743912235,42.8069256087765,0,I,298,6
37.7581445182297,57.7638302144314,29.2023995099589,8.55574500827073,1,C,299,6
54.2734723719231,72,29.2402748437598,25.0331975281633,1,I,300,6
44.0637497023283,72,29.2542081233114,14.8095415790169,1,C,301,6
57.9523238529074,72,29.2699900595471,28.6823337933603,1,I,302,6
45.7005836739585,31.3920266843965,29.5813724957407,1.81065418865584,0,C,303,6
152.662204027755,72,29.7343457071111,42.2656542928889,0,I,304,6
37.2312911290693,72,29.7792105283588,7.45208060071045,1,C,305,6
31.985454988675,72,29.9160300381482,2.06942495052687,1,I,306,6
71.9499110864938,72,30.0579293584451,41.8919817280487,1,C,307,6
39.7851153066295,57.4346243534918,30.1282204175368,9.65689488909268,1,I,308,6
64.1158233282451,72,30.1608881587163,33.9549351695288,1,C,309,6
62.0937108494143,72,30.332163842395,31.7615470070193,1,I,310,6
50.8061060257582,72,30.4708546539769,20.3352513717813,1,C,311,6
31.3696751766648,63.7410425435226,31.0455819312483,0.324093245416528,1,I,312,6
55.0931720866116,72,31.0561505332589,24.0370215533527,1,C,313,6
127.934919544496,72,31.1951209651306,40.8048790348694,0,I,314,6
44.562162999718,72,31.2621193611994,13.3000436385185,1,C,315,6
70.2672187152916,72,31.2727531883866,38.994465526905,1,I,316,6
56.7891005880164,72,31.3109391136095,25.4781614744069,1,C,317,6
129.457241152912,34.0112736969329,31.4336719410494,2.57760175588352,0,I,318,6
113.122958099305,72,31.4825021568686,40.5174978431314,0,C,319,6
89.575966066211,72,31.5409642551094,40.4590357448906,0,I,320,6
37.8125478537376,72,31.5732134599239,6.23933439381375,1,C,321,6
33.166941016644,72,31.6162626771256,1.55067833951838,1,I,322,6
234.703396322233,72,31.6522723110393,40.3477276889607,0,C,323,6
42.5145365723449,72,31.7281740205362,10.7863625518086,1,I,324,6
74.8622787927344,37.8093361825006,31.7893870314583,6.01994915104231,0,C,325,6
55.9519031519627,72,31.8073902558535,24.1445128961092,1,I,326,6
44.1111782585705,62.3652736815245,31.9309800770134,12.1801981815572,1,C,327,6
97.0558336645974,72,32.1078549558297,39.8921450441703,0,I,328,6
68.9953396487099,72,32.2198876412585,36.7754520074514,1,C,329,6
36.2910369253488,72,32.2804725822061,4.0105643431427,1,I,330,6
42.0167515661902,38.1255738139412,32.2869820380583,5.8385917758829,0,C,331,6
39.6757072487526,49.4237406093457,32.3119792342186,7.36372801453403,1,I,332,6
46.1597632236109,72,32.3859274154529,13.773835808158,1,C,333,6
102.44433402871,62.9839614547066,32.4217080418021,30.5622534129046,0,I,334,6
48.4963093769835,72,32.5177707290277,15.9785386479558,1,C,335,6
89.1130526059789,72,32.5457746395841,39.4542253604159,0,I,336,6
114.280281963249,72,32.6546723674983,39.3453276325017,0,C,337,6
47.5327489011349,72,32.6580689661205,14.8746799350144,1,I,338,6
34.1129057311499,72,32.6809956366196,1.43191009453027,1,C,339,6
54.3998836894729,72,32.9949497524649,21.404933937008,1,I,340,6
36.7240094929475,72,33.0958525417373,3.62815695121019,1,C,341,6
57.4844901247408,72,33.1426598411053,24.3418302836355,1,I,342,6
33.4421396088993,72,33.2836576877162,0.158481921183147,1,C,343,6
44.1975215581695,72,33.3095018332824,10.8880197248871,1,I,344,6
52.2084607364858,72,33.4278689604253,18.7805917760606,1,C,345,6
75.6407684542495,72,33.5318474192172,38.4681525807828,0,I,346,6
169.954844465376,72,33.6773446993902,38.3226553006098,0,C,347,6
68.1823088676564,72,33.6865973286331,34.4957115390234,1,I,348,6
185.815549115443,72,33.6901906086132,38.3098093913868,0,C,349,6
55.1894040602835,72,33.7111314246431,21.4782726356404,1,I,350,6
170.301300657892,39.2180760962994,33.7803503824398,5.43772571385964,0,C,351,6
72.0348753428281,72,33.8100783526897,38.1899216473103,0,I,352,6
131.021074605584,72,33.8105355156586,38.1894644843414,0,C,353,6
43.2736337119403,72,33.8318962790072,9.44173743293307,1,I,354,6
38.1811271225657,72,33.9522102149203,4.22891690764533,1,C,355,6
36.7189902374269,72,34.0426453622058,2.6763448752211,1,I,356,6
147.033592226628,72,34.1178889945149,37.8821110054851,0,C,357,6
57.4676474590387,71.7850375262225,34.1348886257038,23.3327588333349,1,I,358,6
48.9795454146149,72,34.1461236029863,14.8334218116285,1,C,359,6
100.499100218909,72,34.2909107822925,37.7090892177075,0,I,360,6
41.3508952103993,38.5964406692249,34.3231261381879,4.27331453103694,0,C,361,6
70.3626314863736,72,34.4146199757233,35.9480115106503,1,I,362,6
42.4664387233393,49.4725409185733,34.5865100668743,7.87992865646496,1,C,363,6
45.8875649788258,72,34.7332871519029,11.1542778269229,1,I,364,6
56.7753924496397,72,34.8581587197259,21.9172337299138,1,C,365,6
58.5619916683665,36.5150412348426,35.1173478551209,1.39769337972167,0,I,366,6
57.3470692412064,72,35.3032788354903,22.043790405716,1,C,367,6
67.988415926996,72,35.3562429361045,32.6321729908915,1,I,368,6
36.0759892834332,72,35.3673386480659,0.708650635367269,1,C,369,6
113.451433843709,72,35.7446693256497,36.2553306743503,0,I,370,6
48.272373007579,58.66728712368,36.1082594934851,12.1641135140939,1,C,371,6
141.214521458799,46.4682925578713,36.2763056717813,10.19198688609,0,I,372,6
65.902630979174,72,36.4929323131219,29.4096986660521,1,C,373,6
101.835979833516,72,36.710469215177,35.289530784823,0,I,374,6
46.4670241780948,72,36.768245017156,9.69877916093883,1,C,375,6
58.869496273459,72,36.8584275897592,22.0110686836998,1,I,376,6
45.250251118358,58.7153540254446,36.9025488803163,8.34770223804166,1,C,377,6
53.5078550157301,72,37.4176451889798,16.0902098267503,1,I,378,6
44.7259455584269,72,37.5433400971815,7.18260546124541,1,C,379,6
132.280220283677,72,37.7485017897561,34.2514982102439,0,I,380,6
47.5661021143682,72,37.8374846465886,9.72861746777958,1,C,381,6
49.6764036760795,72,37.9059342015535,11.7704694745261,1,I,382,6
119.413088402051,72,37.9557577287778,34.0442422712222,0,C,383,6
56.7609221588321,72,37.9680201597512,18.7929019990809,1,I,384,6
93.3038308551489,72,38.2326992880553,33.7673007119447,0,C,385,6
48.5902453074663,72,38.4423135593534,10.1479317481129,1,I,386,6
41.6979019666027,72,38.4503786824644,3.24752328413835,1,C,387,6
42.0097573677552,51.0649279652222,38.5521689197049,3.4575884480503,1,I,388,6
65.4508737198703,42.5969512796342,38.6457637371495,3.95118754248461,0,C,389,6
45.9498573403357,72,38.6809195484966,7.26893779183911,1,I,390,6
45.2918974329016,72,38.7927320133895,6.49916541951215,1,C,391,6
43.9404284946797,72,38.918879404664,5.02154909001564,1,I,392,6
46.2835426629097,72,38.9385054493323,7.34503721357741,1,C,393,6
41.1206745082099,72,38.9946056809276,2.12606882728228,1,I,394,6
56.3422408732967,72,39.0190314827487,17.323209390548,1,C,395,6
73.003236302762,69.9644980528734,39.1761738527566,30.7883242001168,0,I,396,6
61.3688511618066,72,39.393485407345,21.9753657544616,1,C,397,6
72.0767218225079,72,39.4206362357363,32.5793637642637,0,I,398,6
44.2142022571214,72,39.4799375161529,4.73426474096851,1,C,399,6
44.5216712083827,72,39.5958865620196,4.92578464636311,1,I,400,6
76.3233894913332,59.6611744781595,39.6590696135536,20.0021048646059,0,C,401,6
65.6575452773489,72,39.6857865527272,25.9717587246217,1,I,402,6
44.4719199568918,72,39.726548739709,4.74537121718289,1,C,403,6
54.6421899670064,72,39.8774701729417,14.7647197940647,1,I,404,6
178.304577197857,72,40.287358649075,31.712641350925,0,C,405,6
68.821261821106,72,40.4090292798355,28.4122325412705,1,I,406,6
133.441024390185,72,40.5336601333693,31.4663398666307,0,C,407,6
63.8980412531043,72,40.6620232947171,23.2360179583872,1,I,408,6
105.373476575265,72,40.767078269273,31.232921730727,0,C,409,6
51.4574400343319,41.616507135341,40.9403723990545,0.676134736286578,0,I,410,6
44.95448214282,72,40.9609720576555,3.99351008516459,1,C,411,6
73.4636156496314,72,41.0373282199726,30.9626717800275,0,I,412,6
44.2991130144576,72,41.3932267762721,2.90588623818549,1,C,413,6
121.193074551151,72,41.4049602812156,30.5950397187844,0,I,414,6
57.9211613477647,72,41.4782747626305,16.4428865851343,1,C,415,6
79.7652227538565,44.6534547734549,41.5129328984767,3.14052187497813,0,I,416,6
41.5823664630738,72,41.5709079382941,0.0114585247796411,1,C,417,6
118.776142162699,72,41.7452636361122,30.2547363638878,0,I,418,6
49.1875108391894,72,41.7835702886805,7.40394055050887,1,C,419,6
157.123716025711,72,41.9135452760384,30.0864547239617,0,I,420,6
45.3627810311496,72,41.9261740660295,3.43660696512007,1,C,421,6
67.3691111949949,72,42.1216424787417,25.2474687162532,1,I,422,6
50.631875548965,72,42.2237551957369,8.40812035322812,1,C,423,6
61.6624835981534,72,42.2923996858299,19.3700839123235,1,I,424,6
59.4598823020385,72,42.369736880064,17.0901454219745,1,C,425,6
55.1559947361929,72,42.3962827865034,12.7597119496895,1,I,426,6
59.1712397041748,72,42.452357984148,16.7188817200268,1,C,427,6
127.79014187252,65.566753656163,42.4788477318361,23.0879059243269,0,I,428,6
66.1147466939696,72,42.7599233016372,23.3548233923324,1,C,429,6
58.5317910203412,72,42.842051256448,15.6897397638932,1,I,430,6
71.3888852904208,72,43.0000712256879,28.3888140647329,1,C,431,6
101.047046210631,62.0997806234698,43.0205917311832,19.0791888922866,0,I,432,6
133.21669191807,72,43.0791621375829,28.9208378624171,0,C,433,6
53.5397814957488,72,43.1681915419176,10.3715899538311,1,I,434,6
58.2760539339872,72,43.3716922067106,14.9043617272766,1,C,435,6
87.3546844248156,72,43.4266618452966,28.5733381547034,0,I,436,6
63.4875309157002,72,43.4344044467434,20.0531264689568,1,C,437,6
47.9978969628931,72,43.4804281778634,4.51746878502972,1,I,438,6
68.1170304238039,72,43.4807606739923,24.6362697498116,1,C,439,6
88.4254685718569,72,43.5543841822073,28.4456158177927,0,I,440,6
79.2682194876207,72,43.6087801214308,28.3912198785692,0,C,441,6
115.051621724574,72,43.7131479475647,28.2868520524353,0,I,442,6
68.0657916207335,72,43.7186670396477,24.3471245810858,1,C,443,6
72.6936240246193,72,43.7648346740752,28.2351653259248,0,I,444,6
134.486783775825,72,43.8127863407135,28.1872136592865,0,C,445,6
87.2773616443734,72,43.8905006088316,28.1094993911684,0,I,446,6
147.227661837803,72,44.0933010634035,27.9066989365965,0,C,447,6
64.6460999025253,72,44.30252938997,20.3435705125553,1,I,448,6
47.5549294637106,72,44.3528702761978,3.20205918751283,1,C,449,6
47.0055032417117,72,44.4126090081409,2.59289423357088,1,I,450,6
48.1568525222408,72,44.4433091813698,3.71354334087091,1,C,451,6
123.661203731827,72,44.6089529804885,27.3910470195115,0,I,452,6
138.269597765806,72,44.6314938878641,27.368506112136,0,C,453,6
74.7208785901137,72,44.7363873291761,27.2636126708239,0,I,454,6
93.0449154116037,72,44.8819469986483,27.1180530013517,0,C,455,6
45.1981098102763,72,44.8970634536818,0.301046356594561,1,I,456,6
70.6079578336233,72,45.0639753928408,25.5439824407825,1,C,457,6
59.3415373836272,72,45.1721903728321,14.1693470107951,1,I,458,6
45.6501326891115,72,45.2515482483432,0.398584440768315,1,C,459,6
46.5141552768501,72,45.2544700540602,1.25968522278985,1,I,460,6
49.9133601573988,62.0879009175989,45.4654132761061,4.44794688129263,1,C,461,6
84.1854188779515,72,45.8732274547219,26.1267725452781,0,I,462,6
48.1247607772532,72,45.9042725572363,2.22048822001692,1,C,463,6
151.654361978841,72,46.0440736217424,25.9559263782576,0,I,464,6
49.8366641369668,46.7175527163976,46.3330305553973,0.384522161000362,0,C,465,6
53.9037986876258,72,46.3732345495373,7.53056413808848,1,I,466,6
52.7083997062075,72,46.6156646423042,6.09273506390334,1,C,467,6
102.324043574365,72,46.8167811445892,25.1832188554108,0,I,468,6
73.6615034499046,58.6654459234098,46.8188056536019,11.8466402698079,0,C,469,6
119.425482713613,72,46.8687893310562,25.1312106689438,0,I,470,6
109.084695488032,72,46.8688208051026,25.1311791948974,0,C,471,6
99.4961767854406,72,47.0584964565933,24.9415035434067,0,I,472,6
220.798842039459,72,47.1236194577068,24.8763805422932,0,C,473,6
57.4763408062389,72,47.1415102109313,10.3348305953076,1,I,474,6
83.7265403628802,72,47.160591292195,24.839408707805,0,C,475,6
69.8307501633248,72,47.272440274246,22.5583098890788,1,I,476,6
147.438148548471,72,47.5104595720768,24.4895404279232,0,C,477,6
56.1158079641817,72,47.5331270322204,8.5826809319613,1,I,478,6
98.5230711268123,72,47.6302632177249,24.3697367822751,0,C,479,6
64.3958968304056,72,47.699613282457,16.6962835479486,1,I,480,6
55.8514798929786,71.31914770696,47.8902041818947,7.96127571108393,1,C,481,6
88.2145330725881,72,47.8946574870497,24.1053425129503,0,I,482,6
67.0345793391615,72,47.9498533252627,19.0847260138988,1,C,483,6
109.676420359281,72,47.9536302387714,24.0463697612286,0,I,484,6
53.8975831539356,72,48.3381910482422,5.55939210569346,1,C,485,6
102.820375999842,72,48.5829218337312,23.4170781662688,0,I,486,6
141.527448507168,72,48.632677718997,23.367322281003,0,C,487,6
74.935097996329,72,48.7002140516415,23.2997859483585,0,I,488,6
107.105605720511,72,48.7420137226582,23.2579862773418,0,C,489,6
147.211848334293,72,48.7752760201693,23.2247239798307,0,I,490,6
93.8723451542039,72,48.8417475577444,23.1582524422556,0,C,491,6
74.5355948048644,72,48.8508203113452,23.1491796886548,0,I,492,6
54.0706591572255,72,48.8840706227347,5.18658853449076,1,C,493,6
72.6876136197493,72,48.9289189316332,23.0710810683668,0,I,494,6
55.9841548492639,59.6051671234856,49.0136444661766,6.97051038308723,1,C,495,6
49.3898232583303,72,49.1369782481343,0.252845010196029,1,I,496,6
74.6127998447936,72,49.2075083451346,22.7924916548654,0,C,497,6
58.944726501524,72,49.2164043802768,9.7283221212472,1,I,498,6
97.4175025791749,72,49.3825494870544,22.6174505129457,0,C,499,6
75.5652824001488,72,49.4602252822369,22.5397747177631,0,I,500,6
83.7128434711362,50.1399041294742,49.5110489800572,0.628855149416957,0,C,501,6
85.1967063980263,72,49.5819081785157,22.4180918214843,0,I,502,6
61.7242864800324,72,49.5877470541745,12.1365394258579,1,C,503,6
63.2820236539052,72,49.6957392990589,13.5862843548463,1,I,504,6
50.3556065817618,72,49.920868864283,0.434737717478821,1,C,505,6
56.4760530046275,72,50.0212527718395,6.45480023278797,1,I,506,6
50.382047863226,72,50.0240861065686,0.35796175665744,1,C,507,6
60.446333954906,72,50.1601377781481,10.2861961767579,1,I,508,6
96.2828316738556,72,50.19790828228,21.80209171772,0,C,509,6
80.6393479657129,72,50.240618227981,21.759381772019,0,I,510,6
55.0143743774477,72,50.3348270477727,4.67954732967503,1,C,511,6
118.232926355414,72,50.5106063000858,21.4893936999142,0,I,512,6
51.4668480268488,72,50.5420687654987,0.924779261350061,1,C,513,6
50.6276408836696,72,50.5738440714777,0.0537968121919055,1,I,514,6
101.804316140881,72,50.9283881960437,21.0716118039563,0,C,515,6
92.0089195586116,72,50.9432543255389,21.0567456744611,0,I,516,6
51.3627290611718,72,51.058404436335,0.304324624836798,1,C,517,6
60.1728496909225,72,51.2435069913045,8.92934269961806,1,I,518,6
166.294524185706,72,51.3504650909454,20.6495349090546,0,C,519,6
122.09891477618,72,51.6014579264447,20.3985420735553,0,I,520,6
58.00349277965,72,51.6275557642803,6.37593701536976,1,C,521,6
108.560355141924,72,51.8658991204575,20.1341008795425,0,I,522,6
93.7247260807519,72,52.0694539183751,19.9305460816249,0,C,523,6
54.3338214573181,72,52.1398491365835,2.19397232073463,1,I,524,6
119.061866846635,72,52.2181263193488,19.7818736806512,0,C,525,6
55.1398557149765,72,52.4810775043443,2.65877821063218,1,I,526,6
59.8458221867796,72,52.6170371007174,7.22878508606219,1,C,527,6
75.648574897875,72,52.7337742131203,19.2662257868797,0,I,528,6
62.8423232703678,72,52.8002016060054,10.0421216643624,1,C,529,6
70.0076096337717,58.7535754879872,52.8285475261509,5.92502796183621,0,I,530,6
67.7136167701822,72,52.8906009206548,14.8230158495273,1,C,531,6
72.9594907288322,72,52.943198424764,19.056801575236,0,I,532,6
86.9016900055565,72,53.0919804191217,18.9080195808783,0,C,533,6
112.587052074922,72,53.5665909480304,18.4334090519697,0,I,534,6
127.473503625551,72,53.5748225916177,18.4251774083823,0,C,535,6
82.0925403451976,72,53.6773988977075,18.3226011022925,0,I,536,6
98.3713417820463,72,53.6813798826188,18.3186201173812,0,C,537,6
79.311810737543,72,53.7086823536083,18.2913176463917,0,I,538,6
75.8244026957607,72,53.7350775115192,18.2649224884808,0,C,539,6
74.0878671353681,72,53.7435051519424,18.2564948480576,0,I,540,6
60.2771841720958,72,53.7594285886735,6.51775558342233,1,C,541,6
62.7024501966143,72,53.8546058675274,8.84784432908688,1,I,542,6
72.3622738017384,72,53.9264447009191,18.0735552990809,0,C,543,6
55.133116282444,72,54.1732020210475,0.959914261396509,1,I,544,6
102.790306336679,72,54.19468796812,17.80531203188,0,C,545,6
71.3893445124115,72,54.2797225434333,17.1096219689782,1,I,546,6
71.2707782963724,72,54.3093038862571,16.9614744101153,1,C,547,6
54.3543526417716,72,54.3352883169428,0.0190643248288378,1,I,548,6
58.5725741483656,62.7007900756291,54.3831276800484,4.18944646831729,1,C,549,6
77.313385297833,72,54.5067446585745,17.4932553414255,0,I,550,6
64.0919994422154,72,54.5967301446945,9.49526929752096,1,C,551,6
146.122772255198,72,54.6375885140151,17.3624114859849,0,I,552,6
70.7261207280686,72,54.6398071898148,16.0863135382538,1,C,553,6
57.7656311479615,72,54.7940267482773,2.97160439968427,1,I,554,6
77.1850096954346,72,54.8074539843947,17.1925460156053,0,C,555,6
81.1944873067916,72,54.832908064127,17.167091935873,0,I,556,6
112.307426021571,72,54.9378151260316,17.0621848739684,0,C,557,6
103.273035415909,72,55.0014048535377,16.9985951464623,0,I,558,6
100.926766537348,72,55.0387047138065,16.9612952861935,0,C,559,6
64.2187169492449,72,55.0720629561693,9.14665399307562,1,I,560,6
127.57737802749,72,55.2948755817488,16.7051244182512,0,C,561,6
69.7651018652305,72,55.3731427760795,14.391959089151,1,I,562,6
64.7850327958994,72,55.5502458801493,9.23478691575009,1,C,563,6
55.6963782686987,72,55.6828471412882,0.0135311274104607,1,I,564,6
178.466962741199,66.9452564950375,55.8189083542675,11.12634814077,0,C,565,6
60.6627793529198,72,55.9562788903713,4.70650046254848,1,I,566,6
73.8766848816187,72,55.9765830589458,16.0234169410542,0,C,567,6
102.105320397205,72,56.2239044671878,15.7760955328122,0,I,568,6
59.5404029760725,72,56.617901371792,2.92250160428049,1,C,569,6
94.778540425007,72,56.6339385649189,15.3660614350811,0,I,570,6
60.3889834251148,72,56.9641271419823,3.42485628313251,1,C,571,6
84.4027010535633,72,57.022665347904,14.977334652096,0,I,572,6
115.081662457465,72,57.1000873250887,14.8999126749113,0,C,573,6
118.220731137364,72,57.2752038622275,14.7247961377725,0,I,574,6
78.6835267046469,72,57.3654403863475,14.6345596136525,0,C,575,6
108.088594383533,72,57.7809263812378,14.2190736187622,0,I,576,6
164.541513408364,72,57.7960157068446,14.2039842931554,0,C,577,6
67.5937373012509,72,57.8844228945673,9.70931440668364,1,I,578,6
71.9711466481179,72,57.8988463059068,14.0723003422111,1,C,579,6
67.4690093544657,72,57.9154255567119,9.55358379775383,1,I,580,6
88.6744822747249,72,58.0407206481323,13.9592793518677,0,C,581,6
73.4701152999336,72,58.188733602874,13.811266397126,0,I,582,6
75.6519840162809,72,58.3546825032681,13.6453174967319,0,C,583,6
125.891464711893,72,58.4795929212123,13.5204070787877,0,I,584,6
99.7735345678373,72,58.8835792383179,13.1164207616821,0,C,585,6
111.445607792233,72,58.9128914102912,13.0871085897088,0,I,586,6
97.2259426847371,72,58.973169378005,13.026830621995,0,C,587,6
248.466995415655,72,59.1191400540993,12.8808599459007,0,I,588,6
91.7338887413397,72,59.1972880996764,12.8027119003236,0,C,589,6
62.1639878861237,72,59.2034764308482,2.96051145527548,1,I,590,6
132.196890784237,72,59.2293087160215,12.7706912839785,0,C,591,6
81.9694305500761,72,59.3265920877457,12.6734079122543,0,I,592,6
106.638021702394,72,59.4255124451593,12.5744875548407,0,C,593,6
77.0818752528706,72,59.5231221383438,12.4768778616562,0,I,594,6
65.6809337246664,72,59.6362242707983,6.04470945386809,1,C,595,6
68.5944568974314,72,59.7644582530484,8.829998644383,1,I,596,6
89.4304257907312,72,59.8550223978236,12.1449776021764,0,C,597,6
74.6330870420098,72,59.9335364392027,12.0664635607973,0,I,598,6
67.6451465226836,72,59.9668720224872,7.67827450019635,1,C,599,6
86.6232266597894,72,59.9908224167302,12.0091775832698,0,I,600,6
0.456195896182588,72,0.21193855907768,0.244257337104907,1,C,1,7
2.73701709385063,72,0.225731902755797,2.51128519109483,1,I,2,7
21.0931415587448,34.8258666641253,0.228652856312692,20.8644887024321,1,C,3,7
2.29188131631155,35.8644392603045,0.509993070736527,1.78188824557502,1,I,4,7
13.4921596133975,72,0.643515922129154,12.8486436912684,1,C,5,7
7.61673050580465,56.1536381449433,0.823991359211505,6.79273914659314,1,I,6,7
7.27796206153305,72,0.937130469828844,6.3408315917042,1,C,7,7
89.4351911574165,44.0703568821764,0.945698521099985,43.1246583610764,0,I,8,7
21.9994626709013,72,1.08300028368831,20.916462387213,1,C,9,7
16.6488157689656,72,1.29233635962009,15.3564794093455,1,I,10,7
2.48178446896619,72,1.40910997521132,1.07267449375487,1,C,11,7
69.8766564188197,20.9162556504934,1.41100837849081,19.5052472720026,0,I,12,7
4.68544370447611,72,1.51744139380753,3.16800231066858,1,C,13,7
30.6566121304182,72,1.65580478031188,29.0008073501063,1,I,14,7
9.07921834802297,47.5149189482638,1.68087382335216,7.39834452467081,1,C,15,7
63.9063343449162,62.1488838879664,1.71608414500952,60.4327997429569,0,I,16,7
92.6606081396534,72,1.79907591082156,70.2009240891784,0,C,17,7
14.9856581024264,32.2255730544199,1.87190918717533,13.113748915251,1,I,18,7
37.3573490008417,72,1.91005503293127,35.4472939679104,1,C,19,7
4.82620422687126,72,1.93296127952635,2.8932429473449,1,I,20,7
59.4340679978696,72,2.0914410520345,57.3426269458351,1,C,21,7
4.42595147941327,72,2.09322335198522,2.33272812742806,1,I,22,7
23.3050476094553,72,2.14151356369257,21.1635340457628,1,C,23,7
7.82766268177546,72,2.21631035674363,5.61135232503182,1,I,24,7
10.0294099157654,72,2.37269361969084,7.65671629607456,1,C,25,7
5.13057623839651,72,2.451430731453,2.67914550694351,1,I,26,7
18.3538356161945,45.6364499605278,2.84963530953974,15.5042003066548,1,C,27,7
6.89630283955471,72,2.88819534704089,4.00810749251381,1,I,28,7
48.8344818597814,13.5201586987317,2.99211295321584,10.5280457455159,0,C,29,7
28.714400681964,72,3.23419023770839,25.4802104442556,1,I,30,7
7.43696700877932,72,3.24334221426398,4.19362479451534,1,C,31,7
33.5662154491712,65.3383561422608,3.24915041215718,30.3170650370141,1,I,32,7
35.826146941193,72,3.32213129382581,32.5040156473672,1,C,33,7
32.4398050712099,72,3.3731676125899,29.06663745862,1,I,34,7
96.7991413178429,72,3.48375581670553,68.5162441832945,0,C,35,7
75.4110415264143,72,3.84641977027059,68.1535802297294,0,I,36,7
205.86780321858,72,3.87076127808541,68.1292387219146,0,C,37,7
77.5607170350389,72,4.00856492109597,67.991435078904,0,I,38,7
7.25022673188005,72,4.02604127302766,3.22418545885239,1,C,39,7
17.7382211311822,72,4.35477195773274,13.3834491734494,1,I,40,7
7.99150643826703,65.8565822267473,4.35841372702271,3.63309271124433,1,C,41,7
13.2801001493173,72,4.41914023831487,8.86095991100248,1,I,42,7
8.46188863076021,72,4.52796384226531,3.9339247884949,1,C,43,7
30.6681410943995,72,4.56457797903568,26.1035631153638,1,I,44,7
30.9577051415352,72,4.7773295128718,26.1803756286634,1,C,45,7
68.8807788447881,72,5.00668697990477,63.8740918648833,1,I,46,7
15.4853373408953,25.3399497195253,5.02657416276634,10.4587631781289,1,C,47,7
5.65596512402863,72,5.04451523534954,0.611449888679092,1,I,48,7
101.454170475019,72,5.20145400892943,66.7985459910706,0,C,49,7
42.0546409534562,37.3175750136848,5.35478614736348,31.9627888663214,0,I,50,7
17.4462608375019,65.5229732872981,5.38490122184157,12.0613596156603,1,C,51,7
23.7217089773603,72,5.48922550398856,18.2324834733718,1,I,52,7
29.9387002122287,72,5.55090228561312,24.3877979266156,1,C,53,7
51.7196730863346,72,5.72644846513867,45.993224621196,1,I,54,7
50.8027835250896,24.8885263076075,5.98541087005287,18.9031154375546,0,C,55,7
55.500341352408,72,6.00754726678133,49.4927940856267,1,I,56,7
32.5570136970659,72,6.04917672928423,26.5078369677817,1,C,57,7
12.0351640619146,72,6.07754377182573,5.95762029008883,1,I,58,7
92.8312579140545,72,6.10512376762927,65.8948762323707,0,C,59,7
35.8944604509078,66.9123342779548,6.51976738125086,29.3746930696569,1,I,60,7
10.3089151943704,44.8752434187549,6.60011064726859,3.70880454710184,1,C,61,7
43.8492063424829,72,6.9923107791692,36.8568955633137,1,I,62,7
34.152305542822,71.6492019081129,7.22975632175803,26.9225492210639,1,C,63,7
33.4061397030042,72,7.25521547254175,26.1509242304625,1,I,64,7
43.230739722527,72,7.48785572592169,35.7428839966054,1,C,65,7
47.4078552705219,72,7.58499297313392,39.822862297388,1,I,66,7
8.33893677389572,72,7.59505630005151,0.74388047384421,1,C,67,7
22.3550001551817,72,7.68149191047996,14.6735082447017,1,I,68,7
58.6174934196103,72,7.77940702624619,50.8380863933641,1,C,69,7
69.5218064216104,72,7.80629967804998,61.7155067435604,1,I,70,7
9.05094599824404,72,7.82895332202315,1.22199267622088,1,C,71,7
25.9426609830162,72,7.89644939359278,18.0462115894234,1,I,72,7
9.63473222435646,72,7.95277178753167,1.68196043682479,1,C,73,7
13.2461892502519,72,7.99418586306274,5.25200338718919,1,I,74,7
42.230370920475,72,8.13103146851063,34.0993394519644,1,C,75,7
13.3958766366821,72,8.15699877217412,5.23887786450802,1,I,76,7
43.0741734419774,72,8.28159715980291,34.7925762821745,1,C,77,7
50.5685871594035,72,8.28877223655582,42.2798149228476,1,I,78,7
59.7436407743151,72,8.29018999356777,51.4534507807473,1,C,79,7
42.9911034855022,72,8.43370446469635,34.5573990208059,1,I,80,7
124.769846104965,72,8.60779025126249,63.3922097487375,0,C,81,7
63.156392913986,72,8.71441867668182,54.4419742373042,1,I,82,7
49.3960459197854,62.1683574992709,8.83953425567597,40.5565116641094,1,C,83,7
51.5068393830958,72,8.86626442428678,42.640574958809,1,I,84,7
49.5465874272797,72,9.00373523589224,40.5428521913874,1,C,85,7
36.7957742041441,72,9.09100967925042,27.7047645248937,1,I,86,7
50.250668822197,36.6875716573478,9.14408018812537,27.5434914692225,0,C,87,7
69.8614692558724,72,9.47269775904715,60.3887714968253,1,I,88,7
74.8239105334117,72,9.60931815672666,62.3906818432733,0,C,89,7
54.7728111807169,72,9.73397030029446,45.0388408804225,1,I,90,7
16.4425067519276,72,9.75636932998896,6.68613742193866,1,C,91,7
19.4042637428527,72,9.77630083914846,9.62796290370426,1,I,92,7
11.75314920695,72,9.85665620304644,1.89649300390357,1,C,93,7
24.0546066679092,72,9.86470104195178,14.1899056259574,1,I,94,7
71.327668157853,72,9.92806829977781,61.3995998580752,1,C,95,7
55.8376901397448,72,9.97914932202548,45.8585408177194,1,I,96,7
50.7508856389809,72,9.98288825154305,40.7679973874378,1,C,97,7
35.3770872757854,72,10.1156574022025,25.2614298735829,1,I,98,7
28.2230259885951,72,10.2224163757637,18.0006096128314,1,C,99,7
46.3177779182309,72,10.2934490935877,36.0243288246432,1,I,100,7
20.7345549765039,72,10.4184816777706,10.3160732987333,1,C,101,7
171.131469913089,72,10.4523652000353,61.5476347999647,0,I,102,7
34.3176235061946,72,10.5550780752674,23.7625454309272,1,C,103,7
24.8280884543802,72,10.5575920734555,14.2704963809248,1,I,104,7
48.6678994778485,26.0672660052138,10.6088072480634,15.4584587571504,0,C,105,7
36.1481680752284,72,10.678801741451,25.4693663337774,1,I,106,7
80.9109722060535,72,10.7419243315235,61.2580756684765,0,C,107,7
18.5135955987846,72,10.8409144263715,7.67268117241315,1,I,108,7
31.6539111931787,72,10.8763327309862,20.7775784621925,1,C,109,7
25.9914356005464,72,10.9008063655347,15.0906292350117,1,I,110,7
52.3549601328215,16.1031506975015,10.9423003345728,5.16085036292874,0,C,111,7
16.1502218787439,72,11.0216405801475,5.12858129859641,1,I,112,7
16.1824478672675,72,11.0737380478531,5.10870981941435,1,C,113,7
151.775291198258,72,11.4347637165338,60.5652362834662,0,I,114,7
15.808381338611,72,11.4662860985845,4.34209524002644,1,C,115,7
13.0606603893047,72,11.499052438885,1.5616079504197,1,I,116,7
27.6358807205544,72,11.6584091400728,15.9774715804816,1,C,117,7
35.5576939102141,72,11.9646154437214,23.5930784664926,1,I,118,7
14.3646272104635,14.3905831033379,12.1432141587138,2.22141305174964,1,C,119,7
36.9197046252692,47.5945980898341,12.1929201018065,24.7267845234627,1,I,120,7
28.5353861591774,46.4453112766768,12.2260906873271,16.3092954718503,1,C,121,7
23.3400639712741,72,12.4635013891384,10.8765625821357,1,I,122,7
79.7340878056074,72,12.6402475079522,59.3597524920479,0,C,123,7
31.4211877688087,72,12.650623396039,18.7705643727697,1,I,124,7
38.6603243771327,72,12.7142521413043,25.9460722358284,1,C,125,7
42.5801393387012,72,12.7180717326701,29.8620676060312,1,I,126,7
14.7989364499217,72,12.7879096800461,2.01102676987554,1,C,127,7
84.8396837188655,72,12.867957148701,59.1320428512991,0,I,128,7
32.4353010364841,27.2081979675356,13.0750907678157,14.1331071997199,0,C,129,7
23.5724939448002,72,13.0816642614082,10.4908296833921,1,I,130,7
32.7761432640428,72,13.0873242253438,19.688819038699,1,C,131,7
18.7203507193986,72,13.0899426760152,5.63040804338335,1,I,132,7
23.0136031443697,61.710846942598,13.096859366633,9.91674377773666,1,C,133,7
36.634758764254,72,13.1544230505824,23.4803357136716,1,I,134,7
165.114033973955,72,13.1598274921998,58.8401725078002,0,C,135,7
23.8655258398905,72,13.2971815997735,10.568344240117,1,I,136,7
59.2069126497185,50.6831141492389,13.3302682964131,37.3528458528258,0,C,137,7
27.1325483368126,72,13.473698515445,13.6588498213676,1,I,138,7
142.856810444455,40.7544840698642,13.6052327882499,27.1492512816143,0,C,139,7
15.6050243971506,72,13.6162068787962,1.98881751835441,1,I,140,7
41.4722664099592,72,13.6254198616371,27.8468465483222,1,C,141,7
53.0231544687694,72,13.64441444166,39.3787400271094,1,I,142,7
19.2194016531262,31.2836998891126,13.7387490039691,5.4806526491571,1,C,143,7
33.4660318625431,72,13.8310823589563,19.6349495035867,1,I,144,7
73.8542758992514,42.913593614842,13.849866958335,29.0637266565069,0,C,145,7
103.09338119501,72,14.0402764733881,57.9597235266119,0,I,146,7
59.5675412670001,72,14.062970476225,45.5045707907751,1,C,147,7
59.6060928926736,24.1421751704746,14.0699587762356,10.072216394239,0,I,148,7
82.486811717354,24.5042758408357,14.1168187558651,10.3874570849706,0,C,149,7
34.6292337171187,72,14.1643947456032,20.4648389715155,1,I,150,7
61.984043601074,72,14.2151846922934,47.7688589087806,1,C,151,7
16.446361752904,72,14.4053423870355,2.04101936586855,1,I,152,7
41.959166489391,72,14.463659520261,27.49550696913,1,C,153,7
21.3648706206318,72,14.6463962411508,6.71847437948102,1,I,154,7
16.979882741414,72,14.7643307503313,2.2155519910827,1,C,155,7
22.5110224853937,34.8226711972143,14.7960163000971,7.71500618529658,1,I,156,7
15.4709490195903,14.9516153481636,14.8976879892871,0.0539273588765195,0,C,157,7
62.7832965464567,72,14.9620328424498,47.8212637040069,1,I,158,7
27.8909136728939,72,14.9621173320338,12.92879634086,1,C,159,7
22.0919134720576,72,15.0849085813388,7.00700489071878,1,I,160,7
89.3023653201966,72,15.1286894269288,56.8713105730712,0,C,161,7
23.4060595315398,72,15.1383773284033,8.26768220313647,1,I,162,7
135.190802798113,69.212274955941,15.1475802250206,54.0646947309203,0,C,163,7
16.9177710863027,72,15.2194364229217,1.698334663381,1,I,164,7
23.2637038338663,72,15.2692149812356,7.99448885263072,1,C,165,7
148.999782973775,72,15.4125184100121,56.5874815899879,0,I,166,7
19.3488449601561,72,15.5028176726773,3.84602728747878,1,C,167,7
134.641262688862,72,15.5671443650499,56.4328556349501,0,I,168,7
21.2033993010574,72,15.6440369971097,5.55936230394778,1,C,169,7
58.268370088828,72,15.6970991240814,42.5712709647466,1,I,170,7
65.2188196027605,72,15.7412304729223,49.4775891298382,1,C,171,7
122.131545199108,72,15.7503127958626,56.2496872041375,0,I,172,7
21.5355574669215,48.7423595474317,15.7620156928897,5.77354177403178,1,C,173,7
44.090781501408,72,15.9695457341149,28.121235767293,1,I,174,7
25.4953229564858,72,16.1547376820818,9.34058527440403,1,C,175,7
23.0421306265686,72,16.3130669435486,6.72906368301996,1,I,176,7
112.56537258554,60.2999698636239,16.4545358810574,43.8454339825665,0,C,177,7
54.5334891207872,72,16.5373652614653,37.9961238593218,1,I,178,7
32.0136334979927,72,16.6354127693921,15.3782207286006,1,C,179,7
21.0551370014688,72,16.7069813422859,4.3481556591829,1,I,180,7
30.2130054338891,72,16.7868775874376,13.4261278464515,1,C,181,7
18.9919945573363,72,16.904917624779,2.08707693255727,1,I,182,7
42.5710357428346,72,16.9647148344666,25.606320908368,1,C,183,7
62.6412937064419,72,17.1343839308247,45.5069097756172,1,I,184,7
61.2720538518027,72,17.1427534008399,44.1293004509628,1,C,185,7
24.978798541624,72,17.2826046170667,7.69619392455731,1,I,186,7
26.2904067834169,41.5320625318246,17.5621109828353,8.72829580058162,1,C,187,7
37.0370999398844,72,17.6481118518859,19.3889880879984,1,I,188,7
78.3159763675816,48.2936931804047,17.6597076701,30.6339855103046,0,C,189,7
48.0163119939754,72,17.7080571558326,30.3082548381427,1,I,190,7
58.7207966845892,24.8364700343597,17.8568004397675,6.97966959459215,0,C,191,7
52.6473109083163,72,18.138075680472,34.5092352278444,1,I,192,7
24.271748312725,72,18.3015282545239,5.9702200582011,1,C,193,7
36.5003140609971,72,18.3152786688879,18.1850353921091,1,I,194,7
83.7464979415132,72,18.426908031106,53.573091968894,0,C,195,7
23.7680369900135,72,18.4606677107513,5.30736927926221,1,I,196,7
34.1086317955541,72,18.5396721633151,15.568959632239,1,C,197,7
21.3984627624283,72,18.6662953672931,2.73216739513523,1,I,198,7
76.1262489605954,72,18.7402842985466,53.2597157014534,0,C,199,7
74.8443219985578,36.0672392443076,18.907909328118,17.1593299161896,0,I,200,7
39.5973663257849,72,19.3767557898536,20.2206105359312,1,C,201,7
67.0260134662296,72,19.5589113654569,47.4671021007727,1,I,202,7
92.7919771625686,72,19.58097551018,52.41902448982,0,C,203,7
41.2198679807266,72,19.6694051334634,21.5504628472632,1,I,204,7
56.3358362237974,72,19.7233045008034,36.612531722994,1,C,205,7
21.4840154005116,72,19.8269252479076,1.65709015260398,1,I,206,7
23.9085967299123,72,19.9252152023837,3.98338152752856,1,C,207,7
47.7185990950993,72,19.9757913546637,27.7428077404356,1,I,208,7
31.0719618123289,72,20.0675725797191,11.0043892326097,1,C,209,7
37.101672748918,72,20.0775067973882,17.0241659515298,1,I,210,7
25.433699698628,72,20.2170101786032,5.2166895200248,1,C,211,7
112.631248147777,72,20.2269927319139,51.7730072680861,0,I,212,7
78.6622848523188,62.520210351493,20.3683146787807,42.1518956727123,0,C,213,7
20.7336391000904,72,20.3907203720883,0.342918728002144,1,I,214,7
53.4879598260277,72,20.5808739177883,32.9070859082394,1,C,215,7
84.5309861090363,62.8626231111973,21.0827507916838,41.7798723195135,0,I,216,7
125.291075856846,49.009652653969,21.2104216078296,27.7992310461394,0,C,217,7
53.2689691507083,72,21.2348191067576,32.0341500439506,1,I,218,7
50.9640030967565,49.0340825910311,21.3059835322201,27.7280990588109,0,C,219,7
70.1820363450464,72,21.3283983198926,48.8536380251539,1,I,220,7
44.6206603015125,72,21.3481708103791,23.2724894911334,1,C,221,7
62.8775082371122,72,21.3957044156268,41.4818038214853,1,I,222,7
69.9282556505828,72,21.511842221953,48.4164134286298,1,C,223,7
22.4839174247538,72,21.5688809473068,0.915036477447013,1,I,224,7
53.20905779374,72,21.6431100899354,31.5659477038046,1,C,225,7
69.2152549936183,72,21.6919541778043,47.523300815814,1,I,226,7
21.7684651552346,72,21.7187800537795,0.0496851014550848,1,C,227,7
49.2010229685193,71.9321223800476,21.79081548471,27.4102074838093,1,I,228,7
53.0481779086523,57.107905640342,21.7938095564023,31.25436835225,1,C,229,7
45.774471634328,72,21.8871173495427,23.8873542847854,1,I,230,7
77.9284488527558,72,22.1533308411017,49.8466691588983,0,C,231,7
42.6496202258687,72,22.1920064371079,20.4576137887608,1,I,232,7
97.9579180737839,72,22.514571826905,49.485428173095,0,C,233,7
40.8530400879879,72,22.5548060657457,18.2982340222423,1,I,234,7
40.5153446665428,72,22.6019112020731,17.9134334644697,1,C,235,7
42.8530589380851,72,22.8787281084806,19.9743308296045,1,I,236,7
73.559652922997,72,22.9502084059641,49.0497915940359,0,C,237,7
57.5009985862714,72,22.9949661623687,34.5060324239028,1,I,238,7
26.665155380972,23.9187237264635,23.0155703332275,0.903153393236,0,C,239,7
51.8846603359073,72,23.0699781049043,28.814682231003,1,I,240,7
42.8674349070752,72,23.1686194008216,19.6988155062536,1,C,241,7
34.4674208485257,72,23.2106897234917,11.2567311250341,1,I,242,7
50.3922216792995,72,23.318299530074,27.0739221492255,1,C,243,7
41.9068052320169,72,23.3378801727667,18.5689250592501,1,I,244,7
51.8334256251933,72,23.392795426771,28.4406301984222,1,C,245,7
26.9256420728808,72,23.4167035343125,3.50893853856828,1,I,246,7
25.675550612183,72,23.7369659822434,1.93858462993956,1,C,247,7
49.9322126410482,72,23.9787669014186,25.9534457396296,1,I,248,7
35.5107176229779,72,24.0220341878012,11.4886834351767,1,C,249,7
84.3177046042656,72,24.038905100897,47.9610948991031,0,I,250,7
81.0641523059153,72,24.2274978803471,47.7725021196529,0,C,251,7
51.0225820116643,72,24.3354246206582,26.6871573910061,1,I,252,7
88.0019780424017,72,24.3741293996573,47.6258706003428,0,C,253,7
26.8647030771718,59.0424871334734,24.5835516555235,2.28115142164835,1,I,254,7
33.7149027871798,72,24.7207256080583,8.99417717912155,1,C,255,7
59.224694731303,72,24.7230554698035,34.5016392614995,1,I,256,7
121.173227162289,49.5591460324955,24.8646599845961,24.6944860478994,0,C,257,7
79.4595129621851,72,24.9016395024955,47.0983604975045,0,I,258,7
45.3132978732522,28.9605933533476,25.179074909538,3.78151844380957,0,C,259,7
218.740419743496,72,25.4173429962248,46.5826570037752,0,I,260,7
134.183677380461,72,25.5119377886876,46.4880622113124,0,C,261,7
104.08476676657,72,25.5512097850442,46.4487902149558,0,I,262,7
31.0462381614033,72,25.562126445584,5.48411171581931,1,C,263,7
32.4069305495248,72,25.6198086636141,6.78712188591073,1,I,264,7
46.3486043612145,46.3699342023258,25.642355424352,20.7062489368625,1,C,265,7
51.3194004791438,27.5758156580663,25.8586570573971,1.7171586006692,0,I,266,7
32.7660382538732,72,25.926759056747,6.83927919712622,1,C,267,7
32.353036414898,72,26.0434403037652,6.30959611113273,1,I,268,7
86.1771131900349,72,26.1935902107507,45.8064097892493,0,C,269,7
38.789940353741,72,26.2081947131082,12.5817456406327,1,I,270,7
82.0046589534096,72,26.2411573715508,45.7588426284492,0,C,271,7
58.1215172074177,72,26.2492007156834,31.8723164917343,1,I,272,7
80.3139533124152,71.3077572429461,26.3506958540529,44.9570613888932,0,C,273,7
62.6097631357276,72,26.4275262365118,36.1822368992158,1,I,274,7
41.1818540681433,64.8214231957548,26.4880947489291,14.6937593192142,1,C,275,7
34.1945782007213,72,26.5853848261759,7.60919337454538,1,I,276,7
53.1753070187328,72,26.5868902858347,26.5884167328981,1,C,277,7
28.7460039898239,72,26.7779876617715,1.96801632805243,1,I,278,7
76.2022552623363,54.7011066375108,26.8527481891215,27.8483584483893,0,C,279,7
40.4141447220837,72,26.9264517584816,13.4876929636021,1,I,280,7
90.1675860998711,46.0363492533585,26.9704600330442,19.0658892203142,0,C,281,7
53.8401361986339,72,27.0164637174457,26.8236724811882,1,I,282,7
109.334253672058,41.5743075145528,27.1072937222198,14.467013792333,0,C,283,7
46.1530056443028,72,27.1571572031826,18.9958484411202,1,I,284,7
57.8177604466088,72,27.5255490699783,30.2922113766305,1,C,285,7
43.88663633487,62.3853657004566,27.5629551010206,16.3236812338494,1,I,286,7
53.0678028862753,72,27.588036688976,25.4797661972993,1,C,287,7
51.9171793947063,72,27.6877223700285,24.2294570246778,1,I,288,7
43.6237974920382,72,27.8481484483928,15.7756490436455,1,C,289,7
33.2323848794709,72,27.8901508357376,5.34223404373329,1,I,290,7
96.2944778943208,61.4080227574159,27.9834858700633,33.4245368873526,0,C,291,7
94.881466004657,72,28.0446961708367,43.9553038291633,0,I,292,7
55.3210620772292,51.4609592809574,28.2858249591664,23.175134321791,0,C,293,7
77.4516061840782,72,28.6586926644668,43.3413073355332,0,I,294,7
30.8622214504396,72,28.7122296122834,2.1499918381562,1,C,295,7
60.5030513817682,72,28.7588385818526,31.7442127999156,1,I,296,7
52.8955508136712,72,28.8071361975744,24.0884146160968,1,C,297,7
34.2178516714977,72,28.8818145124242,5.3360371590735,1,I,298,7
66.6220297380465,72,28.89397545252,37.7280542855265,1,C,299,7
54.0340620112393,72,29.0563635388389,24.9776984724004,1,I,300,7
58.1447609904795,72,29.1990360617638,28.9457249287158,1,C,301,7
33.8868854118359,72,29.2254113545641,4.66147405727172,1,I,302,7
126.928550262183,72,29.4167521130294,42.5832478869706,0,C,303,7
99.0607519611801,72,29.5419028401375,42.4580971598625,0,I,304,7
45.4316267855307,72,29.5778401801363,15.8537866053944,1,C,305,7
155.53639475713,72,29.6005970332772,42.3994029667229,0,I,306,7
36.5116368879164,72,29.6812497032806,6.83038718463573,1,C,307,7
58.4434683515295,72,29.7434156527743,28.7000526987552,1,I,308,7
49.9429201774404,72,29.8647653963417,20.0781547810988,1,C,309,7
37.2539398330125,72,30.0014959461987,7.2524438868138,1,I,310,7
55.6463578425626,38.1604511828414,30.1155770011246,8.04487418171676,0,C,311,7
44.2764700081737,72,30.1706866035238,14.1057834046499,1,I,312,7
38.2147339464611,32.0822238605429,30.2541481330991,1.82807572744377,0,C,313,7
69.8806184202736,72,30.4340536985546,39.446564721719,1,I,314,7
35.9215006402334,72,30.4623636882752,5.45913695195815,1,C,315,7
44.4484361499134,72,30.5007140943781,13.9477220555354,1,I,316,7
110.444547833642,72,30.519096669741,41.480903330259,0,C,317,7
56.4297087248098,72,30.7549536321312,25.6747550926786,1,I,318,7
39.5815207888408,53.4701235194352,31.1001452570781,8.48137553176266,1,C,319,7
36.5474279511378,72,31.1375152599067,5.40991269123112,1,I,320,7
62.4690744341732,72,31.1597724119201,31.309302022253,1,C,321,7
158.058840162132,72,31.3123273523524,40.6876726476476,0,I,322,7
44.6250754471703,62.4388221653134,31.3192300032824,13.3058454438879,1,C,323,7
41.6358272826447,72,31.3638841873035,10.2719430953412,1,I,324,7
51.101852228093,72,31.4221224747598,19.6797297533331,1,C,325,7
39.5375494338201,72,31.4804580481723,8.05709138564781,1,I,326,7
65.9305160798556,72,31.6130758356303,34.3174402442252,1,C,327,7
32.2356870540226,72,31.7899557994679,0.445731254554734,1,I,328,7
70.2716574148595,72,32.038488839753,38.2331685751065,1,C,329,7
137.712381270201,50.2830448582327,32.1938489517197,18.089195906513,0,I,330,7
33.6853818325578,54.7870658979436,32.2165826149285,1.4687992176293,1,C,331,7
102.492087313071,72,32.4347599223256,39.5652400776744,0,I,332,7
37.7285959663466,72,32.529048230499,5.19954773584752,1,C,333,7
63.1956859955642,72,32.5707581592724,30.6249278362918,1,I,334,7
182.747317856807,72,32.7179923653603,39.2820076346397,0,C,335,7
57.7566131951807,66.8256233663598,32.8562480024993,24.9003651926813,1,I,336,7
67.9586913827599,70.4746639714535,33.0091333575547,34.9495580252052,1,C,337,7
90.5082985025179,39.8084422651267,33.067725864239,6.74071640088771,0,I,338,7
267.412853448899,55.4902610119375,33.1118991645053,22.3783618474321,0,C,339,7
44.4068968093809,72,33.1398133048788,11.2670835045021,1,I,340,7
38.0834439166486,72,33.2717512641102,4.81169265253843,1,C,341,7
44.3926436491414,72,33.3094422798604,11.083201369281,1,I,342,7
51.9743415834522,72,33.3633880130947,18.6109535703575,1,C,343,7
68.2236623146086,72,33.364924765192,34.8587375494166,1,I,344,7
130.648653690711,72,33.4856996918097,38.5143003081903,0,C,345,7
56.855337601182,72,33.496337486431,23.3590001147509,1,I,346,7
60.2775797765739,72,33.5592069011182,26.7183728754558,1,C,347,7
65.1351830746904,72,33.6255263071507,31.5096567675397,1,I,348,7
47.4096776024096,36.5138157391737,33.6692546401173,2.84456109905639,0,C,349,7
36.6451299935584,72,33.83698948659,2.80814050696835,1,I,350,7
43.5830259303421,72,33.8605511700735,9.72247476026862,1,C,351,7
117.477102380886,72,34.0775440866128,37.9224559133872,0,I,352,7
44.0324393913325,72,34.1313461400569,9.90109325127561,1,C,353,7
128.607741669386,72,34.1575261484832,37.8424738515168,0,I,354,7
75.39118986072,72,34.1749082040042,37.8250917959958,0,C,355,7
113.83498418801,72,34.1843584366143,37.8156415633857,0,I,356,7
55.3294947302331,72,34.2238003062084,21.1056944240246,1,C,357,7
132.876337441541,72,34.4131505163386,37.5868494836614,0,I,358,7
60.1652073974239,72,34.4253123365343,25.7398950608897,1,C,359,7
55.3857692727739,72,34.4527252111584,20.9330440616155,1,I,360,7
130.477681383922,72,34.4576430832967,37.5423569167033,0,C,361,7
37.0112814687717,72,34.8706667264923,2.14061474227934,1,I,362,7
38.9226324491579,72,35.1171947736293,3.80543767552855,1,C,363,7
54.9643830663309,47.9984720386146,35.1440842123702,12.8543878262444,0,I,364,7
39.4799280728998,72,35.1785842934623,4.30134377943746,1,C,365,7
52.2554644242293,72,35.1822026213631,17.0732618028662,1,I,366,7
54.2583395223977,72,35.3212171141058,18.9371224082919,1,C,367,7
94.9090771011601,72,35.410303613171,36.589696386829,0,I,368,7
36.6086717149358,72,35.4156142892316,1.1930574257042,1,C,369,7
67.6461778145397,72,35.4604283161461,32.1857494983935,1,I,370,7
76.9793694281303,72,35.4698003735393,36.5301996264607,0,C,371,7
52.104979399177,72,35.4792353929952,16.6257440061818,1,I,372,7
90.2134225738613,72,35.542205167003,36.457794832997,0,C,373,7
97.5885678131417,72,35.5713167320937,36.4286832679063,0,I,374,7
42.1935042708505,72,35.624763420783,6.56874085006749,1,C,375,7
83.698873646148,72,35.6609359430149,36.3390640569851,0,I,376,7
70.233335628427,72,35.755961718969,34.4773739094579,1,C,377,7
101.743323538201,72,35.7871119165793,36.2128880834207,0,I,378,7
48.3818475197111,72,35.7978370366618,12.5840104830493,1,C,379,7
95.9655346282456,72,35.838640127331,36.161359872669,0,I,380,7
51.372259120965,72,35.9632583521307,15.4090007688343,1,C,381,7
71.1396732205506,72,36.1628617532551,34.9768114672955,1,I,382,7
82.7672025915473,72,36.271982062608,35.728017937392,0,C,383,7
89.5365448653675,72,36.3761968072504,35.6238031927496,0,I,384,7
41.8169134439291,72,36.532001090236,5.28491235369313,1,C,385,7
57.4521709256256,72,36.6439661197364,20.8082048058892,1,I,386,7
82.346908883787,72,36.7690319381654,35.2309680618346,0,C,387,7
72.2332215517183,72,36.9415472773835,35.0584527226165,0,I,388,7
43.222066564408,70.0852669699725,37.0133927464485,6.20867381795944,1,C,389,7
81.8491996706672,72,37.0170431211591,34.9829568788409,0,I,390,7
123.659818762378,37.7764534469914,37.0273111341521,0.749142312839283,0,C,391,7
56.4398092079739,72,37.3651758302003,19.0746333777736,1,I,392,7
60.6554401220816,72,37.4913911148906,23.164049007191,1,C,393,7
75.5283560520125,72,37.5637388555333,34.4362611444667,0,I,394,7
54.3306348051019,72,37.6521947560832,16.6784400490187,1,C,395,7
42.3994870936806,72,37.8305187541991,4.56896833948143,1,I,396,7
59.9139656999295,72,37.8987774671987,22.0151882327309,1,C,397,7
180.576554668672,72,37.9990386217833,34.0009613782167,0,I,398,7
80.2821620435647,72,38.0109591968358,33.9890408031642,0,C,399,7
60.5110041275164,72,38.0246321065351,22.4863720209813,1,I,400,7
108.060819884971,72,38.4262128872797,33.5737871127203,0,C,401,7
42.6732957035477,72,38.4602626087144,4.21303309483326,1,I,402,7
56.7150326734819,72,38.5669289063662,18.1481037671157,1,C,403,7
54.538016131039,72,38.6284078890458,15.9096082419932,1,I,404,7
57.8296121471684,72,39.2093440610915,18.6202680860769,1,C,405,7
62.0314190585822,72,39.3091781158,22.7222409427822,1,I,406,7
48.3627008698879,72,39.3247662764043,9.03793459348361,1,C,407,7
94.3795952080211,72,39.340018867515,32.659981132485,0,I,408,7
75.5750098369159,72,39.4345852453262,32.5654147546738,0,C,409,7
51.1181105752991,72,39.4736330676824,11.6444775076168,1,I,410,7
99.4701370075988,72,39.6427483297884,32.3572516702116,0,C,411,7
87.4637029376409,68.903546625695,39.6606804337353,29.2428661919598,0,I,412,7
63.7971948726701,72,39.7344401618466,24.0627547108236,1,C,413,7
61.3814391279636,72,39.846638222225,21.5348009057386,1,I,414,7
52.5347779158936,72,39.9149641022086,12.619813813685,1,C,415,7
50.4411982426851,72,39.9438599310815,10.4973383116035,1,I,416,7
100.245407568842,72,40.0785746891052,31.9214253108949,0,C,417,7
82.3770985986204,72,40.0801995769143,31.9198004230857,0,I,418,7
66.2708000854657,72,40.0956202112138,26.1751798742519,1,C,419,7
71.8521728487703,47.249318604663,40.174813605845,7.07450499881802,0,I,420,7
114.275566162239,72,40.2375133708119,31.7624866291881,0,C,421,7
61.3455145798183,68.5515840595351,40.3959942469373,20.9495203328809,1,I,422,7
44.2751222725258,72,40.4456581128761,3.82946415964965,1,C,423,7
48.8918008868188,72,40.6237690011039,8.2680318857149,1,I,424,7
43.0344122217591,72,40.9331553988159,2.10125682294327,1,C,425,7
108.163326171239,72,40.9362663002685,31.0637336997315,0,I,426,7
71.4080996300029,72,41.0148885240778,30.3932111059251,1,C,427,7
72.5802597976297,72,41.0973338317126,30.9026661682874,0,I,428,7
58.7507262658347,72,41.3092045113444,17.4415217544903,1,C,429,7
68.595037617991,72,41.3108702609316,27.2841673570594,1,I,430,7
68.9627031114371,72,41.3140115188435,27.6486915925937,1,C,431,7
87.9462942924084,72,41.3579730223864,30.6420269776136,0,I,432,7
47.7233344672306,68.8771979728725,41.3603015849367,6.36303288229397,1,C,433,7
101.197100846808,72,41.659665168263,30.340334831737,0,I,434,7
57.9404916017153,72,41.6958375368267,16.2446540648886,1,C,435,7
45.7546912085477,72,41.6992823733017,4.05540883524602,1,I,436,7
68.1831637709873,72,41.7550890147686,26.4280747562187,1,C,437,7
207.044986766567,72,41.7643072782084,30.2356927217916,0,I,438,7
44.0829743987188,72,41.8736995803192,2.20927481839958,1,C,439,7
70.1137278150913,72,42.0239101024345,28.0898177126569,1,I,440,7
84.5798907464815,72,42.1548593742773,29.8451406257227,0,C,441,7
60.2995641664425,53.2019827340745,42.1557869715616,11.0461957625129,0,I,442,7
48.2712537227394,72,42.1758589474484,6.09539477529094,1,C,443,7
71.745956971278,72,42.2801550105214,29.4658019607566,1,I,444,7
54.7436868232991,72,42.4381974292919,12.3054893940072,1,C,445,7
173.451575186006,72,42.6780708320439,29.3219291679561,0,I,446,7
58.5567313111801,72,42.7389025781304,15.8178287330497,1,C,447,7
94.3365760347543,72,42.7441151160747,29.2558848839253,0,I,448,7
96.2851517321083,72,42.9970386112109,29.0029613887891,0,C,449,7
85.8606717761907,72,43.2048985781148,28.7951014218852,0,I,450,7
105.143505818217,72,43.238430689089,28.761569310911,0,C,451,7
43.7131154658511,72,43.3453860366717,0.367729429179427,1,I,452,7
62.0307413879692,72,43.351634144783,18.6791072431862,1,C,453,7
49.6955156336198,65.1548910821063,43.492174143903,6.20334148971688,1,I,454,7
85.7218304764371,72,43.700105343014,28.299894656986,0,C,455,7
67.528951922898,72,43.8473657844588,23.6815861384392,1,I,456,7
68.9659873610875,72,44.0412521967664,24.9247351643211,1,C,457,7
86.2270423453164,72,44.0477216430008,27.9522783569992,0,I,458,7
130.150503917416,72,44.0761403879151,27.9238596120849,0,C,459,7
63.2597434109459,72,44.1132833668962,19.1464600440497,1,I,460,7
54.559347435156,72,44.2115147598088,10.3478326753473,1,C,461,7
92.6858584434219,72,44.2652898235247,27.7347101764754,0,I,462,7
59.0742970116446,72,44.2996960133314,14.7746009983132,1,C,463,7
70.0660998982075,72,44.5447307545692,25.5213691436383,1,I,464,7
64.6179035087254,72,44.6276690158993,19.9902344928261,1,C,465,7
108.936403913541,72,44.7657630080357,27.2342369919643,0,I,466,7
74.9425688477884,72,44.7791013820097,27.2208986179903,0,C,467,7
95.8287879617507,72,44.8435059562326,27.1564940437675,0,I,468,7
78.8321830209719,72,44.9934400152415,27.0065599847585,0,C,469,7
50.7970959806919,72,45.1489007938653,5.6481951868266,1,I,470,7
71.237933721892,60.7160665676795,45.2713760593906,15.4446905082889,0,C,471,7
58.8912687227115,50.2549185832064,45.2857353212312,4.96918326197517,0,I,472,7
51.1583682106392,72,45.3704858478159,5.78788236282337,1,C,473,7
106.024857469408,72,45.6399575248361,26.3600424751639,0,I,474,7
62.4050834499262,72,45.7024008594453,16.7026825904809,1,C,475,7
49.2161269193724,72,45.7328427024186,3.48328421695387,1,I,476,7
88.8924025652221,72,45.8820840669796,26.1179159330204,0,C,477,7
88.9917080012223,72,45.9410518035293,26.0589481964707,0,I,478,7
56.9056606459274,72,45.9923664433882,10.9132942025392,1,C,479,7
69.2272805314072,72,46.0980910481885,23.1291894832187,1,I,480,7
46.3752616296843,72,46.1008219141513,0.274439715533018,1,C,481,7
59.2876250366495,49.6414329092592,46.245421199128,3.39601171013113,0,I,482,7
50.0912568830794,72,46.3584851939231,3.73277168915626,1,C,483,7
66.5139510359183,72,46.5603821352124,19.9535689007058,1,I,484,7
116.549273835965,72,46.7272815294564,25.2727184705436,0,C,485,7
90.0172587967609,72,46.7517583351582,25.2482416648418,0,I,486,7
102.179267173273,72,46.7786529427394,25.2213470572606,0,C,487,7
52.4835674849201,72,46.8310650112107,5.65250247370933,1,I,488,7
77.6102867791196,72,46.8728075874969,25.1271924125031,0,C,489,7
226.135146562874,72,46.8907739594579,25.1092260405421,0,I,490,7
49.4468061967054,72,47.1067151008174,2.34009109588796,1,C,491,7
59.5582039592982,72,47.1732962457463,12.3849077135518,1,I,492,7
55.025584605904,72,47.2771272948012,7.74845731110285,1,C,493,7
66.8204257317044,72,47.4635492730886,19.3568764586158,1,I,494,7
48.1052490307017,72,47.5363985588774,0.568850471824322,1,C,495,7
99.5261255262507,72,47.7883472107351,24.2116527892649,0,I,496,7
92.9180284960761,72,47.8263382986188,24.1736617013812,0,C,497,7
113.333199653288,72,47.9325214633718,24.0674785366282,0,I,498,7
55.9683796343215,72,48.044073949568,7.92430568475348,1,C,499,7
74.5547316056704,72,48.1251109577715,23.8748890422285,0,I,500,7
65.8843051733488,72,48.1408194545656,17.7434857187832,1,C,501,7
56.9031526378494,72,48.2557604648173,8.64739217303212,1,I,502,7
53.7910578589766,72,48.338558874093,5.45249898488358,1,C,503,7
57.0339414329965,72,48.5068703396246,8.5270710933719,1,I,504,7
64.3060059859952,72,48.5691661108285,15.7368398751667,1,C,505,7
51.9632141172799,72,48.6212132032961,3.34200091398381,1,I,506,7
76.4523467703997,72,48.6321874056011,23.3678125943989,0,C,507,7
78.9226609760073,72,48.9355787448585,23.0644212551415,0,I,508,7
54.5283640364841,72,49.0069733932614,5.52139064322264,1,C,509,7
150.102517061761,72,49.0997883165255,22.9002116834745,0,I,510,7
71.5080106385059,72,49.1357722599059,22.3722383786,1,C,511,7
148.619018589033,72,49.2112343804911,22.7887656195089,0,I,512,7
92.03196095942,72,49.2190414806828,22.7809585193172,0,C,513,7
64.3794424811292,72,49.2730743298307,15.1063681512984,1,I,514,7
54.1079203421899,72,49.3238389492035,4.78408139298639,1,C,515,7
82.4125548964709,72,49.448727616109,22.5512723838911,0,I,516,7
107.921121602935,72,49.5064297970384,22.4935702029616,0,C,517,7
51.5136050186015,72,49.5843471586704,1.92925785993106,1,I,518,7
51.1144801590581,72,49.833793505095,1.2806866539631,1,C,519,7
51.856943589517,72,50.0485114194453,1.80843217007172,1,I,520,7
103.483226812841,72,50.2000617887825,21.7999382112175,0,C,521,7
101.19740700887,72,50.3341932501644,21.6658067498356,0,I,522,7
66.8908051607853,72,50.3966522589326,16.4941529018527,1,C,523,7
74.0138179166349,65.8122699653072,50.4293018952012,15.382968070106,0,I,524,7
118.778285201908,72,50.453537623398,21.546462376602,0,C,525,7
53.4540651461649,72,50.5311731016263,2.92289204453853,1,I,526,7
106.847569616237,52.8699261036537,50.5387075385079,2.33121856514583,0,C,527,7
75.4611342147017,72,50.6434321543202,21.3565678456798,0,I,528,7
55.9245207939611,72,50.6700647296384,5.25445606432272,1,C,529,7
58.3587642838941,72,50.8285622159019,7.53020206799214,1,I,530,7
162.966603754217,72,50.9771022805944,21.0228977194056,0,C,531,7
55.5221756247372,72,50.9966505412012,4.52552508353599,1,I,532,7
57.4302399534839,72,51.003720536828,6.42651941665585,1,C,533,7
54.7345821433179,72,51.1613970855251,3.57318505779281,1,I,534,7
71.757715501023,72,51.2948608305305,20.4628546704925,1,C,535,7
53.4581706180132,72,51.3217482157052,2.136422402308,1,I,536,7
68.0008028621158,72,51.3447977369651,16.6560051251507,1,C,537,7
57.0834951696502,72,51.4317086432129,5.65178652643723,1,I,538,7
121.569072724518,72,51.4528505550697,20.5471494449303,0,C,539,7
60.2042796618232,72,51.4727753587067,8.73150430311649,1,I,540,7
75.8181944767163,72,51.6471538553014,20.3528461446986,0,C,541,7
66.7666099442152,52.151944608831,51.781446011737,0.37049859709402,0,I,542,7
103.695296359633,72,51.8632421689108,20.1367578310892,0,C,543,7
60.2652521730092,72,51.9152206275612,8.35003154544794,1,I,544,7
148.643375113185,72,52.3704202612862,19.6295797387138,0,C,545,7
90.3259249741789,72,52.432521013543,19.567478986457,0,I,546,7
104.795498519297,72,52.5301392143592,19.4698607856408,0,C,547,7
66.989410920463,72,52.6750816265121,14.3143292939509,1,I,548,7
60.980671917723,72,52.6871617371216,8.29351018060135,1,C,549,7
87.317601514674,72,52.7818155521527,19.2181844478473,0,I,550,7
61.594556559417,72,52.8165472811088,8.77800927830818,1,C,551,7
76.8519466530419,72,52.8445458272472,19.1554541727528,0,I,552,7
61.8807862822981,72,52.847617235966,9.03316904633211,1,C,553,7
119.591786450708,70.9041327506794,53.0262955231592,17.8778372275202,0,I,554,7
115.310264032068,72,53.3488451689482,18.6511548310518,0,C,555,7
56.4383163351794,72,53.3669735211879,3.07134281399146,1,I,556,7
76.0892595113534,72,53.55074794963,18.44925205037,0,C,557,7
81.764615144431,72,53.5976261179894,18.4023738820106,0,I,558,7
65.7018397583743,63.3447946136613,53.7389445723966,9.60585004126472,0,C,559,7
98.3365734274771,72,53.7796234153211,18.2203765846789,0,I,560,7
71.3625886546947,72,53.9257806306705,17.4368080240242,1,C,561,7
187.611298581886,63.0894188567468,53.9799911202863,9.10942773646049,0,I,562,7
100.433328761274,72,53.9951533963904,18.0048466036096,0,C,563,7
108.019038462369,72,54.1457198839635,17.8542801160365,0,I,564,7
65.4903682416614,72,54.2159399064258,11.2744283352356,1,C,565,7
74.3839997970187,72,54.248575293459,17.751424706541,0,I,566,7
78.9110792712233,56.4469554900239,54.4868536340073,1.96010185601659,0,C,567,7
65.2627730005285,72,54.5654242811725,10.6973487193561,1,I,568,7
85.2425514079367,72,54.9934041453525,17.0065958546475,0,C,569,7
68.1787110646785,72,55.0202149059624,13.1584961587162,1,I,570,7
55.578286176511,72,55.4350734734908,0.143212703020261,1,C,571,7
86.9562447512601,72,55.4969278955832,16.5030721044168,0,I,572,7
92.2932090586896,72,55.5820078030229,16.4179921969771,0,C,573,7
80.456338796778,72,55.67047000397,16.32952999603,0,I,574,7
60.2380770457776,72,55.8974659955129,4.3406110502647,1,C,575,7
79.3027883067357,72,55.921104750596,16.078895249404,0,I,576,7
68.839524046427,68.8321586918052,56.0329631762579,12.7991955155473,0,C,577,7
57.733027471069,72,56.1554170679301,1.57761040313888,1,I,578,7
77.2938024427002,72,56.3835766911507,15.6164233088493,0,C,579,7
106.015759075458,72,56.508408584632,15.491591415368,0,I,580,7
76.2984037284619,72,56.7165906121954,15.2834093878046,0,C,581,7
92.0675594812173,72,56.7786222975701,15.2213777024299,0,I,582,7
74.5173305354282,72,56.779044913128,15.220955086872,0,C,583,7
211.322428874086,72,56.8241014843807,15.1758985156193,0,I,584,7
156.334618368031,72,56.9224714161828,15.0775285838172,0,C,585,7
95.853752303274,72,56.988963293843,15.011036706157,0,I,586,7
125.214380774079,72,56.9961787434295,15.0038212565705,0,C,587,7
57.2969521404633,72,57.0032537262887,0.293698414174632,1,I,588,7
65.9564792390681,72,57.0937675517052,8.86271168736285,1,C,589,7
71.6884662184884,72,57.1625905204564,14.5258756980319,1,I,590,7
84.8692039515391,72,57.3611560463905,14.6388439536095,0,C,591,7
83.9116030719463,72,57.4720196379349,14.5279803620651,0,I,592,7
83.572825079503,72,57.5861616013572,14.4138383986428,0,C,593,7
174.005229797634,57.8697702144529,57.6334045780823,0.236365636370579,0,I,594,7
125.657917274883,72,57.6446702191606,14.3553297808394,0,C,595,7
183.538854310939,72,57.7784116426483,14.2215883573517,0,I,596,7
73.0115792400401,72,57.814346915111,14.1856530848891,0,C,597,7
75.066509719781,72,58.0300951329991,13.9699048670009,0,I,598,7
75.6535381522638,72,58.1696362467483,13.8303637532517,0,C,599,7
75.8343160400672,72,58.4277826035395,13.5722173964605,0,I,600,7
108.949115987273,72,58.5049990005791,13.4950009994209,0,C,601,7
76.2381654644987,72,58.5300521319732,13.4699478680268,0,I,602,7
116.085177184972,72,58.7714981194586,13.2285018805414,0,C,603,7
115.50238463712,72,58.8463068148121,13.1536931851879,0,I,604,7
61.1534103174853,72,58.8505331519991,2.30287716548622,1,C,605,7
145.795441307839,72,58.9808794297278,13.0191205702722,0,I,606,7
162.949493855666,72,59.0340663632378,12.9659336367622,0,C,607,7
82.5962797706204,72,59.0972173400223,12.9027826599777,0,I,608,7
81.4327818364145,72,59.2493159277365,12.7506840722635,0,C,609,7
62.763143812452,72,59.2643908783793,3.49875293407267,1,I,610,7
76.3450385541742,72,59.3487915722653,12.6512084277347,0,C,611,7
84.8161159968,72,59.4041037093848,12.5958962906152,0,I,612,7
61.5172564385774,72,59.5779469795525,1.93930945902485,1,C,613,7
64.352279466233,72,59.6339573292062,4.71832213702677,1,I,614,7
100.95402888897,72,59.7203925065696,12.2796074934304,0,C,615,7
88.7547416142683,72,59.7900511650369,12.2099488349631,0,I,616,7
81.4226985112103,72,59.7970386967063,12.2029613032937,0,C,617,7
83.8792792881538,72,59.8019436188042,12.1980563811958,0,I,618,7
65.3028230443107,72,59.8259833361954,5.47683970811531,1,C,619,7
99.8552542748238,72,59.9409078480676,12.0590921519324,0,I,620,7
116.933848836912,72,59.9452922958881,12.0547077041119,0,C,621,7
71.493672735149,72,59.9958345713094,11.4978381638396,1,I,622,7
3.70983057138064,72,0.0807417137548327,3.62908885762581,1,C,1,8
73.5075551375953,72,0.132482727058232,71.8675172729418,0,I,2,8
20.802935633622,72,0.246208640746772,20.5567269928752,1,C,3,8
4.0265373979839,27.9234997466398,0.247742529027164,3.77879486895674,1,I,4,8
13.5147910649003,72,0.249121380038559,13.2656696848617,1,C,5,8
17.7246127545365,72,0.266220308840275,17.4583924456962,1,I,6,8
11.1004506694409,72,0.303577948361635,10.7968727210793,1,C,7,8
31.5505673014256,72,0.374036896973848,31.1765304044517,1,I,8,8
69.5517065985607,65.7051379422002,0.447236043401063,65.2579018987992,0,C,9,8
8.14027730719371,72,0.570367905311286,7.56990940188243,1,I,10,8
40.2858071549291,64.8863422848511,0.707954121753573,39.5778530331756,1,C,11,8
38.9671146027876,42.8950332440785,0.739377541467547,38.2277370613201,1,I,12,8
52.4250889841376,16.768059013206,1.60428768955171,15.1637713236543,0,C,13,8
3.36323744743556,72,1.60775392781943,1.75548351961613,1,I,14,8
20.3315139745472,72,1.61127631086856,18.7202376636787,1,C,15,8
61.8205174060411,33.7464672339846,1.61943183280528,32.1270354011793,0,I,16,8
41.7054661574,72,1.72489303629845,39.9805731211015,1,C,17,8
82.4493111244633,72,1.78087128326297,70.219128716737,0,I,18,8
41.2244256468972,72,1.81460912805051,39.4098165188466,1,C,19,8
13.0128152249372,72,1.83790499344468,11.1749102314925,1,I,20,8
48.4851901552199,72,1.94271550979465,46.5424746454252,1,C,21,8
4.19314918503006,72,1.95020689163357,2.24294229339649,1,I,22,8
10.0305724642188,72,1.97860349435359,8.05196896986516,1,C,23,8
18.3433950055164,72,2.04306218773127,16.3003328177851,1,I,24,8
10.461376870941,72,2.05971908289939,8.40165778804165,1,C,25,8
109.565663032167,72,2.06154364161193,69.9384563583881,0,I,26,8
14.6248053148758,9.24431059385121,2.17213025316596,7.07218034068525,0,C,27,8
20.2468244208985,62.5878392632155,2.75036829058081,17.4964561303177,1,I,28,8
15.5100785236968,72,2.76150024030358,12.7485782833933,1,C,29,8
43.9896696405958,72,2.8343718778342,41.1552977627616,1,I,30,8
17.8657206469617,72,2.96666321810335,14.8990574288583,1,C,31,8
10.2357325520432,72,3.22694457136095,7.00878798068226,1,I,32,8
53.7038080591058,72,3.23264856822789,50.4711594908779,1,C,33,8
36.1776176098593,72,3.30386760178953,32.8737500080698,1,I,34,8
6.28047131124314,72,3.33522856235504,2.9452427488881,1,C,35,8
8.15775252462042,70.1931677862646,3.33673509769142,4.821017426929,1,I,36,8
37.1960658414254,72,3.39821553323418,33.7978503081912,1,C,37,8
22.620974258671,72,3.47232533153147,19.1486489271395,1,I,38,8
32.9821660422267,72,3.51515252608806,29.4670135161386,1,C,39,8
54.8219156406783,72,3.72339298948646,51.0985226511919,1,I,40,8
57.0126496331677,47.6902649858537,3.75137262046337,43.9388923653903,0,C,41,8
23.461105679932,72,3.88312135823071,19.5779843217013,1,I,42,8
16.4651006161322,72,3.92707382328808,12.5380267928441,1,C,43,8
13.350956804728,29.047960647612,4.02331524062902,9.32764156409903,1,I,44,8
111.040647073258,72,4.2289395025,67.7710604975,0,C,45,8
12.6429612366408,56.503422196055,4.32228745892644,8.32067377771441,1,I,46,8
87.7126450046585,35.7042876139296,4.34440393466502,31.3598836792646,0,C,47,8
75.707774395658,72,4.36640812084079,67.6335918791592,0,I,48,8
8.91419443022943,72,4.41226642113179,4.50192800909764,1,C,49,8
64.2015333965461,72,4.50347600039095,59.6980573961552,1,I,50,8
25.5100389650581,72,4.53393773641437,20.9761012286437,1,C,51,8
70.6334213402545,72,4.67093361541629,65.9624877248382,1,I,52,8
65.5424835223587,72,4.71121083945036,60.8312726829083,1,C,53,8
38.6127627616763,72,4.73809795919806,33.8746648024782,1,I,54,8
92.4004169449624,72,4.77778977714479,67.2222102228552,0,C,55,8
8.53492127260764,72,4.93200302124023,3.6029182513674,1,I,56,8
117.147414360866,16.270967102792,4.96468262281269,11.3062844799793,0,C,57,8
79.5531592155896,12.5432305449016,5.07513374090195,7.46809680399968,0,I,58,8
6.41601675490228,72,5.18312852829695,1.23288822660534,1,C,59,8
40.7684596382006,72,5.2315940335393,35.5368656046613,1,I,60,8
38.4347737570034,9.58297583782525,5.24003107566387,4.34294476216138,0,C,61,8
25.4072100417377,72,5.73216187767685,19.6750481640608,1,I,62,8
44.6742271180133,72,5.74949667323381,38.9247304447795,1,C,63,8
29.4230541479165,72,5.78054606448859,23.6425080834279,1,I,64,8
50.641400946978,59.82743118007,6.03000357281417,44.6113973741638,1,C,65,8
86.9597557215431,72,6.15539814345539,65.8446018565446,0,I,66,8
45.9760415859104,72,6.44406690727919,39.5319746786312,1,C,67,8
7.17811860632762,72,6.48853034712374,0.689588259203878,1,I,68,8
12.6024628797762,72,6.57888256944716,6.02358031032904,1,C,69,8
17.4887133338009,34.4082917498837,6.57970931846649,10.9090040153344,1,I,70,8
22.634866113087,72,6.87236253172159,15.7625035813654,1,C,71,8
46.9563085554004,72,6.92713467869908,40.0291738767013,1,I,72,8
15.5170395202871,44.5456749759201,7.00745820533484,8.50958131495224,1,C,73,8
25.2429942577822,72,7.03621930908412,18.206774948698,1,I,74,8
22.9015468035589,72,7.2792952414602,15.6222515620987,1,C,75,8
21.9923415806296,65.832267554432,7.38312124740332,14.6092203332263,1,I,76,8
67.7270137454285,72,7.4868580698967,60.2401556755318,1,C,77,8
41.9216338961629,72,7.71891520824283,34.20271868792,1,I,78,8
57.8974120587431,72,7.85276285838336,50.0446492003598,1,C,79,8
15.9274391680977,72,7.88841004483402,8.0390291232637,1,I,80,8
22.8856711762946,72,8.04626004304737,14.8394111332472,1,C,81,8
15.4773691744568,72,8.12903774902225,7.34833142543454,1,I,82,8
35.6065742840387,72,8.18417932838202,27.4223949556567,1,C,83,8
53.4793765476559,46.3610801947377,8.19810901768506,38.1629711770527,0,I,84,8
9.53013195874048,33.398795706496,8.32096762955189,1.20916432918859,1,C,85,8
11.8142627180808,48.3258043298309,8.88652062043548,2.92774209764532,1,I,86,8
17.8986220419687,72,8.88726575765759,9.0113562843111,1,C,87,8
17.8927210934342,72,8.99083673022687,8.90188436320729,1,I,88,8
156.770182680891,72,9.16018091607839,62.8398190839216,0,C,89,8
13.4373149986994,72,9.24136742949486,4.19594756920457,1,I,90,8
20.8804123864306,22.3027476826044,9.28235299419612,11.5980593922344,1,C,91,8
59.2020064928601,18.5868025442884,9.28953138180077,9.29727116248766,0,I,92,8
23.5990562696364,72,9.2906211828813,14.3084350867551,1,C,93,8
157.571336182986,72,9.30807780940086,62.6919221905992,0,I,94,8
10.7791988681625,72,9.36298943124712,1.41620943691536,1,C,95,8
48.7488322512478,72,9.5106476219371,39.2381846293107,1,I,96,8
72.7729887009261,46.7153396445612,9.52148105017841,37.1938585943827,0,C,97,8
71.1736703871293,51.2504601240027,9.62039702106267,41.63006310294,0,I,98,8
78.9188920617564,15.1324644653795,9.81224717572331,5.3202172896562,0,C,99,8
52.6612639383734,72,10.0259215570986,42.6353423812748,1,I,100,8
23.0765932453047,72,10.1995373982936,12.8770558470111,1,C,101,8
20.0484880614312,72,10.3613024158403,9.68718564559088,1,I,102,8
26.3614587577903,72,10.3959743818268,15.9654843759635,1,C,103,8
41.8934937936943,72,10.3966579120606,31.4968358816337,1,I,104,8
66.89345197133,35.2211103214839,10.9515804704279,24.269529851056,0,C,105,8
11.0827369082192,72,10.9946805657819,0.0880563424373526,1,I,106,8
15.2094200993335,72,11.0795550886542,4.12986501067937,1,C,107,8
24.2889414510917,12.5224053801243,11.0964053822681,1.42599999785621,0,I,108,8
46.7889685413067,72,11.1055155191571,35.6834530221496,1,C,109,8
20.8668990721203,72,11.305207000114,9.56169207200631,1,I,110,8
66.0617472667175,72,11.370450546965,54.6912967197525,1,C,111,8
32.6217925690715,72,11.3837936427444,21.237998926327,1,I,112,8
19.11855542404,72,11.4700019080192,7.64855351602084,1,C,113,8
16.5971871871455,15.3025510880786,11.5826373361051,3.71991375197354,0,I,114,8
65.5306145140189,72,11.5873260330409,53.9432884809781,1,C,115,8
64.9243170964442,40.273175060294,12.1692569414154,28.1039181188786,0,I,116,8
31.0963578312048,72,12.4205368990079,18.675820932197,1,C,117,8
15.6017142826519,72,12.4397391267121,3.16197515593983,1,I,118,8
29.3307700076004,72,12.5576673354954,16.7731026721051,1,C,119,8
51.3840449852701,51.930012373332,12.5693987030536,38.8146462822165,1,I,120,8
18.9590032242863,72,12.5771437492222,6.38185947506412,1,C,121,8
64.9294187843343,72,12.6440719189122,52.2853468654221,1,I,122,8
19.6960523232814,72,12.8655765904114,6.83047573287001,1,C,123,8
151.426942365059,72,13.4123132005334,58.5876867994666,0,I,124,8
19.4602941839975,72,13.4743532398716,5.98594094412597,1,C,125,8
101.911290941427,72,13.5118340933695,58.4881659066305,0,I,126,8
33.1330242647755,57.8831220595151,13.8352394476533,19.2977848171222,1,C,127,8
53.2103503098755,72,13.8583692815155,39.35198102836,1,I,128,8
55.1951245976836,34.4442207617563,13.8891508011147,20.5550699606416,0,C,129,8
50.4615238118278,72,13.9814693899825,36.4800544218453,1,I,130,8
32.0884154104519,24.3312804660672,14.0353110618889,10.2959694041782,0,C,131,8
27.1393330844657,72,14.0825248835608,13.0568082009048,1,I,132,8
54.2706643533042,57.8406892821845,14.1039982158691,40.1666661374351,1,C,133,8
39.7551688160753,72,14.2543209437281,25.5008478723472,1,I,134,8
48.0701648977779,72,14.3210597662255,33.7491051315524,1,C,135,8
66.0938956280566,72,14.5615781843662,51.5323174436904,1,I,136,8
22.3193587127072,72,14.6753210993484,7.64403761335881,1,C,137,8
16.8198979958886,72,14.7049042023718,2.11499379351673,1,I,138,8
18.6665950261741,34.3197794294387,14.7425038553774,3.92409117079667,1,C,139,8
15.7815011017404,72,14.7826309874654,0.99887011427499,1,I,140,8
79.9794263286427,72,14.8219754034653,57.1780245965347,0,C,141,8
148.12138995231,72,14.9000684777275,57.0999315222725,0,I,142,8
52.1770579638038,72,14.9900038680062,37.1870540957976,1,C,143,8
44.2881311855191,72,15.1404005661607,29.1477306193584,1,I,144,8
19.3338379738435,72,15.2130218222737,4.12081615156982,1,C,145,8
22.7977007267608,72,15.223312578164,7.57438814859679,1,I,146,8
70.801251176964,72,15.239095450379,55.5621557265851,1,C,147,8
32.6073336287092,72,15.4837821051478,17.1235515235614,1,I,148,8
89.3968198861441,72,15.4882955225185,56.5117044774816,0,C,149,8
33.1800057305832,72,15.4952381132171,17.6847676173662,1,I,150,8
90.6801698854969,47.0274747127671,15.5366370035335,31.4908377092336,0,C,151,8
102.540974001709,72,15.6021299818531,56.3978700181469,0,I,152,8
63.2047492020912,72,15.7593410136178,47.4454081884734,1,C,153,8
15.8601042475581,72,15.8111737668514,0.0489304807066877,1,I,154,8
18.9707166009969,72,15.8580068964511,3.11270970454578,1,C,155,8
18.4872274250376,72,16.0568091273308,2.43041829770678,1,I,156,8
59.4221663197485,72,16.0940593387932,43.3281069809554,1,C,157,8
56.7377236916237,72,16.1196929169819,40.6180307746418,1,I,158,8
18.2395753547293,35.6320854260445,16.1660149600357,2.07356039469366,1,C,159,8
48.0872273664177,72,16.2975764740258,31.7896508923919,1,I,160,8
68.0507346909785,72,16.3839302212,51.6668044697785,1,C,161,8
26.996143458308,72,16.5403685672209,10.4557748910871,1,I,162,8
87.6286366100669,72,16.575396344997,55.424603655003,0,C,163,8
55.1411513125724,72,16.6267109429464,38.514440369626,1,I,164,8
39.6432429034844,72,16.7004338465631,22.9428090569213,1,C,165,8
36.182807098319,72,16.7063185153529,19.4764885829661,1,I,166,8
154.042968661264,50.049385485939,16.9179612910375,33.1314241949015,0,C,167,8
67.0298759165523,72,16.9429456070066,50.0869303095458,1,I,168,8
21.3037195627007,72,16.9579458329827,4.34577372971804,1,C,169,8
39.4218197252315,72,17.0327126327902,22.3891070924413,1,I,170,8
20.0486889113903,52.5886706852476,17.0451775286347,3.00351138275559,1,C,171,8
64.6577811959344,72,17.1447100723162,47.5130711236182,1,I,172,8
31.6864851352187,72,17.4734992906451,14.2129858445736,1,C,173,8
26.4292231885478,72,17.5153541984037,8.91386899014418,1,I,174,8
20.059952833227,27.4873135304741,17.5167842628434,2.54316857038358,1,C,175,8
56.5588675790076,72,17.5639858050272,38.9948817739804,1,I,176,8
78.5802898530426,72,17.7042225748301,54.29577742517,0,C,177,8
23.2180136390082,68.3692373758582,17.7977451542392,5.42026848476891,1,I,178,8
33.4813426936735,72,17.8586663911119,15.6226763025616,1,C,179,8
38.3133105290295,72,17.8748177736998,20.4384927553297,1,I,180,8
28.1480464759737,25.8336668117481,18.1021886179224,7.73147819382577,0,C,181,8
29.2244828342353,72,18.1201558560133,11.104326978222,1,I,182,8
71.3560948063223,72,18.2450658548623,53.1110289514599,1,C,183,8
84.3065442453053,72,18.4481623023748,53.5518376976252,0,I,184,8
27.9768947093391,72,18.4495858149603,9.52730889437881,1,C,185,8
37.7530617839976,72,18.5329800657928,19.2200817182048,1,I,186,8
44.2487031078663,72,18.6853271909058,25.5633759169605,1,C,187,8
68.6037448250937,72,18.7115309201181,49.8922139049756,1,I,188,8
100.859769697287,72,18.7765002669767,53.2234997330234,0,C,189,8
35.8836606888851,72,18.7878297781572,17.0958309107279,1,I,190,8
67.5158640293151,39.4912537697143,18.7924240110442,20.6988297586701,0,C,191,8
19.2065638734734,72,18.8135727401823,0.392991133291098,1,I,192,8
87.5232216531999,72,19.0393844945356,52.9606155054644,0,C,193,8
28.1451342784637,72,19.131096471101,9.01403780736265,1,I,194,8
49.1724434790065,72,19.2034399788827,29.9690035001238,1,C,195,8
60.8171845692067,38.4112108293028,19.2972121294588,19.113998699844,0,I,196,8
29.2262767630405,72,19.3041158141568,9.92216094888371,1,C,197,8
21.7804380267708,72,19.3551393784583,2.42529864831253,1,I,198,8
39.6382274225864,72,19.7375814244151,19.9006459981713,1,C,199,8
65.8145608368883,54.1648169069033,19.8123118607327,34.3525050461706,0,I,200,8
85.4566924956616,72,19.8603389505297,52.1396610494703,0,C,201,8
47.3579030343125,72,19.9954788805917,27.3624241537208,1,I,202,8
80.1939182209051,72,20.0723449699581,51.9276550300419,0,C,203,8
108.843376354046,72,20.0782653316855,51.9217346683145,0,I,204,8
62.4396824608808,72,20.1107314461842,42.3289510146965,1,C,205,8
48.692383361276,72,20.197386033833,28.494997327443,1,I,206,8
31.9320182168787,72,20.2037987904623,11.7282194264164,1,C,207,8
59.125773032142,72,20.3010889654979,38.8246840666441,1,I,208,8
33.9309211791641,72,20.3795664478093,13.5513547313548,1,C,209,8
78.7294863115913,72,20.4010783368722,51.5989216631278,0,I,210,8
69.4441469823284,72,20.4444963578135,48.9996506245149,1,C,211,8
147.232354922704,72,20.7840290665627,51.2159709334374,0,I,212,8
52.9051183682867,72,21.0172761837021,31.8878421845846,1,C,213,8
40.7929022956255,72,21.0745024261996,19.7183998694259,1,I,214,8
38.2657320644927,70.5704442154902,21.0897427657619,17.1759892987307,1,C,215,8
71.7611958386867,72,21.4995352132246,50.2616606254621,1,I,216,8
39.9816264263454,72,21.5433153742924,18.438311052053,1,C,217,8
36.3689954848603,72,21.6971588646993,14.671836620161,1,I,218,8
29.5842466748121,60.8854163539551,21.7346533248201,7.84959334999199,1,C,219,8
48.8055850405526,44.7132607299058,21.7738507781178,22.939409951788,0,I,220,8
114.095782253664,72,22.1145279938355,49.8854720061645,0,C,221,8
26.9356252767022,72,22.1304376143962,4.80518766230593,1,I,222,8
99.688532815978,72,22.2106477618217,49.7893522381783,0,C,223,8
31.4853807067442,72,22.4026687256992,9.08271198104499,1,I,224,8
114.613979847518,60.3026948614418,22.4094167724252,37.8932780890166,0,C,225,8
36.5914783735895,72,22.4753494374454,14.1161289361441,1,I,226,8
53.1688635504471,72,22.5437711505219,30.6250923999252,1,C,227,8
36.3860725277834,72,22.5762798311189,13.8097926966646,1,I,228,8
30.0034422077409,72,22.6657669432461,7.33767526449472,1,C,229,8
120.673725969031,30.7839838749882,23.0165647063404,7.76741916864777,0,I,230,8
39.8824696828666,72,23.3011353760958,16.5813343067708,1,C,231,8
77.8579392951057,72,23.3695393055677,48.6304606944323,0,I,232,8
75.7994719154974,72,23.4552292479202,48.5447707520798,0,C,233,8
39.7116676787205,72,23.5552700422704,16.1563976364501,1,I,234,8
52.4965519051378,72,23.7277184659615,28.7688334391763,1,C,235,8
45.5536762758889,41.5691867680628,24.0085006831214,17.5606860849415,0,I,236,8
47.061971540369,72,24.0104336338118,23.0515379065572,1,C,237,8
36.45309817365,72,24.1291394317523,12.3239587418977,1,I,238,8
27.1699555878898,72,24.1310194786638,3.03893610922601,1,C,239,8
69.7355974240671,72,24.1804275847971,45.55516983927,1,I,240,8
97.886532300913,72,24.3326798686758,47.6673201313242,0,C,241,8
35.4260474045486,63.5948361711184,24.5191228855401,10.9069245190085,1,I,242,8
104.024552687763,46.2143131049558,24.5564126595855,21.6579004453703,0,C,243,8
48.8051740602598,72,24.6963421208784,24.1088319393814,1,I,244,8
237.214675124826,72,24.7852328885347,47.2147671114653,0,C,245,8
49.2206971557162,72,24.8640857683495,24.3566113873667,1,I,246,8
40.288045284253,72,24.9785435618833,15.3095017223698,1,C,247,8
58.8395110219591,72,25.0654813321307,33.7740296898284,1,I,248,8
96.1193683468123,72,25.0726693728939,46.9273306271061,0,C,249,8
71.3087391020061,72,25.1618591649458,46.1468799370603,1,I,250,8
26.9072783984541,72,25.1625288650394,1.74474953341475,1,C,251,8
100.233466572565,72,25.2549262577668,46.7450737422332,0,I,252,8
34.8317300949425,72,25.2634830772877,9.56824701765483,1,C,253,8
56.9002928257086,72,25.3567712847143,31.5435215409943,1,I,254,8
27.9289241074784,72,25.4359722370282,2.49295187045021,1,C,255,8
44.6497013328197,72,25.576642351225,19.0730589815947,1,I,256,8
26.5078941427547,69.42674448046,25.8594521228224,0.648442019932298,1,C,257,8
39.8980138620365,44.7516582948381,25.9322397876531,13.9657740743834,1,I,258,8
28.3054357114278,72,26.2683556135744,2.0370800978534,1,C,259,8
51.6419601156867,72,26.6109497006983,25.0310104149885,1,I,260,8
34.0773351097195,72,26.650974964723,7.42636014499652,1,C,261,8
168.278621862347,72,26.8821215489879,45.1178784510121,0,I,262,8
33.6530421065478,72,26.8945890152827,6.75845309126512,1,C,263,8
38.0762891300955,72,26.9305986631662,11.1456904669293,1,I,264,8
55.7937124720361,72,26.9980669906363,28.7956454813998,1,C,265,8
100.076970474558,72,27.0946813886985,44.9053186113015,0,I,266,8
78.4126257824822,72,27.1824269648641,44.8175730351359,0,C,267,8
61.6993862080129,72,27.1875418815762,34.5118443264367,1,I,268,8
43.341633123822,72,27.2366360714659,16.1049970523561,1,C,269,8
31.7985127612803,72,27.2595800086856,4.53893275259475,1,I,270,8
41.0259776307702,72,27.5055251363665,13.5204524944038,1,C,271,8
86.605585281924,72,27.5718830851838,44.4281169148162,0,I,272,8
32.7493640787197,72,27.6765191741288,5.07284490459097,1,C,273,8
52.9539357373429,72,27.6928970916197,25.2610386457232,1,I,274,8
50.4641295969194,72,27.8226885432377,22.6414410536816,1,C,275,8
29.3587314519921,72,27.892190515995,1.46654093599707,1,I,276,8
99.6314867849969,72,27.9657662613317,44.0342337386683,0,C,277,8
30.6615771989228,72,27.994099734351,2.66747746457176,1,I,278,8
101.597068785853,72,28.1251129182056,43.8748870817944,0,C,279,8
48.4341977806769,72,28.2178976945579,20.216300086119,1,I,280,8
35.1522548332246,72,28.2282855547965,6.92396927842816,1,C,281,8
74.7324935418322,72,28.335845572874,43.6641544271261,0,I,282,8
59.5377926670772,72,28.3689631707966,31.1688294962806,1,C,283,8
31.4024180264804,72,28.4078949177638,2.99452310871659,1,I,284,8
57.9716656493931,72,28.5126941744238,29.4589714749692,1,C,285,8
58.7700414202199,72,28.5378431668505,30.2321982533694,1,I,286,8
37.9194366539831,55.7809664773117,28.564671697095,9.35476495688809,1,C,287,8
36.2956989742773,72,29.2486977903172,7.04700118396011,1,I,288,8
32.2369489232467,72,29.5536243310198,2.68332459222686,1,C,289,8
87.8754099861911,72,29.6253903815523,42.3746096184477,0,I,290,8
35.4882407607977,72,29.6881875442341,5.80005321656359,1,C,291,8
62.5281080585643,35.8970297901315,29.7208386613056,6.17619112882587,0,I,292,8
38.9996897250871,56.453184762209,29.838973316364,9.1607164087231,1,C,293,8
39.4664875509457,72,29.9096951074898,9.5567924434559,1,I,294,8
32.7210344984728,72,30.1036214316264,2.61741306684646,1,C,295,8
51.3276787496338,72,30.2721516089514,21.0555271406824,1,I,296,8
60.3556669529134,72,30.3505111578852,30.0051557950282,1,C,297,8
36.6873003808846,72,30.4006258165464,6.28667456433825,1,I,298,8
74.0132961915535,72,30.5777282780036,41.4222717219964,0,C,299,8
31.7040209921834,72,30.7171031506732,0.986917841510227,1,I,300,8
53.5653033241736,72,30.8252760814503,22.7400272427233,1,C,301,8
38.3583610809732,72,30.835345541127,7.52301553984618,1,I,302,8
86.0830870568875,72,30.8714333362877,41.1285666637123,0,C,303,8
82.5545013458852,72,30.9737258451059,41.0262741548941,0,I,304,8
101.428901718969,70.5431887050564,30.9980203444138,39.5451683606426,0,C,305,8
37.9149006752394,72,31.2729869736359,6.64191370160359,1,I,306,8
48.4786872590908,72,31.3288458483294,17.1498414107614,1,C,307,8
85.4007047417868,72,31.5327492915094,40.4672507084906,0,I,308,8
35.2547068013451,72,31.5925881033763,3.66211869796874,1,C,309,8
131.259648287289,72,31.5991647401825,40.4008352598175,0,I,310,8
143.599981485979,72,31.6090652626008,40.3909347373992,0,C,311,8
55.5438292152935,72,31.6131525859237,23.9306766293698,1,I,312,8
58.5427899758156,72,31.6378999315202,26.9048900442953,1,C,313,8
170.572976619354,72,31.6457221470773,40.3542778529227,0,I,314,8
32.4842339141732,72,31.744620250538,0.739613663635234,1,C,315,8
40.6858122070754,72,31.8415039032698,8.84430830380563,1,I,316,8
60.562480424065,72,31.9626456359401,28.5998347881249,1,C,317,8
63.2595942997275,72,32.0288587594405,31.230735540287,1,I,318,8
51.9898252038535,54.2241783331642,32.1895612450317,19.8002639588219,1,C,319,8
45.358159838711,60.8973588367131,32.2457104828209,13.1124493558901,1,I,320,8
56.7650615476065,72,32.3271168675274,24.4379446800791,1,C,321,8
42.3056057532038,72,32.3482158221304,9.95738993107336,1,I,322,8
35.3060110320074,72,32.4044596217573,2.90155141025013,1,C,323,8
51.5204072147088,41.7599957821833,32.4554462637752,9.30454951840811,0,I,324,8
44.978321711717,72,32.4688717676327,12.5094499440843,1,C,325,8
41.8681490634735,72,32.483604317531,9.38454474594248,1,I,326,8
34.8123835630781,72,32.6626591337845,2.14972442929359,1,C,327,8
86.3624746773731,71.5786492479478,32.7694428618997,38.8092063860481,0,I,328,8
96.6106919535844,40.1391839332562,32.9694959381595,7.16968799509668,0,C,329,8
96.3076681995206,72,33.0022499570623,38.9977500429377,0,I,330,8
70.5461176733333,72,33.0681660259143,37.4779516474191,1,C,331,8
46.0940185602302,72,33.1286710873246,12.9653474729056,1,I,332,8
72.6102877519821,72,33.2477593794465,38.7522406205535,0,C,333,8
42.2231400337706,72,33.4749999269843,8.74814010678625,1,I,334,8
36.6092298237437,72,33.7299537425861,2.87927608115766,1,C,335,8
65.6158101725669,72,33.7479950068519,31.8678151657151,1,I,336,8
34.6711082102255,72,33.7941047362983,0.87700347392717,1,C,337,8
63.8732338146388,72,33.7968233926222,30.0764104220166,1,I,338,8
65.8834399425373,72,33.8553813798353,32.0280585627019,1,C,339,8
65.0036305876268,72,33.8559872237965,31.1476433638302,1,I,340,8
105.559296818476,72,33.8758739316836,38.1241260683164,0,C,341,8
56.3471588048737,72,33.8919784873724,22.4551803175013,1,I,342,8
38.5759488449694,72,34.0255435137078,4.55040533126155,1,C,343,8
65.2651145475771,72,34.0939662884921,31.171148259085,1,I,344,8
84.3780328121693,72,34.1216658940539,37.8783341059461,0,C,345,8
72.7243853500841,72,34.1537431720644,37.8462568279356,0,I,346,8
163.796373012055,72,34.2381966859102,37.7618033140898,0,C,347,8
89.2821276326405,72,34.2614736082032,37.7385263917968,0,I,348,8
54.7223737548338,72,34.3615122651681,20.3608614896657,1,C,349,8
43.0128638558447,72,34.5849418407306,8.42792201511408,1,I,350,8
48.7535511880853,72,34.6113712806255,14.1421799074598,1,C,351,8
35.4501559588182,72,35.0589656364173,0.391190322400943,1,I,352,8
36.6420964683497,72,35.1249222876504,1.5171741806993,1,C,353,8
36.593124141803,72,35.1304663717747,1.46265777002835,1,I,354,8
68.234238321646,40.0579615023189,35.1422262936831,4.9157352086358,0,C,355,8
57.284966016686,72,35.367554789409,21.917411227277,1,I,356,8
42.565197519729,72,35.5005648359656,7.06463268376332,1,C,357,8
74.9035079999818,72,35.7706950511783,36.2293049488217,0,I,358,8
70.4818572144275,72,35.921311522834,34.5605456915935,1,C,359,8
65.5556705918455,72,35.9319166420028,29.6237539498428,1,I,360,8
60.7481523355083,58.1213496776605,36.1925623705611,21.9287873070994,0,C,361,8
41.0375790028084,45.534165774467,36.2444893084466,4.79308969436175,1,I,362,8
76.8055468502541,72,36.3127115881071,35.687288411893,0,C,363,8
42.9346189116593,72,36.5086737368256,6.42594517483374,1,I,364,8
52.7985566894443,72,36.5226709702984,16.2758857191459,1,C,365,8
48.3941364444876,72,36.7138559371233,11.6802805073643,1,I,366,8
168.945627966137,72,36.8401798931882,35.1598201068118,0,C,367,8
38.2409977046636,72,36.8441074155271,1.39689028913653,1,I,368,8
81.4901798016394,72,36.9068174064159,35.0931825935841,0,C,369,8
44.2519094357778,56.4014963250226,36.9301715679467,7.32173786783112,1,I,370,8
42.4567374441429,72,37.0591976540163,5.39753979012657,1,C,371,8
89.3006133385692,72,37.0691206259653,34.9308793740347,0,I,372,8
41.3821950259394,72,37.2741118306294,4.10808319530996,1,C,373,8
39.5352706473511,72,37.2959160804749,2.23935456687626,1,I,374,8
44.8538576503504,72,37.3455490730703,7.50830857728014,1,C,375,8
37.911253441749,72,37.479148870334,0.432104571414939,1,I,376,8
42.3856294444008,39.8382629193837,37.4985856097192,2.33967730966458,0,C,377,8
156.217030332061,72,37.6003841450438,34.3996158549562,0,I,378,8
45.7853189325774,72,38.0340462271124,7.75127270546495,1,C,379,8
68.1323851450497,72,38.0587216978893,30.0736634471604,1,I,380,8
59.8577719727535,72,38.0934083880857,21.7643635846679,1,C,381,8
80.9621579841872,72,38.1047414476052,33.8952585523948,0,I,382,8
117.941060182166,72,38.198785437271,33.801214562729,0,C,383,8
211.424423570012,72,38.3536503603682,33.6463496396318,0,I,384,8
42.4753815812497,72,38.3592088054866,4.11617277576314,1,C,385,8
60.3607151529069,72,38.45770847518,21.9030066777269,1,I,386,8
44.1117393926207,72,38.5296610929072,5.58207829971354,1,C,387,8
136.1688586104,72,38.5367353493348,33.4632646506652,0,I,388,8
51.656728927234,72,38.8353051804006,12.8214237468334,1,C,389,8
45.9150694628385,72,38.8609860185534,7.05408344428507,1,I,390,8
99.3138892888521,72,38.8636424671859,33.1363575328141,0,C,391,8
89.0270618642749,72,38.9377635391429,33.0622364608571,0,I,392,8
95.2708104829311,72,39.0795296430588,32.9204703569412,0,C,393,8
47.24037467948,72,39.4309896882623,7.80938499121768,1,I,394,8
44.8860238367889,49.8448865995874,39.6487554302439,5.23726840654499,1,C,395,8
62.4749616708857,72,39.6628338843584,22.8121277865273,1,I,396,8
69.090955906379,72,40.0951651437208,28.9957907626582,1,C,397,8
96.6780643977371,72,40.1622297149152,31.8377702850848,0,I,398,8
48.5456660220436,72,40.2177171176299,8.32794890441368,1,C,399,8
69.0333339155872,72,40.2651496231556,28.7681842924316,1,I,400,8
42.3158895004831,72,40.4242205712944,1.89166892918864,1,C,401,8
66.5116110784083,72,40.492195179686,26.0194158987223,1,I,402,8
63.1406164019034,72,40.6090856669471,22.5315307349564,1,C,403,8
74.5699436771843,72,40.6547537120059,31.3452462879941,0,I,404,8
81.6811405880511,72,40.7061381731182,31.2938618268818,0,C,405,8
84.0499002956404,72,40.7375225611031,31.2624774388969,0,I,406,8
48.8084153292812,72,40.7626578072086,8.04575752207264,1,C,407,8
218.080198125238,72,41.0079390183091,30.9920609816909,0,I,408,8
78.0204848096205,60.0491653331619,41.0737264528871,18.9754388802748,0,C,409,8
48.2544367346535,72,41.3450582837686,6.9093784508849,1,I,410,8
78.5408248502977,72,41.6019445750862,30.3980554249138,0,C,411,8
60.8523702001767,72,41.7924951994792,19.0598750006975,1,I,412,8
68.9661696411451,72,42.5628688093275,26.4033008318176,1,C,413,8
65.7030455271126,72,42.5780389923602,23.1250065347524,1,I,414,8
67.0711564541847,72,42.6025380240753,24.4686184301094,1,C,415,8
110.080252629122,72,42.9025084013119,29.0974915986881,0,I,416,8
72.437293134936,72,42.9332813434303,29.0667186565697,0,C,417,8
55.87155251028,72,43.1541273510084,12.7174251592716,1,I,418,8
56.909263040233,72,43.1830045999959,13.7262584402371,1,C,419,8
46.0268906535678,72,43.3364507742226,2.69043987934514,1,I,420,8
49.3176508213933,72,43.4243931854144,5.89325763597891,1,C,421,8
68.7661544441009,72,43.4939775522798,25.2721768918211,1,I,422,8
128.824087601794,72,43.6001526284963,28.3998473715037,0,C,423,8
60.3389269193206,72,43.6628096736968,16.6761172456239,1,I,424,8
56.77506685597,72,43.6847184458748,13.0903484100953,1,C,425,8
77.7501074242281,72,43.7264729524031,28.2735270475969,0,I,426,8
69.921014340263,72,43.8732500234619,26.0477643168012,1,C,427,8
45.4849552896396,72,43.9319665823132,1.55298870732643,1,I,428,8
111.98664478002,72,43.981030639261,28.018969360739,0,C,429,8
101.132511961652,72,44.0591192012653,27.9408807987347,0,I,430,8
81.2596023383283,72,44.1409123688936,27.8590876311064,0,C,431,8
75.3243282167514,72,44.4069084897637,27.5930915102363,0,I,432,8
56.0578436178254,72,44.5530253602192,11.5048182576063,1,C,433,8
102.075233412401,72,44.6457112720236,27.3542887279764,0,I,434,8
66.6310791601106,72,44.6988568129018,21.9322223472088,1,C,435,8
46.6346383611623,72,44.7978527331725,1.83678562798985,1,I,436,8
49.8105398748346,72,44.8177135270089,4.99282634782571,1,C,437,8
49.2885944087177,72,44.8434043815359,4.44519002718179,1,I,438,8
127.999786531664,72,44.9531072610989,27.0468927389011,0,C,439,8
63.1215448245576,72,45.025311796926,18.0962330276317,1,I,440,8
70.9139244510603,72,45.0578796258196,25.8560448252407,1,C,441,8
99.4403047395551,53.8801284697726,45.0607132120058,8.81941525776676,0,I,442,8
62.7963392006191,72,45.1259544398636,17.6703847607556,1,C,443,8
126.892914937601,49.7387047254313,45.1679478306323,4.57075689479896,0,I,444,8
56.9668867905937,72,45.1809797761962,11.7859070143975,1,C,445,8
95.4211625674018,53.9287158575877,45.1817591395229,8.74695671806478,0,I,446,8
55.3419313892957,72,45.2938190940768,10.0481122952189,1,C,447,8
64.2824939694097,72,45.5293934186921,18.7531005507177,1,I,448,8
65.0408882206494,72,45.5916306003928,19.4492576202566,1,C,449,8
96.0004948900181,72,45.8678898168728,26.1321101831272,0,I,450,8
70.6850103430288,72,45.9388500731438,24.7461602698849,1,C,451,8
82.0147682460902,72,45.9696351969615,26.0303648030385,0,I,452,8
138.692435429378,72,46.0164940590039,25.9835059409961,0,C,453,8
60.351647655151,72,46.0545128630474,14.2971347921036,1,I,454,8
120.923646937831,72,46.1925488803536,25.8074511196464,0,C,455,8
81.0581336282605,53.1467106188068,46.3974705571309,6.74924006167588,0,I,456,8
70.9967626366064,72,46.4870385406539,24.5097240959525,1,C,457,8
79.5237835863513,72,46.5263896621764,25.4736103378236,0,I,458,8
50.646469090705,72,46.5417415089905,4.10472758171448,1,C,459,8
74.2006163786865,72,46.5847625769675,25.4152374230325,0,I,460,8
65.1999524747577,72,46.6903640236706,18.5095884510871,1,C,461,8
60.4599579391997,72,46.8913832260296,13.5685747131702,1,I,462,8
70.1357392516738,72,46.9473443739116,23.1883948777622,1,C,463,8
65.7023326203329,72,47.1937607601285,18.5085718602044,1,I,464,8
61.10588700208,72,47.2026784345508,13.9032085675292,1,C,465,8
77.233881316215,72,47.275508902967,24.724491097033,0,I,466,8
93.7811874948298,67.6410314128419,47.2793915122747,20.3616399005671,0,C,467,8
118.603335897931,72,47.4952985392883,24.5047014607117,0,I,468,8
51.5816397636403,72,47.5027403980494,4.07889936559089,1,C,469,8
84.2257995290511,63.0170157259903,47.5346267782152,15.4823889477752,0,I,470,8
80.4598115812136,72,47.5653647677973,24.4346352322027,0,C,471,8
114.083962249556,72,47.605591379106,24.394408620894,0,I,472,8
56.2438835023898,72,47.8814175585285,8.36246594386128,1,C,473,8
94.1843099500272,72,48.069712179713,23.9302878202871,0,I,474,8
65.6177544340993,72,48.347599580884,17.2701548532153,1,C,475,8
70.22191958509,72,48.3611855143681,21.8607340707219,1,I,476,8
51.9180338384089,72,48.380865175277,3.53716866313194,1,C,477,8
67.0477458012713,72,48.4632714651525,18.5844743361188,1,I,478,8
97.9705591844992,72,48.4824495250359,23.5175504749641,0,C,479,8
63.7427401215218,72,48.5461175115779,15.1966226099439,1,I,480,8
60.5747830167745,72,48.6220183130354,11.9527647037392,1,C,481,8
82.0252495386028,66.4902079039341,48.6890832753852,17.8011246285489,0,I,482,8
152.734179124508,72,48.6938026081771,23.3061973918229,0,C,483,8
82.939078821326,72,48.7111207377166,23.2888792622834,0,I,484,8
70.2749949253691,72,48.7656003283337,21.5093945970355,1,C,485,8
60.0105404448423,72,48.8431752193719,11.1673652254703,1,I,486,8
118.973633933122,72,48.862528516911,23.137471483089,0,C,487,8
81.439622601707,72,49.3506041541696,22.6493958458304,0,I,488,8
117.807824646502,72,49.4895839178935,22.5104160821065,0,C,489,8
128.47383742833,72,49.5631763571873,22.4368236428127,0,I,490,8
55.8460464649239,72,49.7304076887667,6.11563877615722,1,C,491,8
58.6004120850158,72,49.7825439926237,8.81786809239213,1,I,492,8
53.0820910870218,72,49.8236197466031,3.25847134041874,1,C,493,8
72.5682120508554,72,49.8801493830979,22.1198506169021,0,I,494,8
62.5728896987794,72,50.0777862779796,12.4951034207997,1,C,495,8
91.376259496841,72,50.2866929769516,21.7133070230484,0,I,496,8
84.6187796906913,72,50.3256872249767,21.6743127750233,0,C,497,8
87.1976405272071,72,50.5224381946027,21.4775618053973,0,I,498,8
80.8329532918923,72,50.8205421315506,21.1794578684494,0,C,499,8
66.8291349654618,72,50.8368926122785,15.9922423531833,1,I,500,8
73.4874145520197,72,50.952025023289,21.047974976711,0,C,501,8
81.2759420779786,72,51.3411800656468,20.6588199343532,0,I,502,8
73.4857946618083,72,51.4569623954594,20.5430376045406,0,C,503,8
102.852936547236,72,51.8715114053339,20.1284885946661,0,I,504,8
84.1101119255588,72,51.9192371796817,20.0807628203183,0,C,505,8
121.830254083786,72,51.9336577272043,20.0663422727957,0,I,506,8
79.3879542760791,72,51.9664831040427,20.0335168959573,0,C,507,8
170.196436297258,72,52.0933324098587,19.9066675901413,0,I,508,8
72.9656149583754,72,52.0976757723838,19.9023242276162,0,C,509,8
111.060358410688,72,52.2644049720839,19.7355950279161,0,I,510,8
112.665115085619,72,52.6672297809273,19.3327702190727,0,C,511,8
79.8127403082762,72,52.7569846669212,19.2430153330788,0,I,512,8
55.1125145086127,54.3786822724504,52.9882059618831,1.39047631056728,0,C,513,8
127.807666197115,72,53.2202007388696,18.7797992611304,0,I,514,8
105.77040348179,72,53.2982801785693,18.7017198214307,0,C,515,8
54.8070079789607,72,53.3675493160263,1.43945866293441,1,I,516,8
80.5189597185968,72,53.7313862610608,18.2686137389392,0,C,517,8
111.922574994033,72,53.7661303952336,18.2338696047664,0,I,518,8
87.5511429007909,72,53.7986090546474,18.2013909453526,0,C,519,8
93.5510206567332,72,53.8250203616917,18.1749796383083,0,I,520,8
63.1089809381359,72,53.8277792651206,9.28120167301528,1,C,521,8
67.4442232428077,72,53.8825222989544,13.5617009438532,1,I,522,8
65.166010229765,70.0077207405056,53.8853571703658,11.2806530593992,1,C,523,8
101.669615099819,72,53.9518213039264,18.0481786960736,0,I,524,8
87.4753332186275,68.3110913927241,53.9644979126751,14.346593480049,0,C,525,8
96.5565578912649,72,53.9718999993056,18.0281000006944,0,I,526,8
59.2626191807074,72,54.101674980484,5.1609442002234,1,C,527,8
57.1745216854924,72,54.1766131902114,2.99790849528104,1,I,528,8
83.4836312999046,72,54.1920332657173,17.8079667342827,0,C,529,8
81.2142708940696,72,54.2023990117014,17.7976009882987,0,I,530,8
74.5131408347121,72,54.2202679719776,17.7797320280224,0,C,531,8
94.9075030984075,72,54.2298449389637,17.7701550610364,0,I,532,8
62.79866435515,72,54.4747965177521,8.32386783739792,1,C,533,8
58.5177869845075,72,54.63426834438,3.88351864012757,1,I,534,8
119.02046265975,72,54.7380941128358,17.2619058871642,0,C,535,8
63.2703981293855,72,54.8761983867735,8.394199742612,1,I,536,8
78.99202236784,72,54.9289519898593,17.0710480101407,0,C,537,8
102.527998399685,72,54.9567166529596,17.0432833470404,0,I,538,8
73.4389574464985,72,54.9804830923677,17.0195169076324,0,C,539,8
92.2290095290719,72,55.2694030478597,16.7305969521403,0,I,540,8
110.506057442564,72,55.3423648327589,16.6576351672411,0,C,541,8
57.8118108759457,72,55.6390854064375,2.17272546950813,1,I,542,8
70.6451551992713,72,55.7281399285421,14.9170152707293,1,C,543,8
57.1913665180319,72,55.8225192222744,1.36884729575746,1,I,544,8
63.4237415882664,72,55.8418525289744,7.58188905929203,1,C,545,8
62.3163946578752,72,55.9484171960503,6.3679774618249,1,I,546,8
79.7111298828279,72,56.2946771224961,15.7053228775039,0,C,547,8
92.8322310918506,72,56.3207267504185,15.6792732495815,0,I,548,8
67.7970697436828,72,56.4896074309945,11.3074623126883,1,C,549,8
131.513934880845,72,56.6188123309985,15.3811876690015,0,I,550,8
65.2526318785095,72,56.7962835961953,8.45634828231424,1,C,551,8
86.22495991604,72,56.993455211632,15.006544788368,0,I,552,8
63.3770938527356,72,57.0141701214016,6.36292373133405,1,C,553,8
57.5357586912741,72,57.1506213163957,0.385137374878407,1,I,554,8
137.91915550849,62.9729739477338,57.5596015295014,5.4133724182324,0,C,555,8
89.2403810827998,72,57.7080081962049,14.2919918037951,0,I,556,8
89.770044244623,72,57.7584924548864,14.2415075451136,0,C,557,8
58.5275938983144,61.9608520639133,58.0401923367754,0.487401561539054,1,I,558,8
65.321722415515,72,58.0432145018131,7.27850791370191,1,C,559,8
207.266950564227,72,58.0899959849194,13.9100040150806,0,I,560,8
85.8194564077403,72,58.1554771168158,13.8445228831843,0,C,561,8
144.92913112395,72,58.1953621655703,13.8046378344297,0,I,562,8
88.8672847447626,72,58.1986781023443,13.8013218976557,0,C,563,8
89.4216493738485,72,58.2485556649044,13.7514443350956,0,I,564,8
93.5869336758677,72,58.2630713749677,13.7369286250323,0,C,565,8
65.6162911997236,72,58.3202977152541,7.29599348446947,1,I,566,8
70.402734869077,72,58.6111449077725,11.7915899613044,1,C,567,8
63.5243376297969,72,58.6573615903035,4.86697603949346,1,I,568,8
214.021847803382,72,58.9403916103765,13.0596083896235,0,C,569,8
108.938116314795,72,59.0489102527499,12.9510897472501,0,I,570,8
194.853889547364,70.2198071960633,59.0879351086915,11.1318720873718,0,C,571,8
97.3627238276512,72,59.1175180161372,12.8824819838628,0,I,572,8
97.4302990803646,72,59.1829401394352,12.8170598605648,0,C,573,8
108.144959949455,72,59.2435126472265,12.7564873527735,0,I,574,8
102.541666751987,72,59.3011105852202,12.6988894147798,0,C,575,8
68.3126590578294,72,59.337121155113,8.97553790271641,1,I,576,8
62.3266986954166,72,59.3538624979556,2.97283619746102,1,C,577,8
81.7007253434171,72,59.4711972819641,12.5288027180359,0,I,578,8
59.6810800527549,72,59.5265429886058,0.154537064149049,1,C,579,8
146.703107763531,72,59.5467953430489,12.4532046569511,0,I,580,8
59.5973945825419,72,59.5510786632076,0.0463159193342613,1,C,581,8
117.452986860418,72,59.6469290228561,12.3530709771439,0,I,582,8
101.718470608971,72,59.926605373621,12.073394626379,0,C,583,8
43.4347283654738,72,0.0525378668680787,43.3821904986057,1,C,1,9
28.6099563635099,25.8294358087009,0.0624494533985853,25.7669863553023,0,I,2,9
7.54338755578858,27.2151757246643,0.190334273502231,7.35305328228635,1,C,3,9
2.73693948504488,62.6691100248428,0.377486161887646,2.35945332315723,1,I,4,9
19.130025597547,72,0.435993885621429,18.6940317119256,1,C,5,9
119.307167423515,72,0.663334890268743,71.3366651097313,0,I,6,9
114.12867181381,44.952263437985,0.770512595772743,44.1817508422122,0,C,7,9
14.3674088906125,72,0.774876605719328,13.5925322848932,1,I,8,9
12.6561738994896,72,0.786391873843968,11.8697820256457,1,C,9,9
0.970816756646746,72,0.905887316912413,0.0649294397343332,1,I,10,9
22.3718075962473,72,0.933277951553464,21.4385296446938,1,C,11,9
9.59323140324981,72,0.955058494582772,8.63817290866704,1,I,12,9
4.50496710575439,72,1.08382896054536,3.42113814520903,1,C,13,9
15.7274137682884,72,1.12407820299268,14.6033355652957,1,I,14,9
6.24030533288584,72,1.30457671824843,4.93572861463741,1,C,15,9
20.3612583229658,62.1511791621167,1.32885374128819,19.0324045816776,1,I,16,9
23.8815734327141,72,1.35363193228841,22.5279415004257,1,C,17,9
3.02570217943318,61.4182924943123,1.47497367113829,1.5507285082949,1,I,18,9
87.8837476598336,72,1.50940212886781,70.4905978711322,0,C,19,9
24.6640964148625,71.2011035048052,1.56398544553667,23.1001109693258,1,I,20,9
40.4237889811441,8.90188898510241,1.5706291096285,7.33125987547391,0,C,21,9
112.086897448258,72,1.66211583651602,70.337884163484,0,I,22,9
186.164799127901,72,1.66767069138587,70.3323293086141,0,C,23,9
17.7989136371657,72,1.81987001560628,15.9790436215595,1,I,24,9
99.5080090604975,72,1.87158786691725,70.1284121330828,0,C,25,9
25.7066487203724,72,2.17034693341702,23.5363017869554,1,I,26,9
7.40889063409356,72,2.17451178934425,5.2343788447493,1,C,27,9
10.7764847942431,40.4929082746914,2.28979557752609,8.48668921671696,1,I,28,9
19.4370658437432,72,2.4256636435166,17.0114022002266,1,C,29,9
4.92728810886236,72,2.54880137275904,2.37848673610331,1,I,30,9
44.1104767358729,72,2.56876344792545,41.5417132879475,1,C,31,9
32.4155275973486,72,2.64055476989597,29.7749728274526,1,I,32,9
44.3066242250428,72,2.6681086840108,41.638515541032,1,C,33,9
45.7166875779906,72,2.87852881941944,42.8381587585711,1,I,34,9
10.3133413679588,72,3.00338173750788,7.3099596304509,1,C,35,9
25.3031289615996,71.6564498117098,3.11436126474291,22.1887676968567,1,I,36,9
16.5125706702246,72,3.12079054769129,13.3917801225334,1,C,37,9
59.9473181807887,72,3.22251434437931,56.7248038364094,1,I,38,9
37.8904851573954,72,3.30037162173539,34.59011353566,1,C,39,9
25.6716908414094,72,3.35868185386062,22.3130089875488,1,I,40,9
17.2589510647551,72,3.43617017380893,13.8227808909462,1,C,41,9
55.7760910068808,72,3.49577507469803,52.2803159321828,1,I,42,9
6.45273913439931,12.3859538640903,3.731220792979,2.72151834142031,1,C,43,9
26.6751879516142,54.3297611890827,3.79823521245271,22.8769527391615,1,I,44,9
58.3024120056323,72,3.82238978985697,54.4800222157753,1,C,45,9
32.6141401112344,72,3.82936075329781,28.7847793579365,1,I,46,9
6.54330513296097,72,3.87220890261233,2.67109623034864,1,C,47,9
18.5553096940449,72,3.95542466081679,14.5998850332281,1,I,48,9
33.3993386505232,72,4.17465729173273,29.2246813587904,1,C,49,9
50.3470865456812,69.6492365242652,4.3132551619783,46.0338313837029,1,I,50,9
55.2484788594405,72,4.35017621610314,50.8983026433374,1,C,51,9
87.3886948708847,72,4.4523002486676,67.5476997513324,0,I,52,9
9.14968602814502,72,4.6371355606243,4.51255046752072,1,C,53,9
70.4489853249662,72,4.7202989179641,65.7286864070021,1,I,54,9
18.3743185007559,34.7631681297877,5.08159917779267,13.2927193229633,1,C,55,9
18.8530813179418,72,5.14174534007907,13.7113359778628,1,I,56,9
60.9942975014317,72,5.20839253440499,55.7859049670267,1,C,57,9
79.1082248641552,72,5.2521265251562,66.7478734748438,0,I,58,9
47.660992308114,72,5.31902312301099,42.3419691851031,1,C,59,9
52.509534937853,32.1060304912139,5.36917028948665,26.7368602017273,0,I,60,9
12.7688775247667,72,5.70086921565235,7.06800830911433,1,C,61,9
103.488562056322,72,5.76703880913556,66.2329611908645,0,I,62,9
18.3321431824706,26.8646740765078,6.02783813606948,12.3043050464011,1,C,63,9
12.9160323383091,72,6.10736367758364,6.80866866072549,1,I,64,9
14.009081978533,34.424470172675,6.11105455085635,7.89802742767666,1,C,65,9
95.5804374955218,72,6.14222867880017,65.8577713211998,0,I,66,9
9.32646986579235,72,6.15137035958469,3.17509950620766,1,C,67,9
19.1817117155653,72,6.22048148419708,12.9612302313682,1,I,68,9
67.2395582083234,72,6.38490841258317,60.8546497957403,1,C,69,9
19.3391795674682,72,6.39278443995863,12.9463951275096,1,I,70,9
38.9109821127711,72,6.47163965273649,32.4393424600346,1,C,71,9
13.2276641010462,72,6.61525631323457,6.6124077878116,1,I,72,9
32.4711472759796,72,6.69004859402776,25.7810986819518,1,C,73,9
25.4111468509407,72,6.74764016177505,18.6635066891656,1,I,74,9
14.4043753845736,72,7.03496569767594,7.36940968689761,1,C,75,9
27.111891770246,14.318300138857,7.09564299322665,7.22265714563037,0,I,76,9
47.7407189549017,72,7.10770632606,40.6330126288417,1,C,77,9
71.2064405225155,15.1974190081898,7.53537126816809,7.66204774002168,0,I,78,9
8.15146921108357,72,7.75372558739036,0.397743623693206,1,C,79,9
36.4766576505862,72,7.86131445318461,28.6153431974016,1,I,80,9
42.605809387491,28.3404084598935,7.89997742045671,20.4404310394368,0,C,81,9
46.5329107451817,72,7.91553423274308,38.6173765124386,1,I,82,9
76.7443953090545,72,7.96328351832926,64.0367164816707,0,C,83,9
73.0183085125941,72,8.20619790349156,63.7938020965085,0,I,84,9
21.07706092427,72,8.2227380387485,12.8543228855215,1,C,85,9
51.7382580824237,72,8.43107800930738,43.3071800731163,1,I,86,9
25.1595663549151,72,8.45336410682648,16.7062022480886,1,C,87,9
13.618875435588,72,8.49697122350335,5.12190421208467,1,I,88,9
86.3401912672602,72,8.57420712243766,63.4257928775624,0,C,89,9
102.811677762083,46.5013815429261,8.68948413524777,37.8118974076783,0,I,90,9
9.51903011291853,72,8.69194198865444,0.827088124264093,1,C,91,9
50.5127416901615,23.6240990462967,8.71513520367444,14.9089638426222,0,I,92,9
15.4587286212087,72,8.86482460889965,6.59390401230909,1,C,93,9
60.4596922119091,72,8.88458843808621,51.5751037738229,1,I,94,9
44.2347240845343,72,8.96681851241738,35.2679055721169,1,C,95,9
11.0993872610704,72,9.07005964312702,2.02932761794334,1,I,96,9
68.2966367393827,72,9.08586263190955,59.2107741074732,1,C,97,9
32.0076966634393,29.5720345572627,9.25452405586839,20.3175105013943,0,I,98,9
52.2201131080517,72,9.27309738937765,42.947015718674,1,C,99,9
57.3674894167461,43.8472958072942,9.56181028392166,34.2854855233726,0,I,100,9
9.85946815171406,20.0091892917299,9.59526069927961,0.264207452434449,1,C,101,9
27.0187682125311,72,9.74767968524247,17.2710885272886,1,I,102,9
40.3094720050743,31.9823124185682,9.84403265174478,22.1382797668234,0,C,103,9
17.7300768358609,72,9.84885008074343,7.88122675511746,1,I,104,9
145.291637047151,72,9.87021749373525,62.1297825062648,0,C,105,9
20.2410913509227,72,9.9920560978353,10.2490352530874,1,I,106,9
59.0642338756884,72,10.0228802952915,49.0413535803968,1,C,107,9
37.3915789337597,72,10.0394564308226,27.3521225029371,1,I,108,9
55.8578190433538,50.7322676242181,10.4989597667009,40.2333078575172,0,C,109,9
75.0508161897997,23.1598610083999,10.852165510878,12.307695497522,0,I,110,9
68.3770057047327,72,10.8914290275425,57.4855766771903,1,C,111,9
17.907674997188,29.7128797861081,10.9326946595684,6.97498033761962,1,I,112,9
20.8010012079154,72,10.9841311583295,9.81687004958584,1,C,113,9
38.8657114650863,72,11.029720553197,27.8359909118894,1,I,114,9
31.264810397039,72,11.1293576750904,20.1354527219486,1,C,115,9
30.3676377105083,72,11.25674769748,19.1108900130283,1,I,116,9
16.1345704704833,34.5036596840966,11.3354283291847,4.79914214129866,1,C,117,9
66.4029645072974,72,11.3770967395976,55.0258677676998,1,I,118,9
37.2413306524712,72,11.6588567337021,25.582473918769,1,C,119,9
15.9412744829375,72,11.6750815836713,4.26619289926626,1,I,120,9
38.3892452428587,57.6394080989717,11.7132734879851,26.6759717548736,1,C,121,9
23.9378720028115,43.7604467941518,11.7668127827346,12.1710592200769,1,I,122,9
57.6401009675435,72,11.7901184549555,45.849982512588,1,C,123,9
19.2768224011645,72,11.8147581489757,7.46206425218886,1,I,124,9
68.8087730901886,72,11.8539837375283,56.9547893526603,1,C,125,9
47.6177505146685,72,11.9178164983168,35.6999340163516,1,I,126,9
56.7943975376615,58.4044398157984,11.9829710572958,44.8114264803657,1,C,127,9
31.5754903466112,72,12.2545706760138,19.3209196705974,1,I,128,9
68.8369314721698,72,12.3105803690851,56.5263511030847,1,C,129,9
54.2255206953974,72,12.3400167329237,41.8855039624737,1,I,130,9
79.3165746256968,72,12.5639175111428,59.4360824888572,0,C,131,9
21.622693491179,72,12.6958586415276,8.92683484965145,1,I,132,9
39.3402833769061,72,12.7716162800789,26.5686670968272,1,C,133,9
51.2481373486457,72,12.8350809076801,38.4130564409656,1,I,134,9
28.9595061193961,72,12.8666366357356,16.0928694836604,1,C,135,9
24.3744242003785,72,12.8752133063972,11.4992108939813,1,I,136,9
85.6106131108923,72,12.9609082220122,59.0390917779878,0,C,137,9
14.8903437894138,72,13.1484496453777,1.74189414403608,1,I,138,9
28.7951677551287,72,13.3874652720988,15.4077024830299,1,C,139,9
22.8645492987768,72,13.4759702067822,9.38857909199455,1,I,140,9
33.5158719130058,22.1420893252495,13.4832453075796,8.65884401766987,0,C,141,9
38.4807568493919,36.6516313208661,13.5040655499324,23.1475657709337,0,I,142,9
13.6668768329388,72,13.5810721758753,0.0858046570634794,1,C,143,9
24.1632476716969,72,13.6042819032446,10.5589657684524,1,I,144,9
21.5091662408277,72,13.6051040422171,7.90406219861053,1,C,145,9
21.6135826148542,57.7395308606816,13.7864524964243,7.82713011842988,1,I,146,9
120.343246217003,29.331235938295,13.8940203655511,15.4372155727439,0,C,147,9
85.6963970599699,72,14.0592371206731,57.9407628793269,0,I,148,9
44.8566803195487,72,14.1805275483057,30.676152771243,1,C,149,9
59.4612612061326,72,14.3631273787469,45.0981338273857,1,I,150,9
47.4242347704692,72,14.4685279671103,32.9557068033589,1,C,151,9
21.6226698618213,36.3483448895288,14.5618692180142,7.06080064380713,1,I,152,9
15.9452252123508,72,14.8223146051168,1.12291060723396,1,C,153,9
119.688491860742,72,14.8661347618327,57.1338652381674,0,I,154,9
58.7518251668703,72,14.9250720301643,43.826753136706,1,C,155,9
45.9683217542366,17.9445044249136,14.9656323809177,2.97887204399589,0,I,156,9
16.0731233641447,72,15.0675248214975,1.0055985426472,1,C,157,9
60.2714696249614,72,15.0844310084358,45.1870386165256,1,I,158,9
69.0662392938345,72,15.3453404316679,53.7208988621666,1,C,159,9
31.0577441149521,72,15.6609871890396,15.3967569259125,1,I,160,9
58.3917803585186,72,15.6974459951743,42.6943343633443,1,C,161,9
38.9970250853095,72,15.7242980785668,23.2727270067427,1,I,162,9
34.1727559182224,72,15.7357974769548,18.4369584412677,1,C,163,9
121.056954344643,72,15.7809724705294,56.2190275294706,0,I,164,9
89.6759510756638,72,15.8410145156086,56.1589854843915,0,C,165,9
71.1792112947724,72,15.8478153822944,55.331395912478,1,I,166,9
152.18046780355,72,15.8639710117131,56.1360289882869,0,C,167,9
51.3896064190441,72,15.9201782941818,35.4694281248623,1,I,168,9
61.705373300286,72,15.9790032869205,45.7263700133655,1,C,169,9
27.4515853150316,37.2767380228239,16.0303760971874,11.4212092178442,1,I,170,9
21.4032937585344,72,16.3807714730501,5.02252228548427,1,C,171,9
16.6988802644088,72,16.4553206646815,0.243559599727352,1,I,172,9
28.9296332958577,72,16.5044451132417,12.4251881826161,1,C,173,9
36.0339801900253,72,16.6518901241943,19.382090065831,1,I,174,9
28.9125921982274,72,16.762397303246,12.1501948949814,1,C,175,9
55.4198138749453,72,16.7887671897188,38.6310466852265,1,I,176,9
61.0867356889902,72,16.9019113155082,44.184824373482,1,C,177,9
46.1904732338653,40.0401024333632,16.9050257373601,23.1350766960031,0,I,178,9
25.2805337793048,72,16.9458972802386,8.33463649906627,1,C,179,9
22.2019947915207,72,17.1373389288783,5.06465586264237,1,I,180,9
36.7828013748674,40.8394525840213,17.1541604306549,19.6286409442126,1,C,181,9
23.0940594388255,27.9948072841597,17.3026160337031,5.79144340512245,1,I,182,9
33.9998886401167,72,17.4185413308442,16.5813473092726,1,C,183,9
19.5070291009396,72,17.4241642188281,2.08286488211149,1,I,184,9
38.0205786630836,43.0385726460886,17.4394158879295,20.5811627751541,1,C,185,9
19.7169827275673,72,17.4631581036374,2.25382462392989,1,I,186,9
29.8713721090212,72,17.613694681786,12.2576774272352,1,C,187,9
37.0355433403207,19.0684794734655,17.6347768167034,1.4337026567621,0,I,188,9
86.3163275725707,72,17.8283898951486,54.1716101048514,0,C,189,9
18.7244492026109,72,17.9074720200151,0.816977182595795,1,I,190,9
56.0184957845936,63.7234515394142,17.9091967782006,38.109299006393,1,C,191,9
35.6352552156373,72,17.9566610930488,17.6785941225886,1,I,192,9
107.939348987838,34.2959685047451,17.9728678381071,16.323100666638,0,C,193,9
44.8706246960036,72,18.019242757,26.8513819390036,1,I,194,9
133.865816005734,72,18.0475262738764,53.9524737261236,0,C,195,9
29.6250827139286,72,18.3505871566013,11.2744955573273,1,I,196,9
33.3192830029011,72,18.5155631275848,14.8037198753163,1,C,197,9
54.1100128287983,54.200751153922,18.6580010689795,35.4520117598188,1,I,198,9
27.8865707496558,72,18.6623033042997,9.22426744535604,1,C,199,9
68.739458661539,72,18.7336189253256,50.0058397362134,1,I,200,9
37.2730656908068,72,18.8907797494903,18.3822859413165,1,C,201,9
50.3549810157163,72,19.0458291582763,31.30915185744,1,I,202,9
20.7548442704643,72,19.115740545094,1.63910372537024,1,C,203,9
31.6256921149769,72,19.1198694705963,12.5058226443806,1,I,204,9
46.7999729946878,72,19.1400663508102,27.6599066438776,1,C,205,9
20.307971347134,72,19.1624287655577,1.14554258157632,1,I,206,9
52.49803153224,72,19.3129944708198,33.1850370614201,1,C,207,9
146.26776451194,72,19.5150644006208,52.4849355993792,0,I,208,9
35.3784696689151,72,19.5152824278921,15.863187241023,1,C,209,9
59.5651520181753,72,19.5891359634697,39.9760160547055,1,I,210,9
48.0386116789453,72,19.7433144645765,28.2952972143688,1,C,211,9
56.0208065701046,72,19.7997849946842,36.2210215754204,1,I,212,9
20.6742464483299,72,19.8482719715685,0.825974476761407,1,C,213,9
24.6100971745492,72,19.9060332449153,4.7040639296339,1,I,214,9
27.2333496420298,72,19.9628571700305,7.27049247199931,1,C,215,9
134.672810690734,72,20.1404819637537,51.8595180362463,0,I,216,9
28.539951747829,72,20.4374373145401,8.10251443328882,1,C,217,9
69.0961221447362,72,20.4597302433103,48.6363919014259,1,I,218,9
130.428752445265,72,20.5213702423498,51.4786297576502,0,C,219,9
41.0910851925264,55.6553338864887,20.5518710939214,20.539214098605,1,I,220,9
61.2549468990046,72,20.6116616958752,40.6432852031294,1,C,221,9
43.3449299162742,28.5416603146507,20.7954703224823,7.74618999216839,0,I,222,9
55.203391195957,72,20.8048539049923,34.3985372909646,1,C,223,9
33.7073919695226,72,20.8061386132613,12.9012533562614,1,I,224,9
45.8058522992166,72,20.8521645795554,24.9536877196612,1,C,225,9
76.1373042036933,72,20.8530160272494,51.1469839727506,0,I,226,9
21.7421036716579,72,20.8873272500932,0.854776421564714,1,C,227,9
61.7838240283306,72,20.8968125749379,40.8870114533926,1,I,228,9
105.642115062599,72,21.0617717821151,50.9382282178849,0,C,229,9
29.3559334369036,72,21.1015501851216,8.25438325178203,1,I,230,9
64.5664091506445,72,21.1990947369486,43.3673144136959,1,C,231,9
79.1658790973195,72,21.4280430413783,50.5719569586217,0,I,232,9
47.6010375958824,72,21.612493917346,25.9885436785364,1,C,233,9
35.4486335922411,72,21.6947529232129,13.7538806690282,1,I,234,9
90.3106091687546,72,21.7219136143103,50.2780863856897,0,C,235,9
27.939397483301,42.3307959378961,21.8092318531126,6.13016563018845,1,I,236,9
64.8005827356535,72,21.8204071512446,42.9801755844089,1,C,237,9
47.4553924831913,72,21.8253175634891,25.6300749197022,1,I,238,9
38.5353668110765,72,21.8460726924241,16.6892941186525,1,C,239,9
39.6904658981297,37.3306006303491,21.894362680614,15.4362379497351,0,I,240,9
40.1233404876562,72,21.9059921940789,18.2173482935773,1,C,241,9
147.693683227539,72,21.9517137575895,50.0482862424105,0,I,242,9
100.614437434791,72,22.3759820032865,49.6240179967135,0,C,243,9
71.9582175809813,72,22.4307153420523,49.527502238929,1,I,244,9
41.1676810548911,72,22.556163542904,18.6115175119871,1,C,245,9
22.8673869080513,72,22.8278460167348,0.0395408913164849,1,I,246,9
60.5203009451974,72,22.8552875574678,37.6650133877296,1,C,247,9
37.3308781061487,72,22.8749347524717,14.4559433536769,1,I,248,9
58.5309305388863,72,22.9255113797262,35.6054191591601,1,C,249,9
43.1084356302316,72,22.9406079137698,20.1678277164618,1,I,250,9
63.0156118116986,72,23.0240276176482,39.9915841940504,1,C,251,9
33.9322790304079,72,23.2073937775567,10.7248852528512,1,I,252,9
24.110730534596,29.1120411095202,23.2763936044648,0.834336930131153,1,C,253,9
50.2590290560452,72,23.5195766296238,26.7394524264214,1,I,254,9
49.016329316911,72,23.5978420218453,25.4184872950658,1,C,255,9
201.966254359584,42.6308888448524,23.6200634529814,19.010825391871,0,I,256,9
26.0661781194741,72,23.9802002487704,2.08597787070368,1,C,257,9
45.3593997462976,56.8318670119606,24.1026963293552,21.2567034169424,1,I,258,9
173.499051675459,72,24.1047106264159,47.8952893735841,0,C,259,9
64.2760511830941,72,24.2749668750912,40.0010843080028,1,I,260,9
28.981260426431,72,24.3221981590614,4.65906226736965,1,C,261,9
42.6716461827107,72,24.3655034294352,18.3061427532755,1,I,262,9
39.9079230705409,36.2184222429647,24.3825552798808,11.8358669630839,0,C,263,9
123.103076853262,72,24.3900222424418,47.6099777575582,0,I,264,9
126.67827793862,72,24.7358480701223,47.2641519298777,0,C,265,9
35.7877905481686,72,24.7388317063451,11.0489588418235,1,I,266,9
32.8930499678885,50.3324040354105,24.7793798334897,8.11367013439883,1,C,267,9
43.0322300586454,72,24.9486243026331,18.0836057560123,1,I,268,9
48.8713156989679,72,25.0212523480877,23.8500633508802,1,C,269,9
43.2718821925972,72,25.0355256954208,18.2363564971764,1,I,270,9
43.0814887872277,72,25.0834624702111,17.9980263170166,1,C,271,9
63.1381511673738,72,25.1776430010796,37.9605081662942,1,I,272,9
145.556743818275,72,25.2857288299128,46.7142711700872,0,C,273,9
43.2427841452145,72,25.3077299986035,17.935054146611,1,I,274,9
26.2208393181641,72,25.4652469139546,0.755592404209505,1,C,275,9
61.5804059429543,72,25.646206503734,35.9341994392203,1,I,276,9
104.626036384741,72,25.6789473351091,46.3210526648909,0,C,277,9
35.2581841126501,72,25.7179691875353,9.54021492511478,1,I,278,9
36.3794136211364,72,25.7777759246528,10.6016376964835,1,C,279,9
27.5355253084176,72,25.9254835546017,1.61004175381588,1,I,280,9
63.1536470855687,72,25.9910335019231,37.1626135836456,1,C,281,9
69.2555601156697,72,26.0175999859348,43.2379601297349,1,I,282,9
99.3695544822303,72,26.0784273874015,45.9215726125985,0,C,283,9
55.3203600707497,72,26.3519261078909,28.9684339628588,1,I,284,9
26.5348910736168,72,26.5319193759933,0.00297169762346061,1,C,285,9
55.9295586271704,72,26.5526398457587,29.3769187814117,1,I,286,9
129.343608576821,72,26.6128071444109,45.3871928555891,0,C,287,9
39.9655922717871,72,26.6415900550783,13.3240022167089,1,I,288,9
43.4250736634417,72,26.6943546803668,16.7307189830749,1,C,289,9
48.9631060562439,72,26.7373271193355,22.2257789369084,1,I,290,9
36.7935913981194,72,26.8861203314737,9.90747106664576,1,C,291,9
66.8213819120106,72,26.9107088400051,39.9106730720055,1,I,292,9
34.9779392695614,72,27.0289292000234,7.94901006953796,1,C,293,9
57.3488697947323,72,27.0561784878373,30.292691306895,1,I,294,9
64.4565517024621,72,27.2795700235292,37.1769816789329,1,C,295,9
31.3575443122341,72,27.3624585103244,3.99508580190973,1,I,296,9
78.7792922936148,72,27.3947240877897,44.6052759122103,0,C,297,9
38.886407962828,72,27.4022498074919,11.4841581553361,1,I,298,9
88.8131503740885,72,27.4290398787707,44.5709601212293,0,C,299,9
39.6335659517928,72,27.526498711668,12.1070672401248,1,I,300,9
38.5699325208803,72,27.7212845860049,10.8486479348754,1,C,301,9
33.9325947489042,72,27.7947265282273,6.13786822067689,1,I,302,9
29.1239709102819,72,27.8003445267677,1.32362638351413,1,C,303,9
53.4277213006754,72,27.8238418791443,25.6038794215311,1,I,304,9
74.5449231954538,72,27.8983538411558,44.1016461588442,0,C,305,9
95.2784560526838,53.3210779463091,27.8986519295722,25.4224260167369,0,I,306,9
45.0996342441885,72,27.9437850834802,17.1558491607083,1,C,307,9
56.6994865924521,72,28.0544986668974,28.6449879255547,1,I,308,9
33.2840828094472,72,28.1868227245286,5.09726008491863,1,C,309,9
36.2081937641816,72,28.2737222732976,7.93447149088396,1,I,310,9
44.4279946269922,72,28.322263341397,16.1057312855951,1,C,311,9
64.1386097733733,72,28.3560056984425,35.7826040749308,1,I,312,9
64.9919469141406,72,28.360442603007,36.6315043111336,1,C,313,9
33.95279031344,72,28.3942472375929,5.55854307584709,1,I,314,9
39.2082622987318,72,28.4275601897389,10.7807021089929,1,C,315,9
79.945745887968,72,28.5754311550409,43.4245688449591,0,I,316,9
33.9561879231069,72,28.6423623422161,5.31382558089086,1,C,317,9
38.2262861814153,67.3325163474716,28.7139928154647,9.51229336595055,1,I,318,9
114.525872702738,72,28.7272132840008,43.2727867159992,0,C,319,9
101.531939035732,30.0232574617547,28.8720939354971,1.15116352625758,0,I,320,9
38.1219093237024,72,28.9602629933506,9.16164633035181,1,C,321,9
83.6816838600122,69.0489939142151,29.1643672529608,39.8846266612543,0,I,322,9
33.2891142871747,72,29.1973423445597,4.09177194261495,1,C,323,9
36.3937486254746,72,29.5745413284749,6.81920729699969,1,I,324,9
75.3572724616519,72,29.676132244058,42.3238677559421,0,C,325,9
43.3695304658766,38.5476396569529,29.8694515787065,8.67818807824644,0,I,326,9
51.977602432646,34.0319658046383,30.0589266372845,3.97303916735385,0,C,327,9
45.0285168398062,72,30.149695747532,14.8788210922743,1,I,328,9
96.7190444743664,72,30.1761129917577,41.8238870082423,0,C,329,9
84.6338900660103,72,30.2650750754401,41.7349249245599,0,I,330,9
70.4209914392356,72,30.3098304849118,40.1111609543238,1,C,331,9
46.2969524601865,72,30.3772707469761,15.9196817132103,1,I,332,9
120.280761205818,72,30.5889989901334,41.4110010098666,0,C,333,9
89.4451341835532,72,30.8064481755719,41.1935518244281,0,I,334,9
44.1613666804621,72,31.0915823746473,13.0697843058149,1,C,335,9
41.7485065650851,72,31.0996834980324,10.6488230670527,1,I,336,9
33.1068980917362,72,31.413622610271,1.69327548146524,1,C,337,9
113.320363326208,63.9747930252173,31.8436374608427,32.1311555643745,0,I,338,9
33.1820238058336,32.9687451123595,31.8451363407075,1.12360877165197,0,C,339,9
105.511928098085,72,31.9985584588721,40.0014415411279,0,I,340,9
39.2436004565991,72,32.3414319986478,6.90216845795134,1,C,341,9
38.1193018480652,72,32.5802580965683,5.53904375149689,1,I,342,9
108.227244373962,72,32.7086373791099,39.2913626208901,0,C,343,9
76.7496561083172,72,32.8623571665958,39.1376428334042,0,I,344,9
34.3876304476367,72,33.1355375004932,1.25209294714343,1,C,345,9
45.7972976101632,72,33.1462397100404,12.6510579001228,1,I,346,9
45.9882900112708,69.5042169253187,33.3850345993415,12.6032554119293,1,C,347,9
74.6249899767942,72,33.4166199993342,38.5833800006658,0,I,348,9
38.1489543322823,72,33.537420895882,4.61153343640033,1,C,349,9
62.8119722992587,36.3548882615693,33.6167095508426,2.73817871072666,0,I,350,9
46.2882583261754,72,33.7252843659371,12.5629739602382,1,C,351,9
34.6381239940846,72,33.7537682102993,0.884355783785292,1,I,352,9
53.4678638001694,72,33.7569910101593,19.7108727900101,1,C,353,9
46.8865547395312,72,33.8917153934017,12.9948393461295,1,I,354,9
57.9125240417563,72,33.91504033003,23.9974837117262,1,C,355,9
98.9134082499114,72,34.1838372079656,37.8161627920345,0,I,356,9
42.2098752458221,72,34.3667703587562,7.84310488706589,1,C,357,9
52.3681652714893,72,34.4342445675284,17.933920703961,1,I,358,9
66.3550079672762,72,34.5270191319287,31.8279888353475,1,C,359,9
92.5539583038765,72,34.6930267196149,37.3069732803851,0,I,360,9
43.4476729513656,72,34.9204115336761,8.52726141768951,1,C,361,9
42.8726559745216,72,35.0376654462889,7.8349905282327,1,I,362,9
58.0796909183524,72,35.1033853786066,22.9763055397458,1,C,363,9
62.88850538033,72,35.2041171072051,27.6843882731249,1,I,364,9
114.371941126933,72,35.3020439855754,36.6979560144246,0,C,365,9
54.0369285795974,72,35.4225053871051,18.6144231924923,1,I,366,9
48.5576043363793,72,35.8074698969722,12.7501344394071,1,C,367,9
37.0760959212659,72,35.8399252267554,1.23617069451044,1,I,368,9
83.9602333939438,72,35.970925251022,36.029074748978,0,C,369,9
88.7380537922066,72,36.0116669721901,35.9883330278099,0,I,370,9
47.4965235772592,72,36.0738576203585,11.4226659569007,1,C,371,9
64.0701376860175,72,36.1857843166217,27.8843533693957,1,I,372,9
105.971814114856,72,36.2894796906039,35.7105203093961,0,C,373,9
74.5175552109689,72,36.6638571722433,35.3361428277567,0,I,374,9
58.9111102992817,72,36.6955433646217,22.21556693466,1,C,375,9
41.2686164352394,72,36.7948889220133,4.4737275132261,1,I,376,9
65.7034008128865,72,36.8650915240869,28.8383092887996,1,C,377,9
38.0224506216806,72,36.8938259175047,1.12862470417584,1,I,378,9
37.4842835572101,39.5703257949866,36.9843741226941,0.499909434515959,1,C,379,9
151.215695138402,72,37.1781065873802,34.8218934126198,0,I,380,9
43.4993697502765,72,37.3538762284443,6.14549352183221,1,C,381,9
63.4335707133214,72,37.4252878921106,26.0082828212107,1,I,382,9
151.592567149629,72,37.6085132500157,34.3914867499843,0,C,383,9
111.21126882392,72,37.6634865207598,34.3365134792402,0,I,384,9
117.762520177059,72,37.8577132243663,34.1422867756337,0,C,385,9
91.194515526612,72,38.2886174228042,33.7113825771958,0,I,386,9
42.1353693348965,72,38.3517082454637,3.78366108943283,1,C,387,9
178.153486877235,72,38.3522842917591,33.6477157082409,0,I,388,9
74.9201404702447,72,38.3641925593838,33.6358074406162,0,C,389,9
60.1135652356307,72,38.446284472011,21.6672807636197,1,I,390,9
110.029227144352,72,38.7608234910294,33.2391765089706,0,C,391,9
51.5614314188334,72,38.9535110956058,12.6079203232276,1,I,392,9
44.4502632334898,72,39.1460218001157,5.3042414333741,1,C,393,9
49.0398847466588,72,39.3573339097202,9.68255083693863,1,I,394,9
51.0983254409259,72,39.3775487411767,11.7207766997491,1,C,395,9
93.9974563421673,72,39.4534966908395,32.5465033091605,0,I,396,9
60.1986570501344,72,39.5363122830167,20.6623447671176,1,C,397,9
88.632810602904,47.9666196095903,39.6774573856965,8.28916222389388,0,I,398,9
66.9057065926566,72,39.6850130427629,27.2206935498938,1,C,399,9
57.9648999529946,72,39.900219803676,18.0646801493186,1,I,400,9
55.5237728534166,72,39.9531525420025,15.5706203114141,1,C,401,9
41.1848072534308,72,40.050638797693,1.13416845573789,1,I,402,9
40.6580471804502,72,40.1738988049328,0.484148375517395,1,C,403,9
84.1988481309702,72,40.2638499531895,31.7361500468105,0,I,404,9
158.764963956987,72,40.3468276793137,31.6531723206863,0,C,405,9
66.8223482768875,61.7132437428735,40.4306502593681,21.2825934835054,0,I,406,9
62.7312103389382,72,40.4499956499785,22.2812146889596,1,C,407,9
48.5028212774848,72,40.480989147909,8.02183212957576,1,I,408,9
78.2359406253118,72,40.6810684455559,31.3189315544441,0,C,409,9
87.0269339194642,72,40.7676960714161,31.2323039285839,0,I,410,9
42.2630544460565,72,40.8543715858832,1.40868286017326,1,C,411,9
46.7845249671322,72,40.8545360388234,5.92998892830881,1,I,412,9
54.3809661284623,72,40.8661418454722,13.5148242829901,1,C,413,9
93.6323241880934,42.1616366358067,41.2218259088695,0.939810726937154,0,I,414,9
65.5293948160599,72,41.3071902142838,24.2222046017761,1,C,415,9
49.3311450489353,72,41.3402742426842,7.99087080625105,1,I,416,9
168.846795176918,72,41.3956068595871,30.6043931404129,0,C,417,9
78.2565734300301,72,41.5079512959346,30.4920487040654,0,I,418,9
42.3789252954539,72,41.6101357759908,0.768789519463085,1,C,419,9
144.833643717438,72,41.6768082417548,30.3231917582452,0,I,420,9
50.7349453557927,72,41.8600275926292,8.87491776316353,1,C,421,9
48.4448684174601,72,41.8642420135438,6.58062640391627,1,I,422,9
57.2654259338956,72,41.8960617436096,15.3693641902859,1,C,423,9
51.7137962061645,72,41.903610653244,9.81018555292049,1,I,424,9
52.8354970733224,72,42.1203620312735,10.7151350420489,1,C,425,9
71.9108098276985,60.4137613903213,42.6453412603587,17.7684201299626,0,I,426,9
62.2947431480087,72,42.8001645812765,19.4945785667322,1,C,427,9
51.1588377567968,72,42.9505059868097,8.20833176998711,1,I,428,9
83.6854536567936,72,43.002166422084,28.997833577916,0,C,429,9
48.3789333339227,72,43.0621624505147,5.316770883408,1,I,430,9
65.629112494771,58.0576058953345,43.1405499391258,14.9170559562087,0,C,431,9
45.8564615819542,72,43.2767575839534,2.57970399800071,1,I,432,9
62.3079346095209,72,43.3840399794281,18.9238946300929,1,C,433,9
65.5475226739998,72,43.5636227577925,21.9838999162074,1,I,434,9
65.9123482238035,51.0476714721297,43.5988361109048,7.44883536122489,0,C,435,9
45.7711323401431,72,43.8016845379025,1.96944780224065,1,I,436,9
65.5222564950669,72,43.8642881624401,21.6579683326268,1,C,437,9
58.1775626402098,72,44.2939149728045,13.8836476674053,1,I,438,9
116.909991576298,72,44.5918109128252,27.4081890871748,0,C,439,9
72.3967744659628,72,44.6139772469178,27.3860227530822,0,I,440,9
73.021450454541,72,44.6926060505211,27.3073939494789,0,C,441,9
90.4512213880154,72,44.8561626859009,27.1438373140991,0,I,442,9
101.458197004148,72,44.9326511286199,27.0673488713801,0,C,443,9
91.2634463245897,72,45.0759633863345,26.9240366136655,0,I,444,9
111.718606199338,72,45.0890595372766,26.9109404627234,0,C,445,9
136.434385526045,72,45.2074298914522,26.7925701085478,0,I,446,9
46.3402680578316,72,45.3000732231885,1.04019483464303,1,C,447,9
48.3406122893807,72,45.527514712885,2.81309757649567,1,I,448,9
112.187045717453,72,45.5445790383965,26.4554209616035,0,C,449,9
51.2742347726947,72,45.6058863876388,5.66834838505595,1,I,450,9
82.2376068022667,72,45.779552673921,26.220447326079,0,C,451,9
55.2692321974114,72,45.7945147482678,9.4747174491436,1,I,452,9
48.261428338321,72,45.798312490806,2.46311584751501,1,C,453,9
88.7375606366813,72,45.8516043238342,26.1483956761658,0,I,454,9
50.5121274179345,72,46.433794205077,4.0783332128575,1,C,455,9
156.74983742588,72,46.6217942442745,25.3782057557255,0,I,456,9
61.1274169672546,72,46.6320586111397,14.4953583561149,1,C,457,9
66.8420965782294,72,46.7127827508375,20.1293138273919,1,I,458,9
47.7961469043188,72,46.7788080498576,1.01733885446119,1,C,459,9
64.4788205476223,72,46.8481996748596,17.6306208727626,1,I,460,9
63.8462288423654,72,46.9609033176675,16.8853255246979,1,C,461,9
53.4162038013658,72,47.0305416639894,6.38566213737638,1,I,462,9
138.136799165576,72,47.0599254732952,24.9400745267049,0,C,463,9
131.974713072466,72,47.077040662989,24.922959337011,0,I,464,9
62.5700545890006,72,47.4026875616983,15.1673670273023,1,C,465,9
57.8903216940252,72,47.4535900773481,10.4367316166772,1,I,466,9
52.177665473724,72,47.5817280868068,4.59593738691712,1,C,467,9
53.2328016708285,51.0712292461835,47.6007480081171,3.47048123806638,0,I,468,9
66.7267867524063,72,47.6077751861885,19.1190115662177,1,C,469,9
74.2468900858532,72,47.750377189368,24.249622810632,0,I,470,9
64.1035301145335,72,47.7897060569376,16.3138240575959,1,C,471,9
174.413344429317,72,47.8421617671847,24.1578382328153,0,I,472,9
83.3044758923269,72,48.3138349978253,23.6861650021747,0,C,473,9
106.250481595637,72,48.3690283354372,23.6309716645628,0,I,474,9
135.435116162941,50.4789215856663,48.7240027170628,1.75491886860344,0,C,475,9
49.9117481699275,72,48.78614671994,1.12560144998753,1,I,476,9
137.20404973326,72,48.7932167993859,23.2067832006142,0,C,477,9
62.6378331578234,72,48.8559072185308,13.7819259392926,1,I,478,9
54.0016500127496,72,49.0892863227055,4.91236369004412,1,C,479,9
88.7607532421074,72,49.1288242768496,22.8711757231504,0,I,480,9
70.7012943071829,72,49.1451308783144,21.5561634288686,1,C,481,9
187.415599284036,72,49.2465966939926,22.7534033060074,0,I,482,9
148.094768328529,72,49.3605171376839,22.6394828623161,0,C,483,9
59.2925595733879,58.3711667050333,49.3686103960499,9.00255630898333,0,I,484,9
69.3330723651647,72,49.532800829038,19.8002715361267,1,C,485,9
54.5818564753443,72,49.5465430431068,5.03531343223754,1,I,486,9
51.9229178523984,72,49.5566224772483,2.36629537515003,1,C,487,9
156.885600832332,72,49.5923805143684,22.4076194856316,0,I,488,9
197.863431202967,72,49.8838388314471,22.1161611685529,0,C,489,9
76.5225852199303,72,49.9267294071615,22.0732705928385,0,I,490,9
54.3312080881358,72,50.0023760274053,4.32883206073055,1,C,491,9
116.389206899783,60.9750610941588,50.1310486346483,10.8440124595105,0,I,492,9
124.286066346376,72,50.1879710610956,21.8120289389044,0,C,493,9
115.962915353912,61.0305592555116,50.2175182895735,10.8130409659381,0,I,494,9
52.4133386205883,72,50.3350178478286,2.07832077275975,1,C,495,9
80.7892754517659,72,50.374306300655,21.625693699345,0,I,496,9
122.471650929208,72,50.5611939216033,21.4388060783967,0,C,497,9
100.073461398491,72,50.7168108830228,21.2831891169772,0,I,498,9
104.24877972922,72,51.2162077613175,20.7837922386825,0,C,499,9
68.3013437193117,72,51.3025172520429,16.9988264672688,1,I,500,9
52.8152651758514,72,51.3335221912712,1.4817429845802,1,C,501,9
112.293743456586,72,51.391647127457,20.608352872543,0,I,502,9
71.4290706630019,72,51.4717700751498,19.9573005878521,1,C,503,9
119.533142786409,72,51.515012299642,20.484987700358,0,I,504,9
66.822756518102,72,51.6382417827845,15.1845147353175,1,C,505,9
77.5790224038791,72,51.7039077635855,20.2960922364146,0,I,506,9
79.3616548826652,72,52.1193784335628,19.8806215664372,0,C,507,9
72.3119127963854,72,52.1241269772872,19.8758730227128,0,I,508,9
100.460139718437,72,52.2783554764465,19.7216445235536,0,C,509,9
62.6217645534202,72,52.2926299134269,10.3291346399933,1,I,510,9
91.2527335381369,72,52.3312023142353,19.6687976857647,0,C,511,9
54.9269323278434,72,52.3590276623145,2.56790466552897,1,I,512,9
56.120999450978,72,52.3632994573563,3.75769999362169,1,C,513,9
88.6599465383123,61.9816196187338,52.4798450013623,9.50177461737151,0,I,514,9
55.9175377218606,72,52.5153563870117,3.40218133484887,1,C,515,9
58.3272844383859,72,52.6907095732167,5.63657486516913,1,I,516,9
186.541143125635,72,52.9519843356684,19.0480156643316,0,C,517,9
79.8964478206391,72,53.0828142771497,18.9171857228503,0,I,518,9
81.4647080197134,72,53.1044441275299,18.8955558724701,0,C,519,9
106.770076442588,72,53.1818790268153,18.8181209731847,0,I,520,9
210.017327412194,72,53.2706164615229,18.7293835384771,0,C,521,9
97.0240026037107,72,53.562423074618,18.437576925382,0,I,522,9
55.777345972364,72,53.6852403497323,2.09210562263164,1,C,523,9
142.94304053753,72,53.6858119117096,18.3141880882904,0,I,524,9
222.532525343351,72,53.7799857649952,18.2200142350048,0,C,525,9
129.12882933212,57.577961667074,53.8509774953127,3.7269841717613,0,I,526,9
63.6863147554152,72,53.8642659410834,9.82204881433172,1,C,527,9
63.7333319511164,72,53.8893118361011,9.84402011501526,1,I,528,9
61.0728642836123,72,54.0268103359267,7.04605394768557,1,C,529,9
73.0921864037618,72,54.094723155722,17.905276844278,0,I,530,9
104.978822068356,72,54.5619065081701,17.4380934918299,0,C,531,9
76.6695601496932,72,54.6421658433974,17.3578341566026,0,I,532,9
125.525001454027,72,54.7586762951687,17.2413237048313,0,C,533,9
72.3073000865112,72,54.7636143676937,17.2363856323063,0,I,534,9
114.194651906839,72,54.7773328889161,17.2226671110839,0,C,535,9
57.2661840177958,72,54.8315516905859,2.43463232720992,1,I,536,9
60.4419404683244,72,54.8480644030497,5.59387606527478,1,C,537,9
60.9942741940488,72,54.9677594611421,6.02651473290668,1,I,538,9
68.2306706782803,72,55.0046047987416,13.2260658795386,1,C,539,9
93.3744848406276,72,55.0351360347122,16.9648639652878,0,I,540,9
68.1566738238325,72,55.1748893642798,12.9817844595527,1,C,541,9
71.6033278451719,72,55.1810839818791,16.4222438632928,1,I,542,9
115.545379537916,72,55.439876918681,16.560123081319,0,C,543,9
82.1889272224972,72,55.8969602314755,16.1030397685245,0,I,544,9
64.2272824652772,72,55.9280719701201,8.29921049515714,1,C,545,9
154.089235833109,72,56.044295411557,15.955704588443,0,I,546,9
72.3844821813192,72,56.0535377031192,15.9464622968808,0,C,547,9
97.4503592649576,72,56.1104887537658,15.8895112462342,0,I,548,9
63.8809739466488,72,56.1676354100928,7.71333853655603,1,C,549,9
95.4140274540391,72,56.2492680922151,15.7507319077849,0,I,550,9
71.9550732138083,72,56.3654567766935,15.5896164371148,1,C,551,9
173.174252007404,72,56.5896800067276,15.4103199932724,0,I,552,9
62.7363964662592,72,56.7165389936417,6.01985747261744,1,C,553,9
57.6706031489053,72,56.7287637619302,0.941839386975105,1,I,554,9
79.4290662386666,72,56.9373916788027,15.0626083211973,0,C,555,9
67.5278879955511,72,57.0788141107187,10.4490738848324,1,I,556,9
69.175457209457,72,57.2444641124457,11.9309930970113,1,C,557,9
61.9378354118927,72,57.3516340227798,4.58620138911296,1,I,558,9
84.1778602229669,72,57.4414151860401,14.5585848139599,0,C,559,9
85.2892687930476,72,57.6844826946035,14.3155173053965,0,I,560,9
63.73561512812,72,57.6987588498741,6.03685627824588,1,C,561,9
61.5635946193148,72,57.8369496809319,3.72664493838289,1,I,562,9
76.6755875396688,72,57.9472403973341,14.0527596026659,0,C,563,9
128.265182204473,72,57.9551911354065,14.0448088645935,0,I,564,9
64.9170551433843,72,58.0882520182058,6.82880312517843,1,C,565,9
77.5648284723987,72,58.1299327500165,13.8700672499835,0,I,566,9
78.5561062656056,59.9047475333191,58.1417254870758,1.76302204624336,0,C,567,9
70.9373508176352,72,58.1975354254246,12.7398153922106,1,I,568,9
95.6259778161668,72,58.2874159282073,13.7125840717927,0,C,569,9
72.1214413811103,72,58.2887228066102,13.7112771933898,0,I,570,9
244.972465175863,72,58.7112451158464,13.2887548841536,0,C,571,9
74.0763834359337,72,58.8101561414078,13.1898438585922,0,I,572,9
82.5366510358022,72,58.8500799285248,13.1499200714752,0,C,573,9
66.1030093224394,72,58.9585492713377,7.14446005110173,1,I,574,9
67.851219791746,72,59.267284758389,8.58393503335701,1,C,575,9
77.8750102700324,72,59.29094013758,12.70905986242,0,I,576,9
74.0532947511593,72,59.3708544457331,12.6291455542669,0,C,577,9
64.1923328872959,72,59.4110282091424,4.78130467815348,1,I,578,9
69.6303495827459,72,59.5981932990253,10.0321562837206,1,C,579,9
59.8983089139727,72,59.60214628838,0.296162625592643,1,I,580,9
61.8125433130576,72,59.8886418202892,1.92390149276841,1,C,581,9
63.9532328824412,71.2481775387204,59.9226821679622,4.03055071447897,1,I,582,9
82.6489198048908,72,59.9280964862555,12.0719035137445,0,C,583,9
62.2552029851151,72,59.9532384239137,2.30196456120138,1,I,584,9
19.1044574043713,72,0.00595305114984512,19.0985043532215,1,C,1,10
54.8739393359951,72,0.0394316157326102,54.8345077202625,1,I,2,10
84.4077733627561,36.9475945898746,0.0764453737065196,36.8711492161681,0,C,3,10
16.5564500616869,72,0.372967519797385,16.1834825418895,1,I,4,10
12.1164411977799,72,0.469272402115166,11.6471687956648,1,C,5,10
118.389350293335,72,0.477677159942687,71.5223228400573,0,I,6,10
2.13853557232886,72,0.53078277502209,1.60775279730678,1,C,7,10
3.50886445659559,22.9409438359368,0.532459407113493,2.9764050494821,1,I,8,10
35.811927294772,44.3352581194858,0.537773603573442,35.2741536911985,1,C,9,10
48.7982627364714,72,0.576338432729244,48.2219243037421,1,I,10,10
55.8781980721199,72,0.742388600483537,55.1358094716363,1,C,11,10
81.2103660667312,72,0.77642010524869,71.2235798947513,0,I,12,10
19.7819359725817,72,0.948827429674566,18.8331085429071,1,C,13,10
61.8361027592414,48.9358255608959,1.23237553518265,47.7034500257133,0,I,14,10
25.7971131571614,72,1.2332813674584,24.563831789703,1,C,15,10
17.9967757440096,72,1.30383897107095,16.6929367729387,1,I,16,10
5.58476585298819,72,1.4819203549996,4.10284549798859,1,C,17,10
13.6014874065175,72,1.55399142298847,12.0474959835291,1,I,18,10
23.2220730365878,28.8825070723714,1.65782701224089,21.5642460243469,1,C,19,10
35.891788484102,72,1.68800789862871,34.2037805854733,1,I,20,10
32.7868038068937,72,1.68893060646951,31.0978732004242,1,C,21,10
15.4770507216056,72,1.69144129380584,13.7856094277998,1,I,22,10
13.5644709337256,72,1.83276761323214,11.7317033204935,1,C,23,10
54.9302330002285,72,1.88052888493985,53.0497041152887,1,I,24,10
18.205780421244,72,1.93303639534861,16.2727440258954,1,C,25,10
37.2733637952091,72,2.10609840229154,35.1672653929176,1,I,26,10
37.6609742600835,48.1235676618029,2.19283253420144,35.4681417258821,1,C,27,10
4.67928176455376,72,2.44311550632119,2.23616625823257,1,I,28,10
51.6833462943625,32.9078643064485,2.48484643176198,30.4230178746865,0,C,29,10
14.2521579365365,72,2.56198130082339,11.6901766357131,1,I,30,10
5.82557585846799,72,2.83321826253086,2.99235759593713,1,C,31,10
38.5301933713104,72,2.91944101452827,35.6107523567821,1,I,32,10
12.0858985299104,13.1743896519986,3.10277929063886,8.98311923927155,1,C,33,10
33.9606443949886,58.3296484024589,3.19744320586324,30.7632011891254,1,I,34,10
21.3996521878949,72,3.20772462990135,18.1919275579935,1,C,35,10
83.9727240529067,72,3.38746955618262,68.6125304438174,0,I,36,10
47.7334075527905,72,3.49030715413392,44.2431003986565,1,C,37,10
54.5812762785371,72,3.56346745043993,51.0178088280972,1,I,38,10
30.4233609448643,72,3.59971753321588,26.8236434116484,1,C,39,10
102.51511263857,72,4.01865009684116,67.9813499031589,0,I,40,10
17.9948373051705,27.5660456320321,4.31895910296589,13.6758782022046,1,C,41,10
63.6470336959189,72,4.52938697766513,59.1176467182538,1,I,42,10
23.1493058779741,72,4.56869962625206,18.580606251722,1,C,43,10
56.4294188551302,72,4.57362356130034,51.8557952938299,1,I,44,10
12.0323985723958,60.2298127251354,4.63827467523515,7.39412389716068,1,C,45,10
51.3907570121091,72,4.68414929229766,46.7066077198114,1,I,46,10
8.63220240831957,72,4.82388151343912,3.80832089488045,1,C,47,10
28.6520287522575,72,4.82811839785427,23.8239103544033,1,I,48,10
24.4528098181097,72,4.92326692678034,19.5295428913294,1,C,49,10
5.45084057640761,19.7334973249889,4.9452865915373,0.505553984870316,1,I,50,10
9.7096465099199,72,4.94702157564461,4.76262493427528,1,C,51,10
10.2959006900272,72,5.00998391769826,5.28591677232896,1,I,52,10
42.7769931968618,72,5.14883059076965,37.6281626060921,1,C,53,10
25.3128193772655,72,5.18154244869947,20.131276928566,1,I,54,10
15.9490413046971,72,5.36041831132025,10.5886229933769,1,C,55,10
17.0220331511653,72,5.36201513372362,11.6600180174417,1,I,56,10
28.1894017173306,72,5.38429160602391,22.8051101113066,1,C,57,10
66.5556976439461,29.6354462884366,5.40246387943626,24.2329824090004,0,I,58,10
5.76943854374604,27.6142349357637,5.48014365602285,0.289294887723194,1,C,59,10
115.386741228578,14.3364058639566,5.50331235397607,8.83309350998055,0,I,60,10
5.88243307449139,72,5.51783449016511,0.364598584326279,1,C,61,10
17.1149449928127,72,5.7278596283868,11.3870853644259,1,I,62,10
32.5637552042467,28.2648987784254,6.17429573088884,22.0906030475366,0,C,63,10
25.6008125204744,72,6.28271710127592,19.3180954191985,1,I,64,10
17.8169376077516,72,6.69128225650638,11.1256553512452,1,C,65,10
44.1525930649574,17.6047647514931,6.73876332119107,10.866001430302,0,I,66,10
21.0563051805532,72,6.80928456131369,14.2470206192395,1,C,67,10
7.93188053834826,72,6.91660026088357,1.01528027746469,1,I,68,10
14.3723771133258,53.7126436449195,6.92663029767573,7.44574681565005,1,C,69,10
77.4891640512825,72,7.07133905030787,64.9286609496921,0,I,70,10
24.857329370852,70.2143629859902,7.1133348159492,17.7439945549028,1,C,71,10
11.7249899482278,58.4084477327802,7.22137031145394,4.50361963677389,1,I,72,10
11.5584268608512,72,7.26227296516299,4.29615389568816,1,C,73,10
9.0266752248294,72,7.30112803168595,1.72554719314345,1,I,74,10
66.9573303502923,72,7.32692395336926,59.6304063969231,1,C,75,10
14.9234854903505,72,7.3810925334692,7.54239295688134,1,I,76,10
33.2604492685962,72,7.39216016605496,25.8682891025412,1,C,77,10
101.574110889306,32.7684343353687,7.50369273126125,25.2647416041074,0,I,78,10
41.3637192819687,72,7.52530104015023,33.8384182418185,1,C,79,10
10.5431003179897,20.9930377327506,7.81499915756285,2.72810116042686,1,I,80,10
27.751808145151,72,7.95995583292097,19.79185231223,1,C,81,10
10.1246159815351,72,8.21753575466573,1.90708022686932,1,I,82,10
130.218860979969,72,8.38226962834597,63.617730371654,0,C,83,10
34.2313338824361,72,8.54217260610312,25.689161276333,1,I,84,10
32.3244495871891,72,8.60818366985768,23.7162659173314,1,C,85,10
24.8836398569798,72,8.68823083117604,16.1954090258038,1,I,86,10
13.5717826930594,72,8.69505917653441,4.87672351652496,1,C,87,10
43.978304419116,66.3067039923669,8.81615053396672,35.1621538851493,1,I,88,10
50.5146486714962,37.3721088528306,9.23382835462689,28.1382804982037,0,C,89,10
31.3115618729743,72,9.44721445441246,21.8643474185618,1,I,90,10
124.225359459554,72,9.63092900812626,62.3690709918737,0,C,91,10
35.447214573195,47.9107222448313,9.74347396753728,25.7037406056577,1,I,92,10
30.373297388119,72,9.82945189811289,20.5438454900062,1,C,93,10
70.5830545754575,72,9.94829001836479,60.6347645570928,1,I,94,10
10.7105985982842,72,9.97203317005187,0.738565428232286,1,C,95,10
37.2221430534735,72,9.97986517846584,27.2422778750076,1,I,96,10
35.9090559420482,72,10.0467670708895,25.8622888711588,1,C,97,10
19.76553718886,72,10.2073260443285,9.55821114453152,1,I,98,10
15.10783379512,54.4530471040977,10.3492617281154,4.75857206700459,1,C,99,10
25.9929656369834,72,10.7863987376913,15.2065668992921,1,I,100,10
28.1824625091548,72,10.8772655250505,17.3051969841043,1,C,101,10
14.499137339457,41.4030573895283,10.8863449422643,3.61279239719274,1,I,102,10
21.434582106342,72,10.9306656382978,10.5039164680442,1,C,103,10
24.3836030382521,20.0912203281099,10.9547753026709,9.13644502543904,0,I,104,10
113.588429467833,72,11.0927085299045,60.9072914700955,0,C,105,10
54.2659475626446,65.287307344876,11.3298247614875,42.936122801157,1,I,106,10
14.0190076662238,72,11.4963588723913,2.52264879383248,1,C,107,10
25.6249249108661,72,11.6170257423073,14.0078991685588,1,I,108,10
15.4761055240535,72,11.6598973749205,3.81620814913292,1,C,109,10
40.3545082272725,72,11.8696613749489,28.4848468523236,1,I,110,10
63.1211978643847,72,11.9474840909243,51.1737137734605,1,C,111,10
51.8350228708872,65.4316143029206,11.9634248083457,39.8715980625415,1,I,112,10
18.1296175943497,72,12.0090833678842,6.12053422646551,1,C,113,10
33.8177416473258,30.8569591565365,12.0153706613928,18.8415884951437,0,I,114,10
31.2619080000332,20.6200807846299,12.0579241868109,8.562156597819,0,C,115,10
18.7693430835218,72,12.125394414179,6.64394866934275,1,I,116,10
59.487550121751,72,12.2432930208743,47.2442571008767,1,C,117,10
27.0792269827305,72,12.5723517592996,14.5068752234308,1,I,118,10
94.3912855316965,72,12.5903524691239,59.4096475308761,0,C,119,10
24.5160466680372,72,12.6674136472866,11.8486330207506,1,I,120,10
90.6004405113773,72,12.8262644866481,59.1737355133519,0,C,121,10
39.6545661186759,72,13.0331189883873,26.6214471302886,1,I,122,10
19.7711348740646,27.1505926332865,13.0399823281914,6.73115254587316,1,C,123,10
122.225940789653,72,13.5932826809585,58.4067173190415,0,I,124,10
86.3742633064787,72,13.6099004745483,58.3900995254517,0,C,125,10
30.4818125298193,72,13.627009280026,16.8548032497933,1,I,126,10
19.530376490396,72,13.6436032550409,5.88677323535503,1,C,127,10
18.8082146409192,72,13.6798501107842,5.12836453013504,1,I,128,10
59.0940069776621,72,13.7210745597258,45.3729324179362,1,C,129,10
30.9761063724169,67.2995133961966,13.8719004951417,17.1042058772752,1,I,130,10
88.0784236930783,40.2710426859564,14.0604876866564,26.2105549993,0,C,131,10
136.940118925654,72,14.0685504768044,57.9314495231956,0,I,132,10
40.7496314982697,72,14.0700551541522,26.6795763441175,1,C,133,10
59.675474542154,72,14.0744358301163,45.6010387120377,1,I,134,10
47.4965715922473,72,14.240554086864,33.2560175053833,1,C,135,10
91.0496072657592,72,14.3123756255955,57.6876243744046,0,I,136,10
14.6757211617292,72,14.3998970277607,0.275824133968409,1,C,137,10
42.7126009734062,72,14.5014865323901,28.211114441016,1,I,138,10
44.8109450912545,72,14.5072463527322,30.3036987385223,1,C,139,10
102.692628105311,72,14.5854406384751,57.4145593615249,0,I,140,10
36.8391607449477,43.57363887855,14.5889646280557,22.250196116892,1,C,141,10
67.0661895975669,72,14.6018673107028,52.4643222868641,1,I,142,10
33.9190712032994,72,14.7155328188092,19.2035383844902,1,C,143,10
42.4607297002358,16.7407305680791,14.8159457137808,1.92478485429825,0,I,144,10
17.1140090096705,72,14.92986547295,2.18414353672046,1,C,145,10
72.7505774937232,72,15.0102066854015,56.9897933145985,0,I,146,10
24.9588693779942,72,15.029476499185,9.92939287880921,1,C,147,10
42.8216394340406,72,15.4885134520009,27.3331259820396,1,I,148,10
25.151764424263,72,15.5728701548651,9.5788942693979,1,C,149,10
73.7277946502391,36.6262178229413,15.6316951895133,20.994522633428,0,I,150,10
66.1052964684302,72,15.7873894879594,50.3179069804707,1,C,151,10
29.7563179789283,72,15.826245713979,13.9300722649493,1,I,152,10
40.4859703422998,72,15.9803590038791,24.5056113384206,1,C,153,10
133.372474919098,72,16.0892594698817,55.9107405301184,0,I,154,10
24.6588492901435,72,16.1556927999482,8.5031564901953,1,C,155,10
17.6097923589025,72,16.22194301337,1.38784934553241,1,I,156,10
61.7882239429356,72,16.2249354785308,45.5632884644047,1,C,157,10
90.6396266768205,72,16.432401034981,55.567598965019,0,I,158,10
23.3911821461061,72,16.4587274473161,6.9324546987901,1,C,159,10
40.0843096025836,72,16.6315267095342,23.4527828930494,1,I,160,10
60.4994360277027,72,16.7641241988167,43.735311828886,1,C,161,10
49.7725655166884,72,16.931541650556,32.8410238661323,1,I,162,10
48.4164867466114,72,16.9901484204456,31.4263383261658,1,C,163,10
72.2127946778668,72,17.0084752840921,54.9915247159079,0,I,164,10
32.7511119491588,24.6367709898473,17.0149223087356,7.6218486811117,0,C,165,10
50.8436133104877,72,17.153159128502,33.6904541819857,1,I,166,10
42.0376912064659,72,17.3624489782378,24.6752422282281,1,C,167,10
50.8310166026855,72,17.4246563203633,33.4063602823222,1,I,168,10
20.4458503764691,72,17.8006678260863,2.64518255038285,1,C,169,10
96.2906718061223,72,17.8677636897191,54.1322363102809,0,I,170,10
43.3092612545765,61.3563006246559,17.8766577132046,25.4326035413718,1,C,171,10
51.3579922761781,72,17.9328842321411,33.425108044037,1,I,172,10
26.4656292924732,72,18.2026074640453,8.26302182842787,1,C,173,10
36.4230151521716,72,18.2677618833259,18.1552532688457,1,I,174,10
58.8156089484917,59.1338080772987,18.2711478369311,40.5444611115607,1,C,175,10
44.5120789722387,72,18.3380301296711,26.1740488425676,1,I,176,10
26.6988537771777,72,18.4309208253399,8.26793295183788,1,C,177,10
30.3509061541722,72,18.4888433525339,11.8620628016383,1,I,178,10
85.5522975986018,72,18.5101732844487,53.4898267155513,0,C,179,10
87.5676301937184,72,18.9381622569636,53.0618377430365,0,I,180,10
25.2099550945207,72,18.9542211312801,6.25573396324067,1,C,181,10
28.6280225455743,72,18.9944750955328,9.63354745004144,1,I,182,10
49.9452413300221,72,19.0558526152745,30.8893887147476,1,C,183,10
22.3682123277759,72,19.0752840600908,3.29292826768514,1,I,184,10
47.1650483150535,72,19.109391043894,28.0556572711595,1,C,185,10
26.5938314990196,72,19.1407016851008,7.45312981391877,1,I,186,10
85.2887661868376,72,19.1778050875291,52.8221949124709,0,C,187,10
19.7339778106897,72,19.219795349054,0.514182461635707,1,I,188,10
72.9073470373363,72,19.2237731767818,52.7762268232182,0,C,189,10
43.925713227423,72,19.5184904895723,24.4072227378507,1,I,190,10
23.5859222351613,72,19.5313299866393,4.05459224852195,1,C,191,10
77.803171988164,72,19.6196192409843,52.3803807590157,0,I,192,10
36.0898717268495,72,19.6575649129227,16.4323068139268,1,C,193,10
95.6109706841915,72,19.659774620086,52.3402253799141,0,I,194,10
25.616823766737,72,19.7240783879533,5.89274537878362,1,C,195,10
48.796328012147,72,19.7496758541092,29.0466521580377,1,I,196,10
66.3397853801783,72,19.7632444510236,46.5765409291546,1,C,197,10
22.3923443274431,72,19.8702087812126,2.52213554623058,1,I,198,10
63.7713358375232,72,19.8835188522935,43.8878169852297,1,C,199,10
60.6258569297136,72,20.1818962907419,40.4439606389717,1,I,200,10
27.3791682834343,72,20.2793122921139,7.09985599132043,1,C,201,10
52.5601946547658,72,20.381831866689,32.1783627880768,1,I,202,10
72.830806280155,72,20.3977106278762,51.6022893721238,0,C,203,10
20.784184481629,72,20.4462196491659,0.337964832463085,1,I,204,10
23.6655026608233,72,20.4736855253577,3.19181713546552,1,C,205,10
20.6347337483018,72,20.6147720525041,0.0199616957976784,1,I,206,10
35.5653686132642,63.2442665041161,20.8699439512566,14.6954246620076,1,C,207,10
24.4269558131187,72,21.1686475016177,3.25830831150106,1,I,208,10
84.2660608487045,72,21.182360756211,50.817639243789,0,C,209,10
79.8700882213139,72,21.3443245366216,50.6556754633784,0,I,210,10
75.9009499848563,72,21.4382171910256,50.5617828089744,0,C,211,10
37.4745208381812,72,21.4564051944762,16.018115643705,1,I,212,10
28.6811091356796,72,21.5014204289764,7.17968870670321,1,C,213,10
80.8692530764833,72,21.5741193993017,50.4258806006983,0,I,214,10
72.4712247646366,72,21.6114070639014,50.3885929360986,0,C,215,10
94.3298795186614,72,21.7141880001873,50.2858119998127,0,I,216,10
112.824051203069,72,21.885611875914,50.114388124086,0,C,217,10
80.5877078717582,72,21.9968357356265,50.0031642643735,0,I,218,10
47.1085651678622,72,21.9970175111666,25.1115476566955,1,C,219,10
35.0560726294345,72,22.0712294848636,12.9848431445709,1,I,220,10
81.2974678261851,72,22.1243005525321,49.8756994474679,0,C,221,10
59.7913018120733,72,22.1251501562074,37.6661516558659,1,I,222,10
54.8788884008259,72,22.1474276203662,32.7314607804596,1,C,223,10
28.5909607101537,72,22.1679975930601,6.42296311709351,1,I,224,10
43.6548144192066,72,22.2034471621737,21.4513672570329,1,C,225,10
45.9023074085789,72,22.2968464717269,23.605460936852,1,I,226,10
51.83949397309,72,22.3255011951551,29.5139927779349,1,C,227,10
36.4031545109422,72,22.3749682819471,14.0281862289951,1,I,228,10
115.214938599219,72,22.3950797785074,49.6049202214927,0,C,229,10
66.2534867177388,72,22.407788252458,43.8456984652808,1,I,230,10
30.3837968437211,72,22.4259027605876,7.9578940831335,1,C,231,10
36.3978062481071,72,22.7556349430233,13.6421713050838,1,I,232,10
38.2918036839064,72,22.9004440549761,15.3913596289303,1,C,233,10
40.5816391208051,72,23.0526077980176,17.5290313227875,1,I,234,10
45.2582034453851,72,23.111737081781,22.146466363604,1,C,235,10
72.000202591469,72,23.1818811642006,48.8181188357994,0,I,236,10
34.2353320305352,63.5700049407637,23.1884404784068,11.0468915521283,1,C,237,10
45.6179624224476,72,23.351750895381,22.2662115270666,1,I,238,10
36.8044263933894,72,23.4281642921269,13.3762621012625,1,C,239,10
52.2352809716723,72,23.5133787570521,28.7219022146201,1,I,240,10
100.409914791829,72,23.5957020521164,48.4042979478836,0,C,241,10
29.8626831711372,72,23.6439621727914,6.21872099834583,1,I,242,10
34.5369962573109,72,23.679301799275,10.8576944580359,1,C,243,10
35.1156941355963,72,23.7185996258631,11.3970945097331,1,I,244,10
73.7406047686095,72,23.7420891830698,48.2579108169302,0,C,245,10
45.4718919138265,44.9374130265078,24.0638269297779,20.87358609673,0,I,246,10
140.418702598585,62.6601334792215,24.1141407843679,38.5459926948536,0,C,247,10
49.730557769688,67.867932684298,24.1767890285701,25.5537687411179,1,I,248,10
100.030585044337,71.6941000186037,24.1986864712089,47.4954135473948,0,C,249,10
36.6643739246533,66.781089648421,24.2124929605052,12.4518809641481,1,I,250,10
75.3086563848969,72,24.252269002609,47.7477309973911,0,C,251,10
30.235879135004,72,24.3567041214556,5.87917501354843,1,I,252,10
39.0233925777587,72,24.4909109082073,14.5324816695514,1,C,253,10
41.9455706772621,72,24.5613385224715,17.3842321547906,1,I,254,10
39.2314933534883,29.6271741039744,24.7242999169976,4.90287418697682,0,C,255,10
36.863302352971,72,24.9145054863766,11.9487968665944,1,I,256,10
51.5329019148631,72,25.1811083173379,26.3517935975252,1,C,257,10
25.5726516232653,72,25.4422836564481,0.130367966817169,1,I,258,10
49.8208265794233,72,25.460620187223,24.3602063922003,1,C,259,10
33.4315406714618,72,25.5648271786049,7.86671349285685,1,I,260,10
64.1059651576308,72,25.7477281987667,38.3582369588641,1,C,261,10
123.252184214015,72,25.8142637321726,46.1857362678275,0,I,262,10
49.4965769147321,72,25.9240454016253,23.5725315131068,1,C,263,10
35.086459332025,72,26.1117575224489,8.97470180957606,1,I,264,10
48.0267723237019,72,26.2526865396649,21.774085784037,1,C,265,10
68.1584913490369,72,26.2612794153392,41.8972119336977,1,I,266,10
79.2467054955416,33.2642327769529,26.5025030449033,6.76172973204964,0,C,267,10
47.6717666159291,72,26.5800834400579,21.0916831758712,1,I,268,10
30.7591102856907,72,26.6009865514934,4.15812373419728,1,C,269,10
42.941306918682,72,26.7384988395497,16.2028080791323,1,I,270,10
39.1363131093145,72,26.8246654747054,12.3116476346091,1,C,271,10
37.1356273314046,72,26.8919000728056,10.243727258599,1,I,272,10
39.0070041311224,72,27.2796465363354,11.727357594787,1,C,273,10
65.4187096004013,72,27.4189280066639,37.9997815937373,1,I,274,10
124.591761767175,71.5048117370267,27.5621790345758,43.9426327024509,0,C,275,10
39.2046986679467,72,28.049446712248,11.1552519556986,1,I,276,10
34.8288854338992,72,28.2343569723889,6.59452846151027,1,C,277,10
244.34378790753,72,28.2576183183119,43.7423816816881,0,I,278,10
74.3468984002744,72,28.7079911213368,43.2920088786632,0,C,279,10
81.5076111547879,72,28.7117893947288,43.2882106052712,0,I,280,10
53.3067079299455,72,28.865421814844,24.4412861151015,1,C,281,10
39.0940301326843,38.0462910880446,28.9354843413457,9.11080674669888,0,I,282,10
78.2077588531127,72,28.9953825250268,43.0046174749732,0,C,283,10
36.0326020217344,72,29.0203210618347,7.01228095989971,1,I,284,10
54.6831235335363,72,29.0207267878577,25.6623967456786,1,C,285,10
84.8516274310834,72,29.1001729667187,42.8998270332813,0,I,286,10
67.2052032094018,72,29.1126835718751,38.0925196375267,1,C,287,10
30.6189327458185,72,29.1851303586736,1.43380238714491,1,I,288,10
30.5660472907174,72,29.3719269102439,1.1941203804735,1,C,289,10
79.379847851121,72,29.5594767155126,42.4405232844874,0,I,290,10
99.1151096831818,72,29.6255902340636,42.3744097659364,0,C,291,10
62.0666413602241,72,29.8008340224624,32.2658073377617,1,I,292,10
37.6891804767673,72,29.8422759957612,7.84690448100615,1,C,293,10
45.1135199850694,72,29.8545411648229,15.2589788202465,1,I,294,10
31.6510723766877,72,30.0345297390595,1.61654263762818,1,C,295,10
44.7932767324653,72,30.320735857822,14.4725408746433,1,I,296,10
67.1429709631811,72,30.3637731866911,36.77919777649,1,C,297,10
57.9041185216655,72,30.3848926490173,27.5192258726482,1,I,298,10
59.2023494588125,72,30.5055824294686,28.6967670293439,1,C,299,10
130.135771661935,72,30.5435251118615,41.4564748881385,0,I,300,10
132.548508736603,72,30.5556471319869,41.4443528680131,0,C,301,10
141.027464048123,72,30.6809632200748,41.3190367799252,0,I,302,10
57.6805198693637,72,30.7923661870882,26.8881536822755,1,C,303,10
66.362667653877,72,30.817015604116,35.545652049761,1,I,304,10
60.3840883311363,72,30.8302967017517,29.5537916293846,1,C,305,10
47.3681553883659,72,30.9652138408273,16.4029415475385,1,I,306,10
55.1964824044928,72,30.9658027952537,24.2306796092391,1,C,307,10
76.7932137040956,72,30.9924806188792,41.0075193811208,0,I,308,10
47.1689097569842,72,31.0327657638118,16.1361439931725,1,C,309,10
89.8514248743395,48.0344262008619,31.0995188914239,16.9349073094379,0,I,310,10
36.3358057058876,72,31.1548417434096,5.18096396247791,1,C,311,10
65.3480451943525,50.5246912504585,31.1625820817426,19.3621091687159,0,I,312,10
47.6759254820008,72,31.1828186921775,16.4931067898232,1,C,313,10
53.1419338444,72,31.4850754290819,21.656858415318,1,I,314,10
31.9624165896595,36.0766212558674,31.5353478770703,0.427068712589231,1,C,315,10
37.0290785867619,69.4942287555115,31.6467367205769,5.38234186618499,1,I,316,10
66.7079330319203,72,31.6913135815412,35.0166194503792,1,C,317,10
87.4584100553636,72,31.8740162998438,40.1259837001562,0,I,318,10
44.0382007513053,72,32.0862637460232,11.9519370052821,1,C,319,10
56.4706792468482,72,32.2919793007895,24.1786999460587,1,I,320,10
67.6019549757354,72,32.3022657539696,35.2996892217658,1,C,321,10
108.985459434232,72,32.375832782127,39.624167217873,0,I,322,10
56.3375772969032,72,32.7009123098105,23.6366649870927,1,C,323,10
54.9913794234794,72,32.7295301388949,22.2618492845845,1,I,324,10
64.8798427778873,62.2277217281,33.0053164483979,29.2224052797021,0,C,325,10
61.3599332443994,72,33.2395145623013,28.120418682098,1,I,326,10
40.2962535784139,72,33.2943419739604,7.00191160445345,1,C,327,10
36.0189324629011,72,33.4318096423522,2.58712282054892,1,I,328,10
37.283297182234,72,33.4329752577469,3.85032192448714,1,C,329,10
46.9013121287191,72,33.5405680490658,13.3607440796533,1,I,330,10
124.244750612322,59.2117234515187,34.0102725941688,25.20145085735,0,C,331,10
81.6609023743038,72,34.0336740994826,37.9663259005174,0,I,332,10
91.5339640804106,36.7532257313369,34.0632870560512,2.68993867528575,0,C,333,10
81.7064510860165,37.5718345686457,34.1641796473414,3.40765492130431,0,I,334,10
96.6524230078484,72,34.3929395405576,37.6070604594424,0,C,335,10
37.2867710421863,72,34.3964097462595,2.89036129592682,1,I,336,10
75.0886707448212,72,34.4361502351239,37.5638497648761,0,C,337,10
68.2904372277757,72,34.5263727474958,33.7640644802799,1,I,338,10
67.1991692117493,72,34.6025643730536,32.5966048386957,1,C,339,10
40.2043847868574,72,34.691226775758,5.51315801109944,1,I,340,10
82.869707362363,72,34.7634011507034,37.2365988492966,0,C,341,10
44.9456015347664,72,34.8927229782566,10.0528785565098,1,I,342,10
44.8331498046149,72,35.1262407610193,9.70690904359559,1,C,343,10
50.2435121036804,72,35.136423362419,15.1070887412614,1,I,344,10
48.8012838972012,72,35.1527256192639,13.6485582779372,1,C,345,10
46.7965742696904,72,35.2570907352492,11.5394835344412,1,I,346,10
142.998265340341,72,35.2657747780904,36.7342252219096,0,C,347,10
62.6896885029445,42.6100937751081,35.3071483690292,7.30294540607893,0,I,348,10
36.3079332649183,72,35.3466723533347,0.961260911583538,1,C,349,10
80.9499890789057,72,35.4679950093851,36.532004990615,0,I,350,10
46.6842967020861,72,35.5044831242412,11.1798135778449,1,C,351,10
66.6717950981458,72,35.6045793788508,31.0672157192951,1,I,352,10
59.4033441658978,72,35.6380415707827,23.7653025951151,1,C,353,10
41.1365440930387,72,35.6921151001006,5.44442899293805,1,I,354,10
63.0211856440964,72,36.2122647603974,26.808920883699,1,C,355,10
87.0565174171912,72,36.239623920992,35.760376079008,0,I,356,10
95.8899762050632,72,36.2571842595935,35.7428157404065,0,C,357,10
72.3054264785397,72,36.2829430913553,35.7170569086447,0,I,358,10
55.6355736919558,72,36.3547652168199,19.2808084751358,1,C,359,10
97.1138706281158,46.8783284052942,36.4250195352361,10.4533088700581,0,I,360,10
48.3701692889461,72,36.4515673136339,11.9186019753123,1,C,361,10
62.2163699246043,72,36.4542256621644,25.7621442624399,1,I,362,10
42.3736120242519,60.3225072211938,36.6374516347423,5.73616038950956,1,C,363,10
68.6805538501276,72,36.7245198274031,31.9560340227245,1,I,364,10
91.2195299383504,72,36.8126069800928,35.1873930199072,0,C,365,10
65.8395464602298,72,36.8526986986399,28.9868477615899,1,I,366,10
38.9069359654593,66.4653474881064,36.9696824066341,1.93725355882524,1,C,367,10
42.7128679803514,72,37.1224353136495,5.59043266670197,1,I,368,10
94.3663360187924,72,37.1239684615284,34.8760315384716,0,C,369,10
62.3718992882517,72,37.1329713799059,25.2389279083458,1,I,370,10
130.733331615168,72,37.1441951254383,34.8558048745617,0,C,371,10
71.0860916705982,72,37.3031990602613,33.7828926103369,1,I,372,10
66.6375558681433,72,37.369817183353,29.2677386847903,1,C,373,10
72.019240680179,72,37.4293240299448,34.5706759700552,0,I,374,10
43.494305298196,49.4811802374148,37.5085660815239,5.9857392166721,1,C,375,10
71.2584941903187,72,37.6649786531925,33.5935155371262,1,I,376,10
74.8310888615273,72,37.7068084152415,34.2931915847585,0,C,377,10
48.7739697393759,72,37.8030751179904,10.9708946213855,1,I,378,10
44.557351038909,72,38.0051000369713,6.55225100193769,1,C,379,10
63.7088294780046,72,38.3812570525333,25.3275724254712,1,I,380,10
69.0804393506763,72,38.4647146426141,30.6157247080622,1,C,381,10
155.886835728582,72,38.5744496248662,33.4255503751338,0,I,382,10
60.2748345166333,72,38.606899548322,21.6679349683113,1,C,383,10
47.3825548450231,72,38.9122704556212,8.47028438940192,1,I,384,10
44.2942336703442,72,38.9424091670662,5.35182450327801,1,C,385,10
90.032170996151,42.0787131220911,39.0206760261208,3.05803709597031,0,I,386,10
60.8850398178806,72,39.1296058287844,21.7554339890961,1,C,387,10
69.1334715396034,72,39.142731372267,29.9907401673364,1,I,388,10
51.2931181098263,63.4384843651587,39.2105462215841,12.0825718882422,1,C,389,10
68.2479312703442,72,39.2429519305006,29.0049793398437,1,I,390,10
59.111760984428,72,39.3050749227405,19.8066860616875,1,C,391,10
63.8045096243358,71.3212608616189,39.3246379494667,24.4798716748691,1,I,392,10
55.1449331443438,72,39.45980027318,15.6851328711638,1,C,393,10
54.8075426549747,72,39.5214491151273,15.2860935398473,1,I,394,10
63.6719250013351,72,39.5751499012113,24.0967751001239,1,C,395,10
65.9001762029436,72,39.6171347144991,26.2830414884444,1,I,396,10
67.8171695975803,72,39.6563354786485,28.1608341189318,1,C,397,10
57.7374468303408,72,39.8197023198009,17.91774451054,1,I,398,10
46.052414920596,72,40.036667981185,6.01574693941101,1,C,399,10
51.1874566537689,72,40.2059482550249,10.981508398744,1,I,400,10
59.7417533829437,72,40.4820330860093,19.2597202969344,1,C,401,10
71.5455859516625,72,40.5697332601994,30.9758526914631,1,I,402,10
45.0973898057983,69.7594341938562,40.7413122709841,4.35607753481423,1,C,403,10
55.6142410693834,72,40.8197274617851,14.7945136075983,1,I,404,10
42.2678797650667,72,40.9183845994994,1.34949516556725,1,C,405,10
49.4900799418967,72,41.001363163814,8.48871677808273,1,I,406,10
100.20348155294,64.56182078811,41.0098656825721,23.5519551055379,0,C,407,10
77.4123284526473,72,41.2409509671852,30.7590490328148,0,I,408,10
66.6042271236596,51.1085944668866,41.3101733056828,9.79842116120378,0,C,409,10
48.5910464867954,72,41.3907522708178,7.20029421597768,1,I,410,10
92.0052005709946,72,41.4661280158907,30.5338719841093,0,C,411,10
43.6936287700714,72,41.6221968177706,2.07143195230078,1,I,412,10
88.6522334308675,51.2541300966585,41.6351761389524,9.6189539577061,0,C,413,10
48.327470180878,72,41.845790524967,6.48167965591103,1,I,414,10
53.5514117859999,72,41.8767293030396,11.6746824829603,1,C,415,10
98.4147496528071,72,41.9087189761922,30.0912810238078,0,I,416,10
53.1825199889752,72,41.9248248450458,11.2576951439294,1,C,417,10
81.094312236098,72,41.9993876433,30.0006123567,0,I,418,10
62.5898079528903,72,42.0635214401409,20.5262865127494,1,C,419,10
71.2921949924444,72,42.1411962015554,29.1509987908889,1,I,420,10
65.3056604262005,72,42.147589889355,23.1580705368455,1,C,421,10
60.4655807173062,72,42.2970637120307,18.1685170052755,1,I,422,10
51.7579538540254,72,42.3821937013418,9.37576015268369,1,C,423,10
69.3595186818079,72,42.4509856849909,26.908532996817,1,I,424,10
126.957515354225,72,42.5227760849521,29.4772239150479,0,C,425,10
195.138472811147,72,42.7074478240684,29.2925521759316,0,I,426,10
59.3345343752038,72,42.7505839895457,16.5839503856581,1,C,427,10
47.8141456593245,72,42.838403088972,4.97574257035251,1,I,428,10
47.346644690371,72,42.8390915784985,4.50755311187251,1,C,429,10
69.3301189546025,72,42.8395444527268,26.4905745018757,1,I,430,10
68.6534532825169,72,42.8744359826669,25.77901729985,1,C,431,10
47.1415655360649,72,42.9480161285028,4.19354940756206,1,I,432,10
78.374142473838,72,43.0805165413767,28.9194834586233,0,C,433,10
78.4173421190782,72,43.1149778561667,28.8850221438333,0,I,434,10
114.362812704316,72,43.2773448619992,28.7226551380009,0,C,435,10
82.5555101624635,72,43.3294592890888,28.6705407109112,0,I,436,10
50.6649348497819,72,43.6489114025608,7.01602344722113,1,C,437,10
47.6302536418685,72,43.6787410313264,3.95151261054218,1,I,438,10
65.3370351690746,72,43.8650601636618,21.4719750054128,1,C,439,10
94.7250163215852,72,43.9950421499088,28.0049578500912,0,I,440,10
54.343739300447,72,44.2201963998377,10.1235429006092,1,C,441,10
48.2000575623531,72,44.4880509423092,3.71200662004394,1,I,442,10
105.659524280223,72,44.5341074327007,27.4658925672993,0,C,443,10
50.214554197462,72,44.899806138128,5.3147480593339,1,I,444,10
52.9892894815492,72,44.9246450560167,8.06464442553248,1,C,445,10
69.7667329177664,72,44.9411904020235,24.8255425157429,1,I,446,10
54.3066634867223,72,44.9574890406802,9.3491744460421,1,C,447,10
64.5424435455857,72,45.0453095370904,19.4971340084954,1,I,448,10
64.863011207,72,45.0507536390796,19.8122575679204,1,C,449,10
93.0570384278765,72,45.0882406532764,26.9117593467236,0,I,450,10
90.9274072514424,72,45.0968563836068,26.9031436163932,0,C,451,10
153.215974074491,72,45.1251174509525,26.8748825490475,0,I,452,10
49.4266552533108,72,45.1454086555168,4.28124659779401,1,C,453,10
50.5839304722015,72,45.2471726154909,5.33675785671063,1,I,454,10
62.0935277910153,72,45.2596448455006,16.8338829455147,1,C,455,10
89.806247109974,72,45.2710703434423,26.7289296565577,0,I,456,10
47.8666249339391,72,45.4069977812469,2.45962715269217,1,C,457,10
83.4328689831692,72,45.5887517379597,26.4112482620403,0,I,458,10
111.593736727789,72,45.6387916021049,26.3612083978951,0,C,459,10
53.1293555187097,56.4295247705608,45.645323228091,7.48403229061873,1,I,460,10
54.0338110694487,72,45.6568321399391,8.37697892950966,1,C,461,10
131.774819603173,72,45.6674313638359,26.3325686361641,0,I,462,10
64.8395358507414,72,45.7973531261087,19.0421827246327,1,C,463,10
59.2871129762171,72,45.8101503225043,13.4769626537127,1,I,464,10
66.9095220753192,72,45.9819178842008,20.9276041911184,1,C,465,10
122.914623760123,72,45.9839253779501,26.0160746220499,0,I,466,10
62.8274644192761,72,46.168659562245,16.6588048570311,1,C,467,10
74.8938815447853,72,46.267808242701,25.732191757299,0,I,468,10
49.0255106257141,72,46.2900381395593,2.73547248615479,1,C,469,10
196.812960910338,62.1489894905036,46.3866605702788,15.7623289202248,0,I,470,10
75.3949221757837,54.8986687727133,46.3937118044123,8.50495696830103,0,C,471,10
72.0625016205282,61.5552783400099,46.5409332700074,15.0143450700025,0,I,472,10
76.2066078949813,72,46.5506394999102,25.4493605000898,0,C,473,10
50.5781286413963,72,46.6142945783213,3.96383406307505,1,I,474,10
69.1248709054634,72,46.7382556898519,22.3866152156115,1,C,475,10
58.5670717548242,72,46.7945464560762,11.772525298748,1,I,476,10
68.899612116891,72,46.8330936692655,22.0665184476255,1,C,477,10
52.9275037129555,72,46.9133605342358,6.01414317871968,1,I,478,10
97.939052681362,61.4641057441155,47.2219550516456,14.2421506924699,0,C,479,10
72.6493506268315,72,47.2950379550457,24.7049620449543,0,I,480,10
58.496348088932,72,47.7531447261572,10.7432033627748,1,C,481,10
54.6847738779078,72,47.8077891748399,6.87698470306794,1,I,482,10
69.5477568873369,72,47.8952852357179,21.652471651619,1,C,483,10
117.599530045856,72,47.9228572826833,24.0771427173168,0,I,484,10
50.4044715910395,72,47.9703310271725,2.43414056386702,1,C,485,10
74.2913120475678,72,48.0599449295551,23.9400550704449,0,I,486,10
69.712174553922,72,48.0648753745481,21.6472991793738,1,C,487,10
75.1115506576258,50.4793650190871,48.463332625106,2.01603239398112,0,I,488,10
167.794591269157,72,48.4809036646038,23.5190963353962,0,C,489,10
75.0670144240761,72,48.5002943733707,23.4997056266293,0,I,490,10
59.7406955709921,72,48.529130704701,11.2115648662911,1,C,491,10
87.0112485263497,72,48.6769026238471,23.3230973761529,0,I,492,10
72.3502139722217,72,48.8704160135239,23.1295839864761,0,C,493,10
49.2609377861836,72,48.9459463907406,0.314991395442998,1,I,494,10
55.7200797358692,72,48.9587801042944,6.7612996315748,1,C,495,10
114.899099207124,72,48.9652226027101,23.0347773972899,0,I,496,10
77.8619961507793,72,49.0404501697049,22.9595498302951,0,C,497,10
111.485749114718,56.3796184946305,49.1550547163934,7.22456377823712,0,I,498,10
53.0843878792949,72,49.313548556529,3.77083932276592,1,C,499,10
67.7526570405785,72,49.6574722928926,18.0951847476859,1,I,500,10
129.865699731113,72,49.6919266087934,22.3080733912066,0,C,501,10
73.8740724416105,72,49.7357571031898,22.2642428968102,0,I,502,10
63.4884064234548,72,49.7495344514027,13.738871972052,1,C,503,10
54.3981995721648,63.6012040309568,49.7772369068116,4.62096266535322,1,I,504,10
51.4417211121872,72,49.8153207683936,1.62640034379361,1,C,505,10
168.204562281803,72,49.8444034159184,22.1555965840817,0,I,506,10
53.1661057324858,72,50.0617290381342,3.10437669435159,1,C,507,10
119.313476467151,72,50.0721094943583,21.9278905056417,0,I,508,10
134.219076986833,72,50.1303161401302,21.8696838598698,0,C,509,10
52.4070761043943,72,50.3390609985218,2.06801510587253,1,I,510,10
57.3795505478056,72,50.533382599242,6.84616794856361,1,C,511,10
135.138515368426,72,50.6679694494233,21.3320305505767,0,I,512,10
182.749115820138,62.3383229274602,50.7460105977953,11.592312329665,0,C,513,10
73.6588255884042,62.4640742217367,50.9374850057066,11.5265892160302,0,I,514,10
70.6587511009579,69.3794913889814,51.1109120305628,18.2685793584186,0,C,515,10
79.4613172091289,72,51.1506153456867,20.8493846543133,0,I,516,10
77.3820826176944,72,51.2655311124399,20.7344688875601,0,C,517,10
54.2334376871541,72,51.3948816340417,2.83855605311243,1,I,518,10
55.6030666302169,72,51.4633198454976,4.13974678471931,1,C,519,10
68.4453789117266,72,51.5360878268257,16.9092910849009,1,I,520,10
73.5875442812132,72,51.6555458726361,20.3444541273639,0,C,521,10
74.9039818907091,72,51.6866868222132,20.3133131777868,0,I,522,10
53.4014817629767,72,51.855890834704,1.54559092827266,1,C,523,10
82.7614656519242,72,51.870547849685,20.129452150315,0,I,524,10
59.6360619542284,72,51.9074024213478,7.72865953288056,1,C,525,10
112.965431023291,72,51.9442848907784,20.0557151092216,0,I,526,10
80.3321980253116,72,52.0248567732051,19.9751432267949,0,C,527,10
52.4717195357758,72,52.1139699267224,0.357749609053462,1,I,528,10
94.9541009822578,72,52.1544990967959,19.8455009032041,0,C,529,10
58.6558790105847,72,52.2118335496634,6.44404546092128,1,I,530,10
114.286285331956,57.6846758936984,52.3912016255781,5.29347426812032,0,C,531,10
66.2314784575945,72,52.5467452732846,13.6847331843099,1,I,532,10
117.442587554917,72,52.6627746457234,19.3372253542766,0,C,533,10
84.8050106625991,72,52.7479325607419,19.2520674392581,0,I,534,10
82.9256540176658,72,52.9930562060326,19.0069437939674,0,C,535,10
67.2386023375581,72,53.0770061071962,14.1615962303619,1,I,536,10
83.1162074231981,72,53.2241209270433,18.7758790729567,0,C,537,10
126.904175384057,72,53.3210446871817,18.6789553128183,0,I,538,10
55.2670278761497,72,53.4265464730561,1.84048140309357,1,C,539,10
64.5239628328029,72,53.5598333459348,10.9641294868681,1,I,540,10
89.058741351548,72,53.5850183246657,18.4149816753343,0,C,541,10
56.6778308711056,72,53.7139422493056,2.96388862180008,1,I,542,10
62.3939238509673,66.8350360803007,53.7174396403134,8.67648421065388,1,C,543,10
96.7958466925503,72,53.7744596460834,18.2255403539166,0,I,544,10
80.8660600061881,72,53.8229952100664,18.1770047899336,0,C,545,10
55.0302220774551,72,53.8676759926602,1.16254608479482,1,I,546,10
124.660044717968,72,53.9063785644248,18.0936214355752,0,C,547,10
69.9923525214537,72,54.129919745028,15.8624327764256,1,I,548,10
73.7297338812409,72,54.1991078015417,17.8008921984583,0,C,549,10
66.6377370304776,72,54.2495860811323,12.3881509493453,1,I,550,10
66.8372012864272,72,54.3079503625631,12.529250923864,1,C,551,10
91.7673668158964,72,55.0614002393559,16.9385997606441,0,I,552,10
113.351032282315,72,55.1218409417197,16.8781590582803,0,C,553,10
60.9791564496922,72,55.2714874735102,5.70766897618197,1,I,554,10
57.9255370143543,72,55.2977729961276,2.62776401822667,1,C,555,10
62.1951914101265,72,55.5213236203417,6.67386778978476,1,I,556,10
67.5387100770889,72,55.615709410049,11.9230006670399,1,C,557,10
84.1231932721573,72,55.6701671518385,16.3298328481615,0,I,558,10
67.4594217601953,72,56.0391633398831,11.4202584203122,1,C,559,10
72.3903514927334,72,56.1443510139361,15.8556489860639,0,I,560,10
59.6964482619446,72,56.1484343139455,3.54801394799909,1,C,561,10
71.9464593812719,72,56.1507583362982,15.7957010449738,1,I,562,10
151.452542313158,72,56.1659817444161,15.8340182555839,0,C,563,10
102.401485958671,72,56.3821665477008,15.6178334522992,0,I,564,10
75.3824820076111,72,56.4332883339375,15.5667116660625,0,C,565,10
149.074209736046,72,56.5333399549127,15.4666600450873,0,I,566,10
58.282563519485,72,56.5834656078368,1.69909791164819,1,C,567,10
65.0792263025956,72,56.6491793235764,8.43004697901925,1,I,568,10
82.2587710388697,72,56.7605469888076,15.2394530111924,0,C,569,10
77.1833320614059,72,56.8782360898331,15.1217639101669,0,I,570,10
59.0255795596577,72,56.9202167680487,2.10536279160902,1,C,571,10
95.585336724323,72,57.0380919193849,14.9619080806151,0,I,572,10
106.729499493229,72,57.064344920218,14.935655079782,0,C,573,10
60.2202060994324,72,57.1605210704729,3.05968502895946,1,I,574,10
74.8913888390526,72,57.1880865795538,14.8119134204462,0,C,575,10
104.065203072875,66.4362558254145,57.236790410243,9.19946541517149,0,I,576,10
102.276981468808,72,57.4017150280997,14.5982849719003,0,C,577,10
58.5750210518715,72,57.4452924029902,1.12972864888132,1,I,578,10
67.6307791812423,72,57.67532880418,9.95545037706227,1,C,579,10
75.9225221407778,72,57.6859908085316,14.3140091914684,0,I,580,10
101.835811172927,72,57.7390971360728,14.2609028639272,0,C,581,10
100.178350481595,72,57.933708387427,14.066291612573,0,I,582,10
73.3820283548706,72,57.9909177822992,14.0090822177008,0,C,583,10
84.8410723727755,72,58.0900012236089,13.9099987763911,0,I,584,10
60.6865417142921,72,58.1546928780153,2.5318488362768,1,C,585,10
77.2402395829331,72,58.161207055673,13.838792944327,0,I,586,10
90.9066540974296,72,58.1789361219853,13.8210638780147,0,C,587,10
71.0095180269443,72,58.1971641629934,12.8123538639509,1,I,588,10
76.6903018717216,72,58.3275793259963,13.6724206740037,0,C,589,10
165.511684008205,72,58.3752813516185,13.6247186483815,0,I,590,10
132.018892778908,72,58.4133965615183,13.5866034384817,0,C,591,10
98.3633667436726,72,58.4173665521666,13.5826334478334,0,I,592,10
59.0576895705113,72,58.4706978499889,0.58699172052234,1,C,593,10
89.4615501476729,72,58.8078909600154,13.1921090399846,0,I,594,10
90.4738067378651,67.3802462202226,58.8101186044514,8.57012761577117,0,C,595,10
90.3504780227487,72,58.8997480971739,13.1002519028261,0,I,596,10
89.5601108336856,72,59.0616830578074,12.9383169421926,0,C,597,10
59.302088410256,72,59.0679131867364,0.234175223519585,1,I,598,10
69.4247360873158,72,59.1171625815332,10.3075735057826,1,C,599,10
81.2527799626879,72,59.3237958010286,12.6762041989714,0,I,600,10
59.9853738995809,72,59.4675790658221,0.517794833758796,1,C,601,10
64.8508192879732,72,59.5759291481227,5.27489013985056,1,I,602,10
74.23259439183,72,59.5816532475874,12.4183467524126,0,C,603,10
102.014856232136,72,59.5990382088348,12.4009617911652,0,I,604,10
72.106870268335,72,59.7909065382555,12.2090934617445,0,C,605,10
78.34429379968,72,59.9134063487873,12.0865936512128,0,I,606,10
218.644530290076,72,59.936489565298,12.063510434702,0,C,607,10
