t_cal_ev,t_cal_cens,t_acc,t,status,group,pat_id,sim_idx
122.440420970949,72,0.104261236265302,71.8957387637347,0,C,1,1
11.5016245456526,72,0.180542422458529,11.3210821231941,1,I,2,1
46.3190558966371,72,0.326011469587684,45.9930444270494,1,C,3,1
82.856005768156,72,0.34388265106827,71.6561173489317,0,I,4,1
115.249058821144,72,0.36174044944346,71.6382595505565,0,C,5,1
74.0132355155202,72,0.451981066726148,71.5480189332739,0,I,6,1
266.931805552542,72,0.458578839898109,71.5414211601019,0,C,7,1
21.1573026869919,71.2735717107841,0.697501050308347,20.4598016366836,1,I,8,1
15.3104426516395,72,0.748100378550589,14.5623422730889,1,C,9,1
32.398121612375,43.8279701248239,0.837126555852592,31.5609950565224,1,I,10,1
1.59121231977617,72,0.959188551642001,0.632023768134174,1,C,11,1
144.152173078854,37.7482254302569,1.02838107850403,36.7198443517529,0,I,12,1
58.3422552252385,72,1.11126185394824,57.2309933712902,1,C,13,1
38.6936215925904,72,1.30361517425627,37.3900064183341,1,I,14,1
54.4320550113572,72,1.37411691248417,53.057938098873,1,C,15,1
91.853009633155,40.1533327990573,1.43095145467669,38.7223813443806,0,I,16,1
37.6238369131444,6.70308465700702,1.47734137717634,5.22574327983068,0,C,17,1
144.709077401608,72,1.60770047921687,70.3922995207831,0,I,18,1
52.9730392637598,72,1.63678660523146,51.3362526585284,1,C,19,1
7.8411834046307,72,1.90360651351511,5.93757689111558,1,I,20,1
56.2242634060288,72,1.91787269432098,54.3063907117079,1,C,21,1
22.1387819349742,72,1.99111397378147,20.1476679611928,1,I,22,1
27.1922587927396,72,2.1663981070742,25.0258606856654,1,C,23,1
91.7207051333653,49.6089827279529,2.29701203294098,47.311970695012,0,I,24,1
28.0458271436425,72,2.4237489933148,25.6220781503277,1,C,25,1
46.4930581286701,72,2.51348270103335,43.9795754276368,1,I,26,1
103.434695514595,72,2.53415695857257,69.4658430414274,0,C,27,1
4.29604981900776,72,2.59527986403555,1.70076995497221,1,I,28,1
66.1506497481672,72,2.64640582725406,63.5042439209132,1,C,29,1
4.17344110123758,72,2.80511601828039,1.36832508295719,1,I,30,1
191.758356073398,72,2.80810191761702,69.191898082383,0,C,31,1
68.6974072777144,56.1947761457493,2.89474766235799,53.3000284833913,0,I,32,1
20.0777540664647,72,2.91744229383767,17.160311772627,1,C,33,1
8.80428008287516,72,2.95711053069681,5.84716955217835,1,I,34,1
55.6472045856002,72,2.98334664199501,52.6638579436052,1,C,35,1
96.0655434437941,72,3.32522117067128,68.6747788293287,0,I,36,1
96.4263164234622,70.227895875048,3.33861307706684,66.8892827979812,0,C,37,1
123.879803114411,72,3.381328121759,68.618671878241,0,I,38,1
110.148239346168,72,3.48123283591121,68.5187671640888,0,C,39,1
46.7119098939178,72,3.56911004986614,43.1427998440517,1,I,40,1
105.505518769859,72,3.57514687813818,68.4248531218618,0,C,41,1
27.282769136129,72,3.68098142556846,23.6017877105605,1,I,42,1
59.2000715848389,72,3.71306719724089,55.487004387598,1,C,43,1
59.0378165861329,72,3.72098478488624,55.3168318012467,1,I,44,1
5.56112827232337,72,3.74663850758225,1.81448976474113,1,C,45,1
16.0779246886474,72,3.76892041414976,12.3090042744976,1,I,46,1
18.4634859828081,37.5204474047874,3.86535552330315,14.598130459505,1,C,47,1
78.3344693785366,72,4.04976569116116,67.9502343088389,0,I,48,1
120.770289373011,72,4.27681848406792,67.7231815159321,0,C,49,1
149.851050331755,72,4.31283437646925,67.6871656235308,0,I,50,1
33.8310168532361,72,4.38554864376783,29.4454682094682,1,C,51,1
54.2707599724114,72,4.54324072692543,49.7275192454859,1,I,52,1
109.591946282141,72,4.58625739440322,67.4137426055968,0,C,53,1
14.308833731852,38.5266872995943,4.6044042147696,9.70442951708242,1,I,54,1
27.9084231570399,72,4.60440892260522,23.3040142344347,1,C,55,1
32.3787484683037,72,4.6548229129985,27.7239255553052,1,I,56,1
16.519408832547,72,4.66219460126013,11.8572142312869,1,C,57,1
137.910400845696,25.695950793603,4.67555979732424,21.0203909962787,0,I,58,1
8.69346695745811,72,4.68854530714452,4.00492165031358,1,C,59,1
11.61777924339,72,4.69290230423212,6.92487693915788,1,I,60,1
13.1438414582831,44.3959720331865,4.73317948635668,8.41066197192644,1,C,61,1
35.5118725552109,72,4.76355122867972,30.7483213265312,1,I,62,1
25.9232522914416,72,4.86787745263428,21.0553748388073,1,C,63,1
58.1844247319479,72,4.87061000894755,53.3138147230003,1,I,64,1
7.20929034768895,72,4.87640437670052,2.33288597098843,1,C,65,1
41.7740070593909,64.2056550573061,5.28149594552815,36.4925111138627,1,I,66,1
33.2450526665918,30.9327822497286,5.36895772442222,25.5638245253064,0,C,67,1
70.8457733941544,72,5.43976357206702,65.4060098220874,1,I,68,1
16.0813082482616,72,5.56153700686991,10.5197712413917,1,C,69,1
64.6411757721058,72,5.61347616836429,59.0276996037415,1,I,70,1
10.7143713819819,72,5.65755895804614,5.05681242393578,1,C,71,1
40.645387691575,72,5.73036496527493,34.9150227263,1,I,72,1
55.9431189130756,72,5.80336196813732,50.1397569449382,1,C,73,1
63.6364704876413,45.2198728838759,6.06683237012476,39.1530405137512,0,I,74,1
51.6397014652996,72,6.07574458234012,45.5639568829594,1,C,75,1
7.9410350522974,72,6.10240613110364,1.83862892119377,1,I,76,1
31.2734815437638,70.6834952769246,6.10699346289039,25.1664880808734,1,C,77,1
22.334711730156,72,6.18192750960589,16.1527842205501,1,I,78,1
52.5664712943929,72,6.26474955584854,46.3017217385444,1,C,79,1
26.5654577173406,72,6.36356061324477,20.2018971040958,1,I,80,1
14.372123864159,72,6.37274424545467,7.99937961870431,1,C,81,1
24.3463718419162,72,6.52250467333943,17.8238671685767,1,I,82,1
23.9262709596504,72,6.57631935551763,17.3499516041327,1,C,83,1
45.9464328321938,72,6.60218906588852,39.3442437663053,1,I,84,1
26.427175627334,72,6.63220681250095,19.794968814833,1,C,85,1
59.3688270866282,72,6.71361370012164,52.6552133865066,1,I,86,1
55.8304919122287,72,6.72469756565988,49.1057943465688,1,C,87,1
84.5453498443728,72,6.78325414191932,65.2167458580807,0,I,88,1
176.06078749125,6.95133204096477,6.78891086485237,0.162421176112401,0,C,89,1
40.2715439751069,72,6.84533840976656,33.4262055653403,1,I,90,1
116.376787123269,48.6488385543685,6.88592010643333,41.7629184479352,0,C,91,1
10.6395296893047,72,7.05387932248414,3.58565036682059,1,I,92,1
84.1034289017981,72,7.13598749600351,64.8640125039965,0,C,93,1
22.6479440063178,72,7.3552056401968,15.292738366121,1,I,94,1
200.266523326891,72,7.41469995584339,64.5853000441566,0,C,95,1
57.8432488398883,72,7.7374037867412,50.1058450531471,1,I,96,1
47.271945184908,72,7.76438815053552,39.5075570343725,1,C,97,1
28.8753950905961,72,7.83009690698236,21.0452981836138,1,I,98,1
9.09043434188635,72,7.96575205866247,1.12468228322387,1,C,99,1
146.577875632466,72,8.05008694063872,63.9499130593613,0,I,100,1
26.0001170620249,72,8.26212713029236,17.7379899317325,1,C,101,1
54.8651437359618,72,8.30675579141825,46.5583879445435,1,I,102,1
40.2796613271907,72,8.38820126373321,31.8914600634574,1,C,103,1
84.8034899956028,72,8.44240395817906,63.557596041821,0,I,104,1
41.1449780215947,66.931863221758,8.48150411155075,32.663473910044,1,C,105,1
69.0014391142154,72,8.54679993353784,60.4546391806776,1,I,106,1
19.0318573124621,72,9.02464650571346,10.0072108067486,1,C,107,1
36.9169727014834,72,9.20299664139748,27.713976060086,1,I,108,1
29.5940013596647,35.9911601943777,9.34391583781689,20.2500855218478,1,C,109,1
27.1102899122268,13.983542382451,9.41811568569392,4.56542669675708,0,I,110,1
9.81006932872172,55.1443322520227,9.42654670681804,0.383522621903674,1,C,111,1
100.543261407128,72,9.49670028872788,62.5032997112721,0,I,112,1
21.1566020200059,35.3183689374734,9.5730914734304,11.5835105465755,1,C,113,1
65.7940099248061,72,9.93871918413788,55.8552907406682,1,I,114,1
63.5945714315398,72,10.0098107010126,53.5847607305271,1,C,115,1
31.0726637537474,72,10.1233329344541,20.9493308192933,1,I,116,1
12.505863942651,59.4247038837046,10.1806886354461,2.3251753072049,1,C,117,1
46.2080691220708,72,10.2673822827637,35.9406868393071,1,I,118,1
13.3529442398255,22.2956360379455,10.4391487268731,2.9137955129524,1,C,119,1
20.9755347996472,72,10.6722691236064,10.3032656760408,1,I,120,1
61.1294267393273,72,10.6822066241875,50.4472201151398,1,C,121,1
56.2498520342005,25.5439256913079,10.7096932874992,14.8342324038086,0,I,122,1
82.5459267936009,72,10.8886229200289,61.1113770799711,0,C,123,1
32.1388987637318,72,10.9813463967294,21.1575523670025,1,I,124,1
23.0396813281205,72,11.0487634129822,11.9909179151383,1,C,125,1
61.294429700168,72,11.2556416913867,50.0387880087813,1,I,126,1
41.6326577727987,51.5219733440252,11.5526299970225,30.0800277757762,1,C,127,1
36.1661392764038,72,11.5528792049736,24.6132600714302,1,I,128,1
87.3646256266025,72,11.8132657790557,60.1867342209444,0,C,129,1
142.533592787783,57.6187495019689,12.0171344233677,45.6016150786012,0,I,130,1
90.853011709133,56.1461192393472,12.1047886367887,44.0413306025584,0,C,131,1
19.1312768554242,72,12.1693658363074,6.96191101911676,1,I,132,1
13.2210741502993,72,12.4229671759531,0.79810697434619,1,C,133,1
76.7386743902727,72,12.5179942930117,59.4820057069883,0,I,134,1
78.0478291101471,72,12.5270692259073,59.4729307740927,0,C,135,1
28.1043786708826,72,12.70238106139,15.4019976094925,1,I,136,1
123.792354282893,64.1543931974963,12.7901904238388,51.3642027736575,0,C,137,1
111.629690137742,62.6395689334453,12.9239343479276,49.7156345855177,0,I,138,1
251.808081671022,72,12.9258272470906,59.0741727529094,0,C,139,1
45.4484302242504,72,13.018835708499,32.4295945157514,1,I,140,1
38.7059461508391,72,13.1288671586663,25.5770789921729,1,C,141,1
120.963446020395,72,13.1863023340702,58.8136976659298,0,I,142,1
157.868113701656,72,13.2022440014407,58.7977559985593,0,C,143,1
66.8817273502625,72,13.2961662439629,53.5855611062996,1,I,144,1
121.92014588211,72,13.301934460178,58.698065539822,0,C,145,1
81.5985413155786,72,13.3593295002356,58.6406704997644,0,I,146,1
27.2088331271854,72,13.4439485287294,13.764884598456,1,C,147,1
18.5580718362218,72,13.460754272528,5.09731756369384,1,I,148,1
72.7579528172329,72,13.7790514575318,58.2209485424683,0,C,149,1
84.3368782936315,72,13.803425473161,58.196574526839,0,I,150,1
17.556932802274,72,14.0385516174138,3.51838118486023,1,C,151,1
43.7229028184231,72,14.1049036430195,29.6179991754036,1,I,152,1
27.377601801108,30.8024779071359,14.118779967539,13.258821833569,1,C,153,1
85.7223199264019,50.1780583546798,14.1480998788029,36.0299584758769,0,I,154,1
16.1681017199932,72,14.3569124490023,1.81118927099093,1,C,155,1
87.4192924789718,72,14.3643054971471,57.6356945028529,0,I,156,1
39.8621362480055,72,14.459648639895,25.4024876081104,1,C,157,1
67.1178928105416,72,14.4769765622914,52.6409162482502,1,I,158,1
82.4404925063729,72,14.697856712155,57.302143287845,0,C,159,1
174.714072800303,72,14.8223641980439,57.1776358019561,0,I,160,1
51.5012617994507,72,15.1317614782602,36.3695003211906,1,C,161,1
24.7732319143724,72,15.1865141373128,9.58671777705958,1,I,162,1
70.4132838021388,72,15.3915534261614,55.0217303759774,1,C,163,1
80.258819144895,72,15.568394260481,56.431605739519,0,I,164,1
94.3691350086828,72,15.6763819791377,56.3236180208623,0,C,165,1
89.3538715348961,72,15.6848172750324,56.3151827249676,0,I,166,1
32.6629495585656,72,15.7005602912977,16.9623892672679,1,C,167,1
29.0624197390976,72,15.7122693350539,13.3501504040437,1,I,168,1
23.1791947480649,72,15.8139630267397,7.36523172132521,1,C,169,1
72.8855276295591,44.2733460058541,15.882554766722,28.3907912391321,0,I,170,1
128.289320607275,72,15.9436629898846,56.0563370101154,0,C,171,1
22.2086087118246,72,15.9811820229515,6.22742668887306,1,I,172,1
105.68581004129,72,16.1846538120881,55.8153461879119,0,C,173,1
44.3796027981866,72,16.2650197651237,28.1145830330628,1,I,174,1
52.47982409526,72,16.278756824322,36.201067270938,1,C,175,1
77.2030488597483,43.3504173435473,16.3490177784115,27.0013995651358,0,I,176,1
30.8261023135206,72,16.3752349186689,14.4508673948517,1,C,177,1
45.3858255113376,72,16.5634468523785,28.822378658959,1,I,178,1
191.843535198565,72,16.5642684604973,55.4357315395027,0,C,179,1
58.3608105816465,72,16.93129805848,41.4295125231664,1,I,180,1
34.7997726142872,72,17.0301515422761,17.7696210720111,1,C,181,1
28.3973704244017,72,17.2095466917381,11.1878237326637,1,I,182,1
65.8502668101016,28.6977989743464,17.2260918421671,11.4717071321793,0,C,183,1
163.8385546967,72,17.3994971998036,54.6005028001964,0,I,184,1
20.5744662696754,72,17.4731761403382,3.10129012933719,1,C,185,1
54.6686377507849,63.9404779107235,17.5372808100656,37.1313569407194,1,I,186,1
68.354325638439,72,17.6636880403385,50.6906375981006,1,C,187,1
30.3421110801028,72,17.7221935847774,12.6199174953254,1,I,188,1
84.9672725184118,24.0933627363633,17.9095623269677,6.18380040939558,0,C,189,1
25.51413518391,72,18.2471217820421,7.26701340186791,1,I,190,1
90.6861178086181,72,18.2868672022596,53.7131327977404,0,C,191,1
36.6942849813886,72,18.3906843792647,18.3036006021239,1,I,192,1
144.922693668352,72,18.8308137981221,53.1691862018779,0,C,193,1
154.193048259379,72,18.8391700387001,53.1608299612999,0,I,194,1
60.3014959568521,72,18.8516963738948,41.4497995829572,1,C,195,1
48.5701853622105,72,18.9313586521894,29.6388267100212,1,I,196,1
24.4781451562044,23.7693840572192,18.9875221811235,4.78186187609572,0,C,197,1
131.764071017697,72,19.0624018292874,52.9375981707126,0,I,198,1
43.866583335848,72,19.1498049907386,24.7167783451094,1,C,199,1
68.5437466070963,72,19.2114608595148,49.3322857475816,1,I,200,1
93.6318958721878,72,19.2407075129449,52.7592924870551,0,C,201,1
22.2165937251132,72,19.6486545028165,2.56793922229673,1,I,202,1
104.459549699267,72,19.8053815634921,52.1946184365079,0,C,203,1
49.3168345456991,72,19.830651730299,29.4861828154001,1,I,204,1
109.011928209007,24.3422670293522,19.8536957614124,4.48857126793984,0,C,205,1
57.7856764239507,72,19.9475624738261,37.8381139501246,1,I,206,1
99.924292870998,72,20.0955676753074,51.9044323246926,0,C,207,1
63.8669098393933,72,20.1547167124227,43.7121931269706,1,I,208,1
60.6252125454698,72,20.2811738150194,40.3440387304503,1,C,209,1
23.2844887401955,72,20.4609651491046,2.8235235910909,1,I,210,1
24.9629096906599,70.3948352057392,20.6319796806201,4.3309300100398,1,C,211,1
79.3258463626553,72,20.6580763449892,51.3419236550108,0,I,212,1
64.8162111818821,72,20.733833508566,44.0823776733161,1,C,213,1
23.6755260185204,23.3593708142065,20.767394551076,2.59197626313051,0,I,214,1
60.8102061462096,63.4763117480212,20.7862240215763,40.0239821246332,1,C,215,1
60.4133261800546,57.7018201358058,20.8539199875668,36.847900148239,0,I,216,1
66.4751919625434,72,20.8827842166647,45.5924077458787,1,C,217,1
53.5346650047985,72,21.1065191449597,32.4281458598387,1,I,218,1
49.6196878376003,72,21.1386022064835,28.4810856311168,1,C,219,1
228.890330448041,22.669537206779,21.3977242726833,1.27181293409576,0,I,220,1
171.436606976027,72,21.4547005528584,50.5452994471416,0,C,221,1
71.3810348691807,72,21.5211589867249,49.8598758824558,1,I,222,1
47.4895138063014,72,21.5518076671287,25.9377061391727,1,C,223,1
25.3248879466171,72,21.6295312950388,3.69535665157836,1,I,224,1
50.3561650775872,72,21.704061194323,28.6521038832642,1,C,225,1
35.1826734781462,72,21.7306104116142,13.452063066532,1,I,226,1
82.9130138491042,72,21.7362670088187,50.2637329911813,0,C,227,1
85.9143714005439,72,21.8741007428616,50.1258992571384,0,I,228,1
59.4538387314383,72,21.9574062293395,37.4964325020987,1,C,229,1
74.5354712818183,72,22.0822904258966,49.9177095741034,0,I,230,1
34.3432421038311,72,22.1990963257849,12.1441457780462,1,C,231,1
74.8475189502335,72,22.2495587635785,49.7504412364215,0,I,232,1
50.1294873374805,72,22.2607802879065,27.868707049574,1,C,233,1
102.002434915285,72,22.3326127650216,49.6673872349784,0,I,234,1
280.047012585687,72,22.4189770314842,49.5810229685158,0,C,235,1
71.533481357614,72,22.4560957029462,49.0773856546678,1,I,236,1
55.6965200133811,32.286207165292,22.6311887567863,9.65501840850573,0,C,237,1
35.8560554116646,72,22.659678356722,13.1963770549426,1,I,238,1
25.8979762267126,70.7036766824735,22.6959390565753,3.20203717013734,1,C,239,1
81.9560481680932,72,22.703301650472,49.296698349528,0,I,240,1
29.3712651467742,72,22.7566740615293,6.61459108524485,1,C,241,1
34.166867808891,72,23.0065181292594,11.1603496796317,1,I,242,1
38.88890403863,61.7445780717625,23.0300524597988,15.8588515788313,1,C,243,1
25.3018078716987,40.3416497784762,23.0651026871055,2.23670518459311,1,I,244,1
27.5763625466123,72,23.3412581216544,4.23510442495789,1,C,245,1
50.7605106424739,72,23.3804484643042,27.3800621781697,1,I,246,1
29.3877941978026,72,23.410968077369,5.97682612043355,1,C,247,1
72.0497298922617,72,23.5230558877811,48.4769441122189,0,I,248,1
28.0086210720445,72,23.5373091883957,4.47131188364877,1,C,249,1
168.614318804823,72,23.5801581339911,48.4198418660089,0,I,250,1
176.302578990853,70.2915817051788,23.5866002412513,46.7049814639275,0,C,251,1
24.8739093400661,72,23.6349688796327,1.23894046043349,1,I,252,1
106.851867548701,72,23.6939994664863,48.3060005335137,0,C,253,1
25.9900648241455,72,23.8557938765734,2.1342709475721,1,I,254,1
28.2880568983829,72,24.0328325796872,4.25522431869565,1,C,255,1
85.1225885274714,72,24.0874796546996,47.9125203453004,0,I,256,1
39.6866654551939,72,24.0999811515212,15.5866843036727,1,C,257,1
44.404555645229,32.6370977068758,24.3249769834802,8.31212072339566,0,I,258,1
103.342716118745,72,24.340156163089,47.659843836911,0,C,259,1
61.3552134292153,72,24.367368221283,36.9878452079323,1,I,260,1
101.986718780868,72,24.5912825502455,47.4087174497545,0,C,261,1
40.7724240683187,33.5335216308102,24.6836972935125,8.84982433729772,0,I,262,1
34.9826588039675,37.9130958709602,24.6841059532017,10.2985528507658,1,C,263,1
29.1001293455137,72,24.6864377288148,4.41369161669887,1,I,264,1
53.4304649628069,30.6852100650552,24.7028082981706,5.98240176688467,0,C,265,1
89.325936603843,46.4196370538215,24.9568313034251,21.4628057503963,0,I,266,1
64.1324905015868,72,25.0424784980714,39.0900120035154,1,C,267,1
42.4816354191526,72,25.3338185185567,17.147816900596,1,I,268,1
69.5983618954183,39.3601780242555,25.4269252019003,13.9332528223552,0,C,269,1
208.080897200988,72,25.7750779855996,46.2249220144004,0,I,270,1
163.500264480494,72,25.7879462884739,46.2120537115261,0,C,271,1
27.0408001905843,72,25.8280781004578,1.21272209012649,1,I,272,1
36.6436177748475,72,25.8769825519994,10.7666352228481,1,C,273,1
63.810614104569,72,25.9761272929609,37.8344868116081,1,I,274,1
81.7531285135097,72,26.148247551173,45.851752448827,0,C,275,1
153.94147789298,72,26.1490537645295,45.8509462354705,0,I,276,1
38.6701867000249,72,26.1575029604137,12.5126837396112,1,C,277,1
293.478093228988,72,26.2680155178532,45.7319844821468,0,I,278,1
28.1565540552063,72,26.3121350063011,1.84441904890523,1,C,279,1
26.4519697327661,72,26.3566588656977,0.0953108670684022,1,I,280,1
27.1570693440668,72,26.5430561313406,0.614013212726233,1,C,281,1
306.107908509748,72,26.5753543702886,45.4246456297115,0,I,282,1
72.6272882521338,72,26.7568028066307,45.2431971933693,0,C,283,1
117.182283095421,72,26.7638997640461,45.2361002359539,0,I,284,1
34.5201450580086,72,26.8212844664231,7.6988605915855,1,C,285,1
139.487430100175,72,27.1082650590688,44.8917349409312,0,I,286,1
40.474999987183,72,27.2789457812905,13.1960542058924,1,C,287,1
35.3410688396278,31.4374637056851,27.4523977562785,3.98506594940663,0,I,288,1
38.3108650881208,69.5377634518508,27.5127258477733,10.7981392403476,1,C,289,1
50.6727154180279,72,27.5622080080211,23.1105074100068,1,I,290,1
31.8514093464746,72,27.5744064152241,4.27700293125049,1,C,291,1
114.672328040224,72,27.6211623195559,44.3788376804441,0,I,292,1
76.1850190065236,72,27.828157232143,44.171842767857,0,C,293,1
97.3124327147929,72,27.848055632785,44.151944367215,0,I,294,1
47.6905419448638,35.7086466069976,27.9293260211125,7.77932058588511,0,C,295,1
31.7991271617601,50.1342738723879,27.9573506209999,3.84177654076012,1,I,296,1
70.674826762218,72,28.0871469760314,42.5876797861866,1,C,297,1
161.51324321764,72,28.1517254468054,43.8482745531946,0,I,298,1
99.0738392378702,72,28.1964122643694,43.8035877356306,0,C,299,1
62.1959527924681,72,28.6019296897575,33.5940231027106,1,I,300,1
124.756701584833,72,28.6637172661722,43.3362827338278,0,C,301,1
182.041351559127,72,28.7558616092429,43.2441383907571,0,I,302,1
29.3848508158676,57.9678436113579,28.8767743762583,0.50807643960933,1,C,303,1
55.0174909508683,45.9181315412381,29.0477404883131,16.870391052925,0,I,304,1
147.061605169776,72,29.0542587591335,42.9457412408665,0,C,305,1
49.7140082282702,72,29.3096192926168,20.4043889356533,1,I,306,1
76.1002592683077,72,29.468927225098,42.531072774902,0,C,307,1
66.1770840411888,72,29.611563468352,36.5655205728368,1,I,308,1
41.8900862881399,72,29.6684730565175,12.2216132316224,1,C,309,1
62.4800355374248,72,29.7524713911116,32.7275641463131,1,I,310,1
86.2890393979356,72,29.7995286108926,42.2004713891074,0,C,311,1
66.45215751331,72,30.0566725758836,36.3954849374264,1,I,312,1
33.6988619649329,72,30.4007115354762,3.29815042945672,1,C,313,1
33.4049188672517,72,30.4603252932429,2.94459357400873,1,I,314,1
242.538678030735,72,30.5495715234429,41.4504284765571,0,C,315,1
49.8618141944959,72,30.5857946304604,19.2760195640355,1,I,316,1
54.1015690418998,72,30.6033784942701,23.4981905476297,1,C,317,1
54.3728943223519,72,30.6693917373195,23.7035025850324,1,I,318,1
60.0355792507852,72,30.7054411852732,29.3301380655119,1,C,319,1
37.9000441650212,72,30.7545628538355,7.14548131118567,1,I,320,1
57.9722006333134,72,30.7565403683111,27.2156602650023,1,C,321,1
44.3989928965763,31.6008855789798,30.7957289926708,0.805156586309018,0,I,322,1
52.2447446172281,72,30.8496707724407,21.3950738447874,1,C,323,1
51.9443540440697,72,30.9273836715147,21.016970372555,1,I,324,1
67.6062766532773,72,31.1382505344227,36.4680261188546,1,C,325,1
167.361885671279,72,31.195074794814,40.804925205186,0,I,326,1
32.9911597827147,72,31.4104303624481,1.58072942026656,1,C,327,1
229.445880300443,72,31.4625030197203,40.5374969802797,0,I,328,1
42.9968379571216,72,31.4645180571824,11.5323198999392,1,C,329,1
63.9716271858533,72,31.6579185286537,32.3137086571996,1,I,330,1
93.581798698646,72,31.6640779701993,40.3359220298007,0,C,331,1
93.9696425942789,60.2244865452067,31.8809168972075,28.3435696479992,0,I,332,1
123.082661810852,72,32.0851838914678,39.9148161085323,0,C,333,1
60.3134908329911,72,32.1540552657098,28.1594355672813,1,I,334,1
72.6868491033864,72,32.157637286,39.8423627140001,0,C,335,1
107.985956290785,36.6614122603705,32.2042302461341,4.45718201423642,0,I,336,1
73.5476266640067,72,32.2185130510479,39.7814869489521,0,C,337,1
113.986370545917,72,32.2392061958089,39.7607938041911,0,I,338,1
39.0453695050917,72,32.3044910375029,6.74087846758881,1,C,339,1
38.8970061192471,72,32.3766068648547,6.52039925439243,1,I,340,1
72.6141902802571,72,32.4813791178167,39.5186208821833,0,C,341,1
110.6267360447,72,32.5264052627608,39.4735947372392,0,I,342,1
119.221101418766,72,32.5433015311137,39.4566984688863,0,C,343,1
62.7131224716819,72,32.7367610810325,29.9763613906495,1,I,344,1
83.2775022630579,72,32.9593836050481,39.0406163949519,0,C,345,1
72.074767635383,72,33.1006670091301,38.8993329908699,0,I,346,1
66.9304915046863,72,33.2172626629472,33.7132288417391,1,C,347,1
179.113691917888,72,33.3430904801935,38.6569095198065,0,I,348,1
80.9530568372154,72,33.3797524357215,38.6202475642785,0,C,349,1
53.8681623810968,72,33.4743177518249,20.393844629272,1,I,350,1
41.6592092520554,72,33.5261562885717,8.13305296348369,1,C,351,1
34.9473475636535,72,33.5294644860551,1.41788307759846,1,I,352,1
48.5466937552175,72,33.5985289514065,14.948164803811,1,C,353,1
37.0405693815762,39.3039879220533,33.6126127280295,3.42795665354675,1,I,354,1
50.689893747931,66.8251445875527,33.7070530001074,16.9828407478236,1,C,355,1
42.8961585199288,59.5161959051301,33.7694720411673,9.12668647876152,1,I,356,1
78.2551992591811,72,33.8583442568779,38.1416557431221,0,C,357,1
43.2351075127411,72,33.8615883886814,9.37351912405968,1,I,358,1
93.1738577547324,72,34.1267304634675,37.8732695365325,0,C,359,1
61.7090253789641,72,34.2951943958178,27.4138309831463,1,I,360,1
55.2646475042496,72,34.3031411524862,20.9615063517634,1,C,361,1
186.571164968002,42.7837019271468,34.6361319394782,8.14756998766853,0,I,362,1
141.984095422462,72,34.7400598973036,37.2599401026964,0,C,363,1
50.8518888554298,72,34.7716604964808,16.080228358949,1,I,364,1
87.9570871224951,72,34.8643738310784,37.1356261689216,0,C,365,1
65.354688171576,72,34.9172929069027,30.4373952646733,1,I,366,1
65.3327062030708,72,35.1935844216496,30.1391217814212,1,C,367,1
56.1752899381058,51.3223164068627,35.2060305140913,16.1162858927714,0,I,368,1
70.9059991881076,72,35.256077167578,35.6499220205296,1,C,369,1
67.2209622250462,72,35.2850208291784,31.9359413958678,1,I,370,1
47.5373690607852,72,35.3939772723243,12.1433917884609,1,C,371,1
143.610090758763,72,35.3995371144265,36.6004628855735,0,I,372,1
143.46696580335,72,35.6247525941581,36.375247405842,0,C,373,1
57.144364792076,72,35.6593140168116,21.4850507752645,1,I,374,1
145.022910128898,72,35.6756872544065,36.3243127455935,0,C,375,1
60.2309978871337,72,36.0535981273279,24.1773997598058,1,I,376,1
160.674689436328,72,36.0687246406451,35.9312753593549,0,C,377,1
60.0648978631173,72,36.0734935384244,23.9914043246929,1,I,378,1
243.123295784461,72,36.0992759233341,35.9007240766659,0,C,379,1
201.506656254618,72,36.4487278042361,35.5512721957639,0,I,380,1
152.295001080411,72,36.5120102092624,35.4879897907376,0,C,381,1
58.1443741145515,43.4472972351806,36.6103161871433,6.83698104803726,0,I,382,1
49.8649247971752,72,36.7503408389166,13.1145839582586,1,C,383,1
174.780607801688,72,36.7914765514433,35.2085234485567,0,I,384,1
190.106955410696,72,36.8666127277538,35.1333872722462,0,C,385,1
45.9323301355522,59.071731926906,36.9827821757644,8.9495479597878,1,I,386,1
209.562875018424,72,37.0705192303285,34.9294807696715,0,C,387,1
153.332534549089,72,37.1153418067843,34.8846581932157,0,I,388,1
47.6977041644111,72,37.1473640855402,10.5503400788709,1,C,389,1
66.9849087044787,72,37.2101762378588,29.7747324666199,1,I,390,1
150.345081204834,72,37.2160069970414,34.7839930029586,0,C,391,1
68.3668413147888,72,37.2452873876318,31.121553927157,1,I,392,1
40.3300723114264,72,37.355354949832,2.97471736159441,1,C,393,1
145.122861912388,72,37.3697151616216,34.6302848383784,0,I,394,1
137.128566765539,72,37.5700406217948,34.4299593782052,0,C,395,1
38.7652795444816,72,37.6104091247544,1.15487041972725,1,I,396,1
70.6863200949918,72,37.7533936919644,32.9329264030273,1,C,397,1
125.171074179468,72,37.9424004955217,34.0575995044783,0,I,398,1
97.4355831723206,72,37.9500310868025,34.0499689131975,0,C,399,1
43.9870824340234,72,38.0274224001914,5.95966003383197,1,I,400,1
151.462213363363,72,38.1460950057954,33.8539049942046,0,C,401,1
59.9526729424565,72,38.2313562417403,21.7213167007162,1,I,402,1
44.2842413247224,72,38.3372384123504,5.947002912372,1,C,403,1
55.5223542960035,72,38.5147800296545,17.007574266349,1,I,404,1
89.2439097944392,72,38.5292718932033,33.4707281067967,0,C,405,1
117.896430981499,72,38.7466399278492,33.2533600721508,0,I,406,1
139.424466155571,72,38.7579180160537,33.2420819839463,0,C,407,1
67.1504521129081,72,38.8359511177987,28.3145009951094,1,I,408,1
77.958644449981,72,39.019191772677,32.980808227323,0,C,409,1
65.657440411899,72,39.2211791686714,26.4362612432276,1,I,410,1
66.6091673454463,72,39.2888664454222,27.3203009000241,1,C,411,1
84.2723816091386,72,39.4056426454335,32.5943573545665,0,I,412,1
67.7171955451468,72,39.4224183959886,28.2947771491581,1,C,413,1
42.9594210551263,72,39.4538435898721,3.50557746525422,1,I,414,1
138.412838975922,72,39.8248036159202,32.1751963840798,0,C,415,1
91.9837898977506,72,39.9569528969005,32.0430471030995,0,I,416,1
47.1220130204803,72,39.9685924267396,7.15342059374065,1,C,417,1
235.168203729605,72,40.0592092517763,31.9407907482237,0,I,418,1
56.3201613060134,72,40.0595772592351,16.2605840467783,1,C,419,1
154.361184452149,72,40.1996420323849,31.8003579676151,0,I,420,1
41.240792828855,53.4052450370992,40.3305383725092,0.910254456345807,1,C,421,1
51.7789160970764,72,40.3635048028082,11.4154112942683,1,I,422,1
72.1503751135134,72,40.3814364597201,31.6185635402799,0,C,423,1
121.567395221061,72,40.490068285726,31.509931714274,0,I,424,1
93.5937818859703,72,40.5172788910568,31.4827211089432,0,C,425,1
63.2558721508304,72,40.5262301489711,22.7296420018593,1,I,426,1
52.2846153148339,72,40.5412203026935,11.7433950121403,1,C,427,1
130.968457605425,72,40.5939149111509,31.4060850888491,0,I,428,1
90.6589183340174,72,40.6932176789269,31.3067823210731,0,C,429,1
73.6533132968547,72,40.8037279034033,31.1962720965967,0,I,430,1
59.4796330530511,72,40.9786459151655,18.5009871378856,1,C,431,1
70.3839962113997,72,41.0588120436296,29.3251841677701,1,I,432,1
116.591917410322,72,41.0629552323371,30.9370447676629,0,C,433,1
43.0244834870854,72,41.0732691781595,1.95121430892585,1,I,434,1
53.5372461900279,72,41.1993386456743,12.3379075443536,1,C,435,1
52.782123226652,72,41.2024149857461,11.5797082409059,1,I,436,1
93.4458963396248,72,41.285091843456,30.714908156544,0,C,437,1
44.1715174591128,72,41.3172924611717,2.85422499794101,1,I,438,1
68.6769022362688,72,41.371031482704,27.3058707535649,1,C,439,1
281.299577154163,72,41.7960255313665,30.2039744686335,0,I,440,1
68.3512630191612,49.3365745819558,41.8929081643,7.44366641765574,0,C,441,1
119.435521581934,72,41.9652617163956,30.0347382836044,0,I,442,1
75.8450581756581,72,42.0906384615228,29.9093615384772,0,C,443,1
111.264414295043,72,42.1607311908156,29.8392688091844,0,I,444,1
66.3919594113485,72,42.2384331934154,24.1535262179331,1,C,445,1
111.552716515374,72,42.3342627100647,29.6657372899354,0,I,446,1
46.6664138844006,72,42.3609141027555,4.30549978164513,1,C,447,1
158.186014078869,72,42.8353916527703,29.1646083472297,0,I,448,1
163.743356196666,72,42.8447171626613,29.1552828373387,0,C,449,1
223.594430747298,72,42.9704129789025,29.0295870210975,0,I,450,1
54.4113128731875,72,43.1877248128876,11.2235880602999,1,C,451,1
59.7337403516639,72,43.1890452699736,16.5446950816903,1,I,452,1
61.987853070708,72,43.2237232849002,18.7641297858078,1,C,453,1
76.2043449923845,72,43.2556680450216,28.7443319549784,0,I,454,1
58.0159949873309,49.8862337827467,43.5722274100408,6.31400637270589,0,C,455,1
64.0217898258732,72,43.6150870285928,20.4067027972804,1,I,456,1
58.0860114578627,46.5951530614831,43.726942925714,2.86821013576916,0,C,457,1
84.3863827176826,72,43.7358412938193,28.2641587061808,0,I,458,1
81.2518685215832,72,43.797635184601,28.2023648153991,0,C,459,1
99.1179154573533,67.7577421463731,43.850956899114,23.9067852472591,0,I,460,1
342.368112295983,72,44.0532192215323,27.9467807784677,0,C,461,1
51.3377999436117,72,44.0922016091645,7.24559833444716,1,I,462,1
103.306065420377,65.8352307145617,44.2062578955665,21.6289728189952,0,C,463,1
66.377708926548,72,44.3144104443491,22.0632984821989,1,I,464,1
45.7806091570023,72,44.518587780185,1.2620213768172,1,C,465,1
107.90075227316,72,44.5342339854687,27.4657660145313,0,I,466,1
194.05977831782,72,44.5550118153915,27.4449881846085,0,C,467,1
190.705971727238,72,44.8014655709267,27.1985344290733,0,I,468,1
53.6144364531121,72,44.8215629300103,8.79287352310187,1,C,469,1
67.2609705708729,72,44.9919454660267,22.2690251048462,1,I,470,1
180.012093829406,72,45.031824382022,26.968175617978,0,C,471,1
121.056161346216,72,45.1922857761383,26.8077142238617,0,I,472,1
48.8704759522444,72,45.192709621042,3.67776633120237,1,C,473,1
205.521639677389,72,45.4102264344692,26.5897735655308,0,I,474,1
47.0170118110851,72,45.4828507779166,1.5341610331685,1,C,475,1
66.8097539162848,72,45.4868036415428,21.322950274742,1,I,476,1
57.3092351382622,72,45.4930416494608,11.8161934888014,1,C,477,1
181.580294376372,72,45.4965955903754,26.5034044096246,0,I,478,1
55.580281468392,72,45.5315273534507,10.0487541149413,1,C,479,1
112.264230227271,72,45.6046144478023,26.3953855521977,0,I,480,1
139.790134252831,72,45.6794318603352,26.3205681396648,0,C,481,1
66.3819915247405,72,45.6804823502898,20.7015091744507,1,I,482,1
186.817115700999,72,45.6812552316114,26.3187447683886,0,C,483,1
73.3147313210371,72,45.7007561484352,26.2992438515648,0,I,484,1
62.1531777397108,72,45.7408929616213,16.4122847780895,1,C,485,1
47.1710200956346,72,46.0302127897739,1.1408073058607,1,I,486,1
46.4483992148207,72,46.2596363201737,0.188762894646949,1,C,487,1
87.9188079996174,72,46.2813121033832,25.7186878966168,0,I,488,1
122.198262977985,72,46.2951007112861,25.7048992887139,0,C,489,1
81.3384646280939,72,46.2968215998262,25.7031784001738,0,I,490,1
56.8683414741478,72,46.4917094400153,10.3766320341325,1,C,491,1
114.294476660367,72,46.5665443288162,25.4334556711838,0,I,492,1
56.5277144789906,72,46.6267667384818,9.90094774050881,1,C,493,1
51.8564969134882,72,46.6306301392615,5.22586677422667,1,I,494,1
66.5632890615577,72,46.717501860112,19.8457872014457,1,C,495,1
66.4829514177994,53.9442700622028,46.7388837877661,7.20538627443666,0,I,496,1
306.709094427178,72,46.7710055736825,25.2289944263175,0,C,497,1
146.842032307387,72,46.8856302509084,25.1143697490916,0,I,498,1
51.9149601106465,72,46.9798518810421,4.93510822960439,1,C,499,1
151.822858822775,72,47.0954940514639,24.9045059485361,0,I,500,1
118.034233836067,72,47.1873188205063,24.8126811794937,0,C,501,1
49.6334834401093,72,47.2165415575728,2.41694188253649,1,I,502,1
300.920864351122,72,47.3988868994638,24.6011131005362,0,C,503,1
54.9155021906942,72,47.4590708920732,7.45643129862098,1,I,504,1
109.499247918172,70.4361699353804,47.5424677412957,22.8937021940847,0,C,505,1
230.633980943183,72,47.5444122590125,24.4555877409875,0,I,506,1
134.024864237225,72,47.5445995526388,24.4554004473612,0,C,507,1
79.5594838471447,52.7321735408392,47.7127463417128,5.01942719912644,0,I,508,1
97.6205497613209,72,47.7521047415212,24.2478952584788,0,C,509,1
90.3207263311213,72,47.833236772567,24.166763227433,0,I,510,1
145.559286658566,72,47.8485977975652,24.1514022024348,0,C,511,1
110.395443451909,72,48.0234152125195,23.9765847874805,0,I,512,1
231.322098955043,72,48.1410230509937,23.8589769490063,0,C,513,1
50.991640652582,72,48.2360582146794,2.75558243790261,1,I,514,1
69.7318340273643,72,48.2840805407614,21.4477534866029,1,C,515,1
87.5608633051503,72,48.3221615944058,23.6778384055942,0,I,516,1
83.7635318290571,72,48.4726239508018,23.5273760491982,0,C,517,1
61.2288190998455,72,48.4974822448567,12.7313368549888,1,I,518,1
95.721420981082,63.7848432372234,48.5106848459691,15.2741583912543,0,C,519,1
62.3394453945122,72,48.7018720339984,13.6375733605139,1,I,520,1
51.9783942820394,72,48.9930514153093,2.98534286673004,1,C,521,1
101.022635729333,72,49.2034048726782,22.7965951273218,0,I,522,1
89.8889686684031,72,49.2910415260121,22.7089584739879,0,C,523,1
52.0073783226374,72,49.4595623016357,2.54781602100162,1,I,524,1
79.6329432025771,72,49.5311573334038,22.4688426665962,0,C,525,1
51.4051006393375,72,49.5896769454703,1.81542369386726,1,I,526,1
107.173740987563,72,49.5910129090771,22.4089870909229,0,C,527,1
112.407383768644,72,49.9002856342122,22.0997143657878,0,I,528,1
62.3722854855762,61.7575825540522,50.0443056877703,11.7132768662819,0,C,529,1
96.5935069279927,72,50.0661641545594,21.9338358454406,0,I,530,1
81.923263354473,72,50.1127410773188,21.8872589226812,0,C,531,1
72.3749559104717,72,50.1261417428032,21.8738582571968,0,I,532,1
75.6103997620296,72,50.1800894876942,21.8199105123058,0,C,533,1
59.2108907626678,72,50.2649107994512,8.9459799632166,1,I,534,1
63.1685405806318,72,50.3160120081157,12.8525285725161,1,C,535,1
61.2699372387559,71.2232654070797,50.5426184087992,10.7273188299567,1,I,536,1
54.9696079594552,72,50.823297360912,4.14631059854326,1,C,537,1
72.2677572473598,72,50.8234935253859,21.1765064746141,0,I,538,1
70.78768128142,53.9857360888661,50.9007533965632,3.08498269230284,0,C,539,1
135.727306699465,72,51.0308576049283,20.9691423950717,0,I,540,1
97.3070693290211,72,51.0967681696639,20.9032318303362,0,C,541,1
52.4036518704235,72,51.1223072838038,1.2813445866197,1,I,542,1
59.130380990284,72,51.1491002328694,7.98128075741464,1,C,543,1
154.73689301183,72,51.2342353770509,20.7657646229491,0,I,544,1
260.864571547731,72,51.5243742847815,20.4756257152185,0,C,545,1
80.6828518117201,72,51.6251273872331,20.3748726127669,0,I,546,1
65.2640103732878,72,51.6406408231705,13.6233695501173,1,C,547,1
70.1302084178062,72,51.8156998464838,18.3145085713224,1,I,548,1
58.3165553150495,72,51.8209332833067,6.49562203174288,1,C,549,1
68.4962182467955,72,51.9796099048108,16.5166083419847,1,I,550,1
76.4487775472,72,52.0162787893787,19.9837212106213,0,C,551,1
84.8171726004916,72,52.0928082056344,19.9071917943656,0,I,552,1
68.2355303344267,72,52.3906714562327,15.844858878194,1,C,553,1
90.160467740758,72,52.4833625089377,19.5166374910623,0,I,554,1
133.029602613437,55.9987779150023,52.9140261467546,3.08475176824771,0,C,555,1
146.135613388743,72,52.9246872151271,19.075312784873,0,I,556,1
54.1387298749603,72,53.461432736367,0.677297138593259,1,C,557,1
73.1939306437377,72,53.4878444485366,18.5121555514634,0,I,558,1
57.9751556386782,72,53.5487185232341,4.42643711544407,1,C,559,1
58.719069321294,72,53.5793942352757,5.13967508601828,1,I,560,1
121.71300963011,72,54.1029160888866,17.8970839111134,0,C,561,1
56.6492113755028,66.082251440103,54.1416584188119,2.50755295669095,1,I,562,1
96.0557039414392,72,54.3393605807796,17.6606394192204,0,C,563,1
123.602970736374,72,54.4241466047242,17.5758533952758,0,I,564,1
56.8098427356857,72,54.5388728845865,2.27096985109928,1,C,565,1
63.0801542878038,72,54.7701206244528,8.310033663351,1,I,566,1
55.4690407507739,72,54.8645614692941,0.604479281479712,1,C,567,1
291.421481394071,72,54.9157043779269,17.0842956220731,0,I,568,1
99.5902698107565,72,54.9194862507284,17.0805137492716,0,C,569,1
93.9625908848632,72,54.9717174097896,17.0282825902104,0,I,570,1
93.71194063433,72,55.2804619492963,16.7195380507037,0,C,571,1
61.6928263798979,72,55.4291206179187,6.26370576197919,1,I,572,1
192.356116821604,72,55.4410993074998,16.5589006925002,0,C,573,1
58.4737158635912,72,55.5631484789774,2.91056738461382,1,I,574,1
115.454954688211,72,55.5741123575717,16.4258876424283,0,C,575,1
88.4458651096383,72,55.6850426830351,16.3149573169649,0,I,576,1
182.13692721265,72,55.9599385969341,16.0400614030659,0,C,577,1
113.491437110822,72,56.0161112202331,15.9838887797669,0,I,578,1
78.3243462160185,72,56.0530235571787,15.9469764428213,0,C,579,1
65.6373459962787,72,56.0969964740798,9.54034952219888,1,I,580,1
76.9690854827728,72,56.3316917605698,15.6683082394302,0,C,581,1
112.841683107684,61.9911045971124,56.3662931788713,5.62481141824109,0,I,582,1
129.631764845975,72,56.5533363400027,15.4466636599973,0,C,583,1
65.0630770218735,72,56.5590864792466,8.50399054262689,1,I,584,1
67.4670590154489,72,56.6814243653789,10.78563465007,1,C,585,1
133.927376411142,72,56.779499812983,15.220500187017,0,I,586,1
89.4384915763822,72,56.7801774200052,15.2198225799948,0,C,587,1
127.971473319875,72,56.8797390349209,15.1202609650791,0,I,588,1
64.1010370059438,64.6827976061777,56.9520601350814,7.14897687086241,1,C,589,1
170.338998606621,72,57.0131644047797,14.9868355952203,0,I,590,1
58.9550084459983,72,57.1356973377988,1.81931110819949,1,C,591,1
80.116329979464,72,57.1905624680221,14.8094375319779,0,I,592,1
187.29810253997,72,57.5140698580071,14.4859301419929,0,C,593,1
72.3539312676362,72,57.6913040969521,14.3086959030479,0,I,594,1
252.881962439248,72,57.6927929045633,14.3072070954368,0,C,595,1
67.5881187600166,72,57.788303475827,9.79981528418963,1,I,596,1
108.660817555699,72,57.7969517698512,14.2030482301489,0,C,597,1
58.7842004543349,72,57.8517106454819,0.932489808852945,1,I,598,1
158.827770709379,72,57.9099813150242,14.0900186849758,0,C,599,1
61.606431605284,72,57.918139337562,3.688292267722,1,I,600,1
253.265933980207,72,58.0935092736036,13.9064907263964,0,C,601,1
76.1751016042898,72,58.2100605452433,13.7899394547567,0,I,602,1
126.451792436158,72,58.2232253160328,13.7767746839672,0,C,603,1
359.030338822907,72,58.4258299134672,13.5741700865328,0,I,604,1
100.894298577098,72,58.7338517513126,13.2661482486874,0,C,605,1
69.0437571732663,72,58.7387857027352,10.3049714705311,1,I,606,1
65.3393713359125,70.9152857520987,58.8670356664807,6.47233566943184,1,C,607,1
205.85038311518,72,58.9360434003174,13.0639565996826,0,I,608,1
59.8084464986183,72,59.1436062427238,0.664840255894509,1,C,609,1
90.7848117333502,72,59.1445716843009,12.8554283156991,0,I,610,1
110.714373442129,72,59.3591249501333,12.6408750498667,0,C,611,1
74.819046925936,72,59.3871284974739,12.6128715025261,0,I,612,1
77.6179859640332,72,59.4147707009688,12.5852292990312,0,C,613,1
139.343738396838,72,59.4755405047908,12.5244594952092,0,I,614,1
130.40071127995,72,59.722126275301,12.277873724699,0,C,615,1
108.497025139811,72,59.8018812714145,12.1981187285855,0,I,616,1
122.163267729192,72,59.8067627241835,12.1932372758165,0,C,617,1
147.521272086133,72,59.847382963635,12.152617036365,0,I,618,1
102.809230576557,72,59.8565422184765,12.1434577815235,0,C,619,1
243.381892951371,72,59.8716891836375,12.1283108163625,0,I,620,1
12.9041111648107,72,0.0144103774800897,12.8897007873306,1,C,1,2
20.7492311136122,72,0.0226275064051151,20.7266036072071,1,I,2,2
12.3322786736668,68.5671096648686,0.0253993319347501,12.3068793417321,1,C,3,2
5.49223223669364,2.78078201180906,0.0613004341721535,2.7194815776369,0,I,4,2
19.6049489206734,10.892532517808,0.10138001292944,10.7911525048786,0,C,5,2
78.9654229396288,72,0.418812031857669,71.5811879681423,0,I,6,2
53.778379891125,72,0.457734502851963,53.3206453882731,1,C,7,2
5.5637356673873,72,0.495341964997351,5.06839370238995,1,I,8,2
25.3785593119947,72,0.559021169319749,24.819538142675,1,C,9,2
47.2915265520613,72,0.583838727325201,46.7076878247361,1,I,10,2
103.720091043294,72,0.673779495991767,71.3262205040082,0,C,11,2
6.03610508789158,72,0.695089953951538,5.34101513394005,1,I,12,2
66.6776758476136,72,0.814891140908003,65.8627847067056,1,C,13,2
36.4265158130562,72,0.839135753922164,35.5873800591341,1,I,14,2
33.6218436596396,72,1.04032576549798,32.5815178941417,1,C,15,2
99.9878645800009,50.8320415840128,1.17191172670573,49.6601298573071,0,I,16,2
2.55780988641653,72,1.1829946981743,1.37481518824223,1,C,17,2
48.7105740572972,72,1.26700427848846,47.4435697788087,1,I,18,2
130.726920271166,19.0162396671524,1.37909911572933,17.6371405514231,0,C,19,2
46.4553618177862,72,1.40805561561137,45.0473062021748,1,I,20,2
2.6771368197247,72,1.47492703981698,1.20220977990773,1,C,21,2
290.840861877988,10.7138313575104,1.60761997103691,9.10621138647345,0,I,22,2
156.412565370705,72,1.6665699519217,70.3334300480783,0,C,23,2
39.380672602254,72,1.69471784960479,37.6859547526493,1,I,24,2
3.89411967318891,4.66402709307721,1.71524126082659,2.17887841236232,1,C,25,2
46.9156691396629,72,1.75440299324691,45.161266146416,1,I,26,2
105.366978128846,72,1.80504886899143,70.1949511310086,0,C,27,2
31.0532971740382,72,1.87991978600621,29.173377388032,1,I,28,2
28.6237978020274,65.0816708483058,1.89491981640458,26.7288779856228,1,C,29,2
27.1646001322591,72,2.34943668823689,24.8151634440222,1,I,30,2
2.48604462446161,19.0417720396663,2.35829451587051,0.127750108591093,1,C,31,2
113.295773709988,72,2.36314533278346,69.6368546672165,0,I,32,2
85.1308754261193,11.9000607783859,2.36614875029773,9.53391202808822,0,C,33,2
24.583676783268,72,2.40001038182527,22.1836664014427,1,I,34,2
47.7437787788929,19.7294059858803,2.67793871462345,17.0514672712568,0,C,35,2
49.9111802043903,72,2.72230067756027,47.1888795268301,1,I,36,2
49.6634384488262,72,2.86118885502219,46.802249593804,1,C,37,2
93.2013840393184,72,2.93661096598953,69.0633890340105,0,I,38,2
13.3911459637555,56.7113107307505,3.04389938246459,10.3472465812909,1,C,39,2
12.4995622060984,72,3.41914888937026,9.08041331672816,1,I,40,2
23.2830613685636,61.8086548472898,3.48372923210263,19.799332136461,1,C,41,2
121.166861668072,72,3.59502702020109,68.4049729797989,0,I,42,2
103.548196542711,72,3.62304033245891,68.3769596675411,0,C,43,2
13.4572529842292,70.4428519787866,3.80147648043931,9.65577650378992,1,I,44,2
101.943542706162,72,3.86322614271194,68.1367738572881,0,C,45,2
127.959262541083,72,3.92864710651338,68.0713528934866,0,I,46,2
22.3116883045397,17.8772692314009,4.18450891971588,13.692760311685,0,C,47,2
63.3967541733879,46.7176172541878,4.63886149227619,42.0787557619116,0,I,48,2
34.8933672466357,23.0534418517743,5.13964767102152,17.9137941807528,0,C,49,2
58.9766918417322,51.0545748306091,5.4450222523883,45.6095525782208,0,I,50,2
91.6730716456879,72,5.47275493852794,66.5272450614721,0,C,51,2
7.25265186934905,25.72043293914,5.48125064000487,1.77140122934417,1,I,52,2
23.1776006041409,55.4764009187264,5.5052070133388,17.6723935908021,1,C,53,2
13.5475311590663,72,5.56403433904052,7.98349682002582,1,I,54,2
87.393679939112,72,5.67328875884414,66.3267112411559,0,C,55,2
92.2080489065341,72,5.81434214953333,66.1856578504667,0,I,56,2
59.1879557297732,18.686231029424,5.96235061995685,12.7238804094672,0,C,57,2
196.610691523283,72,6.01208218373358,65.9879178162664,0,I,58,2
7.35663206138529,72,6.0360464360565,1.3205856253288,1,C,59,2
50.7161298838893,72,6.09292332082987,44.6232065630594,1,I,60,2
29.4015408010442,61.3479131395861,6.1615308187902,23.240009982254,1,C,61,2
42.7478719463,72,6.18854362517595,36.559328321124,1,I,62,2
23.0946567674284,72,6.19798673316836,16.89667003426,1,C,63,2
10.2346865687865,72,6.34059151634574,3.89409505244077,1,I,64,2
8.46060792173519,72,6.41291119158268,2.0476967301525,1,C,65,2
25.9495432179645,72,6.43580304924399,19.5137401687205,1,I,66,2
41.8561090650157,72,6.47954469546676,35.376564369549,1,C,67,2
24.0229409062174,72,6.48559056222439,17.537350343993,1,I,68,2
13.3438685399626,72,6.74680753145367,6.59706100850896,1,C,69,2
24.8058748204439,72,6.91584262065589,17.890032199788,1,I,70,2
11.0482768356502,56.80329515697,7.06168944016099,3.9865873954892,1,C,71,2
51.4676116684323,72,7.14296917431057,44.3246424941217,1,I,72,2
40.3685859577354,72,7.25007112137973,33.1185148363557,1,C,73,2
18.6387123087206,72,7.42281868122518,11.2158936274954,1,I,74,2
192.008397215413,35.3012692222635,7.67686106264591,27.6244081596176,0,C,75,2
10.2017586903827,72,7.72280399221927,2.47895469816342,1,I,76,2
40.4016259804831,72,7.82305522821844,32.5785707522646,1,C,77,2
9.21799207953912,72,7.9468736378476,1.27111844169152,1,I,78,2
32.7091600532052,72,8.05673468392342,24.6524253692818,1,C,79,2
18.9268233181665,72,8.09301041532308,10.8338129028434,1,I,80,2
64.2962167975651,28.111294058661,8.1357802497223,19.9755138089387,0,C,81,2
13.9647005635589,8.76002801675768,8.14247692935169,0.617551087405989,0,I,82,2
150.230233287465,72,8.46597129944712,63.5340287005529,0,C,83,2
256.708143295337,72,8.48186489660293,63.5181351033971,0,I,84,2
18.629550141342,72,8.52183822076768,10.1077119205743,1,C,85,2
55.6987244611665,72,9.00097566191107,46.6977487992555,1,I,86,2
17.8465589667019,72,9.11615981720388,8.73039914949797,1,C,87,2
28.2867634945625,72,9.1680503077805,19.118713186782,1,I,88,2
20.502035327879,72,9.1757655562833,11.3262697715957,1,C,89,2
37.006088884265,72,9.1828909702599,27.8231979140051,1,I,90,2
60.7879530509451,72,9.33766046538949,51.4502925855556,1,C,91,2
61.732241594955,72,9.38163327053189,52.3506083244231,1,I,92,2
71.961257248793,72,9.40015914849937,62.5610981002937,1,C,93,2
37.432658728241,72,9.53553259838372,27.8971261298572,1,I,94,2
11.3361798719576,72,9.6706915134564,1.66548835850121,1,C,95,2
44.7028685310415,72,9.71288956236094,34.9899789686805,1,I,96,2
81.2018538392984,72,9.77572019677609,62.2242798032239,0,C,97,2
86.0298090093431,72,9.89318469073623,62.1068153092638,0,I,98,2
56.573030978841,41.8685822547069,9.94408235885203,31.9244998958549,0,C,99,2
32.4185553808293,28.3784348132588,10.0155199924484,18.3629148208104,0,I,100,2
46.479888478214,17.9301011157833,10.1047665718943,7.825334543889,0,C,101,2
27.7030134269638,72,10.1307803532109,17.5722330737529,1,I,102,2
120.341848019407,72,10.3222913201898,61.6777086798102,0,C,103,2
25.6137640732807,72,10.3531118296087,15.260652243672,1,I,104,2
31.681470536839,19.7683374887667,10.4552005743608,9.31313691440592,0,C,105,2
28.7197735405065,72,10.6470783194527,18.0726952210537,1,I,106,2
11.9686032315602,52.8678969940982,10.9035556297749,1.06504760178525,1,C,107,2
70.4392703076691,42.4002403975539,10.9908646484837,31.4093757490702,0,I,108,2
26.7787265931271,72,11.2840531999245,15.4946733932026,1,C,109,2
12.6759289534497,72,11.3536295061931,1.32229944725661,1,I,110,2
38.4934654148701,72,11.5110021689907,26.9824632458794,1,C,111,2
154.206199129745,72,11.5211361693218,60.4788638306782,0,I,112,2
11.8180600009027,72,11.5326174348593,0.285442566043397,1,C,113,2
107.299194644269,51.1951627656819,11.5788279566914,39.6163348089905,0,I,114,2
56.6622180586455,71.7370803704173,11.5886126831174,45.0736053755281,1,C,115,2
36.7395924382657,26.6298144340829,11.6475239954889,14.982290438594,0,I,116,2
91.1676460850621,60.6089496872718,11.6674194345251,48.9415302527468,0,C,117,2
134.105437200598,52.775246858987,11.7614791961387,41.0137676628483,0,I,118,2
17.0745704966158,72,11.855104258284,5.21946623833183,1,C,119,2
39.6873734497035,72,11.8948085093871,27.7925649403165,1,I,120,2
54.0545599439917,72,11.9029478123412,42.1516121316506,1,C,121,2
86.2346645871268,72,11.9498146791011,60.0501853208989,0,I,122,2
60.0794150914699,72,12.0766200777143,48.0027950137556,1,C,123,2
168.835246847787,72,12.166427699849,59.833572300151,0,I,124,2
131.113506411681,72,12.2225140174851,59.7774859825149,0,C,125,2
37.0395247828885,72,12.6009619329125,24.438562849976,1,I,126,2
38.0211341691799,72,12.6474460540339,25.373688115146,1,C,127,2
26.6944667069317,72,12.7723047696054,13.9221619373263,1,I,128,2
69.3268550754936,71.4829540446407,12.8831165609881,56.4437385145055,1,C,129,2
101.187124755858,72,13.0428211251274,58.9571788748726,0,I,130,2
91.1567568801822,72,13.0519790668041,58.948020933196,0,C,131,2
104.535526220136,72,13.3655640436336,58.6344359563664,0,I,132,2
19.1432988377289,37.8164621118804,13.3833050122485,5.75999382548042,1,C,133,2
107.109219104957,72,13.3911809278652,58.6088190721348,0,I,134,2
141.231144587059,72,13.4413221711293,58.5586778288707,0,C,135,2
20.9984498929235,72,13.967696428299,7.0307534646246,1,I,136,2
72.065356813929,72,14.0091020939872,57.9908979060128,0,C,137,2
20.6756248934346,72,14.0147927356884,6.66083215774616,1,I,138,2
48.4236801962994,72,14.0437347628176,34.3799454334818,1,C,139,2
15.2793476632408,72,14.1980042355135,1.08134342772727,1,I,140,2
54.3758373072328,53.2833872653685,14.2720120679587,39.0113751974097,0,C,141,2
91.1008437005091,72,14.3440053937957,57.6559946062043,0,I,142,2
42.9312499208465,72,14.3530264310539,28.5782234897926,1,C,143,2
44.3959536510805,72,14.4485751120374,29.9473785390432,1,I,144,2
45.9159986895049,72,14.5164389815182,31.3995597079867,1,C,145,2
54.3952461239204,72,14.5913373213261,39.8039088025943,1,I,146,2
48.6642066710206,23.2590972731607,14.5953523088247,8.66374496433608,0,C,147,2
22.8220803361077,72,14.6295236935839,8.19255664252378,1,I,148,2
92.0174869773218,72,14.7647896595299,57.2352103404701,0,C,149,2
58.3994136273698,72,14.7684284392744,43.6309851880954,1,I,150,2
43.4719353692407,49.6869237171564,14.951034905389,28.5209004638517,1,C,151,2
57.7982950207701,72,15.0522282952443,42.7460667255259,1,I,152,2
34.030414433776,72,15.3442211123183,18.6861933214577,1,C,153,2
84.1987184260641,72,15.4384994879365,56.5615005120635,0,I,154,2
69.3973037092643,72,15.5094743007794,53.8878294084849,1,C,155,2
29.1703405459472,72,15.5422576144338,13.6280829315134,1,I,156,2
163.340832762247,72,15.6490194238722,56.3509805761278,0,C,157,2
81.0910270665335,72,15.6846666801721,56.3153333198279,0,I,158,2
218.485967427402,72,15.9084478486329,56.0915521513671,0,C,159,2
96.0472141953402,43.4576284521748,15.9701591357589,27.4874693164159,0,I,160,2
52.2452554855237,72,16.1579358251765,36.0873196603472,1,C,161,2
156.242703777369,72,16.2265033973381,55.7734966026619,0,I,162,2
18.2327687128867,72,16.2617379147559,1.9710307981308,1,C,163,2
78.5885187099902,25.6810039202536,16.4063312206417,9.27467269961188,0,I,164,2
32.1879097734495,72,16.4168088510633,15.7711009223862,1,C,165,2
101.366050777387,68.292664085389,16.6835988359526,51.6090652494364,0,I,166,2
19.9253625427415,72,16.7187970876694,3.20656545507209,1,C,167,2
127.191683403414,72,16.7321984656155,55.2678015343845,0,I,168,2
159.864861197434,72,16.7880260339007,55.2119739660993,0,C,169,2
26.003319667023,72,16.9422714225948,9.06104824442823,1,I,170,2
55.8934436566943,72,17.4146044487134,38.4788392079809,1,C,171,2
51.5413755883821,72,17.5568114966154,33.9845640917667,1,I,172,2
31.7728098998698,72,17.6333691319451,14.1394407679247,1,C,173,2
95.3633169998063,72,17.7878344617784,54.2121655382216,0,I,174,2
236.882775009091,72,18.0781656363979,53.9218343636021,0,C,175,2
123.115515464614,72,18.2232807856053,53.7767192143947,0,I,176,2
175.448394340571,41.0054656503164,18.2829050347209,22.7225606155955,0,C,177,2
59.7797684222061,72,18.2949308305979,41.4848375916082,1,I,178,2
32.1682347967882,72,18.4434557240456,13.7247790727426,1,C,179,2
86.8292799190912,72,18.4516763174906,53.5483236825094,0,I,180,2
168.890673956944,72,18.5238599963486,53.4761400036514,0,C,181,2
89.2769177726,72,18.6056043114513,53.3943956885487,0,I,182,2
68.5868749182674,23.5577510691819,18.6164965527132,4.94125451646873,0,C,183,2
119.257117782485,72,18.6254948750138,53.3745051249862,0,I,184,2
34.7974799943858,72,18.6986935744062,16.0987864199796,1,C,185,2
58.7928680454371,72,18.7869453057647,40.0059227396725,1,I,186,2
46.9661844353754,31.838994612693,18.9193223649636,12.9196722477294,0,C,187,2
30.689033416633,72,19.0388998109847,11.6501336056482,1,I,188,2
20.7429375712894,72,19.0863456157967,1.65659195549266,1,C,189,2
26.6393315919829,72,19.1780384257436,7.46129316623934,1,I,190,2
43.8458869896453,72,19.2048014514148,24.6410855382305,1,C,191,2
57.108179602844,72,19.2218767572194,37.8863028456245,1,I,192,2
22.7054632730325,72,19.3442025594413,3.36126071359113,1,C,193,2
114.491139845223,72,19.3654676573351,52.6345323426649,0,I,194,2
31.6695308922715,72,19.6814334578812,11.9880974343903,1,C,195,2
45.9504108374176,72,19.747408577241,26.2030022601766,1,I,196,2
27.4464735266073,24.9038007964589,20.0607548933476,4.84304590311124,0,C,197,2
32.0977327774496,44.9130316632744,20.1136563112959,11.9840764661537,1,I,198,2
85.8818331145778,72,20.2719797613099,51.7280202386901,0,C,199,2
67.524676401719,72,20.6038114707917,46.9208649309273,1,I,200,2
39.0070852585632,29.2731631426861,20.7470789831132,8.52608415957292,0,C,201,2
20.8702291909375,72,20.7957831490785,0.0744460418589869,1,I,202,2
31.6528952921706,47.4524217499868,20.8024005359039,10.8504947562668,1,C,203,2
67.7271793648997,64.1649411712879,20.8576978370547,43.3072433342331,0,I,204,2
99.7624062680227,72,20.9441509237513,51.0558490762487,0,C,205,2
272.033388263453,72,20.9708711318672,51.0291288681328,0,I,206,2
104.63632384066,72,21.1736716004089,50.8263283995912,0,C,207,2
141.654888998617,72,21.3628959842026,50.6371040157974,0,I,208,2
66.6451658996765,62.5008826595326,21.4762106398121,41.0246720197206,0,C,209,2
48.6080349396886,72,21.4820868847892,27.1259480548995,1,I,210,2
33.802131715967,72,21.4971315348521,12.3050001811149,1,C,211,2
30.7977000107703,43.024234960738,21.5839817142114,9.21371829655888,1,I,212,2
227.114578467351,72,21.5970538789406,50.4029461210594,0,C,213,2
172.210569203577,72,21.7515080887824,50.2484919112176,0,I,214,2
30.8222988662853,50.3866203169856,22.0783295715228,8.74396929476248,1,C,215,2
28.9510460857193,72,22.1702733915299,6.78077269418934,1,I,216,2
95.0418843353649,72,22.262897095643,49.737102904357,0,C,217,2
92.2251952112472,42.8857045641861,22.3625229438767,20.5231816203094,0,I,218,2
63.0025563021086,72,22.564004631713,40.4385516703955,1,C,219,2
255.63645776308,28.4240446536131,22.5861717341468,5.83787291946634,0,I,220,2
39.2372704951734,48.1005785951427,22.6683379244059,16.5689325707675,1,C,221,2
149.946538740225,71.8481821526075,22.6748769544065,49.173305198201,0,I,222,2
119.809851526148,72,22.7189008612186,49.2810991387814,0,C,223,2
64.633995473983,72,22.7383242314681,41.8956712425148,1,I,224,2
39.8172743855884,72,22.9350725468248,16.8822018387635,1,C,225,2
57.5959302621201,72,22.9710752656683,34.6248549964518,1,I,226,2
47.1054229947158,72,23.0058829765767,24.0995400181391,1,C,227,2
56.890730761495,72,23.0281778192148,33.8625529422803,1,I,228,2
48.2138902286219,72,23.1619179155678,25.0519723130541,1,C,229,2
50.0718756253817,72,23.6222004331648,26.4496751922168,1,I,230,2
53.3569310803972,72,23.7296208925545,29.6273101878427,1,C,231,2
70.4443007116549,72,23.7865137169138,46.6577869947412,1,I,232,2
171.83778223513,72,23.8401839369908,48.1598160630092,0,C,233,2
151.692252547119,72,23.9054764900357,48.0945235099644,0,I,234,2
25.0075502513993,72,24.0977796725929,0.909770578806428,1,C,235,2
25.6262169580602,72,24.1002327762544,1.52598418180575,1,I,236,2
37.1028677332771,72,24.1052610240877,12.9976067091894,1,C,237,2
57.1388863440376,72,24.3735176045448,32.7653687394928,1,I,238,2
45.3568981866548,72,24.5089242467657,20.8479739398891,1,C,239,2
30.2439936635995,72,24.5449254149571,5.69906824864236,1,I,240,2
25.6785955508982,72,24.8436235589907,0.834971991907575,1,C,241,2
50.8009127945054,68.8323217420678,25.0123010901734,25.788611704332,1,I,242,2
91.6204322035793,72,25.0589003087953,46.9410996912047,0,C,243,2
70.9537352692137,72,25.1056712167338,45.84806405248,1,I,244,2
88.3784821257227,72,25.2244799444452,46.7755200555548,0,C,245,2
177.079837555602,72,25.2503153169528,46.7496846830472,0,I,246,2
66.613443653383,72,25.3222664957866,41.2911771575964,1,C,247,2
48.1690281523055,72,25.3258079476655,22.84322020464,1,I,248,2
91.858586839697,72,25.4825676558539,46.5174323441461,0,C,249,2
106.579648052837,72,25.5552478367463,46.4447521632537,0,I,250,2
73.1905172538118,72,25.5667879711837,46.4332120288163,0,C,251,2
49.963051428847,46.1793641950241,25.6613218551502,20.5180423398739,0,I,252,2
53.8025578666042,72,26.0082529764622,27.794304890142,1,C,253,2
37.3488374128808,72,26.0528811207041,11.2959562921767,1,I,254,2
99.6530332914926,72,26.1227322695777,45.8772677304223,0,C,255,2
347.031108915304,51.4359333093126,26.1472076363862,25.2887256729264,0,I,256,2
94.3705885151187,72,26.2484887428582,45.7515112571418,0,C,257,2
38.9432748977109,44.6027304087107,26.3861398212612,12.5571350764498,1,I,258,2
95.4562263866041,72,26.4085126854479,45.5914873145521,0,C,259,2
38.8891792897244,72,26.4242742676288,12.4649050220956,1,I,260,2
31.5081546588234,72,26.5818438353017,4.92631082352172,1,C,261,2
38.2006797868809,72,26.7820207122713,11.4186590746096,1,I,262,2
42.5687100907547,72,27.0333869336173,15.5353231571374,1,C,263,2
49.5015426699326,72,27.0545456791297,22.4469969908029,1,I,264,2
85.914174939214,72,27.0609350502491,44.9390649497509,0,C,265,2
29.8444706555471,72,27.1281123301014,2.71635832544571,1,I,266,2
51.4997587664909,72,27.1419885708019,24.357770195689,1,C,267,2
63.9657339162002,72,27.2604381060228,36.7052958101774,1,I,268,2
31.6765711222659,72,27.4282886087894,4.24828251347641,1,C,269,2
82.6262747986183,70.7993967338158,27.4586631730199,43.3407335607959,0,I,270,2
39.3149438609377,72,27.5448352424428,11.7701086184949,1,C,271,2
62.623238107492,72,27.7316745417193,34.8915635657727,1,I,272,2
28.9932328134122,72,27.77320896741,1.22002384600216,1,C,273,2
42.6947669852258,72,27.8402955411002,14.8544714441256,1,I,274,2
123.130026728155,72,28.1880833068863,43.8119166931137,0,C,275,2
33.8422059681226,72,28.2639742037281,5.5782317643945,1,I,276,2
160.97559986361,72,28.4147017356008,43.5852982643992,0,C,277,2
55.5346436721402,72,28.8541927188635,26.6804509532767,1,I,278,2
42.6887674352174,72,28.8551615830511,13.8336058521663,1,C,279,2
40.922445103049,72,29.0252324659377,11.8972126371113,1,I,280,2
152.902937562628,72,29.161254116334,42.838745883666,0,C,281,2
95.6772129788667,72,29.2530368780717,42.7469631219283,0,I,282,2
48.5254046071151,72,29.4696677941829,19.0557368129322,1,C,283,2
62.4859460172474,72,29.5671631582081,32.9187828590393,1,I,284,2
32.7806858043896,72,29.5860924571753,3.19459334721437,1,C,285,2
73.803270488044,72,29.6460300078616,42.3539699921384,0,I,286,2
108.359703252398,50.7451133519912,29.7113260673359,21.0337872846553,0,C,287,2
151.061889154312,70.147908158023,29.7406040411443,40.4073041168788,0,I,288,2
56.2206933049553,72,29.7581827780232,26.4625105269321,1,C,289,2
114.778152557324,72,29.7990677179769,42.2009322820231,0,I,290,2
49.5806519983351,72,29.8265100829303,19.7541419154048,1,C,291,2
74.9789879810612,72,29.8291515558958,42.1708484441042,0,I,292,2
101.573650571128,72,29.9740959098563,42.0259040901437,0,C,293,2
39.6472521708775,72,30.0663952203468,9.58085695053074,1,I,294,2
89.2844503816384,72,30.1478779502213,41.8521220497787,0,C,295,2
120.726330610526,32.8442889353877,30.2316450560465,2.61264387934119,0,I,296,2
135.263842285271,72,30.306592527777,41.693407472223,0,C,297,2
59.4021534340279,72,30.5665802489966,28.8355731850313,1,I,298,2
32.271412853192,72,30.601935214363,1.669477638829,1,C,299,2
105.616354132641,72,30.6891370145604,41.3108629854396,0,I,300,2
58.7424262269083,72,30.776791437529,27.9656347893793,1,C,301,2
87.6294463122756,72,30.8205215726048,41.1794784273952,0,I,302,2
409.718206775788,72,30.8237175922841,41.1762824077159,0,C,303,2
58.8593648811007,72,30.8913124445826,27.9680524365181,1,I,304,2
147.584350377573,45.2869625919761,30.8916942123324,14.3952683796437,0,C,305,2
77.7858927018528,60.5827848755046,30.9061806695536,29.676604205951,0,I,306,2
256.179724209008,59.394002256694,31.0371802188456,28.3568220378484,0,C,307,2
37.025071796821,72,31.0538228368387,5.97124895998232,1,I,308,2
54.0927751539599,72,31.0611461056396,23.0316290483202,1,C,309,2
67.9816539668908,72,31.0621738946065,36.9194800722843,1,I,310,2
67.370285766939,36.8418561146975,31.1578238988295,5.68403221586797,0,C,311,2
47.0199186673042,72,31.1759348865598,15.8439837807444,1,I,312,2
85.329769042644,72,31.2335793999955,40.7664206000045,0,C,313,2
145.25377301733,72,31.2461453257129,40.7538546742871,0,I,314,2
35.3950739187203,72,31.2475237157196,4.14755020300071,1,C,315,2
82.5999452299475,72,31.4071554969996,40.5928445030004,0,I,316,2
41.6946340473783,72,31.4358123578131,10.2588216895652,1,C,317,2
93.2274825681574,34.397608001878,31.4544147346169,2.94319326726114,0,I,318,2
90.6575749140722,72,31.633095452562,40.366904547438,0,C,319,2
47.0952148498807,44.552678658704,31.6576626431197,12.8950160155843,0,I,320,2
50.0755016065696,71.5309400716148,31.6663515055552,18.4091501010144,1,C,321,2
47.8596410341825,72,31.7891370551661,16.0705039790165,1,I,322,2
56.7619002083137,72,31.9830230483785,24.7788771599351,1,C,323,2
151.01468787329,72,31.9978953246027,40.0021046753973,0,I,324,2
64.1264930974745,72,32.1446485072374,31.981844590237,1,C,325,2
33.0257591866922,72,32.1711959503591,0.854563236333095,1,I,326,2
67.0233693322632,72,32.4624336278066,34.5609357044566,1,C,327,2
190.448622039197,56.9356491360544,32.7428272040561,24.1928219319983,0,I,328,2
70.5475320255881,35.6695910194564,32.9199770791456,2.74961394031074,0,C,329,2
55.9778039669916,72,32.9733209917322,23.0044829752594,1,I,330,2
49.1231366504221,72,33.1962443562225,15.9268922941996,1,C,331,2
83.2986747237667,58.1032403893106,33.3021075977013,24.8011327916094,0,I,332,2
35.8409745060553,72,33.3226436935365,2.51833081251877,1,C,333,2
59.4602076372403,72,33.527254764922,25.9329528723183,1,I,334,2
111.490415955267,72,33.5550735890865,38.4449264109135,0,C,335,2
94.7921700638699,72,33.6719054169953,38.3280945830047,0,I,336,2
52.0004922613833,70.5342423990256,33.9876046590507,18.0128876023325,1,C,337,2
98.8689774086425,72,34.0394385159016,37.9605614840984,0,I,338,2
64.4718223327238,72,34.2483834782615,30.2234388544622,1,C,339,2
115.56868738715,72,34.2759871250019,37.7240128749982,0,I,340,2
45.7794343799801,72,34.5727461855859,11.2066881943943,1,C,341,2
129.458558403181,72,34.6770991338417,37.3229008661583,0,I,342,2
37.0061180474997,65.3197296001129,34.7047164151445,2.30140163235517,1,C,343,2
54.1509610947425,40.4672850671927,34.7109941532835,5.75629091390916,0,I,344,2
51.5938222198441,72,34.9391549360007,16.6546672838434,1,C,345,2
141.049502808353,72,35.1034448063001,36.8965551936999,0,I,346,2
145.768062249258,67.5965956284264,35.1146940328181,32.4819015956083,0,C,347,2
116.430186380072,72,35.2293876931071,36.7706123068929,0,I,348,2
105.101604124088,72,35.4435443133116,36.5564556866884,0,C,349,2
71.5696816109818,72,35.4714763071388,36.098205303843,1,I,350,2
190.251681804831,72,35.6392222456634,36.3607777543366,0,C,351,2
127.682023138168,56.7016006386731,35.6980634154752,21.0035372231979,0,I,352,2
50.7124512637938,57.4767249244597,35.7328637922183,14.9795874715755,1,C,353,2
59.9296363395983,72,35.7976419338957,24.1319944057027,1,I,354,2
250.113763394702,72,35.8545650588349,36.1454349411652,0,C,355,2
48.7528310286066,72,35.9180057700723,12.8348252585343,1,I,356,2
243.857465664473,72,35.9195058932528,36.0804941067472,0,C,357,2
40.6209751182208,58.4220156850046,35.9696781914681,4.6512969267527,1,I,358,2
54.4534522491521,48.583063259462,36.0725014284253,12.5105618310366,0,C,359,2
57.6219516806774,72,36.3570849504322,21.2648667302452,1,I,360,2
153.918918807584,72,36.5106478566304,35.4893521433696,0,C,361,2
84.0687876131969,72,36.5472724847496,35.4527275152504,0,I,362,2
44.7160509172782,72,36.6689573647454,8.04709355253276,1,C,363,2
41.6686850960079,72,36.694818274118,4.97386682188989,1,I,364,2
122.678864137236,72,36.9646020792425,35.0353979207575,0,C,365,2
158.799480956016,72,36.9698065565899,35.0301934434101,0,I,366,2
42.8593922875368,72,37.0358951808885,5.82349710664837,1,C,367,2
53.2294547076796,72,37.1397833526135,16.0896713550662,1,I,368,2
158.998458742401,72,37.1633243467659,34.8366756532341,0,C,369,2
72.9453597464821,72,37.1641106670722,34.8358893329278,0,I,370,2
77.1311850216921,72,37.4123171344399,34.5876828655601,0,C,371,2
175.907874825157,72,37.7489824360237,34.2510175639764,0,I,372,2
95.068955356029,72,37.8480327269062,34.1519672730938,0,C,373,2
131.111424107804,72,38.0282691819593,33.9717308180407,0,I,374,2
70.4284143941173,65.1417848573114,38.2035353081301,26.9382495491813,0,C,375,2
188.957282322245,72,38.2238414604217,33.7761585395783,0,I,376,2
57.1136990914321,72,38.2677605934441,18.845938497988,1,C,377,2
51.8033962885115,72,38.2971107633784,13.506285525133,1,I,378,2
83.2899151105727,72,38.3630708931014,33.6369291068986,0,C,379,2
131.066406874775,72,38.4686037758365,33.5313962241635,0,I,380,2
54.8170874955104,72,38.5715350834653,16.2455524120451,1,C,381,2
41.5295540673583,72,38.6390391318128,2.89051493554555,1,I,382,2
43.3943959430594,72,38.860050723888,4.53434521917144,1,C,383,2
43.8448364689114,72,38.8604958029464,4.98434066596501,1,I,384,2
84.7127187723538,72,38.8794785225764,33.1205214774236,0,C,385,2
53.8739629353187,72,38.8906301697716,14.9833327655471,1,I,386,2
84.8396553149948,72,38.8992844708264,33.1007155291736,0,C,387,2
53.2709508806034,72,38.9114381326363,14.3595127479671,1,I,388,2
45.5122269226808,72,38.990963534452,6.52126338822879,1,C,389,2
152.784153700822,58.1881821497259,39.0939432056621,19.0942389440639,0,I,390,2
46.2485778625028,72,39.109418336302,7.13915952620074,1,C,391,2
103.047403477229,72,39.2045122990385,32.7954877009615,0,I,392,2
238.476036443205,72,39.2342941649258,32.7657058350742,0,C,393,2
91.996349949399,72,39.2468688217923,32.7531311782077,0,I,394,2
48.5270204504874,72,39.3208835832775,9.20613686720991,1,C,395,2
76.3393018229244,72,39.4919252302498,32.5080747697502,0,I,396,2
95.0960425782082,72,39.6404965594411,32.3595034405589,0,C,397,2
81.345941960917,72,39.6560706244782,32.3439293755218,0,I,398,2
111.639650395263,72,39.724517413415,32.275482586585,0,C,399,2
52.0210869599246,72,39.7437167912722,12.2773701686524,1,I,400,2
110.193972795172,72,39.7458320204169,32.2541679795831,0,C,401,2
291.500193790279,72,39.8145913565531,32.1854086434469,0,I,402,2
63.394880396365,51.6801219365161,39.8269585333765,11.8531634031396,0,C,403,2
77.7727805712086,72,39.8294405126944,32.1705594873056,0,I,404,2
128.152662654264,72,39.8550412477925,32.1449587522075,0,C,405,2
63.1514623703859,72,39.9129889626056,23.2384734077803,1,I,406,2
102.722448721402,72,39.9318133061752,32.0681866938248,0,C,407,2
63.2802893038942,72,39.9365392327309,23.3437500711633,1,I,408,2
71.4684032631631,72,40.1385261397809,31.3298771233823,1,C,409,2
60.7454500341388,72,40.1462109060958,20.599239128043,1,I,410,2
83.2761061035624,52.2790588719705,40.5843255249783,11.6947333469922,0,C,411,2
169.449710870525,72,40.6354647735134,31.3645352264866,0,I,412,2
105.780811664373,72,40.8108201948926,31.1891798051074,0,C,413,2
125.783297421096,72,40.9749486716464,31.0250513283536,0,I,414,2
162.179947905097,72,41.0332690598443,30.9667309401557,0,C,415,2
76.3674809032617,72,41.0768691077828,30.9231308922172,0,I,416,2
43.5429541859588,72,41.1406140262261,2.40234015973272,1,C,417,2
44.7529787278166,72,41.1762423114851,3.57673641633144,1,I,418,2
105.419083576215,72,41.2034973688424,30.7965026311576,0,C,419,2
97.0688377816887,72,41.3319791061804,30.6680208938196,0,I,420,2
60.9546026745628,41.9665603688618,41.3977415068075,0.568818862054258,0,C,421,2
51.6209865430714,72,41.4779737964273,10.1430127466441,1,I,422,2
66.9270757456731,72,41.538381529972,25.3886942157012,1,C,423,2
55.7440428670052,72,41.6692883055657,14.0747545614394,1,I,424,2
239.570769473063,72,41.8748026527464,30.1251973472536,0,C,425,2
367.157945196533,69.9175644513183,41.8938831612468,28.0236812900716,0,I,426,2
161.339481170716,72,41.8994172010571,30.1005827989429,0,C,427,2
165.982403445807,72,42.0046185236424,29.9953814763576,0,I,428,2
134.928395966541,72,42.0913873426616,29.9086126573384,0,C,429,2
143.690249251502,72,42.2438392415643,29.7561607584357,0,I,430,2
142.274088776794,72,42.2754078777507,29.7245921222493,0,C,431,2
127.680941555686,72,42.3200139915571,29.6799860084429,0,I,432,2
54.9610937855086,72,42.3274097079411,12.6336840775675,1,C,433,2
72.3687011766559,72,43.1964521901682,28.8035478098318,0,I,434,2
64.405480338629,72,43.253255202435,21.152225136194,1,C,435,2
46.161982553254,72,43.3049999317154,2.8569826215386,1,I,436,2
114.1625379274,72,43.3320872252807,28.6679127747193,0,C,437,2
76.4528025390194,72,43.4808226302266,28.5191773697734,0,I,438,2
55.6495355764885,72,43.4899766603485,12.15955891614,1,C,439,2
132.915214161555,72,43.9572079153731,28.0427920846269,0,I,440,2
81.5133500923549,72,44.1173791419715,27.8826208580285,0,C,441,2
64.5100746096362,72,44.1386710759252,20.3714035337109,1,I,442,2
48.5169794202744,72,44.3730573076755,4.1439221125989,1,C,443,2
132.638537986141,72,44.4212309690192,27.5787690309808,0,I,444,2
202.341641458216,72,44.43989333231,27.56010666769,0,C,445,2
76.0218788381448,72,44.5158657850698,27.4841342149302,0,I,446,2
134.533720507297,70.364150290095,44.5463260961697,25.8178241939254,0,C,447,2
66.2316012455015,72,44.568551746197,21.6630494993044,1,I,448,2
104.286389549115,72,44.6842862572521,27.3157137427479,0,C,449,2
47.4061757095077,72,44.9724897835404,2.43368592596733,1,I,450,2
99.611604425083,72,44.9845968000591,27.0154031999409,0,C,451,2
53.3469510009478,72,45.062104370445,8.28484663050276,1,I,452,2
72.6765496740136,72,45.1057569449768,26.8942430550233,0,C,453,2
46.1280316814318,72,45.2390146208927,0.889017060539116,1,I,454,2
66.1649546284161,72,45.2448786282912,20.9200760001248,1,C,455,2
57.6255642787532,72,45.2911797305569,12.3343845481963,1,I,456,2
45.7127693891706,72,45.4346463549882,0.278123034182391,1,C,457,2
56.1470474125089,72,45.5639116605744,10.5831357519345,1,I,458,2
63.1415610687105,72,45.5997110763565,17.5418499923541,1,C,459,2
46.7775476490227,72,45.7690361235291,1.00851152549363,1,I,460,2
86.926716547119,72,45.8125056372955,26.1874943627045,0,C,461,2
138.926956221513,72,45.8395538292825,26.1604461707175,0,I,462,2
75.3271947060444,72,45.8556494163349,26.1443505836651,0,C,463,2
134.81306084095,72,45.925092631951,26.074907368049,0,I,464,2
51.2120286859282,72,45.9639161964878,5.24811248944035,1,C,465,2
49.2291264608331,72,46.0308728087694,3.19825365206371,1,I,466,2
185.787928908708,72,46.0402669245377,25.9597330754623,0,C,467,2
49.139128234101,72,46.1593600781634,2.97976815593755,1,I,468,2
49.6334037681337,72,46.1779577191919,3.45544604894179,1,C,469,2
96.0046913343283,72,46.3884328957647,25.6115671042353,0,I,470,2
82.56859262849,72,46.4080260135233,25.5919739864767,0,C,471,2
54.130822986168,72,46.4648553868756,7.66596759929244,1,I,472,2
63.1458455207988,72,46.6296469420195,16.5161985787793,1,C,473,2
101.46849093022,72,46.6397699061781,25.3602300938219,0,I,474,2
151.327340645014,72,46.8539397558197,25.1460602441803,0,C,475,2
111.304582591171,72,46.8932827049866,25.1067172950134,0,I,476,2
216.035595162592,72,47.1495995856822,24.8504004143179,0,C,477,2
244.890869528317,72,47.3709949012846,24.6290050987154,0,I,478,2
86.6336796461854,72,47.3743228800595,24.6256771199405,0,C,479,2
48.807079250084,72,47.6128350337967,1.19424421628723,1,I,480,2
63.884026776143,72,47.6189986243844,16.2650281517585,1,C,481,2
58.1223922646322,53.1377885017509,47.6223401678726,5.51544833387825,0,I,482,2
53.4040858857982,64.358061927308,47.7272695396096,5.67681634618862,1,C,483,2
60.0160089902827,48.5389812887122,47.766662305221,0.772318983491196,0,I,484,2
70.7653296194669,72,47.8122681425884,22.9530614768785,1,C,485,2
135.35669979443,72,47.8501640958712,24.1498359041289,0,I,486,2
123.985462876946,72,48.1870338181034,23.8129661818966,0,C,487,2
175.793146228367,72,48.1925232382491,23.8074767617509,0,I,488,2
71.9982726481957,72,48.4727674908936,23.5255051573021,1,C,489,2
55.8582046390221,72,48.502881671302,7.35532296772008,1,I,490,2
217.851706801034,72,48.5307813249528,23.4692186750472,0,C,491,2
55.2915846836593,72,48.7080933339894,6.58349134966988,1,I,492,2
49.5982010594784,59.0816648054581,48.7087695579976,0.889431501480789,1,C,493,2
128.49740182,72,48.7656163098291,23.2343836901709,0,I,494,2
247.412663192321,72,48.780602440238,23.219397559762,0,C,495,2
51.2914940798428,72,48.7972013605759,2.49429271926697,1,I,496,2
117.82242618495,72,48.8074284698814,23.1925715301186,0,C,497,2
67.3090301391637,72,48.8210683269426,18.487961812221,1,I,498,2
238.681125845705,72,48.8320934632793,23.1679065367207,0,C,499,2
54.2609316236021,72,48.9123356854543,5.34859593814776,1,I,500,2
53.8556802635477,72,49.2168037220836,4.63887654146417,1,C,501,2
179.878530609782,72,49.3980924412608,22.6019075587392,0,I,502,2
53.0815191973772,72,49.4045300222933,3.67698917508383,1,C,503,2
63.1853137832433,72,49.4409694103524,13.7443443728909,1,I,504,2
69.1466834168641,56.3292254841639,49.5724620390683,6.75676344509555,0,C,505,2
72.654667678858,53.9916497503589,49.7402544273064,4.25139532305256,0,I,506,2
51.1776016420121,72,50.6125753233209,0.565026318691211,1,C,507,2
296.313665993371,72,50.8132601436228,21.1867398563772,0,I,508,2
113.904619630181,72,50.8334361528978,21.1665638471022,0,C,509,2
173.417368148031,72,51.0231070546433,20.9768929453567,0,I,510,2
75.1742209813203,72,51.2230405211449,20.7769594788551,0,C,511,2
56.3214848834568,72,51.5210563782603,4.8004285051965,1,I,512,2
171.597407059343,72,51.5782242827117,20.4217757172883,0,C,513,2
122.551699290468,72,51.7012145323679,20.2987854676321,0,I,514,2
110.144085368615,72,51.7367953760549,20.2632046239451,0,C,515,2
205.13224332213,72,51.9701711833477,20.0298288166523,0,I,516,2
150.031031667302,72,51.9987628888339,20.0012371111661,0,C,517,2
143.66017015725,72,52.0031520584598,19.9968479415402,0,I,518,2
77.5463933126712,72,52.2183659439907,19.7816340560094,0,C,519,2
90.379913312613,72,52.2744883177802,19.7255116822198,0,I,520,2
78.2103632901,72,52.3376950621605,19.6623049378395,0,C,521,2
73.8634017276092,72,52.3907712427899,19.6092287572101,0,I,522,2
309.993136333786,72,52.4919301969931,19.508069803007,0,C,523,2
77.9849083952416,59.0766490757378,52.5253565283492,6.55129254738856,0,I,524,2
84.0719597689296,72,52.649643807672,19.350356192328,0,C,525,2
98.8813171454849,72,52.6593854371458,19.3406145628542,0,I,526,2
77.1145577769168,72,52.9349167551845,19.0650832448155,0,C,527,2
53.7840670585586,72,53.2815924379975,0.502474620561108,1,I,528,2
83.5655077941831,72,53.2839805539697,18.7160194460303,0,C,529,2
56.5730170485431,72,53.3367527648807,3.23626428366246,1,I,530,2
100.569305594963,72,53.5273629147559,18.4726370852441,0,C,531,2
90.6512544746918,72,53.5319636017084,18.4680363982916,0,I,532,2
114.602943295769,72,53.7499120412394,18.2500879587606,0,C,533,2
339.262107585255,72,53.8958563422784,18.1041436577216,0,I,534,2
124.625794681677,72,54.0174343110994,17.9825656889007,0,C,535,2
66.263435873306,56.4198856221687,54.071267908439,2.34861771372969,0,I,536,2
148.843262583162,72,54.1549450764433,17.8450549235567,0,C,537,2
225.671140701959,72,54.1613691486418,17.8386308513582,0,I,538,2
200.464275805703,72,54.2839298676699,17.7160701323301,0,C,539,2
131.050325914771,72,54.3784513045102,17.6215486954898,0,I,540,2
129.49000617964,72,54.4733636174351,17.5266363825649,0,C,541,2
71.7846532414892,72,54.7697451431304,17.0149080983587,1,I,542,2
78.9583571528782,72,54.9525376036763,17.0474623963237,0,C,543,2
62.7465283738908,72,54.9844599980861,7.76206837580465,1,I,544,2
193.233828961751,72,55.0957774976268,16.9042225023732,0,C,545,2
76.8231987733868,72,55.1433923095465,16.8566076904535,0,I,546,2
82.0158910127012,72,55.286098360084,16.713901639916,0,C,547,2
112.25738604748,72,55.4060587333515,16.5939412666485,0,I,548,2
222.063978248951,72,55.4109344724566,16.5890655275434,0,C,549,2
115.88713305727,72,55.6667112093419,16.3332887906581,0,I,550,2
94.8057299825685,72,55.6747857900336,16.3252142099664,0,C,551,2
100.521738369085,72,55.7052493840456,16.2947506159544,0,I,552,2
66.3676744536768,72,55.7886990951374,10.5789753585394,1,C,553,2
60.8122264726948,72,56.2391907116398,4.57303576105495,1,I,554,2
75.3737851378443,72,56.2756985379383,15.7243014620617,0,C,555,2
67.5106475423193,72,56.3662410294637,11.1444065128556,1,I,556,2
103.92950872892,72,56.4727958338335,15.5272041661665,0,C,557,2
217.874472093797,72,56.6684508696199,15.3315491303802,0,I,558,2
152.051795918342,72,56.7467072792351,15.2532927207649,0,C,559,2
66.6804192923746,72,56.9435856398195,9.73683365255504,1,I,560,2
65.1097755092706,72,57.2481575002894,7.8616180089812,1,C,561,2
66.4002273201032,72,57.3316403059289,9.06858701417436,1,I,562,2
292.059419912384,72,57.4433192471042,14.5566807528958,0,C,563,2
111.819346490623,72,57.4573800573126,14.5426199426875,0,I,564,2
109.9981689004,72,57.5123990513384,14.4876009486616,0,C,565,2
105.841850406053,57.6442663595761,57.5380105571821,0.106255802393953,0,I,566,2
205.333951413519,72,57.5833401968703,14.4166598031297,0,C,567,2
75.8827693734963,64.0779332744264,57.9075989266858,6.17033434774059,0,I,568,2
68.6206294371732,72,58.0802390724421,10.5403903647311,1,C,569,2
63.3170499908441,72,58.3729645656422,4.94408542520189,1,I,570,2
69.480740204869,72,58.3749228157103,11.1058173891587,1,C,571,2
128.671643520255,72,58.3823609864339,13.6176390135661,0,I,572,2
70.391063896564,72,58.5285335266963,11.8625303698677,1,C,573,2
96.911532467165,72,58.6392097827047,13.3607902172953,0,I,574,2
147.178612822461,72,58.6713321413845,13.3286678586155,0,C,575,2
277.716735053227,72,58.9035084564239,13.0964915435761,0,I,576,2
73.1790991622212,72,59.3475510785356,12.6524489214644,0,C,577,2
94.3356899588106,72,59.3907739687711,12.6092260312289,0,I,578,2
95.8755071949069,72,59.4583451002836,12.5416548997164,0,C,579,2
158.430833729103,72,59.5474486006424,12.4525513993576,0,I,580,2
63.9552336008135,72,59.5749469846487,4.3802866161648,1,C,581,2
132.674339503177,72,59.6265870099887,12.3734129900113,0,I,582,2
87.7095234672942,72,59.87208197359,12.12791802641,0,C,583,2
132.751112994342,72,59.8756936239079,12.1243063760921,0,I,584,2
18.4743096985777,72,0.080160666257143,18.3941490323206,1,C,1,3
52.7834066631907,34.3244467954376,0.127662615850568,34.196784179587,0,I,2,3
34.9249409637194,72,0.315280021168292,34.6096609425511,1,C,3,3
32.7811161648611,72,0.483091380447149,32.2980247844139,1,I,4,3
18.7663307505645,72,0.609958246350288,18.1563725042142,1,C,5,3
11.9790263923801,72,0.782390884123743,11.1966355082563,1,I,6,3
11.7976481802336,37.002509097321,0.82532174885273,10.9723264313809,1,C,7,3
26.7313607357648,72,0.89461246971041,25.8367482660544,1,I,8,3
26.3048604916237,72,1.42048289068043,24.8843776009432,1,C,9,3
16.4206242180971,72,1.77756157703698,14.6430626410602,1,I,10,3
159.660640444753,72,1.78674501366913,70.2132549863309,0,C,11,3
18.7863413427086,72,1.81331309024245,16.9730282524661,1,I,12,3
8.24031183459404,72,1.89985839184374,6.3404534427503,1,C,13,3
6.90584780474382,72,2.03800668474287,4.86784112000095,1,I,14,3
57.8195779317738,72,2.05315715633333,55.7664207754404,1,C,15,3
20.5215980634222,72,2.09725490771234,18.4243431557098,1,I,16,3
19.1039263864378,72,2.32186158187687,16.7820648045609,1,C,17,3
145.059354609557,72,2.37887715920806,69.6211228407919,0,I,18,3
75.5289430506626,72,2.48517857864499,69.514821421355,0,C,19,3
110.386197346168,72,2.50956520903856,69.4904347909615,0,I,20,3
138.498537930199,48.387852577676,2.66346822492778,45.7243843527482,0,C,21,3
121.214886541587,72,2.87074231076986,69.1292576892302,0,I,22,3
10.685265865936,72,2.87186309695244,7.81340276898354,1,C,23,3
20.3131546328547,72,2.9213250707835,17.3918295620712,1,I,24,3
93.2686963164418,72,3.03571030497551,68.9642896950245,0,C,25,3
75.9078183519854,72,3.10518260579556,68.8948173942044,0,I,26,3
51.9750449497703,72,3.17540951538831,48.799635434382,1,C,27,3
112.724895936834,72,3.21024413220584,68.7897558677942,0,I,28,3
3.47581173180195,72,3.26592243276536,0.209889299036585,1,C,29,3
14.9913171401784,72,3.29214166849852,11.6991754716799,1,I,30,3
14.7493928978297,72,3.3581593958661,11.3912335019636,1,C,31,3
9.31966997195667,72,3.42570106498897,5.8939689069677,1,I,32,3
41.1654285369633,14.2805766996139,3.5967533569783,10.6838233426356,0,C,33,3
6.77625275857625,19.5640471523038,3.59930922277272,3.17694353580353,1,I,34,3
37.3935091463453,7.96039416744339,3.65011589135975,4.31027827608365,0,C,35,3
11.3165141915983,24.2742898087033,3.66988403722644,7.6466301543719,1,I,36,3
128.380176530978,72,3.69151774328202,68.308482256718,0,C,37,3
33.6091014505118,72,3.82088142447174,29.7882200260401,1,I,38,3
21.774458558993,72,3.90796024817973,17.8664983108133,1,C,39,3
37.440838522409,72,3.94625374116004,33.494584781249,1,I,40,3
27.3174732609225,72,4.11608061287552,23.2013926480469,1,C,41,3
85.6663590594663,72,4.62138711009175,67.3786128899083,0,I,42,3
89.0354025216518,72,4.83671999070793,67.1632800092921,0,C,43,3
18.3136847745841,57.3696396815287,4.83999035786837,13.4736944167158,1,I,44,3
28.5601057945156,59.4178462323753,4.88972257822752,23.6703832162881,1,C,45,3
42.631406767393,11.5961518693926,5.01725189387798,6.57889997551458,0,I,46,3
26.6738812736143,67.2534929951152,5.0598303694278,21.6140509041865,1,C,47,3
17.9047144719871,72,5.12442911043763,12.7802853615494,1,I,48,3
40.5971224749208,72,5.20269327331334,35.3944292016075,1,C,49,3
22.2699366407934,26.9526252927241,5.31696222256869,16.9529744182247,1,I,50,3
204.782288936536,72,5.38046688772738,66.6195331122726,0,C,51,3
152.017020552656,72,5.61927226837724,66.3807277316228,0,I,52,3
156.284845508719,72,5.65137765370309,66.3486223462969,0,C,53,3
9.57349401526603,72,5.65737002994865,3.91612398531738,1,I,54,3
26.8601869845209,65.5626333455992,5.72858431376517,21.1316026707557,1,C,55,3
12.1051388738955,26.6554424416749,5.82774155773222,6.27739731616325,1,I,56,3
55.6269857925432,72,5.93628115486354,49.6907046376797,1,C,57,3
10.6258939350915,72,5.93920270912349,4.68669122596803,1,I,58,3
60.7546711292233,72,6.03290790226311,54.7217632269602,1,C,59,3
115.55015301932,60.5228809636833,6.14876001141965,54.3741209522637,0,I,60,3
119.837126581663,72,6.33610944729298,65.663890552707,0,C,61,3
119.938201399551,72,6.41148626804352,65.5885137319565,0,I,62,3
148.436487328532,72,6.49369908962399,65.506300910376,0,C,63,3
38.8156658922033,50.3732582643594,6.65041343774647,32.1652524544568,1,I,64,3
51.2381272077582,72,6.65808944497258,44.5800377627856,1,C,65,3
222.869100887415,72,6.72453719191253,65.2754628080875,0,I,66,3
63.4518656855281,72,6.73015055246651,56.7217151330615,1,C,67,3
87.7954197945825,72,6.7694688308984,65.2305311691016,0,I,68,3
96.4680803232384,72,6.8881849385798,65.1118150614202,0,C,69,3
16.3901236082928,72,6.99077515862882,9.39934844966399,1,I,70,3
8.54811454362364,67.8358106373629,7.02616281341761,1.52195173020603,1,C,71,3
11.4918340233461,72,7.07718252204359,4.41465150130256,1,I,72,3
19.7525900694015,72,7.15594641398639,12.5966436554151,1,C,73,3
47.5735546798733,72,7.18195041641593,40.3916042634573,1,I,74,3
112.149431660022,72,7.23606540821493,64.7639345917851,0,C,75,3
27.5634852764756,72,7.35175109468401,20.2117341817916,1,I,76,3
13.2918747134576,72,7.40747559349984,5.88439911995772,1,C,77,3
16.2344539127918,20.1730921499288,7.62358578387648,8.61086812891533,1,I,78,3
35.1563697253364,72,7.77380274608731,27.3825669792491,1,C,79,3
14.0582467234143,72,7.81355453655124,6.24469218686304,1,I,80,3
59.3229548854042,72,7.85195822361857,51.4709966617857,1,C,81,3
12.0259708827004,72,7.89028835948557,4.13568252321487,1,I,82,3
19.8200027031843,72,7.90876781567931,11.911234887505,1,C,83,3
27.7182511044441,72,7.93442018330097,19.7838309211431,1,I,84,3
41.0329944427151,72,8.13525994308293,32.8977344996322,1,C,85,3
17.367215504377,27.5231910133284,8.32543873228133,9.04177677209571,1,I,86,3
105.716663803741,32.5138885680774,8.34776013158262,24.1661284364947,0,C,87,3
19.2341786431605,72,8.56053009163588,10.6736485515246,1,I,88,3
28.9821956663662,72,8.57639826368541,20.4057974026808,1,C,89,3
182.825657948419,72,8.57843169942498,63.421568300575,0,I,90,3
96.0930001584169,72,8.59110583551228,63.4088941644877,0,C,91,3
59.4701423699701,72,8.65699142217636,50.8131509477937,1,I,92,3
26.1478854190554,72,8.79792126361281,17.3499641554426,1,C,93,3
64.7039099052395,72,8.81566624157131,55.8882436636682,1,I,94,3
234.691793469367,72,8.83903970941901,63.160960290581,0,C,95,3
12.733844126349,72,9.00653854943812,3.72730557691086,1,I,96,3
80.7856893313551,72,9.06641216017306,62.9335878398269,0,C,97,3
42.3510041148294,72,9.10734058823436,33.2436635265951,1,I,98,3
10.8142587584313,72,9.30968100205064,1.50457775638069,1,C,99,3
12.7776856675216,52.5220231404901,9.38710771501064,3.39057795251097,1,I,100,3
46.2009001948432,72,9.44097636267543,36.7599238321677,1,C,101,3
21.7597581672782,28.4724823200382,9.46299665607512,12.2967615112031,1,I,102,3
111.720113455626,72,9.58404078148305,62.415959218517,0,C,103,3
64.7744353784008,72,9.58759361878037,55.1868417596204,1,I,104,3
22.2635041502812,72,9.64872012846172,12.6147840218194,1,C,105,3
24.5963193074369,72,9.66672799084336,14.9295913165935,1,I,106,3
52.0492268624623,45.5835549861047,9.70685295760632,35.8767020284984,0,C,107,3
47.1647423690954,15.2037311835986,9.77731169667095,5.4264194869277,0,I,108,3
30.1927978123127,62.8398016176491,9.91893579717726,20.2738620151355,1,C,109,3
167.748198539341,72,10.108426194638,61.891573805362,0,I,110,3
31.7066113631689,72,10.1478827325627,21.5587286306062,1,C,111,3
127.85619153181,54.6433365142989,10.3566537145525,44.2866827997463,0,I,112,3
65.6915367102976,72,10.4067365080118,55.2848002022857,1,C,113,3
54.3128013677245,72,10.4256601911038,43.8871411766207,1,I,114,3
74.859030212927,72,10.4278907412663,61.5721092587337,0,C,115,3
58.0346631484257,14.0628915661628,10.4359774198383,3.62691414632445,0,I,116,3
37.3784172868917,35.4308480506225,10.4466171422973,24.9842309083251,0,C,117,3
91.6427953610054,72,10.5365874012932,61.4634125987068,0,I,118,3
91.8482367598196,27.3134780555958,10.6236356310546,16.6898424245412,0,C,119,3
38.2581524186556,72,10.6536009907722,27.6045514278834,1,I,120,3
41.9158459426691,72,10.6747225485742,31.2411233940948,1,C,121,3
133.720351807268,72,10.7412572158501,61.25874278415,0,I,122,3
79.8654213761409,69.1035556699526,10.9404397476465,58.1631159223061,0,C,123,3
138.688070678523,72,11.1225200537592,60.8774799462408,0,I,124,3
58.4034383810658,57.8407049230214,11.3098816433921,46.5308232796293,0,C,125,3
115.236541073785,72,11.3470218004659,60.6529781995341,0,I,126,3
68.0556644939782,72,11.5361320367083,56.5195324572699,1,C,127,3
111.662600175483,72,11.655042283237,60.344957716763,0,I,128,3
107.061973299905,72,11.7962768906727,60.2037231093273,0,C,129,3
83.7722527647637,72,11.7971088923514,60.2028911076486,0,I,130,3
34.4571972982555,72,11.8302596127614,22.626937685494,1,C,131,3
120.609927324628,42.9763199564201,11.8473624391481,31.128957517272,0,I,132,3
32.3903853609831,72,11.8846548255533,20.5057305354298,1,C,133,3
52.6369254716855,72,11.9594433763996,40.6774820952859,1,I,134,3
129.977406959537,29.0576869361873,12.0762930717319,16.9813938644554,0,C,135,3
28.862901524103,72,12.2305743349716,16.6323271891314,1,I,136,3
53.4766696342277,72,12.3376931156963,41.1389765185314,1,C,137,3
16.6397154938323,72,12.4844549736008,4.15526052023148,1,I,138,3
68.4189866152446,43.8992431346086,12.5311397993937,31.3681033352149,0,C,139,3
194.411901001867,72,12.5847896793857,59.4152103206143,0,I,140,3
14.0560618823951,72,12.6588634913787,1.39719839101642,1,C,141,3
19.9589232085574,72,12.7902928506956,7.16863035786188,1,I,142,3
80.1078146064734,72,12.8219691105187,59.1780308894813,0,C,143,3
44.0911695851381,72,12.9226808343083,31.1684887508298,1,I,144,3
17.4219749108568,72,13.1417379062623,4.28023700459454,1,C,145,3
93.3566001108275,72,13.1870549032465,58.8129450967535,0,I,146,3
142.590718356876,17.9077428674843,13.205041307956,4.70270155952836,0,C,147,3
30.8465283297645,72,13.300349120982,17.5461792087825,1,I,148,3
46.1878117378046,72,13.346278402023,32.8415333357816,1,C,149,3
71.629141885378,36.2209656446776,13.392929029651,22.8280366150266,0,I,150,3
19.1784371948096,72,13.4161306684837,5.76230652632588,1,C,151,3
44.3394219117153,66.8505501466737,13.4549967432395,30.8844251684758,1,I,152,3
64.8908817154965,72,13.472835291177,51.4180464243194,1,C,153,3
75.9837861339202,72,13.4779617609456,58.5220382390544,0,I,154,3
147.168580680633,72,13.6443885834888,58.3556114165112,0,C,155,3
264.624950070829,72,13.8518156530336,58.1481843469665,0,I,156,3
58.3186855576123,72,13.8832666072994,44.4354189503129,1,C,157,3
31.1755123660736,34.5560697320202,13.9651836734265,17.2103286926471,1,I,158,3
64.2606269835037,60.0320491036129,14.0459343418479,45.986114761765,0,C,159,3
109.406960399286,61.2305480580222,14.0484214760363,47.1821265819859,0,I,160,3
56.6606588970977,72,14.0732383914292,42.5874205056685,1,C,161,3
94.8552037839473,42.3355728593655,14.1130934888497,28.2224793705158,0,I,162,3
29.2808015930451,72,14.4623590121046,14.8184425809405,1,C,163,3
46.1118101870924,72,14.633378405124,31.4784317819685,1,I,164,3
36.2302059820975,40.0046500542842,14.6824779175222,21.5477280645754,1,C,165,3
80.8976842718106,72,14.7442549606785,57.2557450393215,0,I,166,3
23.0805957861812,23.8422943724139,14.8770356923342,8.20356009384697,1,C,167,3
15.480179134852,72,15.1138762850314,0.366302849820561,1,I,168,3
73.3700261112364,72,15.1228202087805,56.8771797912195,0,C,169,3
63.2394150594487,57.3490729447482,15.3325315285474,42.0165414162008,0,I,170,3
36.3210654275888,72,15.4584445478395,20.8626208797493,1,C,171,3
22.2752791847002,72,15.6211905693635,6.65408861533664,1,I,172,3
297.278662446891,72,15.7593835238367,56.2406164761633,0,C,173,3
69.8780519407616,72,16.1153407534584,53.7627111873032,1,I,174,3
43.2210718118806,38.494929677084,16.209692498669,22.285237178415,0,C,175,3
44.4170554334124,72,16.2175795342773,28.199475899135,1,I,176,3
40.644393514544,72,16.4012916292995,24.2431018852445,1,C,177,3
54.8964798755281,72,16.5792631404474,38.3172167350807,1,I,178,3
86.8622798612444,72,16.6849494539201,55.3150505460799,0,C,179,3
92.1996739840817,72,16.8555626319721,55.1444373680279,0,I,180,3
33.7303989898417,72,17.012246302329,16.7181526875127,1,C,181,3
24.534477295248,72,17.0340103469789,7.5004669482691,1,I,182,3
18.1266430366737,68.639602170119,17.1708841435611,0.955758893112568,1,C,183,3
46.3529356523505,72,17.1859210124239,29.1670146399266,1,I,184,3
162.44278369136,72,17.3378615453839,54.6621384546161,0,C,185,3
96.739811473248,72,17.5052029173821,54.4947970826179,0,I,186,3
57.2571203409428,72,17.5773396575823,39.6797806833604,1,C,187,3
25.6579339488245,72,17.6688326569274,7.9891012918971,1,I,188,3
60.9694397645778,35.3277062158014,17.7789362473413,17.54876996846,0,C,189,3
46.8916647197207,30.5242472088487,17.8300307644531,12.6942164443955,0,I,190,3
194.180841847285,72,17.8977294126526,54.1022705873475,0,C,191,3
87.5214270522733,72,17.9708401439711,54.0291598560289,0,I,192,3
113.997465706437,72,17.9828039836138,54.0171960163862,0,C,193,3
66.5292624842055,72,18.0851830495521,48.4440794346533,1,I,194,3
71.5882191279879,27.8931258456731,18.2430639630184,9.6500618826547,0,C,195,3
46.1303653169574,72,18.2885024137795,27.8418629031779,1,I,196,3
333.590669168777,72,18.343659681268,53.656340318732,0,C,197,3
38.6301725834475,54.1154432549598,18.4097798913717,20.2203926920758,1,I,198,3
45.4726302628141,72,18.4191981470212,27.0534321157929,1,C,199,3
40.3857638175376,72,18.4922109497711,21.8935528677665,1,I,200,3
61.0740480074432,55.7813161474615,18.5000907629728,37.2812253844886,0,C,201,3
18.8211638951769,72,18.5677991621196,0.253364733057276,1,I,202,3
96.9114833287635,51.0000236695049,18.7347166612744,32.2653070082305,0,C,203,3
45.047050076586,72,18.8271772395819,26.219872837004,1,I,204,3
96.070770617579,72,18.8617576193064,53.1382423806936,0,C,205,3
24.8102519741365,72,19.1202327422798,5.6900192318567,1,I,206,3
37.6372981383744,38.3664060009896,19.1266001528129,18.5106979855615,1,C,207,3
84.7023277328158,72,19.2250610282645,52.7749389717355,0,I,208,3
42.1478587363857,72,19.2264811322093,22.9213776041764,1,C,209,3
60.4795570636061,26.9887758516139,19.2477013589814,7.74107449263249,0,I,210,3
65.1172777586683,72,19.2995709506795,45.8177068079888,1,C,211,3
42.4389101870824,72,19.3994528101757,23.0394573769067,1,I,212,3
72.7368215339956,51.9293017752544,19.7017659293488,32.2275358459056,0,C,213,3
109.302216230493,72,19.7328271670267,52.2671728329733,0,I,214,3
193.296236974086,72,19.9876065272838,52.0123934727162,0,C,215,3
223.65806994427,72,20.2913930732757,51.7086069267243,0,I,216,3
110.574471800265,72,20.3127372823656,51.6872627176344,0,C,217,3
50.6065321064036,72,20.797098018229,29.8094340881746,1,I,218,3
175.836227256614,72,20.9233120176941,51.0766879823059,0,C,219,3
74.1436118711341,72,21.208010148257,50.791989851743,0,I,220,3
85.0839342186582,72,21.2136748339981,50.7863251660019,0,C,221,3
103.091097244104,72,21.293477746658,50.706522253342,0,I,222,3
82.4423956213169,72,21.3915594667196,50.6084405332804,0,C,223,3
178.755655573544,72,21.41830871813,50.58169128187,0,I,224,3
36.2451684916279,72,21.5736256632954,14.6715428283325,1,C,225,3
69.4749682314986,72,21.5889150090516,47.8860532224471,1,I,226,3
46.0914150127427,33.2165163260384,21.675125984475,11.5413903415634,0,C,227,3
225.640182308676,72,21.9991295132786,50.0008704867214,0,I,228,3
57.3271578980059,72,22.0801926311106,35.2469652668954,1,C,229,3
246.56341219884,72,22.1797038428485,49.8202961571515,0,I,230,3
33.2945017371208,39.1140978267377,22.2272060997784,11.0672956373424,1,C,231,3
48.4790745514336,72,22.4598683975637,26.0192061538699,1,I,232,3
28.8929125098794,72,22.6484192814678,6.24449322841157,1,C,233,3
29.3583073332783,72,22.6767224259675,6.68158490731084,1,I,234,3
150.422038047672,72,22.6960556209087,49.3039443790913,0,C,235,3
46.7786126537315,72,22.7140850247815,24.0645276289499,1,I,236,3
56.5273756150519,72,22.7378125442192,33.7895630708327,1,C,237,3
41.8864890777537,72,22.8669007122517,19.019588365502,1,I,238,3
51.7445592854165,72,23.03390360903,28.7106556763866,1,C,239,3
56.1045595369795,28.1071010177743,23.0419611744583,5.06513984331599,0,I,240,3
30.7521865521614,72,23.1284931208938,7.62369343126754,1,C,241,3
118.364387063555,58.5687508391091,23.2672682963312,35.3014825427779,0,I,242,3
44.9369473948608,72,23.2922857208177,21.644661674043,1,C,243,3
26.71410855874,72,23.3515821537003,3.36252640503973,1,I,244,3
53.1041913319395,72,23.3777771377936,29.7264141941459,1,C,245,3
77.0131474195192,72,23.5145407682285,48.4854592317715,0,I,246,3
26.5208842648007,72,23.5403657052666,2.9805185595341,1,C,247,3
27.020806136087,50.6221682680451,23.5792707139626,3.44153542212435,1,I,248,3
28.3391586968379,72,23.6111332895234,4.7280254073145,1,C,249,3
51.9920581356874,72,23.9158607460558,28.0761973896315,1,I,250,3
98.7571792126575,72,24.0446348581463,47.9553651418537,0,C,251,3
51.3336545755102,72,24.1225229110569,27.2111316644534,1,I,252,3
24.3151336699408,72,24.1563202254474,0.158813444493425,1,C,253,3
35.1086645193813,72,24.163284022361,10.9453804970203,1,I,254,3
100.042454020976,72,24.1649917233735,47.8350082766265,0,C,255,3
58.8197597569984,72,24.5415933569893,34.2781664000091,1,I,256,3
78.2255288544647,72,24.5616807695478,47.4383192304522,0,C,257,3
87.9043773922813,72,24.9847214855254,47.0152785144746,0,I,258,3
326.225170748421,56.1609170004723,24.9927332159132,31.1681837845591,0,C,259,3
51.9257794010582,72,25.0820380775258,26.8437413235324,1,I,260,3
43.2913122354753,72,25.1097913412377,18.1815208942376,1,C,261,3
99.6611814479055,72,25.1621185708791,46.8378814291209,0,I,262,3
94.0551907263022,72,25.370787656866,46.629212343134,0,C,263,3
74.3980201313125,50.9911074832681,25.5203065183014,25.4708009649667,0,I,264,3
25.8034569258471,40.3521847420009,25.5394741287455,0.263982797101646,1,C,265,3
363.848425303683,72,25.6349237496033,46.3650762503967,0,I,266,3
48.5932246265341,43.2772283253066,25.6562971975654,17.6209311277412,0,C,267,3
80.1359707544662,72,25.7773148221895,46.2226851778105,0,I,268,3
83.2377233768957,72,25.8293584361672,46.1706415638328,0,C,269,3
76.8615195433022,72,25.9744337573648,46.0255662426353,0,I,270,3
51.2217536521716,72,26.0262745013461,25.1954791508256,1,C,271,3
30.6752310078889,47.6061698148042,26.0304580070078,4.64477300088106,1,I,272,3
162.079585794574,60.8883216567374,26.1886007711291,34.6997208856082,0,C,273,3
102.809953387392,43.9671071906611,26.2748036440462,17.6923035466149,0,I,274,3
28.423200557409,72,26.3075773464516,2.11562321095745,1,C,275,3
77.7861774883967,72,26.3430252112448,45.6569747887552,0,I,276,3
85.8584917713199,63.5063656261189,26.5640799561515,36.9422856699673,0,C,277,3
76.6847361078473,56.573937261395,26.6372090298682,29.9367282315267,0,I,278,3
68.8704610288396,72,26.6861691232771,42.1842919055625,1,C,279,3
31.5601092545823,72,26.7186473077163,4.84146194686599,1,I,280,3
69.8796436381175,52.4096799872299,26.7242563795298,25.6854236077001,0,C,281,3
61.3169735242699,47.0720957231028,26.8900563195348,20.182039403568,0,I,282,3
120.327240146125,72,27.1067448612303,44.8932551387698,0,C,283,3
190.093151023943,72,27.1717503340915,44.8282496659085,0,I,284,3
70.4353579469239,72,27.28346969001,43.1518882569139,1,C,285,3
49.0270490074335,72,27.3931474098936,21.6339015975399,1,I,286,3
33.9557205190553,72,27.6356475194916,6.3200729995637,1,C,287,3
96.0608477133859,69.6289289149388,27.7878564409912,41.8410724739476,0,I,288,3
32.6265812426683,72,28.1071574985981,4.51942374407017,1,C,289,3
216.292359887516,72,28.2054055854678,43.7945944145322,0,I,290,3
146.226947682933,72,28.4815822681412,43.5184177318588,0,C,291,3
75.6266956510254,72,28.6402768129483,43.3597231870517,0,I,292,3
225.480879286978,72,28.8464838545769,43.1535161454231,0,C,293,3
57.6113921239616,72,29.034375725314,28.5770163986475,1,I,294,3
81.8106982473248,72,29.0483285766095,42.9516714233905,0,C,295,3
103.765801506762,72,29.1799668688327,42.8200331311673,0,I,296,3
43.306835291902,72,29.2389446916059,14.0678906002962,1,C,297,3
61.9448368484189,72,29.2987296357751,32.6461072126438,1,I,298,3
64.4566700141925,72,29.4379479624331,35.0187220517594,1,C,299,3
107.598935891327,72,29.5090100588277,42.4909899411723,0,I,300,3
133.268514162714,72,29.606142193079,42.393857806921,0,C,301,3
144.296145281676,72,29.6459105378017,42.3540894621983,0,I,302,3
73.2154277100206,72,29.7779289493337,42.2220710506663,0,C,303,3
58.589466985904,72,29.8980853753164,28.6913816105876,1,I,304,3
54.7415063368949,72,29.981258274056,24.7602480628389,1,C,305,3
63.6524503462804,70.8173994325901,30.2899802522734,33.362470094007,1,I,306,3
39.788572851801,72,30.3832914400846,9.40528141171638,1,C,307,3
168.622667898675,72,30.3903621202335,41.6096378797665,0,I,308,3
51.8906786458156,71.261188795109,30.4294262034819,21.4612524423337,1,C,309,3
47.1138292016319,72,30.4968669405207,16.6169622611112,1,I,310,3
33.7434636366101,65.0597870633613,30.5889587430283,3.15450489358173,1,C,311,3
130.611696714213,72,30.7101740688086,41.2898259311914,0,I,312,3
54.5841703064206,72,30.8031975757331,23.7809727306875,1,C,313,3
31.0611830886038,72,30.9586117789149,0.102571309688832,1,I,314,3
60.2070056702036,72,31.0046381363645,29.2023675338391,1,C,315,3
43.7111471591283,72,31.0281278053299,12.6830193537984,1,I,316,3
112.908659125234,72,31.2447676481679,40.7552323518321,0,C,317,3
49.9651471273631,72,31.3001686893404,18.6649784380227,1,I,318,3
38.5201867109522,69.512921416089,31.3062687311322,7.21391797982008,1,C,319,3
47.9831805115212,40.3357406051611,31.3819725438952,8.95376806126581,0,I,320,3
40.6735556416342,72,31.401096121408,9.27245952022614,1,C,321,3
86.1141156725082,72,31.508169779554,40.491830220446,0,I,322,3
37.6737509669136,72,31.5944137237966,6.079337243117,1,C,323,3
128.254481714119,58.721603444432,31.825901241973,26.8957022024589,0,I,324,3
118.926675583547,72,32.1973414393142,39.8026585606858,0,C,325,3
50.5651136413595,72,32.5116235669702,18.0534900743893,1,I,326,3
67.2499729869498,35.1264472287018,32.5563380168751,2.57010921182672,0,C,327,3
47.6157811539991,72,32.6512784091756,14.9645027448235,1,I,328,3
45.4208253255369,72,32.6822820771486,12.7385432483884,1,C,329,3
42.8010785351039,72,32.7381209470332,10.0629575880708,1,I,330,3
70.433500069917,72,32.7616974944249,37.6718025754921,1,C,331,3
57.7832930086316,72,32.8195190615952,24.9637739470364,1,I,332,3
87.0709949692599,72,32.8572437586263,39.1427562413737,0,C,333,3
67.8909442042037,72,32.8898390522227,35.001105151981,1,I,334,3
38.4253935847028,72,32.9277804214507,5.49761316325209,1,C,335,3
34.2717153800816,72,33.0678394529969,1.20387592708473,1,I,336,3
177.242671810877,72,33.279295549728,38.720704450272,0,C,337,3
47.9511945610711,72,33.3485615579411,14.6026330031299,1,I,338,3
145.923572113596,72,33.399765654467,38.600234345533,0,C,339,3
37.9879399873211,72,33.5127723170444,4.47516767027667,1,I,340,3
369.358413176426,72,33.5763953346759,38.4236046653241,0,C,341,3
37.8500402627426,72,33.5950975120068,4.25494275073581,1,I,342,3
65.0461903305062,37.8957928979457,33.7592169363052,4.1365759616405,0,C,343,3
75.7397616001897,62.5181630111136,33.8645379943773,28.6536250167363,0,I,344,3
83.7452749975807,72,33.9741028519347,38.0258971480653,0,C,345,3
78.4781343175814,72,34.0343429055065,37.9656570944935,0,I,346,3
63.9677891223171,51.7670395773161,34.1724841017276,17.5945554755885,0,C,347,3
49.01915969493,72,34.3029442895204,14.7162154054096,1,I,348,3
151.490934137615,37.2484913892824,34.3371334578842,2.91135793139816,0,C,349,3
151.91998460212,55.1308749372826,34.4005129253492,20.7303620119335,0,I,350,3
56.6304139514825,43.4524211245787,34.7652536211535,8.68716750342517,0,C,351,3
48.6897054414397,72,34.7686504432932,13.9210549981465,1,I,352,3
131.60384157793,72,34.8275258671492,37.1724741328508,0,C,353,3
114.265683994074,72,34.8826509201899,37.1173490798101,0,I,354,3
40.228467060741,44.1332127651614,34.900187831372,5.32827922936901,1,C,355,3
76.2498204823465,72,34.9306124215946,37.0693875784054,0,I,356,3
43.2703105724482,72,35.1908445591107,8.07946601333748,1,C,357,3
36.9755559075266,72,35.2197429584339,1.75581294909263,1,I,358,3
61.0970360468761,72,35.2623579651117,25.8346780817644,1,C,359,3
55.5379309316328,72,35.3850715979934,20.1528593336394,1,I,360,3
66.781479396923,39.6080987685797,35.4692457709461,4.13885299763354,0,C,361,3
38.4608068614311,72,35.4745145514607,2.9862923099704,1,I,362,3
42.315698169708,72,35.4861903609708,6.82950780873722,1,C,363,3
177.457934418706,72,35.5520337028429,36.4479662971571,0,I,364,3
96.1527263675621,72,35.6671984819695,36.3328015180305,0,C,365,3
102.304603654982,48.2967084851781,35.7465859875083,12.5501224976698,0,I,366,3
126.916929409487,72,35.8979621669278,36.1020378330722,0,C,367,3
118.971648897018,72,35.9711381234229,36.0288618765771,0,I,368,3
123.21963342327,72,36.0023094713688,35.9976905286312,0,C,369,3
100.327187728204,72,36.081890151836,35.918109848164,0,I,370,3
73.1130861289823,72,36.0945227835327,35.9054772164673,0,C,371,3
60.1082198867574,72,36.1773291695863,23.9308907171711,1,I,372,3
66.9248298828007,43.7549335627314,36.1863284697756,7.56860509295574,0,C,373,3
38.5160749210661,72,36.3050083257258,2.21106659534032,1,I,374,3
84.7494245663038,72,36.3381886202842,35.6618113797158,0,C,375,3
151.973697681288,72,36.3989373994991,35.6010626005009,0,I,376,3
83.6431350235313,72,36.6632911842316,35.3367088157684,0,C,377,3
133.596911593599,72,36.9502937793732,35.0497062206268,0,I,378,3
83.0801070331579,72,37.0407480653375,34.9592519346625,0,C,379,3
224.684899425377,72,37.0495212357491,34.9504787642509,0,I,380,3
52.5237847121587,72,37.1070342790335,15.4167504331251,1,C,381,3
53.384840192573,72,37.1385200601071,16.2463201324659,1,I,382,3
131.101268595244,72,37.1460638428107,34.8539361571893,0,C,383,3
84.9983449194569,72,37.1519726794213,34.8480273205787,0,I,384,3
68.1303422398115,72,37.2929206537083,30.8374215861032,1,C,385,3
106.646015391993,72,37.3747506458312,34.6252493541688,0,I,386,3
65.4638192806949,72,37.407306348905,28.0565129317899,1,C,387,3
43.8355017311507,72,37.4728113273159,6.3626904038348,1,I,388,3
88.3739635974163,72,37.5356694823131,34.4643305176869,0,C,389,3
102.997906642523,72,37.6140773948282,34.3859226051718,0,I,390,3
145.114855099072,72,37.6218823296949,34.3781176703051,0,C,391,3
41.1759453011303,72,37.6844148756936,3.49153042543672,1,I,392,3
96.1446772257466,72,37.7207619650289,34.2792380349711,0,C,393,3
40.4133640777787,72,37.748056682758,2.66530739502061,1,I,394,3
79.8762237838126,72,37.7780084777623,34.2219915222377,0,C,395,3
107.287134855097,72,37.8586352616549,34.1413647383452,0,I,396,3
172.833608999133,72,37.9769746866077,34.0230253133923,0,C,397,3
38.6405053531785,72,37.9831019137055,0.657403439473041,1,I,398,3
130.201165542525,72,38.0317310895771,33.9682689104229,0,C,399,3
175.800863002491,72,38.1705387867987,33.8294612132013,0,I,400,3
158.100833521142,72,38.2204967038706,33.7795032961294,0,C,401,3
72.7626742961395,72,38.2779575558379,33.7220424441621,0,I,402,3
86.4781816187772,72,38.2794953556731,33.7205046443269,0,C,403,3
56.9298697045281,72,38.3449797984213,18.5848899061068,1,I,404,3
64.5969670442528,72,38.4201578143984,26.1768092298544,1,C,405,3
87.1685203391147,72,38.6855527991429,33.3144472008571,0,I,406,3
40.817933657524,72,38.8122916454449,2.00564201207901,1,C,407,3
144.733574819413,72,38.8377541350201,33.1622458649799,0,I,408,3
201.402796384388,72,38.9216418145224,33.0783581854776,0,C,409,3
39.7137317011917,72,38.9238279126585,0.78990378853321,1,I,410,3
73.1242487933102,72,38.9295540098101,33.0704459901899,0,C,411,3
208.607280576146,72,38.9598375605419,33.0401624394581,0,I,412,3
71.2927397273965,71.7458817254293,38.9620725531131,32.3306671742834,1,C,413,3
102.262549985472,72,39.0824787179008,32.9175212820992,0,I,414,3
64.3468194253153,72,39.3582882871851,24.9885311381301,1,C,415,3
162.041567472393,72,39.4157176371664,32.5842823628336,0,I,416,3
49.9805371079096,72,39.427390624769,10.5531464831406,1,C,417,3
148.236902085618,72,39.5010663522407,32.4989336477593,0,I,418,3
146.229640022243,56.4655440967559,39.6444635745138,16.8210805222421,0,C,419,3
52.6189909302259,72,39.6826345799491,12.9363563502768,1,I,420,3
94.8020055464621,72,39.6901214495301,32.3098785504699,0,C,421,3
78.9989038651836,72,39.9695193395019,32.0304806604981,0,I,422,3
124.468608934041,61.8072142478125,40.0726859550923,21.7345282927202,0,C,423,3
63.3072355337741,72,40.2907975483686,23.0164379854055,1,I,424,3
109.454845988107,72,40.4988992633298,31.5011007366702,0,C,425,3
62.3820762025277,72,40.8586086658761,21.5234675366516,1,I,426,3
74.0034895058238,72,40.9090240113437,31.0909759886563,0,C,427,3
51.5872889160861,72,41.2617182079703,10.3255707081159,1,I,428,3
88.8984962221347,72,41.275786603801,30.7242133961991,0,C,429,3
58.6192004730529,72,41.3776216283441,17.2415788447088,1,I,430,3
89.6500857567465,72,41.4468586631119,30.5531413368881,0,C,431,3
74.5579862281568,72,41.4503147592768,30.5496852407232,0,I,432,3
111.607998239857,72,41.4530655322596,30.5469344677404,0,C,433,3
136.318903633094,72,41.6184108238667,30.3815891761333,0,I,434,3
43.1034431367348,72,41.7905674176291,1.31287571910575,1,C,435,3
48.7254305970058,72,41.7971611116082,6.92826948539769,1,I,436,3
76.8850252892294,70.8993202196543,42.0906158303842,28.8087043892701,0,C,437,3
50.852315869995,65.1617149810549,42.1504960907623,8.70181977923271,1,I,438,3
43.6939468251211,72,42.3300623428077,1.36388448231346,1,C,439,3
166.109501905105,72,42.6003175741062,29.3996824258938,0,I,440,3
64.772108394886,72,43.1372315296903,21.6348768651956,1,C,441,3
79.529506841702,72,43.2546168984845,28.7453831015155,0,I,442,3
57.2066080900929,72,43.4494036668912,13.7572044232018,1,C,443,3
102.892431899213,72,43.4938200004399,28.5061799995601,0,I,444,3
237.690323821921,72,43.605377166532,28.394622833468,0,C,445,3
52.1302965518577,72,43.6469771666452,8.4833193852125,1,I,446,3
117.279727900151,72,43.7819894263521,28.2180105736479,0,C,447,3
78.0076874272064,54.6696023559953,43.9178869407624,10.7517154152329,0,I,448,3
93.2718682415392,72,44.1011497518048,27.8988502481952,0,C,449,3
99.0448314024324,72,44.3127879314125,27.6872120685875,0,I,450,3
68.9170430785957,72,44.3130554258823,24.6039876527134,1,C,451,3
84.8023475252638,72,44.5171798439696,27.4828201560304,0,I,452,3
47.9354539593884,72,44.6387662505731,3.29668770881524,1,C,453,3
51.0641466289951,72,44.7509619640186,6.31318466497646,1,I,454,3
85.5589154766149,72,44.9110894650221,27.0889105349779,0,C,455,3
57.4860102463343,72,45.0473706889898,12.4386395573445,1,I,456,3
49.5950550174499,72,45.2475187322125,4.34753628523742,1,C,457,3
65.0374152304985,72,45.5927434656769,19.4446717648216,1,I,458,3
71.1678298744231,72,45.6527385860682,25.5150912883549,1,C,459,3
89.4420816169678,72,45.8144603809342,26.1855396190658,0,I,460,3
72.1374026913367,72,45.8592625614256,26.1407374385744,0,C,461,3
101.250740551397,72,45.96985692624,26.03014307376,0,I,462,3
92.5575697825837,72,46.0994915664196,25.9005084335804,0,C,463,3
89.7791993754621,72,46.1278476146981,25.8721523853019,0,I,464,3
126.374913089128,72,46.2259213021025,25.7740786978975,0,C,465,3
54.7712386394422,72,46.3476157793775,8.42362286006463,1,I,466,3
219.620950900301,72,46.7172687593848,25.2827312406153,0,C,467,3
157.405300062733,72,46.7703715665266,25.2296284334734,0,I,468,3
94.5837224038256,72,46.8892390932888,25.1107609067112,0,C,469,3
140.264969716199,72,47.0630315691233,24.9369684308767,0,I,470,3
49.1337007515272,72,47.1057470608503,2.0279536906769,1,C,471,3
79.5991687465485,72,47.1083289245144,24.8916710754857,0,I,472,3
98.356337926429,72,47.1283156145364,24.8716843854636,0,C,473,3
57.8780237531945,72,47.3804105306044,10.4976132225901,1,I,474,3
68.3332157335395,72,47.4861226743087,20.8470930592307,1,C,475,3
51.4946879353533,72,47.5039420556277,3.99074587972561,1,I,476,3
71.5084003886566,72,47.6134323282167,23.8949680604398,1,C,477,3
110.953532478234,54.6293553848922,47.7644780371338,6.86487734775839,0,I,478,3
78.6392034308615,72,47.8223418071866,24.1776581928134,0,C,479,3
82.3509330342805,72,47.9625158803538,24.0374841196463,0,I,480,3
54.4297218630459,72,47.9945970559493,6.43512480709658,1,C,481,3
67.8613525799605,72,48.0010986607522,19.8602539192083,1,I,482,3
62.3944150656094,72,48.0218773987144,14.372537666895,1,C,483,3
65.7525359641389,72,48.1667552283034,17.5857807358355,1,I,484,3
54.7847561565507,72,48.3337217895314,6.45103436701926,1,C,485,3
157.327179801798,72,48.5387154808268,23.4612845191732,0,I,486,3
131.953510302487,72,48.6149866227061,23.3850133772939,0,C,487,3
70.8144901417373,72,48.6379992635921,22.1764908781452,1,I,488,3
167.860134427874,72,48.6712832003832,23.3287167996168,0,C,489,3
51.6190947120923,72,48.8800768693909,2.73901784270141,1,I,490,3
55.3129251326497,72,48.9075148198754,6.40541031277437,1,C,491,3
124.426096218502,72,49.0003438247368,22.9996561752632,0,I,492,3
184.860852466656,72,49.2425697343424,22.7574302656576,0,C,493,3
90.9183968445852,72,49.2605015728623,22.7394984271377,0,I,494,3
113.63846733486,72,49.2734944727272,22.7265055272728,0,C,495,3
58.5376985564523,72,49.3461905093864,9.19150804706588,1,I,496,3
139.27954630657,72,49.4359312159941,22.5640687840059,0,C,497,3
95.6694715250028,72,49.4381981296465,22.5618018703535,0,I,498,3
55.2196762998821,72,49.4405849184841,5.77909138139798,1,C,499,3
139.98869814043,72,49.452887638472,22.547112361528,0,I,500,3
62.5348363808877,72,49.5659286109731,12.9689077699146,1,C,501,3
53.6989764532754,72,49.8297605803236,3.86921587295174,1,I,502,3
111.441594489701,72,49.8449922166765,22.1550077833235,0,C,503,3
211.805366452942,72,49.8776375921443,22.1223624078557,0,I,504,3
118.396556780542,72,49.9867487372831,22.013251262717,0,C,505,3
155.821356177814,72,50.1729076355696,21.8270923644304,0,I,506,3
87.562454049262,72,50.2662976831198,21.7337023168802,0,C,507,3
305.542078005052,72,50.3088030824438,21.6911969175562,0,I,508,3
81.352517299456,72,50.5742173176259,21.4257826823741,0,C,509,3
50.7090599758027,72,50.5938981240615,0.115161851741186,1,I,510,3
112.311781965497,72,50.7160456571728,21.2839543428272,0,C,511,3
92.3525527073356,72,50.7192785153166,21.2807214846835,0,I,512,3
55.5077692975364,72,50.9098637290299,4.59790556850649,1,C,513,3
100.301314146598,72,51.027185744606,20.972814255394,0,I,514,3
106.970685152355,72,51.2088231509551,20.7911768490449,0,C,515,3
85.8129085581017,72,51.2758955033496,20.7241044966504,0,I,516,3
121.219390673075,72,51.61311943084,20.38688056916,0,C,517,3
69.309230997378,72,51.6427936870605,17.6664373103175,1,I,518,3
105.112594836786,72,51.8498755339533,20.1501244660467,0,C,519,3
141.824951866977,72,51.8989521078765,20.1010478921235,0,I,520,3
71.7919463161909,65.696123719051,51.9241181574762,13.7720055615748,0,C,521,3
290.536767208691,72,51.9866092968732,20.0133907031268,0,I,522,3
74.3734965239114,72,52.0960752479732,19.9039247520268,0,C,523,3
166.259014546605,72,52.1779403602704,19.8220596397296,0,I,524,3
57.8297480642609,72,52.2932996414602,5.53644842280074,1,C,525,3
75.8527523104069,72,52.3447948694229,19.6552051305771,0,I,526,3
85.0515091824422,72,52.4062341218814,19.5937658781186,0,C,527,3
180.594950144967,72,52.4682696210221,19.531730378978,0,I,528,3
126.363597832049,72,52.5240041222423,19.4759958777577,0,C,529,3
78.7257329248603,55.6607849851331,52.5971079804003,3.06367700473272,0,I,530,3
136.137995791887,72,52.7483454812318,19.2516545187682,0,C,531,3
77.5295094864557,72,52.7689273143187,19.2310726856813,0,I,532,3
77.5734771110633,72,53.0593673978001,18.9406326021999,0,C,533,3
61.3614806708308,72,53.1872499687597,8.17423070207106,1,I,534,3
66.5184696399706,72,53.2030237605795,13.315445879391,1,C,535,3
99.6104274528271,72,53.2996637793258,18.7003362206742,0,I,536,3
54.6403686823317,72,53.4731515310705,1.16721715126126,1,C,537,3
69.5443688532296,72,53.4861254319549,16.0582434212747,1,I,538,3
233.447908835895,72,53.5547645576298,18.4452354423702,0,C,539,3
125.719019770936,72,53.5962075646967,18.4037924353033,0,I,540,3
56.2541520374652,72,53.6164021259174,2.63774991154781,1,C,541,3
155.983545624437,72,53.6335900286213,18.3664099713787,0,I,542,3
84.5227514394996,72,53.8288782443851,18.1711217556149,0,C,543,3
126.321951444079,72,54.0237391646951,17.9762608353049,0,I,544,3
200.307856575531,72,54.04197528027,17.95802471973,0,C,545,3
74.708198642366,72,54.2373151844367,17.7626848155633,0,I,546,3
56.8227427207353,72,54.3990594148636,2.42368330587173,1,C,547,3
71.0379801318585,72,54.4361529825255,16.6018271493329,1,I,548,3
62.6518684727999,72,54.6090321103111,8.04283636248878,1,C,549,3
93.2278865983515,72,54.6124720713124,17.3875279286876,0,I,550,3
66.666872763443,72,54.8295327695087,11.8373399939343,1,C,551,3
61.8591598736064,72,54.8590233922005,7.00013648140593,1,I,552,3
128.516712801107,72,54.9471287475899,17.0528712524101,0,C,553,3
181.793018371236,72,55.0593107426539,16.9406892573461,0,I,554,3
66.6156052176629,72,55.1339865429327,11.4816186747302,1,C,555,3
182.95850338645,72,55.3181771468371,16.6818228531629,0,I,556,3
68.155454786211,72,55.3616875503212,12.7937672358898,1,C,557,3
92.5269117389244,72,55.3675399767235,16.6324600232765,0,I,558,3
70.2504319828182,72,55.388369075954,14.8620629068642,1,C,559,3
67.9593875347179,72,55.4511201800779,12.50826735464,1,I,560,3
114.726710324805,72,55.4646535310894,16.5353464689106,0,C,561,3
78.1935431026631,72,55.5044417269528,16.4955582730472,0,I,562,3
79.9775853797105,72,55.5294354306534,16.4705645693466,0,C,563,3
155.25716185961,72,55.6128889136016,16.3871110863984,0,I,564,3
110.530257174912,72,55.6899386364967,16.3100613635033,0,C,565,3
127.202803354741,72,56.0968791414052,15.9031208585948,0,I,566,3
159.207810413145,72,56.1055822251365,15.8944177748635,0,C,567,3
64.7485713330202,72,56.1609491659328,8.5876221670874,1,I,568,3
84.6691076270442,72,56.2316665425897,15.7683334574103,0,C,569,3
93.9871120787599,72,56.3425109675154,15.6574890324846,0,I,570,3
75.6116707657499,72,56.5991731127724,15.4008268872276,0,C,571,3
90.7018114887612,72,56.6168073797599,15.3831926202402,0,I,572,3
58.4502828538219,72,56.677944897674,1.77233795614785,1,C,573,3
58.9272729835913,72,56.8493828410283,2.07789014256303,1,I,574,3
101.148927062724,72,56.8954244395718,15.1045755604282,0,C,575,3
69.6300667273699,72,56.899254382588,12.730812344782,1,I,576,3
77.7103366415793,72,57.0286394935101,14.9713605064899,0,C,577,3
116.894357840868,72,57.0453503262252,14.9546496737748,0,I,578,3
64.2453710314497,72,57.1660073893145,7.07936364213525,1,C,579,3
164.421310787167,72,57.2363917389885,14.7636082610115,0,I,580,3
70.397872014643,72,57.262355312705,13.1355167019379,1,C,581,3
95.1611935027049,72,57.2808446316049,14.7191553683952,0,I,582,3
73.1036963321534,67.9611807829277,57.3344845091924,10.6266962737353,0,C,583,3
88.7836790185098,72,57.4611277878285,14.5388722121716,0,I,584,3
79.3791045304013,72,57.4733689846471,14.5266310153529,0,C,585,3
145.196883602172,72,57.516302363947,14.483697636053,0,I,586,3
60.2505384519584,72,57.5883469730616,2.66219147889685,1,C,587,3
92.6636080659538,72,57.6001538895071,14.3998461104929,0,I,588,3
67.5134461399893,72,58.0974421883002,9.41600395168914,1,C,589,3
148.382844994655,72,58.2660274207592,13.7339725792408,0,I,590,3
169.706883988135,72,58.3147272979841,13.6852727020159,0,C,591,3
125.859524619611,72,58.3263451326639,13.6736548673362,0,I,592,3
147.432870420056,72,58.3289235737175,13.6710764262825,0,C,593,3
70.4944355885893,72,58.5425519524142,11.9518836361751,1,I,594,3
59.6426529779611,72,58.8835112191737,0.759141758787456,1,C,595,3
72.49668282519,72,58.9471187442541,13.0528812557459,0,I,596,3
60.3949391892878,72,59.0311686974019,1.36377049188587,1,C,597,3
94.030376681608,72,59.0523815201595,12.9476184798405,0,I,598,3
60.8039385009586,72,59.0685481438413,1.73539035711726,1,C,599,3
233.823397114112,72,59.1154598537833,12.8845401462168,0,I,600,3
60.2131769570442,72,59.1472217487171,1.06595520832708,1,C,601,3
66.6610977579655,69.2879953065267,59.2382266698405,7.42287108812494,1,I,602,3
120.245135966743,72,59.2416986078024,12.7583013921976,0,C,603,3
168.09540256599,72,59.5495569566265,12.4504430433735,0,I,604,3
174.355521494586,72,59.5810865890235,12.4189134109765,0,C,605,3
82.0079999539529,72,59.6244933083654,12.3755066916347,0,I,606,3
8.21731209406168,40.034593765052,0.0155487935990095,8.20176330046267,1,I,1,4
108.618643567067,19.5894597140526,0.0201767776161432,19.5692829364364,0,C,2,4
9.34092652292308,4.0103652549722,0.0325449323281646,3.97782032264404,0,I,3,4
0.949267289003382,15.3681083356367,0.101215909235179,0.848051379768203,1,C,4,4
145.665399250229,59.8149194264681,0.161713231354952,59.6532061951131,0,I,5,4
54.1714190076686,20.8754762727264,0.360131599009037,20.5153446737173,0,C,6,4
34.8735979064955,72,0.373876914381981,34.4997209921135,1,I,7,4
160.61479323261,72,0.384285799227655,71.6157142007724,0,C,8,4
213.163022694216,72,0.416360590606928,71.5836394093931,0,I,9,4
7.67383237354212,72,0.481620663776994,7.19221170976513,1,C,10,4
7.44811264754102,53.1459364508995,0.523981810547411,6.92413083699361,1,I,11,4
83.9000492773581,72,0.550580327399075,71.4494196726009,0,C,12,4
29.6140505604562,59.7670616596997,0.581965916790068,29.0320846436662,1,I,13,4
209.477089507636,64.9807553771549,0.64801256172359,64.3327428154313,0,C,14,4
9.65785439280634,72,0.661536790430546,8.9963176023758,1,I,15,4
68.5277324150262,72,0.726133463904262,67.801598951122,1,C,16,4
26.1612938697347,9.46903957239536,0.894550206139684,8.57448936625568,0,I,17,4
35.642503817158,58.1094648271227,0.976976808160543,34.6655270089975,1,C,18,4
185.717265301985,72,1.02161386515945,70.9783861348406,0,I,19,4
6.58306679645023,72,1.08394084498286,5.49912595146737,1,C,20,4
47.3490794899633,72,1.20741679798812,46.1416626919752,1,I,21,4
80.3315714826836,72,1.25422704499215,70.7457729550079,0,C,22,4
31.6223679698884,72,1.29397517535836,30.3283927945301,1,I,23,4
6.32265066871327,72,1.31995538715273,5.00269528156054,1,C,24,4
31.507911519074,25.7804833464341,1.36074952315539,24.4197338232787,0,I,25,4
27.5351259776621,72,1.37516805902123,26.1599579186408,1,C,26,4
26.1615257459335,72,1.47065217141062,24.6908735745229,1,I,27,4
20.069687373798,72,1.51197266299278,18.5577147108052,1,C,28,4
5.74409752805374,72,1.73746700864285,4.00663051941089,1,I,29,4
71.3018463286078,72,1.83750651776791,69.4643398108399,1,C,30,4
27.7491898731113,49.0019238338417,2.10298966616392,25.6462002069474,1,I,31,4
50.8732453038498,72,2.25999838672578,48.613246917124,1,C,32,4
7.58187096318811,72,2.36095821484923,5.22091274833888,1,I,33,4
34.2016758540024,46.1006297434237,2.51859311945736,31.6830827345451,1,C,34,4
39.0197685233339,72,2.65159278642386,36.3681757369101,1,I,35,4
28.5470404049634,43.0392903040239,2.69898533821106,25.8480550667524,1,C,36,4
12.4392694554532,26.7076212959143,2.74320538155735,9.69606407389587,1,I,37,4
41.4815132888237,72,2.75294695515186,38.7285663336718,1,C,38,4
3.15917523265486,72,2.84468231722713,0.314492915427738,1,I,39,4
3.76732191539658,72,2.93275480158627,0.834567113810312,1,C,40,4
85.4821409106474,72,2.99195862840861,69.0080413715914,0,I,41,4
3.40186594939031,33.4419510982268,3.00695438403636,0.394911565353949,1,C,42,4
47.542527761796,72,3.01157936453819,44.5309483972578,1,I,43,4
31.3565344663548,72,3.25621386989951,28.1003205964553,1,C,44,4
43.9339734598931,72,3.36117911618203,40.572794343711,1,I,45,4
39.7534176038134,72,3.38988225907087,36.3635353447425,1,C,46,4
103.773496138234,72,3.4254268091172,68.5745731908828,0,I,47,4
50.3793261955521,72,3.4763282071799,46.9029979883722,1,C,48,4
26.8959985903329,72,3.485326487571,23.4106721027618,1,I,49,4
16.8010007510444,63.1279411057543,3.57896730769426,13.2220334433501,1,C,50,4
6.21050132352101,72,3.59000915195793,2.62049217156308,1,I,51,4
18.4648692283255,72,3.82614331785589,14.6387259104696,1,C,52,4
8.87643386575534,72,3.85532333515584,5.02111053059949,1,I,53,4
4.12735443122491,72,3.96281649358571,0.164537937639205,1,C,54,4
6.79460492631691,19.2350084336654,4.07849304378033,2.71611188253659,1,I,55,4
103.768365519764,72,4.09239440225065,67.9076055977494,0,C,56,4
6.21101737853725,72,4.23433074261993,1.97668663591732,1,I,57,4
6.54212942029512,72,4.35050081927329,2.19162860102182,1,C,58,4
69.1623424180041,16.8035596256603,4.37096379697323,12.432595828687,0,I,59,4
44.5287607234363,72,4.46839902084321,40.060361702593,1,C,60,4
31.6918416347753,43.7264469287422,4.6118769608438,27.0799646739315,1,I,61,4
106.347481779871,72,4.61747263558209,67.3825273644179,0,C,62,4
64.7842499857523,72,4.75608915556222,60.0281608301901,1,I,63,4
56.5875061178268,72,4.78689917363226,51.8006069441946,1,C,64,4
59.5101568610382,72,4.85147990752012,54.658676953518,1,I,65,4
12.450134083394,72,4.92894269060344,7.5211913927906,1,C,66,4
48.3760540267008,13.1048568476167,4.94993687141687,8.15491997619987,0,I,67,4
130.985198627303,72,5.47142521943897,66.528574780561,0,C,68,4
61.8002078617547,72,5.69343442562968,56.106773436125,1,I,69,4
62.5540145682773,72,5.87868162430823,56.675332943969,1,C,70,4
35.6636931274973,72,5.94088733196259,29.7228057955348,1,I,71,4
20.2764022103011,72,6.04464237112552,14.2317598391756,1,C,72,4
39.345218674489,58.5304422037999,6.29569702316076,33.0495216513283,1,I,73,4
23.772546989819,72,6.44387190230191,17.3286750875171,1,C,74,4
21.0646447922801,72,6.47920964285731,14.5854351494228,1,I,75,4
9.32865350087348,72,6.62950029596686,2.69915320490662,1,C,76,4
135.415175264128,42.2870253664677,6.7108822055161,35.5761431609516,0,I,77,4
39.0164577424526,72,6.85710872523487,32.1593490172177,1,C,78,4
7.30589445925467,72,6.93670197855681,0.369192480697861,1,I,79,4
154.778221339849,72,6.9974949862808,65.0025050137192,0,C,80,4
39.8428101665352,48.5876593183493,7.04014977905899,32.8026603874762,1,I,81,4
57.5647331616149,72,7.30929175391793,50.255441407697,1,C,82,4
10.2263991730596,72,7.33938539866358,2.88701377439599,1,I,83,4
106.036509088918,72,7.37823941744864,64.6217605825514,0,C,84,4
52.2770008170356,72,7.45037604589015,44.8266247711454,1,I,85,4
40.5975322055634,72,7.66421995125711,32.9333122543063,1,C,86,4
11.2499255016451,72,7.78219970874488,3.46772579290026,1,I,87,4
18.085003245408,72,7.87263573613018,10.2123675092778,1,C,88,4
112.506849513916,36.9229781285467,7.9071278963238,29.0158502322229,0,I,89,4
10.8166042170889,72,7.91688276920468,2.89972144788418,1,C,90,4
30.6840027491922,72,7.97293976414949,22.7110629850428,1,I,91,4
65.2549116339602,72,8.09366321191192,57.1612484220483,1,C,92,4
70.1284954113393,72,8.35443510208279,61.7740603092565,1,I,93,4
28.3682261661852,72,8.3901205798611,19.9781055863241,1,C,94,4
22.8087563794151,72,8.42204659245908,14.386709786956,1,I,95,4
12.200096591931,53.9566560166318,8.44689808320254,3.75319850872844,1,C,96,4
41.2890467386708,72,8.55618163011968,32.7328651085511,1,I,97,4
118.803858728915,34.3314756999794,8.62711940892041,25.704356291059,0,C,98,4
68.754056992874,55.3932279719833,8.71791563462466,46.6753123373586,0,I,99,4
16.0684465851617,72,8.72406964190304,7.3443769432587,1,C,100,4
94.7066479853914,72,8.78971051890403,63.210289481096,0,I,101,4
88.1032617300131,54.377828892158,8.8573936605826,45.5204352315754,0,C,102,4
77.0411488621451,46.1083372382667,8.86706474237144,37.2412724958953,0,I,103,4
160.787391695795,72,8.95134036429226,63.0486596357077,0,C,104,4
51.4941535012151,72,8.97872214205563,42.5154313591594,1,I,105,4
102.276427980252,72,9.01910691987723,62.9808930801228,0,C,106,4
57.9673481094836,72,9.24251439515501,48.7248337143286,1,I,107,4
225.251550317226,72,9.25748124718666,62.7425187528133,0,C,108,4
22.4564872034868,11.7263761272211,9.46810367982835,2.25827244739273,0,I,109,4
51.7834709175185,72,9.6087006200105,42.174770297508,1,C,110,4
45.6427521443171,14.7853583822731,9.64546605013311,5.13989233214001,0,I,111,4
88.6669423977285,72,9.85071809962392,62.1492819003761,0,C,112,4
35.4519781057623,72,9.85998373478651,25.5919943709758,1,I,113,4
65.0141984595073,72,9.90112914238125,55.113069317126,1,C,114,4
164.515728761275,72,9.90905388258398,62.090946117416,0,I,115,4
41.4533024083753,72,9.93178483564407,31.5215175727312,1,C,116,4
36.3598467524382,33.2443821352444,10.0782973179594,23.166084817285,0,I,117,4
22.5913148455204,15.8644824591797,10.4524159384891,5.41206652069061,0,C,118,4
42.7499131333961,72,10.7541279774159,31.9957851559802,1,I,119,4
181.947796326095,52.0385041905384,10.9297910146415,41.1087131758969,0,C,120,4
90.685528430427,72,10.9837387595326,61.0162612404674,0,I,121,4
42.4703181285967,55.3899367212959,11.0733837168664,31.3969344117303,1,C,122,4
15.5411068369443,72,11.1521903146058,4.38891652233849,1,I,123,4
34.0008883062249,72,11.265928898938,22.7349594072869,1,C,124,4
63.5856486332629,72,11.3208153750747,52.2648332581882,1,I,125,4
84.2685848504798,72,11.3937090151012,60.6062909848988,0,C,126,4
27.2927447936169,54.8303996505691,11.5809693653137,15.7117754283032,1,I,127,4
165.009078641864,72,11.5926915546879,60.4073084453121,0,C,128,4
47.1519328146011,72,11.6750687733293,35.4768640412718,1,I,129,4
67.591375235901,72,11.7019345331937,55.8894407027073,1,C,130,4
75.5023198581761,72,11.796127455309,60.203872544691,0,I,131,4
151.8188239244,72,11.9107965705916,60.0892034294084,0,C,132,4
67.9059891189269,72,12.1861738013104,55.7198153176165,1,I,133,4
104.000834076464,72,12.2693109232932,59.7306890767068,0,C,134,4
37.9726847093626,72,12.3198370356113,25.6528476737513,1,I,135,4
23.56499600704,28.1876038176785,12.433881838806,11.131114168234,1,C,136,4
205.311677995794,45.0543478585018,12.562278136611,32.4920697218908,0,I,137,4
58.4734037637884,72,12.6834025327116,45.7900012310768,1,C,138,4
30.8841486520723,57.522068911899,12.7199829882011,18.1641656638712,1,I,139,4
93.599331326536,72,13.1237003998831,58.8762996001169,0,C,140,4
18.0691700620002,72,13.192279972136,4.87689008986417,1,I,141,4
77.6211961055144,72,13.2951714098454,58.7048285901547,0,C,142,4
40.8903644620776,72,13.4659901540726,27.4243743080049,1,I,143,4
70.2337264718245,72,13.6207129899412,56.6130134818832,1,C,144,4
25.8745185117993,72,13.6522701848298,12.2222483269695,1,I,145,4
83.0028191288273,72,13.6621250957251,58.3378749042749,0,C,146,4
74.1261041722255,72,13.6702999798581,58.3297000201419,0,I,147,4
96.1246514254306,72,13.6998139740899,58.3001860259101,0,C,148,4
42.1515047901749,72,13.7551144463941,28.3963903437808,1,I,149,4
75.4773812419407,36.1562213958115,13.9401328470558,22.2160885487557,0,C,150,4
25.8811167127165,72,13.962998567149,11.9181181455674,1,I,151,4
61.3555529807352,72,14.076861217618,47.2786917631172,1,C,152,4
15.8513690241042,72,14.1242908872664,1.72707813683781,1,I,153,4
88.2129526004571,72,14.4194142054766,57.5805857945234,0,C,154,4
93.261827698874,72,14.444189267233,57.555810732767,0,I,155,4
17.2731672709018,72,14.5983917405829,2.67477553031887,1,C,156,4
69.4746407222206,62.2918474533287,14.7152237780392,47.5766236752894,0,I,157,4
20.5544126617421,72,14.7757785301656,5.77863413157659,1,C,158,4
151.297461134733,38.0400329135531,14.7838842915371,23.256148622016,0,I,159,4
157.456436895355,32.7537527035765,15.1565713388845,17.597181364692,0,C,160,4
30.4423042243963,72,15.2569258818403,15.185378342556,1,I,161,4
51.9102353596605,72,15.335966264829,36.5742690948315,1,C,162,4
40.0965182259281,72,15.4024105891585,24.6941076367695,1,I,163,4
81.1561358641931,72,15.4551663575694,56.5448336424306,0,C,164,4
103.608020142449,72,15.6119146663696,56.3880853336304,0,I,165,4
83.5784773512201,72,15.6224486511201,56.3775513488799,0,C,166,4
38.1974910702986,72,15.8232354931533,22.3742555771453,1,I,167,4
151.998246722783,72,15.8897704817355,56.1102295182645,0,C,168,4
60.8574683203508,72,15.9299198817462,44.9275484386046,1,I,169,4
92.676109636393,72,16.0604700632393,55.9395299367607,0,C,170,4
31.3718540806048,72,16.0900957742706,15.2817583063342,1,I,171,4
41.8292672466975,72,16.1067097401246,25.7225575065728,1,C,172,4
128.942889629919,72,16.1742737330496,55.8257262669504,0,I,173,4
79.4392698824517,72,16.1908775148913,55.8091224851087,0,C,174,4
22.3754048643729,72,16.2657096236944,6.10969524067845,1,I,175,4
28.395284882284,21.7736364641609,16.5593273146078,5.21430914955306,0,C,176,4
29.6985242542917,72,16.699304538779,12.9992197155127,1,I,177,4
87.9801616007211,40.2807797023934,16.7117849132046,23.5689947891887,0,C,178,4
71.3588481176928,72,16.7169811762869,54.6418669414058,1,I,179,4
76.7793490300146,72,16.7727737361565,55.2272262638435,0,C,180,4
113.870102831153,72,16.7966944584623,55.2033055415377,0,I,181,4
17.4320371533504,72,17.2609737049788,0.171063448371553,1,C,182,4
46.655662427088,72,17.3431975068524,29.3124649202356,1,I,183,4
43.0913408691385,72,17.3766081919894,25.7147326771491,1,C,184,4
96.2786040297215,72,17.4146132497117,54.5853867502883,0,I,185,4
85.0947348386859,55.8631016543693,17.5553686358035,38.3077330185658,0,C,186,4
119.939255993472,72,17.6643080636859,54.3356919363141,0,I,187,4
44.4238105053111,72,17.7015423215926,26.7222681837186,1,C,188,4
74.493900045427,72,17.7145683718845,54.2854316281155,0,I,189,4
31.5248070929407,72,17.7730531012639,13.7517539916768,1,C,190,4
18.3703925848363,63.0772610243835,17.8120859060436,0.558306678792687,1,I,191,4
40.2009888806579,72,17.9927580663934,22.2082308142645,1,C,192,4
79.0939287648134,72,18.0038870824501,53.9961129175499,0,I,193,4
23.2495193611631,72,18.1809842633083,5.0685350978548,1,C,194,4
52.6844118449106,72,18.2277466496453,34.4566651952653,1,I,195,4
133.909633904846,72,18.2537574833259,53.7462425166741,0,C,196,4
153.026612792178,72,18.305074358359,53.694925641641,0,I,197,4
174.499043268622,72,18.3361857756972,53.6638142243028,0,C,198,4
304.198021886306,72,18.4575805161148,53.5424194838852,0,I,199,4
84.0443491944455,72,18.6273640673608,53.3726359326392,0,C,200,4
21.4237869928736,72,18.6368453269824,2.7869416658912,1,I,201,4
26.5292244590896,72,18.8771107094362,7.65211374965337,1,C,202,4
63.9583992429646,72,18.8772962708026,45.081102972162,1,I,203,4
52.1860818200591,56.8559767956794,19.2060740618035,32.9800077582556,1,C,204,4
48.0698376258784,72,19.281268841587,28.7885687842914,1,I,205,4
37.4371687903998,72,19.379942798987,18.0572259914127,1,C,206,4
34.776902738046,72,19.3854136532173,15.3914890848288,1,I,207,4
64.3705590153554,72,19.4116107048467,44.9589483105087,1,C,208,4
96.4025707185218,25.9915740243413,19.4160804105923,6.57549361374905,0,I,209,4
50.0617789167826,72,19.676726013422,30.3850529033606,1,C,210,4
78.2843560678866,72,19.7139894962311,52.2860105037689,0,I,211,4
43.9373375153419,72,19.7456593578681,24.1916781574738,1,C,212,4
59.780714061082,72,19.8267214000225,39.9539926610595,1,I,213,4
38.6878551528643,42.5530724458004,19.8860702337697,18.8017849190945,1,C,214,4
57.828350471489,72,19.915709272027,37.912641199462,1,I,215,4
70.456025580571,72,20.2779668709263,50.1780587096447,1,C,216,4
33.4363848783777,72,20.7485106121749,12.6878742662029,1,I,217,4
91.29130841688,72,20.8116195257753,51.1883804742247,0,C,218,4
99.3720420877981,72,20.9385627647862,51.0614372352138,0,I,219,4
201.023547175099,72,20.9402802586555,51.0597197413445,0,C,220,4
100.275074769729,72,21.0059285815805,50.9940714184195,0,I,221,4
28.5726832708805,43.4086274299429,21.0249987104908,7.54768456038973,1,C,222,4
23.7886998249306,72,21.1322610871866,2.65643873774394,1,I,223,4
28.2753065502534,72,21.1864266358316,7.0888799144218,1,C,224,4
214.222013648384,72,21.2480657408014,50.7519342591986,0,I,225,4
56.6798681928751,72,21.2688377033919,35.4110304894832,1,C,226,4
52.0902082565913,72,21.2961780885234,30.7940301680678,1,I,227,4
186.177626788449,72,21.3060756353661,50.6939243646339,0,C,228,4
205.018407861712,72,21.3288074824959,50.6711925175041,0,I,229,4
110.673928377197,72,21.3601786410436,50.6398213589564,0,C,230,4
100.321432457539,41.4417916738672,21.4060557307675,20.0357359430996,0,I,231,4
63.7100470290267,72,21.4903852902353,42.2196617387914,1,C,232,4
143.331065471485,72,21.7646732507274,50.2353267492727,0,I,233,4
65.3202115535803,72,21.8007922824472,43.5194192711331,1,C,234,4
61.2379796343334,72,21.8552991561592,39.3826804781742,1,I,235,4
51.0914554257831,72,21.9635870726779,29.1278683531052,1,C,236,4
32.4640973534253,50.7777387068584,22.1259667631239,10.3381305903014,1,I,237,4
51.8579511041972,64.3489849972515,22.1771514834836,29.6807996207136,1,C,238,4
63.6107202867282,23.7974131843758,22.2003392223269,1.59707396204893,0,I,239,4
35.3287432405268,72,22.2080121003091,13.1207311402176,1,C,240,4
28.6801886705258,22.7224918996495,22.2371868789196,0.485305020729935,0,I,241,4
48.6496136693299,72,22.2794244065881,26.3701892627419,1,C,242,4
35.5856844580279,30.2271732721624,22.3287934809923,7.89837979117006,0,I,243,4
184.489272905096,72,22.4087458429858,49.5912541570142,0,C,244,4
39.2885569571979,72,22.6385281747207,16.6500287824772,1,I,245,4
68.8200706776148,27.3711261927593,23.0508017353714,4.32032445738792,0,C,246,4
32.3319012274476,72,23.356592617929,8.97530860951867,1,I,247,4
70.0642752405997,72,23.4441394312307,46.620135809369,1,C,248,4
31.3181236175604,27.6301727830431,23.5171354981139,4.11303728492916,0,I,249,4
49.7943393473904,72,23.5353973321617,26.2589420152288,1,C,250,4
46.6330604849934,72,23.6477491166443,22.9853113683491,1,I,251,4
126.076735501719,72,23.7147493986413,48.2852506013587,0,C,252,4
255.847354712928,72,23.7338563939557,48.2661436060444,0,I,253,4
103.410231875564,72,23.7968516070396,48.2031483929604,0,C,254,4
53.4292809949467,62.6677416649502,23.849327727221,29.5799532677258,1,I,255,4
67.2993434648006,72,24.0516046481207,43.2477388166799,1,C,256,4
51.4723771986053,72,24.1457715304568,27.3266056681485,1,I,257,4
38.3617006977086,72,24.1550384648144,14.2066622328942,1,C,258,4
259.273076327216,72,24.5126823848113,47.4873176151887,0,I,259,4
86.0739740829727,72,24.5299798669294,47.4700201330707,0,C,260,4
74.9769922746439,72,24.7538333153352,47.2461666846648,0,I,261,4
67.0566394555501,72,24.8014046391472,42.2552348164029,1,C,262,4
30.1762378221649,72,24.9527936428785,5.22344417928632,1,I,263,4
161.259376479776,72,25.0846944423392,46.9153055576608,0,C,264,4
89.4447498258603,66.8265279569108,25.1511534070596,41.6753745498511,0,I,265,4
34.2473980136916,72,25.2709892531857,8.97640876050588,1,C,266,4
61.639671975066,50.6517534775322,25.4899439681321,25.1618095094,0,I,267,4
36.9483578066837,72,25.5545114725828,11.3938463341009,1,C,268,4
37.0738870090769,72,25.5785881401971,11.4952988688798,1,I,269,4
28.8118922099466,48.9362450475177,25.5971429077908,3.21474930215577,1,C,270,4
72.4528669985401,72,25.6527862418443,46.3472137581557,0,I,271,4
218.536155529889,72,25.6554516032338,46.3445483967662,0,C,272,4
56.1034490528321,72,25.7268498139456,30.3765992388865,1,I,273,4
41.4474611799141,72,25.9149891184643,15.5324720614498,1,C,274,4
38.2326154824112,72,26.1199630005285,12.1126524818827,1,I,275,4
148.303775683297,72,26.158235790208,45.841764209792,0,C,276,4
33.6829404924287,72,26.2035469757393,7.47939351668944,1,I,277,4
100.74802748218,72,26.2174950633198,45.7825049366802,0,C,278,4
311.401999292017,72,26.2445453647524,45.7554546352476,0,I,279,4
32.9335097871298,72,26.255296356976,6.67821343015378,1,C,280,4
103.445713457595,72,26.5274712117389,45.4725287882611,0,I,281,4
242.650140477391,51.5914159733809,26.6757620126009,24.91565396078,0,C,282,4
146.548673504726,42.4197086835312,26.7022917838767,15.7174168996545,0,I,283,4
59.2302500017994,72,26.7066488787532,32.5236011230462,1,C,284,4
44.0001212651474,72,26.8742588767782,17.1258623883693,1,I,285,4
59.7850298111638,72,26.8907032767311,32.8943265344327,1,C,286,4
111.616673055036,72,27.0101407309994,44.9898592690006,0,I,287,4
79.1535430415554,72,27.14925322216,44.85074677784,0,C,288,4
175.284065321798,66.7246252600905,27.2355875652283,39.4890376948622,0,I,289,4
155.263258199489,72,27.3160251276568,44.6839748723432,0,C,290,4
35.0533170535324,72,27.6842105342075,7.3691065193249,1,I,291,4
31.4633600239679,72,27.9427254153416,3.52063460862632,1,C,292,4
33.5689235013251,72,27.9732322599739,5.59569124135119,1,I,293,4
89.996989317,70.5055760464039,28.1016704253852,42.4039056210186,0,C,294,4
226.187692067886,72,28.1614587642252,43.8385412357748,0,I,295,4
39.1887863196264,72,28.3011202840135,10.8876660356129,1,C,296,4
116.231611403164,72,28.4846496535465,43.5153503464535,0,I,297,4
148.426633529288,72,28.490575896576,43.509424103424,0,C,298,4
61.8415529857187,72,28.5842637671158,33.2572892186029,1,I,299,4
167.919664828469,59.9649599068074,28.7174687767401,31.2474911300673,0,C,300,4
49.0696672994377,64.7021531509443,28.7359944311902,20.3336728682475,1,I,301,4
29.545639995431,72,28.8277250574902,0.71791493794087,1,C,302,4
81.3367470667798,72,28.891504118219,43.108495881781,0,I,303,4
52.4112309870609,72,28.9325564866886,23.4786745003723,1,C,304,4
110.176886696859,72,29.0023076534271,42.9976923465729,0,I,305,4
129.084557650924,72,29.1110616736114,42.8889383263886,0,C,306,4
84.6457560557093,72,29.1305142408237,42.8694857591763,0,I,307,4
74.86059734791,72,29.1741182841361,42.8258817158639,0,C,308,4
29.3179905108332,72,29.2743577994406,0.0436327113925691,1,I,309,4
48.7158269975582,72,29.406552426517,19.3092745710412,1,C,310,4
115.232134392182,72,29.4439230719581,42.5560769280419,0,I,311,4
34.6372437332855,72,29.4500562921166,5.18718744116884,1,C,312,4
45.707469568819,72,29.5957493316382,16.1117202371808,1,I,313,4
88.5503541577918,72,29.6008148929104,42.3991851070896,0,C,314,4
85.761099026916,46.9957088696527,29.7177903167903,17.2779185528624,0,I,315,4
68.7269913829031,72,29.7449680790305,38.9820233038726,1,C,316,4
53.49093774401,69.4170947724745,29.8190390272066,23.6718987168034,1,I,317,4
132.509516087287,72,29.9879625532776,42.0120374467224,0,C,318,4
56.4108887073348,72,30.1577670034021,26.2531217039327,1,I,319,4
50.2519312642298,72,30.1903554378077,20.061575826422,1,C,320,4
65.4534562827046,72,30.2151043899357,35.2383518927688,1,I,321,4
36.3216340976492,72,30.3630941687152,5.95853992893405,1,C,322,4
33.5258526503431,31.3328256428542,30.4015641007572,0.931261542096973,0,I,323,4
39.3832402978757,72,30.7220834121108,8.66115688576489,1,C,324,4
62.6605417802558,72,30.7643480831757,31.89619369708,1,I,325,4
52.6194489271485,63.2235378330122,31.2563552800566,21.3630936470919,1,C,326,4
58.7678180834755,72,31.3749399594963,27.3928781239793,1,I,327,4
70.3766796713529,72,31.4761490933597,38.9005305779931,1,C,328,4
34.9680192306861,72,31.5061609027907,3.46185832789534,1,I,329,4
138.048328226748,72,31.6330903116614,40.3669096883386,0,C,330,4
75.4638404439731,72,31.6931395651773,40.3068604348227,0,I,331,4
41.9423537655012,72,31.7454896913841,10.1968640741171,1,C,332,4
71.4666707426826,72,31.9913906604052,39.4752800822775,1,I,333,4
163.363552027265,72,32.1274558268487,39.8725441731513,0,C,334,4
95.8141518282664,72,32.2250489098951,39.7749510901049,0,I,335,4
74.7483930068831,72,32.2382154129446,39.7617845870554,0,C,336,4
78.2380075342535,72,32.2676719632,39.7323280368,0,I,337,4
34.6339305034926,72,32.2969496855512,2.33698081794134,1,C,338,4
184.188676384144,72,32.3577030468732,39.6422969531268,0,I,339,4
50.0811618028825,72,32.3652798961848,17.7158819066977,1,C,340,4
155.813979318149,72,32.5504547310993,39.4495452689007,0,I,341,4
38.6107482688312,72,32.6226163096726,5.98813195915863,1,C,342,4
94.9822229064123,72,32.6450060773641,39.3549939226359,0,I,343,4
265.476071863839,72,32.695778911002,39.304221088998,0,C,344,4
103.365911144624,72,32.7386745158583,39.2613254841417,0,I,345,4
155.64253123751,42.1624886979306,32.7681911503896,9.39429754754097,0,C,346,4
119.414501080777,72,32.9392169695348,39.0607830304652,0,I,347,4
54.2256124560089,72,33.0358521267772,21.1897603292317,1,C,348,4
178.358999058144,72,33.0881259636953,38.9118740363047,0,I,349,4
68.4577560550929,72,33.2425341987982,35.2152218562947,1,C,350,4
113.65860108054,72,33.5223571630195,38.4776428369805,0,I,351,4
57.1358801796579,72,33.6648636404425,23.4710165392155,1,C,352,4
51.4242114642261,72,33.7091458914802,17.7150655727459,1,I,353,4
59.427780419833,72,33.7886352511123,25.6391451687207,1,C,354,4
104.901939599673,72,33.9018559735268,38.0981440264732,0,I,355,4
34.8526560920461,72,34.069959204644,0.782696887402131,1,C,356,4
54.9973221280028,72,34.2903156392276,20.7070064887752,1,I,357,4
65.9908945264106,72,34.347736844793,31.6431576816176,1,C,358,4
63.0693067264454,72,34.7720728442073,28.2972338822381,1,I,359,4
45.9665872588471,72,34.8010154999793,11.1655717588678,1,C,360,4
95.3297126801256,58.4160395100601,34.8928966652602,23.5231428447999,0,I,361,4
41.5168431329745,72,34.9542168807238,6.56262625225064,1,C,362,4
57.6877064424202,72,34.9647600017488,22.7229464406714,1,I,363,4
54.1277062587858,72,34.9863977869973,19.1413084717885,1,C,364,4
129.540170476507,72,35.1196401519701,36.8803598480299,0,I,365,4
80.1782400543008,72,35.1232834160328,36.8767165839672,0,C,366,4
215.562166515872,72,35.2275853045285,36.7724146954715,0,I,367,4
136.648547342789,72,35.3750864462927,36.6249135537073,0,C,368,4
78.837956540613,39.0266008897877,35.4020816646516,3.62451922513606,0,I,369,4
43.0131456155588,72,36.3450329750776,6.66811264048116,1,C,370,4
193.595468494913,72,36.6420052293688,35.3579947706312,0,I,371,4
41.0677935522278,72,36.8370489031076,4.23074464912014,1,C,372,4
45.047826197442,72,36.8765102187172,8.17131597872483,1,I,373,4
78.629514584731,72,36.9017486041412,35.0982513958588,0,C,374,4
213.441744991875,54.0281070876904,36.9406302133575,17.0874768743329,0,I,375,4
41.7985454127598,62.0243109122304,36.9842183450237,4.81432706773612,1,C,376,4
56.8278718594601,61.9910979380923,37.017300655134,19.810571204326,1,I,377,4
72.9098701741923,72,37.0645910874009,34.9354089125991,0,C,378,4
44.4024018741355,72,37.2773580020294,7.12504387210613,1,I,379,4
103.467716818114,72,37.3050672607496,34.6949327392504,0,C,380,4
84.7805878069524,72,37.5721670826897,34.4278329173103,0,I,381,4
120.506965382696,72,37.6926886243746,34.3073113756254,0,C,382,4
97.420892258887,72,37.9414923582226,34.0585076417774,0,I,383,4
55.0454564070306,72,38.2052365830168,16.8402198240138,1,C,384,4
104.464095201662,72,38.4575382806361,33.5424617193639,0,I,385,4
55.0405283070668,72,38.5332299536094,16.5072983534573,1,C,386,4
146.064813762587,72,38.6229917686433,33.3770082313567,0,I,387,4
100.962941067923,72,38.7984689511359,33.2015310488641,0,C,388,4
168.38509626718,72,38.8674556324258,33.1325443675742,0,I,389,4
48.7760626628509,72,39.0200820704922,9.75598059235869,1,C,390,4
53.4029468056851,72,39.0207166783512,14.3822301273339,1,I,391,4
90.234806158504,72,39.0283589344472,32.9716410655528,0,C,392,4
63.9184588241405,72,39.0767358709127,24.8417229532278,1,I,393,4
61.6001862926374,46.2166075670896,39.0941748255864,7.12243274150325,0,C,394,4
48.7875173957804,72,39.3756286706775,9.4118887251029,1,I,395,4
69.9674733423186,72,39.4105096254498,30.5569637168688,1,C,396,4
130.153126011692,66.4031597172714,39.4646170875058,26.9385426297657,0,I,397,4
71.4907092135712,72,39.4846586370841,32.0060505764871,1,C,398,4
132.178472419218,72,39.4895665626973,32.5104334373027,0,I,399,4
70.5362044684361,72,39.5609498256817,30.9752546427543,1,C,400,4
61.5559893813282,72,39.5777566311881,21.9782327501401,1,I,401,4
77.6538770068025,52.1539322323614,39.796500178054,12.3574320543074,0,C,402,4
84.6312744971548,72,39.9393132235855,32.0606867764145,0,I,403,4
119.578802992042,72,40.0247125513852,31.9752874486148,0,C,404,4
46.4948082233132,72,40.0399216683581,6.45488655495505,1,I,405,4
56.5364233512484,72,40.2132858848199,16.3231374664285,1,C,406,4
48.7275017096064,72,40.2595481229946,8.46795358661178,1,I,407,4
82.6155066584227,70.6648850728392,40.2999171707779,30.3649679020613,0,C,408,4
121.9181327411,66.7185146564065,40.3795859729871,26.3389286834194,0,I,409,4
44.5727131187398,72,40.5745052453131,3.99820787342673,1,C,410,4
83.0061128257839,48.3438943050938,40.6108936993405,7.73300060575329,0,I,411,4
82.271549700063,72,40.8060032408685,31.1939967591316,0,C,412,4
56.4006240405662,47.1335732334846,40.8647848991677,6.26878833431685,0,I,413,4
58.2519686186113,72,40.9994165506214,17.2525520679899,1,C,414,4
53.5198042103138,72,41.0212738998234,12.4985303104904,1,I,415,4
80.4741095401878,72,41.0393100650981,30.9606899349019,0,C,416,4
191.47670215766,72,41.3780952896923,30.6219047103077,0,I,417,4
47.5700459230559,72,41.4273500209674,6.14269590208849,1,C,418,4
76.5526728387927,72,41.5048738243058,30.4951261756942,0,I,419,4
114.141925587495,72,41.6574676986784,30.3425323013216,0,C,420,4
50.3047472984411,50.1024612767858,41.6868592752144,8.41560200157143,0,I,421,4
81.9108802486828,72,41.7214459693059,30.2785540306941,0,C,422,4
48.1502575844948,72,41.7510045832023,6.39925300129245,1,I,423,4
105.353244114739,72,42.0623040804639,29.9376959195361,0,C,424,4
55.3138807105962,70.2471615730933,42.064258614555,13.2496220960412,1,I,425,4
60.3461421438418,72,42.2254643496126,18.1206777942292,1,C,426,4
53.7338808539985,72,42.2499559633434,11.4839248906551,1,I,427,4
56.6527701707217,72,42.3254341632128,14.327336007509,1,C,428,4
132.346718303272,72,42.4469329509884,29.5530670490116,0,I,429,4
79.0056927054235,72,42.5071921711788,29.4928078288212,0,C,430,4
47.9895659223081,66.5021335005773,42.8620598372072,5.12750608510086,1,I,431,4
198.960269936367,72,42.9853778611869,29.0146221388131,0,C,432,4
65.2652254871989,72,43.0705440882593,22.1946813989396,1,I,433,4
54.3429677020225,59.4772362374601,43.1692358991131,11.1737318029094,1,C,434,4
68.8426362741549,72,43.614755300805,25.2278809733499,1,I,435,4
90.6867261792877,72,43.7273413874209,28.2726586125791,0,C,436,4
237.906625577807,72,43.7315113563091,28.2684886436909,0,I,437,4
75.1873868888884,72,43.7685771100223,28.2314228899777,0,C,438,4
75.1475193056132,66.9466636434795,44.0396619541571,22.9070016893225,0,I,439,4
86.634959193981,72,44.0785029390827,27.9214970609173,0,C,440,4
47.6113596742864,72,44.0921850409359,3.51917463335052,1,I,441,4
81.014227478775,72,44.1823687171564,27.8176312828437,0,C,442,4
55.8064783592051,72,44.1907196072862,11.615758751919,1,I,443,4
46.6004929236841,72,44.2391781695187,2.3613147541654,1,C,444,4
106.367444661821,72,44.3848181096837,27.6151818903163,0,I,445,4
87.9342733024058,72,44.4184057088569,27.5815942911431,0,C,446,4
110.678531775666,72,44.4403352960944,27.5596647039056,0,I,447,4
48.3238790187075,47.8298457903629,44.4685960002244,3.36124979013858,0,C,448,4
168.572299015019,72,44.5879100868478,27.4120899131522,0,I,449,4
51.7600418782505,72,44.7149254661053,7.04511641214513,1,C,450,4
90.4008959005228,72,44.8306088335812,27.1693911664188,0,I,451,4
49.9027822671059,72,44.8615483101457,5.04123395696012,1,C,452,4
91.8658783147446,72,44.9250161508098,27.0749838491902,0,I,453,4
63.1886470082434,72,45.1204962283373,18.0681507799062,1,C,454,4
103.918473774224,72,45.2217991836369,26.7782008163631,0,I,455,4
95.969968275294,72,45.3614246612415,26.6385753387585,0,C,456,4
55.1483347654839,72,45.3935433877632,9.75479137772067,1,I,457,4
214.493729806184,72,45.4566508485004,26.5433491514996,0,C,458,4
92.0438171241988,72,45.5226067313924,26.4773932686076,0,I,459,4
55.0958766720983,72,45.6263376167044,9.46953905539385,1,C,460,4
84.1798709645826,72,45.6548520550132,26.3451479449868,0,I,461,4
53.6760721361641,72,45.6881922762841,7.98787985987996,1,C,462,4
49.3198210317414,56.5710990069544,45.7014936301857,3.61832740155563,1,I,463,4
130.046992882506,72,45.759095591493,26.2409044085071,0,C,464,4
129.441578397081,72,46.1262272810563,25.8737727189437,0,I,465,4
156.91279990502,55.2665283046856,46.2023058487102,9.06422245597538,0,C,466,4
57.7297678331795,72,46.2607333017513,11.4690345314282,1,I,467,4
173.17047749261,72,46.3610293110833,25.6389706889167,0,C,468,4
145.500431057304,72,46.6463939566165,25.3536060433835,0,I,469,4
89.6183998005013,72,46.6820764867589,25.3179235132411,0,C,470,4
48.1941788504783,51.3695880875343,47.2871860675514,0.906992782926869,1,I,471,4
88.1239291711307,72,47.400075676851,24.599924323149,0,C,472,4
48.1722850543446,72,47.4520180933178,0.720266961026869,1,I,473,4
118.945269365895,72,47.5690699182451,24.4309300817549,0,C,474,4
111.475918950173,72,47.6842475635931,24.3157524364069,0,I,475,4
304.129450280598,72,47.8830228187144,24.1169771812856,0,C,476,4
76.7726014852213,72,48.200351963751,23.799648036249,0,I,477,4
122.40645043554,72,48.2573009328917,23.7426990671083,0,C,478,4
95.0895542410945,72,48.3509527333081,23.6490472666919,0,I,479,4
50.7419626547327,72,48.4790815366432,2.26288111808946,1,C,480,4
234.335990727413,72,48.528826595284,23.471173404716,0,I,481,4
133.571528202668,72,48.8184667378664,23.1815332621336,0,C,482,4
56.2676105838526,72,48.8865924021229,7.38101818172969,1,I,483,4
49.6404052192023,72,48.9031852874905,0.737219931711836,1,C,484,4
69.1900137304649,72,49.0339277079329,20.156086022532,1,I,485,4
148.778140369312,72,49.245366579853,22.754633420147,0,C,486,4
206.750889971769,72,49.3758960999548,22.6241039000452,0,I,487,4
60.6342338091763,72,49.4833119213581,11.1509218878181,1,C,488,4
78.5674254319769,72,49.534729141742,22.465270858258,0,I,489,4
116.312076403301,72,49.6378198591992,22.3621801408008,0,C,490,4
84.7524607897873,72,49.6603657538071,22.3396342461929,0,I,491,4
54.8149239859325,72,49.6605800790712,5.15434390686127,1,C,492,4
53.4727772556704,72,49.766903417185,3.70587383848546,1,I,493,4
80.6428625219006,72,49.8309393692762,22.1690606307238,0,C,494,4
161.455026164422,72,49.961442318745,22.038557681255,0,I,495,4
176.171025511358,53.2957098212251,49.9844463961199,3.31126342510515,0,C,496,4
58.3242445136648,72,50.1737087219954,8.15053579166945,1,I,497,4
110.570374042802,72,50.3959796391428,21.6040203608573,0,C,498,4
116.492080834576,72,50.5007799016312,21.4992200983688,0,I,499,4
97.3260811116305,72,50.5755258724093,21.4244741275907,0,C,500,4
77.2510358335719,72,50.739140259102,21.260859740898,0,I,501,4
204.655592941598,71.079448128167,50.8869999367744,20.1924481913926,0,C,502,4
85.2265940435347,72,50.8883093157783,21.1116906842217,0,I,503,4
61.0151506012978,72,50.9438743349165,10.0712762663813,1,C,504,4
98.0174779330728,60.4269415487591,50.9766343608499,9.45030718790926,0,I,505,4
78.8883198171765,66.4732348174673,50.9827106120065,15.4905242054608,0,C,506,4
87.4543757085948,59.6739158995548,51.0680816788226,8.60583422073217,0,I,507,4
184.23611724199,72,51.1244870536029,20.8755129463971,0,C,508,4
120.219067358202,53.9106711307696,51.4593171514571,2.45135397931254,0,I,509,4
64.4492373695527,72,51.6758672241122,12.7733701454405,1,C,510,4
88.4050293738807,71.534077246592,51.9272403605282,19.6068368860638,0,I,511,4
129.437694099619,71.4246231575097,51.9564744411036,19.468148716406,0,C,512,4
126.228240510226,72,52.009450905025,19.990549094975,0,I,513,4
128.690297431524,72,52.2187987715006,19.7812012284994,0,C,514,4
70.7485568475067,72,52.4659223947674,18.2826344527393,1,I,515,4
76.5422739054895,72,52.9207192920148,19.0792807079852,0,C,516,4
59.2762624054412,72,53.0331938853487,6.24306852009245,1,I,517,4
62.7584538246888,72,53.063953416422,9.69450040826684,1,C,518,4
107.144748519076,72,53.1142782373354,18.8857217626646,0,I,519,4
66.2978274878081,70.440559359613,53.2528650853783,13.0449624024298,1,C,520,4
58.3861415824556,72,53.3163078082725,5.06983377418302,1,I,521,4
270.994694746871,72,53.3409209595993,18.6590790404007,0,C,522,4
163.329105980387,72,53.3689295500517,18.6310704499483,0,I,523,4
64.044223330364,72,53.4043967770413,10.6398265533228,1,C,524,4
70.5600578253021,72,53.6518518067896,16.9082060185124,1,I,525,4
74.1180528960729,72,53.6553652910516,18.3446347089484,0,C,526,4
86.8417901879539,68.5249367234666,53.7111118063331,14.8138249171335,0,I,527,4
313.503043930991,72,53.857307578437,18.142692421563,0,C,528,4
155.810230271766,72,53.9337613340467,18.0662386659533,0,I,529,4
54.9654180668037,72,53.9538788236678,1.01153924313591,1,C,530,4
137.036732784194,72,54.210894475691,17.789105524309,0,I,531,4
76.4097654317774,72,54.2460547573865,17.7539452426136,0,C,532,4
79.7445080640089,72,54.4282911485061,17.5717088514939,0,I,533,4
55.4907162648322,59.2616028090796,54.4416982261464,1.04901803868574,1,C,534,4
89.3495296687221,72,54.45659392979,17.54340607021,0,I,535,4
58.7841011680912,72,54.5240343734622,4.26006679462903,1,C,536,4
105.048224793477,72,54.7128249378875,17.2871750621125,0,I,537,4
63.8866694209682,72,54.7231985908002,9.16347083016806,1,C,538,4
101.974238762242,72,54.9954699072987,17.0045300927013,0,I,539,4
77.3145612342474,70.4962984302796,55.1483056833968,15.3479927468828,0,C,540,4
124.440049281378,72,55.22104898002,16.77895101998,0,I,541,4
91.0906271786186,72,55.4345182143152,16.5654817856848,0,C,542,4
148.306787085415,72,55.844274382107,16.155725617893,0,I,543,4
106.683481219947,72,56.1268723709509,15.8731276290491,0,C,544,4
83.0752400241967,72,56.2378096673638,15.7621903326362,0,I,545,4
146.792792803401,72,56.2807040149346,15.7192959850654,0,C,546,4
132.269848581535,72,56.3440340291709,15.6559659708291,0,I,547,4
105.467263329916,72,56.5641590254381,15.4358409745619,0,C,548,4
102.511496778412,69.4911602134209,56.8255755538121,12.6655846596088,0,I,549,4
68.5729667667955,72,56.8362883245572,11.7366784422383,1,C,550,4
211.154943632267,72,56.930466061458,15.069533938542,0,I,551,4
81.5861230828259,72,57.0148297213018,14.9851702786982,0,C,552,4
137.021937685614,72,57.3361954512075,14.6638045487925,0,I,553,4
77.1797477867345,72,57.4072358524427,14.5927641475573,0,C,554,4
137.096761356819,72,57.7139090979472,14.2860909020528,0,I,555,4
69.2737725788018,72,57.8470459068194,11.4267266719824,1,C,556,4
62.6432557611244,72,58.0825496139005,4.56070614722391,1,I,557,4
70.5965906148345,72,58.1651036348194,12.4314869800151,1,C,558,4
96.004736085816,72,58.2788954582065,13.7211045417935,0,I,559,4
89.0535580869628,72,58.2963699661195,13.7036300338805,0,C,560,4
116.677095354726,72,58.307870272547,13.692129727453,0,I,561,4
123.908455600388,72,58.4823460131884,13.5176539868116,0,C,562,4
82.1273502082505,72,58.4911411441863,13.5088588558137,0,I,563,4
91.6961543474691,72,58.8159685023129,13.1840314976871,0,C,564,4
186.745790977613,72,58.8467505946755,13.1532494053245,0,I,565,4
238.794894437153,72,58.8568985229358,13.1431014770642,0,C,566,4
174.706365798928,72,58.9320309553295,13.0679690446705,0,I,567,4
140.139326370338,62.3699727431204,58.940887064673,3.42908567844734,0,C,568,4
181.548066276798,72,58.9517041482031,13.0482958517969,0,I,569,4
130.51780881799,72,58.9633041853085,13.0366958146915,0,C,570,4
108.972883987522,72,59.0542806498706,12.9457193501294,0,I,571,4
183.542464749866,72,59.1726451786235,12.8273548213765,0,C,572,4
89.8585422679582,72,59.2502013081685,12.7497986918315,0,I,573,4
207.557525189113,72,59.3826600629836,12.6173399370164,0,C,574,4
87.716342398686,63.5173236525733,59.5464726537466,3.97085099882665,0,I,575,4
101.031172143871,72,59.5594141865149,12.4405858134851,0,C,576,4
110.682497509963,72,59.6533322241157,12.3466677758843,0,I,577,4
71.2086516485624,72,59.6806277381256,11.5280239104367,1,C,578,4
73.1294471109703,72,59.9989911401644,12.0010088598356,0,I,579,4
5.25789153233838,65.874788859298,0.134506886824965,5.12338464551341,1,C,1,5
14.3891330714146,10.6097622264412,0.152093935757875,10.4576682906833,0,I,2,5
230.124464184205,72,0.234901467338204,71.7650985326618,0,C,3,5
97.7798805047268,72,0.250280499458313,71.7497195005417,0,I,4,5
40.1486681693917,72,0.279174302704632,39.869493866687,1,C,5,5
12.039575944458,72,0.595853431150317,11.4437225133077,1,I,6,5
73.8308976194355,72,0.665255701169372,71.3347442988306,0,C,7,5
151.812860145041,15.6139754240117,0.672136838547885,14.9418385854638,0,I,8,5
2.11802672553533,38.5870161828566,0.789508880116046,1.32851784541929,1,C,9,5
26.3628689044856,72,0.950735611841083,25.4121332926445,1,I,10,5
27.3989901638444,14.7550932384329,0.978237264789641,13.7768559736433,0,C,11,5
5.95739369004599,72,1.00712387356907,4.95026981647692,1,I,12,5
22.7552085790061,72,1.03333708830178,21.7218714907043,1,C,13,5
24.4979337704768,72,1.08635389711708,23.4115798733598,1,I,14,5
36.3003381659693,72,1.10876660328358,35.1915715626857,1,C,15,5
19.0298009890304,72,1.24374873004854,17.7860522589819,1,I,16,5
14.1939952369444,72,1.26208830624819,12.9319069306962,1,C,17,5
47.2418827816485,72,1.27485120669007,45.9670315749584,1,I,18,5
2.52093122310709,72,1.2811156315729,1.23981559153419,1,C,19,5
57.3600072556777,72,1.5195376239717,55.840469631706,1,I,20,5
122.535757398167,72,1.60689117852598,70.393108821474,0,C,21,5
57.5376988343756,72,1.62185263819993,55.9158461961757,1,I,22,5
18.3674181681553,72,1.92497247364372,16.4424456945116,1,C,23,5
78.4943011094624,72,1.99058571830392,70.0094142816961,0,I,24,5
32.3008089123769,72,2.19644720200449,30.1043617103724,1,C,25,5
35.5041606185791,72,2.32224945444614,33.1819111641329,1,I,26,5
120.946000244833,72,2.38804623484612,69.6119537651539,0,C,27,5
31.8463919582204,72,3.04525775369257,28.8011342045278,1,I,28,5
19.0300595069068,72,3.0762166203931,15.9538428865137,1,C,29,5
180.551299744033,38.2297495860977,3.12278078868985,35.1069687974078,0,I,30,5
142.914117491177,72,3.16752957645804,68.832470423542,0,C,31,5
146.130924969874,72,3.21825069375336,68.7817493062466,0,I,32,5
54.0413301447388,72,3.41353137977421,50.6277987649646,1,C,33,5
64.4820944269012,72,3.56900216080248,60.9130922660987,1,I,34,5
93.7038186110754,72,3.79045841284096,68.209541587159,0,C,35,5
29.8131085130428,72,3.80083884112537,26.0122696719174,1,I,36,5
78.4222674129545,72,3.83551378268749,68.1644862173125,0,C,37,5
50.3162673409501,72,3.85302878916264,46.4632385517875,1,I,38,5
62.8339325318363,72,3.90370273031294,58.9302298015233,1,C,39,5
36.397152168386,12.6140017766751,3.99804961401969,8.61595216265542,0,I,40,5
38.7016412607564,72,4.027702328749,34.6739389320074,1,C,41,5
16.7960714786955,72,4.07921807840467,12.7168534002908,1,I,42,5
17.2934094981041,36.6163887400427,4.16723594069481,13.1261735574093,1,C,43,5
12.6008616257195,16.7176678518473,4.29993698839098,8.30092463732853,1,I,44,5
51.0925993667361,72,4.30838837753981,46.7842109891963,1,C,45,5
36.8050167186476,72,4.31773513555527,32.4872815830923,1,I,46,5
54.7037119500714,16.1189338530999,4.38598189037293,11.7329519627269,0,C,47,5
51.4955077649519,72,4.57505414262414,46.9204536223277,1,I,48,5
35.6642432435005,72,4.58181709516794,31.0824261483325,1,C,49,5
123.549702931962,72,4.79625717736781,67.2037428226322,0,I,50,5
153.349012721587,65.7547812299986,4.79734315071255,60.9574380792861,0,C,51,5
41.5825123659989,26.5281581119014,4.86125095747411,21.6669071544272,0,I,52,5
83.5962571596632,72,5.04380073398352,66.9561992660165,0,C,53,5
21.2430252567468,28.452899840092,5.07237754762173,16.1706477091251,1,I,54,5
85.5300592086798,67.9620340042539,5.18697244115174,62.7750615631022,0,C,55,5
82.5016396517254,72,5.88666795752943,66.1133320424706,0,I,56,5
56.4311703416043,72,6.24923423398286,50.1819361076214,1,C,57,5
70.0926932793816,72,6.31564275361598,63.7770505257657,1,I,58,5
100.607008057417,72,6.36542061343789,65.6345793865621,0,C,59,5
10.5378272750556,17.1430617543035,6.3801470445469,4.15768023050866,1,I,60,5
25.9915919819701,72,6.66817519348115,19.3234167884889,1,C,61,5
15.9991050091499,72,6.78523612674326,9.21386888240664,1,I,62,5
51.8261561811584,72,6.8399666575715,44.9861895235869,1,C,63,5
59.5325981194945,11.2209923302737,6.97799901477993,4.24299331549381,0,I,64,5
11.3928343621437,31.9220872576513,7.06162670161575,4.33120766052793,1,C,65,5
125.358245138874,31.052680352277,7.19013872556388,23.8625416267131,0,I,66,5
18.4954652216187,72,7.21043578349054,11.2850294381282,1,C,67,5
25.3953743302636,72,7.28492950089276,18.1104448293709,1,I,68,5
27.3491820472263,72,7.33568685594946,20.0134951912769,1,C,69,5
22.8561045707531,72,7.38308565225452,15.4730189184986,1,I,70,5
8.34244717331174,72,7.71543868817389,0.627008485137853,1,C,71,5
130.842161112741,72,7.78982253279537,64.2101774672046,0,I,72,5
73.0415273346249,72,7.90022085886449,64.0997791411355,0,C,73,5
47.0433246551325,72,7.96381149441004,39.0795131607225,1,I,74,5
53.3396689761017,24.3495940237687,8.05245037190616,16.2971436518625,0,C,75,5
45.026928559075,72,8.07928597088903,36.9476425881859,1,I,76,5
28.3801399700975,27.6656603210941,8.15392455551773,19.5117357655764,0,C,77,5
37.4465273843683,72,8.24538323096931,29.201144153399,1,I,78,5
32.369272891844,72,8.25732005294412,24.1119528388999,1,C,79,5
38.7284607937378,72,8.36849424988031,30.3599665438574,1,I,80,5
98.5910129562875,72,8.37783325463533,63.6221667453647,0,C,81,5
41.3586361417749,72,8.3971482468769,32.961487894898,1,I,82,5
95.4050603768553,72,8.40163171291351,63.5983682870865,0,C,83,5
11.8267087092094,33.3373348445093,8.44689765013754,3.37981105907191,1,I,84,5
72.242023990887,72,9.03931898530573,62.9606810146943,0,C,85,5
38.3061386658063,72,9.32778074406087,28.9783579217454,1,I,86,5
107.547367044541,72,9.36237878166139,62.6376212183386,0,C,87,5
231.577703803699,72,9.41424773074687,62.5857522692531,0,I,88,5
43.8260901079487,72,9.51976713258773,34.306322975361,1,C,89,5
19.2020007439483,72,9.54508926719427,9.65691147675399,1,I,90,5
28.3107645796123,72,9.59959999658167,18.7111645830306,1,C,91,5
48.3820504851232,72,9.8801760468632,38.50187443826,1,I,92,5
94.4813735994795,14.0009117807429,9.88170955795795,4.11920222278496,0,C,93,5
52.4466619857083,72,9.96683725621551,42.4798247294928,1,I,94,5
128.752700191685,35.8486168339839,9.99164873734117,25.8569680966427,0,C,95,5
73.7478538010174,41.2829351263519,10.0116165122017,31.2713186141502,0,I,96,5
122.389837381706,38.059381029816,10.2905420819297,27.7688389478863,0,C,97,5
60.6936415363336,72,10.3461683448404,50.3474731914932,1,I,98,5
85.6272860847487,46.3202438088793,10.3491540066898,35.9710898021895,0,C,99,5
83.9087279818769,72,10.3529070038348,61.6470929961652,0,I,100,5
65.1477289217479,72,10.3843197366223,54.7634091851256,1,C,101,5
25.7012739671557,72,10.4114624485374,15.2898115186184,1,I,102,5
213.512671277721,72,10.6573439436033,61.3426560563967,0,C,103,5
62.8134395766319,67.5235183638023,10.6576357455924,52.1558038310395,1,I,104,5
38.2979655710495,53.9697215741313,10.7528993999586,27.5450661710909,1,C,105,5
117.213344503459,72,10.7543032709509,61.2456967290491,0,I,106,5
182.349529990383,72,10.7585584837943,61.2414415162057,0,C,107,5
75.0400846456401,61.5050150951251,10.8860379550606,50.6189771400645,0,I,108,5
28.7145688984941,72,10.9895311715081,17.7250377269859,1,C,109,5
33.9048540930643,72,11.0806208336726,22.8242332593917,1,I,110,5
54.0127362532802,72,11.1263309977949,42.8864052554854,1,C,111,5
22.8287514955312,72,11.5181880444288,11.3105634511024,1,I,112,5
69.0039054034521,72,11.8073595967144,57.1965458067377,1,C,113,5
99.489570629825,24.7951010893413,11.8698851438239,12.9252159455174,0,I,114,5
124.701097213732,72,11.9567677471787,60.0432322528213,0,C,115,5
62.7038856439191,72,11.9719137623906,50.7319718815285,1,I,116,5
103.254244927862,14.319744989413,12.191261742264,2.12848324714892,0,C,117,5
211.989231108784,72,12.238291609101,59.761708390899,0,I,118,5
142.798083767041,70.3108278476469,12.3232119251043,57.9876159225426,0,C,119,5
86.9027589033903,72,12.3910081526265,59.6089918473736,0,I,120,5
38.18832762086,72,12.6083277119324,25.5799999089277,1,C,121,5
15.7453936167511,72,12.6583303604275,3.08706325632365,1,I,122,5
105.54410694071,16.758038078877,12.6688749343157,4.08916314456134,0,C,123,5
35.5180759947898,72,12.8077687975019,22.7103071972878,1,I,124,5
23.8525130753405,72,12.8089961316437,11.0435169436968,1,C,125,5
92.4080508618902,72,12.8633603453636,59.1366396546364,0,I,126,5
76.582743102768,72,12.8755029849708,59.1244970150292,0,C,127,5
22.5653584297832,72,12.9290412319824,9.63631719780082,1,I,128,5
62.4975248688537,72,13.2596591161564,49.2378657526973,1,C,129,5
50.8638749810475,72,13.3306829072535,37.533192073794,1,I,130,5
17.3135858051568,45.5774764335995,13.7697057891637,3.54388001599305,1,C,131,5
27.5108116509748,72,13.8016283232719,13.709183327703,1,I,132,5
37.2335137105238,72,13.8872761605307,23.3462375499931,1,C,133,5
155.973132936001,72,13.9916982036084,58.0083017963916,0,I,134,5
37.7892339908663,72,14.0090681053698,23.7801658854965,1,C,135,5
101.405704342232,27.0024963900921,14.1114471154287,12.8910492746634,0,I,136,5
30.1123481448502,72,14.1471831779927,15.9651649668575,1,C,137,5
193.294100270328,72,14.1611150605604,57.8388849394396,0,I,138,5
41.548310256742,26.9858889588611,14.266620632261,12.7192683266,0,C,139,5
88.6242349362912,67.4362583044782,14.4656111067161,52.9706471977621,0,I,140,5
53.9767741987786,72,14.7022288804874,39.2745453182912,1,C,141,5
94.7688464473153,72,14.7181933186948,57.2818066813052,0,I,142,5
154.452394090972,72,14.794780081138,57.205219918862,0,C,143,5
61.8749626239273,22.2886090159313,14.8244646191597,7.4641443967716,0,I,144,5
55.1561708744159,72,14.9094283115119,40.2467425629041,1,C,145,5
96.4076615470184,72,14.9574277130887,57.0425722869113,0,I,146,5
85.5520908397225,72,15.0394253432751,56.9605746567249,0,C,147,5
19.8664042216417,30.277424182365,15.3097827779129,4.55662144372883,1,I,148,5
46.3529026024624,72,15.3268135897815,31.0260890126809,1,C,149,5
60.3218499678701,72,15.358898146078,44.9629518217921,1,I,150,5
24.7229384452698,72,15.4081664420664,9.3147720032034,1,C,151,5
55.3324336662172,72,15.4208495188504,39.9115841473667,1,I,152,5
57.9966386717802,72,15.6738304998726,42.3228081719076,1,C,153,5
51.9855289513249,72,15.7488825917244,36.2366463596005,1,I,154,5
17.0345448481374,72,15.965941445902,1.0686034022354,1,C,155,5
45.7727604957242,72,16.3507110765204,29.4220494192038,1,I,156,5
19.8445398286903,72,16.4939965121448,3.35054331654552,1,C,157,5
16.8212198945967,72,16.5723942127079,0.248825681888777,1,I,158,5
110.976104558896,72,16.5841480158269,55.4158519841731,0,C,159,5
107.624974094419,72,16.6522758733481,55.3477241266519,0,I,160,5
60.2410149102988,72,16.7418346647173,43.4991802455815,1,C,161,5
78.3290866675276,20.8575686600034,16.9076961977407,3.9498724622627,0,I,162,5
111.22821697871,72,16.9652589876205,55.0347410123795,0,C,163,5
29.7065512469595,72,16.9775868952274,12.7289643517321,1,I,164,5
45.3623792331306,72,17.178743686527,28.1836355466036,1,C,165,5
65.439954232693,72,17.290499964729,48.1494542679641,1,I,166,5
102.780748058495,22.8881106956879,17.3244010191411,5.56370967654682,0,C,167,5
80.6226503918451,72,17.401348692365,54.598651307635,0,I,168,5
30.6434891573447,72,17.4904825212434,13.1530066361013,1,C,169,5
87.6015548787176,40.2907925014777,17.5106289004907,22.780163600987,0,I,170,5
91.7440356570359,32.7833236773814,17.5278437230736,15.2554799543078,0,C,171,5
80.5191518577359,72,17.6625217404217,54.3374782595784,0,I,172,5
45.5005000758165,72,17.697609490715,27.8028905851015,1,C,173,5
39.6514971727812,72,17.7745955949649,21.8769015778162,1,I,174,5
36.9172941642702,72,18.2065939670429,18.7107001972274,1,C,175,5
60.5793351235843,72,18.3215244021267,42.2578107214576,1,I,176,5
94.282114615009,72,18.3711685007438,53.6288314992562,0,C,177,5
44.5105666217252,72,18.4199923742563,26.090574247469,1,I,178,5
119.825686831775,72,18.4947446733713,53.5052553266287,0,C,179,5
161.051282453139,72,18.5452051274478,53.4547948725522,0,I,180,5
89.6428013620011,72,18.7181480973959,53.2818519026041,0,C,181,5
98.1012090013268,72,18.8011504942551,53.1988495057449,0,I,182,5
34.1184333231355,47.0653143059683,18.8911932427436,15.2272400803918,1,C,183,5
115.553958037369,49.65873472635,18.9844760997221,30.6742586266279,0,I,184,5
67.9216962973704,72,18.9871584065259,48.9345378908446,1,C,185,5
119.965731624564,25.6914483484039,19.0027820784599,6.68866626994408,0,I,186,5
99.0406633896655,72,19.1364959394559,52.8635040605441,0,C,187,5
21.2290747155982,72,19.3782212398946,1.85085347570354,1,I,188,5
68.7321987948736,72,19.4263082183898,49.3058905764839,1,C,189,5
25.5756967093671,72,19.7697846684605,5.80591204090662,1,I,190,5
22.2714200015424,72,19.8311430495232,2.44027695201912,1,C,191,5
29.8116800775742,72,19.9168583052233,9.89482177235095,1,I,192,5
76.0176945226016,72,19.9979243986309,52.0020756013691,0,C,193,5
67.3278434182644,72,20.0019403640181,47.3259030542463,1,I,194,5
150.884922724702,72,20.125204436481,51.874795563519,0,C,195,5
109.102243911012,72,20.3068222571164,51.6931777428836,0,I,196,5
29.7597701322219,72,20.5399412009865,9.2198289312354,1,C,197,5
135.165041197666,72,20.8639042591676,51.1360957408324,0,I,198,5
45.1230926136751,21.4935213404058,21.4655910898,0.0279302506058237,0,C,199,5
75.7194870576667,72,21.614671270363,50.385328729637,0,I,200,5
121.323220564523,72,21.9669500878081,50.0330499121919,0,C,201,5
73.2802728269495,72,22.0073636854067,49.9926363145933,0,I,202,5
52.1460733583852,22.6357460713597,22.1165788639337,0.519167207426005,0,C,203,5
91.6247887752749,72,22.1383336465806,49.8616663534194,0,I,204,5
67.187356982962,72,22.1536107547581,45.0337462282039,1,C,205,5
31.6166977243623,72,22.2134458087385,9.40325191562382,1,I,206,5
30.0996342624568,72,22.2215161984786,7.87811806397811,1,C,207,5
22.3880776888811,72,22.2949636727571,0.0931140161239176,1,I,208,5
30.4110513883107,72,22.351410468109,8.05964092020176,1,C,209,5
111.865860035686,72,22.3672849405557,49.6327150594443,0,I,210,5
62.2083929232863,72,22.4299297621474,39.7784631611389,1,C,211,5
153.158455684584,72,22.5174058740959,49.4825941259041,0,I,212,5
120.89337941449,72,22.7899264823645,49.2100735176355,0,C,213,5
74.8333525965535,72,22.9272818053141,49.0727181946859,0,I,214,5
146.740195636255,72,23.2061492046341,48.7938507953659,0,C,215,5
152.314663314198,72,23.2449606573209,48.7550393426791,0,I,216,5
26.9832544567719,72,23.491724752821,3.49152970395087,1,C,217,5
132.485043102841,72,23.4937481023371,48.5062518976629,0,I,218,5
117.865222027638,72,23.5271166684106,48.4728833315894,0,C,219,5
46.4831931858251,72,23.571291519329,22.9119016664962,1,I,220,5
29.0134798638022,72,23.6383971758187,5.37508268798352,1,C,221,5
70.5295018545246,72,23.7616685405374,46.7678333139872,1,I,222,5
93.6888708172896,65.6665384811654,23.9267538534477,41.7397846277177,0,C,223,5
25.4905798606013,72,23.9489395078272,1.54164035277409,1,I,224,5
69.4913823341681,72,23.999969442375,45.4914128917931,1,C,225,5
26.8177222269333,72,24.1877574613318,2.62996476560152,1,I,226,5
37.8430065281533,72,24.2163853207603,13.626621207393,1,C,227,5
25.5615883576179,72,24.3520953319967,1.20949302562125,1,I,228,5
65.4034969780349,72,24.4507896853611,40.9527072926738,1,C,229,5
82.1806816209644,72,24.4829279277474,47.5170720722526,0,I,230,5
181.639459410821,72,24.5393587835133,47.4606412164867,0,C,231,5
37.8452390840033,72,24.5529570803046,13.2922820036987,1,I,232,5
86.8045514539678,43.4523296139091,24.5846549794078,18.8676746345013,0,C,233,5
98.1056732719537,71.7428002510188,24.5860478980467,47.1567523529721,0,I,234,5
50.0831961460575,72,24.6324898581952,25.4507062878623,1,C,235,5
53.3591474987223,72,24.6586452936754,28.7005022050469,1,I,236,5
57.9457181412506,44.8127982583496,24.6662567881867,20.1465414701628,0,C,237,5
41.3631668172158,72,24.9212014954537,16.4419653217621,1,I,238,5
100.915245541995,72,25.4722670931369,46.5277329068631,0,C,239,5
43.1725024770831,72,25.488405986689,17.684096490394,1,I,240,5
111.896889942239,63.0686855361781,25.5251673096791,37.543518226499,0,C,241,5
29.2170210123116,72,25.5691220238805,3.64789898843113,1,I,242,5
54.4332505366784,72,25.9149968717247,28.5182536649536,1,C,243,5
43.1963454335697,39.1159413425438,25.9729022718966,13.1430390706472,0,I,244,5
103.069788129684,72,26.2045340007171,45.7954659992829,0,C,245,5
223.871471481484,72,26.2574918987229,45.7425081012771,0,I,246,5
88.1123639732707,72,26.2751268222928,45.7248731777072,0,C,247,5
121.199950616043,57.9350331916992,26.4462727820501,31.4887604096492,0,I,248,5
38.3731162922208,72,26.7396060889587,11.6335102032621,1,C,249,5
82.8451484477272,68.2240189212136,26.7753406288102,41.4486782924033,0,I,250,5
28.3596798611987,72,26.9280076632276,1.43167219797104,1,C,251,5
28.8858844473085,72,26.935252812691,1.95063163461746,1,I,252,5
82.5579729191059,66.8655895567476,26.9721319992095,39.8934575575381,0,C,253,5
116.927261686559,72,26.9869376113638,45.0130623886362,0,I,254,5
50.6371507346478,72,27.1375007601455,23.4996499745024,1,C,255,5
63.8822147853942,72,27.1661857422441,36.7160290431501,1,I,256,5
87.9255547517114,72,27.251094407402,44.748905592598,0,C,257,5
109.93951702449,72,27.4316344549879,44.5683655450121,0,I,258,5
74.8263605477742,31.1904469656723,27.4863450229168,3.70410194275553,0,C,259,5
45.4328276087055,72,27.5238080509007,17.9090195578048,1,I,260,5
118.010685377538,72,27.7763363951817,44.2236636048183,0,C,261,5
58.3170595928148,72,27.8274729195982,30.4895866732166,1,I,262,5
144.039528850388,72,27.8557436401024,44.1442563598976,0,C,263,5
66.4368372444186,72,27.8688402101398,38.5679970342789,1,I,264,5
53.9786096084767,69.1903922495463,27.9530577734113,26.0255518350654,1,C,265,5
86.5376728185603,72,27.9674518061802,44.0325481938198,0,I,266,5
52.4029413821444,72,28.0734982341528,24.3294431479916,1,C,267,5
57.1295399334684,72,28.2787050073966,28.8508349260718,1,I,268,5
98.9676520408196,72,28.3676390536129,43.6323609463871,0,C,269,5
65.7097000491093,72,28.3751813136041,37.3345187355052,1,I,270,5
122.974706790256,72,28.4222324565053,43.5777675434947,0,C,271,5
110.743090766089,72,28.6660863971338,43.3339136028662,0,I,272,5
64.1051377735736,72,28.7316112965345,35.3735264770391,1,C,273,5
39.4854462131648,72,28.9505585096777,10.5348877034871,1,I,274,5
54.8968180529245,72,29.0193685982376,25.8774494546868,1,C,275,5
90.269744290644,72,29.0873406780884,42.9126593219116,0,I,276,5
87.5303780505808,38.6469730353227,29.0928873885423,9.55408564678043,0,C,277,5
81.8244201478464,40.7707255409042,29.2859061202034,11.4848194207008,0,I,278,5
96.8923808024976,29.7519978527156,29.3570946995169,0.394903153198687,0,C,279,5
84.5698212131923,72,29.3819435918704,42.6180564081296,0,I,280,5
51.418504650465,72,29.4871762907133,21.9313283597517,1,C,281,5
82.0491507119227,69.9646514805583,29.5428209658712,40.4218305146871,0,I,282,5
137.935651555401,72,29.8334491252899,42.1665508747101,0,C,283,5
100.209794290812,72,29.8637532396242,42.1362467603758,0,I,284,5
38.023310979828,72,29.9205290386453,8.10278194118265,1,C,285,5
37.3663507917089,72,30.1055004168302,7.26085037487874,1,I,286,5
95.0430034593441,72,30.1974610704929,41.8025389295071,0,C,287,5
39.3890136570164,72,30.2121631382033,9.17685051881303,1,I,288,5
41.9133726833541,72,30.3745258972049,11.5388467861492,1,C,289,5
253.3509964807,72,30.3837006306276,41.6162993693724,0,I,290,5
40.3288294177221,72,30.401715086773,9.92711433094902,1,C,291,5
137.745728142382,72,30.4707477847114,41.5292522152886,0,I,292,5
100.123280994982,47.208291709518,30.5481010861695,16.6601906233485,0,C,293,5
118.230044101473,72,30.5613337503746,41.4386662496254,0,I,294,5
57.0489185021615,72,30.8098729373887,26.2390455647728,1,C,295,5
143.608339174357,72,30.890678409487,41.109321590513,0,I,296,5
32.0781451970809,72,30.9262084309012,1.15193676617968,1,C,297,5
178.54087793311,72,30.9814970148727,41.0185029851273,0,I,298,5
101.805182481002,39.2396317284662,31.0045405570418,8.23509117142443,0,C,299,5
102.377727580632,72,31.2516098236665,40.7483901763335,0,I,300,5
114.136945909195,72,31.3632543152198,40.6367456847802,0,C,301,5
120.835420377029,72,31.3840113440529,40.6159886559472,0,I,302,5
38.2120752478442,72,31.5916797704995,6.62039547734477,1,C,303,5
33.8741561248489,72,31.6703129047528,2.20384322009609,1,I,304,5
40.2493701516025,65.557396971954,31.6874390188605,8.56193113274206,1,C,305,5
38.4955522498265,71.9927803383346,31.7139514954761,6.78160075435046,1,I,306,5
68.8375181224097,68.7841330986917,31.7364463303238,37.0476867683679,0,C,307,5
46.3235190961177,72,31.8953840062022,14.4281350899154,1,I,308,5
44.8286941322238,47.0922288755861,32.1290037687868,12.699690363437,1,C,309,5
186.288118623863,72,32.4933292390779,39.5066707609221,0,I,310,5
53.1406390778759,72,32.5008675595745,20.6397715183014,1,C,311,5
111.803181244365,72,32.5198759976774,39.4801240023226,0,I,312,5
63.1935294178219,72,32.571349083446,30.6221803343759,1,C,313,5
64.2813588535051,72,32.5779766961932,31.7033821573119,1,I,314,5
85.9195052647884,72,32.5922441203147,39.4077558796853,0,C,315,5
78.271343224364,64.7600532537002,32.6429479429498,32.1171053107504,0,I,316,5
42.0985183666417,72,32.7090283250436,9.38949004159809,1,C,317,5
60.6196162596589,72,32.9245888162404,27.6950274434184,1,I,318,5
163.892729842426,72,32.9968737624586,39.0031262375414,0,C,319,5
82.5709139654273,72,33.0490820109844,38.9509179890156,0,I,320,5
164.98606762603,72,33.1038480391726,38.8961519608274,0,C,321,5
78.0824623226111,72,33.1177612580359,38.8822387419641,0,I,322,5
37.3456437419191,72,33.3549621608108,3.99068158110825,1,C,323,5
49.9769144251722,72,33.5545875225216,16.4223269026506,1,I,324,5
37.243940615259,72,33.7435626424849,3.50037797277406,1,C,325,5
37.5690172441206,56.0603097247295,33.7605270277709,3.80849021634972,1,I,326,5
63.6568181567022,72,33.7893027020618,29.8675154546404,1,C,327,5
62.5135697806257,72,33.8138516200706,28.6997181605551,1,I,328,5
57.997269412404,72,33.8895441312343,24.1077252811697,1,C,329,5
39.1513159947835,34.732159087765,33.9580053370446,0.774153750720437,0,I,330,5
38.6182915670219,72,34.0405557397753,4.57773582724662,1,C,331,5
220.557821140135,72,34.0746627515182,37.9253372484818,0,I,332,5
114.429630649052,72,34.1187680186704,37.8812319813296,0,C,333,5
200.905430083956,72,34.1242880607024,37.8757119392976,0,I,334,5
55.3428316928407,72,34.1390994004905,21.2037322923502,1,C,335,5
107.401482754647,72,34.1622911766171,37.8377088233829,0,I,336,5
35.1993278607767,72,34.1943880403414,1.00493982043528,1,C,337,5
43.7647335561732,72,34.2910152627155,9.47371829345764,1,I,338,5
48.5945006914175,72,34.2932820785791,14.3012186128384,1,C,339,5
40.7148802061611,72,34.5306533295661,6.18422687659501,1,I,340,5
300.13857100742,72,34.5526345912367,37.4473654087633,0,C,341,5
45.0699154540649,40.1578206434283,34.5820148661733,5.57580577725499,0,I,342,5
138.947707396749,72,34.6277923788875,37.3722076211125,0,C,343,5
94.3421374479266,72,34.7823336906731,37.2176663093269,0,I,344,5
59.0667058027476,72,34.9151945114136,24.1515112913341,1,C,345,5
125.136428189003,62.2328556689187,34.9356073793024,27.2972482896163,0,I,346,5
79.8362932771128,72,35.0607634149492,36.9392365850508,0,C,347,5
117.75311121151,72,35.2346661128104,36.7653338871896,0,I,348,5
65.4745499218629,72,35.2697106543928,30.20483926747,1,C,349,5
199.533854037249,72,35.2861740114167,36.7138259885833,0,I,350,5
106.78453999675,72,35.3434893395752,36.6565106604248,0,C,351,5
74.5112588956958,72,35.3893107734621,36.6106892265379,0,I,352,5
88.3787146484583,72,35.5292450543493,36.4707549456507,0,C,353,5
36.1161593911564,72,35.5982095655054,0.517949825651009,1,I,354,5
77.4816197895617,72,35.6577919609845,36.3422080390155,0,C,355,5
69.8570479350995,72,35.8056019200012,34.0514460150983,1,I,356,5
103.307154236747,72,35.857714349404,36.142285650596,0,C,357,5
70.9860779139624,50.5341257140606,36.2958157528192,14.2383099612414,0,I,358,5
68.1636669498839,72,36.4593079173937,31.7043590324901,1,C,359,5
352.664287162495,72,36.5399119025096,35.4600880974904,0,I,360,5
67.6780273780629,72,36.6719757998362,31.0060515782266,1,C,361,5
101.40186543509,72,36.7382709123194,35.2617290876806,0,I,362,5
53.4096448439859,72,36.7879382707179,16.621706573268,1,C,363,5
98.4827760082554,72,36.8238096311688,35.1761903688312,0,I,364,5
106.725228961472,72,36.9259297521785,35.0740702478215,0,C,365,5
44.6172601065185,65.1487818472117,36.9682775018737,7.64898260464478,1,I,366,5
61.8429941265197,72,37.0029162615538,24.8400778649659,1,C,367,5
40.2174333611405,72,37.0189318573102,3.19850150383031,1,I,368,5
124.5162076241,72,37.0996272889897,34.9003727110103,0,C,369,5
49.8918124537342,72,37.1015483792871,12.7902640744471,1,I,370,5
193.650202325682,72,37.163259582594,34.836740417406,0,C,371,5
58.5300181780167,72,37.2290438739583,21.3009743040584,1,I,372,5
43.7379890204968,72,37.2864258941263,6.45156312637048,1,C,373,5
123.644883511552,72,37.3934612888843,34.6065387111157,0,I,374,5
126.922958759151,72,37.525300369598,34.474699630402,0,C,375,5
86.7291771459342,72,37.6285742036998,34.3714257963002,0,I,376,5
57.57702189631,47.1920253889528,37.6663529220969,9.52567246685593,0,C,377,5
80.1573272470034,72,38.2495505036786,33.7504494963214,0,I,378,5
105.793213557391,72,38.2521834690124,33.7478165309876,0,C,379,5
120.024208507872,72,38.2549876905978,33.7450123094022,0,I,380,5
44.4501217593821,72,38.3219319954515,6.12818976393062,1,C,381,5
41.0110596595855,71.7864077217839,38.3651239983737,2.64593566121178,1,I,382,5
155.823888444441,72,38.437360455282,33.562639544718,0,C,383,5
94.9596802576667,42.5240854721149,38.5816667648032,3.94241870731162,0,I,384,5
54.4090607111695,72,38.6028501810506,15.8062105301189,1,C,385,5
96.051374529546,72,38.6468463717029,33.3531536282972,0,I,386,5
222.21791247066,72,38.7797468528152,33.2202531471849,0,C,387,5
77.0833961227575,72,38.8044001813978,33.1955998186022,0,I,388,5
227.942252512412,72,39.0058759879321,32.9941240120679,0,C,389,5
114.689462559872,72,39.1721080429852,32.8278919570148,0,I,390,5
80.2839332168194,72,39.1876142006367,32.8123857993633,0,C,391,5
147.935890195843,72,39.3045170372352,32.6954829627648,0,I,392,5
46.0864962330423,72,39.4189054425806,6.6675907904617,1,C,393,5
70.8270430182475,72,39.4905912084505,31.336451809797,1,I,394,5
71.6658741664961,72,39.5052377320826,32.1606364344135,1,C,395,5
96.0701101900808,72,39.6767370169982,32.3232629830018,0,I,396,5
44.3576632777999,72,39.7363401576877,4.62132312011225,1,C,397,5
101.92235500156,72,39.8170949751511,32.1829050248489,0,I,398,5
68.6245352446599,72,39.8984908126295,28.7260444320305,1,C,399,5
94.9432491447562,72,39.9499041773379,32.0500958226621,0,I,400,5
42.1143246534111,72,40.13340159785,1.98092305556107,1,C,401,5
83.9582519603157,72,40.2824647771195,31.7175352228805,0,I,402,5
51.9749178066215,72,40.2957236766815,11.6791941299399,1,C,403,5
44.6587202553743,72,40.3307060385123,4.32801421686204,1,I,404,5
42.7602314785758,72,40.3703091759235,2.38992230265236,1,C,405,5
50.3070939151053,72,40.3868517139927,9.9202422011126,1,I,406,5
131.26466450617,72,40.4610766097903,31.5389233902097,0,C,407,5
66.3438900196599,47.5385081561804,40.6187386298552,6.91976952632516,0,I,408,5
88.0807817208595,72,40.6983439950272,31.3016560049728,0,C,409,5
131.201201398526,55.8320292922024,40.8606309397146,14.9713983524878,0,I,410,5
62.9782285351884,72,41.0170508455485,21.9611776896398,1,C,411,5
109.363620969219,72,41.146086207591,30.853913792409,0,I,412,5
202.525861648997,62.8054728652116,41.1522919591516,21.6531809060599,0,C,413,5
61.1361391572095,72,41.1952776834369,19.9408614737727,1,I,414,5
93.6696048575038,63.8704114745585,41.2112379865721,22.6591734879864,0,C,415,5
45.6330630259667,72,41.2462710030377,4.38679202292896,1,I,416,5
74.865513596484,42.2368845186309,41.4659474976361,0.770937020994772,0,C,417,5
88.011942377797,72,41.6269632568583,30.3730367431417,0,I,418,5
54.0695282379766,72,41.7127566458657,12.3567715921108,1,C,419,5
144.510314107257,72,41.7601376026869,30.2398623973131,0,I,420,5
86.3482879872112,72,41.8232423113659,30.1767576886341,0,C,421,5
45.675918984965,72,41.8409898877144,3.83492909725061,1,I,422,5
47.7957101030986,72,41.8985558627173,5.89715424038125,1,C,423,5
88.458990014146,72,41.9034112337977,30.0965887662023,0,I,424,5
67.3627229974197,72,42.0758293010294,25.2868936963903,1,C,425,5
94.9549248488647,47.6929378290927,42.2859200136736,5.40701781541905,0,I,426,5
74.2209713723114,72,42.6293965475634,29.3706034524366,0,C,427,5
287.373645130486,72,42.6363410521299,29.3636589478701,0,I,428,5
59.3415709560518,72,42.6431344728917,16.6984364831601,1,C,429,5
117.790309554559,72,42.7012554975227,29.2987445024774,0,I,430,5
47.4502034833512,72,43.0101480474696,4.44005543588166,1,C,431,5
146.319209643787,72,43.0222035571933,28.9777964428067,0,I,432,5
84.5915261787544,72,43.0465967115015,28.9534032884985,0,C,433,5
143.572204346636,72,43.1977038038895,28.8022961961106,0,I,434,5
123.355219689211,72,43.3170620212331,28.6829379787669,0,C,435,5
108.143726500438,72,43.3427964895964,28.6572035104036,0,I,436,5
95.0098285609006,72,43.5759408026934,28.4240591973066,0,C,437,5
69.3303662282274,72,43.5763765359297,25.7539896922976,1,I,438,5
129.169216329751,72,43.6203405819833,28.3796594180167,0,C,439,5
84.7572271165393,72,43.7251535849646,28.2748464150354,0,I,440,5
129.317164317203,72,43.8005685433745,28.1994314566255,0,C,441,5
84.9868048577553,72,43.8278321642429,28.1721678357571,0,I,442,5
121.571662286731,72,43.847084697336,28.152915302664,0,C,443,5
116.916245505872,72,44.0201980853453,27.9798019146547,0,I,444,5
155.585673427943,72,44.0334870899096,27.9665129100904,0,C,445,5
73.4382645468681,53.2793344074292,44.0679557388648,9.21137866856432,0,I,446,5
88.0373661038096,52.5892047187427,44.1107079852372,8.47849673350544,0,C,447,5
80.1053223651007,72,44.1161884786561,27.8838115213439,0,I,448,5
72.0405325058517,72,44.1898036049679,27.8101963950321,0,C,449,5
94.270979514656,72,44.3627912225202,27.6372087774798,0,I,450,5
45.1925078429892,72,44.639803385362,0.552704457627193,1,C,451,5
222.183207419144,72,44.8128371033818,27.1871628966183,0,I,452,5
54.2999571549833,72,44.8436371888965,9.45631996608679,1,C,453,5
91.3959714159681,72,45.0155528727919,26.9844471272081,0,I,454,5
48.0957593364747,72,45.0947971874848,3.00096214898992,1,C,455,5
66.6952802602216,72,45.29543237295,21.3998478872716,1,I,456,5
163.860575819066,72,45.4431666294113,26.5568333705887,0,C,457,5
56.465084347967,72,45.4726566653699,10.9924276825971,1,I,458,5
51.0354442948793,72,45.5460388725624,5.48940542231694,1,C,459,5
186.070862876301,48.5699604660637,45.8760597277433,2.69390073832038,0,I,460,5
135.326495221669,72,45.9506791876629,26.0493208123371,0,C,461,5
68.7251693477002,72,45.9692444046959,22.7559249430043,1,I,462,5
62.9026906082205,72,45.9763715788722,16.9263190293483,1,C,463,5
99.6134037117745,51.9721921584349,46.0298973089084,5.94229484952651,0,I,464,5
147.81653533517,72,46.0853177960962,25.9146822039038,0,C,465,5
49.269469277308,72,46.2394101871178,3.03005909019024,1,I,466,5
86.6478873822179,72,46.2593583762646,25.7406416237354,0,C,467,5
73.1701559142648,72,46.2942397221923,25.7057602778077,0,I,468,5
47.1944318272891,72,46.3050370384008,0.889394788888306,1,C,469,5
96.8861887419191,72,46.3185104727745,25.6814895272255,0,I,470,5
92.1325218940226,72,46.3397866208106,25.6602133791894,0,C,471,5
95.0039007998489,72,46.3691463880241,25.6308536119759,0,I,472,5
55.543277237726,72,46.539313509129,9.003963728597,1,C,473,5
68.4562483752278,69.4732737140835,46.5482992026955,21.9079491725323,1,I,474,5
113.577282792742,72,46.5511987823993,25.4488012176007,0,C,475,5
180.883922981006,72,46.6540050320327,25.3459949679673,0,I,476,5
71.0758773791834,60.5401758680231,46.678717341274,13.8614585267491,0,C,477,5
52.2676189349798,72,46.6789546469227,5.58866428805716,1,I,478,5
149.35436548921,72,46.6949719190598,25.3050280809403,0,C,479,5
99.6065643489524,72,46.8050719890744,25.1949280109257,0,I,480,5
71.5594967959057,72,46.9990038592368,24.5604929366689,1,C,481,5
79.0258567700662,72,47.0651063136756,24.9348936863244,0,I,482,5
54.0708842207822,72,47.0996324624866,6.97125175829555,1,C,483,5
64.3678752363128,72,47.1187790343538,17.249096201959,1,I,484,5
67.3791904550793,72,47.1421989938244,20.2369914612548,1,C,485,5
83.1849405303405,72,47.169562918134,24.830437081866,0,I,486,5
66.2915868470011,72,47.1943644806743,19.0972223663268,1,C,487,5
83.8770159203939,72,47.2412433894351,24.7587566105649,0,I,488,5
52.933919213202,72,47.3866359516978,5.54728326150412,1,C,489,5
188.69130773052,72,47.4452493293211,24.5547506706789,0,I,490,5
52.338639675405,72,47.6816719863564,4.6569676890486,1,C,491,5
53.5371948945034,72,47.6856584334746,5.85153646102878,1,I,492,5
48.1313549583638,72,47.7225592033938,0.408795754970084,1,C,493,5
63.6608220167674,72,47.7772762952372,15.8835457215302,1,I,494,5
88.0902223933102,72,47.807073793374,24.192926206626,0,C,495,5
137.184198762001,72,47.9538052948192,24.0461947051808,0,I,496,5
243.174732208244,72,48.1537145795301,23.8462854204699,0,C,497,5
70.3267023611115,72,48.2908297050744,22.035872656037,1,I,498,5
78.483891306219,72,48.3711313130334,23.6288686869666,0,C,499,5
86.0430261866319,72,48.3759489795193,23.6240510204807,0,I,500,5
58.7251671938492,72,48.4004835784435,10.3246836154057,1,C,501,5
261.77348582104,72,48.4040147205815,23.5959852794185,0,I,502,5
138.033309928185,72,48.4579027164727,23.5420972835273,0,C,503,5
107.307742505507,72,48.5085261845961,23.4914738154039,0,I,504,5
77.8347849798818,56.1311145379629,48.5638551833108,7.56725935465206,0,C,505,5
60.7965331117477,72,48.5906275967136,12.2059055150341,1,I,506,5
55.1215925875069,72,48.7063656421378,6.41522694536908,1,C,507,5
50.3016577997972,72,48.8134657451883,1.48819205460891,1,I,508,5
59.490532576332,72,49.2040176177397,10.2865149585923,1,C,509,5
59.4395117256961,72,49.2144248681143,10.2250868575818,1,I,510,5
76.1000008871654,72,49.423115788959,22.576884211041,0,C,511,5
75.5908227299518,52.5268189563963,49.4623827002943,3.06443625610199,0,I,512,5
98.2677562312606,72,49.5218594837934,22.4781405162066,0,C,513,5
68.0851543119377,72,49.5369279105216,18.548226401416,1,I,514,5
198.298020391933,72,49.7278522979468,22.2721477020532,0,C,515,5
50.25588370254,72,49.9407160514966,0.315167651043384,1,I,516,5
62.0875870630485,72,49.9817194277421,12.1058676353064,1,C,517,5
85.4969825090291,63.9223696166247,50.0213312543929,13.9010383622318,0,I,518,5
76.275489577139,72,50.0623286096379,21.9376713903621,0,C,519,5
57.2485296836284,72,50.1382357953116,7.11029388831673,1,I,520,5
111.794108978628,72,50.1758900703862,21.8241099296138,0,C,521,5
126.270696762387,72,50.2318243682385,21.7681756317616,0,I,522,5
124.15373905856,72,50.2784022549167,21.7215977450833,0,C,523,5
153.375420748093,72,50.3640131559223,21.6359868440777,0,I,524,5
51.9818239634722,72,50.672082756646,1.30974120682627,1,C,525,5
69.9577093087776,72,50.7421506335959,19.2155586751817,1,I,526,5
155.57505805833,72,50.8057881239802,21.1942118760198,0,C,527,5
134.713181265554,72,50.926522272639,21.073477727361,0,I,528,5
71.8343476141008,72,50.9932453930378,20.841102221063,1,C,529,5
91.3474336426498,72,51.0637600533664,20.9362399466336,0,I,530,5
60.4345574452785,72,51.175815872848,9.25874157243043,1,C,531,5
158.80572216791,72,51.176472203806,20.823527796194,0,I,532,5
80.1029478569862,72,51.2029991811141,20.7970008188859,0,C,533,5
104.560912006594,72,51.5181008493528,20.4818991506472,0,I,534,5
54.4451908910324,72,51.6644371161237,2.78075377490869,1,C,535,5
54.0017054672043,72,51.7039779061452,2.29772756105913,1,I,536,5
69.270789744332,72,51.7512764269486,17.5195133173834,1,C,537,5
96.8484247136787,72,51.8068224750459,20.1931775249541,0,I,538,5
149.200860034661,72,51.9304883200675,20.0695116799325,0,C,539,5
110.330516369642,72,52.0915179653093,19.9084820346907,0,I,540,5
81.4792304121277,72,52.1356286387891,19.8643713612109,0,C,541,5
215.588894616888,72,52.2954210871831,19.7045789128169,0,I,542,5
54.1018522413788,72,52.4328268971294,1.66902534424937,1,C,543,5
370.113644933376,72,52.5540753174573,19.4459246825427,0,I,544,5
56.4621342819919,72,52.5569802615792,3.90515402041276,1,C,545,5
109.826142599462,72,52.7487495727837,19.2512504272163,0,I,546,5
63.2777070353563,72,52.7667588042095,10.5109482311468,1,C,547,5
67.0001755964204,72,52.8534553293139,14.1467202671065,1,I,548,5
180.406414403584,72,52.9416384827346,19.0583615172654,0,C,549,5
155.661921829872,72,52.9595684213564,19.0404315786436,0,I,550,5
101.826865203013,72,52.9947493365035,19.0052506634966,0,C,551,5
55.9685013161872,72,53.0229060351849,2.94559528100235,1,I,552,5
108.118385971907,72,53.0387592175975,18.9612407824025,0,C,553,5
213.265590992722,72,53.1404578126967,18.8595421873033,0,I,554,5
62.8573366070341,72,53.2411211449653,9.61621546206885,1,C,555,5
72.8652860943826,72,53.2544576050714,18.7455423949286,0,I,556,5
66.5830276436704,72,53.3153348928317,13.2676927508387,1,C,557,5
119.107066985389,72,53.3399315737188,18.6600684262812,0,I,558,5
76.7651848815416,72,53.3895470201969,18.6104529798031,0,C,559,5
107.642939690019,72,53.5491237184033,18.4508762815967,0,I,560,5
70.5539377280692,72,53.6063954327256,16.9475422953436,1,C,561,5
160.264701877747,72,53.6102475877851,18.3897524122149,0,I,562,5
56.4819021237221,72,53.6114012310281,2.8705008926939,1,C,563,5
81.8997923953544,72,53.6410492099822,18.3589507900178,0,I,564,5
90.2365375970329,72,53.6900972994044,18.3099027005956,0,C,565,5
135.774135278627,72,53.7551735853776,18.2448264146224,0,I,566,5
66.0040232838471,72,53.812923822552,12.1910994612951,1,C,567,5
96.5495455210495,72,53.8400845695287,18.1599154304713,0,I,568,5
56.8585602679761,72,53.9691102644429,2.88945000353319,1,C,569,5
76.8122423155704,72,53.9835808239877,18.0164191760123,0,I,570,5
68.161582281311,72,54.0558769321069,14.105705349204,1,C,571,5
285.323296386949,72,54.0951865771785,17.9048134228215,0,I,572,5
64.993993423753,72,54.0974617609754,10.8965316627775,1,C,573,5
137.908757552965,72,54.1033074539155,17.8966925460845,0,I,574,5
93.3590961995694,72,54.2339129559696,17.7660870440304,0,C,575,5
102.695830714357,72,54.2526919953525,17.7473080046475,0,I,576,5
221.702953257173,72,54.2702454747632,17.7297545252368,0,C,577,5
73.0660973126062,72,54.4775711232796,17.5224288767204,0,I,578,5
58.090028397156,72,54.9212604342029,3.1687679629531,1,C,579,5
72.7179547706059,72,54.990665903315,17.0093340966851,0,I,580,5
105.429177469126,72,54.9963807407767,17.0036192592233,0,C,581,5
79.4140017928432,72,55.0148831773549,16.9851168226451,0,I,582,5
62.9221216751665,72,55.0575828691945,7.86453880597206,1,C,583,5
632.428903523006,72,55.0884318072349,16.9115681927651,0,I,584,5
76.0325946557856,72,55.109099233523,16.890900766477,0,C,585,5
85.2477704977651,72,55.3268880955875,16.6731119044125,0,I,586,5
63.9872687027692,72,55.3552194451913,8.63204925757786,1,C,587,5
132.332093757623,72,55.3762028552592,16.6237971447408,0,I,588,5
74.7524457495484,72,55.4070399189368,16.5929600810632,0,C,589,5
283.450123136516,72,55.5237317690626,16.4762682309374,0,I,590,5
77.9494026354639,72,55.7473803218454,16.2526196781546,0,C,591,5
57.0781510158181,72,55.8122404525057,1.26591056331247,1,I,592,5
122.568124642062,72,55.894269766286,16.105730233714,0,C,593,5
79.0689861100884,72,55.9692116081715,16.0307883918285,0,I,594,5
319.427614631362,72,56.0227514477447,15.9772485522553,0,C,595,5
60.3570168048305,72,56.1418989859521,4.21511781887832,1,I,596,5
92.0349900646394,62.3992623088483,56.1552349710837,6.24402733776455,0,C,597,5
78.9537022944065,72,56.3630744023249,15.6369255976751,0,I,598,5
106.027710894573,72,56.3958446541801,15.6041553458199,0,C,599,5
184.010074083647,72,56.4346862398088,15.5653137601912,0,I,600,5
69.321533568554,72,56.4729622006416,12.8485713679123,1,C,601,5
122.427646484033,72,56.5118181193247,15.4881818806753,0,I,602,5
105.308471317849,72,56.5390874119476,15.4609125880525,0,C,603,5
216.449701973523,72,56.5954442275688,15.4045557724312,0,I,604,5
207.574029980609,72,56.6222420381382,15.3777579618618,0,C,605,5
100.871830194917,72,56.6765286494046,15.3234713505954,0,I,606,5
148.548782174312,72,56.711152321659,15.288847678341,0,C,607,5
81.6551257982398,72,56.751015256159,15.248984743841,0,I,608,5
207.135071920585,72,56.765570207499,15.234429792501,0,C,609,5
147.815608622817,72,56.8021698435769,15.1978301564232,0,I,610,5
58.2552500569286,72,56.8274342548102,1.4278158021184,1,C,611,5
79.1257373416191,72,56.8439230648801,15.1560769351199,0,I,612,5
110.276491620707,72,56.8832761561498,15.1167238438502,0,C,613,5
81.656255984785,72,56.9239950925112,15.0760049074888,0,I,614,5
218.967238679094,69.7176222882913,57.0029592141509,12.7146630741404,0,C,615,5
60.4284130437942,72,57.1229531010613,3.30545994273292,1,I,616,5
132.936018920426,72,57.1875283308327,14.8124716691673,0,C,617,5
121.839256938121,72,57.2245573997498,14.7754426002502,0,I,618,5
72.8907525166706,72,57.3700328869745,14.6299671130255,0,C,619,5
59.7129778893704,59.235532730011,57.59375219699,1.64178053302105,0,I,620,5
78.8982156893787,72,57.6041993033141,14.3958006966859,0,C,621,5
221.557002013381,61.8557440350049,57.6391985546798,4.2165454803251,0,I,622,5
77.8801332668991,70.0324895893962,57.6987506914884,12.3337388979078,0,C,623,5
106.193644450443,72,57.7750760642812,14.2249239357188,0,I,624,5
127.522815977563,72,57.8418389009312,14.1581610990688,0,C,625,5
68.1886077777744,72,58.0924383318052,10.0961694459692,1,I,626,5
95.5828464493349,72,58.1423752661794,13.8576247338206,0,C,627,5
262.396838322456,72,58.3103618770838,13.6896381229162,0,I,628,5
76.5878451468282,72,58.318457454443,13.681542545557,0,C,629,5
79.307153942182,72,58.3710583532229,13.6289416467771,0,I,630,5
72.2259002825854,72,58.4174022870138,13.5825977129862,0,C,631,5
87.4650595445453,72,58.4622547309846,13.5377452690154,0,I,632,5
89.7457167287955,72,58.498876481317,13.501123518683,0,C,633,5
93.9548198874993,72,58.5462688654661,13.4537311345339,0,I,634,5
60.6246780938711,72,58.6179353250191,2.00674276885199,1,C,635,5
69.7711525923413,72,58.8557603163645,10.9153922759769,1,I,636,5
86.2830706965439,72,59.0194649202749,12.9805350797251,0,C,637,5
100.438736653858,64.041499543531,59.0336169395596,5.0078826039714,0,I,638,5
77.2018473253053,72,59.0761372447014,12.9238627552986,0,C,639,5
149.52098650576,72,59.2721714777872,12.7278285222128,0,I,640,5
101.602969797968,72,59.2830308759585,12.7169691240415,0,C,641,5
280.052151248376,72,59.653142709285,12.346857290715,0,I,642,5
115.908737163399,72,59.7104216180742,12.2895783819258,0,C,643,5
93.8601147256419,72,59.715195321478,12.2848046785221,0,I,644,5
91.2250056259422,72,59.7153206868097,12.2846793131903,0,C,645,5
215.280628962577,72,59.7269140603021,12.2730859396979,0,I,646,5
124.318908163938,72,59.7343976190314,12.2656023809686,0,C,647,5
62.1727760914073,72,59.7669999534264,2.40577613798084,1,I,648,5
143.958154422493,72,59.8149891290814,12.1850108709186,0,C,649,5
25.7383520610897,1.19984736656125,0.0977187277749181,1.10212863878633,0,C,1,6
3.29092483422752,59.9109681315879,0.180691578425467,3.11023325580205,1,I,2,6
103.123273663913,55.8045295045048,0.200541447848082,55.6039880566567,0,C,3,6
69.0867459239825,72,0.284381895326078,68.8023640286564,1,I,4,6
61.7480672991367,63.8796916870583,0.44782763812691,61.3002396610098,1,C,5,6
5.12118130909785,72,0.488198683597148,4.6329826255007,1,I,6,6
81.7041787956876,72,0.587805141694844,71.4121948583052,0,C,7,6
5.52918977430316,72,1.13435116130859,4.39483861299457,1,I,8,6
10.2023649718323,72,1.25082816928625,8.95153680254605,1,C,9,6
174.700905842419,72,1.3881217315793,70.6118782684207,0,I,10,6
2.79397698181749,72,1.47478657308966,1.31919040872783,1,C,11,6
47.9076708816112,39.2193477715171,1.69594617560506,37.5234015959121,0,I,12,6
213.780741204541,72,1.89338908530772,70.1066109146923,0,C,13,6
9.59890137610187,67.7289023538481,1.91124075092375,7.68766062517811,1,I,14,6
180.863751140244,72,1.9449845328927,70.0550154671073,0,C,15,6
18.6725529295607,12.8643995453913,1.94604298565537,10.9183565597359,0,I,16,6
41.445604530494,52.203575444136,2.02043888624758,39.4251656442465,1,C,17,6
8.02024228566923,72,2.58369587827474,5.43654640739449,1,I,18,6
15.614011721068,7.12997236111798,2.6440426055342,4.48592975558378,0,C,19,6
59.1440401522746,72,2.89428401738405,56.2497561348905,1,I,20,6
15.0841897995158,72,2.92336141224951,12.1608283872663,1,C,21,6
11.7205690785665,72,2.92395138647407,8.79661769209239,1,I,22,6
13.4038331358666,72,2.94900046661496,10.4548326692517,1,C,23,6
12.7460798365874,53.1805851254331,3.04806539788842,9.69801443869895,1,I,24,6
4.48728515706704,11.7900908990667,3.09518787078559,1.39209728628145,1,C,25,6
93.661006301327,72,3.12821775209159,68.8717822479084,0,I,26,6
39.1694516339544,21.2908584797584,3.21958457585424,18.0712739039042,0,C,27,6
23.4101872058918,72,3.49937151186168,19.9108156940301,1,I,28,6
50.5163595673731,72,3.79833302926272,46.7180265381104,1,C,29,6
43.8969568879513,9.8378367839078,3.93546593841165,5.90237084549614,0,I,30,6
78.285455640597,72,3.95147067960352,68.0485293203965,0,C,31,6
37.8265701934758,72,4.02927981689572,33.7972903765801,1,I,32,6
84.9293129008839,72,4.04155261348933,67.9584473865107,0,C,33,6
8.67384212817642,72,4.26793924067169,4.40590288750472,1,I,34,6
19.3948835105546,59.143667980376,4.29292373824865,15.101959772306,1,C,35,6
21.2644934498837,72,4.32955785188824,16.9349355979955,1,I,36,6
166.017620251775,52.4431385298633,4.41108673810959,48.0320517917537,0,C,37,6
17.8019211767032,72,4.4737660093233,13.3281551673799,1,I,38,6
138.435306988407,72,4.51614952180535,67.4838504781947,0,C,39,6
132.864599855127,72,4.5788915315643,67.4211084684357,0,I,40,6
13.3398237470869,72,4.72428983543068,8.61553391165619,1,C,41,6
29.6433342306953,66.9183345676057,4.73048175685108,24.9128524738442,1,I,42,6
69.8568465523313,72,4.73911870736629,65.117727844965,1,C,43,6
120.778093348289,72,4.76839250419289,67.2316074958071,0,I,44,6
37.1230291274251,72,4.8069358477369,32.3160932796882,1,C,45,6
115.266936186299,72,4.80814361013472,67.1918563898653,0,I,46,6
186.701073997645,51.5014457977767,4.84937061555684,46.6520751822199,0,C,47,6
125.588233603139,72,4.89349507726729,67.1065049227327,0,I,48,6
68.4333894368223,72,4.94771549943835,63.485673937384,1,C,49,6
12.7773083721643,39.5232039217026,5.03438063431531,7.74292773784903,1,I,50,6
188.282027240306,42.9097037203515,5.31349478289485,37.5962089374567,0,C,51,6
32.9547025864718,72,5.49854115117341,27.4561614352984,1,I,52,6
62.3001381444064,72,5.54042232222855,56.7597158221779,1,C,53,6
68.4504812113358,50.2870646270398,5.62889234628528,44.6581722807546,0,I,54,6
76.2455071846129,72,5.996815552935,66.003184447065,0,C,55,6
71.9473032019496,72,6.01943761110306,65.9278655908465,1,I,56,6
29.088507534841,17.0666254944702,6.029486451298,11.0371390431722,0,C,57,6
249.840886692424,19.0069236007545,6.12616819795221,12.8807554028023,0,I,58,6
33.8968729736127,72,6.15700668655336,27.7398662870593,1,C,59,6
209.080248221603,60.0410774093297,6.2428166018799,53.7982608074498,0,I,60,6
10.7379119057392,72,6.26914420165122,4.46876770408797,1,C,61,6
87.2142434741416,72,6.32690150756389,65.6730984924361,0,I,62,6
88.9983607218659,58.1910377725597,6.34160315617919,51.8494346163805,0,C,63,6
8.68862385194579,72,6.34658271912485,2.34204113282094,1,I,64,6
11.4849695117937,25.8233944300661,6.50971891824156,4.97525059355216,1,C,65,6
97.3407129221743,72,6.57292011659592,65.4270798834041,0,I,66,6
30.9725502126594,12.4594112475601,6.62192459218204,5.83748665537804,0,C,67,6
85.6704097810774,9.13269442031237,6.75015262328088,2.38254179703149,0,I,68,6
29.0023007651963,72,6.78516982588917,22.2171309393071,1,C,69,6
196.091972167579,72,6.80291972123087,65.1970802787691,0,I,70,6
65.979610807247,72,6.85439885593951,59.1252119513074,1,C,71,6
143.020963515688,72,6.86535583343357,65.1346441665664,0,I,72,6
106.946808481318,16.4646510058746,7.08813715260476,9.37651385326983,0,C,73,6
43.2638657719867,30.2323055469525,7.18808895908296,23.0442165878695,0,I,74,6
208.39149376974,72,7.24124304950237,64.7587569504976,0,C,75,6
9.41715838876908,72,7.31648785527796,2.10067053349112,1,I,76,6
20.6559927859232,72,7.43631504010409,13.2196777458192,1,C,77,6
37.4451483216266,72,7.44477479718626,30.0003735244404,1,I,78,6
126.468784241954,46.8327276147456,7.57448843680322,39.2582391779424,0,C,79,6
66.2245465506622,40.5541647389526,7.61877307668328,32.9353916622693,0,I,80,6
25.3438868940004,44.8397722755091,7.65304328408092,17.6908436099195,1,C,81,6
16.4842431154379,72,7.70580222364515,8.77844089179274,1,I,82,6
65.5451381540428,72,8.20637593511492,57.3387622189279,1,C,83,6
11.8022350746069,72,8.26309465337545,3.53914042123149,1,I,84,6
22.9337837180696,72,8.2640821672976,14.6697015507719,1,C,85,6
25.7859976394514,72,8.39306076988578,17.3929368695656,1,I,86,6
38.8270869528467,72,8.44334442168474,30.3837425311619,1,C,87,6
186.054600663317,72,8.59753876458854,63.4024612354115,0,I,88,6
73.6397133145373,72,9.08530516549945,62.9146948345006,0,C,89,6
58.6205843111798,72,9.13333247881383,49.4872518323659,1,I,90,6
34.6268573832667,72,9.18571839574724,25.4411389875194,1,C,91,6
9.49578830918338,72,9.26811602432281,0.227672284860568,1,I,92,6
35.9598310034195,72,9.32908901944757,26.630741983972,1,C,93,6
13.5232943114434,47.3629297245426,9.3559828447178,4.16731146672558,1,I,94,6
89.2641494224263,72,9.46535456925631,62.5346454307437,0,C,95,6
195.368381269133,72,9.52035133726895,62.4796486627311,0,I,96,6
31.3717740480189,72,9.71068848855793,21.661085559461,1,C,97,6
27.2058297476514,72,9.85029274597764,17.3555370016737,1,I,98,6
56.2320737605835,72,9.88068006467074,46.3513936959128,1,C,99,6
39.5575783642843,72,9.92989735677838,29.627681007506,1,I,100,6
74.0925546417804,72,9.982676259242,62.017323740758,0,C,101,6
62.5788051334457,72,10.0688202213496,52.5099849120961,1,I,102,6
56.162110726396,28.5929311912797,10.1359461899847,18.456985001295,0,C,103,6
28.2817691565341,72,10.1753199286759,18.1064492278582,1,I,104,6
56.0835245785331,72,10.3316176263615,45.7519069521716,1,C,105,6
44.7338088361522,72,10.3578959405422,34.37591289561,1,I,106,6
59.6880856935173,62.0997657652829,10.374343469739,49.3137422237783,1,C,107,6
12.7051550344797,50.3887234802579,10.537061272189,2.16809376229067,1,I,108,6
14.9999498013683,72,10.5810193531215,4.41893044824683,1,C,109,6
47.9921875985343,72,10.6964166741818,37.2957709243524,1,I,110,6
159.324853334249,72,10.7303185109049,61.2696814890951,0,C,111,6
123.741483076248,72,10.8109356975183,61.1890643024817,0,I,112,6
34.438229148902,72,10.8238070318475,23.6144221170545,1,C,113,6
104.762122863096,72,10.8523605857044,61.1476394142956,0,I,114,6
111.483534010544,72,10.9895705245435,61.0104294754565,0,C,115,6
43.7145270558863,72,11.0924743395299,32.6220527163565,1,I,116,6
42.6829425303405,72,11.1435117200017,31.5394308103388,1,C,117,6
15.816036528128,72,11.1711063282564,4.64493019987159,1,I,118,6
225.188580019005,72,11.1903597833589,60.8096402166411,0,C,119,6
85.7653812253043,72,11.3076221337542,60.6923778662458,0,I,120,6
37.6142058049345,72,11.3988902885467,26.2153155163878,1,C,121,6
28.3059237469716,72,11.5974987717345,16.7084249752371,1,I,122,6
64.9563257866011,60.2432249040866,11.7509701615199,48.4922547425666,0,C,123,6
12.8775216261411,72,12.0790423778817,0.798479248259389,1,I,124,6
65.6215531842378,44.0221799618802,12.1872762870044,31.8349036748759,0,C,125,6
76.6871350301307,72,12.2498278878629,59.7501721121371,0,I,126,6
40.0426837149083,24.6488946005388,12.3584794392809,12.2904151612579,0,C,127,6
14.2989376085394,46.4352047734601,12.4304143292829,1.86852327925649,1,I,128,6
152.681499720163,72,12.5697520980611,59.4302479019389,0,C,129,6
47.5852943991437,72,12.6945179281756,34.8907764709681,1,I,130,6
62.8043282576369,16.0415860299317,12.7361665153876,3.30541951454413,0,C,131,6
32.2474280421469,72,12.7390348445624,19.5083931975845,1,I,132,6
16.9010227391942,46.1959441730083,12.8267871262506,4.07423561294366,1,C,133,6
31.4860591304696,72,12.870381125249,18.6156780052206,1,I,134,6
22.9160316828856,72,13.097244319506,9.81878736337962,1,C,135,6
102.201606704025,72,13.6740795336664,58.3259204663336,0,I,136,6
74.256606294581,72,13.7340277992189,58.2659722007811,0,C,137,6
33.4105387149025,72,13.7496602442116,19.660878470691,1,I,138,6
66.5673877687817,72,14.0216635353863,52.5457242333953,1,C,139,6
48.4845701064953,33.625562451323,14.0467235259712,19.5788389253518,0,I,140,6
14.3991155282509,72,14.0855062147602,0.313609313490656,1,C,141,6
58.3208187868796,23.0626452912605,14.1277037188411,8.93494157241938,0,I,142,6
16.6166850453534,32.7170098691579,14.1391600202769,2.47752502507649,1,C,143,6
69.2344287571684,26.9770074887927,14.15275210049,12.8242553883027,0,I,144,6
39.0899436790357,72,14.2103809956461,24.8795626833896,1,C,145,6
67.5731564648393,72,14.2416279902682,53.3315284745711,1,I,146,6
42.7262014431471,72,14.2765597114339,28.4496417317131,1,C,147,6
151.821410232851,72,14.2811537487432,57.7188462512568,0,I,148,6
51.8195743391416,72,14.4278857810423,37.3916885580993,1,C,149,6
42.2559669461053,40.8991577451539,14.5959080569446,26.3032496882093,0,I,150,6
70.7002059571406,34.3670858704831,14.7424733592197,19.6246125112634,0,C,151,6
28.0975814216192,22.6082923451021,14.8798060230911,7.72848632201106,0,I,152,6
258.228809203584,20.7279479945677,15.0549220992252,5.6730258953425,0,C,153,6
103.976371170332,72,15.0996373733506,56.9003626266494,0,I,154,6
102.665179392746,72,15.1967115327716,56.8032884672284,0,C,155,6
87.4607621546915,72,15.3654565662146,56.6345434337854,0,I,156,6
17.9850082182901,19.4008973115883,15.4948908509687,2.49011736732145,1,C,157,6
123.797002147354,72,15.5199536215514,56.4800463784486,0,I,158,6
43.6249006323598,72,15.5934044066817,28.0314962256782,1,C,159,6
83.9100895870586,72,15.6003981688991,56.3996018311009,0,I,160,6
56.9127879349043,72,15.8504371438175,41.0623507910868,1,C,161,6
16.7197575298557,72,15.940169384703,0.77958814515265,1,I,162,6
21.9069993651899,47.9933664953225,15.9719083970413,5.93509096814863,1,C,163,6
67.9545145151944,72,16.051282742992,51.9032317722024,1,I,164,6
54.8449431666523,72,16.1504558986053,38.694487268047,1,C,165,6
273.879184127169,72,16.1779165221378,55.8220834778622,0,I,166,6
80.8937199946385,72,16.2987201008946,55.7012798991054,0,C,167,6
19.8158899853333,72,16.4391943998635,3.3766955854698,1,I,168,6
70.1392065888682,72,16.4539972599596,53.6852093289087,1,C,169,6
17.6257906616402,72,16.5041872579604,1.12160340367974,1,I,170,6
169.602411252068,43.3022903768704,16.5083802910522,26.7939100858182,0,C,171,6
21.6188279691438,72,16.5742974355817,5.04453053356214,1,I,172,6
41.7502429790385,55.8805069009997,16.5801499038935,25.170093075145,1,C,173,6
205.789444838584,72,16.6043057106435,55.3956942893565,0,I,174,6
47.2159162547232,72,16.609501359053,30.6064148956703,1,C,175,6
98.3278211386634,72,16.653054705821,55.346945294179,0,I,176,6
45.452045187572,72,16.9535027397797,28.4985424477923,1,C,177,6
36.5914287457727,72,17.0763061428443,19.5151226029285,1,I,178,6
37.3267533265744,72,17.2705873986706,20.0561659279038,1,C,179,6
159.332738587425,72,17.3349977144972,54.6650022855029,0,I,180,6
57.5260747840104,72,17.4776930082589,40.0483817757515,1,C,181,6
106.277947220043,72,17.5152740674093,54.4847259325907,0,I,182,6
81.5589899002819,72,17.5325790653005,54.4674209346995,0,C,183,6
36.0246935293233,45.9588080367916,17.6323418319225,18.3923516974008,1,I,184,6
121.631679182505,72,17.6409458275884,54.3590541724116,0,C,185,6
61.7761271692551,72,17.6738258544356,44.1023013148196,1,I,186,6
41.9885803739926,72,17.780747548677,24.2078328253155,1,C,187,6
45.824043014448,72,18.0803239205852,27.7437190938628,1,I,188,6
40.5652492602164,31.9867180433998,18.1816444639117,13.8050735794882,0,C,189,6
96.7447617813282,45.7026978003946,18.4036786481738,27.2990191522207,0,I,190,6
99.137279827037,38.3005262649045,18.5920614330098,19.7084648318947,0,C,191,6
141.474856301553,72,18.6021430324763,53.3978569675237,0,I,192,6
62.6728919379935,72,18.6345162894577,44.0383756485358,1,C,193,6
64.4199074446844,21.28850742545,18.8589465804398,2.42956084501015,0,I,194,6
72.2701632588709,72,18.8644827716053,53.1355172283948,0,C,195,6
19.0346114262917,72,18.9558077137917,0.0788037124999934,1,I,196,6
97.3161676271008,68.3835798163317,19.0277362335473,49.3558435827843,0,C,197,6
169.948045618741,72,19.0365384891629,52.9634615108371,0,I,198,6
57.2624061762587,72,19.1045139776543,38.1578921986044,1,C,199,6
38.6784829528326,72,19.1515518492088,19.5269311036238,1,I,200,6
47.8502438118175,72,19.175710324198,28.6745334876195,1,C,201,6
49.6463999347632,72,19.2397563764825,30.4066435582806,1,I,202,6
38.5931418778198,72,19.3045571353287,19.2885847424911,1,C,203,6
70.7866868088445,72,19.4593225233257,51.3273642855188,1,I,204,6
62.4621640440991,20.1525842070208,19.5424767583609,0.610107448659971,0,C,205,6
27.0293670039505,72,19.5741829974577,7.45518400649279,1,I,206,6
73.1355479586035,25.8377505383123,19.641717444174,6.1960330941383,0,C,207,6
42.0139804312377,72,19.9464685097337,22.067511921504,1,I,208,6
51.6580760825035,52.7489851968077,19.9633606011048,31.6947154813987,1,C,209,6
34.7947223522665,60.9758605553349,19.9683135794476,14.826408772819,1,I,210,6
47.8673701230589,72,20.4447393491864,27.4226307738724,1,C,211,6
61.9669624503488,46.7187762386709,20.6065111001953,26.1122651384756,0,I,212,6
25.241569914851,72,20.6150479288772,4.62652198597382,1,C,213,6
25.6398499335996,72,20.7163674384356,4.92348249516401,1,I,214,6
35.357125901335,37.3686846759113,20.815669214353,14.541456686982,1,C,215,6
58.1339436988023,72,20.8699623355642,37.2639813632381,1,I,216,6
55.0873386384598,58.9092000144093,20.9094316000119,34.177907038448,1,C,217,6
56.3802838535554,72,21.0494739515707,35.3308099019847,1,I,218,6
37.448854467473,72,21.4191308151931,16.0297236522799,1,C,219,6
92.2619885822933,72,21.5409019729123,50.4590980270878,0,I,220,6
71.482335647032,50.9686785503476,21.5579975349829,29.4106810153647,0,C,221,6
86.4132454210815,72,21.5854727709666,50.4145272290334,0,I,222,6
105.189387802113,72,21.5994017897174,50.4005982102826,0,C,223,6
64.9316163421585,72,21.7486387537792,43.1829775883793,1,I,224,6
30.8304743498155,72,21.8110726308078,9.0194017190077,1,C,225,6
48.1923042668955,72,21.8884847452864,26.3038195216091,1,I,226,6
46.1188017919639,72,21.8909616116434,24.2278401803205,1,C,227,6
24.0019602380882,72,21.9224047847092,2.07955545337901,1,I,228,6
24.7009100607823,72,21.9836933445185,2.71721671626378,1,C,229,6
151.682022967252,72,22.0101094292477,49.9898905707523,0,I,230,6
41.9681970909327,72,22.0671051973477,19.901091893585,1,C,231,6
40.1603188130911,72,22.0710141677409,18.0893046453502,1,I,232,6
64.2687695592828,72,22.1848921570927,42.0838774021901,1,C,233,6
61.4891967869489,72,22.3307467298582,39.1584500570906,1,I,234,6
26.7071315306335,71.5533602824199,22.3937007598579,4.3134307707756,1,C,235,6
40.8052270397081,72,22.4539185874164,18.3513084522917,1,I,236,6
95.2762515080418,72,22.4778551375493,49.5221448624507,0,C,237,6
172.503973258767,72,22.5074297469109,49.4925702530891,0,I,238,6
134.488441248008,72,22.5133214564994,49.4866785435006,0,C,239,6
24.8020646442405,72,22.6170688960701,2.1849957481704,1,I,240,6
49.7402991186962,72,22.6223699329421,27.1179291857541,1,C,241,6
78.7607420853048,35.9334121085421,22.7541614603251,13.179250648217,0,I,242,6
184.283845980154,72,22.7547124167904,49.2452875832096,0,C,243,6
76.2677772884484,64.1473370180272,22.8106663282961,41.3366706897312,0,I,244,6
44.3743913282456,72,23.0940312054008,21.2803601228448,1,C,245,6
62.6303012862412,72,23.2438690261915,39.3864322600496,1,I,246,6
137.913421166986,72,23.3634713804349,48.6365286195651,0,C,247,6
78.00901770787,72,23.3895665360615,48.6104334639385,0,I,248,6
41.4680429626759,72,23.4128833282739,18.055159634402,1,C,249,6
104.099861308711,41.7065605041546,23.4636899270117,18.2428705771429,0,I,250,6
68.2218657303604,72,23.5192100331187,44.7026556972416,1,C,251,6
90.3949316298961,64.2630335772941,23.5326625267044,40.7303710505897,0,I,252,6
32.5521617868188,72,23.5554890194908,8.99667276732805,1,C,253,6
28.9757955763792,67.9108206417123,23.7247661082074,5.25102946817178,1,I,254,6
55.6134428609865,72,23.745070360601,31.8683725003855,1,C,255,6
26.8087831953194,72,24.1258450085297,2.68293818678972,1,I,256,6
41.9023680928059,72,24.3213039496914,17.5810641431146,1,C,257,6
59.9001806617721,72,24.5543294493109,35.3458512124612,1,I,258,6
66.3078916175929,72,24.6389724919572,41.6689191256357,1,C,259,6
76.1203959651837,43.4760038509652,24.7827760269865,18.6932278239787,0,I,260,6
65.9876797957616,72,24.8286318685859,41.1590479271756,1,C,261,6
54.5401458691536,72,24.8288591019809,29.7112867671726,1,I,262,6
31.2378501355473,72,24.8941719252616,6.34367821028571,1,C,263,6
47.3735959476867,72,25.0785084581003,22.2950874895865,1,I,264,6
140.764392018673,72,25.1323366910219,46.8676633089781,0,C,265,6
87.1567810601752,72,25.2904866496101,46.7095133503899,0,I,266,6
34.3764901348167,72,25.8260901505128,8.5503999843039,1,C,267,6
33.4093355407995,72,25.8295976137742,7.57973792702522,1,I,268,6
38.9184730840048,72,25.8769363677129,13.0415367162919,1,C,269,6
122.522595908782,60.8933162385674,26.0919225588441,34.8013936797233,0,I,270,6
48.0820997639505,52.3195041095717,26.1116068158299,21.9704929481206,1,C,271,6
46.8518966943911,72,26.2154735857621,20.636423108629,1,I,272,6
103.918590052601,72,26.3297026511282,45.6702973488718,0,C,273,6
33.3521834138705,72,26.4560627331957,6.89612068067476,1,I,274,6
123.510964548259,72,26.5942318271846,45.4057681728154,0,C,275,6
39.0969799262721,72,26.7053352110088,12.3916447152633,1,I,276,6
89.8124941537074,72,26.8351857690141,45.1648142309859,0,C,277,6
107.43183970076,72,26.8426150130108,45.1573849869892,0,I,278,6
141.588765532243,72,26.8960604863241,45.1039395136759,0,C,279,6
41.6472837961785,72,27.0517422258854,14.5955415702931,1,I,280,6
71.4201882819963,72,27.424376453273,43.9958118287233,1,C,281,6
29.0117064286133,72,27.7350419573486,1.27666447126474,1,I,282,6
34.0632729246176,72,27.8871724102646,6.17610051435294,1,C,283,6
54.5889533411807,72,27.9256932204589,26.6632601207218,1,I,284,6
98.8257222436806,72,28.0197236593813,43.9802763406187,0,C,285,6
50.4752706156272,72,28.0443303426728,22.4309402729545,1,I,286,6
280.317599213902,72,28.0619078921154,43.9380921078846,0,C,287,6
147.563168920676,72,28.1350493989885,43.8649506010115,0,I,288,6
121.324082521749,72,28.163507762365,43.836492237635,0,C,289,6
28.844454555863,72,28.2561763236299,0.588278232233059,1,I,290,6
39.5554180598373,72,28.5055069159716,11.0499111438656,1,C,291,6
71.7571360662937,39.7498727539226,28.7605493562296,10.989323397693,0,I,292,6
59.8408433595338,72,28.8807963905856,30.9600469689482,1,C,293,6
123.179830945733,72,28.9496888313442,43.0503111686558,0,I,294,6
43.9004762552919,72,29.000453017652,14.9000232376399,1,C,295,6
81.2651762693897,72,29.0303888032213,42.9696111967787,0,I,296,6
39.2684760578301,72,29.0687374491245,10.1997386087056,1,C,297,6
109.657936196795,72,29.1930743912235,42.8069256087765,0,I,298,6
42.8779901923087,57.7638302144314,29.2023995099589,13.6755906823498,1,C,299,6
69.2535948450726,72,29.2402748437598,40.0133200013128,1,I,300,6
52.9259314661756,72,29.2542081233114,23.6717233428641,1,C,301,6
75.1161269410627,72,29.2699900595471,42.7300099404529,0,I,302,6
55.3464851752991,31.3920266843965,29.5813724957407,1.81065418865584,0,C,303,6
226.223496824389,72,29.7343457071111,42.2656542928889,0,I,304,6
41.6906926878527,72,29.7792105283588,11.9114821594939,1,C,305,6
33.2238201305235,72,29.9160300381482,3.30779009237531,1,I,306,6
97.018503152014,72,30.0579293584451,41.9420706415549,0,C,307,6
45.5639003773816,57.4346243534918,30.1282204175368,15.4356799598448,1,I,308,6
84.4348052255895,72,30.1608881587163,41.8391118412837,0,C,309,6
81.1001467458498,72,30.332163842395,41.6678361576051,0,I,310,6
62.9749292745203,72,30.4708546539769,32.5040746205434,1,C,311,6
31.5636159029184,63.7410425435226,31.0455819312483,0.51803397167006,1,I,312,6
69.4771726264491,72,31.0561505332589,38.4210220931902,1,C,313,6
185.825008460079,72,31.1951209651306,40.8048790348694,0,I,314,6
52.5210456945513,72,31.2621193611994,21.2589263333518,1,C,315,6
93.6019073307136,72,31.2727531883866,40.7272468116134,0,I,316,6
72.0354940560465,72,31.3109391136095,40.6890608863905,0,C,317,6
188.115551598348,34.0112736969329,31.4336719410494,2.57760175588352,0,I,318,6
161.977445321945,72,31.4825021568686,40.5174978431314,0,C,319,6
124.304707126225,72,31.5409642551094,40.4590357448906,0,I,320,6
41.5462296283136,72,31.5732134599239,9.97301616838976,1,C,321,6
34.0948828593236,72,31.6162626771256,2.47862018219795,1,I,322,6
356.211274114365,72,31.6522723110393,40.3477276889607,0,C,323,6
48.969206691258,72,31.7281740205362,17.2410326707218,1,I,324,6
100.637539549205,37.8093361825006,31.7893870314583,6.01994915104231,0,C,325,6
70.4002276151616,72,31.8073902558535,38.5928373593081,1,I,326,6
51.3999339319792,62.3652736815245,31.9309800770134,19.4689538549659,1,C,327,6
135.921371091299,72,32.1078549558297,39.8921450441703,0,I,328,6
91.0021477864747,72,32.2198876412585,39.7801123587415,0,C,329,6
38.6909998137946,72,32.2804725822061,6.41052723158846,1,I,330,6
47.8391455693117,38.1255738139412,32.2869820380583,5.8385917758829,0,C,331,6
44.0822377126528,49.4237406093457,32.3119792342186,11.7702584784342,1,I,332,6
54.4021680182492,72,32.3859274154529,22.0162406027963,1,C,333,6
144.346592499499,62.9839614547066,32.4217080418021,30.5622534129046,0,I,334,6
58.0580309916132,72,32.5177707290277,25.5402602625855,1,C,335,6
122.963492644889,72,32.5457746395841,39.4542253604159,0,I,336,6
163.125884979572,72,32.6546723674983,39.3453276325017,0,C,337,6
56.4339101261334,72,32.6580689661205,23.7758411600129,1,I,338,6
34.9697754363672,72,32.6809956366196,2.28877979974753,1,C,339,6
67.2088159701099,72,32.9949497524649,34.213866217645,1,I,340,6
38.8951358710217,72,33.0958525417373,5.79928332928442,1,C,341,6
72.0508913389381,72,33.1426598411053,38.8573401588947,0,I,342,6
33.5369768180266,72,33.2836576877162,0.253319130310452,1,C,343,6
50.7130243733963,72,33.3095018332824,17.4035225401139,1,I,344,6
63.4469597179723,72,33.4278689604253,30.0190907575471,1,C,345,6
100.839179228874,72,33.5318474192172,38.4681525807828,0,I,346,6
251.504699793781,72,33.6773446993902,38.3226553006098,0,C,347,6
88.8248968978768,72,33.6865973286331,38.3134026713669,0,I,348,6
276.848925860076,72,33.6901906086132,38.3098093913868,0,C,349,6
68.042222971316,72,33.7111314246431,34.3310915466729,1,I,350,6
251.996839271216,39.2180760962994,33.7803503824398,5.43772571385964,0,C,351,6
94.9089864019262,72,33.8100783526897,38.1899216473103,0,I,352,6
189.19285947684,72,33.8105355156586,38.1894644843414,0,C,353,6
48.9236663514197,72,33.8318962790072,15.0917700724125,1,I,354,6
40.7117544279281,72,33.9522102149203,6.75954421300771,1,C,355,6
38.320542494828,72,34.0426453622058,4.27789713262222,1,I,356,6
214.60350860091,72,34.1178889945149,37.8821110054851,0,C,357,6
71.4302099549637,71.7850375262225,34.1348886257038,37.29532132926,1,I,358,6
57.8560173548891,72,34.1461236029863,23.7098937519028,1,C,359,6
140.11876068658,72,34.2909107822925,37.7090892177075,0,I,360,6
45.5563843931655,38.5964406692249,34.3231261381879,4.27331453103694,0,C,361,6
91.8742907336547,72,34.4146199757233,37.5853800242767,0,I,362,6
47.1818689523671,49.4725409185733,34.5865100668743,12.5953588854928,1,C,363,6
52.5623993765832,72,34.7332871519029,17.8291122246803,1,I,364,6
69.8908901872891,72,34.8581587197259,35.0327314675632,1,C,365,6
72.5915072852455,36.5150412348426,35.1173478551209,1.39769337972167,0,I,366,6
70.5382997932986,72,35.3032788354903,35.2350209578082,1,C,367,6
87.5158433528612,72,35.3562429361045,36.6437570638955,0,I,368,6
36.5000531009513,72,35.3673386480659,1.13271445288534,1,C,369,6
159.95195972192,72,35.7446693256497,36.2553306743503,0,I,370,6
55.5515034508002,58.66728712368,36.1082594934851,19.4432439573151,1,C,371,6
204.010627423079,46.4682925578713,36.2763056717813,10.19198688609,0,I,372,6
83.5016966766438,72,36.4929323131219,35.5070676868781,0,C,373,6
140.807754178026,72,36.710469215177,35.289530784823,0,I,374,6
52.2708732272401,72,36.768245017156,15.502628210084,1,C,375,6
72.0411458110689,72,36.8584275897592,35.1415724102408,0,I,376,6
50.2456018622877,58.7153540254446,36.9025488803163,13.3430529819713,1,C,377,6
63.1364018105302,72,37.4176451889798,25.7187566215504,1,I,378,6
49.0240904264454,72,37.5433400971815,11.4807503292639,1,C,379,6
188.84897140079,72,37.7485017897561,34.2514982102439,0,I,380,6
53.3878067127441,72,37.8374846465886,15.5503220661555,1,C,381,6
56.7199734835921,72,37.9059342015535,18.8140392820386,1,I,382,6
168.157991583064,72,37.9557577287778,34.0442422712222,0,C,383,6
68.0067877041908,72,37.9680201597512,30.0387675444396,1,I,384,6
126.258961524408,72,38.2326992880553,33.7673007119447,0,C,385,6
54.662871877239,72,38.4423135593534,16.2205583178857,1,I,386,6
43.6412532494769,72,38.4503786824644,5.19087456701248,1,C,387,6
44.078813801927,51.0649279652222,38.5521689197049,5.52664488222212,1,I,388,6
81.4913268020485,42.5969512796342,38.6457637371495,3.95118754248461,0,C,389,6
50.2996643615502,72,38.6809195484966,11.6187448130536,1,I,390,6
49.1810647615267,72,38.7927320133895,10.3883327481372,1,C,391,6
46.9453750377147,72,38.918879404664,8.02649563305064,1,I,392,6
50.6788883595769,72,38.9385054493323,11.7403829102446,1,C,393,6
42.3929359275992,72,38.9946056809276,3.39833024667159,1,I,394,6
66.7086272690607,72,39.0190314827487,27.689595786312,1,C,395,6
93.2456978515858,69.9644980528734,39.1761738527566,30.7883242001168,0,I,396,6
74.5191356999179,72,39.393485407345,32.606514592655,0,C,397,6
91.6184587913122,72,39.4206362357363,32.5793637642637,0,I,398,6
47.0472348954903,72,39.4799375161529,7.56729737933741,1,C,399,6
47.4693113249065,72,39.5958865620196,7.87342476288692,1,I,400,6
98.2636950214581,59.6611744781595,39.6590696135536,20.0021048646059,0,C,401,6
81.1993124087837,72,39.6857865527272,32.3142134472728,0,I,402,6
47.3115988246827,72,39.726548739709,7.5850500849737,1,C,403,6
63.4775499144518,72,39.8774701729417,23.6000797415101,1,I,404,6
260.895498111503,72,40.287358649075,31.712641350925,0,C,405,6
85.8234335462721,72,40.4090292798355,31.5909707201645,0,I,406,6
189.037745250907,72,40.5336601333693,31.4663398666307,0,C,407,6
77.8027130160039,72,40.6620232947171,31.3379767052829,0,I,408,6
144.034608781169,72,40.767078269273,31.232921730727,0,C,409,6
57.7509613097345,41.616507135341,40.9403723990545,0.676134736286578,0,I,410,6
47.3442395881572,72,40.9609720576555,6.38326753050173,1,C,411,6
92.8678390413635,72,41.0373282199726,30.9626717800275,0,I,412,6
46.0380251806754,72,41.3932267762721,4.64479840440337,1,C,413,6
168.939101494796,72,41.4049602812156,30.5950397187844,0,I,414,6
67.7607535365095,72,41.4782747626305,26.282478773879,1,C,415,6
102.655785825846,44.6534547734549,41.5129328984767,3.14052187497813,0,I,416,6
41.5892233619724,72,41.5709079382941,0.0183154236782948,1,C,417,6
164.872210922767,72,41.7452636361122,30.2547363638878,0,I,418,6
53.6181048975697,72,41.7835702886805,11.8345346088892,1,C,419,6
226.066665324973,72,41.9135452760384,30.0864547239617,0,I,420,6
47.4192819304717,72,41.9261740660295,5.49310786444225,1,C,421,6
82.4774557475028,72,42.1216424787417,29.8783575212583,0,I,422,6
55.6633811134713,72,42.2237551957369,13.4396259177344,1,C,423,6
73.2537407276248,72,42.2923996858299,29.7076003141701,0,I,424,6
69.6868008256147,72,42.369736880064,27.3170639455507,1,C,425,6
62.7915373996268,72,42.3962827865034,20.3952546131233,1,I,426,6
69.1759902159038,72,42.452357984148,26.7236322317558,1,C,427,6
178.841296369765,65.566753656163,42.4788477318361,23.0879059243269,0,I,428,6
80.0905128485855,72,42.7599233016372,29.2400766983628,0,C,429,6
67.9206924169982,72,42.842051256448,25.0786411605502,1,I,430,6
88.3770431587366,72,43.0000712256879,28.9999287743121,0,C,431,6
135.770672459608,62.0997806234698,43.0205917311832,19.0791888922866,0,I,432,6
187.15591538402,72,43.0791621375829,28.9208378624171,0,C,433,6
59.7462474326265,72,43.1681915419176,16.5780558907089,1,I,434,6
67.1949770482853,72,43.3716922067106,23.8232848415748,1,C,435,6
113.641664244479,72,43.4266618452966,28.5733381547034,0,I,436,6
75.4875277253995,72,43.4344044467434,28.5655955532566,0,C,437,6
50.7011966748952,72,43.4804281778634,7.2207684970318,1,I,438,6
82.8596272382351,72,43.4807606739923,28.5192393260077,0,C,439,6
115.276786263245,72,43.5543841822073,28.4456158177927,0,I,440,6
100.607194200236,72,43.6087801214308,28.3912198785692,0,C,441,6
157.741297025737,72,43.7131479475647,28.2868520524353,0,I,442,6
82.6353609968937,72,43.7186670396477,28.2813329603523,0,C,443,6
90.0049086491083,72,43.7648346740752,28.2351653259248,0,I,444,6
188.747034995426,72,43.8127863407135,28.1872136592865,0,C,445,6
113.240504838795,72,43.8905006088316,28.1094993911684,0,I,446,6
208.944322438285,72,44.0933010634035,27.9066989365965,0,C,447,6
76.8199014105578,72,44.30252938997,27.69747061003,0,I,448,6
49.4710745642816,72,44.3528702761978,5.11820428808383,1,C,449,6
48.5571177781734,72,44.4126090081409,4.14450877003257,1,I,450,6
50.3790749927426,72,44.4433091813698,5.93576581137274,1,C,451,6
170.966882389174,72,44.6089529804885,27.3910470195115,0,I,452,6
194.303600719962,72,44.6314938878641,27.368506112136,0,C,453,6
92.6639060790548,72,44.7363873291761,27.2636126708239,0,I,454,6
121.866130307735,72,44.8819469986483,27.1180530013517,0,C,455,6
45.3782590415844,72,44.8970634536818,0.481195587902641,1,I,456,6
85.8937392438648,72,45.0639753928408,26.9360246071592,0,C,457,6
67.8206201435289,72,45.1721903728321,22.6484297706968,1,I,458,6
45.8886497116326,72,45.2515482483432,0.637101463289461,1,C,459,6
47.2679638501967,72,45.2544700540602,2.01349379613646,1,I,460,6
52.5750572482664,62.0879009175989,45.4654132761061,7.10964397216027,1,C,461,6
107.111827663287,72,45.8732274547219,26.1267725452781,0,I,462,6
49.4535237308718,72,45.9042725572363,3.5492511736355,1,C,463,6
214.852643070743,72,46.0440736217424,25.9559263782576,0,I,464,6
51.9332744518858,46.7175527163976,46.3330305553973,0.384522161000362,0,C,465,6
58.4101656011437,72,46.3732345495373,12.0369310516064,1,I,466,6
56.3543549362992,72,46.6156646423042,9.73869029399502,1,C,467,6
135.540159430593,72,46.8167811445892,25.1832188554108,0,I,468,6
89.7244494657291,58.6654459234098,46.8188056536019,11.8466402698079,0,C,469,6
162.844153136943,72,46.8687893310562,25.1312106689438,0,I,470,6
146.315313808999,72,46.8688208051026,25.1311791948974,0,C,471,6
130.87542319015,72,47.0584964565933,24.9415035434067,0,I,472,6
324.727878747582,72,47.1236194577068,24.8763805422932,0,C,473,6
63.6608095654848,72,47.1415102109313,16.5192993545535,1,I,474,6
105.607979791845,72,47.160591292195,24.839408707805,0,C,475,6
83.3298744579932,72,47.272440274246,24.727559725754,0,I,476,6
207.235903814895,72,47.5104595720768,24.4895404279232,0,C,477,6
61.251772371609,72,47.5331270322204,13.7186453393887,1,I,478,6
128.977850010848,72,47.6302632177249,24.3697367822751,0,C,479,6
74.3871243638964,72,47.699613282457,24.300386717543,0,I,480,6
60.6155890348641,71.31914770696,47.8902041818947,12.7253848529694,1,C,481,6
112.342360678071,72,47.8946574870497,24.1053425129503,0,I,482,6
78.4550753718025,72,47.9498533252627,24.0501466747373,0,C,483,6
146.611971814484,72,47.9536302387714,24.0463697612286,0,I,484,6
57.2243804807995,72,48.3381910482422,8.88618943255733,1,C,485,6
135.276625551106,72,48.5829218337312,23.4170781662688,0,I,486,6
197.116633306927,72,48.632677718997,23.367322281003,0,C,487,6
90.6343219615512,72,48.7002140516415,23.2997859483585,0,I,488,6
142.030978522654,72,48.7420137226582,23.2579862773418,0,C,489,6
206.117304077357,72,48.7752760201693,23.2247239798307,0,I,490,6
120.819117186629,72,48.8417475577444,23.1582524422556,0,C,491,6
89.9056276252931,72,48.8508203113452,23.1491796886548,0,I,492,6
57.1743669986666,72,48.8840706227347,8.29029637593188,1,C,493,6
86.9050605052195,72,48.9289189316332,23.0710810683668,0,I,494,6
60.155379844454,59.6051671234856,49.0136444661766,10.591522657309,0,C,495,6
49.5411283089616,72,49.1369782481343,0.404150060827296,1,I,496,6
89.8155871716142,72,49.2075083451346,22.7924916548654,0,C,497,6
64.7662543615019,72,49.2164043802768,15.5498499812251,1,I,498,6
126.162111792697,72,49.3825494870544,22.6174505129457,0,C,499,6
91.1868166590036,72,49.4602252822369,22.5397747177631,0,I,500,6
104.179548521558,50.1399041294742,49.5110489800572,0.628855149416957,0,C,501,6
106.508967390037,72,49.5819081785157,22.4180918214843,0,I,502,6
68.9869163056877,72,49.5877470541745,19.3991692515132,1,C,503,6
71.4121957328679,72,49.6957392990589,21.716456433809,1,I,504,6
50.6157580963337,72,49.920868864283,0.694889232050762,1,C,505,6
60.3386717499193,72,50.0212527718395,10.3174189780798,1,I,506,6
50.5962558544105,72,50.0240861065686,0.572169747841923,1,C,507,6
66.6016993786526,72,50.1601377781481,16.4415616005045,1,I,508,6
123.860523089219,72,50.19790828228,21.80209171772,0,C,509,6
98.8302600130884,72,50.240618227981,21.759381772019,0,I,510,6
57.8146635549916,72,50.3348270477727,7.47983650721883,1,C,511,6
158.758658134317,72,50.5106063000858,21.4893936999142,0,I,512,6
52.020245433635,72,50.5420687654987,1.47817666813628,1,C,513,6
50.6598334485384,72,50.5738440714777,0.0859893770607408,1,I,514,6
132.248993880966,72,50.9283881960437,21.0716118039563,0,C,515,6
116.583035347883,72,50.9432543255389,21.0567456744611,0,I,516,6
51.5448400418614,72,51.058404436335,0.486435605526408,1,C,517,6
65.5162600600739,72,51.2435069913045,14.2727530687694,1,I,518,6
235.078229537901,72,51.3504650909454,20.6495349090546,0,C,519,6
164.285316911444,72,51.6014579264447,20.3985420735553,0,I,520,6
61.8189189657724,72,51.6275557642803,10.1913632014921,1,C,521,6
142.486899835012,72,51.8658991204575,20.1341008795425,0,I,522,6
118.651668711343,72,52.0694539183751,19.9305460816249,0,C,523,6
55.6467170245076,72,52.1398491365835,3.50686788792412,1,I,524,6
159.061847613601,72,52.2181263193488,19.7818736806512,0,C,525,6
56.730895899891,72,52.4810775043443,4.24981839554672,1,I,526,6
64.1716014165189,72,52.6170371007174,11.5545643158014,1,C,527,6
89.3610269455708,72,52.7337742131203,19.2662257868797,0,I,528,6
68.8516319994336,72,52.8002016060054,16.0514303934281,1,C,529,6
80.2877368151466,58.7535754879872,52.8285475261509,5.92502796183621,0,I,530,6
76.5838616758736,72,52.8906009206548,19.1093990793452,0,C,531,6
84.9374455960026,72,52.943198424764,19.056801575236,0,I,532,6
107.133767422619,72,53.0919804191217,18.9080195808783,0,C,533,6
147.905502109438,72,53.5665909480304,18.4334090519697,0,I,534,6
171.69523324068,72,53.5748225916177,18.4251774083823,0,C,535,6
99.0964527897179,72,53.6773988977075,18.3226011022925,0,I,536,6
125.114273915292,72,53.6813798826188,18.3186201173812,0,C,537,6
94.6329856875514,72,53.7086823536083,18.2913176463917,0,I,538,6
89.0428817269308,72,53.7350775115192,18.2649224884808,0,C,539,6
86.2621422676972,72,53.7435051519424,18.2564948480576,0,I,540,6
64.1774760457119,72,53.7594285886735,10.4180474570384,1,C,541,6
67.9970911039122,72,53.8546058675274,14.1424852363848,1,I,542,6
83.3944632579047,72,53.9264447009191,18.0735552990809,0,C,543,6
55.7075388340683,72,54.1732020210475,1.5343368130208,1,I,544,6
131.870423409237,72,54.19468796812,17.80531203188,0,C,545,6
81.6279180017242,72,54.2797225434333,17.7202774565667,0,I,546,6
81.4206987650967,72,54.3093038862571,17.6906961137429,0,C,547,6
54.3657609295256,72,54.3352883169428,0.0304726125828332,1,I,548,6
61.0795819375021,62.7007900756291,54.3831276800484,6.69645425745375,1,C,549,6
90.9611132635807,72,54.5067446585745,17.4932553414255,0,I,550,6
69.7740660991966,72,54.5967301446945,15.1773359545022,1,C,551,6
200.86844569063,72,54.6375885140151,17.3624114859849,0,I,552,6
80.3523359438204,72,54.6398071898148,17.3601928101853,0,C,553,6
59.5438697368968,72,54.7940267482773,4.74984298861959,1,I,554,6
90.5759688337537,72,54.8074539843947,17.1925460156053,0,C,555,6
96.9695270393896,72,54.832908064127,17.167091935873,0,I,556,6
146.637990324643,72,54.9378151260316,17.0621848739684,0,C,557,6
132.159274858131,72,55.0014048535377,16.9985951464623,0,I,558,6
128.386653968778,72,55.0387047138065,16.9612952861935,0,C,559,6
69.6921686280264,72,55.0720629561693,14.6201056718571,1,I,560,6
170.831969778495,72,55.2948755817488,16.7051244182512,0,C,561,6
78.3773979788807,72,55.3731427760795,16.6268572239205,0,I,562,6
70.3112241206688,72,55.5502458801493,14.7609782405195,1,C,563,6
55.7044754342957,72,55.6828471412882,0.0216282930074823,1,I,564,6
251.860817990523,66.9452564950375,55.8189083542675,11.12634814077,0,C,565,6
63.4791975619637,72,55.9562788903713,7.52291867159234,1,I,566,6
84.5882896330219,72,55.9765830589458,16.0234169410542,0,C,567,6
129.561230857701,72,56.2239044671878,15.7760955328122,0,I,568,6
61.289257947989,72,56.617901371792,4.67135657619707,1,C,569,6
117.604661894739,72,56.6339385649189,15.3660614350811,0,I,570,6
62.4384525956649,72,56.9641271419823,5.47432545368258,1,C,571,6
100.787195592407,72,57.022665347904,14.977334652096,0,I,572,6
149.778432444277,72,57.1000873250887,14.8999126749113,0,C,573,6
154.691160523985,72,57.2752038622275,14.7247961377725,0,I,574,6
91.4404884783884,72,57.3654403863475,14.6345596136525,0,C,575,6
138.193219538393,72,57.7809263812378,14.2190736187622,0,I,576,6
228.419115429723,72,57.7960157068446,14.2039842931554,0,C,577,6
73.4038907496389,72,57.8844228945673,14.1155771054327,0,I,578,6
80.3921556849421,72,57.8988463059068,14.1011536940932,0,C,579,6
73.1859720072327,72,57.9154255567119,14.0845744432881,0,I,580,6
107.006039817997,72,58.0407206481323,13.9592793518677,0,C,581,6
82.6146510358642,72,58.188733602874,13.811266397126,0,I,582,6
86.0028668720732,72,58.3546825032681,13.6453174967319,0,C,583,6
166.231421061158,72,58.4795929212123,13.5204070787877,0,I,584,6
124.242503746413,72,58.8835792383179,13.1164207616821,0,C,585,6
142.881724747064,72,58.9128914102912,13.0871085897088,0,I,586,6
120.116795058981,72,58.973169378005,13.026830621995,0,C,587,6
361.774696525478,72,59.1191400540993,12.8808599459007,0,I,588,6
111.20412469197,72,59.1972880996764,12.8027119003236,0,C,589,6
63.9355883432086,72,59.2034764308482,4.7321119123603,1,I,590,6
175.861441216587,72,59.2293087160215,12.7706912839785,0,C,591,6
95.5191376110236,72,59.3265920877457,12.6734079122543,0,I,592,6
134.890472079235,72,59.4255124451593,12.5744875548407,0,C,593,6
87.5892134319221,72,59.5231221383438,12.4768778616562,0,I,594,6
69.2981499365257,72,59.6362242707983,9.66192566572743,1,C,595,6
73.8784187637406,72,59.7644582530484,12.2355417469516,0,I,596,6
107.128650898415,72,59.8550223978236,12.1449776021764,0,C,597,6
83.4294490761676,72,59.9335364392027,12.0664635607973,0,I,598,6
72.2399048337623,72,59.9668720224872,12.0331279775128,0,C,599,6
102.560330853795,72,59.9908224167302,12.0091775832698,0,I,600,6
0.602361995047121,72,0.21193855907768,0.390423435969441,1,C,1,7
4.23979594123055,72,0.225731902755797,4.01406403847475,1,I,2,7
33.5786658610416,34.8258666641253,0.228652856312692,33.3500130047289,1,C,3,7
3.35818154112896,35.8644392603045,0.509993070736527,2.84818847039243,1,I,4,7
21.180919944255,72,0.643515922129154,20.5374040221258,1,C,5,7
11.6815753674985,56.1536381449433,0.823991359211505,10.857584008287,1,I,6,7
11.0723808016273,72,0.937130469828844,10.1352503317985,1,C,7,7
142.38821227218,44.0703568821764,0.945698521099985,43.1246583610764,0,I,8,7
34.5160885599021,72,1.08300028368831,33.4330882762138,1,C,9,7
25.8382907471256,72,1.29233635962009,24.5459543875055,1,I,10,7
3.12368390159734,72,1.40910997521132,1.71457392638602,1,C,11,7
110.847203297372,20.9162556504934,1.41100837849081,19.5052472720026,0,I,12,7
6.58120882020474,72,1.51744139380753,5.06376742639721,1,C,13,7
48.0109930654167,72,1.65580478031188,46.3551882851048,1,I,14,7
13.5064636870748,47.5149189482638,1.68087382335216,11.8255898637226,1,C,15,7
101.121618712097,62.1488838879664,1.71608414500952,60.4327997429569,0,I,16,7
147.033082105659,72,1.79907591082156,70.2009240891784,0,C,17,7
22.8330601217482,32.2255730544199,1.87190918717533,20.9611509345729,1,I,18,7
58.5693737285512,72,1.91005503293127,56.6593186956199,1,C,19,7
6.55755051801294,72,1.93296127952635,4.62458923848658,1,I,20,7
93.7484848283336,72,2.0914410520345,69.9085589479655,0,C,21,7
5.82187994624692,72,2.09322335198522,3.72865659426171,1,I,22,7
35.9695237161742,72,2.14151356369257,33.8280101524816,1,C,23,7
11.1855535374841,72,2.21631035674363,8.96924318074051,1,I,24,7
14.6112675761109,72,2.37269361969084,12.2385739564201,1,C,25,7
6.73380442258072,72,2.451430731453,4.28237369112772,1,I,26,7
27.6317082962881,45.6364499605278,2.84963530953974,24.7820729867483,1,C,27,7
9.29479552335411,72,2.88819534704089,6.40660017631322,1,I,28,7
76.2670261804606,13.5201586987317,2.99211295321584,10.5280457455159,0,C,29,7
43.9620202745929,72,3.23419023770839,40.7278300368845,1,I,30,7
9.946475151221,72,3.24334221426398,6.70313293695702,1,C,31,7
51.7082585010015,65.3383561422608,3.24915041215718,48.4591080888443,1,I,32,7
55.2768836966129,72,3.32213129382581,51.9547524027871,1,C,33,7
49.8335794191691,72,3.3731676125899,46.4604118065792,1,I,34,7
152.640026281242,72,3.48375581670553,68.5162441832945,0,C,35,7
118.236046100662,72,3.84641977027059,68.1535802297294,0,I,36,7
326.744907474968,72,3.87076127808541,68.1292387219146,0,C,37,7
121.575080185851,72,4.00856492109597,67.991435078904,0,I,38,7
9.17961242044097,72,4.02604127302766,5.15357114741332,1,C,39,7
25.7470145546308,72,4.35477195773274,21.392242596898,1,I,40,7
10.1655864258323,65.8565822267473,4.35841372702271,5.80717269880956,1,C,41,7
18.5825895555208,72,4.41914023831487,14.163449317206,1,I,42,7
10.8159896226736,72,4.52796384226531,6.28802578040828,1,C,43,7
46.2887813267873,72,4.56457797903568,41.7242033477516,1,I,44,7
46.6243107706889,72,4.7773295128718,41.8469812578171,1,C,45,7
107.103691356091,72,5.00668697990477,66.9933130200952,0,I,46,7
21.743968630397,25.3399497195253,5.02657416276634,16.7173944676306,1,C,47,7
6.02186301654921,72,5.04451523534954,0.977347781199675,1,I,48,7
159.052784452047,72,5.20145400892943,66.7985459910706,0,C,49,7
64.0162109496008,37.3175750136848,5.35478614736348,31.9627888663214,0,I,50,7
24.6639022926943,65.5229732872981,5.38490122184157,19.2790010708528,1,C,51,7
34.6322143218537,72,5.48922550398856,29.1429888178651,1,I,52,7
44.5326089360389,72,5.55090228561312,38.9817066504257,1,C,53,7
79.2424910158243,72,5.72644846513867,66.2735515348613,0,I,54,7
77.6219595629058,24.8885263076075,5.98541087005287,18.9031154375546,0,C,55,7
85.1173375873854,72,6.00754726678133,65.9924527332187,0,I,56,7
48.419575554332,72,6.04917672928423,42.3703988250478,1,C,57,7
15.6002652238275,72,6.07754377182573,9.52272145200176,1,I,58,7
144.729067200089,72,6.10512376762927,65.8948762323707,0,C,59,7
53.4725784400132,66.9123342779548,6.51976738125086,46.9528110587623,1,I,60,7
12.528301922017,44.8752434187549,6.60011064726859,5.92819127474837,1,C,61,7
65.9047511404401,72,6.9923107791692,58.9124403612709,1,I,62,7
50.2630354712382,71.6492019081129,7.22975632175803,43.0332791494802,1,C,63,7
49.0551213130304,72,7.25521547254175,41.7999058404887,1,I,64,7
64.619648558897,72,7.48785572592169,57.1317928329754,1,C,65,7
71.2382650204188,72,7.58499297313392,63.6532720472849,1,I,66,7
8.7840824885426,72,7.59505630005151,1.18902618849109,1,C,67,7
31.1357781748136,72,7.68149191047996,23.4542862643337,1,I,68,7
89.0395263866882,72,7.77940702624619,64.2205929737538,0,C,69,7
106.452999429252,72,7.80629967804998,64.19370032195,0,I,70,7
9.7821989646494,72,7.82895332202315,1.95324564262624,1,C,71,7
36.7416993192813,72,7.89644939359278,28.8452499256885,1,I,72,7
10.6412346222336,72,7.95277178753167,2.68846283470189,1,C,73,7
16.3890420113096,72,7.99418586306274,8.39485614824686,1,I,74,7
62.6357658233534,72,8.13103146851063,54.5047343548427,1,C,75,7
16.5308749501781,72,8.15699877217412,8.37387617800393,1,I,76,7
63.8944083830794,72,8.28159715980291,55.6128112232765,1,C,77,7
75.8692625914493,72,8.28877223655582,63.7112277634442,0,I,78,7
90.533914110137,72,8.29018999356777,63.7098100064322,0,C,79,7
63.6706059383058,72,8.43370446469635,55.2369014736094,1,I,80,7
194.282413225629,72,8.60779025126249,63.3922097487375,0,C,81,7
95.7350293761216,72,8.71441867668182,63.2855813233182,0,I,82,7
73.6654789847613,62.1683574992709,8.83953425567597,53.3288232435949,0,C,83,7
77.0233973253978,72,8.86626442428678,63.1337355757132,0,I,84,7
73.8078465235061,72,9.00373523589224,62.9962647641078,0,C,85,7
53.3745898031406,72,9.09100967925042,44.2835801238902,1,I,86,7
74.8492735948791,36.6875716573478,9.14408018812537,27.5434914692225,0,C,87,7
105.998730267285,72,9.47269775904715,62.5273022409529,0,I,88,7
113.848992316919,72,9.60931815672666,62.3906818432733,0,C,89,7
81.7245160789175,72,9.73397030029446,62.2660296997055,0,I,90,7
20.4435600468679,72,9.75636932998896,10.687190716879,1,C,91,7
25.1657356164385,72,9.77630083914846,15.38943477729,1,I,92,7
12.8880300960568,72,9.85665620304644,3.03137389301031,1,C,93,7
32.5459919142457,72,9.86470104195178,22.6812908722939,1,I,94,7
108.069819241092,72,9.92806829977781,62.0719317002222,0,C,95,7
83.2799118981317,72,9.97914932202548,62.0208506779745,0,I,96,7
75.1468739325974,72,9.98288825154305,62.017111748457,0,C,97,7
50.4937863282103,72,10.1156574022025,40.3781289260078,1,I,98,7
38.9947756337693,72,10.2224163757637,28.7723592580056,1,C,99,7
67.8751062299274,72,10.2934490935877,57.5816571363397,1,I,100,7
26.9077991768565,72,10.4184816777706,16.4893174990859,1,C,101,7
267.28349622813,72,10.4523652000353,61.5476347999647,0,I,102,7
48.5373747157073,72,10.5550780752674,37.98229664044,1,C,103,7
33.3677000360963,72,10.5575920734555,22.8101079626409,1,I,104,7
71.442851106687,26.0672660052138,10.6088072480634,15.4584587571504,0,C,105,7
51.3892984407861,72,10.678801741451,40.7104966993351,1,I,106,7
122.90085103804,72,10.7419243315235,61.2580756684765,0,C,107,7
23.1050068050785,72,10.8409144263715,12.264092378707,1,I,108,7
44.0874275152127,72,10.8763327309862,33.2110947842265,1,C,109,7
35.0218231043017,72,10.9008063655347,24.121016738767,1,I,110,7
77.1367210332702,16.1031506975015,10.9423003345728,5.16085036292874,0,C,111,7
19.2192175945347,72,11.0216405801475,8.19757701438721,1,I,112,7
19.2395522858505,72,11.0737380478531,8.16581423799735,1,C,113,7
235.756504036029,72,11.4347637165338,60.5652362834662,0,I,114,7
18.4067357203274,72,11.4662860985845,6.94044962174288,1,C,115,7
13.9951426233866,72,11.499052438885,2.49609018450158,1,I,116,7
37.1969637910495,72,11.6584091400728,25.5385546509767,1,C,117,7
49.6760343479095,72,11.9646154437214,37.7114189041881,1,I,118,7
15.6939435928882,14.3905831033379,12.1432141587138,2.24736894462413,0,C,119,7
51.7164664097724,47.5945980898341,12.1929201018065,35.4016779880276,0,I,120,7
38.2950360538517,46.4453112766768,12.2260906873271,26.0689453665246,1,C,121,7
29.8487107146221,72,12.4635013891384,17.3852093254837,1,I,122,7
119.8837308435,72,12.6402475079522,59.3597524920479,0,C,123,7
42.6536862491918,72,12.650623396039,30.0030628531528,1,I,124,7
54.1867204498926,72,12.7142521413043,41.4724683085883,1,C,125,7
60.4499072553466,72,12.7180717326701,47.7318355226765,1,I,126,7
16.0023555207625,72,12.7879096800461,3.2144458407164,1,C,127,7
127.908303994487,72,12.867957148701,59.1320428512991,0,I,128,7
44.0206496761974,27.2081979675356,13.0750907678157,14.1331071997199,0,C,129,7
29.8503141603505,72,13.0816642614082,16.7686498989423,1,I,130,7
44.5581347663097,72,13.0873242253438,31.470810540966,1,C,131,7
22.0896447126568,72,13.0899426760152,8.99970203664163,1,I,132,7
28.947884458541,61.710846942598,13.096859366633,15.851025091908,1,C,133,7
50.6856327808773,72,13.1544230505824,37.5312097302948,1,I,134,7
256.044991589179,72,13.1598274921998,58.8401725078002,0,C,135,7
30.1897315622017,72,13.2971815997735,16.8925499624282,1,I,136,7
86.6599677497101,50.6831141492389,13.3302682964131,37.3528458528258,0,C,137,7
35.306144336135,72,13.473698515445,21.83244582069,1,I,138,7
220.202281831378,40.7544840698642,13.6052327882499,27.1492512816143,0,C,139,7
16.7951532238088,72,13.6162068787962,3.17894634501254,1,I,140,7
58.136105350852,72,13.6254198616371,44.510685489215,1,C,141,7
76.5877968913267,72,13.64441444166,58.35558555834,0,I,142,7
22.4990804806032,31.2836998891126,13.7387490039691,8.76033147663403,1,C,143,7
45.2157872817988,72,13.8310823589563,31.3847049228424,1,I,144,7
109.761530410091,42.913593614842,13.849866958335,29.0637266565069,0,C,145,7
156.383673569497,72,14.0402764733881,57.9597235266119,0,I,146,7
86.7979437262552,72,14.062970476225,57.937029523775,0,C,147,7
86.855383170137,24.1421751704746,14.0699587762356,10.072216394239,0,I,148,7
123.400117614422,24.5042758408357,14.1168187558651,10.3874570849706,0,C,149,7
46.8756035163297,72,14.1643947456032,32.7112087707265,1,I,150,7
90.5694193226963,72,14.2151846922934,57.7848153077066,0,C,151,7
17.6677287011887,72,14.4053423870355,3.26238631415324,1,I,152,7
58.4127602180994,72,14.463659520261,43.9491006978384,1,C,153,7
25.3852746830419,72,14.6463962411508,10.7388784418911,1,I,154,7
18.3056918049469,72,14.7643307503313,3.54136105461565,1,C,155,7
27.1277614140434,34.8226711972143,14.7960163000971,12.3317451139463,1,I,156,7
15.8139943070876,14.9516153481636,14.8976879892871,0.0539273588765195,0,C,157,7
91.4000318357005,72,14.9620328424498,57.0379671575502,0,I,158,7
35.627638172375,72,14.9621173320338,20.6655208403412,1,C,159,7
26.2849771553859,72,15.0849085813388,11.2000685740471,1,I,160,7
133.688654683143,72,15.1286894269288,56.8713105730712,0,C,161,7
28.353525464836,72,15.1383773284033,13.2151481364327,1,I,162,7
207.025899940353,69.212274955941,15.1475802250206,54.0646947309203,0,C,163,7
17.9340719895022,72,15.2194364229217,2.71463556658044,1,I,164,7
28.0476880607276,72,15.2692149812356,12.7784730794921,1,C,165,7
228.939773930456,72,15.4125184100121,56.5874815899879,0,I,166,7
21.6503471848196,72,15.5028176726773,6.14752951214224,1,C,167,7
205.896437896353,72,15.5671443650499,56.4328556349501,0,I,168,7
24.5301787942507,72,15.6440369971097,8.886141797141,1,C,169,7
83.7434558093827,72,15.6970991240814,56.3029008759186,0,I,170,7
94.8267170360507,72,15.7412304729223,56.2587695270777,0,C,171,7
185.791167125245,72,15.7503127958626,56.2496872041375,0,I,172,7
24.9905041544766,48.7423595474317,15.7620156928897,9.22848846158693,1,C,173,7
60.9188177687058,72,15.9695457341149,44.9492720345908,1,I,174,7
31.0848251055441,72,16.1547376820818,14.9300874234624,1,C,175,7
27.0688714369607,72,16.3130669435486,10.755804493412,1,I,176,7
170.079084256222,60.2999698636239,16.4545358810574,43.8454339825665,0,C,177,7
77.2707598301019,72,16.5373652614653,55.4626347385347,0,I,178,7
41.2161187048622,72,16.6354127693921,24.58070593547,1,C,179,7
23.6571180002444,72,16.7069813422859,6.95013665795852,1,I,180,7
38.2473382135404,72,16.7868775874376,21.4604606261028,1,C,181,7
20.2409228265044,72,16.904917624779,3.3360052017254,1,I,182,7
57.8941211322491,72,16.9647148344666,40.9294062977825,1,C,183,7
89.8730958382459,72,17.1343839308247,54.8656160691753,0,I,184,7
87.679480416712,72,17.1427534008399,54.8572465991601,0,C,185,7
29.5842800202594,72,17.2826046170667,12.3016754031927,1,I,186,7
31.513508623583,41.5320625318246,17.5621109828353,13.9513976407477,1,C,187,7
48.6396695222114,72,17.6481118518859,30.9915576703255,1,I,188,7
114.613310450864,48.2936931804047,17.6597076701,30.6339855103046,0,C,189,7
66.1530829323268,72,17.7080571558326,48.4450257764942,1,I,190,7
83.174231680301,24.8364700343597,17.8568004397675,6.97966959459215,0,C,191,7
73.2979916528054,72,18.138075680472,53.8619243195281,0,I,192,7
27.8443893052666,72,18.3015282545239,9.54286105074268,1,C,193,7
47.3824259864064,72,18.3152786688879,29.0671473175185,1,I,194,7
122.834411327447,72,18.426908031106,53.573091968894,0,C,195,7
26.9440212694542,72,18.4606677107513,8.48335355870286,1,I,196,7
43.4252571211074,72,18.5396721633151,24.8855849577922,1,C,197,7
23.0334197890017,72,18.6662953672931,4.36712442170867,1,I,198,7
110.466599525488,72,18.7402842985466,53.2597157014534,0,C,199,7
108.317245765852,36.0672392443076,18.907909328118,17.1593299161896,0,I,200,7
51.6975873210983,72,19.3767557898536,32.3208315312447,1,C,201,7
95.4308148151222,72,19.5589113654569,52.4410886345431,0,I,202,7
136.602192373826,72,19.58097551018,52.41902448982,0,C,203,7
54.1158862557339,72,19.6694051334634,34.4464811222704,1,I,204,7
78.2451511902729,72,19.7233045008034,52.2766954991967,0,C,205,7
22.4756351649117,72,19.8269252479076,2.64870991700405,1,I,206,7
26.2922931423473,72,19.9252152023837,6.36707793996357,1,C,207,7
64.3201801449515,72,19.9757913546637,44.3443887902879,1,I,208,7
37.6571013360051,72,20.0675725797191,17.589528756286,1,C,209,7
47.28910847982,72,20.0775067973882,27.2116016824318,1,I,210,7
28.5554202789274,72,20.2170101786032,8.3384101003242,1,C,211,7
167.92690351152,72,20.2269927319139,51.7730072680861,0,I,212,7
113.545995239827,62.520210351493,20.3683146787807,42.1518956727123,0,C,213,7
20.9388451884469,72,20.3907203720883,0.548124816358594,1,I,214,7
73.1798979647849,72,20.5808739177883,51.4191260822117,0,C,215,7
122.499061689067,62.8626231111973,21.0827507916838,41.7798723195135,0,I,216,7
187.57400819027,49.009652653969,21.2104216078296,27.7992310461394,0,C,217,7
72.4385335038737,72,21.2348191067576,50.7651808932424,0,I,218,7
68.71166656995,49.0340825910311,21.3059835322201,27.7280990588109,0,C,219,7
99.4165550297801,72,21.3283983198926,50.6716016801074,0,I,220,7
58.547157004143,72,21.3481708103791,37.1989861937639,1,C,221,7
87.700645631123,72,21.3957044156268,50.6042955843732,0,I,222,7
98.9011346467856,72,21.511842221953,50.488157778047,0,C,223,7
23.0314846496013,72,21.5688809473068,1.46260370229451,1,I,224,7
72.0984450584728,72,21.6431100899354,50.3568899100646,0,C,225,7
97.6536862307105,72,21.6919541778043,50.3080458221957,0,I,226,7
21.7981972301743,72,21.7187800537795,0.0794171763947995,1,C,227,7
65.6035726092494,71.9321223800476,21.79081548471,43.8127571245394,1,I,228,7
71.7511128897269,57.107905640342,21.7938095564023,35.3140960839397,0,C,229,7
60.0689097436834,72,21.8871173495427,38.1817923941407,1,I,230,7
111.304852239857,72,22.1533308411017,49.8466691588983,0,C,231,7
54.8916664015221,72,22.1920064371079,32.6996599644142,1,I,232,7
143.1039912149,72,22.514571826905,49.485428173095,0,C,233,7
51.8028912361346,72,22.5548060657457,29.2480851703889,1,I,234,7
51.2349272093032,72,22.6019112020731,28.6330160072301,1,C,235,7
54.8059036280233,72,22.8787281084806,31.9271755195427,1,I,236,7
103.844864243296,72,22.9502084059641,49.0497915940359,0,C,237,7
78.1497627399914,72,22.9949661623687,49.0050338376314,0,I,238,7
28.8491045520629,23.9187237264635,23.0155703332275,0.903153393236,0,C,239,7
69.127662088268,72,23.0699781049043,46.0576839833637,1,I,240,7
54.6554083981831,72,23.1686194008216,31.4867889973615,1,C,241,7
41.2035643519919,72,23.2106897234917,17.9928746285003,1,I,242,7
66.5935347224149,72,23.318299530074,43.2752351923409,1,C,243,7
53.0186406765044,72,23.3378801727667,29.6807605037376,1,I,244,7
68.8525908000219,72,23.392795426771,45.4597953732508,1,C,245,7
29.0254269285458,72,23.4167035343125,5.60872339423325,1,I,246,7
26.8356195625593,72,23.7369659822434,3.0986535803159,1,C,247,7
65.463021094203,72,23.9787669014186,41.4842541927844,1,I,248,7
42.3856637708111,72,24.0220341878012,18.3636295830099,1,C,249,7
120.389157245463,72,24.038905100897,47.9610948991031,0,I,250,7
115.075789984291,72,24.2274978803471,47.7725021196529,0,C,251,7
66.992451051675,72,24.3354246206582,42.6570264310169,1,I,252,7
126.077536080843,72,24.3741293996573,47.6258706003428,0,C,253,7
28.2297675136125,59.0424871334734,24.5835516555235,3.64621585808906,1,I,254,7
39.0971107746679,72,24.7207256080583,14.3763851666097,1,C,255,7
79.8708299715264,72,24.7230554698035,47.2769445301965,0,I,256,7
178.805262778685,49.5591460324955,24.8646599845961,24.6944860478994,0,C,257,7
112.107504709195,72,24.9016395024955,47.0983604975045,0,I,258,7
57.3618236582149,28.9605933533476,25.179074909538,3.78151844380957,0,C,259,7
334.426934153095,72,25.4173429962248,46.5826570037752,0,I,260,7
199.213962330017,72,25.5119377886876,46.4880622113124,0,C,261,7
151.080053745462,72,25.5512097850442,46.4487902149558,0,I,262,7
34.327986929893,72,25.562126445584,8.76586048430896,1,C,263,7
36.4684139847413,72,25.6198086636141,10.8486053211272,1,I,264,7
58.73943636279,46.3699342023258,25.642355424352,20.7275787779738,0,C,265,7
66.5553708055915,27.5758156580663,25.8586570573971,1.7171586006692,0,I,266,7
36.8587331597377,72,25.926759056747,10.9319741029908,1,C,267,7
36.1287635226531,72,26.0434403037652,10.0853232188879,1,I,268,7
122.071869326951,72,26.1935902107507,45.8064097892493,0,C,269,7
46.3189861502538,72,26.2081947131082,20.1107914371455,1,I,270,7
115.374110949629,72,26.2411573715508,45.7588426284492,0,C,271,7
77.1942387010268,72,26.2492007156834,45.7507992843166,0,I,272,7
112.606120737967,71.3077572429461,26.3506958540529,44.9570613888932,0,C,273,7
84.2615852608465,72,26.4275262365118,45.5724737634882,0,I,274,7
49.974750538727,64.8214231957548,26.4880947489291,23.4866557897979,1,C,275,7
38.7479976567987,72,26.5853848261759,12.1626128306228,1,I,276,7
69.0860886349388,72,26.5868902858347,42.4991983491042,1,C,277,7
29.9236851705926,72,26.7779876617715,3.14569750882112,1,I,278,7
105.733507077636,54.7011066375108,26.8527481891215,27.8483584483893,0,C,279,7
48.4853187000658,72,26.9264517584816,21.5588669415842,1,I,280,7
127.985395325683,46.0363492533585,26.9704600330442,19.0658892203142,0,C,281,7
69.8916972705179,72,27.0164637174457,42.8752335530722,1,I,282,7
158.539710915687,41.5743075145528,27.1072937222198,14.467013792333,0,C,283,7
57.5203164246865,72,27.1571572031826,30.363159221504,1,I,284,7
75.9449308128371,72,27.5255490699783,44.4744509300217,0,C,285,7
53.6548948172557,62.3853657004566,27.5629551010206,26.091939716235,1,I,286,7
68.3151566369635,72,27.588036688976,40.7271199479875,1,C,287,7
66.4163352967536,72,27.6877223700285,38.7286129267251,1,I,288,7
53.0641078839234,72,27.8481484483928,25.2159594355306,1,C,289,7
36.4292325920062,72,27.8901508357376,8.5390817562686,1,I,290,7
137.172477024654,61.4080227574159,27.9834858700633,33.4245368873526,0,C,291,7
134.877275437069,72,28.0446961708367,43.9553038291633,0,I,292,7
71.4992256004304,51.4609592809574,28.2858249591664,23.175134321791,0,C,293,7
106.6497867011,72,28.6586926644668,43.3413073355332,0,I,294,7
32.1487986452074,72,28.7122296122834,3.43656903292397,1,C,295,7
79.4991143106635,72,28.7588385818526,43.2411614181474,0,I,296,7
67.3103054900233,72,28.8071361975744,38.5031692924488,1,C,297,7
37.4109911046152,72,28.8818145124242,8.529176592191,1,I,298,7
89.1988848615274,72,28.89397545252,43.1060245474801,0,C,299,7
68.9809732794863,72,29.0563635388389,39.9246097406473,1,I,300,7
75.4661800388625,72,29.1990360617638,42.8009639382362,0,C,301,7
36.6763593575745,72,29.2254113545641,7.45094800301032,1,I,302,7
185.280611648188,72,29.4167521130294,42.5832478869706,0,C,303,7
140.661545182022,72,29.5419028401375,42.4580971598625,0,I,304,7
54.918695496781,72,29.5778401801363,25.3408553166448,1,C,305,7
230.897669381943,72,29.6005970332772,42.3994029667229,0,I,306,7
40.5990107221923,72,29.6812497032806,10.9177610189116,1,C,307,7
75.6178746146331,72,29.7434156527743,42.2565843472257,0,I,308,7
61.9578941861476,72,29.8647653963417,32.0931287898059,1,C,309,7
41.5938767320798,72,30.0014959461987,11.5923807858811,1,I,310,7
70.9242392801858,38.1604511828414,30.1155770011246,8.04487418171676,0,C,311,7
52.7175156534072,72,30.1706866035238,22.5468290498834,1,I,312,7
42.978430246465,32.0822238605429,30.2541481330991,1.82807572744377,0,C,313,7
93.4858478365943,72,30.4340536985546,41.5659463014454,0,I,314,7
39.1883042535563,72,30.4623636882752,8.72594056528104,1,C,315,7
52.7948962606645,72,30.5007140943781,22.2941821662865,1,I,316,7
158.272758584985,72,30.519096669741,41.480903330259,0,C,317,7
71.7937458328836,72,30.7549536321312,41.0387922007524,1,I,318,7
44.6568630044583,53.4701235194352,31.1001452570781,13.5567177473802,1,C,319,7
39.7847752613451,72,31.1375152599067,8.64726000143844,1,I,320,7
81.2048822875055,72,31.1597724119201,40.8402275880799,0,C,321,7
233.905255019804,72,31.3123273523524,40.6876726476476,0,I,322,7
52.5874300019168,62.4388221653134,31.3192300032824,21.2681999986344,1,C,323,7
47.782663516103,72,31.3638841873035,16.4187793287995,1,I,324,7
62.8784046086568,72,31.4221224747598,31.456282133897,1,C,325,7
44.3589956593202,72,31.4804580481723,12.8785376111479,1,I,326,7
86.4664247365555,72,31.6130758356303,40.3869241643697,0,C,327,7
32.5024172140762,72,31.7899557994679,0.712461414608339,1,I,328,7
93.1507781163727,72,32.038488839753,39.961511160247,0,C,329,7
200.855754606328,50.2830448582327,32.1938489517197,18.089195906513,0,I,330,7
34.5643263678613,54.7870658979436,32.2165826149285,2.34774375293284,1,C,331,7
144.415111460275,72,32.4347599223256,39.5652400776744,0,I,332,7
40.8400587269609,72,32.529048230499,8.31101049646188,1,C,333,7
81.5219573080039,72,32.5707581592724,39.4292418407276,0,I,334,7
272.526406920336,72,32.7179923653603,39.2820076346397,0,C,335,7
72.6572474346886,66.8256233663598,32.8562480024993,33.9693753638605,0,I,336,7
88.8728658109771,70.4746639714535,33.0091333575547,37.4655306138988,0,C,337,7
124.881327041169,39.8084422651267,33.067725864239,6.74071640088771,0,I,338,7
407.620950588999,55.4902610119375,33.1118991645053,22.3783618474321,0,C,339,7
51.1492352830321,72,33.1398133048788,18.0094219781533,1,I,340,7
40.962810212428,72,33.2717512641102,7.69105894831776,1,C,341,7
51.0249451647436,72,33.3094422798604,17.7155028848832,1,I,342,7
63.1113273205879,72,33.3633880130947,29.7479393074932,1,C,343,7
89.0834888374551,72,33.364924765192,38.635075234808,0,I,344,7
188.791963154836,72,33.4856996918097,38.5143003081903,0,C,345,7
70.8336031493848,72,33.496337486431,37.3372656629538,1,I,346,7
76.2661284830392,72,33.5592069011182,38.4407930988818,0,C,347,7
83.9908852650962,72,33.6255263071507,38.3744736928493,0,I,348,7
55.6320878069568,36.5138157391737,33.6692546401173,2.84456109905639,0,C,349,7
38.3255501104401,72,33.83698948659,4.48856062385002,1,I,350,7
49.4010546694624,72,33.8605511700735,15.5405034993889,1,C,351,7
167.384254515535,72,34.0775440866128,37.9224559133872,0,I,352,7
49.9573552697503,72,34.1313461400569,15.8260091296934,1,C,353,7
185.127720570471,72,34.1575261484832,37.8424738515168,0,I,354,7
100.055436064618,72,34.1749082040042,37.8250917959958,0,C,355,7
161.498736590256,72,34.1843584366143,37.8156415633857,0,I,356,7
67.959359013334,72,34.2238003062084,33.7355587071255,1,C,357,7
191.797719641188,72,34.4131505163386,37.5868494836614,0,I,358,7
75.5682249314144,72,34.4253123365343,37.5746876634657,0,C,359,7
67.9123178060184,72,34.4527252111584,33.45959259486,1,I,360,7
187.937058357305,72,34.4576430832967,37.5423569167033,0,C,361,7
38.292247313071,72,34.8706667264923,3.4215805865786,1,I,362,7
41.1998454332052,72,35.1171947736293,6.0826506595759,1,C,363,7
66.8250534402501,47.9984720386146,35.1440842123702,12.8543878262444,0,I,364,7
42.0538963621126,72,35.1785842934623,6.87531206865029,1,C,365,7
62.4722796167488,72,35.1822026213631,27.2900769953857,1,I,366,7
65.5905080416645,72,35.3212171141058,30.2692909275587,1,C,367,7
130.513754164468,72,35.410303613171,36.589696386829,0,I,368,7
37.3226095302885,72,35.4156142892316,1.9069952410569,1,C,369,7
86.9064608380572,72,35.4604283161461,36.5395716838539,0,I,370,7
101.81912182276,72,35.4698003735393,36.5301996264607,0,C,371,7
62.0539953464861,72,35.4792353929952,26.5747599534909,1,I,372,7
122.929240502815,72,35.542205167003,36.457794832997,0,C,373,7
134.700327731026,72,35.5713167320937,36.4286832679063,0,I,374,7
46.1243062516077,72,35.624763420783,10.4995428308247,1,C,375,7
112.44526888155,72,35.6609359430149,36.3390640569851,0,I,376,7
90.8649502328018,72,35.755961718969,36.244038281031,0,C,377,7
141.212197893756,72,35.7871119165793,36.2128880834207,0,I,378,7
55.9122486211843,72,35.7978370366618,20.1144115845225,1,C,379,7
131.946085756023,72,35.838640127331,36.161359872669,0,I,380,7
60.5931634199984,72,35.9632583521307,24.6299050678678,1,C,381,7
92.070156388387,72,36.1628617532551,35.8371382467449,0,I,382,7
110.590420027355,72,36.271982062608,35.728017937392,0,C,383,7
121.348243060531,72,36.3761968072504,35.6238031927496,0,I,384,7
44.9794592684934,72,36.532001090236,8.44745817825736,1,C,385,7
69.9040143662373,72,36.6439661197364,33.2600482465009,1,I,386,7
109.621178498902,72,36.7690319381654,35.2309680618346,0,C,387,7
93.3521218566935,72,36.9415472773835,35.0584527226165,0,I,388,7
46.9374007355315,70.0852669699725,37.0133927464485,9.92400798908295,1,C,389,7
108.677222542754,72,37.0170431211591,34.9829568788409,0,I,390,7
175.501600978448,37.7764534469914,37.0273111341521,0.749142312839283,0,C,391,7
67.8542657035137,72,37.3651758302003,30.4890898733133,1,I,392,7
74.517044925518,72,37.4913911148906,34.5086088851094,0,C,393,7
98.2467728507323,72,37.5637388555333,34.4362611444667,0,I,394,7
64.3111846055938,72,37.6521947560832,26.6589898495106,1,C,395,7
45.1336046679286,72,37.8305187541991,7.30308591372948,1,I,396,7
73.0880804179844,72,37.8987774671987,34.1012225328013,0,C,397,7
265.896404436044,72,37.9990386217833,34.0009613782167,0,I,398,7
105.577683920822,72,38.0109591968358,33.9890408031642,0,C,399,7
73.9670800631669,72,38.0246321065351,33.9753678934649,0,I,400,7
149.730883807947,72,38.4262128872797,33.5737871127203,0,C,401,7
45.1944179722084,72,38.4602626087144,6.73415536349395,1,I,402,7
67.5750443352349,72,38.5669289063662,29.0081154288687,1,C,403,7
64.0584890828766,72,38.6284078890458,25.4300811938308,1,I,404,7
68.9721717861638,72,39.2093440610915,29.7628277250722,1,C,405,7
75.6286413792365,72,39.3091781158,32.6908218842,0,I,406,7
53.7710937434863,72,39.3247662764043,14.446327467082,1,C,407,7
127.315842905641,72,39.340018867515,32.659981132485,0,I,408,7
97.2018110477704,72,39.4345852453262,32.5654147546738,0,C,409,7
58.0862854959695,72,39.4736330676824,18.6126524282871,1,I,410,7
135.271460775129,72,39.6427483297884,32.3572516702116,0,C,411,7
116.06952250542,68.903546625695,39.6606804337353,29.2428661919598,0,I,412,7
78.1965943981986,72,39.7344401618466,32.2655598381534,0,C,413,7
74.2680851363261,72,39.846638222225,32.153361777775,0,I,414,7
60.0866040980927,72,39.9149641022086,20.1716399958841,1,C,415,7
56.7229132881958,72,39.9438599310815,16.7790533571143,1,I,416,7
136.249858232645,72,40.0785746891052,31.9214253108949,0,C,417,7
107.687997330864,72,40.0801995769143,31.9198004230857,0,I,418,7
81.934296521823,72,40.0956202112138,31.9043797887862,0,C,419,7
90.8082299226263,47.249318604663,40.174813605845,7.07450499881802,0,I,420,7
158.580697268296,72,40.2375133708119,31.7624866291881,0,C,421,7
73.8819226829871,68.5515840595351,40.3959942469373,28.1555898125977,0,I,422,7
46.5667129514053,72,40.4456581128761,6.12105483852916,1,C,423,7
53.839476073761,72,40.6237690011039,13.215707072657,1,I,424,7
44.2918258829512,72,40.9331553988159,3.35867048413532,1,C,425,7
148.39268916987,72,40.9362663002685,31.0637336997315,0,I,426,7
89.5957092714331,72,41.0148885240778,30.9851114759222,0,C,427,7
91.4199660018391,72,41.0973338317126,30.9026661682874,0,I,428,7
69.1879119951616,72,41.3092045113444,27.8787074838172,1,C,429,7
84.9221635525357,72,41.3108702609316,30.6891297390685,0,I,430,7
85.5079640919182,72,41.3140115188435,30.6859884811565,0,C,431,7
115.825224167755,72,41.3579730223864,30.6420269776136,0,I,432,7
51.5310386876046,68.8771979728725,41.3603015849367,10.1707371026679,1,C,433,7
136.824913761977,72,41.659665168263,30.340334831737,0,I,434,7
67.6614594146447,72,41.6958375368267,25.965621877818,1,C,435,7
48.1814895015876,72,41.6992823733017,6.48220712828595,1,I,436,7
83.9979951017556,72,41.7550890147686,30.2449109852314,0,C,437,7
305.950642681896,72,41.7643072782084,30.2356927217916,0,I,438,7
45.4050271376563,72,41.8736995803192,3.53132755733706,1,C,439,7
86.9229631958548,72,42.0239101024345,29.9760898975655,0,I,440,7
109.967465193087,72,42.1548593742773,29.8451406257227,0,C,441,7
71.1569867629395,53.2019827340745,42.1557869715616,11.0461957625129,0,I,442,7
51.9188005514387,72,42.1758589474484,9.74294160399021,1,C,443,7
89.3785954564379,72,42.2801550105214,29.7198449894786,0,I,444,7
62.1074180448853,72,42.4381974292919,19.6692206155934,1,C,445,7
251.70778313792,72,42.6780708320439,29.3219291679561,0,I,446,7
68.0222824623588,72,42.7389025781304,25.2833798842284,1,C,447,7
125.210034464645,72,42.7441151160747,29.2558848839253,0,I,448,7
128.173305852892,72,42.9970386112109,29.0029613887891,0,C,449,7
111.386324500945,72,43.2048985781148,28.7951014218852,0,I,450,7
142.188138494509,72,43.238430689089,28.761569310911,0,C,451,7
43.9331685325795,72,43.3453860366717,0.587782495907789,1,I,452,7
73.2085109828131,72,43.351634144783,28.648365855217,0,C,453,7
53.4076588847639,65.1548910821063,43.492174143903,9.91548474086097,1,I,454,7
110.868062328102,72,43.700105343014,28.299894656986,0,C,455,7
81.7002562603942,72,43.8473657844588,28.1526342155412,0,I,456,7
83.8812048418862,72,44.0412521967664,27.9587478032336,0,C,457,7
111.467581003795,72,44.0477216430008,27.9522783569992,0,I,458,7
181.658286973085,72,44.0761403879151,27.9238596120849,0,C,459,7
74.7171817211916,72,44.1132833668962,27.8867166331038,0,I,460,7
60.7515967726195,72,44.2115147598088,16.5400820128107,1,C,461,7
121.66122394875,72,44.2652898235247,27.7347101764754,0,I,462,7
67.915569973185,72,44.2996960133314,23.6158739598536,1,C,463,7
85.3383492792162,72,44.5447307545692,27.4552692454308,0,I,464,7
76.5802651140543,72,44.6276690158993,27.3723309841007,0,C,465,7
147.336774416091,72,44.7657630080357,27.2342369919643,0,I,466,7
92.9926975356588,72,44.7791013820097,27.2208986179903,0,C,467,7
126.338904294731,72,44.8435059562326,27.1564940437675,0,I,468,7
99.0816343342923,72,44.9934400152415,27.0065599847585,0,C,469,7
54.1770339832474,72,45.1489007938653,9.02813318938203,1,I,470,7
86.776588484343,60.7160665676795,45.2713760593906,15.4446905082889,0,C,471,7
67.0329596288534,50.2549185832064,45.2857353212312,4.96918326197517,0,I,472,7
54.6218964537945,72,45.3704858478159,9.25141060597857,1,C,473,7
142.159801704193,72,45.6399575248361,26.3600424751639,0,I,474,7
72.4001402361819,72,45.7024008594453,26.2975991405547,0,C,475,7
51.3005599655326,72,45.7328427024186,5.56771726311399,1,I,476,7
114.630218838512,72,45.8820840669796,26.1179159330204,0,C,477,7
114.753662768101,72,45.9410518035293,26.0589481964707,0,I,478,7
63.4362879681313,72,45.9923664433882,17.4439215247432,1,C,479,7
83.0680250377171,72,46.0980910481885,25.9019089518115,0,I,480,7
46.5394891737508,72,46.1008219141513,0.438667259599483,1,C,481,7
67.0922137467433,49.6414329092592,46.245421199128,3.39601171013113,0,I,482,7
52.324985794656,72,46.3584851939231,5.96650060073286,1,C,483,7
78.454371574394,72,46.5603821352124,25.4396178647876,0,I,484,7
158.331471052045,72,46.7272815294564,25.2727184705436,0,C,485,7
115.907778577454,72,46.7517583351582,25.2482416648418,0,I,486,7
135.331563651876,72,46.7786529427394,25.2213470572606,0,C,487,7
55.8660830121788,72,46.8310650112107,9.03501800096801,1,I,488,7
96.003909978408,72,46.8728075874969,25.1271924125031,0,C,489,7
333.396819834984,72,46.8907739594579,25.1092260405421,0,I,490,7
50.8471407394776,72,47.1067151008174,3.74042563866024,1,C,491,7
66.9694599188669,72,47.1732962457463,19.7961636731205,1,I,492,7
59.6623410317544,72,47.2771272948012,12.3852137369532,1,C,493,7
78.4037793852464,72,47.4635492730886,24.5364507269114,0,I,494,7
48.4456549947121,72,47.5363985588774,0.909256435834726,1,C,495,7
130.48654337871,72,47.7883472107351,24.2116527892649,0,I,496,7
119.901358968314,72,47.8263382986188,24.1736617013812,0,C,497,7
152.469637098396,72,47.9325214633718,24.0674785366282,0,I,498,7
60.7103655327962,72,48.044073949568,12.6662915832282,1,C,499,7
90.3704880138952,72,48.1251109577715,23.8748890422285,0,I,500,7
76.5021892398536,72,48.1408194545656,23.8591805454344,0,C,501,7
62.0778409164698,72,48.2557604648173,13.8220804516525,1,I,502,7
57.0538892446351,72,48.338558874093,8.71533037054207,1,C,503,7
62.1366283419403,72,48.5068703396246,13.6297580023157,1,I,504,7
73.7230925729215,72,48.5691661108285,23.4308338891715,0,C,505,7
53.9631017840684,72,48.6212132032961,5.34188858077235,1,I,506,7
93.1002158266145,72,48.6321874056011,23.3678125943989,0,C,507,7
96.8672389281301,72,48.9355787448585,23.0644212551415,0,I,508,7
57.8324208979587,72,49.0069733932614,8.82544750469726,1,C,509,7
210.543587165718,72,49.0997883165255,22.9002116834745,0,I,510,7
84.8957878304879,72,49.1357722599059,22.8642277400941,0,C,511,7
208.105657503341,72,49.2112343804911,22.7887656195089,0,I,512,7
117.651651632297,72,49.2190414806828,22.7809585193172,0,C,513,7
73.4192483140174,72,49.2730743298307,22.7269256701693,0,I,514,7
56.9707637767062,72,49.3238389492035,7.6469248275027,1,C,515,7
102.138447654998,72,49.448727616109,22.5512723838911,0,I,516,7
142.877073054968,72,49.5064297970384,22.4935702029616,0,C,517,7
52.6680927340258,72,49.5843471586704,3.08374557535532,1,I,518,7
51.8808562044878,72,49.833793505095,2.04706269939285,1,C,519,7
52.9391279713396,72,50.0485114194453,2.8906165518943,1,I,520,7
135.368419941664,72,50.2000617887825,21.7999382112175,0,C,521,7
131.634476449407,72,50.3341932501644,21.6658067498356,0,I,522,7
76.7610756399212,72,50.3966522589326,21.6033477410674,0,C,523,7
88.1270344992771,65.8122699653072,50.4293018952012,15.382968070106,0,I,524,7
159.664515797165,72,50.453537623398,21.546462376602,0,C,525,7
55.2031537615414,72,50.5311731016263,4.67198065991503,1,I,526,7
140.543370933632,52.8699261036537,50.5387075385079,2.33121856514583,0,C,527,7
90.3123019869526,72,50.6434321543202,21.3565678456798,0,I,528,7
59.0688412622027,72,50.6700647296384,8.39877653256429,1,C,529,7
62.8649145309481,72,50.8285622159019,12.0363523150462,1,I,530,7
229.982271484816,72,50.9771022805944,21.0228977194056,0,C,531,7
58.2302963084976,72,50.9966505412012,7.23364576729641,1,I,532,7
61.2759351679794,72,51.003720536828,10.2722146311514,1,C,533,7
56.8728127758508,72,51.1613970855251,5.71141569032565,1,I,534,7
84.0028978741247,72,51.2948608305305,20.7051391694695,0,C,535,7
54.7366277230214,72,51.3217482157052,3.41487950731619,1,I,536,7
77.9679273737751,72,51.3447977369651,20.6552022630349,0,C,537,7
60.465582266709,72,51.4317086432129,9.03387362349605,1,I,538,7
163.527340112102,72,51.4528505550697,20.5471494449303,0,C,539,7
65.429301502855,72,51.4727753587067,13.9565261441483,1,I,540,7
90.2823934031583,72,51.6471538553014,20.3528461446986,0,C,541,7
75.7338859278844,52.151944608831,51.781446011737,0.37049859709402,0,I,542,7
134.712129863959,72,51.8632421689108,20.1367578310892,0,C,543,7
65.261996798411,72,51.9152206275612,13.3467761708497,1,I,544,7
206.254099948115,72,52.3704202612862,19.6295797387138,0,C,545,7
113.001727041263,72,52.432521013543,19.567478986457,0,I,546,7
136.07162625369,72,52.5301392143592,19.4698607856408,0,C,547,7
75.5552525674653,72,52.6750816265121,19.3249183734879,0,I,548,7
65.9435935779683,72,52.6871617371216,13.2564318408467,1,C,549,7
107.98417049145,72,52.7818155521527,19.2181844478473,0,I,550,7
66.847407455175,72,52.8165472811088,14.0308601740662,1,C,551,7
91.2182218453257,72,52.8445458272472,19.1554541727528,0,I,552,7
67.2863274035425,72,52.847617235966,14.4387101675765,1,C,553,7
159.425259799775,70.9041327506794,53.0262955231592,17.8778372275202,0,I,554,7
152.388613377389,72,53.3488451689482,18.6511548310518,0,C,555,7
58.2762394154754,72,53.3669735211879,4.90926589428744,1,I,556,7
89.5765362836183,72,53.55074794963,18.44925205037,0,C,557,7
98.6200306318552,72,53.5976261179894,18.4023738820106,0,I,558,7
72.8605590876883,63.3447946136613,53.7389445723966,9.60585004126472,0,C,559,7
124.999909881447,72,53.7796234153211,18.2203765846789,0,I,560,7
81.7969536393042,72,53.9257806306705,18.0742193693295,0,C,561,7
267.577645260921,63.0894188567468,53.9799911202863,9.10942773646049,0,I,562,7
128.2224097851,72,53.9951533963904,18.0048466036096,0,C,563,7
140.257385538549,72,54.1457198839635,17.8542801160365,0,I,564,7
72.2371019374495,72,54.2159399064258,17.7840600935742,0,C,565,7
86.4332445957637,72,54.248575293459,17.751424706541,0,I,566,7
93.5267867111422,56.4469554900239,54.4868536340073,1.96010185601659,0,C,567,7
71.6641763279963,72,54.5654242811725,17.0987520468238,1,I,568,7
103.343951766083,72,54.9934041453525,17.0065958546475,0,C,569,7
76.0528902940108,72,55.0202149059624,16.9797850940377,0,I,570,7
55.6639861286862,72,55.4350734734908,0.228912655195397,1,C,571,7
105.781823021454,72,55.4969278955832,16.5030721044168,0,I,572,7
114.261568886779,72,55.5820078030229,16.4179921969771,0,C,573,7
95.2884572148089,72,55.67047000397,16.32952999603,0,I,574,7
62.8355432730991,72,55.8974659955129,6.93807727758619,1,C,575,7
93.2946278592076,72,55.921104750596,16.078895249404,0,I,576,7
76.5031015849793,68.8321586918052,56.0329631762579,12.7991955155473,0,C,577,7
58.6770857371913,72,56.1554170679301,2.52166866926119,1,I,578,7
89.8066962648742,72,56.3835766911507,15.6164233088493,0,C,579,7
135.641466012791,72,56.508408584632,15.491591415368,0,I,580,7
88.0163617878741,72,56.7165906121954,15.2834093878046,0,C,581,7
113.184821883017,72,56.7786222975701,15.2213777024299,0,I,582,7
85.1321028107965,72,56.779044913128,15.220955086872,0,C,583,7
303.775814566854,72,56.8241014843807,15.1758985156193,0,I,584,7
215.823867992735,72,56.9224714161828,15.0775285838172,0,C,585,7
119.110841158958,72,56.988963293843,15.011036706157,0,I,586,7
166.036853419354,72,56.9961787434295,15.0038212565705,0,C,587,7
57.4727042875694,72,57.0032537262887,0.469450561280731,1,I,588,7
71.2600169262351,72,57.0937675517052,14.1662493745298,1,C,589,7
80.3808994061168,72,57.1625905204564,14.8374094795436,0,I,590,7
101.330302305147,72,57.3611560463905,14.6388439536095,0,C,591,7
99.7333213136913,72,57.4720196379349,14.5279803620651,0,I,592,7
99.1235113685075,72,57.5861616013572,14.4138383986428,0,C,593,7
243.643325060997,57.8697702144529,57.6334045780823,0.236365636370579,0,I,594,7
166.357742758426,72,57.6446702191606,14.3553297808394,0,C,595,7
258.795194669738,72,57.7784116426483,14.2215883573517,0,I,596,7
82.1057591275364,72,57.814346915111,14.1856530848891,0,C,597,7
85.2612751598023,72,58.0300951329991,13.9699048670009,0,I,598,7
86.1160845991768,72,58.1696362467483,13.8303637532517,0,C,599,7
86.2505644006212,72,58.4277826035395,13.5722173964605,0,I,600,7
139.135393615627,72,58.5049990005791,13.4950009994209,0,C,601,7
86.8348823318188,72,58.5300521319732,13.4699478680268,0,I,602,7
150.382271306578,72,58.7714981194586,13.2285018805414,0,C,603,7
149.405963421717,72,58.8463068148121,13.1536931851879,0,I,604,7
62.5314756621459,72,58.8505331519991,3.68094251014673,1,C,605,7
197.746166656601,72,58.9808794297278,13.0191205702722,0,I,606,7
225.133552801191,72,59.0340663632378,12.9659336367622,0,C,607,7
96.6583600469618,72,59.0972173400223,12.9027826599777,0,I,608,7
94.7075956438426,72,59.2493159277365,12.7506840722635,0,C,609,7
64.8568334977882,72,59.2643908783793,5.59244261940889,1,I,610,7
86.5157672869481,72,59.3487915722653,12.6512084277347,0,C,611,7
100.022925112031,72,59.4041037093848,12.5958962906152,0,I,612,7
62.6777591341218,72,59.5779469795525,3.09981215456928,1,C,613,7
67.1757718866844,72,59.6339573292062,7.54181455747824,1,I,614,7
125.628660338937,72,59.7203925065696,12.2796074934304,0,C,615,7
106.08750982489,72,59.7900511650369,12.2099488349631,0,I,616,7
94.3637154236315,72,59.7970386967063,12.2029613032937,0,C,617,7
98.2874042089996,72,59.8019436188042,12.1980563811958,0,I,618,7
68.5802201687121,72,59.8259833361954,8.75423683251678,1,C,619,7
123.740409067209,72,59.9409078480676,12.0590921519324,0,I,620,7
151.036386301098,72,59.9452922958881,12.0547077041119,0,C,621,7
78.3740971666262,72,59.9958345713094,12.0041654286906,0,I,622,7
5.88151461182395,72,0.0807417137548327,5.80077289806912,1,C,1,8
117.415951975412,72,0.132482727058232,71.8675172729418,0,I,2,8
33.1042921684364,72,0.246208640746772,32.8580835276896,1,C,3,8
6.28780705297688,27.9234997466398,0.247742529027164,6.04006452394971,1,I,4,8
21.4531040328704,72,0.249121380038559,21.2039826528318,1,C,5,8
28.1718940787303,72,0.266220308840275,27.9056737698901,1,I,6,8
17.5614101815773,72,0.303577948361635,17.2578322332157,1,C,7,8
50.2069232551998,72,0.374036896973848,49.8328863582259,1,I,8,8
110.90453143022,65.7051379422002,0.447236043401063,65.2579018987992,0,C,9,8
12.6701888306125,72,0.570367905311286,12.0998209253012,1,I,10,8
63.9696008450589,64.8863422848511,0.707954121753573,63.2616467233053,1,C,11,8
61.8429850306733,42.8950332440785,0.739377541467547,42.1556557026109,0,I,12,8
82.8367783706014,16.768059013206,1.60428768955171,15.1637713236543,0,C,13,8
4.4137368130823,72,1.60775392781943,2.80598288526287,1,I,14,8
31.5338964353926,72,1.61127631086856,29.9226201245241,1,C,15,8
97.845465233383,33.7464672339846,1.61943183280528,32.1270354011793,0,I,16,8
65.63025168378,72,1.72489303629845,63.9053586474816,1,C,17,8
130.722133930241,72,1.78087128326297,70.219128716737,0,I,18,8
64.8076645612426,72,1.81460912805051,62.9930554331921,1,C,19,8
19.6999962654685,72,1.83790499344468,17.8620912720238,1,I,20,8
76.3366849395973,72,1.94271550979465,70.0572844902054,0,C,21,8
5.53534888674557,72,1.95020689163357,3.58514199511199,1,I,22,8
14.8489533835112,72,1.97860349435359,12.8703498891576,1,C,23,8
28.0976815559583,72,2.04306218773127,26.054619368227,1,I,24,8
15.489015170074,72,2.05971908289939,13.4292960871746,1,C,25,8
173.897232062724,72,2.06154364161193,69.9384563583881,0,I,26,8
22.0766139515025,9.24431059385121,2.17213025316596,7.07218034068525,0,C,27,8
30.7168834448556,62.5878392632155,2.75036829058081,27.9665151542748,1,I,28,8
23.1389586868846,72,2.76150024030358,20.377458446581,1,C,29,8
68.6174224560923,72,2.8343718778342,65.7830505782581,1,I,30,8
26.7814696146152,72,2.96666321810335,23.8148063965118,1,C,31,8
14.4298632547166,72,3.22694457136095,11.2029186833557,1,I,32,8
83.9062681996698,72,3.23264856822789,68.7673514317721,0,C,33,8
55.84960720362,72,3.30386760178953,52.5457396018305,1,I,34,8
8.04293481762753,72,3.33522856235504,4.70770625527248,1,C,35,8
11.0426988611535,70.1931677862646,3.33673509769142,7.70596376346211,1,I,36,8
57.4210465446008,72,3.39821553323418,54.0228310113666,1,C,37,8
34.0797224190359,72,3.47232533153147,30.6073970875045,1,I,38,8
50.6155295345691,72,3.51515252608806,47.100377008481,1,C,39,8
85.3997963389265,72,3.72339298948646,68.2766070105136,0,I,40,8
88.8847447512218,47.6902649858537,3.75137262046337,43.9388923653903,0,C,41,8
35.1767725493575,72,3.88312135823071,31.2936511911268,1,I,42,8
23.9679846051684,72,3.92707382328808,20.0409107818803,1,C,43,8
18.9327133046175,29.047960647612,4.02331524062902,14.9093980639885,1,I,44,8
174.957869760295,72,4.2289395025,67.7710604975,0,C,45,8
17.6221378723485,56.503422196055,4.32228745892644,13.2998504134221,1,I,46,8
137.601056590695,35.7042876139296,4.34440393466502,31.3598836792646,0,C,47,8
118.399180597213,72,4.36640812084079,67.6335918791592,0,I,48,8
11.6081943823216,72,4.41226642113179,7.19592796118979,1,C,49,8
99.925463996998,72,4.50347600039095,67.4965239996091,0,I,50,8
38.0623533492175,72,4.53393773641437,33.5284156128031,1,C,51,8
110.106051380425,72,4.67093361541629,67.3290663845837,0,I,52,8
101.944541787681,72,4.71121083945036,67.2887891605496,0,C,53,8
58.8837100470605,72,4.73809795919806,54.1456120878624,1,I,54,8
144.834696861314,72,4.77778977714479,67.2222102228552,0,C,55,8
10.6909445535133,72,4.93200302124023,5.75894153227303,1,I,56,8
184.278713066032,16.270967102792,4.96468262281269,11.3062844799793,0,C,57,8
124.121574493501,12.5432305449016,5.07513374090195,7.46809680399968,0,I,58,8
7.15378973054689,72,5.18312852829695,1.97066120224994,1,C,59,8
62.0340849531757,72,5.2315940335393,56.8024909196364,1,I,60,8
58.2988486628046,9.58297583782525,5.24003107566387,4.34294476216138,0,C,61,8
37.1809609112044,72,5.73216187767685,31.4487990335276,1,I,62,8
67.9671855441643,72,5.74949667323381,62.2176888709305,1,C,63,8
43.5709737759914,72,5.78054606448859,37.7904277115028,1,I,64,8
77.3373192615071,59.82743118007,6.03000357281417,53.7974276072558,0,C,65,8
135.313913096849,72,6.15539814345539,65.8446018565446,0,I,66,8
69.6323811975443,72,6.44406690727919,63.1883142902651,1,C,67,8
7.59077530219311,72,6.48853034712374,1.10224495506937,1,I,68,8
16.2070351951612,72,6.57888256944716,9.62815262571404,1,C,69,8
24.0167733639244,34.4082917498837,6.57970931846649,17.4370640454579,1,I,70,8
32.0673101253497,72,6.87236253172159,25.1949475936281,1,C,71,8
70.9101772730247,72,6.92713467869908,63.9830425943256,1,I,72,8
20.6092603662176,44.5456749759201,7.00745820533484,13.6018021608828,1,C,73,8
36.1381153571034,72,7.03621930908412,29.1018960480192,1,I,74,8
32.2500625672086,72,7.2792952414602,24.9707673257484,1,C,75,8
30.7346490538456,65.832267554432,7.38312124740332,23.3515278064423,1,I,76,8
103.775341523205,72,7.4868580698967,64.5131419301033,0,C,77,8
62.3888919954646,72,7.71891520824283,54.6699767872218,1,I,78,8
87.8446440615181,72,7.85276285838336,64.1472371416166,0,C,79,8
20.7380767503012,72,7.88841004483402,12.8496667054672,1,I,80,8
31.7657271881313,72,8.04626004304737,23.7194671450839,1,C,81,8
19.8746861613283,72,8.12903774902225,11.7456484123061,1,I,82,8
52.0164170330788,72,8.18417932838202,43.8322377046968,1,C,83,8
80.5761520424873,46.3610801947377,8.19810901768506,38.1629711770527,0,I,84,8
10.2537083105441,33.398795706496,8.32096762955189,1.93274068099226,1,C,85,8
13.5662536550428,48.3258043298309,8.88652062043548,4.67973303460735,1,I,86,8
23.2911101824188,72,8.88726575765759,14.4038444247612,1,C,87,8
23.2197001121006,72,8.99083673022687,14.2288633818738,1,I,88,8
245.10152358175,72,9.16018091607839,62.8398190839216,0,C,89,8
15.9482131133683,72,9.24136742949486,6.70684568387342,1,I,90,8
27.8208102301767,22.3027476826044,9.28235299419612,13.0203946884083,0,C,91,8
89.0701441632679,18.5868025442884,9.28953138180077,9.29727116248766,0,I,92,8
32.1613707625236,72,9.2906211828813,22.8707495796423,1,C,93,8
246.293592546992,72,9.30807780940086,62.6919221905992,0,I,94,8
11.6266731386289,72,9.36298943124712,2.26368370738179,1,C,95,8
72.229364880363,72,9.5106476219371,62.4893523780629,0,I,96,8
110.623340425014,46.7153396445612,9.52148105017841,37.1938585943827,0,C,97,8
108.007781275663,51.2504601240027,9.62039702106267,41.63006310294,0,I,98,8
120.273018035339,15.1324644653795,9.81224717572331,5.3202172896562,0,C,99,8
78.1746906525442,72,10.0259215570986,61.9740784429014,0,I,100,8
30.7823557019303,72,10.1995373982936,20.5828183036366,1,C,101,8
25.8453994319354,72,10.3613024158403,15.4840970160951,1,I,102,8
35.9153685620021,72,10.3959743818268,25.5193941801753,1,C,103,8
60.741523834313,72,10.3966579120606,50.3448659222524,1,I,104,8
100.369642358831,35.2211103214839,10.9515804704279,24.269529851056,0,C,105,8
11.1354307278068,72,10.9946805657819,0.140750162024926,1,I,106,8
17.6807737323623,72,11.0795550886542,6.6012186437081,1,C,107,8
32.1834905121967,12.5224053801243,11.0964053822681,1.42599999785621,0,I,108,8
68.1423132722505,72,11.1055155191571,57.0367977530935,1,C,109,8
26.588713799466,72,11.305207000114,15.2835067993519,1,I,110,8
98.7895808627068,72,11.370450546965,60.629549453035,0,C,111,8
45.3308292250188,72,11.3837936427444,33.9470355822743,1,I,112,8
23.6955283929757,72,11.4700019080192,12.2255264849565,1,C,113,8
19.5979453137007,15.3025510880786,11.5826373361051,3.71991375197354,0,I,114,8
97.810832298438,72,11.5873260330409,60.4126739669591,0,C,115,8
96.4934868483949,40.273175060294,12.1692569414154,28.1039181188786,0,I,116,8
42.2721608638048,72,12.4205368990079,29.851623964797,1,C,117,8
17.4938726870965,72,12.4397391267121,5.05413356038438,1,I,118,8
39.3679668938618,72,12.5576673354954,26.8102995583664,1,C,119,8
74.6111279180607,51.930012373332,12.5693987030536,39.3606136702784,0,I,120,8
22.777973471109,72,12.5771437492222,10.2008297218868,1,C,121,8
96.2175072801787,72,12.6440719189122,59.3559280810878,0,I,122,8
23.78347914573,72,12.8655765904114,10.9179025553186,1,C,123,8
234.016313764573,72,13.4123132005334,58.5876867994666,0,I,124,8
23.0423427161184,72,13.4743532398716,9.56798947624679,1,C,125,8
154.810433715897,72,13.5118340933695,58.4881659066305,0,I,126,8
44.6810168732207,57.8831220595151,13.8352394476533,30.8457774255674,1,C,127,8
76.7589798727861,72,13.8583692815155,58.1416307184845,0,I,128,8
79.9130434991412,34.4442207617563,13.8891508011147,20.5550699606416,0,C,129,8
72.2915630008525,72,13.9814693899825,58.0185306100175,0,I,130,8
42.8915784445697,24.3312804660672,14.0353110618889,10.2959694041782,0,C,131,8
34.952661195584,72,14.0825248835608,20.8701363120232,1,I,132,8
78.3068098516949,57.8406892821845,14.1039982158691,43.7366910663154,0,C,133,8
55.0151380576051,72,14.2543209437281,40.760817113877,1,I,134,8
68.265975986676,72,14.3210597662255,53.9449162204505,1,C,135,8
96.9313635848853,72,14.5615781843662,57.4384218156338,0,I,136,8
26.893629319115,72,14.6753210993484,12.2183082197666,1,C,137,8
18.0855320013402,72,14.7049042023718,3.38062779896839,1,I,138,8
21.0148114802729,34.3197794294387,14.7425038553774,6.2723076248955,1,C,139,8
16.3792352357747,72,14.7826309874654,1.59660424830937,1,I,140,8
118.970314080768,72,14.8219754034653,57.1780245965347,0,C,141,8
227.842396806462,72,14.9000684777275,57.0999315222725,0,I,142,8
74.4301730180819,72,14.9900038680062,57.0099961319938,0,C,143,8
61.7304325136305,72,15.1404005661607,46.5900319474698,1,I,144,8
21.7997766766561,72,15.2130218222737,6.58675485438235,1,C,145,8
27.3302923782068,72,15.223312578164,12.1069798000428,1,I,146,8
104.050215745715,72,15.239095450379,56.7609045496211,0,C,147,8
42.8542427065307,72,15.4837821051478,27.3704606013829,1,I,148,8
133.624439850844,72,15.4882955225185,56.5117044774816,0,C,149,8
43.7627522822088,72,15.4952381132171,28.2675141689918,1,I,150,8
135.646831630188,47.0274747127671,15.5366370035335,31.4908377092336,0,C,151,8
154.566071060376,72,15.6021299818531,56.3978700181469,0,I,152,8
91.5965686910837,72,15.7593410136178,56.2406589863822,0,C,153,8
15.8893847496926,72,15.8111737668514,0.0782109828411683,1,I,154,8
20.8333940534078,72,15.8580068964511,4.97538715695664,1,C,155,8
19.9416146929713,72,16.0568091273308,3.88480556564052,1,I,156,8
85.350150484545,72,16.0940593387932,55.9059406612068,0,C,157,8
81.0439704240974,72,16.1196929169819,55.8803070830181,0,I,158,8
19.4804151888351,35.6320854260445,16.1660149600357,3.31440022879944,1,C,159,8
67.1104809164661,72,16.2975764740258,50.8129044424403,1,I,160,8
98.9686810653002,72,16.3839302212,55.6160697788,0,C,161,8
33.2529865261563,72,16.5403685672209,16.7126179589354,1,I,162,8
130.14762524855,72,16.575396344997,55.424603655003,0,C,163,8
78.1885879443778,72,16.6267109429464,55.3732890570536,0,I,164,8
53.3724554487098,72,16.7004338465631,36.6720216021467,1,C,165,8
47.8377378753996,72,16.7063185153529,31.1314193600467,1,I,166,8
236.099981243319,50.049385485939,16.9179612910375,33.1314241949015,0,C,167,8
97.0024093692594,72,16.9429456070066,55.0570543929935,0,I,168,8
23.9042751904239,72,16.9579458329827,6.94632935744127,1,C,169,8
52.8196913288052,72,17.0327126327902,35.786978696015,1,I,170,8
21.8460209666564,52.5886706852476,17.0451775286347,4.80084343802176,1,C,171,8
93.0900908801654,72,17.1447100723162,54.8552899276838,0,I,172,8
40.191681821392,72,17.4734992906451,22.7181825307469,1,C,173,8
31.7633739310466,72,17.5153541984037,14.2480197326429,1,I,174,8
21.5818110221919,27.4873135304741,17.5167842628434,4.06502675934846,1,C,175,8
79.893805280954,72,17.5639858050272,54.4360141949728,0,I,176,8
115.009153664202,72,17.7042225748301,54.29577742517,0,C,177,8
26.4615579624148,68.3692373758582,17.7977451542392,8.66381280817553,1,I,178,8
42.8301126263779,72,17.8586663911119,24.971446235266,1,C,179,8
50.543914481919,72,17.8748177736998,32.6690967082192,1,I,180,8
34.1595909817108,25.8336668117481,18.1021886179224,7.73147819382577,0,C,181,8
35.869426131172,72,18.1201558560133,17.7492702751587,1,I,182,8
103.138279941592,72,18.2450658548623,53.7549341451377,0,C,183,8
123.716876316493,72,18.4481623023748,53.5518376976252,0,I,184,8
33.6781341901029,72,18.4495858149603,15.2285483751426,1,C,185,8
49.2545560600976,72,18.5329800657928,30.7215759943048,1,I,186,8
59.5460897734094,72,18.6853271909058,40.8607625825036,1,C,187,8
98.4597579817135,72,18.7115309201181,53.2884690798819,0,I,188,8
149.979241058435,72,18.7765002669767,53.2234997330234,0,C,189,8
46.113981467317,72,18.7878297781572,27.3261516891598,1,I,190,8
96.6724708896936,39.4912537697143,18.7924240110442,20.6988297586701,0,C,191,8
19.4417338033611,72,18.8135727401823,0.628161063178773,1,I,192,8
128.504653086953,72,19.0393844945356,52.9606155054644,0,C,193,8
33.5392270698451,72,19.131096471101,14.408130598744,1,I,194,8
67.1062029328289,72,19.2034399788827,47.9027629539463,1,C,195,8
85.6631624563492,38.4112108293028,19.2972121294588,19.113998699844,0,I,196,8
35.1637997680566,72,19.3041158141568,15.8596839538998,1,C,197,8
23.231761643932,72,19.3551393784583,3.87662226547377,1,I,198,8
51.5469783527067,72,19.7375814244151,31.8093969282916,1,C,199,8
93.3427790330592,54.1648169069033,19.8123118607327,34.3525050461706,0,I,200,8
124.710224082771,72,19.8603389505297,52.1396610494703,0,C,201,8
63.7318586396185,72,19.9954788805917,43.7363797590268,1,I,202,8
116.171285058057,72,20.0723449699581,51.9276550300419,0,C,203,8
161.961330341413,72,20.0782653316855,51.9217346683145,0,I,204,8
87.7697614348802,72,20.1107314461842,51.8892685538158,0,C,205,8
65.7440823844204,72,20.197386033833,45.5466963505874,1,I,206,8
38.950305161726,72,20.2037987904623,18.7465063712636,1,C,207,8
82.3588626782147,72,20.3010889654979,51.6989110345021,0,I,208,8
42.0401910127284,72,20.3795664478093,21.6606245649191,1,C,209,8
113.633804632976,72,20.4010783368722,51.5989216631278,0,I,210,8
98.7660411059606,72,20.4444963578135,51.5555036421865,0,C,211,8
222.900331645161,72,20.7840290665627,51.2159709334374,0,I,212,8
71.9871305959348,72,21.0172761837021,50.9698544122328,1,C,213,8
52.5925952707724,72,21.0745024261996,31.5180928445728,1,I,214,8
48.5440204454725,70.5704442154902,21.0897427657619,27.4542776797106,1,C,215,8
101.838289706788,72,21.4995352132246,50.5004647867754,0,I,216,8
51.0153011076177,72,21.5433153742924,29.4719857333252,1,C,217,8
45.1487731872007,72,21.6971588646993,23.4516143225014,1,I,218,8
34.2815239449255,60.8854163539551,21.7346533248201,12.5468706201054,1,C,219,8
64.9816524189741,44.7132607299058,21.7738507781178,22.939409951788,0,I,220,8
169.138309381729,72,22.1145279938355,49.8854720061645,0,C,221,8
29.8110989195249,72,22.1304376143962,7.6806613051287,1,I,222,8
146.052094872568,72,22.2106477618217,49.7893522381783,0,C,223,8
36.9205688288897,72,22.4026687256992,14.5179001031905,1,I,224,8
169.790137263853,60.3026948614418,22.4094167724252,37.8932780890166,0,C,225,8
45.0387148911101,72,22.4753494374454,22.5633654536647,1,I,226,8
71.4952333394551,72,22.5437711505219,48.9514621889332,1,C,227,8
44.6499942937545,72,22.5762798311189,22.0737144626356,1,I,228,8
34.3943824384752,72,22.6657669432461,11.7286154952291,1,C,229,8
179.112774134946,30.7839838749882,23.0165647063404,7.76741916864777,0,I,230,8
49.8049104099937,72,23.3011353760958,26.5037750338979,1,C,231,8
110.464357404136,72,23.3695393055677,48.6304606944323,0,I,232,8
107.122804264168,72,23.4552292479202,48.5447707520798,0,C,233,8
49.3798219385444,72,23.5552700422704,25.824551896274,1,I,234,8
69.7121172696366,72,23.7277184659615,45.984398803675,1,C,235,8
58.4465306035097,41.5691867680628,24.0085006831214,17.5606860849415,0,I,236,8
60.8562485457809,72,24.0104336338118,36.8458149119691,1,C,237,8
43.8278816426803,72,24.1291394317523,19.698742210928,1,I,238,8
28.9884861632614,72,24.1310194786638,4.85746668459764,1,C,239,8
96.9962788735559,72,24.1804275847971,47.8195724152029,0,I,240,8
141.901912939654,72,24.3326798686758,47.6673201313242,0,C,241,8
41.9528630427158,63.5948361711184,24.5191228855401,17.4337401571757,1,I,242,8
151.579103759244,46.2143131049558,24.5564126595855,21.6579004453703,0,C,243,8
63.2321466725359,72,24.6963421208784,38.5358045516575,1,I,244,8
364.334634851201,72,24.7852328885347,47.2147671114653,0,C,245,8
63.7959435341772,72,24.8640857683495,38.9318577658277,1,I,246,8
49.449408332101,72,24.9785435618833,24.4708647702177,1,C,247,8
79.050237222486,72,25.0654813321307,46.9345186678693,0,I,248,8
138.634442609496,72,25.0726693728939,46.9273306271061,0,C,249,8
98.9235059504346,72,25.1618591649458,46.8381408350542,0,I,250,8
27.9513544365279,72,25.1625288650394,2.78882557148855,1,C,251,8
145.101395070713,72,25.2549262577668,46.7450737422332,0,I,252,8
40.5574673690787,72,25.2634830772877,15.293984291791,1,C,253,8
75.7762600443156,72,25.3567712847143,46.6432287152857,0,I,254,8
29.420732107515,72,25.4359722370282,3.98475987048685,1,C,255,8
56.0632156935181,72,25.576642351225,30.4865733422931,1,I,256,8
26.8959285064989,69.42674448046,25.8594521228224,1.03647638367644,1,C,257,8
48.2552764862471,44.7516582948381,25.9322397876531,18.819418507185,0,I,258,8
29.5244453612789,72,26.2683556135744,3.25608974770449,1,C,259,8
66.6207737978524,72,26.6109497006983,40.0098240971541,1,I,260,8
38.5213452836738,72,26.650974964723,11.8703703189508,1,C,261,8
252.891739686622,72,26.8821215489879,45.1178784510121,0,I,262,8
37.6973698406412,72,26.8945890152827,10.8027808253585,1,C,263,8
44.7459847634469,72,26.9305986631662,17.8153861002808,1,I,264,8
73.0253224379411,72,26.9980669906363,45.0019330093637,0,C,265,8
143.750321737296,72,27.0946813886985,44.9053186113015,0,I,266,8
109.069302850936,72,27.1824269648641,44.8175730351359,0,C,267,8
82.3516282638932,72,27.1875418815762,44.8124581184238,0,I,268,8
52.9790287462784,72,27.2366360714659,25.7423926748125,1,C,269,8
34.5146567318923,72,27.2595800086856,7.2550767232067,1,I,270,8
49.1167552484,72,27.5055251363665,21.6112301120336,1,C,271,8
121.931958908613,72,27.5718830851838,44.4281169148162,0,I,272,8
35.7850065639665,72,27.6765191741288,8.10848738983769,1,C,273,8
68.0704006749988,72,27.6928970916197,40.3775035833791,1,I,274,8
64.0130004341812,72,27.8226885432377,36.1903118909435,1,C,275,8
30.236324608376,72,27.892190515995,2.34413409238101,1,I,276,8
142.516989899939,72,27.9657662613317,44.0342337386683,0,C,277,8
32.2578231067297,72,27.994099734351,4.26372337237862,1,I,278,8
145.563441679327,72,28.1251129182056,43.8748870817944,0,C,279,8
60.5318393585575,72,28.2178976945579,32.3139416639996,1,I,280,8
39.2956291534443,72,28.2282855547965,11.0673435986479,1,C,281,8
102.49672414548,72,28.335845572874,43.6641544271261,0,I,282,8
78.1895403183194,72,28.3689631707966,43.6310368292034,0,C,283,8
33.1943714062587,72,28.4078949177638,4.78647648849493,1,I,284,8
75.600216701714,72,28.5126941744238,43.4873058255762,0,C,285,8
76.8612993171985,72,28.5378431668505,43.4621568331495,0,I,286,8
43.5174240706547,55.7809664773117,28.564671697095,14.9527523735597,1,C,287,8
40.5126968502134,72,29.2486977903172,11.2639990598961,1,I,288,8
33.8426779149806,72,29.5536243310198,4.28905358396074,1,C,289,8
122.73281990193,72,29.6253903815523,42.3746096184477,0,I,290,8
38.9590521678166,72,29.6881875442341,9.27086462358254,1,C,291,8
82.1603149721093,35.8970297901315,29.7208386613056,6.17619112882587,0,I,292,8
44.4815564978026,56.453184762209,29.838973316364,14.6425831814386,1,C,293,8
45.1853702902513,72,29.9096951074898,15.2756751827614,1,I,294,8
34.2873213565568,72,30.1036214316264,4.18369992493042,1,C,295,8
63.9275224152019,72,30.2721516089514,33.6553708062505,1,I,296,8
78.3110603112638,72,30.3505111578852,41.6494888421148,0,C,297,8
40.4493109996508,72,30.4006258165464,10.0486851831044,1,I,298,8
100.005586081958,72,30.5777282780036,41.4222717219964,0,C,299,8
32.2946027634544,72,30.7171031506732,1.57749961278123,1,I,300,8
67.1731691493648,72,30.8252760814503,36.3478930679145,1,C,301,8
42.8602108357844,72,30.835345541127,12.0248652946574,1,I,302,8
119.122307625863,72,30.8714333362877,41.1285666637123,0,C,303,8
113.420967101704,72,30.9737258451059,41.0262741548941,0,I,304,8
143.575464406206,70.5431887050564,30.9980203444138,39.5451683606426,0,C,305,8
41.8894900417866,72,31.2729869736359,10.6165030681507,1,I,306,8
58.7413284753905,72,31.3288458483294,27.4124826270611,1,C,307,8
117.63584246702,72,31.5327492915094,40.4672507084906,0,I,308,8
37.4461562374415,72,31.5925881033763,5.85356813406512,1,C,309,8
190.897505080827,72,31.5991647401825,40.4008352598175,0,I,310,8
210.61649581736,72,31.6090652626008,40.3909347373992,0,C,311,8
69.8641918605363,72,31.6131525859237,38.2510392746127,1,I,312,8
74.6429524715069,72,31.6378999315202,40.3621000684798,0,C,313,8
253.70847237501,72,31.6457221470773,40.3542778529227,0,I,314,8
32.9268263257741,72,31.744620250538,1.1822060752361,1,C,315,8
45.9783371205327,72,31.8415039032698,14.1368332172629,1,I,316,8
77.6769152602843,72,31.9626456359401,40.0373543640599,0,C,317,8
81.948387163432,72,32.0288587594405,39.9711412405595,0,I,318,8
63.8385064907784,54.2241783331642,32.1895612450317,22.0346170881325,0,C,319,8
53.2047841883658,60.8973588367131,32.2457104828209,20.9590737055449,1,I,320,8
71.388978603659,72,32.3271168675274,39.0618617361316,1,C,321,8
48.2642101429375,72,32.3482158221304,15.915994320807,1,I,322,8
37.0423291926733,72,32.4044596217573,4.63786957091604,1,C,323,8
62.9290756306988,41.7599957821833,32.4554462637752,9.30454951840811,0,I,324,8
52.4641050209923,72,32.4688717676327,19.9952332533596,1,C,325,8
47.4839570117314,72,32.483604317531,15.0003526942004,1,I,326,8
36.0988007376364,72,32.6626591337845,3.43614160385188,1,C,327,8
118.433095276279,71.5786492479478,32.7694428618997,38.8092063860481,0,I,328,8
134.694237196905,40.1391839332562,32.9694959381595,7.16968799509668,0,C,329,8
134.19028057531,72,33.0022499570623,38.9977500429377,0,I,330,8
92.9733088098029,72,33.0681660259143,38.9318339740858,0,C,331,8
53.8526156324803,72,33.1286710873246,20.7239445451557,1,I,332,8
96.165228953961,72,33.2477593794465,38.7522406205535,0,C,333,8
47.4581169105557,72,33.4749999269843,13.9831169835714,1,I,334,8
38.3322181987297,72,33.7299537425861,4.6022644561436,1,C,335,8
84.6858380264608,72,33.7479950068519,38.2520049931482,0,I,336,8
35.1959160951961,72,33.7941047362983,1.40181135889777,1,C,337,8
81.8712666735109,72,33.7968233926222,38.2031766073778,0,I,338,8
85.0493590907686,72,33.8553813798353,38.1446186201647,0,C,339,8
83.6427002396447,72,33.8559872237965,38.1440127762035,0,I,340,8
148.455393209303,72,33.8758739316836,38.1241260683164,0,C,341,8
69.7845693048461,72,33.8919784873724,35.8925908174737,1,I,342,8
41.2989581244704,72,34.0255435137078,7.27341461076259,1,C,343,8
83.9182497702933,72,34.0939662884921,37.9060337115079,0,I,344,8
114.451958871433,72,34.1216658940539,37.8783341059461,0,C,345,8
95.805453721183,72,34.1537431720644,37.8462568279356,0,I,346,8
241.32531619161,72,34.2381966859102,37.7618033140898,0,C,347,8
122.207052022007,72,34.2614736082032,37.7385263917968,0,I,348,8
66.9065223611348,72,34.3615122651681,32.5450100959666,1,C,349,8
48.0562189381718,72,34.5849418407306,13.4712770974412,1,I,350,8
57.2163768743654,72,34.6113712806255,22.6050055937399,1,C,351,8
35.6842482649762,72,35.0589656364173,0.625282628558962,1,I,352,8
37.5499890783292,72,35.1249222876504,2.42506679067878,1,C,353,8
37.4683935717941,72,35.1304663717747,2.33792720001939,1,I,354,8
88.0368381494993,40.0579615023189,35.1422262936831,4.9157352086358,0,C,355,8
70.4005699705801,72,35.367554789409,35.0330151811711,1,I,356,8
46.7927462662096,72,35.5005648359656,11.292181430244,1,C,357,8
98.3209851333929,72,35.7706950511783,36.2293049488217,0,I,358,8
91.1632426673445,72,35.921311522834,36.078688477166,0,C,359,8
83.2828291693239,72,35.9319166420028,36.0680833579972,0,I,360,8
75.4424695381553,58.1213496776605,36.1925623705611,21.9287873070994,0,C,361,8
43.9058130973762,45.534165774467,36.2444893084466,7.6613237889296,1,I,362,8
101.036875302386,72,36.3127115881071,35.687288411893,0,C,363,8
46.7799704939514,72,36.5086737368256,10.2712967571258,1,I,364,8
62.5382138450071,72,36.5226709702984,26.0155428747087,1,C,365,8
55.383736247877,72,36.7138559371233,18.6698803107537,1,I,366,8
247.998884717565,72,36.8401798931882,35.1598201068118,0,C,367,8
39.076911198706,72,36.8441074155271,2.23280378317884,1,I,368,8
108.169321696872,72,36.9068174064159,35.0931825935841,0,C,369,8
48.6333125646834,56.4014963250226,36.9301715679467,11.7031409967367,1,I,370,8
45.6866806832688,72,37.0591976540163,8.62748302925248,1,C,371,8
120.556474956325,72,37.0691206259653,34.9308793740347,0,I,372,8
43.840514196968,72,37.2741118306294,6.56640236633862,1,C,373,8
40.8753234166737,72,37.2959160804749,3.57940733619879,1,I,374,8
49.3469066077326,72,37.3455490730703,12.0013575346623,1,C,375,8
38.1698292546758,72,37.479148870334,0.690680384341802,1,I,376,8
45.3100866613752,39.8382629193837,37.4985856097192,2.33967730966458,0,C,377,8
227.198449514995,72,37.6003841450438,34.3996158549562,0,I,378,8
50.423760119326,72,38.0340462271124,12.3897138922136,1,C,379,8
86.1287741859584,72,38.0587216978893,33.9412783021107,0,I,380,8
72.8817906456252,72,38.0934083880857,33.9065916119143,0,C,381,8
106.60847615343,72,38.1047414476052,33.8952585523948,0,I,382,8
165.65965628329,72,38.198785437271,33.801214562729,0,C,383,8
314.991751566619,72,38.3536503603682,33.6463496396318,0,I,384,8
44.9385416402955,72,38.3592088054866,6.57933283480894,1,C,385,8
73.4676992764262,72,38.45770847518,33.54229152482,0,I,386,8
47.4521123709566,72,38.5296610929072,8.92245127804936,1,C,387,8
194.592923779022,72,38.5367353493348,33.4632646506652,0,I,388,8
59.3292005638131,72,38.8353051804006,20.4938953834125,1,C,389,8
50.1363054360825,72,38.8609860185534,11.2753194175291,1,I,390,8
135.487937765955,72,38.8636424671859,33.1363575328141,0,C,391,8
119.001012361826,72,38.9377635391429,33.0622364608571,0,I,392,8
128.89624998012,72,39.0795296430588,32.9204703569412,0,C,393,8
51.913590854793,72,39.4309896882623,12.4826011665306,1,I,394,8
48.0200590341118,49.8448865995874,39.6487554302439,8.37130360386792,1,C,395,8
76.1259732019079,72,39.6628338843584,32.3371661156416,0,I,396,8
86.442334863932,72,40.0951651437208,31.9048348562792,0,C,397,8
130.497720247473,72,40.1622297149152,31.8377702850848,0,I,398,8
53.5291961682783,72,40.2177171176299,13.3114790506484,1,C,399,8
86.2485108240074,72,40.2651496231556,31.7348503768444,0,I,400,8
43.4478836137408,72,40.4242205712944,3.02366304244633,1,C,401,8
82.0818967522285,72,40.492195179686,31.5078048203141,0,I,402,8
76.623715775743,72,40.6090856669471,31.3909143330529,0,C,403,8
94.8651416360916,72,40.6547537120059,31.3452462879941,0,I,404,8
106.201002815908,72,40.7061381731182,31.2938618268818,0,C,405,8
109.968471917852,72,40.7375225611031,31.2624774388969,0,I,406,8
53.6230792544277,72,40.7626578072086,12.8604214472191,1,C,407,8
324.042056375061,72,41.0079390183091,30.9920609816909,0,I,408,8
100.129804425984,60.0491653331619,41.0737264528871,18.9754388802748,0,C,409,8
52.3890797538344,72,41.3450582837686,11.0440214700657,1,I,410,8
100.645430141777,72,41.6019445750862,30.3980554249138,0,C,411,8
72.2579951313165,72,41.7924951994792,30.2075048005208,0,I,412,8
84.7661760011421,72,42.5628688093275,29.4371311906725,0,C,413,8
79.5412869141045,72,42.5780389923602,29.4219610076398,0,I,414,8
81.713428997252,72,42.6025380240753,29.3974619759247,0,C,415,8
150.28010464045,72,42.9025084013119,29.0974915986881,0,I,416,8
90.0927967752029,72,42.9332813434303,29.0667186565697,0,C,417,8
63.4817903240739,72,43.1541273510084,20.3276629730656,1,I,418,8
65.1231970493233,72,43.1830045999959,21.9401924493274,1,C,419,8
47.6368775061819,72,43.3364507742226,4.30042673195928,1,I,420,8
52.8442367101304,72,43.4243931854144,9.41984352471597,1,C,421,8
83.8892846226033,72,43.4939775522798,28.5060224477202,0,I,422,8
179.822965476162,72,43.6001526284963,28.3998473715037,0,C,423,8
70.3180867304075,72,43.6628096736968,26.6552770567107,1,I,424,8
64.608465772701,72,43.6847184458748,20.9237473268262,1,C,425,8
98.1101996895571,72,43.7264729524031,28.2735270475969,0,I,426,8
85.5082639985789,72,43.8732500234619,28.1267499765381,0,C,427,8
46.4142796801413,72,43.9319665823132,2.48231309782809,1,I,428,8
152.681902648864,72,43.981030639261,28.018969360739,0,C,429,8
135.285816290708,72,44.0591192012653,27.9408807987347,0,I,430,8
103.471807597342,72,44.1409123688936,27.8590876311064,0,C,431,8
93.8256296802574,72,44.4069084897637,27.5930915102363,0,I,432,8
62.942445009093,72,44.5530253602192,18.3894196488739,1,C,433,8
136.441649219629,72,44.6457112720236,27.3542887279764,0,I,434,8
79.7555462402713,72,44.6988568129018,27.3011431870982,0,C,435,8
47.733789743372,72,44.7978527331725,2.93593701019953,1,I,436,8
52.798298433982,72,44.8177135270089,7.98058490697311,1,C,437,8
51.9486417697746,72,44.8434043815359,7.10523738823865,1,I,438,8
177.695772234723,72,44.9531072610989,27.0468927389011,0,C,439,8
73.9505165031294,72,45.025311796926,26.974688203074,0,I,440,8
86.38644719681,72,45.0578796258196,26.9421203741804,0,C,441,8
131.98161074755,53.8801284697726,45.0607132120058,8.81941525776676,0,I,442,8
73.3704789031479,72,45.1259544398636,26.8740455601364,0,C,443,8
175.797974508963,49.7387047254313,45.1679478306323,4.57075689479896,0,I,444,8
64.0196945804974,72,45.1809797761962,18.8387148043012,1,C,445,8
125.484937499905,53.9287158575877,45.1817591395229,8.74695671806478,0,I,446,8
61.3548249733852,72,45.2938190940768,16.0610058793085,1,C,447,8
75.5045419193366,72,45.5293934186921,26.470606581308,0,I,448,8
76.6795237100031,72,45.5916306003928,26.4083693996072,0,C,449,8
126.000360590309,72,45.8678898168728,26.1321101831272,0,I,450,8
85.4933667731657,72,45.9388500731438,26.0611499268562,0,C,451,8
103.584546019363,72,45.9696351969615,26.0303648030385,0,I,452,8
194.150670458314,72,46.0164940590039,25.9835059409961,0,C,453,8
68.9071999356731,72,46.0545128630474,22.8526870726257,1,I,454,8
165.643503448151,72,46.1925488803536,25.8074511196464,0,C,455,8
101.799430349223,53.1467106188068,46.3974705571309,6.74924006167588,0,I,456,8
85.6636332322387,72,46.4870385406539,25.5129614593461,0,C,457,8
99.2697629692402,72,46.5263896621764,25.4736103378236,0,I,458,8
53.1027802280985,72,46.5417415089905,6.56103871910795,1,C,459,8
90.7262268878884,72,46.5847625769675,25.4152374230325,0,I,460,8
76.2762802835778,72,46.6903640236706,25.3096359763295,0,C,461,8
68.5795323867187,72,46.8913832260296,21.6881491606891,1,I,462,8
84.0119128740739,72,46.9473443739116,25.0526556260884,0,C,463,8
76.778052090729,72,47.1937607601285,24.8062392398715,0,I,464,8
69.4257097844879,72,47.2026784345508,22.2230313499371,1,C,465,8
95.1612790184774,72,47.275508902967,24.724491097033,0,I,466,8
121.608339749606,67.6410314128419,47.2793915122747,20.3616399005671,0,C,467,8
161.155115679932,72,47.4952985392883,24.5047014607117,0,I,468,8
54.0224950312688,72,47.5027403980494,6.51975463321946,1,C,469,8
106.182174094172,63.0170157259903,47.5346267782152,15.4823889477752,0,I,470,8
100.144186355835,72,47.5653647677973,24.4346352322027,0,C,471,8
153.865302061796,72,47.605591379106,24.394408620894,0,I,472,8
61.2480689994942,72,47.8814175585285,13.3666514409657,1,C,473,8
121.779758818361,72,48.069712179713,23.9302878202871,0,I,474,8
75.9523924498927,72,48.347599580884,23.652400419116,0,C,475,8
83.3036073464694,72,48.3611855143681,23.6388144856319,0,I,476,8
54.0347118905152,72,48.380865175277,5.65384671523818,1,C,477,8
78.1688860927165,72,48.4632714651525,23.5367285348475,0,I,478,8
127.584752210755,72,48.4824495250359,23.5175504749641,0,C,479,8
72.8365551493097,72,48.5461175115779,23.4538824884221,0,I,480,8
67.7274401614845,72,48.6220183130354,19.1054218484491,1,C,481,8
101.973953768115,66.4902079039341,48.6890832753852,17.8011246285489,0,I,482,8
214.993008849069,72,48.6938026081771,23.3061973918229,0,C,483,8
103.421440434198,72,48.7111207377166,23.2888792622834,0,I,484,8
83.1464375376999,72,48.7656003283337,23.2343996716663,0,C,485,8
66.6932064762883,72,48.8431752193719,17.8500312569164,1,I,486,8
160.928839403025,72,48.862528516911,23.137471483089,0,C,487,8
100.642020771036,72,49.3506041541696,22.6493958458304,0,I,488,8
158.690161475958,72,49.4895839178935,22.5104160821065,0,C,489,8
175.694787367027,72,49.5631763571873,22.4368236428127,0,I,490,8
59.5057075116324,72,49.7304076887667,9.7752998228657,1,C,491,8
63.877114904442,72,49.7825439926237,14.0945709118183,1,I,492,8
55.0319937992025,72,49.8236197466031,5.20837405259943,1,C,493,8
86.1449817407495,72,49.8801493830979,22.1198506169021,0,I,494,8
70.0500879011931,72,50.0777862779796,19.9723016232135,1,C,495,8
115.964678061592,72,50.2866929769516,21.7133070230484,0,I,496,8
105.140118386697,72,50.3256872249767,21.6743127750233,0,C,497,8
109.144458230054,72,50.5224381946027,21.4775618053973,0,I,498,8
98.7926883353536,72,50.8205421315506,21.1794578684494,0,C,499,8
76.3990570180263,72,50.8368926122785,21.1631073877215,0,I,500,8
86.9728230676808,72,50.952025023289,21.047974976711,0,C,501,8
99.1892110738717,72,51.3411800656468,20.6588199343532,0,I,502,8
86.6680741096942,72,51.4569623954594,20.5430376045406,0,C,503,8
133.36074489342,72,51.8715114053339,20.1284885946661,0,I,504,8
103.373461949803,72,51.9192371796817,20.0807628203183,0,C,505,8
163.657095129557,72,51.9336577272043,20.0663422727957,0,I,506,8
95.7972442235141,72,51.9664831040427,20.0335168959573,0,C,507,8
240.870546494404,72,52.0933324098587,19.9066675901413,0,I,508,8
85.4532040654682,72,52.0976757723838,19.9023242276162,0,C,509,8
146.244460739005,72,52.2644049720839,19.7355950279161,0,I,510,8
148.568465785549,72,52.6672297809273,19.3327702190727,0,C,511,8
96.0031823265252,72,52.7569846669212,19.2430153330788,0,I,512,8
56.3837225580426,54.3786822724504,52.9882059618831,1.39047631056728,0,C,513,8
172.441571485054,72,53.2202007388696,18.7797992611304,0,I,514,8
137.170260916068,72,53.2982801785693,18.7017198214307,0,C,515,8
55.6683948250291,72,53.3675493160263,2.30084550900287,1,I,516,8
96.5489187640173,72,53.7313862610608,18.2686137389392,0,C,517,8
146.723988665332,72,53.7661303952336,18.2338696047664,0,I,518,8
107.749005767711,72,53.7986090546474,18.2013909453526,0,C,519,8
117.323467189725,72,53.8250203616917,18.1749796383083,0,I,520,8
68.6629473302978,72,53.8277792651206,14.8351680651772,1,C,521,8
75.5596843561789,72,53.8825222989544,18.1174777010456,0,I,522,8
71.9164688644158,70.0077207405056,53.8853571703658,16.1223635701399,0,C,523,8
130.224432933489,72,53.9518213039264,18.0481786960736,0,I,524,8
107.528561197033,68.3110913927241,53.9644979126751,14.346593480049,0,C,525,8
122.039654486537,72,53.9718999993056,18.0281000006944,0,I,526,8
62.3509811891747,72,54.101674980484,8.24930620869073,1,C,527,8
58.9685009153563,72,54.1766131902114,4.79188772514494,1,I,528,8
101.012024366461,72,54.1920332657173,17.8079667342827,0,C,529,8
97.3784524202874,72,54.2023990117014,17.7976009882987,0,I,530,8
86.6566043484648,72,54.2202679719776,17.7797320280224,0,C,531,8
119.249431470276,72,54.2298449389637,17.7701550610364,0,I,532,8
67.779752348973,72,54.4747965177521,13.3049558312208,1,C,533,8
60.8417244196043,72,54.63426834438,6.20745607522431,1,I,534,8
157.487692130278,72,54.7380941128358,17.2619058871642,0,C,535,8
68.2935734575447,72,54.8761983867735,13.4173750707713,1,I,536,8
93.3916107918369,72,54.9289519898593,17.0710480101407,0,C,537,8
130.995141918563,72,54.9567166529596,17.0432833470404,0,I,538,8
84.4846980547962,72,54.9804830923677,17.0195169076324,0,C,539,8
114.346017595064,72,55.2694030478597,16.7305969521403,0,I,540,8
143.516577590314,72,55.3423648327589,16.6576351672411,0,C,541,8
59.1119921091719,72,55.6390854064375,3.47290670273435,1,I,542,8
79.5716503239141,72,55.7281399285421,16.2718600714579,0,C,543,8
58.0104987968555,72,55.8225192222744,2.18797957458109,1,I,544,8
67.9608218617013,72,55.8418525289744,12.1189693327269,1,C,545,8
66.1270577654176,72,55.9484171960503,10.1786405693673,1,I,546,8
93.7237756841424,72,56.2946771224961,15.7053228775039,0,C,547,8
114.681090235723,72,56.3207267504185,15.6792732495815,0,I,548,8
74.5635713108129,72,56.4896074309945,15.5103925690055,0,C,549,8
176.331945331807,72,56.6188123309985,15.3811876690015,0,I,550,8
70.3129975310459,72,56.7962835961953,13.5167139348506,1,C,551,8
103.717392516943,72,56.993455211632,15.006544788368,0,I,552,8
67.1847327560542,72,57.0141701214016,10.1705626346527,1,C,553,8
57.7662288514754,72,57.1506213163957,0.615607535079676,1,I,554,8
186.007137842293,62.9729739477338,57.5596015295014,5.4133724182324,0,C,555,8
108.109676832126,72,57.7080081962049,14.2919918037951,0,I,556,8
108.9260855704,72,57.7584924548864,14.2415075451136,0,C,557,8
58.8192599979905,61.9608520639133,58.0401923367754,0.779067661215096,1,I,558,8
69.6772562959302,72,58.0432145018131,11.6340417941172,1,C,559,8
296.535972120717,72,58.0899959849194,13.9100040150806,0,I,560,8
102.373865703896,72,58.1554771168158,13.8445228831843,0,C,561,8
196.831509159862,72,58.1953621655703,13.8046378344297,0,I,562,8
107.219693903337,72,58.1986781023443,13.8013218976557,0,C,563,8
108.075948773739,72,58.2485556649044,13.7514443350956,0,I,564,8
114.725095626487,72,58.2630713749677,13.7369286250323,0,C,565,8
69.9822886252499,72,58.3202977152541,11.6619909099958,1,I,566,8
77.4589433927694,72,58.6111449077725,13.3888550922275,0,C,567,8
66.4367860720494,72,58.6573615903035,7.77942448174587,1,I,568,8
306.824183760345,72,58.9403916103765,13.0596083896235,0,C,569,8
138.792329547317,72,59.0489102527499,12.9510897472501,0,I,570,8
276.097630898714,70.2198071960633,59.0879351086915,11.1318720873718,0,C,571,8
120.249047735044,72,59.1175180161372,12.8824819838628,0,I,572,8
120.317911442511,72,59.1829401394352,12.8170598605648,0,C,573,8
137.408088196556,72,59.2435126472265,12.7564873527735,0,I,574,8
128.417259610491,72,59.3011105852202,12.6988894147798,0,C,575,8
73.6837131109051,72,59.337121155113,12.662878844887,0,I,576,8
64.1056744047912,72,59.3538624979556,4.75181190683561,1,C,577,8
95.0031032160896,72,59.4711972819641,12.5288027180359,0,I,578,8
59.7735566189222,72,59.5265429886058,0.247013630316407,1,C,579,8
198.858340146372,72,59.5467953430489,12.4532046569511,0,I,580,8
59.6251105043015,72,59.5510786632076,0.074031841093884,1,C,581,8
152.044725495582,72,59.6469290228561,12.3530709771439,0,I,582,8
126.727151937139,72,59.926605373621,12.073394626379,0,C,583,8
69.3950766626297,72,0.0525378668680787,69.3425387957616,1,C,1,9
45.6930776601573,25.8294358087009,0.0624494533985853,25.7669863553023,0,I,2,9
11.9435301502902,27.2151757246643,0.190334273502231,11.753195876788,1,C,3,9
4.14886058345072,62.6691100248428,0.377486161887646,3.77137442156308,1,I,4,9
30.3167261477478,72,0.435993885621429,29.8807322621263,1,C,5,9
190.304855195216,72,0.663334890268743,71.3366651097313,0,I,6,9
181.963358393762,44.952263437985,0.770512595772743,44.1817508422122,0,C,7,9
22.5013197950769,72,0.774876605719328,21.7264431893576,1,I,8,9
19.7591733574581,72,0.786391873843968,18.9727814836141,1,C,9,9
1.00967120016076,72,0.905887316912413,0.103783883248352,1,I,10,9
35.2008438933665,72,0.933277951553464,34.267565941813,1,C,11,9
14.7624027793991,72,0.955058494582772,13.8073442848164,1,I,12,9
6.55221130438854,72,1.08382896054536,5.46838234384318,1,C,13,9
24.4661997359425,72,1.12407820299268,23.3421215329499,1,I,14,9
9.19389602214216,72,1.30457671824843,7.88931930389373,1,C,15,9
31.7504446732634,62.1511791621167,1.32885374128819,30.4215909319753,1,I,16,9
37.3625249717518,72,1.35363193228841,36.0088930394634,1,C,17,9
3.95367404362382,61.4182924943123,1.47497367113829,2.47870037248553,1,I,18,9
139.57104302577,72,1.50940212886781,70.4905978711322,0,C,19,9
38.4874400398443,71.2011035048052,1.56398544553667,36.9234545943076,1,I,20,9
63.6739188412774,8.90188898510241,1.5706291096285,7.33125987547391,0,C,21,9
178.166220744999,72,1.66211583651602,70.337884163484,0,I,22,9
296.569775432428,72,1.66767069138587,70.3323293086141,0,C,23,9
27.3609374331854,72,1.81987001560628,25.5410674175791,1,I,24,9
157.934646156073,72,1.87158786691725,70.1284121330828,0,C,25,9
39.7910134099786,72,2.17034693341702,37.6206664765616,1,I,26,9
10.5411966879643,72,2.17451178934425,8.36668489862004,1,C,27,9
15.8550067735048,40.4929082746914,2.28979557752609,13.5652111959787,1,I,28,9
29.6168636147913,72,2.4256636435166,27.1911999712747,1,C,29,9
6.35059899703411,72,2.54880137275904,3.80179762427507,1,I,30,9
68.9694645698405,72,2.56876344792545,66.4007011219151,1,C,31,9
50.233177104094,72,2.64055476989597,47.592622334198,1,I,32,9
69.2235395213432,72,2.6681086840108,66.5554308373324,1,C,33,9
71.3514816951087,72,2.87852881941944,68.4729528756893,1,I,34,9
14.6876962786624,72,3.00338173750788,11.6843145411545,1,C,35,9
38.5811154135191,71.6564498117098,3.11436126474291,35.4667541487762,1,I,36,9
24.5263494191578,72,3.12079054769129,21.4055588714665,1,C,37,9
93.8920233179889,72,3.22251434437931,68.7774856556207,0,I,38,9
58.5895643118415,72,3.30037162173539,55.2891926901061,1,C,39,9
39.0240245575446,72,3.35868185386062,35.665342703684,1,I,40,9
25.5306450995634,72,3.43617017380893,22.0944749257544,1,C,41,9
87.0611689406108,72,3.49577507469803,68.504224925302,0,I,42,9
8.08132365787191,12.3859538640903,3.731220792979,4.3501028648929,1,C,43,9
40.3649913999967,54.3297611890827,3.79823521245271,36.566756187544,1,I,44,9
90.9038167688097,72,3.82238978985697,68.177610210143,0,C,45,9
49.8392476772718,72,3.82936075329781,46.009886923974,1,I,46,9
8.14171654737075,72,3.87220890261233,4.26950764475842,1,C,47,9
27.2920308278754,72,3.95542466081679,23.3366061670586,1,I,48,9
50.8876880913376,72,4.17465729173273,46.7130307996049,1,C,49,9
77.8942039788563,69.6492365242652,4.3132551619783,65.3359813622869,0,I,50,9
85.7065458488784,72,4.35017621610314,67.6498237838969,0,C,51,9
137.01868510783,72,4.4523002486676,67.5476997513324,0,I,52,9
11.8500425684423,72,4.6371355606243,7.21290700781798,1,C,53,9
109.781706255578,72,4.7202989179641,67.2797010820359,0,I,54,9
26.3288182499457,34.7631681297877,5.08159917779267,21.247219072153,1,C,55,9
27.0580855723047,72,5.14174534007907,21.9163402322256,1,I,56,9
94.3771559134014,72,5.20839253440499,66.791607465595,0,C,57,9
123.304472557342,72,5.2521265251562,66.7478734748438,0,I,58,9
72.9988614889717,72,5.31902312301099,66.680976876989,0,C,59,9
80.7188132398752,32.1060304912139,5.36917028948665,26.7368602017273,0,I,60,9
16.9984462801226,72,5.70086921565235,11.2975770644702,1,C,61,9
161.96612509471,72,5.76703880913556,66.2329611908645,0,I,62,9
25.695165678287,26.8646740765078,6.02783813606948,19.6673275422175,1,C,63,9
16.990409584844,72,6.10736367758364,10.8830459072604,1,I,64,9
18.7353426981148,34.424470172675,6.11105455085635,12.6242881472585,1,C,65,9
149.101180115249,72,6.14222867880017,65.8577713211998,0,I,66,9
11.2264820162145,72,6.15137035958469,5.07511165662979,1,C,67,9
26.9378449881984,72,6.22048148419708,20.7173635040013,1,I,68,9
103.65560557803,72,6.38490841258317,65.6150915874168,0,C,69,9
27.0864353616068,72,6.39278443995863,20.6936509216482,1,I,70,9
58.3230177687457,72,6.47163965273649,51.8513781160092,1,C,71,9
17.1845968257764,72,6.61525631323457,10.5693405125418,1,I,72,9
47.8988214799441,72,6.69004859402776,41.2087728859163,1,C,73,9
36.5795809140525,72,6.74764016177505,29.8319407522774,1,I,74,9
18.8143058195627,72,7.03496569767594,11.7793401218867,1,C,75,9
39.0898205903833,14.318300138857,7.09564299322665,7.22265714563037,0,I,76,9
72.0559309827814,72,7.10770632606,64.89229367394,0,C,77,9
109.307862218783,15.1974190081898,7.53537126816809,7.66204774002168,0,I,78,9
8.3894830800324,72,7.75372558739036,0.63575749264204,1,C,79,9
53.6003728781763,72,7.86131445318461,45.7390584249917,1,I,80,9
63.3741356396136,28.3404084598935,7.89997742045671,20.4404310394368,0,C,81,9
69.6419454219237,72,7.91553423274308,61.7264111891806,1,I,82,9
117.903718935422,72,7.96328351832926,64.0367164816707,0,C,83,9
111.802541073192,72,8.20619790349156,63.7938020965085,0,I,84,9
28.7692197432897,72,8.2227380387485,20.5464817045412,1,C,85,9
77.6537193706652,72,8.43107800930738,63.5689219906926,0,I,86,9
35.1567293404275,72,8.45336410682648,26.7033652336011,1,C,87,9
16.6838755142415,72,8.49697122350335,8.18690429073815,1,I,88,9
132.876154778268,72,8.57420712243766,63.4257928775624,0,C,89,9
159.135364993217,46.5013815429261,8.68948413524777,37.8118974076783,0,I,90,9
10.0139681400573,72,8.69194198865444,1.32202615140284,1,C,91,9
75.5248586419676,23.6240990462967,8.71513520367444,14.9089638426222,0,I,92,9
19.4045884966583,72,8.86482460889965,10.5397638877587,1,C,93,9
91.3227639480729,72,8.88458843808621,63.1154115619138,0,I,94,9
65.3394009540157,72,8.96681851241738,56.3725824415984,1,C,95,9
12.3137577473311,72,9.07005964312702,3.24369810420405,1,I,96,9
103.728972015851,72,9.08586263190955,62.9141373680905,0,C,97,9
45.6234288099483,29.5720345572627,9.25452405586839,20.3175105013943,0,I,98,9
77.9200483479755,72,9.27309738937765,62.7269026106224,0,C,99,9
85.9748987385523,43.8472958072942,9.56181028392166,34.2854855233726,0,I,100,9
10.0175726044646,20.0091892917299,9.59526069927961,0.422311905185008,1,C,101,9
37.3539649484781,72,9.74767968524247,27.6062852632356,1,I,102,9
58.5403037714815,31.9823124185682,9.84403265174478,22.1382797668234,0,C,103,9
22.4462838604529,72,9.84885008074343,12.5974337797094,1,I,104,9
226.329205185047,72,9.87021749373525,62.1297825062648,0,C,105,9
26.3742192963299,72,9.9920560978353,16.3821631984946,1,I,106,9
88.4110834763786,72,10.0228802952915,61.9771197047085,0,C,107,9
53.7593699254464,72,10.0394564308226,43.7199134946238,1,I,108,9
83.0010262362096,50.7322676242181,10.4989597667009,40.2333078575172,0,C,109,9
113.467948028401,23.1598610083999,10.852165510878,12.307695497522,0,I,110,9
102.776965122427,72,10.8914290275425,61.1085709724575,0,C,111,9
22.0815748590734,29.7128797861081,10.9326946595684,11.148880199505,1,I,112,9
26.6755170575325,72,10.9841311583295,15.6913858992029,1,C,113,9
55.5230542816583,72,11.029720553197,44.4933337284614,1,I,114,9
43.3140720819579,72,11.1293576750904,32.1847144068675,1,C,115,9
41.8037905489131,72,11.25674769748,30.5470428514331,1,I,116,9
19.0064264114524,34.5036596840966,11.3354283291847,7.67099808226771,1,C,117,9
99.3310088541735,72,11.3770967395976,60.6229032604024,0,I,118,9
52.5501457584188,72,11.6588567337021,40.8912890247166,1,C,119,9
18.4942081244825,72,11.6750815836713,6.81912654081126,1,I,120,9
54.3524206833397,57.6394080989717,11.7132734879851,42.6391471953546,1,C,121,9
31.22115882782,43.7604467941518,11.7668127827346,19.4543460450853,1,I,122,9
85.0772013482526,72,11.7901184549555,60.2098815450445,0,C,123,9
23.7421982795173,72,11.8147581489757,11.9274401305416,1,I,124,9
102.891103922094,72,11.8539837375283,60.1460162624717,0,C,125,9
68.9809576417901,72,11.9178164983168,57.0631411434733,1,I,126,9
83.6100153234918,58.4044398157984,11.9829710572958,46.4214687585026,0,C,127,9
43.1373270889536,72,12.2545706760138,30.8827564129398,1,I,128,9
102.662880455787,72,12.3105803690851,59.6894196309149,0,C,129,9
79.2902363994755,72,12.3400167329237,59.6599832670763,0,I,130,9
119.262050143125,72,12.5639175111428,59.4360824888572,0,C,131,9
26.9646031371566,72,12.6958586415276,14.268744495629,1,I,132,9
55.2392466080732,72,12.7716162800789,42.4676303279943,1,C,133,9
74.2349047964032,72,12.8350809076801,59.1649190923199,0,I,134,9
38.5896444802039,72,12.8666366357356,25.7230078444682,1,C,135,9
31.2556700876693,72,12.8752133063972,18.3804567812721,1,I,136,9
129.084942574766,72,12.9609082220122,59.0390917779878,0,C,137,9
15.9327111331606,72,13.1484496453777,2.78426148778295,1,I,138,9
38.0152951466043,72,13.3874652720988,24.6278298745056,1,C,139,9
28.482771441142,72,13.4759702067822,15.0068012343598,1,I,140,9
45.50360139385,22.1420893252495,13.4832453075796,8.65884401766987,0,C,141,9
53.4270654150082,36.6516313208661,13.5040655499324,23.1475657709337,0,I,142,9
13.7182232208755,72,13.5810721758753,0.137151045000196,1,C,143,9
30.4818412202541,72,13.6042819032446,16.8775593170095,1,I,144,9
26.2390382293089,72,13.6051040422171,12.6339341870918,1,C,145,9
26.2974176565201,57.7395308606816,13.7864524964243,12.5109651600958,1,I,146,9
184.043556120789,29.331235938295,13.8940203655511,15.4372155727439,0,C,147,9
128.56480922793,72,14.0592371206731,57.9407628793269,0,I,148,9
63.2136051591054,72,14.1805275483057,49.0330776107997,1,C,149,9
86.4484476126903,72,14.3631273787469,57.6368726212531,0,I,150,9
67.1452681521664,72,14.4685279671103,52.6767401850561,1,C,151,9
25.84792547624,36.3483448895288,14.5618692180142,11.2860562582258,1,I,152,9
16.6171864511753,72,14.8223146051168,1.79487184605848,1,C,153,9
182.415266796276,72,14.8661347618327,57.1338652381674,0,I,154,9
84.9782043119926,72,14.9250720301643,57.0749279698357,0,C,155,9
64.5206494497631,17.9445044249136,14.9656323809177,2.97887204399589,0,I,156,9
16.674883858813,72,15.0675248214975,1.60735903731545,1,C,157,9
87.3118575703265,72,15.0844310084358,56.9155689915642,0,I,158,9
101.213376846581,72,15.3453404316679,56.6546595683321,0,C,159,9
40.2713215726459,72,15.6609871890396,24.6103343836063,1,I,160,9
83.9405084805638,72,15.6974459951743,56.3025540048257,0,C,161,9
52.9236639197196,72,15.7242980785668,37.1993658411528,1,I,162,9
45.2056211833104,72,15.7357974769548,29.4698237063556,1,C,163,9
184.055183004048,72,15.7809724705294,56.2190275294706,0,I,164,9
133.859535343015,72,15.8410145156086,56.1589854843915,0,C,165,9
104.29008682103,72,15.8478153822944,56.1521846177056,0,I,166,9
233.753659352694,72,15.8639710117131,56.1360289882869,0,C,167,9
72.6148764535747,72,15.9201782941818,56.0798217058182,0,I,168,9
89.0685026920521,72,15.9790032869205,56.0209967130795,0,C,169,9
34.286154198303,37.2767380228239,16.0303760971874,18.2557781011156,1,I,170,9
24.4088226717318,72,16.3807714730501,8.02805119868172,1,C,171,9
16.8446288300614,72,16.4553206646815,0.389308165379911,1,I,172,9
36.3649935017649,72,16.5044451132417,19.8605483885233,1,C,173,9
47.6324219250499,72,16.6518901241943,30.9805318008556,1,I,174,9
36.1833935968378,72,16.762397303246,19.4209962935918,1,C,175,9
78.537028923466,72,16.7887671897188,55.2112328102812,0,I,176,9
87.5273883393243,72,16.9019113155082,55.0980886844918,0,C,177,9
63.7151857555111,40.0401024333632,16.9050257373601,23.1350766960031,0,I,178,9
30.2680658508563,72,16.9458972802386,13.3221685706177,1,C,179,9
25.23273686997,72,17.1373389288783,8.09539794109165,1,I,180,9
48.5287816874095,40.8394525840213,17.1541604306549,23.6852921533664,0,C,181,9
26.5597186462617,27.9948072841597,17.3026160337031,9.25710261255865,1,I,182,9
43.9223371480744,72,17.4185413308442,26.5037958172302,1,C,183,9
20.7534368358663,72,17.4241642188281,3.32927261703824,1,I,184,9
50.336557820951,43.0385726460886,17.4394158879295,25.5991567581591,0,C,185,9
21.0656945276274,72,17.4631581036374,3.60253642399001,1,I,186,9
37.2064921586978,72,17.613694681786,19.5927974769118,1,C,187,9
48.6451612594778,19.0684794734655,17.6347768167034,1.4337026567621,0,I,188,9
127.300212798858,72,17.8283898951486,54.1716101048514,0,C,189,9
19.2133367384235,72,17.9074720200151,1.30586471840839,1,I,190,9
78.8234916641404,63.7234515394142,17.9091967782006,45.8142547612136,0,C,191,9
46.2143074845908,72,17.9566610930488,28.2576463915421,1,I,192,9
161.776215196601,34.2959685047451,17.9728678381071,16.323100666638,0,C,193,9
60.9387673919998,72,18.019242757,42.9195246349998,1,I,194,9
203.172669948864,72,18.0475262738764,53.9524737261236,0,C,195,9
36.3718566361066,72,18.3505871566013,18.0212694795053,1,I,196,9
42.1779809994693,72,18.5155631275848,23.6624178718846,1,C,197,9
75.3248607316337,54.200751153922,18.6580010689795,35.5427500849425,0,I,198,9
33.4064671153143,72,18.6623033042997,14.7441638110146,1,C,199,9
98.6634666824241,72,18.7336189253256,53.2663810746744,0,I,200,9
48.2732143704782,72,18.8907797494903,29.3824346209878,1,C,201,9
69.0906990088822,72,19.0458291582763,50.0448698506059,1,I,202,9
21.7357007721004,72,19.115740545094,2.61996022700643,1,C,203,9
39.1093048108598,72,19.1198694705963,19.9894353402635,1,I,204,9
63.3519451770274,72,19.1400663508102,44.2118788262172,1,C,205,9
20.9934757918185,72,19.1624287655577,1.83104702626083,1,I,206,9
72.3562984954119,72,19.3129944708198,52.6870055291802,0,C,207,9
222.117881914392,72,19.5150644006208,52.4849355993792,0,I,208,9
44.8711638170631,72,19.5152824278921,25.355881389171,1,C,209,9
83.4872105492261,72,19.5891359634697,52.4108640365303,0,I,210,9
64.9708081036548,72,19.7433144645765,45.2274936390783,1,C,211,9
77.6958378437542,72,19.7997849946842,52.2002150053158,0,I,212,9
21.1685180573667,72,19.8482719715685,1.32024608579822,1,C,213,9
27.4250573372756,72,19.9060332449153,7.51902409236029,1,I,214,9
31.5840869998176,72,19.9628571700305,11.6212298297871,1,C,215,9
203.210132362684,72,20.1404819637537,51.8595180362463,0,I,216,9
33.3885795914984,72,20.4374373145401,12.9511422769582,1,C,217,9
98.2006385180751,72,20.4597302433103,51.5402697566897,0,I,218,9
196.198458622459,72,20.5213702423498,51.4786297576502,0,C,219,9
53.381961831565,55.6553338864887,20.5518710939214,32.8300907376436,1,I,220,9
85.5763061408297,72,20.6116616958752,51.3883383041248,0,C,221,9
56.8387581033569,28.5416603146507,20.7954703224823,7.74618999216839,0,I,222,9
75.787829158232,72,20.8048539049923,51.1951460950077,0,C,223,9
41.427634464174,72,20.8061386132613,20.6214958509127,1,I,224,9
60.738395286452,72,20.8521645795554,39.8862307068966,1,C,225,9
109.219989976947,72,20.8530160272494,51.1469839727506,0,I,226,9
22.2536106602396,72,20.8873272500932,1.36628341014635,1,C,227,9
86.2510315612001,72,20.8968125749379,51.1031874250621,0,I,228,9
156.25586105878,72,21.0617717821151,50.9382282178849,0,C,229,9
34.295441141139,72,21.1015501851216,13.1938909560174,1,I,230,9
90.517855445824,72,21.1990947369486,50.8009052630514,0,C,231,9
113.716793117774,72,21.4280430413783,50.5719569586217,0,I,232,9
63.1528490161088,72,21.612493917346,41.5403550987628,1,C,233,9
43.6790970266996,72,21.6947529232129,21.9843441034867,1,I,234,9
131.35478894336,72,21.7219136143103,50.2780863856897,0,C,235,9
31.6077515486417,42.3307959378961,21.8092318531126,9.79851969552914,1,I,236,9
90.5203611797602,72,21.8204071512446,50.1795928487554,0,C,237,9
62.792692516924,72,21.8253175634891,40.9673749534349,1,I,238,9
48.5224117983005,72,21.8460726924241,26.6763391058764,1,C,239,9
50.3398368162185,37.3306006303491,21.894362680614,15.4362379497351,0,I,240,9
51.0247887851336,72,21.9059921940789,29.1187965910547,1,C,241,9
222.938969034744,72,21.9517137575895,50.0482862424105,0,I,242,9
147.433132615678,72,22.3759820032865,49.6240179967135,0,C,243,9
101.595983531322,72,22.4307153420523,49.5692846579477,0,I,244,9
52.3050042604893,72,22.556163542904,29.7488407175853,1,C,245,9
22.8910485834706,72,22.8278460167348,0.0632025667357774,1,I,246,9
83.0594317480536,72,22.8552875574678,49.1447124425322,0,C,247,9
45.9814630607619,72,22.8749347524717,23.1065283082902,1,I,248,9
79.8375790048675,72,22.9255113797262,49.0744886202738,0,C,249,9
55.1770708443342,72,22.9406079137698,32.2364629305644,1,I,250,9
86.9469864772068,72,23.0240276176482,48.9759723823518,0,C,251,9
40.3501605022989,72,23.2073937775567,17.1427667247421,1,I,252,9
24.6100063216054,29.1120411095202,23.2763936044648,1.33361271714059,1,C,253,9
66.2601919822795,72,23.5195766296238,42.7406153526557,1,I,254,9
64.2270131432141,72,23.5978420218453,40.6291711213688,1,C,255,9
308.690446480663,42.6308888448524,23.6200634529814,19.010825391871,0,I,256,9
27.3144486987425,72,23.9802002487704,3.33424844997209,1,C,257,9
58.0796293615103,56.8318670119606,24.1026963293552,32.7291706826054,0,I,258,9
262.898159527837,72,24.1047106264159,47.8952893735841,0,C,259,9
88.2131108143503,72,24.2749668750912,47.7250331249088,0,I,260,9
31.769291132325,72,24.3221981590614,7.44709297326358,1,C,261,9
53.6262299967244,72,24.3655034294352,29.2607265672892,1,I,262,9
49.1984625904376,36.2184222429647,24.3825552798808,11.8358669630839,0,C,263,9
182.173982441937,72,24.3900222424418,47.6099777575582,0,I,264,9
187.681674844768,72,24.7358480701223,47.2641519298777,0,C,265,9
42.399600983695,72,24.7388317063451,17.6607692773499,1,I,266,9
37.7483534976629,50.3324040354105,24.7793798334897,12.9689736641732,1,C,267,9
53.8536454482075,72,24.9486243026331,28.9050211455744,1,I,268,9
63.1434385305243,72,25.0212523480877,38.1221861824366,1,C,269,9
54.1847051943083,72,25.0355256954208,29.1491794988875,1,I,270,9
53.8516925616578,72,25.0834624702111,28.7682300914467,1,C,271,9
85.8541090802342,72,25.1776430010796,46.8223569989204,0,I,272,9
217.52815428107,72,25.2857288299128,46.7142711700872,0,C,273,9
53.9753047261965,72,25.3077299986035,28.667574727593,1,I,274,9
26.6729935722144,72,25.4652469139546,1.20774665825978,1,C,275,9
83.083799904852,72,25.646206503734,46.353793496266,0,I,276,9
151.868785199854,72,25.6789473351091,46.3210526648909,0,C,277,9
40.9671466947416,72,25.7179691875353,15.2491775072062,1,I,278,9
42.7235424896363,72,25.7777759246528,16.9457665649835,1,C,279,9
28.4989908278308,72,25.9254835546017,2.57350727322913,1,I,280,9
85.3921366863891,72,25.9910335019231,46.0089664980769,0,C,281,9
95.1295994789546,72,26.0175999859348,45.9824000140652,0,I,282,9
143.227717581072,72,26.0784273874015,45.9215726125985,0,C,283,9
72.6553684383686,72,26.3519261078909,45.6480738921091,0,I,284,9
26.5366693679918,72,26.5319193759933,0.00474999199846104,1,C,285,9
73.5090085050462,72,26.5526398457587,45.4473601542413,0,I,286,9
190.818775122804,72,26.6128071444109,45.3871928555891,0,C,287,9
47.9388120258462,72,26.6415900550783,21.2972219707679,1,I,288,9
53.4369077149385,72,26.6943546803668,26.7425530345717,1,C,289,9
62.2632404142882,72,26.7373271193355,35.5259132949526,1,I,290,9
42.7223238267501,72,26.8861203314737,15.8362034952765,1,C,291,9
90.7043385311899,72,26.9107088400051,45.0892911599949,0,I,292,9
39.7347085255868,72,27.0289292000234,12.7057793255634,1,C,293,9
75.4763273561592,72,27.0561784878373,44.9438215121627,0,I,294,9
86.7036393190521,72,27.2795700235292,44.7204299764708,0,C,295,9
33.748244682653,72,27.3624585103244,6.38578617232858,1,I,296,9
109.528345589231,72,27.3947240877897,44.6052759122103,0,C,297,9
45.7586461367332,72,27.4022498074919,18.3563963292413,1,I,298,9
125.546032463589,72,27.4290398787707,44.5709601212293,0,C,299,9
46.878559318848,72,27.526498711668,19.35206060718,1,I,300,9
45.0618748526452,72,27.7212845860049,17.3405902666403,1,C,301,9
37.6055581234931,72,27.7947265282273,9.81083159526574,1,I,302,9
29.916042530834,72,27.8003445267677,2.11569800406626,1,C,303,9
68.7493456792943,72,27.8238418791443,40.92550380015,1,I,304,9
102.458709322596,72,27.8983538411558,44.1016461588442,0,C,305,9
135.599222780365,53.3210779463091,27.8986519295722,25.4224260167369,0,I,306,9
55.3658705597514,72,27.9437850834802,27.4220854762712,1,C,307,9
73.8409415297983,72,28.0544986668974,43.9455013331026,0,I,308,9
36.3343355893278,72,28.1868227245286,8.14751286479914,1,C,309,9
40.95626298544,72,28.2737222732976,12.6825407121424,1,I,310,9
54.0658296221588,72,28.322263341397,25.7435662807618,1,C,311,9
85.5512875125087,72,28.3560056984425,43.6439943015575,0,I,312,9
86.9126152721932,72,28.360442603007,43.639557396993,0,C,313,9
37.2790795721249,72,28.3942472375929,8.88483233453198,1,I,314,9
45.6595451505355,72,28.4275601897389,17.2319849607966,1,C,315,9
110.686269759029,72,28.5754311550409,43.4245688449591,0,I,316,9
37.1360357197436,72,28.6423623422161,8.49367337752752,1,C,317,9
43.9185402157692,67.3325163474716,28.7139928154647,15.2045474003045,1,I,318,9
165.86867158725,72,28.7272132840008,43.2727867159992,0,C,319,9
145.012336506213,30.0232574617547,28.8720939354971,1.15116352625758,0,I,320,9
43.6043325710702,72,28.9602629933506,14.6440695777196,1,C,321,9
116.305405969915,69.0489939142151,29.1643672529608,39.8846266612543,0,I,322,9
35.7376726370862,72,29.1973423445597,6.5403302925265,1,C,323,9
40.4744323001799,72,29.5745413284749,10.899890971705,1,I,324,9
102.693335879152,72,29.676132244058,42.3238677559421,0,C,325,9
51.4481163077159,38.5476396569529,29.8694515787065,8.67818807824644,0,I,326,9
65.0939631170681,34.0319658046383,30.0589266372845,3.97303916735385,0,C,327,9
53.9321561758356,72,30.149695747532,23.7824604283037,1,I,328,9
136.539018019912,72,30.1761129917577,41.8238870082423,0,C,329,9
117.168747283609,72,30.2650750754401,41.7349249245599,0,I,330,9
94.4239220660557,72,30.3098304849118,41.6901695150882,0,C,331,9
55.8234534806474,72,30.3772707469761,25.4461827336713,1,I,332,9
173.953232783289,72,30.5889989901334,41.4110010098666,0,C,333,9
124.535126066367,72,30.8064481755719,41.1935518244281,0,I,334,9
51.9824598260137,72,31.0915823746473,20.8908774513664,1,C,335,9
48.1208716438922,72,31.0996834980324,17.0211881458598,1,I,336,9
34.1201715285233,72,31.413622610271,2.70654891825227,1,C,337,9
162.076872789343,63.9747930252173,31.8436374608427,32.1311555643745,0,I,338,9
33.9820309938037,32.9687451123595,31.8451363407075,1.12360877165197,0,C,339,9
149.503083417752,72,31.9985584588721,40.0014415411279,0,I,340,9
43.3739289419673,72,32.3414319986478,11.0324969433195,1,C,341,9
41.4339225108154,72,32.5802580965683,8.85366441424706,1,I,342,9
153.418354319538,72,32.7086373791099,39.2913626208901,0,C,343,9
103.012266484921,72,32.8623571665958,39.1376428334042,0,I,344,9
35.1368957252694,72,33.1355375004932,2.00135822477621,1,C,345,9
53.3678205745402,72,33.1462397100404,20.2215808644998,1,I,346,9
53.5302074758169,69.5042169253187,33.3850345993415,20.1451728764754,1,C,347,9
99.2845017505783,72,33.4166199993342,38.5833800006658,0,I,348,9
40.9085432976385,72,33.537420895882,7.37112240175653,1,C,349,9
80.2827173415179,36.3548882615693,33.6167095508426,2.73817871072666,0,I,350,9
53.806070956369,72,33.7252843659371,20.0807865904319,1,C,351,9
35.1673315767771,72,33.7537682102993,1.41356336647774,1,I,352,9
65.2630524936965,72,33.7569910101593,31.5060614835373,1,C,353,9
54.662800051578,72,33.8917153934017,20.7710846581764,1,I,354,9
72.2728647311403,72,33.91504033003,38.08495966997,0,C,355,9
137.648248285903,72,34.1838372079656,37.8161627920345,0,I,356,9
46.9032697530888,72,34.3667703587562,12.5364993943326,1,C,357,9
63.1000075887499,72,34.4342445675284,28.6657630212216,1,I,358,9
85.4012033360915,72,34.5270191319287,37.4729808680713,0,C,359,9
127.178533952577,72,34.6930267196149,37.3069732803851,0,I,360,9
48.5504737523356,72,34.9204115336761,13.6300622186595,1,C,361,9
47.5611947661341,72,35.0376654462889,12.5235293198452,1,I,362,9
71.8289481028841,72,35.1033853786066,36.7255627242774,1,C,363,9
79.4551276210191,72,35.2041171072051,36.7958828927949,0,I,364,9
161.688179565283,72,35.3020439855754,36.6979560144246,0,C,365,9
65.1759905742489,72,35.4225053871051,29.7534851871439,1,I,366,9
56.1874157193063,72,35.8074698969722,20.3799458223341,1,C,367,9
37.8158331594134,72,35.8399252267554,1.97590793265795,1,I,368,9
112.677528201126,72,35.970925251022,36.029074748978,0,C,369,9
120.290065126032,72,36.0116669721901,35.9883330278099,0,I,370,9
54.3319641881417,72,36.0738576203585,18.2581065677832,1,C,371,9
80.7564210938077,72,36.1857843166217,35.8142156833783,0,I,372,9
147.670438620011,72,36.2894796906039,35.7105203093961,0,C,373,9
97.1695968466317,72,36.6638571722433,35.3361428277567,0,I,374,9
72.205133690311,72,36.6955433646217,35.3044566353783,0,C,375,9
43.9457409210039,72,36.7948889220133,7.1508519989906,1,I,376,9
82.9605412392651,72,36.8650915240869,35.1349084759131,0,C,377,9
38.6978312347946,72,36.8938259175047,1.8040053172899,1,I,378,9
37.7834344965221,39.5703257949866,36.9843741226941,0.799060373827925,1,C,379,9
219.456959208445,72,37.1781065873802,34.8218934126198,0,I,380,9
47.1768961833829,72,37.3538762284443,9.8230199549386,1,C,381,9
78.9971942392302,72,37.4252878921106,34.5747121078894,0,I,382,9
219.801795534509,72,37.6085132500157,34.3914867499843,0,C,383,9
155.223017035086,72,37.6634865207598,34.3365134792402,0,I,384,9
165.578377220414,72,37.8577132243663,34.1422867756337,0,C,385,9
122.853948256106,72,38.2886174228042,33.7113825771958,0,I,386,9
44.3995509861948,72,38.3517082454637,6.04784274073117,1,C,387,9
261.811962158625,72,38.3522842917591,33.6477157082409,0,I,388,9
96.7955951024661,72,38.3641925593838,33.6358074406162,0,C,389,9
73.0794885514187,72,38.446284472011,33.553715527989,0,I,390,9
152.676971763934,72,38.7608234910294,33.2391765089706,0,C,391,9
59.1061404142055,72,38.9535110956058,20.1526293185997,1,I,392,9
47.6243757778304,72,39.1460218001157,8.47835397771468,1,C,393,9
54.8340226000695,72,39.3573339097202,15.4766886903493,1,I,394,9
58.1121585817041,72,39.3775487411767,18.7346098405274,1,C,395,9
126.637121923369,72,39.4534966908395,32.5465033091605,0,I,396,9
72.5632163456713,72,39.5363122830167,32.4636877169833,0,C,397,9
117.928196703102,47.9666196095903,39.6774573856965,8.28916222389388,0,I,398,9
83.1948491491649,72,39.6850130427629,32.3149869572371,0,C,399,9
68.7749900651594,72,39.900219803676,28.8747702614834,1,I,400,9
64.8413919464422,72,39.9531525420025,24.8882394044397,1,C,401,9
41.8635053044098,72,40.050638797693,1.81286650671687,1,I,402,9
40.9477665402031,72,40.1738988049328,0.773867735270282,1,C,403,9
110.490002220267,72,40.2638499531895,31.7361500468105,0,I,404,9
229.627592771621,72,40.3468276793137,31.6531723206863,0,C,405,9
82.6154113936561,61.7132437428735,40.4306502593681,21.2825934835054,0,I,406,9
76.0645180202939,72,40.4499956499785,31.5500043500215,0,C,407,9
53.303168002065,72,40.480989147909,12.8221788541561,1,I,408,9
100.709161798248,72,40.6810684455559,31.3189315544441,0,C,409,9
114.70893689566,72,40.7676960714161,31.2323039285839,0,I,410,9
43.1060247357081,72,40.8543715858832,2.25165314982489,1,C,411,9
50.3330912384025,72,40.8545360388234,9.47855519957907,1,I,412,9
62.4683757665846,72,40.8661418454722,21.6022339211125,1,C,413,9
124.995304575169,42.1616366358067,41.2218259088695,0.939810726937154,0,I,414,9
80.024210793766,72,41.3071902142838,30.6928097857162,0,C,415,9
54.1129641996884,72,41.3402742426842,12.7726899570041,1,I,416,9
245.114895094801,72,41.3956068595871,30.6043931404129,0,C,417,9
100.247326296056,72,41.5079512959346,30.4920487040654,0,I,418,9
42.8389768387964,72,41.6101357759908,1.22884106280565,1,C,419,9
206.563753409967,72,41.6768082417548,30.3231917582452,0,I,420,9
56.0457872840662,72,41.8600275926292,14.185759691437,1,C,421,9
52.3827828356962,72,41.8642420135438,10.5185408221524,1,I,422,9
66.4626112972875,72,41.8960617436096,24.5665495536779,1,C,423,9
57.5843119843321,72,41.903610653244,15.6807013310882,1,I,424,9
59.247543918942,72,42.1203620312735,17.1271818876684,1,C,425,9
89.423566752963,60.4137613903213,42.6453412603587,17.7684201299626,0,I,426,9
73.9604991571458,72,42.8001645812765,29.1998354187235,0,C,427,9
56.0707877814117,72,42.9505059868097,13.120281794602,1,I,428,9
108.030750525107,72,43.002166422084,28.997833577916,0,C,429,9
51.5605436298317,72,43.0621624505147,8.49838117931695,1,I,430,9
79.0864992688595,58.0576058953345,43.1405499391258,14.9170559562087,0,C,431,9
47.4001829459968,72,43.2767575839534,4.12342536204331,1,I,432,9
73.632187490474,72,43.3840399794281,28.615960020572,0,C,433,9
78.7029141421392,72,43.5636227577925,28.4363772422075,0,I,434,9
79.2649830153148,51.0476714721297,43.5988361109048,7.44883536122489,0,C,435,9
46.9496701297662,72,43.8016845379025,3.14798559186375,1,I,436,9
78.4826071565172,72,43.8642881624401,28.1357118375599,0,C,437,9
66.4856799791076,72,44.2939149728045,22.1917650063031,1,I,438,9
160.185933539182,72,44.5918109128252,27.4081890871748,0,C,439,9
89.0222856304771,72,44.6139772469178,27.3860227530822,0,I,440,9
89.9737218620424,72,44.6926060505211,27.3073939494789,0,C,441,9
117.735772742659,72,44.8561626859009,27.1438373140991,0,I,442,9
135.283664131326,72,44.9326511286199,27.0673488713801,0,C,443,9
118.902510425896,72,45.0759633863345,26.9240366136655,0,I,444,9
151.590411157741,72,45.0890595372766,26.9109404627234,0,C,445,9
191.025532610684,72,45.2074298914522,26.7925701085478,0,I,446,9
46.9627313289083,72,45.3000732231885,1.66265810571975,1,C,447,9
50.0239987675729,72,45.527514712885,4.49648405468789,1,I,448,9
152.066582146705,72,45.5445790383965,26.4554209616035,0,C,449,9
54.6662326560289,72,45.6058863876388,9.06034626839017,1,I,450,9
104.054480789735,72,45.779552673921,26.220447326079,0,C,451,9
60.9390004172714,72,45.7945147482678,15.1444856690036,1,I,452,9
49.7353821558395,72,45.798312490806,3.9370696650335,1,C,453,9
114.400957301123,72,45.8516043238342,26.1483956761658,0,I,454,9
52.9526438939534,72,46.433794205077,6.51884968887643,1,C,455,9
222.651589398745,72,46.6217942442745,25.3782057557255,0,I,456,9
69.8015882640895,72,46.6320586111397,23.1695296529499,1,C,457,9
78.8876846856035,72,46.7127827508375,25.2872172491625,0,I,458,9
48.4049329221408,72,46.7788080498576,1.6261248722832,1,C,459,9
75.0291651312304,72,46.8481996748596,25.1518003251404,0,I,460,9
73.9505810360635,72,46.9609033176675,25.0390966823325,0,C,461,9
57.2374496003666,72,47.0305416639894,10.2069079363772,1,I,462,9
192.638135674706,72,47.0599254732952,24.9400745267049,0,C,463,9
182.77835207817,72,47.077040662989,24.922959337011,0,I,464,9
71.6463627757027,72,47.4026875616983,24.2436752140044,1,C,465,9
64.1357690709064,72,47.4535900773481,16.6821789935583,1,I,466,9
54.9279216029096,72,47.5817280868068,7.34619351610275,1,C,467,9
56.6030804195919,51.0712292461835,47.6007480081171,3.47048123806638,0,I,468,9
78.167799611642,72,47.6077751861885,24.3922248138115,0,C,469,9
90.1026755025657,72,47.750377189368,24.249622810632,0,I,470,9
73.8658899614233,72,47.7897060569376,24.2102939430624,0,C,471,9
250.154839926127,72,47.8421617671847,24.1578382328153,0,I,472,9
104.243234731421,72,48.3138349978253,23.6861650021747,0,C,473,9
140.887337625962,72,48.3690283354372,23.6309716645628,0,I,474,9
187.323936907517,50.4789215856663,48.7240027170628,1.75491886860344,0,C,475,9
50.5853196366887,72,48.78614671994,1.79917291674873,1,I,476,9
190.110000074306,72,48.7932167993859,23.2067832006142,0,C,477,9
70.8850791700122,72,48.8559072185308,22.0291719514814,1,I,478,9
56.9412588911889,72,49.0892863227055,7.85197256848345,1,C,479,9
112.476906525314,72,49.1288242768496,22.8711757231504,0,I,480,9
83.6007238687637,72,49.1451308783144,22.8548691216856,0,C,481,9
270.097349326682,72,49.2465966939926,22.7534033060074,0,I,482,9
207.178358168364,72,49.3605171376839,22.6394828623161,0,C,483,9
65.2311526726747,58.3711667050333,49.3686103960499,9.00255630898333,0,I,484,9
81.1817581864266,72,49.532800829038,22.467199170962,0,C,485,9
57.5950397421145,72,49.5465430431068,8.04849669900767,1,I,486,9
53.3389333049795,72,49.5566224772483,3.78231082773117,1,C,487,9
221.090965692074,72,49.5923805143684,22.4076194856316,0,I,488,9
286.415938918299,72,49.8838388314471,22.1161611685529,0,C,489,9
92.4378184579245,72,49.9267294071615,22.0732705928385,0,I,490,9
56.9216256471586,72,50.0023760274053,6.91924961975335,1,C,491,9
156.038769227583,60.9750610941588,50.1310486346483,10.8440124595105,0,I,492,9
168.627127497346,72,50.1879710610956,21.8120289389044,0,C,493,9
155.30563611348,61.0305592555116,50.2175182895735,10.8130409659381,0,I,494,9
53.6570271138144,72,50.3350178478286,3.32200926598581,1,C,495,9
98.989905330874,72,50.374306300655,21.625693699345,0,I,496,9
165.503606869401,72,50.5611939216033,21.4388060783967,0,C,497,9
129.608987922993,72,50.7168108830228,21.2831891169772,0,I,498,9
135.984015399834,72,51.2162077613175,20.7837922386825,0,C,499,9
78.4736160426143,72,51.3025172520429,20.6974827479571,0,I,500,9
53.7019553942212,72,51.3335221912712,2.36843320295001,1,C,501,9
148.738183319113,72,51.391647127457,20.608352872543,0,I,502,9
83.3717242813876,72,51.4717700751498,20.5282299248502,0,C,503,9
160.235890565237,72,51.515012299642,20.484987700358,0,I,504,9
75.9093260693746,72,51.6382417827845,20.3617582172155,0,C,505,9
93.0629567227891,72,51.7039077635855,20.2960922364146,0,I,506,9
95.6637128677002,72,52.1193784335628,19.8806215664372,0,C,507,9
84.3924911440605,72,52.1241269772872,19.8758730227128,0,I,508,9
129.292614199888,72,52.2783554764465,19.7216445235536,0,C,509,9
68.8028247945129,72,52.2926299134269,16.510194881086,1,I,510,9
114.543777517661,72,52.3312023142353,19.6687976857647,0,C,511,9
56.4635928501646,72,52.3590276623145,4.10456518785011,1,I,512,9
58.3696457159419,72,52.3632994573563,6.00634625858553,1,C,513,9
110.310490840723,61.9816196187338,52.4798450013623,9.50177461737151,0,I,514,9
57.9534379705029,72,52.5153563870117,5.43808158349119,1,C,515,9
61.7002687211294,72,52.6907095732167,9.00955914791268,1,I,516,9
266.48226760673,72,52.9519843356684,19.0480156643316,0,C,517,9
95.9420014891117,72,53.0828142771497,18.9171857228503,0,I,518,9
98.4357811715866,72,53.1044441275299,18.8955558724701,0,C,519,9
138.837804087066,72,53.1818790268153,18.8181209731847,0,I,520,9
303.81616891707,72,53.2706164615229,18.7293835384771,0,C,521,9
123.031858111976,72,53.562423074618,18.437576925382,0,I,522,9
57.0292834613135,72,53.6852403497323,3.34404311158119,1,C,523,9
196.355482752489,72,53.6858119117096,18.3141880882904,0,I,524,9
323.515777989952,72,53.7799857649952,18.2200142350048,0,C,525,9
174.175868918746,57.577961667074,53.8509774953127,3.7269841717613,0,I,526,9
69.5639296310382,72,53.8642659410834,15.6996636899548,1,C,527,9
69.6240946786973,72,53.8893118361011,15.7347828425962,1,I,528,9
65.2892953236343,72,54.0268103359267,11.2624849877075,1,C,529,9
84.4604635011891,72,54.094723155722,17.905276844278,0,I,530,9
135.148822083748,72,54.5619065081701,17.4380934918299,0,C,531,9
89.8509791075164,72,54.6421658433974,17.3578341566026,0,I,532,9
167.872297146548,72,54.7586762951687,17.2413237048313,0,C,533,9
82.8056217812393,72,54.7636143676937,17.2363856323063,0,I,534,9
149.750585778783,72,54.7773328889161,17.2226671110839,0,C,535,9
58.7230930042592,72,54.8315516905859,3.89154131367328,1,I,536,9
63.7893733507264,72,54.8480644030497,8.9413089476767,1,C,537,9
64.6006024980386,72,54.9677594611421,9.63284303689644,1,I,538,9
76.1452843224435,72,55.0046047987416,16.9953952012584,0,C,539,9
116.317144882649,72,55.0351360347122,16.9648639652878,0,I,540,9
75.9251069576879,72,55.1748893642798,16.8251106357202,0,C,541,9
81.4305672171812,72,55.1810839818791,16.8189160181209,0,I,542,9
151.513129544018,72,55.439876918681,16.560123081319,0,C,543,9
97.922310268846,72,55.8969602314755,16.1030397685245,0,I,544,9
69.1936152522907,72,55.9280719701201,13.2655432821706,1,C,545,9
212.76033502989,72,56.044295411557,15.955704588443,0,I,546,9
82.1570870637124,72,56.0535377031192,15.9464622968808,0,C,547,9
122.188562308539,72,56.1104887537658,15.8895112462342,0,I,548,9
68.4967149371667,72,56.1676354100928,12.3290795270739,1,C,549,9
118.850621649068,72,56.2492680922151,15.7507319077849,0,I,550,9
81.2840597835292,72,56.3654567766935,15.6345432233065,0,C,551,9
242.939657129344,72,56.5896800067276,15.4103199932724,0,I,552,9
66.3387409973268,72,56.7165389936417,9.62220200368505,1,C,553,9
58.2342095100603,72,56.7287637619302,1.50544574813013,1,I,554,9
92.8883152680377,72,56.9373916788027,15.0626083211973,0,C,555,9
73.7807211124422,72,57.0788141107187,14.9211858892813,0,I,556,9
76.3150860011228,72,57.2444641124457,14.7555358875543,0,C,557,9
64.6822654200109,72,57.3516340227798,7.33063139723111,1,I,558,9
100.177223496444,72,57.4414151860401,14.5585848139599,0,C,559,9
101.808256274953,72,57.6844826946035,14.3155173053965,0,I,560,9
67.3481319190408,72,57.6987588498741,9.64937306916663,1,C,561,9
63.7936572203114,72,57.8369496809319,5.95670753937952,1,I,562,9
87.8828227958202,72,57.9472403973341,14.0527596026659,0,C,563,9
170.339402891451,72,57.9551911354065,14.0448088645935,0,I,564,9
69.0034810602138,72,58.0882520182058,10.915229042008,1,C,565,9
89.1948696545783,72,58.1299327500165,13.8700672499835,0,I,566,9
90.7722813639661,59.9047475333191,58.1417254870758,1.76302204624336,0,C,567,9
78.5609871767509,72,58.1975354254246,13.8024645745754,0,I,568,9
117.969756689147,72,58.2874159282073,13.7125840717927,0,C,569,9
80.3990822278099,72,58.2887228066102,13.7112771933898,0,I,570,9
356.433092023801,72,58.7112451158464,13.2887548841536,0,C,571,9
83.2118506217637,72,58.8101561414078,13.1898438585922,0,I,572,9
96.7109384298432,72,58.8500799285248,13.1499200714752,0,C,573,9
70.378327585303,72,58.9585492713377,11.4197783139653,1,I,574,9
72.9879346663273,72,59.267284758389,12.732715241611,0,C,575,9
88.9959086818527,72,59.29094013758,12.70905986242,0,I,576,9
82.8394178076544,72,59.3708544457331,12.6291455542669,0,C,577,9
67.0535147071414,72,59.4110282091424,7.64248649799896,1,I,578,9
75.6336949256986,72,59.5981932990253,12.4018067009747,0,C,579,9
60.0755356704969,72,59.60214628838,0.473389382116896,1,I,580,9
62.9638257233659,72,59.8886418202892,3.07518390307665,1,C,581,9
66.3651558207397,71.2481775387204,59.9226821679622,6.4424736527775,1,I,582,9
96.2452938046977,72,59.9280964862555,12.0719035137445,0,C,583,9
63.6327222179998,72,59.9532384239137,3.67948379408608,1,I,584,9
30.5331985367564,72,0.00595305114984512,30.5272454856065,1,C,1,10
87.6874718653596,72,0.0394316157326102,71.9605683842674,0,I,2,10
134.872506051341,36.9475945898746,0.0764453737065196,36.8711492161681,0,C,3,10
26.2408122070675,72,0.372967519797385,25.8678446872701,1,I,4,10
19.0862266128558,72,0.469272402115166,18.6169542107406,1,C,5,10
188.948906361432,72,0.477677159942687,71.5223228400573,0,I,6,10
3.10063135666119,72,0.53078277502209,2.5698485816391,1,C,7,10
5.28997580366903,22.9409438359368,0.532459407113493,4.75751639655554,1,I,8,10
56.9203431028753,44.3352581194858,0.537773603573442,43.7974845159124,0,C,9,10
77.6547574430827,72,0.576338432729244,71.4236615672708,0,I,10,10
88.8720326636513,72,0.742388600483537,71.2576113995165,0,C,11,10
129.342865326809,72,0.77642010524869,71.2235798947513,0,I,12,10
31.0518615266573,72,0.948827429674566,30.1030340969827,1,C,13,10
98.1019954852655,48.9358255608959,1.23237553518265,47.7034500257133,0,I,14,10
40.4963623523798,72,1.2332813674584,39.2630809849214,1,C,15,10
27.9860005329657,72,1.30383897107095,26.6821615618948,1,I,16,10
8.03995073215249,72,1.4819203549996,6.55803037715289,1,C,17,10
20.8108327218734,72,1.55399142298847,19.2568412988849,1,I,18,10
36.126339306305,28.8825070723714,1.65782701224089,27.2246800601305,0,C,19,10
56.3596820338045,72,1.68800789862871,54.6716741351758,1,I,20,10
51.3960904820271,72,1.68893060646951,49.7071598755576,1,C,21,10
23.7265009711437,72,1.69144129380584,22.0350596773379,1,I,22,10
20.5848426765656,72,1.83276761323214,18.7520750633334,1,C,23,10
86.6757207237727,72,1.88052888493985,70.1194711150602,0,I,24,10
27.9435575553028,72,1.93303639534861,26.0105211599542,1,C,25,10
58.3178165479577,72,2.10609840229154,56.2117181456662,1,I,26,10
58.8854745002542,48.1235676618029,2.19283253420144,45.9307351276015,0,C,27,10
6.01742661724235,72,2.44311550632119,3.57431111092115,1,I,28,10
81.1242338440987,32.9078643064485,2.48484643176198,30.4230178746865,0,C,29,10
21.2476796847557,72,2.56198130082339,18.6856983839323,1,I,30,10
7.6162333731609,72,2.83321826253086,4.78301511063004,1,C,31,10
59.8400332775165,72,2.91944101452827,56.9205922629882,1,I,32,10
17.4614893326355,13.1743896519986,3.10277929063886,10.0716103613598,0,C,33,10
52.3696599017283,58.3296484024589,3.19744320586324,49.172216695865,1,I,34,10
32.2858884561469,72,3.20772462990135,29.0781638262456,1,C,35,10
132.195767894299,72,3.38746955618262,68.6125304438174,0,I,36,10
74.2089331750403,72,3.49030715413392,68.5096928458661,0,C,37,10
85.1108569961745,72,3.56346745043993,68.4365325495601,0,I,38,10
46.4749046212373,72,3.59971753321588,42.8751870880214,1,C,39,10
161.456407308861,72,4.01865009684116,67.9813499031589,0,I,40,10
26.1786232624546,27.5660456320321,4.31895910296589,21.8596641594887,1,C,41,10
99.0236405863292,72,4.52938697766513,67.4706130223349,0,I,42,10
34.268131467994,72,4.56869962625206,29.6994318417419,1,C,43,10
87.460459279359,72,4.57362356130034,67.4263764386997,0,I,44,10
16.4571182446029,60.2298127251354,4.63827467523515,11.8188435693677,1,C,45,10
79.3404707137234,72,4.68414929229766,67.3158507077023,0,I,46,10
10.9111407404356,72,4.82388151343912,6.08725922699649,1,C,47,10
42.9085013621503,72,4.82811839785427,38.080382964296,1,I,48,10
36.1394888381433,72,4.92326692678034,31.2162219113629,1,C,49,10
5.75336927261695,19.7334973249889,4.9452865915373,0.808082681079655,1,I,50,10
12.5596501792016,72,4.94702157564461,7.61262860355702,1,C,51,10
13.4590475690177,72,5.00998391769826,8.44906365131948,1,I,52,10
65.294072113556,72,5.14883059076965,60.1452415227864,1,C,53,10
37.3595822245418,72,5.18154244869947,32.1780397758423,1,I,54,10
22.2853820412067,72,5.36041831132025,16.9249637298865,1,C,55,10
23.9995076725043,72,5.36201513372362,18.6374925387807,1,I,56,10
41.8362137994346,72,5.38429160602391,36.4519221934107,1,C,57,10
103.150420726799,29.6354462884366,5.40246387943626,24.2329824090004,0,I,58,10
5.94255557540266,27.6142349357637,5.48014365602285,0.462411919379816,1,C,59,10
181.142113488125,14.3364058639566,5.50331235397607,8.83309350998055,0,I,60,10
6.10061261150819,72,5.51783449016511,0.582778121343073,1,C,61,10
23.9290938117719,72,5.7278596283868,18.2012341833851,1,I,62,10
48.355478753201,28.2648987784254,6.17429573088884,22.0906030475366,0,C,63,10
37.1609592017767,72,6.28271710127592,30.8782421005008,1,I,64,10
24.474644022132,72,6.69128225650638,17.7833617656256,1,C,65,10
66.5414129957968,17.6047647514931,6.73876332119107,10.866001430302,0,I,66,10
29.5818686253983,72,6.80928456131369,22.7725840640846,1,C,67,10
8.53943468255551,72,6.91660026088357,1.62283442167194,1,I,68,10
18.8279884700858,53.7126436449195,6.92663029767573,11.9013581724101,1,C,69,10
119.627913670489,72,7.07133905030787,64.9286609496921,0,I,70,10
35.4755179301162,70.2143629859902,7.1133348159492,28.362183114167,1,C,71,10
14.4200021876932,58.4084477327802,7.22137031145394,7.19863187623924,1,I,72,10
14.1292894703322,72,7.26227296516299,6.86701650516917,1,C,73,10
10.0592603852911,72,7.30112803168595,2.75813235360516,1,I,74,10
102.640777898079,72,7.32692395336926,64.6730760466307,0,C,75,10
19.4369308905072,72,7.3810925334692,12.055838357038,1,I,76,10
48.7402991156221,72,7.39216016605496,41.3481389495671,1,C,77,10
157.866815148221,32.7684343353687,7.50369273126125,25.2647416041074,0,I,78,10
61.6129762532291,72,7.52530104015023,54.0876752130789,1,C,79,10
12.1756240679565,20.9930377327506,7.81499915756285,4.36062491039361,1,I,80,10
39.5954558163739,72,7.95995583292097,31.635499983453,1,C,81,10
11.2658323735874,72,8.21753575466573,3.04829661892166,1,I,82,10
203.127128415844,72,8.38226962834597,63.617730371654,0,C,83,10
49.6039917987496,72,8.54217260610312,41.0618191926464,1,I,84,10
46.5165066605099,72,8.60818366985768,37.9083229906522,1,C,85,10
34.5751389328109,72,8.68823083117604,25.8869081016348,1,I,86,10
16.4900641256668,72,8.69505917653441,7.79500494913237,1,C,87,10
65.0196983931248,66.3067039923669,8.81615053396672,56.2035478591581,1,I,88,10
75.2175154723941,37.3721088528306,9.23382835462689,28.1382804982037,0,C,89,10
44.3954118988074,72,9.44721445441246,34.948197444395,1,I,90,10
192.799843441152,72,9.63092900812626,62.3690709918737,0,C,91,10
50.8285969098952,47.9107222448313,9.74347396753728,38.167248277294,0,I,92,10
42.6669454993332,72,9.82945189811289,32.8374936012203,1,C,93,10
106.8675203603,72,9.94829001836479,62.0517099816352,0,I,94,10
11.1525637350553,72,9.97203317005187,1.18053056500343,1,C,95,10
53.5242018917846,72,9.97986517846584,43.5443367133188,1,I,96,10
51.385315188997,72,10.0467670708895,41.3385481181075,1,C,97,10
25.4852688934582,72,10.2073260443285,15.2779428491297,1,I,98,10
17.955412187007,54.4530471040977,10.3492617281154,7.60615045889161,1,C,99,10
35.0927314296376,72,10.7863987376913,24.3063326919462,1,I,100,10
38.5380700959289,72,10.8772655250505,27.6608045708784,1,C,101,10
16.6610694106246,41.4030573895283,10.8863449422643,5.77472446836037,1,I,102,10
27.7202335882196,72,10.9306656382978,16.7895679499218,1,C,103,10
32.4195514592844,20.0912203281099,10.9547753026709,9.13644502543904,0,I,104,10
174.922921431817,72,11.0927085299045,60.9072914700955,0,C,105,10
79.9593643688639,65.287307344876,11.3298247614875,53.9574825833884,0,I,106,10
15.5285866101776,72,11.4963588723913,4.03222773778637,1,C,107,10
34.0073956240245,72,11.6170257423073,22.3903698817172,1,I,108,10
17.7597636701104,72,11.6598973749205,6.09986629518986,1,C,109,10
57.4001331018677,72,11.8696613749489,45.5304717269187,1,I,110,10
93.7440737023554,72,11.9474840909243,60.0525159090757,0,C,111,10
75.6945966031321,65.4316143029206,11.9634248083457,53.4681894945748,0,I,112,10
21.7922081287953,72,12.0090833678842,9.78312476091109,1,C,113,10
46.864504339422,30.8569591565365,12.0153706613928,18.8415884951437,0,I,114,10
42.7537691244783,20.6200807846299,12.0579241868109,8.562156597819,0,C,115,10
22.7451501956616,72,12.125394414179,10.6197557814826,1,I,116,10
87.7589987342538,72,12.2432930208743,59.7567069791257,0,C,117,10
35.7602900912368,72,12.5723517592996,23.1879383319372,1,I,118,10
143.341803911006,72,12.5903524691239,59.4096475308761,0,C,119,10
31.6063903442919,72,12.6674136472866,18.9389766970053,1,I,120,10
137.141306127445,72,12.8262644866481,59.1737355133519,0,C,121,10
55.5851134638778,72,13.0331189883873,42.5519944754905,1,I,122,10
23.7991256814391,27.1505926332865,13.0399823281914,10.7591433532477,1,C,123,10
187.232838978397,72,13.5932826809585,58.4067173190415,0,I,124,10
129.917205260925,72,13.6099004745483,58.3900995254517,0,C,125,10
40.5678998807733,72,13.627009280026,26.9408906007473,1,I,126,10
23.0530820472097,72,13.6436032550409,9.4094787921688,1,C,127,10
21.8770806402367,72,13.6798501107842,8.19723052945252,1,I,128,10
86.2456356827823,72,13.7210745597258,58.2789254402742,0,C,129,10
41.2114388168354,67.2995133961966,13.8719004951417,27.3395383216936,1,I,130,10
132.371516708404,40.2710426859564,14.0604876866564,26.2105549993,0,C,131,10
210.467727284952,72,14.0685504768044,57.9314495231956,0,I,132,10
56.7149639619707,72,14.0700551541522,42.6449088078185,1,C,133,10
86.9636043961461,72,14.0744358301163,57.9255641698837,0,I,134,10
67.3973139820031,72,14.240554086864,53.1567598951392,1,C,135,10
136.969954713457,72,14.3123756255955,57.6876243744046,0,I,136,10
14.8407771560043,72,14.3998970277607,0.440880128243558,1,C,137,10
59.5944215620469,72,14.5014865323901,45.0929350296567,1,I,138,10
62.9449896128055,72,14.5072463527322,48.4377432600733,1,C,139,10
155.416873880667,72,14.5854406384751,57.4145593615249,0,I,140,10
50.1539065942406,43.57363887855,14.5889646280557,28.9846742504943,0,C,141,10
98.4613788235465,72,14.6018673107028,57.3981326892972,0,I,142,10
45.4106657786169,72,14.7155328188092,30.6951329598078,1,C,143,10
59.003652329075,16.7407305680791,14.8159457137808,1.92478485429825,0,I,144,10
18.4210229315716,72,14.92986547295,3.4911574586216,1,C,145,10
107.303008336032,72,15.0102066854015,56.9897933145985,0,I,146,10
30.9007200441442,72,15.029476499185,15.8712435449592,1,C,147,10
59.1780627125421,72,15.4885134520009,43.6895492605412,1,I,148,10
30.8838731231815,72,15.5728701548651,15.3110029683165,1,C,149,10
108.493097171215,36.6262178229413,15.6316951895133,20.994522633428,0,I,150,10
96.2160487329774,72,15.7873894879594,56.2126105120406,0,C,151,10
38.0922162737425,72,15.826245713979,22.2659705597635,1,I,152,10
55.1503798215901,72,15.9803590038791,39.170020817711,1,C,153,10
203.555955455191,72,16.0892594698817,55.9107405301184,0,I,154,10
29.7472254549613,72,16.1556927999482,13.5915326550131,1,C,155,10
18.4402956594483,72,16.22194301337,2.21835264607826,1,I,156,10
89.0537636610774,72,16.2249354785308,55.7750645214692,0,C,157,10
135.045992553843,72,16.432401034981,55.567598965019,0,I,158,10
27.5396342290094,72,16.4587274473161,11.0809067816933,1,C,159,10
54.1186957283995,72,16.6315267095342,37.4871690188653,1,I,160,10
86.6710957551914,72,16.7641241988167,55.2358758011833,0,C,161,10
69.4249714510406,72,16.931541650556,52.4934298004846,1,I,162,10
67.2223303260808,72,16.9901484204456,50.2321819056352,1,C,163,10
105.247626310352,72,17.0084752840921,54.9915247159079,0,I,164,10
42.1678094289371,24.6367709898473,17.0149223087356,7.6218486811117,0,C,165,10
71.0043270688633,72,17.153159128502,53.8511679403613,1,I,166,10
56.8036095521999,72,17.3624489782378,39.4411605739621,1,C,167,10
70.8217256540697,72,17.4246563203633,53.3970693337064,1,I,168,10
22.0287547786732,72,17.8006678260863,4.22808695258691,1,C,169,10
143.219745367843,72,17.8677636897191,54.1322363102809,0,I,170,10
58.5283923876324,61.3563006246559,17.8766577132046,40.6517346744278,1,C,171,10
71.359920180698,72,17.9328842321411,53.4270359485569,1,I,172,10
31.4103064096852,72,18.2026074640453,13.2076989456399,1,C,173,10
47.2873051491798,72,18.2677618833259,29.019543265854,1,I,174,10
83.0778308390723,59.1338080772987,18.2711478369311,40.8626602403676,0,C,175,10
60.1748985876212,72,18.3380301296711,41.8368684579501,1,I,176,10
31.6464697610719,72,18.4309208253399,13.2155489357321,1,C,177,10
37.449286349224,72,18.4888433525339,18.9604429966901,1,I,178,10
125.670993260882,72,18.5101732844487,53.4898267155513,0,C,179,10
128.6362085806,72,18.9381622569636,53.0618377430365,0,I,180,10
28.9534505398532,72,18.9542211312801,9.99922940857311,1,C,181,10
34.3928362690374,72,18.9944750955328,15.3983611735045,1,I,182,10
68.4297687479462,72,19.0558526152745,49.3739161326717,1,C,183,10
24.3387344190798,72,19.0752840600908,5.26345035898901,1,I,184,10
63.9538417368229,72,19.109391043894,44.8444506929289,1,C,185,10
31.0538609177615,72,19.1407016851008,11.9131592326607,1,I,186,10
124.850244219002,72,19.1778050875291,52.8221949124709,0,C,187,10
20.0416698760035,72,19.219795349054,0.821874526949487,1,I,188,10
105.032148925818,72,19.2237731767818,52.7762268232182,0,C,189,10
58.5312459577545,72,19.5184904895723,39.0127554681822,1,I,190,10
26.0122318743198,72,19.5313299866393,6.48090188768047,1,C,191,10
112.620807453834,72,19.6196192409843,52.3803807590157,0,I,192,10
45.9231328718574,72,19.6575649129227,26.2655679589347,1,C,193,10
141.060946371176,72,19.659774620086,52.3402253799141,0,I,194,10
29.1431031155079,72,19.7240783879533,9.41902472755452,1,C,195,10
66.1781429510035,72,19.7496758541092,46.4284670968943,1,I,196,10
94.2116657785748,72,19.7632444510236,52.2367555489764,0,C,197,10
23.9016161387614,72,19.8702087812126,4.0314073575488,1,I,198,10
90.0342562166824,72,19.8835188522935,52.1164811477065,0,C,199,10
84.8279383054316,72,20.1818962907419,51.8181037092581,0,I,200,10
31.6277950188743,72,20.2793122921139,11.3484827267604,1,C,201,10
71.8160573949738,72,20.381831866689,51.4342255282848,1,I,202,10
104.207309167325,72,20.3977106278762,51.6022893721238,0,C,203,10
20.986426108022,72,20.4462196491659,0.540206458856144,1,I,204,10
25.5755188122709,72,20.4736855253577,5.10183328691317,1,C,205,10
20.6466790320589,72,20.6147720525041,0.0319069795547596,1,I,206,10
44.3592616420773,63.2442665041161,20.8699439512566,23.4893176908208,1,C,207,10
26.3767609671209,72,21.1686475016177,5.20811346550321,1,I,208,10
122.015994806675,72,21.182360756211,50.817639243789,0,C,209,10
114.892506226243,72,21.3443245366216,50.6556754633784,0,I,210,10
108.492008580393,72,21.4382171910256,50.5617828089744,0,C,211,10
47.0599257334934,72,21.4564051944762,25.6035205390171,1,I,212,10
32.9775085878272,72,21.5014204289764,11.4760881588508,1,C,213,10
116.352069985775,72,21.5741193993017,50.4258806006983,0,I,214,10
102.90626196921,72,21.6114070639014,50.3885929360986,0,C,215,10
137.783855032392,72,21.7141880001873,50.2858119998127,0,I,216,10
167.242547166489,72,21.885611875914,50.114388124086,0,C,217,10
115.649087442644,72,21.9968357356265,50.0031642643735,0,I,218,10
62.1355731625229,72,21.9970175111666,40.1385556513563,1,C,219,10
42.8263361118151,72,22.0712294848636,20.7551066269515,1,I,220,10
116.707298787102,72,22.1243005525321,49.8756994474679,0,C,221,10
82.3311137662713,72,22.1251501562074,49.8748498437926,0,I,222,10
74.4657306595804,72,22.1474276203662,49.8525723796338,0,C,223,10
32.4345277984705,72,22.1679975930601,10.2665302054103,1,I,224,10
56.4915328753823,72,22.2034471621737,34.2880857132086,1,C,225,10
60.0280576436962,72,22.2968464717269,37.7312111719693,1,I,226,10
69.5009703381333,72,22.3255011951551,47.1754691429783,1,C,227,10
44.7977652093988,72,22.3749682819471,22.4227969274517,1,I,228,10
170.759295308361,72,22.3950797785074,49.6049202214927,0,C,229,10
92.4912029420345,72,22.407788252458,49.592211747542,0,I,230,10
35.1458823847143,72,22.4259027605876,12.7199796241267,1,C,231,10
44.5614216520093,72,22.7556349430233,21.805786708986,1,I,232,10
47.50215134366,72,22.9004440549761,24.6017072886839,1,C,233,10
51.0711914744591,72,23.0526077980176,28.0185836764415,1,I,234,10
58.5108763450831,72,23.111737081781,35.399139263302,1,C,235,10
101.213587461353,72,23.1818811642006,48.8181188357994,0,I,236,10
40.8459053786785,63.5700049407637,23.1884404784068,17.6574649002717,1,C,237,10
58.9422920576551,72,23.351750895381,35.5905411622741,1,I,238,10
44.8089189990355,72,23.4281642921269,21.3807547069086,1,C,239,10
69.4227622094477,72,23.5133787570521,45.9093834523956,1,I,240,10
146.376328520036,72,23.5957020521164,48.4042979478836,0,C,241,10
33.5840296781809,72,23.6439621727914,9.94006750538958,1,I,242,10
41.0343521214361,72,23.679301799275,17.3550503221611,1,C,243,10
41.9358325298938,72,23.7185996258631,18.2172329040307,1,I,244,10
103.660229942518,72,23.7420891830698,48.2579108169302,0,C,245,10
58.2826978451661,44.9374130265078,24.0638269297779,20.87358609673,0,I,246,10
210.016546749452,62.6601334792215,24.1141407843679,38.5459926948536,0,C,247,10
65.0221954025482,67.867932684298,24.1767890285701,40.8454063739782,1,I,248,10
145.409171887624,71.6941000186037,24.1986864712089,47.4954135473948,0,C,249,10
44.1157073651442,66.781089648421,24.2124929605052,19.903214404639,1,I,250,10
105.861322905535,72,24.252269002609,47.7477309973911,0,C,251,10
33.7540378378606,72,24.3567041214556,9.39733371640501,1,I,252,10
47.7197788465829,72,24.4909109082073,23.2288679383756,1,C,253,10
52.3484737218071,72,24.5613385224715,27.7871351993356,1,I,254,10
47.9127468839576,29.6271741039744,24.7242999169976,4.90287418697682,0,C,255,10
44.0135851031867,72,24.9145054863766,19.0990796168102,1,I,256,10
67.3020858169186,72,25.1811083173379,42.1209774995806,1,C,257,10
25.6506651533906,72,25.4422836564481,0.208381496942498,1,I,258,10
64.3982242456949,72,25.460620187223,38.9376040584719,1,C,259,10
38.1390628108766,72,25.5648271786049,12.5742356322717,1,I,260,10
87.0599280643437,72,25.7477281987667,46.2522718012333,0,C,261,10
181.560036445231,72,25.8142637321726,46.1857362678275,0,I,262,10
63.6026218445197,72,25.9240454016253,37.6785764428944,1,C,263,10
40.4570130583795,72,26.1117575224489,14.3452555359306,1,I,264,10
61.0566088605158,72,26.2526865396649,34.8039223208509,1,C,265,10
93.2302132233276,72,26.2612794153392,45.7387205846608,0,I,266,10
110.809377885685,33.2642327769529,26.5025030449033,6.76172973204964,0,C,267,10
60.2932464242498,72,26.5800834400579,33.7131629841918,1,I,268,10
33.2473742290686,72,26.6009865514934,6.64638767757517,1,C,269,10
52.6372336640077,72,26.7384988395497,25.8987348244579,1,I,270,10
46.5037294853175,72,26.8246654747054,19.6790640106121,1,C,271,10
43.2655789184007,72,26.8919000728056,16.3736788455951,1,I,272,10
46.0247753470722,72,27.2796465363354,18.7451288107369,1,C,273,10
88.1581691355525,72,27.4189280066639,44.5810719933361,0,I,274,10
182.655260495921,71.5048117370267,27.5621790345758,43.9426327024509,0,C,275,10
45.8801159943671,72,28.049446712248,17.830669282119,1,I,276,10
38.7751189861634,72,28.2343569723889,10.5407620137744,1,C,277,10
373.651970833762,72,28.2576183183119,43.7423816816881,0,I,278,10
101.657689193582,72,28.7079911213368,43.2920088786632,0,C,279,10
113.10117306978,72,28.7117893947288,43.2882106052712,0,I,280,10
67.9326245350295,72,28.865421814844,39.0672027201854,1,C,281,10
45.1730082549216,38.0462910880446,28.9354843413457,9.11080674669888,0,I,282,10
107.656950222296,72,28.9953825250268,43.0046174749732,0,C,283,10
40.2288229590419,72,29.0203210618347,11.2085018972072,1,I,284,10
70.0397652798545,72,29.0207267878577,41.0190384919968,1,C,285,10
118.213870308479,72,29.1001729667187,42.8998270332813,0,I,286,10
90.0001581423075,72,29.1126835718751,42.8873164281249,0,C,287,10
31.4769348183688,72,29.1851303586736,2.2918044596952,1,I,288,10
31.2806211891198,72,29.3719269102439,1.9086942788759,1,C,289,10
109.19286955678,72,29.5594767155126,42.4405232844874,0,I,290,10
140.698351727151,72,29.6255902340636,42.3744097659364,0,C,291,10
81.3748318169539,72,29.8008340224624,42.1991659775376,0,I,292,10
42.3848487000669,72,29.8422759957612,12.5425727043058,1,C,293,10
54.2446496094541,72,29.8545411648229,24.3901084446312,1,I,294,10
32.6184280917335,72,30.0345297390595,2.58389835267395,1,C,295,10
53.4537938140691,72,30.320735857822,23.1330579562471,1,I,296,10
89.1520206076048,72,30.3637731866911,41.6362268133089,0,C,297,10
74.3719058858144,72,30.3848926490173,41.6151073509827,0,I,298,10
76.3747895435992,72,30.5055824294686,41.4944175705314,0,C,299,10
189.732794735705,72,30.5435251118615,41.4564748881385,0,I,300,10
193.582084511541,72,30.5556471319869,41.4443528680131,0,C,301,10
207.059943320016,72,30.6809632200748,41.3190367799252,0,I,302,10
73.7706671541524,72,30.7923661870882,41.2076338129118,0,C,303,10
87.63355086783,72,30.817015604116,41.182984395884,0,I,304,10
78.0693807375917,72,30.8302967017517,41.1697032982484,0,C,305,10
57.1838440564075,72,30.9652138408273,26.2186302155801,1,I,306,10
69.6963699136968,72,30.9658027952537,38.7305671184431,1,C,307,10
104.20084272171,72,30.9924806188792,41.0075193811208,0,I,308,10
56.8249440286811,72,31.0327657638118,25.7921782648693,1,C,309,10
125.009168752838,48.0344262008619,31.0995188914239,16.9349073094379,0,I,310,10
39.436147745676,72,31.1548417434096,8.28130600226639,1,C,311,10
85.8049773801867,50.5246912504585,31.1625820817426,19.3621091687159,0,I,312,10
57.5455699569555,72,31.1828186921775,26.3627512647779,1,C,313,10
66.1016203199345,72,31.4850754290819,34.6165448908525,1,I,314,10
32.2179788929506,36.0766212558674,31.5353478770703,0.682631015880273,1,C,315,10
40.2499272321298,69.4942287555115,31.6467367205769,8.60319051155286,1,I,316,10
87.6622377056325,72,31.6913135815412,40.3086864184588,0,C,317,10
120.720682088997,72,31.8740162998438,40.1259837001562,0,I,318,10
51.1903625927587,72,32.0862637460232,19.1040988467355,1,C,319,10
70.9394615918125,72,32.2919793007895,38.6474822910229,1,I,320,10
88.7256515075611,72,32.3022657539696,39.6977342460305,0,C,321,10
154.829446746668,72,32.375832782127,39.624167217873,0,I,322,10
70.4820003561269,72,32.7009123098105,37.7810880463164,1,C,323,10
68.3130986479887,72,32.7295301388949,35.5835685090937,1,I,324,10
83.9538866611025,62.2277217281,33.0053164483979,29.2224052797021,0,C,325,10
78.1874805595256,72,33.2395145623013,38.7604854376987,0,I,326,10
44.4862693869367,72,33.2943419739604,11.1919274129763,1,C,327,10
37.5670933265423,72,33.4318096423522,4.13528368419014,1,I,328,10
39.587369361786,72,33.4329752577469,6.15439410403911,1,C,329,10
54.8965185908756,72,33.5405680490658,21.3559505418099,1,I,330,10
178.241988899277,59.2117234515187,34.0102725941688,25.20145085735,0,C,331,10
110.161524870124,72,34.0336740994826,37.9663259005174,0,I,332,10
125.925007392843,36.7532257313369,34.0632870560512,2.68993867528575,0,C,333,10
110.156234538643,37.5718345686457,34.1641796473414,3.40765492130431,0,I,334,10
133.909137273207,72,34.3929395405576,37.6070604594424,0,C,335,10
39.016392923527,72,34.3964097462595,4.6199831772675,1,I,336,10
99.4155564889362,72,34.4361502351239,37.5638497648761,0,C,337,10
88.4952001445735,72,34.5263727474958,37.4736272525042,0,I,338,10
86.7053122900822,72,34.6025643730536,37.3974356269464,0,C,339,10
43.5035151567265,72,34.691226775758,8.8122883809685,1,I,340,10
111.657015015361,72,34.7634011507034,37.2365988492966,0,C,341,10
50.9613472985583,72,34.8927229782566,16.0686243203017,1,I,342,10
50.6418638590298,72,35.1262407610193,15.5156230980105,1,C,343,10
59.2837491450025,72,35.136423362419,24.1473257825834,1,I,344,10
56.9687213312484,72,35.1527256192639,21.8159957119844,1,C,345,10
53.7019197186026,72,35.2570907352492,18.4448289833534,1,I,346,10
207.466494025242,72,35.2657747780904,36.7342252219096,0,C,347,10
79.075681717375,42.6100937751081,35.3071483690292,7.30294540607893,0,I,348,10
36.8831616658436,72,35.3466723533347,1.53648931250885,1,C,349,10
108.166881396316,72,35.4679950093851,36.532004990615,0,I,350,10
53.3744119554285,72,35.5044831242412,17.8699288311872,1,C,351,10
85.2627360217419,72,35.6045793788508,36.3954206211492,0,I,352,10
73.6247452907746,72,35.6380415707827,36.3619584292173,0,C,353,10
44.3945463126441,72,35.6921151001006,8.7024312125435,1,I,354,10
79.063919208555,72,36.2122647603974,35.7877352396026,0,C,355,10
117.46586833697,72,36.239623920992,35.760376079008,0,I,356,10
131.574851289598,72,36.2571842595935,35.7428157404065,0,C,357,10
93.8616504615096,72,36.2829430913553,35.7170569086447,0,I,358,10
67.1734074830219,72,36.3547652168199,30.818642266202,1,C,359,10
133.430702351401,46.8783284052942,36.4250195352361,10.4533088700581,0,I,360,10
55.5023831061396,72,36.4515673136339,19.0508157925058,1,C,361,10
77.6327016092849,72,36.4542256621644,35.5457743378356,0,I,362,10
45.80618930743,60.3225072211938,36.6374516347423,9.16873767268763,1,C,363,10
87.8033727739979,72,36.7245198274031,35.2754801725969,0,I,364,10
123.777191355154,72,36.8126069800928,35.1873930199072,0,C,365,10
83.1855738341054,72,36.8526986986399,35.1473013013601,0,I,366,10
40.0662083892118,66.4653474881064,36.9696824066341,3.09652598257766,1,C,367,10
46.0582402976862,72,37.1224353136495,8.93580498403676,1,I,368,10
128.620756601546,72,37.1239684615284,34.8760315384716,0,C,369,10
77.4751329336002,72,37.1329713799059,34.8670286200941,0,I,370,10
186.738031981359,72,37.1441951254383,34.8558048745617,0,C,371,10
91.302121533773,72,37.3031990602613,34.6968009397388,0,I,372,10
84.1516712550028,72,37.369817183353,34.630182816647,0,C,373,10
92.7182020163643,72,37.4293240299448,34.5706759700552,0,I,374,10
47.0762331145368,49.4811802374148,37.5085660815239,9.56766703301293,1,C,375,10
91.3611988681228,72,37.6649786531925,34.3350213468075,0,I,376,10
97.0466395192988,72,37.7068084152415,34.2931915847585,0,C,377,10
55.3390657437308,72,37.8030751179904,17.5359906257405,1,I,378,10
48.4782853252069,72,38.0051000369713,10.4731852882356,1,C,379,10
78.8651089127141,72,38.3812570525333,33.6187429474667,0,I,380,10
87.4012034166743,72,38.4647146426141,33.5352853573859,0,C,381,10
226.087772283888,72,38.5744496248662,33.4255503751338,0,I,382,10
73.241149315227,72,38.606899548322,33.393100451678,0,C,383,10
52.4512600071541,72,38.9122704556212,13.5389895515329,1,I,384,10
47.496820412358,72,38.9424091670662,8.55441124529178,1,C,385,10
120.557973436283,42.0787131220911,39.0206760261208,3.05803709597031,0,I,386,10
73.9037149290617,72,39.1296058287844,32.8703941712156,0,C,387,10
87.0802384383051,72,39.142731372267,32.857268627733,0,I,388,10
58.523453206766,63.4384843651587,39.2105462215841,19.3129069851819,1,C,389,10
85.6048087668447,72,39.2429519305006,32.7570480694994,0,I,390,10
70.9642853236579,72,39.3050749227405,31.6592104009174,1,C,391,10
78.4535162246295,71.3212608616189,39.3246379494667,31.9966229121522,0,I,392,10
64.5310777290822,72,39.45980027318,25.0712774559022,1,C,393,10
63.9548980060165,72,39.5214491151273,24.4334488908892,1,I,394,10
78.091682677185,72,39.5751499012113,32.4248500987887,0,C,395,10
81.628218136892,72,39.6171347144991,32.3828652855009,0,I,396,10
84.6689019251445,72,39.6563354786485,32.3436645213515,0,C,397,10
68.4596091473409,72,39.8197023198009,28.63990682754,1,I,398,10
49.6522996663808,72,40.036667981185,9.61563168519577,1,C,399,10
57.7589040514907,72,40.2059482550249,17.5529557964658,1,I,400,10
71.2669677916143,72,40.4820330860093,30.7849347056049,1,C,401,10
90.0818543011736,72,40.5697332601994,31.4302667398006,0,I,402,10
47.7041113363035,69.7594341938562,40.7413122709841,6.96279906531942,1,C,403,10
64.4674299408076,72,40.8197274617851,23.6477024790225,1,I,404,10
43.0754315304525,72,40.9183845994994,2.15704693095309,1,C,405,10
54.5698152347012,72,41.001363163814,13.5684520708873,1,I,406,10
135.625549164123,64.56182078811,41.0098656825721,23.5519551055379,0,C,407,10
99.057652193058,72,41.2409509671852,30.7590490328148,0,I,408,10
81.7404486794335,51.1085944668866,41.3101733056828,9.79842116120378,0,C,409,10
52.8997764872961,72,41.3907522708178,11.5090242164783,1,I,410,10
122.248300586608,72,41.4661280158907,30.5338719841093,0,C,411,10
44.9331949223917,72,41.6221968177706,3.31099810462114,1,I,412,10
116.787723344515,51.2541300966585,41.6351761389524,9.6189539577061,0,C,413,10
52.2061738489984,72,41.845790524967,10.3603833240314,1,I,414,10
60.5376616740984,72,41.8767293030396,18.6609323710588,1,C,415,10
132.228538684549,72,41.9087189761922,30.0912810238078,0,I,416,10
59.9192403712482,72,41.9248248450458,17.9944155262024,1,C,417,10
104.48911658819,72,41.9993876433,30.0006123567,0,I,418,10
74.8729485917963,72,42.0635214401409,29.9364785598591,0,C,419,10
88.7364520279613,72,42.1411962015554,29.8588037984446,0,I,420,10
79.1636876515877,72,42.147589889355,29.852410110645,0,C,421,10
71.3378078704027,72,42.2970637120307,29.0407441583721,1,I,422,10
57.3685050114661,72,42.3821937013418,14.9863113101244,1,C,423,10
85.4618611576984,72,42.4509856849909,29.5490143150091,0,I,424,10
177.484130414853,72,42.5227760849521,29.4772239150479,0,C,425,10
286.354763516528,72,42.7074478240684,29.2925521759316,0,I,426,10
69.2585405908022,72,42.7505839895457,26.5079566012565,1,C,427,10
50.7916811105942,72,42.838403088972,7.95327802162225,1,I,428,10
50.0440107617293,72,42.8390915784985,7.20491918323076,1,C,429,10
85.1823507749977,72,42.8395444527268,29.1604555472732,0,I,430,10
84.0798819660574,72,42.8744359826669,29.1255640173331,0,C,431,10
49.6510285661795,72,42.9480161285028,6.7030124376767,1,I,432,10
99.4942106710785,72,43.0805165413767,28.9194834586233,0,C,433,10
99.542639422996,72,43.1149778561667,28.8850221438333,0,I,434,10
156.901086655977,72,43.2773448619992,28.7226551380009,0,C,435,10
106.028781827422,72,43.3294592890888,28.6705407109112,0,I,436,10
54.8633953299351,72,43.6489114025608,11.2144839273743,1,C,437,10
49.9948793671088,72,43.6787410313264,6.31613833578246,1,I,438,10
78.186085513507,72,43.8650601636618,28.1349398363382,0,C,439,10
125.082353824973,72,43.9950421499088,28.0049578500912,0,I,440,10
60.4017713334183,72,44.2201963998377,16.1815749335805,1,C,441,10
50.4213604433311,72,44.4880509423092,5.93330950102191,1,I,442,10
142.237601434292,72,44.5341074327007,27.4658925672993,0,C,443,10
53.3949540146721,72,44.899806138128,8.49514787654402,1,I,444,10
57.8152555236805,72,44.9246450560167,12.8906104676637,1,C,445,10
84.6225924990212,72,44.9411904020235,27.0588095979765,0,I,446,10
59.9013054842933,72,44.9574890406802,14.943816443613,1,C,447,10
76.2097287573162,72,45.0453095370904,26.9546904629096,0,I,448,10
76.7188695927749,72,45.0507536390796,26.9492463609204,0,C,449,10
121.762059620028,72,45.0882406532764,26.9117593467236,0,I,450,10
118.352879536383,72,45.0968563836068,26.9031436163932,0,C,451,10
217.898652690619,72,45.1251174509525,26.8748825490475,0,I,452,10
51.9885971826451,72,45.1454086555168,6.8431885271283,1,C,453,10
53.7775011781861,72,45.2471726154909,8.53032856269521,1,I,454,10
72.1670962170532,72,45.2596448455006,26.7403551544994,0,C,455,10
116.456554230167,72,45.2710703434423,26.7289296565577,0,I,456,10
49.3384910806493,72,45.4069977812469,3.93149329940237,1,C,457,10
106.079177373604,72,45.5887517379597,26.4112482620403,0,I,458,10
151.061853199168,72,45.6387916021049,26.3612083978951,0,C,459,10
57.6078772968543,56.4295247705608,45.645323228091,10.7842015424698,0,I,460,10
59.0466812862027,72,45.6568321399391,13.3898491462636,1,C,461,10
183.302364984345,72,45.6674313638359,26.3325686361641,0,I,462,10
76.2345735421977,72,45.7973531261087,26.2026468738914,0,C,463,10
67.351865826569,72,45.8101503225043,21.5417155040647,1,I,464,10
79.432815334195,72,45.9819178842008,26.0180821157992,0,C,465,10
168.950743692997,72,45.9839253779501,26.0160746220499,0,I,466,10
72.7962643192438,72,46.168659562245,25.831340437755,0,C,467,10
92.0240177772077,72,46.267808242701,25.732191757299,0,I,468,10
50.6624454526945,72,46.2900381395593,4.37240731313518,1,C,469,10
286.829603799912,62.1489894905036,46.3866605702788,15.7623289202248,0,I,470,10
92.749544282846,54.8986687727133,46.3937118044123,8.50495696830103,0,C,471,10
87.334870208981,61.5552783400099,46.5409332700074,15.0143450700025,0,I,472,10
93.9530439273029,72,46.5506394999102,25.4493605000898,0,C,473,10
52.9501276503644,72,46.6142945783213,6.33583307204315,1,I,474,10
82.5212513443525,72,46.7382556898519,25.2617443101481,0,C,475,10
65.611871788663,72,46.7945464560762,18.8173253325868,1,I,476,10
82.1044433626619,72,46.8330936692655,25.1669063307345,0,C,477,10
56.5264287518731,72,46.9133605342358,9.6130682176373,1,I,478,10
128.288684729809,61.4641057441155,47.2219550516456,14.2421506924699,0,C,479,10
87.8216316995381,72,47.2950379550457,24.7049620449543,0,I,480,10
64.9251913059146,72,47.7531447261572,17.1720465797574,1,C,481,10
58.8000321457353,72,47.8077891748399,10.9922429708955,1,I,482,10
82.5048182784252,72,47.8952852357179,24.1047147642821,0,C,483,10
159.29476655488,72,47.9228572826833,24.0771427173168,0,I,484,10
51.8610863012685,72,47.9703310271725,3.89075527409597,1,C,485,10
89.9884315075926,72,48.0599449295551,23.9400550704449,0,I,486,10
82.6661406845014,72,48.0648753745481,23.9351246254519,0,C,487,10
91.0581179856401,50.4793650190871,48.463332625106,2.01603239398112,0,I,488,10
239.193127194442,72,48.4809036646038,23.5190963353962,0,C,489,10
90.964812522849,72,48.5002943733707,23.4997056266293,0,I,490,10
66.4498111214028,72,48.529130704701,17.9206804167018,1,C,491,10
109.950914779592,72,48.6769026238471,23.3230973761529,0,I,492,10
86.4007661907464,72,48.8704160135239,23.1295839864761,0,C,493,10
49.4494318719437,72,48.9459463907406,0.503485481203148,1,I,494,10
59.7661108689158,72,48.9587801042944,10.8073307646213,1,C,495,10
154.354608059018,72,48.9652226027101,23.0347773972899,0,I,496,10
95.1091052416683,72,49.0404501697049,22.9595498302951,0,C,497,10
148.78507673249,56.3796184946305,49.1550547163934,7.22456377823712,0,I,498,10
55.3408968537498,72,49.313548556529,6.02734829722079,1,C,499,10
78.5810014176657,72,49.6574722928926,22.3425277071074,0,I,500,10
177.842508892454,72,49.6919266087934,22.3080733912066,0,C,501,10
88.3186882226443,72,49.7357571031898,22.2642428968102,0,I,502,10
71.7098884995147,72,49.7495344514027,21.9603540481119,1,C,503,10
57.1634310849576,63.6012040309568,49.7772369068116,7.38619417814596,1,I,504,10
52.4149757798337,72,49.8153207683936,2.59965501144007,1,C,505,10
239.032496817838,72,49.8444034159184,22.1555965840817,0,I,506,10
55.0237966260227,72,50.0617290381342,4.96206758788844,1,C,507,10
160.748221520945,72,50.0721094943583,21.9278905056417,0,I,508,10
184.538655006453,72,50.1303161401302,21.8696838598698,0,C,509,10
53.6445975807235,72,50.3390609985218,3.30553658220176,1,I,510,10
61.4763677532727,72,50.533382599242,10.9429851540306,1,C,511,10
185.686557495958,72,50.6679694494233,21.3320305505767,0,I,512,10
261.741129558777,62.3383229274602,50.7460105977953,11.592312329665,0,C,513,10
87.2555091243378,62.4640742217367,50.9374850057066,11.5265892160302,0,I,514,10
82.3563787424326,69.3794913889814,51.1109120305628,18.2685793584186,0,C,515,10
96.4027319340381,72,51.1506153456867,20.8493846543133,0,I,516,10
93.0104952359739,72,51.2655311124399,20.7344688875601,0,C,517,10
55.9320587791934,72,51.3948816340417,4.53717714515172,1,I,518,10
58.0803336183096,72,51.4633198454976,6.61701377281201,1,C,519,10
78.5640723427585,72,51.5360878268257,20.4639121731743,0,I,520,10
86.7118773541968,72,51.6555458726361,20.3444541273639,0,C,521,10
88.7974496840277,72,51.6866868222132,20.3133131777868,0,I,522,10
54.3263792465229,72,51.855890834704,2.47048841181887,1,C,523,10
101.246908091506,72,51.870547849685,20.129452150315,0,I,524,10
64.260971186282,72,51.9074024213478,12.3535687649342,1,C,525,10
149.481111510715,72,51.9442848907784,20.0557151092216,0,I,526,10
97.2716017258867,72,52.0248567732051,19.9751432267949,0,C,527,10
52.6858005756555,72,52.1139699267224,0.571830648933125,1,I,528,10
120.565822270557,72,52.1544990967959,19.8455009032041,0,C,529,10
62.512061989948,72,52.2118335496634,10.3002284402846,1,I,530,10
151.32493903827,57.6846758936984,52.3912016255781,5.29347426812032,0,C,531,10
74.4205633271044,72,52.5467452732846,19.4532547267154,0,I,532,10
156.207492840217,72,52.6627746457234,19.3372253542766,0,C,533,10
103.98829540107,72,52.7479325607419,19.2520674392581,0,I,534,10
100.837627933636,72,52.9930562060326,19.0069437939674,0,C,535,10
75.7130469508539,72,53.0770061071962,18.9229938928038,0,I,536,10
101.003938951965,72,53.2241209270433,18.7758790729567,0,C,537,10
170.937076437022,72,53.3210446871817,18.6789553128183,0,I,538,10
56.3683908481343,72,53.4265464730561,2.94184437507819,1,C,539,10
71.0850105111897,72,53.5598333459348,17.525177165255,1,I,540,10
110.286581499553,72,53.5850183246657,18.4149816753343,0,C,541,10
58.4514522593198,72,53.7139422493056,4.7375100100142,1,I,542,10
67.5860211036541,66.8350360803007,53.7174396403134,13.1175964399873,0,C,543,10
122.540286498763,72,53.7744596460834,18.2255403539166,0,I,544,10
97.048907692324,72,53.8229952100664,18.1770047899336,0,C,545,10
55.7259015930788,72,53.8676759926602,1.85822560041859,1,I,546,10
166.99976513171,72,53.9063785644248,18.0936214355752,0,C,547,10
79.4845951902387,72,54.129919745028,17.870080254972,0,I,548,10
85.4170610923185,72,54.1991078015417,17.8008921984583,0,C,549,10
74.0509337756507,72,54.2495860811323,17.7504139188677,0,I,550,10
74.334833705344,72,54.3079503625631,17.6920496374369,0,C,551,10
113.73259415824,72,55.0614002393559,16.9385997606441,0,I,552,10
148.195978350959,72,55.1218409417197,16.8781590582803,0,C,553,10
64.3946841785494,72,55.2714874735102,9.12319670503919,1,I,554,10
59.4980179880407,72,55.2977729961276,4.20024499191312,1,C,555,10
66.1889024311859,72,55.5213236203417,10.6675788108442,1,I,556,10
74.6735561165835,72,55.615709410049,16.384290589951,0,C,557,10
101.149776293945,72,55.6701671518385,16.3298328481615,0,I,558,10
74.2934216764595,72,56.0391633398831,15.9608366601169,0,C,559,10
82.1121250135723,72,56.1443510139361,15.8556489860639,0,I,560,10
61.8196162438883,72,56.1484343139455,5.67118192994283,1,C,561,10
81.398769096671,72,56.1507583362982,15.8492416637018,0,I,562,10
208.472998679511,72,56.1659817444161,15.8340182555839,0,C,563,10
129.939919278336,72,56.3821665477008,15.6178334522992,0,I,564,10
86.7218740960451,72,56.4332883339375,15.5667116660625,0,C,565,10
204.451616538895,72,56.5333399549127,15.4666600450873,0,I,566,10
59.2993211582856,72,56.5834656078368,2.71585555044872,1,C,567,10
70.1238529851454,72,56.6491793235764,13.474673661569,1,I,568,10
97.5171701581996,72,56.7605469888076,15.2394530111924,0,C,569,10
89.3341100090097,72,56.8782360898331,15.1217639101669,0,I,570,10
60.2854502746646,72,56.9202167680487,3.36523350661589,1,C,571,10
118.652403867096,72,57.0380919193849,14.9619080806151,0,I,572,10
136.449638013871,72,57.064344920218,14.935655079782,0,C,573,10
62.0511530414484,72,57.1605210704729,4.89063197097552,1,I,574,10
85.4852267108674,72,57.1880865795538,14.8119134204462,0,C,575,10
132.087806103118,66.4362558254145,57.236790410243,9.19946541517149,0,I,576,10
129.130801742496,72,57.4017150280997,14.5982849719003,0,C,577,10
59.251062276834,72,57.4452924029902,1.80576987384382,1,I,578,10
73.588222921938,72,57.67532880418,14.32467119582,0,C,579,10
86.83544976559,72,57.6859908085316,14.3140091914684,0,I,580,10
128.223737692996,72,57.7390971360728,14.2609028639272,0,C,581,10
125.457978131761,72,57.933708387427,14.066291612573,0,I,582,10
82.5922269767412,72,57.9909177822992,14.0090822177008,0,C,583,10
100.849188062016,72,58.0900012236089,13.9099987763911,0,I,584,10
62.2016260581223,72,58.1546928780153,4.04693318010694,1,C,585,10
88.6573285747016,72,58.161207055673,13.838792944327,0,I,586,10
110.491256623227,72,58.1789361219853,13.8210638780147,0,C,587,10
78.6765621524654,72,58.1971641629934,13.8028358370066,0,I,588,10
87.6787436145697,72,58.3275793259963,13.6724206740037,0,C,589,10
229.623207568978,72,58.3752813516185,13.6247186483815,0,I,590,10
176.065177589027,72,58.4133965615183,13.5866034384817,0,C,591,10
122.267463473944,72,58.4173665521666,13.5826334478334,0,I,592,10
59.4089514440397,72,58.4706978499889,0.938253594050752,1,C,593,10
107.80501459582,72,58.8078909600154,13.1921090399846,0,I,594,10
109.421682879397,67.3802462202226,58.8101186044514,8.57012761577117,0,C,595,10
109.170917785788,72,58.8997480971739,13.1002519028261,0,I,596,10
107.810683210913,72,59.0616830578074,12.9383169421926,0,C,597,10
59.4422212688153,72,59.0679131867364,0.374308082078861,1,I,598,10
75.5928939242801,72,59.1171625815332,12.8828374184668,0,C,599,10
94.3753092793619,72,59.3237958010286,12.6762041989714,0,I,600,10
60.2952276454695,72,59.4675790658221,0.827648579647407,1,C,601,10
68.0073677168534,72,59.5759291481227,8.4314385687307,1,I,602,10
82.9998680268,72,59.5816532475874,12.4183467524126,0,C,603,10
127.396917316144,72,59.5990382088348,12.4009617911652,0,I,604,10
79.4768694401905,72,59.7909065382555,12.2090934617445,0,C,605,10
89.373526121783,72,59.9134063487873,12.0865936512128,0,I,606,10
313.617051673173,72,59.936489565298,12.063510434702,0,C,607,10
