t_cal_ev,t_cal_cens,t_acc,t,status,group,pat_id,sim_idx
28.9349552290747,72,0.35571965854615,28.5792355705286,1,I,1,1
29.8490055177452,72,0.583920981734991,29.2650845360102,1,C,2,1
17.689666954271,72,0.672499425709248,17.0171675285617,1,I,3,1
49.2778580587338,72,0.941662075929344,48.3361959828045,1,C,4,1
55.8793756345681,53.9673228585675,1.169757200405,52.7975656581625,0,I,5,1
108.790520833644,72,1.22503363061696,70.774966369383,0,C,6,1
82.7515608264604,72,1.35809417814016,70.6419058218598,0,I,7,1
42.0019219323441,72,1.42696458846331,40.5749573438808,1,C,8,1
9.69068537797979,72,1.64477170910686,8.04591366887293,1,I,9,1
84.1808822481587,72,2.04228926450014,69.9577107354999,0,C,10,1
13.2568823016982,72,2.49963195528835,10.7572503464098,1,I,11,1
58.476565258483,72,2.73103245534003,55.7455328031429,1,C,12,1
87.5508876570685,72,3.07173252571374,68.9282674742863,0,I,13,1
99.5096117493443,72,3.65033453330398,68.349665466696,0,C,14,1
27.2211980371766,72,3.70897329412401,23.5122247430526,1,I,15,1
36.9039449682275,72,4.09652464091778,32.8074203273097,1,C,16,1
43.4207490868719,72,4.11546617746353,39.3052829094083,1,I,17,1
108.587154720838,72,4.28205574862659,67.7179442513734,0,C,18,1
50.9493353404891,72,4.29330342449248,46.6560319159967,1,I,19,1
14.3299642660851,72,4.52307504136115,9.80688922472391,1,C,20,1
40.3224539389438,67.7003942370674,4.56733290106058,35.7551210378832,1,I,21,1
23.213446982233,72,4.71748843789101,18.495958544342,1,C,22,1
78.9987951960743,63.6140738801176,4.91178144235164,58.702292437766,0,I,23,1
19.2726437246436,72,4.97483995277435,14.2978037718692,1,C,24,1
32.760656224025,72,5.0652826577425,27.6953735662825,1,I,25,1
46.5605489416761,72,5.10768111795187,41.4528678237242,1,C,26,1
200.22794867073,72,5.34517189487815,66.6548281051219,0,I,27,1
8.77378749600751,72,5.34828303381801,3.42550446218951,1,C,28,1
118.915631221697,72,5.41737215593457,66.5826278440654,0,I,29,1
103.120169348739,72,5.48055402003229,66.5194459799677,0,C,30,1
17.6014037621531,72,5.55641549639404,12.0449882657591,1,I,31,1
155.380842371058,72,6.05352753773332,65.9464724622667,0,C,32,1
25.6216539733434,72,6.09655253123492,19.5251014421085,1,I,33,1
76.8588827920373,72,6.38991331681609,65.6100866831839,0,C,34,1
77.1566018497745,72,7.23415242042393,64.7658475795761,0,I,35,1
43.1807837804811,72,7.26430978160352,35.9164739988776,1,C,36,1
8.85678715794365,72,8.06398169137538,0.792805466568273,1,I,37,1
98.2604854403359,72,8.71854864992201,63.281451350078,0,C,38,1
17.213543158632,72,9.34351486153901,7.87002829709301,1,I,39,1
23.0515690509222,72,9.52339163515717,13.528177415765,1,C,40,1
60.3231898471396,72,9.80461360886693,50.5185762382726,1,I,41,1
38.430406848061,72,9.99687689356506,28.433529954496,1,C,42,1
32.7542399505451,72,10.0328559754416,22.7213839751035,1,I,43,1
67.2298974278978,72,10.1520522264764,57.0778452014214,1,C,44,1
51.0799817703461,72,10.5016871541739,40.5782946161723,1,I,45,1
111.025674315895,72,11.066622803919,60.933377196081,0,C,46,1
179.93555673524,72,11.3235655473545,60.6764344526455,0,I,47,1
126.277392901001,72,11.3293226854876,60.6706773145124,0,C,48,1
39.4361902131971,72,11.3357611047104,28.1004291084867,1,I,49,1
90.7954964907863,72,11.5010045981035,60.4989954018965,0,C,50,1
100.159164639844,72,11.5828427206725,60.4171572793275,0,I,51,1
43.2941782609576,72,11.7988672060892,31.4953110548684,1,C,52,1
28.3228764491301,72,11.8688470171765,16.4540294319536,1,I,53,1
20.4453177784853,72,12.1238484978676,8.32146928061773,1,C,54,1
36.7950694604783,72,12.1608242439106,24.6342452165677,1,I,55,1
50.903069724237,72,12.2184519516304,38.6846177726066,1,C,56,1
73.6968838103826,72,12.4586547352374,59.5413452647626,0,I,57,1
26.4805159579428,72,12.7465991768986,13.7339167810442,1,C,58,1
151.466552209031,72,12.8085903497413,59.1914096502587,0,I,59,1
108.264372298045,72,12.8296836325899,59.1703163674101,0,C,60,1
17.8598542375754,72,12.9848679061979,4.87498633137747,1,I,61,1
49.8200637878085,72,13.3970168698579,36.4230469179505,1,C,62,1
15.2295951727277,72,13.5070175863802,1.7225775863475,1,I,63,1
35.25711621529,72,15.2722098771483,19.9849063381417,1,C,64,1
105.474486672396,72,15.4202328901738,56.5797671098262,0,I,65,1
133.962322667821,72,16.1382232932374,55.8617767067626,0,C,66,1
56.1532505866341,72,16.5098517900333,39.6433987966008,1,I,67,1
23.962753897958,72,16.7633029120043,7.19945098595373,1,C,68,1
88.4993267627539,72,16.7830650648102,55.2169349351898,0,I,69,1
32.322222834987,72,16.9714874401689,15.3507353948181,1,C,70,1
46.6820861194285,72,17.0465999655426,29.6354861538859,1,I,71,1
77.4396394490962,72,17.4501832388341,54.5498167611659,0,C,72,1
34.5127590416317,72,17.5741594517604,16.9385995898714,1,I,73,1
51.2335501310947,72,17.6646244246513,33.5689257064434,1,C,74,1
46.1398404906947,72,18.045958718285,28.0938817724098,1,I,75,1
161.188369786735,72,18.0614953301847,53.9385046698153,0,C,76,1
47.5423908595985,72,18.1951633980498,29.3472274615487,1,I,77,1
50.3914910587572,72,18.2731913449243,32.1182997138329,1,C,78,1
41.9897659176667,72,18.2910912064835,23.6986747111832,1,I,79,1
39.6157332055892,72,18.6823611985892,20.933372007,1,C,80,1
71.4427437591986,72,18.6986006470397,52.7441431121589,1,I,81,1
53.1911837324953,72,18.8628530642018,34.3283306682935,1,C,82,1
21.8441643758071,72,18.9614860760048,2.88267829980227,1,I,83,1
48.2283369603138,72,19.0693289553747,29.1590080049392,1,C,84,1
110.571431804019,72,19.1819515312091,52.818048468791,0,I,85,1
51.8605309140652,72,19.8719347268343,31.9885961872309,1,C,86,1
391.646396279492,72,19.8828208493069,52.1171791506931,0,I,87,1
206.96063001436,72,19.9525111913681,52.0474888086319,0,C,88,1
91.5840182268786,72,20.0782320275903,51.9217679724097,0,I,89,1
92.4165742210063,72,20.7164665265009,51.2835334734991,0,C,90,1
210.386698403697,72,20.7843185774982,51.2156814225018,0,I,91,1
131.362210728804,72,20.8830842049792,51.1169157950208,0,C,92,1
61.6408393751365,72,21.1568112205714,40.4840281545651,1,I,93,1
44.9754707696291,72,21.9833445455879,22.9921262240412,1,C,94,1
34.7647046392488,72,22.020970559679,12.7437340795698,1,I,95,1
88.3030225767551,72,22.66889850609,49.33110149391,0,C,96,1
70.2596793379345,72,22.701936182566,47.5577431553685,1,I,97,1
100.476001574397,72,22.7545446250588,49.2454553749412,0,C,98,1
61.585709133137,72,22.8549138084054,38.7307953247316,1,I,99,1
52.994620034812,40.82793220376,23.7516028946266,17.0763293091334,0,C,100,1
132.581782714808,72,23.8369893003255,48.1630106996745,0,I,101,1
69.0315829454807,72,24.0797122567892,44.9518706886915,1,C,102,1
28.3175946324966,72,24.168973043561,4.14862158893563,1,I,103,1
139.473251333275,72,24.5494330348447,47.4505669651553,0,C,104,1
73.4985064503283,72,24.5801309170201,47.4198690829799,0,I,105,1
118.171543891369,72,24.5928722759709,47.4071277240291,0,C,106,1
26.3934667992438,72,24.6059797005728,1.78748709867096,1,I,107,1
37.7057851579964,72,24.700959767215,13.0048253907814,1,C,108,1
45.6196695862265,72,24.8933529714122,20.7263166148142,1,I,109,1
120.911468321954,72,24.9286259897053,47.0713740102947,0,C,110,1
146.841209112258,72,24.9567666649818,47.0432333350182,0,I,111,1
93.080416012294,72,25.4772495757788,46.5227504242212,0,C,112,1
48.8400550307905,72,25.7111423788592,23.1289126519313,1,I,113,1
237.971566249554,72,25.7402734737843,46.2597265262157,0,C,114,1
118.539409789188,72,26.0476837679744,45.9523162320256,0,I,115,1
155.264292618124,72,27.0303619885817,44.9696380114183,0,C,116,1
133.760014176307,72,27.0685025537387,44.9314974462614,0,I,117,1
37.1856024912204,72,27.0753450365737,10.1102574546466,1,C,118,1
146.679354524443,72,27.3302112193778,44.6697887806222,0,I,119,1
42.9309330333593,72,27.4632800649852,15.4676529683741,1,C,120,1
46.7165487634563,72,27.493149661459,19.2233991019973,1,I,121,1
141.63092806977,72,27.5387764116749,44.4612235883251,0,C,122,1
63.0646604772971,72,27.6961107831448,35.3685496941523,1,I,123,1
85.9699936281676,72,27.7910989103839,44.2089010896161,0,C,124,1
38.6890951058435,72,27.8108826186508,10.8782124871927,1,I,125,1
58.5670992363323,72,27.8732309862971,30.6938682500352,1,C,126,1
70.7567759717285,72,28.2315746275708,42.5252013441577,1,I,127,1
46.9058509684247,72,28.2927002711222,18.6131506973025,1,C,128,1
79.5589903897588,72,28.3294520108029,43.6705479891971,0,I,129,1
42.2919161591125,72,28.3860836271197,13.9058325319929,1,C,130,1
84.3569993239896,72,28.4730178071186,43.5269821928814,0,I,131,1
331.126059100106,72,28.5506253037602,43.4493746962398,0,C,132,1
129.901082293616,72,28.5567602561787,43.4432397438213,0,I,133,1
171.723674919573,72,29.2222420452163,42.7777579547837,0,C,134,1
123.466950162026,72,29.5029679499567,42.4970320500433,0,I,135,1
76.9028785566396,72,29.6429147059098,42.3570852940902,0,C,136,1
34.1230186238492,72,29.8986367648467,4.22438185900243,1,I,137,1
42.7767993605929,72,30.1266086334363,12.6501907271567,1,C,138,1
84.7845825283821,72,30.1911119464785,41.8088880535215,0,I,139,1
45.1965426238506,72,30.3950817324221,14.8014608914285,1,C,140,1
52.2843400371986,72,30.5046736076474,21.7796664295512,1,I,141,1
116.407006482891,72,30.8242637850344,41.1757362149656,0,C,142,1
112.364418774267,72,30.8328933315352,41.1671066684648,0,I,143,1
60.5859018237397,72,30.8347803214565,29.7511215022833,1,C,144,1
48.9023921834236,72,30.8716173330322,18.0307748503914,1,I,145,1
60.2430309348023,72,30.8726675156504,29.3703634191519,1,C,146,1
74.7173574617816,72,30.947918985039,41.052081014961,0,I,147,1
165.879897083575,38.1217033933515,31.1094843456522,7.01221904769931,0,C,148,1
53.1709549796967,72,31.3734369305894,21.7975180491073,1,I,149,1
69.653960341371,72,31.7703803116456,37.8835800297255,1,C,150,1
39.4685561556059,72,31.9107736973092,7.55778245829665,1,I,151,1
45.0992946168941,72,31.943951100111,13.1553435167831,1,C,152,1
84.7936378570642,72,32.0857858797535,39.9142141202465,0,I,153,1
135.536563331303,72,32.4453992815688,39.5546007184312,0,C,154,1
38.5745855438465,72,32.5731393741444,6.00144616970216,1,I,155,1
71.6619841908279,72,32.7470517670736,38.9149324237543,1,C,156,1
51.0162599399531,72,32.8986046090722,18.1176553308808,1,I,157,1
217.80088090556,72,32.901413301006,39.098586698994,0,C,158,1
92.9771932924933,72,32.9926571762189,39.0073428237811,0,I,159,1
56.0380777319567,72,33.1059221690521,22.9321555629046,1,C,160,1
47.9566653985377,72,33.2540479302406,14.7026174682971,1,I,161,1
43.6928472353095,72,33.3375342702493,10.3553129650602,1,C,162,1
74.340276426721,72,33.444804190658,38.555195809342,0,I,163,1
49.161996309088,72,33.8805486308411,15.2814476782469,1,C,164,1
49.0359244066829,72,34.373214575462,14.6627098312208,1,I,165,1
201.127645898115,72,34.4488823600113,37.5511176399887,0,C,166,1
57.4309338875468,72,34.5792758278549,22.8516580596919,1,I,167,1
80.2729013750521,72,34.7915631718934,37.2084368281066,0,C,168,1
123.431846592125,72,34.917696272023,37.082303727977,0,I,169,1
51.3979370977726,72,34.9727903679013,16.4251467298712,1,C,170,1
37.322643720424,72,35.0363067397848,2.28633698063924,1,I,171,1
83.0592102585555,72,35.1322457380593,36.8677542619407,0,C,172,1
365.897800340087,72,35.3870981186628,36.6129018813372,0,I,173,1
124.884253612772,72,35.3995762160048,36.6004237839952,0,C,174,1
50.6659897659399,72,35.6232579611242,15.0427318048157,1,I,175,1
239.804008450601,72,35.6960289739072,36.3039710260928,0,C,176,1
55.5102358256032,72,35.8869289280847,19.6233068975185,1,I,177,1
40.0154067397164,72,35.8895200258121,4.1258867139043,1,C,178,1
126.439116058278,72,35.9730746364221,36.0269253635779,0,I,179,1
62.5095372361061,72,36.1061006225646,26.4034366135415,1,C,180,1
83.8939124926007,72,36.1691461270675,35.8308538729325,0,I,181,1
38.4837383612697,72,36.28096121829,2.20277714297972,1,C,182,1
175.692063239782,72,37.1981749031693,34.8018250968307,0,I,183,1
75.1287965726679,72,37.5098182400689,34.4901817599312,0,C,184,1
66.9948096832375,72,37.5625308277085,29.4322788555289,1,I,185,1
110.454585908634,72,37.5936373416334,34.4063626583666,0,C,186,1
54.60130030127,70.378176663656,38.0445031542331,16.5567971470369,1,I,187,1
112.059701377073,72,38.1668751686811,33.8331248313189,0,C,188,1
94.2682762221711,72,38.1839544279501,33.8160455720499,0,I,189,1
135.241513691977,72,38.6825594119728,33.3174405880272,0,C,190,1
44.6533742489101,72,38.8113543391228,5.84201990978727,1,I,191,1
73.8123306892189,72,39.2266415013,32.7733584987,0,C,192,1
103.752989341394,72,39.3075594166294,32.6924405833706,0,I,193,1
72.5170375342222,67.6122793967347,39.3653440475464,28.2469353491883,0,C,194,1
77.2797500768152,72,39.720483426936,32.279516573064,0,I,195,1
46.7459233888563,72,39.8876269860193,6.85829640283696,1,C,196,1
82.2555304032698,72,39.9480446102098,32.0519553897902,0,I,197,1
90.890292357289,72,40.6785561377183,31.3214438622817,0,C,198,1
140.320671448896,72,40.7427806546912,31.2572193453088,0,I,199,1
56.7405141559806,72,40.9734696010128,15.7670445549679,1,C,200,1
127.145963963994,72,41.1372282262892,30.8627717737109,0,I,201,1
54.4890320648532,72,41.3170760544017,13.1719560104515,1,C,202,1
75.8148704358055,72,41.346945441328,30.653054558672,0,I,203,1
73.9189275686075,72,43.1357491342351,28.8642508657649,0,C,204,1
89.6755400138249,72,43.1619556294754,28.8380443705246,0,I,205,1
99.9292556911102,72,43.234530268237,28.765469731763,0,C,206,1
108.343368692605,72,43.552205208689,28.447794791311,0,I,207,1
94.0790293094241,72,43.5982151376084,28.4017848623917,0,C,208,1
72.9349166321827,72,43.6191517207772,28.3808482792229,0,I,209,1
66.7738942620262,72,43.6835121084005,23.0903821536258,1,C,210,1
152.405641352722,72,43.9292648155242,28.0707351844758,0,I,211,1
125.955907315617,72,44.1326344013214,27.8673655986786,0,C,212,1
69.0399157232108,72,44.3070924840868,24.732823239124,1,I,213,1
66.3096468039178,72,44.5151581708342,21.7944886330836,1,C,214,1
136.086207943869,72,44.9206911586225,27.0793088413775,0,I,215,1
56.9981843435935,72,45.1257201237604,11.872464219833,1,C,216,1
50.8159834432851,72,45.2494184626266,5.56656498065843,1,I,217,1
438.166775336334,72,45.4610813688487,26.5389186311513,0,C,218,1
62.7905425811691,72,45.5395248904824,17.2510176906867,1,I,219,1
62.1839174226048,72,45.6239389814436,16.5599784411611,1,C,220,1
175.347826614142,72,45.723763438873,26.276236561127,0,I,221,1
67.0395202405144,72,45.8205741550773,21.2189460854371,1,C,222,1
84.2626184123261,72,46.2111815996468,25.7888184003532,0,I,223,1
81.3977586431882,72,46.3594695646316,25.6405304353684,0,C,224,1
111.392264840307,72,46.4078139374033,25.5921860625967,0,I,225,1
52.1992300573743,72,46.5854688920081,5.61376116536623,1,C,226,1
60.6735037048579,72,46.6509295580909,14.022574146767,1,I,227,1
49.9231751073073,72,47.1067677112296,2.81640739607762,1,C,228,1
53.2366564160947,72,47.1353614283726,6.10129498772211,1,I,229,1
77.7216627026792,72,47.1752748638392,24.8247251361609,0,C,230,1
105.995236262767,72,47.3418186279014,24.6581813720986,0,I,231,1
81.6721212074081,72,47.4627362284809,24.5372637715191,0,C,232,1
59.5257383385957,60.8971963068562,47.4718976905569,12.0538406480388,1,I,233,1
55.2759011049126,72,47.4798281583935,7.79607294651909,1,C,234,1
215.957933815084,72,47.7091877209023,24.2908122790977,0,I,235,1
179.292987021199,72,47.7713734377176,24.2286265622824,0,C,236,1
57.5167911054769,72,47.772970777005,9.74382032847192,1,I,237,1
55.0923906171382,72,48.0530361738056,7.03935444333258,1,C,238,1
108.061338553972,72,48.0666176369414,23.9333823630586,0,I,239,1
66.0455071717339,72,48.0830441974104,17.9624629743235,1,C,240,1
145.656613743082,72,48.3003484876826,23.6996515123174,0,I,241,1
56.7587181212527,72,48.331046551466,8.42767156978669,1,C,242,1
97.4945873716709,72,48.7125232536346,23.2874767463654,0,I,243,1
63.5444705822286,72,48.7331947311759,14.8112758510527,1,C,244,1
66.4877982782077,72,48.7572963070124,17.7305019711952,1,I,245,1
62.1540716075075,72,49.0185307664797,13.1355408410278,1,C,246,1
126.23977663568,72,49.0812831558287,22.9187168441713,0,I,247,1
107.321907830525,72,49.2256478313357,22.7743521686643,0,C,248,1
144.94413566174,72,49.2562754591927,22.7437245408073,0,I,249,1
60.2399142334114,72,49.3721016403288,10.8678125930826,1,C,250,1
265.065411569949,72,49.6090319612995,22.3909680387005,0,I,251,1
69.6592161086845,72,49.8937961412594,19.7654199674251,1,C,252,1
82.4954918715191,72,50.1115384278819,21.8884615721181,0,I,253,1
61.7963820424384,72,50.4464285541326,11.3499534883058,1,C,254,1
72.9150463904316,72,50.7209285348654,21.2790714651346,0,I,255,1
63.351458326712,72,50.7436629105359,12.6077954161761,1,C,256,1
73.5116465265316,72,50.8014910435304,21.1985089564696,0,I,257,1
57.2058193882321,72,50.8781706076115,6.32764878062056,1,C,258,1
125.208464159186,72,50.9568214695901,21.0431785304099,0,I,259,1
81.5519542481788,72,51.0434825532138,20.9565174467862,0,C,260,1
80.1228720919949,72,51.1031958879903,20.8968041120097,0,I,261,1
145.381170072542,72,51.3599748769775,20.6400251230225,0,C,262,1
152.971849390755,72,51.4174034167081,20.5825965832919,0,I,263,1
74.7641997007909,72,51.5343182533979,20.4656817466021,0,C,264,1
61.0900775506537,72,51.7677464615554,9.32233108909833,1,I,265,1
90.0698560069482,72,51.8445913307369,20.1554086692631,0,C,266,1
66.4174443434047,72,52.1487753465772,14.2686689968275,1,I,267,1
58.1592389607573,72,52.1928362594917,5.96640270126558,1,C,268,1
144.014263639774,72,52.7043267851695,19.2956732148305,0,I,269,1
63.4338797029613,72,52.7943723695353,10.6395073334261,1,C,270,1
77.4185928097021,72,52.9588397406042,19.0411602593958,0,I,271,1
93.8188209691462,72,53.1897441996262,18.8102558003739,0,C,272,1
71.1791986909149,72,53.612642926164,17.566555764751,1,I,273,1
113.727201585037,72,53.8549097534269,18.1450902465731,0,C,274,1
137.331363942284,72,54.0007430082187,17.9992569917813,0,I,275,1
65.6529491303495,72,54.0145284170285,11.638420713321,1,C,276,1
134.079593590628,72,54.4051346182823,17.5948653817177,0,I,277,1
210.954887924757,72,54.8817695025355,17.1182304974645,0,C,278,1
119.872476071508,72,54.9831539718434,17.0168460281566,0,I,279,1
60.3095159281065,72,55.1139370305464,5.19557889756017,1,C,280,1
117.361128824821,72,55.2860764972866,16.7139235027134,0,I,281,1
96.6778372923181,72,55.4681870061904,16.5318129938096,0,C,282,1
147.634374770554,72,55.5266732163727,16.4733267836273,0,I,283,1
56.3998862368478,72,55.5550687154755,0.844817521372332,1,C,284,1
96.5395350760033,72,56.2501556938514,15.7498443061486,0,I,285,1
107.599419455767,72,56.3237700518221,15.6762299481779,0,C,286,1
87.4512709485271,72,56.4082960411906,15.5917039588094,0,I,287,1
125.572314850815,72,56.5965843759477,15.4034156240523,0,C,288,1
192.658539762309,72,56.6549823386595,15.3450176613405,0,I,289,1
60.4580701635756,72,56.8132951715961,3.64477499197953,1,C,290,1
120.739268437331,72,56.8789120484144,15.1210879515857,0,I,291,1
129.714500195325,72,57.0300486311317,14.9699513688684,0,C,292,1
177.579516331823,72,57.1642540069297,14.8357459930703,0,I,293,1
137.446722273934,72,57.238651458174,14.761348541826,0,C,294,1
65.8097128195544,72,57.6196591509506,8.19005366860382,1,I,295,1
107.422140916679,72,57.6956537039951,14.304346296005,0,C,296,1
101.869121657483,72,58.0088158976287,13.9911841023713,0,I,297,1
76.8187898480278,72,58.0547687178478,13.9452312821522,0,C,298,1
74.1920330803003,72,58.2209747750312,13.7790252249688,0,I,299,1
72.3078936447067,72,58.400595439598,13.599404560402,0,C,300,1
85.9458173418284,72,58.4639175748453,13.5360824251547,0,I,301,1
60.7191089810066,72,58.490735180676,2.22837380033057,1,C,302,1
79.1822930665074,72,58.7058065319434,13.2941934680566,0,I,303,1
67.5744107832225,72,58.8828432094306,8.69156757379194,1,C,304,1
79.1779595009506,72,59.2346110660583,12.7653889339417,0,I,305,1
91.598971802127,72,59.2394998949021,12.7605001050979,0,C,306,1
82.6221960751719,72,59.3030716152862,12.6969283847138,0,I,307,1
221.18423927524,72,59.5286218123511,12.471378187649,0,C,308,1
63.0607453287584,72,59.5736111188307,3.48713420992765,1,I,309,1
97.9425952393137,72,59.6586524415761,12.3413475584239,0,C,310,1
145.780000696153,72,59.9724110914394,12.0275889085606,0,I,311,1
77.6726889628904,72,0.360896000638604,71.6391039993614,0,I,1,2
126.817768952479,72,0.485247415490449,71.5147525845096,0,C,2,2
165.08218056225,72,0.511313360184431,71.4886866398156,0,I,3,2
33.248061372211,72,0.666343769989908,32.5817176022211,1,C,4,2
3.56430210995923,72,0.674360264092684,2.88994184586655,1,I,5,2
44.1774550772454,6.26526628852772,0.927801355719566,5.33746493280815,0,C,6,2
18.168616583812,72,1.27754176966846,16.8910748141436,1,I,7,2
26.8838147743308,72,1.37280571740121,25.5110090569296,1,C,8,2
36.8769473207085,72,1.43977507017553,35.437172250533,1,I,9,2
32.3349201894769,72,1.45760172978044,30.8773184596965,1,C,10,2
6.53999511284927,72,1.60310176201165,4.93689335083763,1,I,11,2
102.410400700828,72,1.84933846816421,70.1506615318358,0,C,12,2
13.0314131222502,72,1.90421545878053,11.1271976634696,1,I,13,2
8.39056643537906,72,1.96809250395745,6.42247393142161,1,C,14,2
21.3954972764867,59.6713562480485,2.23944805562496,19.1560492208617,1,I,15,2
21.4142423050067,72,2.2439339524135,19.1703083525932,1,C,16,2
143.251682678776,72,2.26857490371913,69.7314250962809,0,I,17,2
90.5653276922992,72,2.46331805828959,69.5366819417104,0,C,18,2
49.9913000874187,72,2.57112158462405,47.4201785027946,1,I,19,2
124.869287715504,72,2.63621876947582,69.3637812305242,0,C,20,2
41.5583469064928,72,2.92638720944524,38.6319596970475,1,I,21,2
24.5563995929674,72,3.26319885905832,21.2932007339091,1,C,22,2
81.7594826302161,72,3.94541915506125,68.0545808449388,0,I,23,2
34.2125867094157,72,4.01870314031839,30.1938835690973,1,C,24,2
38.9662566474461,72,4.04826873913407,34.917987908312,1,I,25,2
25.6662996396246,72,4.19077300932258,21.475526630302,1,C,26,2
52.7703776775969,72,4.37390007544309,48.3964776021538,1,I,27,2
94.5538984400961,72,4.43069653585553,67.5693034641445,0,C,28,2
19.0243235213167,72,4.94546395260841,14.0788595687083,1,I,29,2
78.7361837798282,72,4.96030240785331,67.0396975921467,0,C,30,2
11.6738916364715,72,5.03673129715025,6.63716033932123,1,I,31,2
122.440705212499,72,5.05686813499779,66.9431318650022,0,C,32,2
34.2873051045979,72,5.30436849687249,28.9829366077254,1,I,33,2
87.0033689673752,72,5.40181264746934,66.5981873525307,0,C,34,2
36.3659298466665,72,5.55420718621463,30.8117226604519,1,I,35,2
92.4198032259614,72,5.87265672627837,66.1273432737216,0,C,36,2
51.5487431553258,72,5.95333754550666,45.5954056098192,1,I,37,2
13.0539151884126,72,6.05449307709932,6.99942211131324,1,C,38,2
151.489491203518,72,6.30021277349442,65.6997872265056,0,I,39,2
15.5531755221145,72,6.47719447966665,9.07598104244787,1,C,40,2
8.48419992329434,38.8108731870522,6.56836779322475,1.91583213006959,1,I,41,2
9.17849227718071,72,6.69257795903832,2.48591431814239,1,C,42,2
72.6157426627846,72,7.01606785878539,64.9839321412146,0,I,43,2
73.0461339413936,72,7.14471583720297,64.855284162797,0,C,44,2
169.550554310457,72,7.24384216591716,64.7561578340828,0,I,45,2
71.384619199607,72,7.36220641527325,64.0224127843337,1,C,46,2
52.3876925328384,17.798402324029,7.55174766294658,10.2466546610824,0,I,47,2
95.2614303920672,72,8.11034758575261,63.8896524142474,0,C,48,2
37.3282095238791,72,8.36215396877378,28.9660555551053,1,I,49,2
55.105767320218,72,8.74657299835235,46.3591943218657,1,C,50,2
152.837799878984,72,8.81440870463848,63.1855912953615,0,I,51,2
9.4491979347429,72,9.11592474672943,0.33327318801347,1,C,52,2
31.4010290549722,72,9.1615772433579,22.2394518116143,1,I,53,2
92.2944670484794,72,9.42233974579722,62.5776602542028,0,C,54,2
56.2054207854935,72,9.46618775837123,46.7392330271223,1,I,55,2
80.2552393226728,72,9.55445351544768,62.4455464845523,0,C,56,2
38.5041822452291,72,9.73256992176175,28.7716123234674,1,I,57,2
70.7227005568343,72,9.7837662929669,60.9389342638674,1,C,58,2
26.1586261803381,72,9.86031016800553,16.2983160123326,1,I,59,2
110.86599972393,72,9.86092933919281,62.1390706608072,0,C,60,2
75.7940553117777,72,10.0229062093422,61.9770937906578,0,I,61,2
81.9113511539085,72,10.0880464632064,61.9119535367936,0,C,62,2
77.0335080768584,72,10.1099276449531,61.8900723550469,0,I,63,2
20.4371026663981,72,10.310385148041,10.1267175183571,1,C,64,2
78.9950974863917,72,10.377618628554,61.622381371446,0,I,65,2
16.098810662876,72,11.0002745781094,5.09853608476666,1,C,66,2
37.2694699105337,72,11.1436058906838,26.1258640198498,1,I,67,2
28.7613988360731,72,11.3860356342047,17.3753632018684,1,C,68,2
181.481260535336,29.3152562088996,11.4641245594248,17.8511316494748,0,I,69,2
62.4628718765395,72,11.494450061582,50.9684218149575,1,C,70,2
87.7867327148209,72,11.7122686374933,60.2877313625068,0,I,71,2
60.2170564827286,72,11.8624321231619,48.3546243595668,1,C,72,2
15.570015019789,72,11.9185772258788,3.65143779391014,1,I,73,2
39.1001400341313,72,12.1399157121778,26.9602243219535,1,C,74,2
198.450999116687,72,12.1553024277091,59.8446975722909,0,I,75,2
12.4413753384935,72,12.184705263935,0.256670074558419,1,C,76,2
12.5119656115468,69.5260188031362,12.4734642449766,0.0385013665701661,1,I,77,2
372.663282023918,72,12.9289258411154,59.0710741588846,0,C,78,2
56.5286037602011,72,13.3377320738509,43.1908716863501,1,I,79,2
123.514816692674,72,13.4434148669243,58.5565851330757,0,C,80,2
15.0969473457637,72,13.4739914629608,1.62295588280286,1,I,81,2
234.083164074982,72,13.5007076896727,58.4992923103273,0,C,82,2
330.74003450466,72,13.9295615628362,58.0704384371638,0,I,83,2
56.8167046505194,54.2029406964459,14.3213123688474,39.8816283275985,0,C,84,2
137.542378324703,72,14.4285201793537,57.5714798206464,0,I,85,2
135.024110662408,72,14.5085901254788,57.4914098745212,0,C,86,2
15.8342152332616,72,14.6532945614308,1.1809206718308,1,I,87,2
36.0726167900524,72,15.0212944904342,21.0513222996181,1,C,88,2
116.789058403153,72,15.0684312265366,56.9315687734634,0,I,89,2
103.799046019811,72,15.4674970591441,56.5325029408559,0,C,90,2
208.194301877937,72,15.7383989123628,56.2616010876373,0,I,91,2
182.739567674476,72,16.1628685053438,55.8371314946562,0,C,92,2
118.516319335464,72,16.1869378807023,55.8130621192977,0,I,93,2
35.9104745163829,72,16.4522000122815,19.4582745041013,1,C,94,2
33.0040794060123,72,16.5745148761198,16.4295645298925,1,I,95,2
91.6736882908942,72,16.6513214400038,55.3486785599962,0,C,96,2
42.6347023045271,72,16.7913769232109,25.8433253813162,1,I,97,2
22.0944777180145,72,16.810361277312,5.2841164407025,1,C,98,2
41.332011299682,72,16.9079712918028,24.4240400078792,1,I,99,2
48.1310362023025,72,17.3813527682796,30.7496834340229,1,C,100,2
56.3097154372028,72,17.4227199610323,38.8869954761705,1,I,101,2
126.223902967459,72,17.6408387068659,54.3591612931341,0,C,102,2
34.5273880811644,72,17.8964746277779,16.6309134533865,1,I,103,2
73.1136494188977,72,17.9975074343383,54.0024925656617,0,C,104,2
41.273786274968,72,18.187090116553,23.0866961584149,1,I,105,2
91.1523799791602,72,18.2875129580498,53.7124870419502,0,C,106,2
72.4015011929384,72,18.3509437786415,53.6490562213585,0,I,107,2
71.9804052226602,72,18.3627037284896,53.6177014941706,1,C,108,2
177.475516336522,72,18.4723184164613,53.5276815835387,0,I,109,2
304.249231387103,72,18.7310859002173,53.2689140997827,0,C,110,2
42.9065912826365,72,18.8486263342202,24.0579649484164,1,I,111,2
80.9495989632393,72,18.9507090579718,53.0492909420282,0,C,112,2
46.8617259004479,72,19.1381730046123,27.7235528958355,1,I,113,2
31.3753408760775,72,19.2265480617061,12.1487928143714,1,C,114,2
27.693793054877,72,19.2671636212617,8.42662943361527,1,I,115,2
249.458043591016,72,19.4448464037851,52.555153596215,0,C,116,2
82.1568589862528,72,19.6949823154137,52.3050176845864,0,I,117,2
45.1825960259715,72,20.1459274627268,25.0366685632446,1,C,118,2
92.7815033525231,72,20.1563757704571,51.8436242295429,0,I,119,2
143.42026327483,72,20.1614537648857,51.8385462351143,0,C,120,2
131.805886045452,72,20.6070798682049,51.3929201317951,0,I,121,2
51.0668873159772,72,20.8090118039399,30.2578755120373,1,C,122,2
29.0584423577601,72,21.1654139589518,7.89302839880828,1,I,123,2
71.7538914064974,72,21.8899403465912,49.8639510599062,1,C,124,2
78.655495357958,72,22.0113932294771,49.9886067705229,0,I,125,2
22.7410593019059,72,22.5846224371344,0.156436864771554,1,C,126,2
42.7859390350988,72,22.6642339350656,20.1217051000332,1,I,127,2
26.4917200556509,72,22.7624917868525,3.72922826879839,1,C,128,2
62.4594793978953,72,22.8197130421177,39.6397663557776,1,I,129,2
32.6112683869585,72,22.8715856652707,9.73968272168777,1,C,130,2
131.551022015168,72,23.0550217581913,48.9449782418087,0,I,131,2
51.1543243145722,72,23.3390059461817,27.8153183683904,1,C,132,2
126.800125638905,72,23.3593287505209,48.6406712494791,0,I,133,2
23.7152544825595,72,23.4756692592055,0.23958522335402,1,C,134,2
145.880561244635,72,23.6502195009962,48.3497804990038,0,I,135,2
52.9983084065397,72,24.2604558169842,28.7378525895555,1,C,136,2
32.6718704039266,72,24.4073141226545,8.26455628127208,1,I,137,2
73.4552510670773,72,24.4318525772542,47.5681474227458,0,C,138,2
83.8041172776911,31.2163336895043,24.4839172856882,6.73241640381612,0,I,139,2
129.076132785615,72,24.6049334574491,47.3950665425509,0,C,140,2
169.957678547034,72,24.9348327470943,47.0651672529057,0,I,141,2
115.540518919195,72,25.1631625927985,46.8368374072015,0,C,142,2
37.297607265129,72,25.1637436822057,12.1338635829233,1,I,143,2
109.523962303577,72,25.3978357370943,46.6021642629057,0,C,144,2
128.868778862968,72,25.4589585028589,46.5410414971411,0,I,145,2
89.9914553148311,72,25.5878955870867,46.4121044129133,0,C,146,2
54.191562808559,72,25.9430705476552,28.2484922609038,1,I,147,2
66.8836583102003,72,26.0721191111952,40.8115391990051,1,C,148,2
33.4941812688659,72,26.0771570261568,7.41702424270909,1,I,149,2
67.8350994521666,72,26.1050345795229,41.7300648726437,1,C,150,2
63.697138585996,72,26.7715372284874,36.9256013575086,1,I,151,2
83.9151993705732,72,26.8914366234094,45.1085633765906,0,C,152,2
67.7190758445398,72,27.4078772217035,40.3111986228363,1,I,153,2
57.4766964676448,72,27.5480679469183,29.9286285207265,1,C,154,2
63.7071380717252,72,27.8303736448288,35.8767644268964,1,I,155,2
165.846436113148,72,27.8986855130643,44.1013144869357,0,C,156,2
82.96096803297,72,28.4800643054768,43.5199356945232,0,I,157,2
53.8701559071371,72,28.4868113463745,25.3833445607626,1,C,158,2
112.547198245093,72,28.5801773797721,43.4198226202279,0,I,159,2
51.6213126070158,72,28.643154152669,22.9781584543468,1,C,160,2
29.7696092382463,72,28.739089476876,1.03051976137029,1,I,161,2
111.145170728694,72,28.8978445110843,43.1021554889157,0,C,162,2
40.128734955011,72,28.9776375051588,11.1510974498522,1,I,163,2
108.564735051146,72,28.9964296342805,43.0035703657195,0,C,164,2
82.9618124285178,72,29.0666869981214,42.9333130018786,0,I,165,2
145.884930726936,72,29.2416207538918,42.7583792461082,0,C,166,2
221.887591672156,72,29.4590569334105,42.5409430665895,0,I,167,2
68.2467077859537,72,29.4881504354998,38.7585573504539,1,C,168,2
98.7369100319409,72,29.5141456509009,42.4858543490991,0,I,169,2
48.9579859143897,72,29.5800118334591,19.3779740809305,1,C,170,2
75.401597922246,72,29.9730413267389,42.0269586732611,0,I,171,2
36.2307445313629,72,30.0045873876661,6.22615714369677,1,C,172,2
213.608423774217,72,30.1660965336487,41.8339034663513,0,I,173,2
108.47669747595,72,30.1999925449491,41.8000074550509,0,C,174,2
43.205711729666,72,30.2865998866037,12.9191118430623,1,I,175,2
39.4753170243219,72,31.0508224787191,8.4244945456028,1,C,176,2
33.7574666607818,72,31.5535344695672,2.2039321912146,1,I,177,2
52.1306409751922,72,31.6350405290723,20.4956004461199,1,C,178,2
34.4641539720438,72,31.7097614658996,2.75439250614413,1,I,179,2
55.6421010193052,72,31.7178009124473,23.9243001068579,1,C,180,2
94.6463094812392,72,31.8137168884277,40.1862831115723,0,I,181,2
48.9864496429075,72,31.9601995311677,17.0262501117397,1,C,182,2
52.128915538091,72,32.0266538439319,20.1022616941592,1,I,183,2
42.5984578647345,72,32.0825153030455,10.5159425616889,1,C,184,2
43.801052806639,72,32.1692832978442,11.6317695087948,1,I,185,2
106.991793305835,72,32.1753335371614,39.8246664628387,0,C,186,2
85.4975314622032,55.7132334976477,32.1906151715666,23.5226183260811,0,I,187,2
119.720109138041,72,32.4616444017738,39.5383555982262,0,C,188,2
68.6966904585287,72,32.6812487281859,36.0154417303428,1,I,189,2
105.501081543252,72,32.8934123832732,39.1065876167268,0,C,190,2
70.5692825545192,72,33.3333473699167,37.2359351846024,1,I,191,2
108.150020200796,72,33.5042331274599,38.4957668725401,0,C,192,2
47.2869517915451,72,33.6625681305304,13.6243836610146,1,I,193,2
67.4908817062283,72,33.7735585821793,33.717323124049,1,C,194,2
36.277765300469,72,33.791257920675,2.48650737979398,1,I,195,2
70.8951914807737,72,33.8808934623376,37.0142980184361,1,C,196,2
75.3160812714613,72,34.001649194397,37.998350805603,0,I,197,2
52.8261970848037,72,34.2361207399517,18.590076344852,1,C,198,2
35.5870646566052,72,34.29617151618,1.29089314042518,1,I,199,2
107.960415569655,72,34.339530360885,37.660469639115,0,C,200,2
223.140668349202,72,34.457421451807,37.542578548193,0,I,201,2
163.411984732143,72,34.5865960931405,37.4134039068595,0,C,202,2
83.3365634291971,72,34.6163754025474,37.3836245974526,0,I,203,2
77.7986885396951,72,34.73873836454,37.26126163546,0,C,204,2
90.7273221235052,72,35.3371496731415,36.6628503268585,0,I,205,2
108.451651915147,72,35.377171500586,36.622828499414,0,C,206,2
47.5955734701454,72,35.4093174543232,12.1862560158222,1,I,207,2
74.7515752557703,72,35.4532369226217,36.5467630773783,0,C,208,2
38.3601511104852,72,35.7403560401872,2.61979507029801,1,I,209,2
45.7792167196229,72,35.9720491524786,9.80716756714436,1,C,210,2
92.4283110298478,72,36.3854044117034,35.6145955882967,0,I,211,2
49.9183017203655,72,36.453726394102,13.4645753262635,1,C,212,2
52.3635281519603,72,36.486874348484,15.8766538034763,1,I,213,2
105.996080737943,72,36.5178007911891,35.4821992088109,0,C,214,2
150.083999020822,57.1833430956602,36.549379164353,20.6339639313072,0,I,215,2
60.0417075985866,72,36.5682581020519,23.4734494965347,1,C,216,2
157.057936880705,72,36.9620313635096,35.0379686364904,0,I,217,2
187.44066876636,72,37.319118543528,34.680881456472,0,C,218,2
146.025420984391,72,37.3520197207108,34.6479802792892,0,I,219,2
141.981870678979,72,37.6714175054804,34.3285824945197,0,C,220,2
98.8684480025958,72,37.893773233518,34.106226766482,0,I,221,2
63.4197106973633,72,37.9399745631963,25.479736134167,1,C,222,2
50.6876995204088,72,38.018641169183,12.6690583512258,1,I,223,2
67.7430438098333,72,38.2335445191711,29.5094992906622,1,C,224,2
74.2299132371139,72,38.3779471786693,33.6220528213307,0,I,225,2
124.147486526438,72,38.3921751799062,33.6078248200938,0,C,226,2
101.845486415865,72,38.4419090067968,33.5580909932032,0,I,227,2
116.249195482998,72,38.5343849379569,33.4656150620431,0,C,228,2
40.8932516340712,72,38.5943184094504,2.29893322462087,1,I,229,2
60.621743393198,72,38.7187235383317,21.9030198548663,1,C,230,2
59.9476708188848,72,38.808709946461,21.1389608724238,1,I,231,2
152.227203675804,72,38.8956959964708,33.1043040035293,0,C,232,2
52.8183319935802,72,38.9949724311009,13.8233595624792,1,I,233,2
47.0326629896823,72,39.0153669705614,8.01729601912087,1,C,234,2
232.071505868156,72,39.1290040500462,32.8709959499538,0,I,235,2
50.8110975437859,72,39.1762774949893,11.6348200487966,1,C,236,2
40.672646485566,72,39.2166952975094,1.45595118805658,1,I,237,2
57.9900652809949,72,39.4889904744923,18.5010748065026,1,C,238,2
182.573213448391,72,39.6133014606312,32.3866985393688,0,I,239,2
124.410870507415,72,39.776596147567,32.223403852433,0,C,240,2
42.7489075154144,72,39.8036411963403,2.9452663190741,1,I,241,2
42.1348574788736,72,39.9160834774375,2.21877400143607,1,C,242,2
131.590312894514,72,39.9838056229055,32.0161943770945,0,I,243,2
177.200230845486,72,39.9927042983472,32.0072957016528,0,C,244,2
117.546548880861,72,40.0739541370422,31.9260458629578,0,I,245,2
111.422665516052,72,40.3368686093017,31.6631313906983,0,C,246,2
66.3409154247079,72,40.6733634369448,25.6675519877631,1,I,247,2
69.3019762344606,72,40.694265794009,28.6077104404516,1,C,248,2
300.588435436126,72,40.862760390155,31.137239609845,0,I,249,2
62.8645057898897,72,40.9111422998831,21.9533634900067,1,C,250,2
88.0690523366229,72,41.1900036083534,30.8099963916466,0,I,251,2
130.481217428508,72,41.635318826884,30.364681173116,0,C,252,2
87.6229085850048,72,41.7239350173622,30.2760649826378,0,I,253,2
173.35567091987,72,41.887274030596,30.112725969404,0,C,254,2
221.483206614488,72,41.9892421457917,30.0107578542084,0,I,255,2
54.0118655904134,72,42.1263845684007,11.8854810220127,1,C,256,2
59.8395108120766,72,42.3357211891562,17.5037896229204,1,I,257,2
175.206695028914,72,42.7709564147517,29.2290435852483,0,C,258,2
117.514286828963,72,42.8018352622166,29.1981647377834,0,I,259,2
197.223180188049,72,43.0449264356867,28.9550735643134,0,C,260,2
63.5848111627942,72,43.0742490710691,20.5105620917251,1,I,261,2
184.056083938468,72,43.1669383775443,28.8330616224557,0,C,262,2
46.0144223554333,72,43.5427521821111,2.47167017332211,1,I,263,2
50.1524898738313,72,43.6805631732568,6.4719267005745,1,C,264,2
213.833395363381,72,44.2736247042194,27.7263752957806,0,I,265,2
130.457789105254,72,44.4069895148277,27.5930104851723,0,C,266,2
144.337701542095,72,44.7517334902659,27.2482665097341,0,I,267,2
63.943030102437,72,44.7691822936758,19.1738478087612,1,C,268,2
96.2654550525925,72,45.8062002807856,26.1937997192144,0,I,269,2
219.242600522993,72,45.9219565289095,26.0780434710905,0,C,270,2
159.692776094791,72,45.9377859905362,26.0622140094638,0,I,271,2
64.1460148578759,72,46.3102346705273,17.8357801873487,1,C,272,2
49.4918180179692,72,46.4535674778745,3.03825054009469,1,I,273,2
87.3832793266359,72,46.4975167158991,25.5024832841009,0,C,274,2
117.185200911368,72,46.6547916037962,25.3452083962038,0,I,275,2
89.5870567038199,72,46.9616042124108,25.0383957875893,0,C,276,2
63.3156802139048,72,47.5092937191948,15.80638649471,1,I,277,2
92.9471268317466,72,47.6933329179883,24.3066670820117,0,C,278,2
77.7830321351871,72,47.8109224978834,24.1890775021166,0,I,279,2
48.6270577373225,72,47.8566135233268,0.770444213995723,1,C,280,2
111.771053003727,72,48.0323850363493,23.9676149636507,0,I,281,2
198.069819564786,72,48.0686770705506,23.9313229294494,0,C,282,2
81.0102689914413,72,48.548740404658,23.451259595342,0,I,283,2
187.39939466651,72,48.6641234485433,23.3358765514568,0,C,284,2
69.2577761168372,72,49.0842374553904,20.1735386614468,1,I,285,2
139.700900658278,72,49.2898594262078,22.7101405737922,0,C,286,2
260.261620152589,72,49.3288786942139,22.6711213057861,0,I,287,2
174.046916785862,72,49.4124595681205,22.5875404318795,0,C,288,2
77.9901212240281,72,49.417066751048,22.582933248952,0,I,289,2
239.82290531578,72,49.4909277325496,22.5090722674504,0,C,290,2
72.7894245140297,72,49.6053336421028,22.3946663578972,0,I,291,2
59.8756599208285,72,49.7563869226724,10.1192729981561,1,C,292,2
58.7520308101284,72,50.06716478616,8.6848660239684,1,I,293,2
113.742638095312,72,50.2327703079209,21.7672296920791,0,C,294,2
186.33071891534,72,50.5331723531708,21.4668276468292,0,I,295,2
158.152317440705,72,50.5554375238717,21.4445624761283,0,C,296,2
171.647989869537,72,50.7327892351896,21.2672107648104,0,I,297,2
114.843069277752,72,50.7376765832305,21.2623234167695,0,C,298,2
60.154600336796,72,50.9206415293738,9.23395880742218,1,I,299,2
52.3182837902932,72,50.9836722677574,1.33461152253579,1,C,300,2
59.0486180095004,72,51.0048017743975,8.04381623510287,1,I,301,2
53.929428765323,72,51.3568758079782,2.57255295734481,1,C,302,2
118.93559917119,72,51.5201037190855,20.4798962809145,0,I,303,2
70.5163297353686,72,51.5288423839957,18.9874873513729,1,C,304,2
96.7537204228785,72,51.6666108928621,20.3333891071379,0,I,305,2
55.4650522698443,72,52.2771709458903,3.18788132395404,1,C,306,2
278.967067483588,72,52.9278872162104,19.0721127837896,0,I,307,2
98.3328497836344,72,53.0327664641663,18.9672335358337,0,C,308,2
149.142093277103,72,53.3514831215143,18.6485168784857,0,I,309,2
55.7682378584362,72,53.4974340582266,2.27080380020959,1,C,310,2
195.007125703267,72,53.786890860647,18.213109139353,0,I,311,2
241.359961739659,72,53.9941868791357,18.0058131208643,0,C,312,2
149.200956048463,72,54.0179299330339,17.9820700669661,0,I,313,2
113.394545398153,72,54.0500372601673,17.9499627398327,0,C,314,2
156.904240332335,72,54.2598046688363,17.7401953311637,0,I,315,2
63.0716195964825,72,54.3989586504176,8.67266094606488,1,C,316,2
111.026119926089,72,54.7595414752141,17.2404585247859,0,I,317,2
142.225756594471,72,54.987906483002,17.012093516998,0,C,318,2
151.002138280906,72,55.3713247971609,16.6286752028391,0,I,319,2
128.123786502034,72,55.8091095322743,16.1908904677257,0,C,320,2
61.3308658036529,72,55.8966192416847,5.43424656196817,1,I,321,2
81.0456399636244,72,55.9695911966264,16.0304088033736,0,C,322,2
95.4815456901932,72,56.4776677452028,15.5223322547972,0,I,323,2
89.7419287858694,72,56.7943256814033,15.2056743185967,0,C,324,2
69.601038334889,72,56.9952446082607,12.6057937266283,1,I,325,2
149.297668825268,72,57.0888460893184,14.9111539106816,0,C,326,2
177.288905794104,72,57.1720027271658,14.8279972728342,0,I,327,2
76.1429378196104,72,57.1918190689758,14.8081809310243,0,C,328,2
93.3175085069603,72,57.2081338148564,14.7918661851436,0,I,329,2
107.109096756126,72,57.4240702204406,14.5759297795594,0,C,330,2
61.324257503368,72,57.4691358581185,3.85512164524951,1,I,331,2
156.779059504943,72,57.5017649168149,14.4982350831851,0,C,332,2
63.3400009306751,72,57.8152335528284,5.52476737784666,1,I,333,2
230.608864734774,72,57.9421411687508,14.0578588312492,0,C,334,2
206.686889264476,72,58.2539469050244,13.7460530949757,0,I,335,2
70.4949556887974,72,58.435467062518,12.0594886262794,1,C,336,2
65.8845484610227,72,58.5664471238852,7.3181013371375,1,I,337,2
116.348727829707,72,58.5838744277135,13.4161255722865,0,C,338,2
95.8674322116354,72,58.68961667642,13.31038332358,0,I,339,2
99.7033821922912,72,58.7949780933559,13.2050219066441,0,C,340,2
70.4903577793345,72,58.8349314127117,11.6554263666227,1,I,341,2
59.3962530877261,72,58.9292328804731,0.467020207252933,1,C,342,2
75.7209522628127,72,59.0076024457812,12.9923975542188,0,I,343,2
198.389172181341,72,59.0615742467344,12.9384257532656,0,C,344,2
79.0584218828755,72,59.4984209630638,12.5015790369362,0,I,345,2
94.841005127051,72,59.8213063180447,12.1786936819553,0,C,346,2
227.015389386203,72,59.8751312540844,12.1248687459156,0,I,347,2
146.44213402752,72,59.9191145226359,12.0808854773641,0,C,348,2
138.322328956983,72,59.9428234621882,12.0571765378118,0,I,349,2
22.7713858678866,72,0.219684583134949,22.5517012847516,1,C,1,3
69.6494742569103,72,0.440439619123936,69.2090346377863,1,I,2,3
7.18676366673126,72,0.521293189376593,6.66547047735467,1,C,3,3
80.2586565011615,72,0.767831378616393,71.2321686213836,0,I,4,3
32.8716077743696,72,0.806230162270367,32.0653776120992,1,C,5,3
65.0085040307902,72,0.817790301516652,64.1907137292736,1,I,6,3
38.5541282199715,72,0.935842199251056,37.6182860207204,1,C,7,3
4.29422522664054,72,1.02537448983639,3.26885073680414,1,I,8,3
44.6674443011573,72,1.14321238361299,43.5242319175444,1,C,9,3
147.519576653525,72,1.15735322702676,70.8426467729732,0,I,10,3
44.843459889643,72,1.1959615861997,43.6474983034433,1,C,11,3
21.5078341942094,50.9401228704787,1.21384068857878,20.2939935056306,1,I,12,3
15.7182469250512,72,1.25148614868522,14.466760776366,1,C,13,3
79.0751294354233,72,1.43700103741139,70.5629989625886,0,I,14,3
38.9005431223723,18.7346120778757,1.55259284656495,17.1820192313107,0,C,15,3
35.3319388173433,72,2.07619147840887,33.2557473389344,1,I,16,3
23.9980962954266,72,2.14533357415348,21.8527627212732,1,C,17,3
52.7825591540644,72,2.15992097742856,50.6226381766358,1,I,18,3
66.5262563435102,72,2.50533000100404,64.0209263425062,1,C,19,3
44.0711652414244,72,2.55959497299045,41.5115702684339,1,I,20,3
147.404140124858,72,2.96819192357361,69.0318080764264,0,C,21,3
140.932118396482,72,3.03805283736438,68.9619471626356,0,I,22,3
58.7086534501671,72,3.61873264890164,55.0899208012654,1,C,23,3
114.469693974051,72,4.05208127573133,67.9479187242687,0,I,24,3
11.3692497642283,72,4.1601975588128,7.20905220541552,1,C,25,3
129.893183985989,72,4.16390297468752,67.8360970253125,0,I,26,3
76.2734266848489,72,4.24738302826881,67.7526169717312,0,C,27,3
46.8170912586803,22.9701064206207,4.33023355901241,18.6398728616083,0,I,28,3
46.7085091735827,72,4.33983076829463,42.3686784052881,1,C,29,3
39.7205921718044,72,4.38244708813727,35.3381450836671,1,I,30,3
5.84140303976115,61.6162341927466,4.43898200523108,1.40242103453007,1,C,31,3
6.09009914573658,72,4.71759034786373,1.37250879787285,1,I,32,3
144.244695521966,72,4.8859058925882,67.1140941074118,0,C,33,3
66.5116164086458,72,5.11259394697845,61.3990224616674,1,I,34,3
26.6235649989075,72,5.18010746687651,21.443457532031,1,C,35,3
8.97440845321314,64.8839043440349,5.66300482023507,3.31140363297806,1,I,36,3
44.8968188898833,72,5.77562618069351,39.1211927091898,1,C,37,3
92.440704082444,72,6.30294252187014,65.6970574781299,0,I,38,3
28.8079044450245,72,6.73523948527873,22.0726649597458,1,C,39,3
23.238211145639,72,6.79304652381688,16.4451646218221,1,I,40,3
47.8025478970369,72,7.13452618103474,40.6680217160021,1,C,41,3
67.0262487584775,72,7.14210222009569,59.8841465383818,1,I,42,3
130.517297478245,72,7.56670417729765,64.4332958227024,0,C,43,3
16.3867725920198,72,7.61192779988051,8.77484479213929,1,I,44,3
79.3720223089494,72,8.02434808574617,63.9756519142538,0,C,45,3
30.0151011778049,72,8.07239583693445,21.9427053408704,1,I,46,3
118.52831581366,72,8.40324237942696,63.5967576205731,0,C,47,3
36.1683335469823,72,8.48935711663216,27.6789764303501,1,I,48,3
22.3999242512567,72,8.49113783799112,13.9087864132656,1,C,49,3
136.803681449801,72,8.49446274340153,63.5055372565985,0,I,50,3
77.7994637153438,72,8.75705671962351,63.2429432803765,0,C,51,3
82.6511470155467,72,8.7608459405601,63.2391540594399,0,I,52,3
208.371018746608,72,8.92173377797008,63.0782662220299,0,C,53,3
26.6315034994457,72,9.79126908816397,16.8402344112817,1,I,54,3
118.002124997605,72,10.4166414448991,61.5833585551009,0,C,55,3
55.7926948700314,72,10.5470169894397,45.2456778805917,1,I,56,3
21.5232060928628,36.2617767743845,10.7705854391679,10.7526206536949,1,C,57,3
34.2291386804922,72,10.7716219313443,23.4575167491479,1,I,58,3
62.3905589355345,72,11.228892034851,51.1616669006834,1,C,59,3
51.946731754316,72,11.376183447428,40.5705483068879,1,I,60,3
105.797579085363,72,11.6225417191163,60.3774582808837,0,C,61,3
72.8499327112965,72,11.7038037115708,60.2961962884292,0,I,62,3
106.250935590233,72,12.5917999818921,59.4082000181079,0,C,63,3
21.8979210951017,72,12.6832769438624,9.21464415123929,1,I,64,3
97.1918119708547,72,12.9444008460268,59.0555991539732,0,C,65,3
20.7359118939685,72,13.2236925372854,7.5122193566831,1,I,66,3
63.9886141186138,72,13.3039430715144,50.6846710470994,1,C,67,3
42.1889156304212,72,13.3632793044671,28.8256363259541,1,I,68,3
24.2208040716959,72,13.4638078138232,10.7569962578727,1,C,69,3
16.5689725937164,72,13.5670378385112,3.00193475520519,1,I,70,3
14.4164860146077,72,14.3363660573959,0.0801199572117202,1,C,71,3
49.3788748458433,72,14.8353703552857,34.5435044905576,1,I,72,3
68.3407413073987,72,15.1428561564535,53.1978851509452,1,C,73,3
27.8312544461222,72,15.1555381296203,12.675716316502,1,I,74,3
37.8611803493104,72,15.332842329517,22.5283380197934,1,C,75,3
32.5628879089404,72,15.4683320922777,17.0945558166627,1,I,76,3
49.2469236698889,72,15.9153151139617,33.3316085559272,1,C,77,3
55.2041435253414,72,16.0558826336637,39.1482608916777,1,I,78,3
98.5469345518066,72,16.0744314361364,55.9255685638636,0,C,79,3
81.0165018293424,72,16.0944452136755,55.9055547863245,0,I,80,3
36.5365610707549,72,16.4633831894025,20.0731778813523,1,C,81,3
30.436082536771,72,18.1253450503573,12.3107374864137,1,I,82,3
20.626637121765,72,18.1536276033148,2.47300951845023,1,C,83,3
239.895647550836,38.1144556810726,18.3351815398783,19.7792741411943,0,I,84,3
62.6793973930106,72,18.5853431001306,44.0940542928801,1,C,85,3
284.479755887195,72,18.6826084507629,53.3173915492371,0,I,86,3
57.1367196490881,72,18.959459415637,38.1772602334512,1,C,87,3
50.1120283405883,72,19.9777970742434,30.1342312663448,1,I,88,3
76.8331319008385,72,20.175906275399,51.824093724601,0,C,89,3
77.9669745586373,72,20.3159870579839,51.6840129420161,0,I,90,3
111.839907370142,72,20.4328231327236,51.5671768672764,0,C,91,3
32.9625843856435,72,20.4637707257643,12.4988136598792,1,I,92,3
69.3569434307469,72,20.5449330434203,48.8120103873266,1,C,93,3
121.778139102117,72,21.4624937949702,50.5375062050298,0,I,94,3
45.8991739903879,72,21.5120219578967,24.3871520324912,1,C,95,3
27.7853434354226,72,21.5577702177688,6.22757321765378,1,I,96,3
44.3888666425969,72,21.6972394566983,22.6916271858986,1,C,97,3
156.152024301656,72,22.020226623863,49.979773376137,0,I,98,3
68.7010398384646,72,22.2098615951836,46.491178243281,1,C,99,3
69.6251649279169,72,22.2619286924601,47.3632362354568,1,I,100,3
84.4645016319405,72,22.5110986316577,49.4889013683423,0,C,101,3
116.038958240481,72,22.548042065464,49.451957934536,0,I,102,3
110.013281788866,72,23.6058568255976,48.3941431744024,0,C,103,3
31.2457089714557,23.755831310693,23.6387148220092,0.117116488683759,0,I,104,3
299.184248241605,72,23.6596423806623,48.3403576193377,0,C,105,3
190.069428600319,72,23.7384222541004,48.2615777458996,0,I,106,3
47.076834955847,52.9242408907204,23.880764641799,23.196070314048,1,C,107,3
46.5012657439326,72,23.9109936542809,22.5902720896517,1,I,108,3
47.7137497843334,72,24.0180863812566,23.6956634030768,1,C,109,3
67.3692715196564,72,24.0626498451456,43.3066216745107,1,I,110,3
89.611605804488,72,24.4268431188539,47.5731568811461,0,C,111,3
129.756729896573,72,24.565693619661,47.434306380339,0,I,112,3
40.1319864270665,72,25.0203600525856,15.1116263744808,1,C,113,3
76.4275462793793,40.6710936183801,25.0873109372333,15.5837826811469,0,I,114,3
61.2796750077772,72,25.1158331008628,36.1638419069144,1,C,115,3
90.3576959618046,72,25.3203536616638,46.6796463383362,0,I,116,3
26.8668852830153,72,25.9357073530555,0.93117792995984,1,C,117,3
56.7402430015075,72,26.1786235123873,30.5616194891202,1,I,118,3
27.8657190306386,72,26.2623297516257,1.60338927901296,1,C,119,3
135.323646703618,72,26.4742581406608,45.5257418593392,0,I,120,3
55.4801869816605,72,27.2071033297107,28.2730836519499,1,C,121,3
73.0876904229514,72,27.5026446254924,44.4973553745076,0,I,122,3
65.551098914424,72,27.715017227456,37.836081686968,1,C,123,3
146.960850497444,72,27.9954790463671,44.0045209536329,0,I,124,3
63.4819264606914,72,28.0642337165773,35.4176927441141,1,C,125,3
51.5108412206737,72,28.232963019982,23.2778782006917,1,I,126,3
81.6666892540002,72,28.2739199325442,43.7260800674558,0,C,127,3
39.6450748968836,72,28.2825809530914,11.3624939437922,1,I,128,3
250.263136458708,72,28.3694350579754,43.6305649420247,0,C,129,3
40.4526543965642,72,28.4429091727361,12.0097452238281,1,I,130,3
88.6993853874704,72,28.689346848987,43.310653151013,0,C,131,3
39.8786536583844,72,29.1736468439922,10.7050068143922,1,I,132,3
32.3716724325196,52.1109396555789,29.8840104136616,2.48766201885798,1,C,133,3
66.7632909873793,72,29.9277618527412,36.835529134638,1,I,134,3
88.4202681982329,72,29.9396872054786,42.0603127945215,0,C,135,3
61.7433981144363,72,30.1069998694584,31.636398244978,1,I,136,3
75.8954525962542,72,30.3765649069101,41.6234350930899,0,C,137,3
45.7436496816157,72,30.410604570061,15.3330451115547,1,I,138,3
123.054349397275,72,30.4257057700306,41.5742942299694,0,C,139,3
94.3114370206328,72,30.6526851793751,41.3473148206249,0,I,140,3
135.301736647207,72,30.7860926678404,41.2139073321596,0,C,141,3
39.6297010563879,72,30.7898844452575,8.83981661113039,1,I,142,3
103.450954746392,72,31.0230356734246,40.9769643265754,0,C,143,3
33.2810903084854,72,31.4182361634448,1.86285414504058,1,I,144,3
54.8791316002899,72,31.5578559273854,23.3212756729045,1,C,145,3
63.2125892628336,72,31.5807484695688,31.6318407932648,1,I,146,3
60.2963447697447,72,31.8895666860044,28.4067780837403,1,C,147,3
66.4973641383471,72,32.1387114794925,34.3586526588546,1,I,148,3
39.2853931673686,72,32.3898174986243,6.89557566874427,1,C,149,3
119.821664596135,72,32.4534130934626,39.5465869065374,0,I,150,3
147.049293411345,72,32.4934426741675,39.5065573258326,0,C,151,3
33.669768120658,72,32.5545804854482,1.11518763520974,1,I,152,3
287.48395197469,72,32.5615740939975,39.4384259060025,0,C,153,3
66.4177017349547,72,32.7887440379709,33.6289576969838,1,I,154,3
69.4301251176773,72,33.1309341453016,36.2991909723757,1,C,155,3
87.6679204939629,72,33.1768221175298,38.8231778824702,0,I,156,3
241.719528019828,72,33.1861703144386,38.8138296855614,0,C,157,3
157.253095076416,72,33.2587759383023,38.7412240616977,0,I,158,3
171.820590927939,72,33.2614380307496,38.7385619692504,0,C,159,3
142.077303443949,72,33.3835028065369,38.6164971934632,0,I,160,3
96.3521762686062,72,33.5626461077482,38.4373538922519,0,C,161,3
84.3451768441188,72,34.0772083494812,37.9227916505188,0,I,162,3
146.99148827996,72,34.1851051524282,37.8148948475719,0,C,163,3
498.425531443823,72,34.4813827285543,37.5186172714457,0,I,164,3
76.2110160182007,72,34.7384099895135,37.2615900104865,0,C,165,3
98.7521604960286,72,34.8280855827034,37.1719144172967,0,I,166,3
43.4324530804306,72,34.8974510421976,8.53500203823297,1,C,167,3
42.6380143072162,72,35.1003310130909,7.53768329412534,1,I,168,3
70.0362100288259,72,35.1232111360878,34.9129988927381,1,C,169,3
131.874030907655,72,35.7143443264067,36.2856556735933,0,I,170,3
110.776758951096,72,35.8331073727459,36.1668926272541,0,C,171,3
82.5136541983009,72,35.9112479444593,36.0887520555407,0,I,172,3
125.99710648826,72,36.0433831717819,35.9566168282181,0,C,173,3
38.3326037759816,72,36.4220898644999,1.91051391148173,1,I,174,3
51.043008557553,72,36.5186673402786,14.5243412172743,1,C,175,3
41.3677046572587,72,36.7828049976379,4.58489965962079,1,I,176,3
67.7692755009836,72,37.1897002262995,30.5795752746841,1,C,177,3
160.447991016588,72,37.1949777239934,34.8050222760066,0,I,178,3
72.1530571751268,72,37.2263794904575,34.7736205095425,0,C,179,3
56.1602712381344,72,37.2398100653663,18.920461172768,1,I,180,3
40.0173703309284,72,37.2793302778155,2.73804005311298,1,C,181,3
132.359483914794,72,37.3700088774785,34.6299911225215,0,I,182,3
51.045490034862,72,37.6527997618541,13.3926902730079,1,C,183,3
56.3699193635636,72,37.8129134746268,18.5570058889367,1,I,184,3
54.5829233541578,72,37.8441230999306,16.7388002542273,1,C,185,3
140.289894804283,72,38.9052878832445,33.0947121167555,0,I,186,3
41.7821542777164,72,39.0405924059451,2.74156187177135,1,C,187,3
41.7232511826704,72,39.0844338806346,2.63881730203581,1,I,188,3
74.7215915092222,72,40.0732788350433,31.9267211649567,0,C,189,3
44.3149855181538,72,40.2728127362207,4.04217278193316,1,I,190,3
61.1664575241312,72,40.4849194223061,20.6815381018251,1,C,191,3
41.1456895845313,72,40.6356512010098,0.510038383521575,1,I,192,3
183.089560671372,72,40.6704489234835,31.3295510765165,0,C,193,3
51.258258949768,72,40.697442018427,10.560816931341,1,I,194,3
65.3098612602449,72,40.7721432996914,24.5377179605535,1,C,195,3
70.9163518219267,72,40.9120966074988,30.0042552144278,1,I,196,3
62.7088336118889,72,40.9342885343358,21.7745450775531,1,C,197,3
55.7915015737295,72,41.3446525437757,14.4468490299537,1,I,198,3
45.5741725922751,72,41.3764996966347,4.19767289564043,1,C,199,3
80.9775478580718,72,41.6168200504035,30.3831799495965,0,I,200,3
62.3914403647872,72,42.2043389361352,20.187101428652,1,C,201,3
78.592293398718,72,42.3136096308008,29.6863903691992,0,I,202,3
113.975381160086,72,42.6138431299478,29.3861568700522,0,C,203,3
178.114547056889,72,43.0263007851318,28.9736992148683,0,I,204,3
92.5732484650767,72,43.1372014107183,28.8627985892817,0,C,205,3
64.2590684475712,72,43.4742872463539,20.7847812012173,1,I,206,3
90.0402487425844,72,44.0072962967679,27.9927037032321,0,C,207,3
53.7218496501806,72,44.1689744498581,9.55287520032252,1,I,208,3
120.955191563013,72,44.4543431745842,27.5456568254158,0,C,209,3
71.3938009036075,72,44.5031215623021,26.8906793413054,1,I,210,3
186.390443536575,72,44.8629042645916,27.1370957354084,0,C,211,3
46.4570138416026,72,45.062319310382,1.39469453122056,1,I,212,3
45.2949441485933,72,45.1926459604874,0.102298188105869,1,C,213,3
47.7895316041384,72,45.1973902713507,2.59214133278761,1,I,214,3
181.469558256654,72,45.2104137511924,26.7895862488076,0,C,215,3
102.504518544062,72,45.3345240047202,26.6654759952799,0,I,216,3
75.9321817760807,72,45.3430483723059,26.6569516276941,0,C,217,3
70.0925372199864,72,45.8624258078635,24.230111412123,1,I,218,3
91.5592488462161,72,45.9123385185376,26.0876614814624,0,C,219,3
404.397689650479,72,46.0727068735287,25.9272931264713,0,I,220,3
145.998782932188,72,46.0936215939,25.9063784061,0,C,221,3
90.1884809116212,72,46.451689847745,25.548310152255,0,I,222,3
135.302917348072,72,46.6767137590796,25.3232862409204,0,C,223,3
103.986320925502,72,46.9151966599748,25.0848033400253,0,I,224,3
73.4923972361891,72,47.323113726452,24.676886273548,0,C,225,3
48.985548515779,72,47.4708039499819,1.51474456579702,1,I,226,3
260.460056741782,72,48.0940470797941,23.9059529202059,0,C,227,3
117.915702015779,72,48.4368813363835,23.5631186636165,0,I,228,3
109.655857040498,72,48.4418176906183,23.5581823093817,0,C,229,3
62.6027154041528,72,48.5166274476796,14.0860879564732,1,I,230,3
76.3798661748167,72,48.8217491051182,23.1782508948818,0,C,231,3
155.732095311868,72,49.00712500792,22.99287499208,0,I,232,3
95.6478978050844,72,49.1445598751307,22.8554401248694,0,C,233,3
100.169779805103,72,49.3063205759972,22.6936794240028,0,I,234,3
49.4073091530291,72,49.3478866713122,0.0594224817169205,1,C,235,3
132.485442358541,72,49.4266355177388,22.5733644822612,0,I,236,3
51.1661093449186,72,49.9498610710725,1.21624827384609,1,C,237,3
115.035892242736,72,49.9613350164145,22.0386649835855,0,I,238,3
52.4174990103516,72,50.4516561655328,1.9658428448188,1,C,239,3
62.2505776004573,56.0171880720261,50.4798406083137,5.5373474637124,0,I,240,3
191.375921281971,72,50.7038079807535,21.2961920192465,0,C,241,3
78.7123147417744,72,51.0570840910077,20.9429159089923,0,I,242,3
69.778957706445,72,51.2836587801576,18.4952989262874,1,C,243,3
90.8036330271424,72,51.4442318491638,20.5557681508362,0,I,244,3
118.216598719634,72,51.8733672285453,20.1266327714548,0,C,245,3
102.144362734674,72,51.895413142629,20.104586857371,0,I,246,3
59.6116574922153,72,51.9220114918426,7.6896460003727,1,C,247,3
95.9704863903799,72,52.4466831190512,19.5533168809488,0,I,248,3
60.1366904641926,72,52.5877536926419,7.54893677155074,1,C,249,3
56.2269048412388,72,52.648793393746,3.57811144749273,1,I,250,3
179.534619701521,72,52.6901902724057,19.3098097275943,0,C,251,3
79.2971449525524,72,52.9148350004107,19.0851649995893,0,I,252,3
69.8289051106433,72,53.5094776656479,16.3194274449954,1,C,253,3
125.019374618148,72,53.745216303505,18.254783696495,0,I,254,3
69.4411991538011,72,53.7483759596944,15.6928231941068,1,C,255,3
85.9050977646591,72,53.818863616325,18.181136383675,0,I,256,3
71.1524147618826,72,54.1276104329154,17.0248043289672,1,C,257,3
68.189013266142,72,54.3185805296525,13.8704327364895,1,I,258,3
241.704996000537,72,54.4089079974219,17.5910920025781,0,C,259,3
128.356970039284,72,54.8873471282423,17.1126528717577,0,I,260,3
82.8448187933257,72,54.923908514902,17.076091485098,0,C,261,3
110.658071514335,72,55.1419958285987,16.8580041714013,0,I,262,3
68.1109120821584,72,55.3808564599603,12.730055622198,1,C,263,3
65.1671591858002,72,55.4114204552025,9.75573873059771,1,I,264,3
77.4828456912497,72,55.42029698845,16.57970301155,0,C,265,3
188.493004281925,72,55.4288881598041,16.571111840196,0,I,266,3
59.3594419588827,72,55.4857656452805,3.87367631360224,1,C,267,3
239.870276325277,72,55.5424419930205,16.4575580069795,0,I,268,3
166.470003236101,72,55.9024658985436,16.0975341014564,0,C,269,3
148.539113183217,72,56.1016300739721,15.898369926028,0,I,270,3
117.190762286205,72,56.1093991901726,15.8906008098274,0,C,271,3
165.175642943831,72,56.9973869528621,15.0026130471379,0,I,272,3
94.1158804900609,58.7240702412916,57.2539048595354,1.4701653817562,0,C,273,3
178.119167756211,72,57.6128513272852,14.3871486727148,0,I,274,3
59.6712014430779,72,58.0873613990843,1.58384004399353,1,C,275,3
77.8595752150565,72,58.2879711734131,13.7120288265869,0,I,276,3
125.752060541561,72,58.3151247957721,13.6848752042279,0,C,277,3
109.945875420944,72,58.4216769598424,13.5783230401576,0,I,278,3
59.0401656994458,72,58.8955827942118,0.144582905233968,1,C,279,3
86.4609670345166,72,59.0698541980237,12.9301458019763,0,I,280,3
81.0658956366107,72,59.8637225059792,12.1362774940208,0,C,281,3
95.0982088629326,72,59.8896611155942,12.1103388844058,0,I,282,3
66.9810849903308,72,0.0221412582322955,66.9589437320985,1,C,1,4
72.7861249222426,72,0.101580675691366,71.8984193243086,0,I,2,4
8.37451403684912,72,0.235611763782799,8.13890227306633,1,C,3,4
66.9668993323107,72,0.26623594108969,66.700663391221,1,I,4,4
134.688577439756,72,0.422423318959773,71.5775766810402,0,C,5,4
12.2064514807104,72,0.497839590534568,11.7086118901758,1,I,6,4
43.7100490995878,72,0.512823332101107,43.1972257674867,1,C,7,4
58.4451038961515,72,1.02155706379563,57.4235468323559,1,I,8,4
20.5024004608315,72,1.09697829466313,19.4054221661684,1,C,9,4
82.6033436758107,72,1.33589196950197,70.664108030498,0,I,10,4
44.5887873837608,72,1.59975087270141,42.9890365110594,1,C,11,4
112.54354023258,72,1.62120189517736,70.3787981048226,0,I,12,4
12.3470075885543,72,1.74965993966907,10.5973476488852,1,C,13,4
41.5295817287739,72,1.92300899885595,39.6065727299179,1,I,14,4
93.5601903741811,72,2.11039253510535,69.8896074648947,0,C,15,4
60.3316390222031,72,2.27213585749269,58.0595031647104,1,I,16,4
10.2778850061233,72,2.37264779862016,7.90523720750313,1,C,17,4
35.861885303275,72,2.57130844518542,33.2905768580896,1,I,18,4
46.0375066118709,72,2.68386969342828,43.3536369184426,1,C,19,4
64.1309224742935,72,2.85730264149606,61.2736198327974,1,I,20,4
18.8560945574925,72,3.97607325576246,14.88002130173,1,C,21,4
125.706286696618,72,5.11659679468721,66.8834032053128,0,I,22,4
24.8823042657278,72,5.36508562043309,19.5172186452948,1,C,23,4
158.488961097876,72,5.39931337349117,66.6006866265088,0,I,24,4
49.8628013459221,72,5.45093741733581,44.4118639285863,1,C,25,4
21.8626573560559,72,5.46885193325579,16.3938054228001,1,I,26,4
17.179018245826,72,5.6219044374302,11.5571138083958,1,C,27,4
17.7549038562799,72,5.64365487545729,12.1112489808226,1,I,28,4
69.5931962492297,72,5.97277551423758,63.6204207349921,1,C,29,4
12.7565536795352,72,6.01531321182847,6.74124046770673,1,I,30,4
75.6071805943816,72,6.04889864567667,65.9511013543233,0,C,31,4
301.814561617299,72,6.22322648763657,65.7767735123634,0,I,32,4
56.03604480518,72,6.22977803461254,49.8062667705674,1,C,33,4
194.617173784316,72,6.27708676736802,65.722913232632,0,I,34,4
18.0087327760416,72,6.46693803369999,11.5417947423416,1,C,35,4
45.9132792082338,72,6.50541422422975,39.407864984004,1,I,36,4
31.1462466012187,72,6.62548280786723,24.5207637933515,1,C,37,4
78.8030712554948,72,6.63683191873133,65.3631680812687,0,I,38,4
73.2248309406464,72,6.73909324686974,65.2609067531303,0,C,39,4
68.1475161995832,46.4376436951327,6.97472350671887,39.4629201884138,0,I,40,4
10.8880487565957,72,7.1762766642496,3.71177209234609,1,C,41,4
65.4337668429396,72,7.60481698438525,57.8289498585544,1,I,42,4
54.8115728829749,72,7.97581683844328,46.8357560445316,1,C,43,4
42.2746354846758,72,8.03995495196432,34.2346805327114,1,I,44,4
80.606261289859,72,8.14165947027504,63.858340529725,0,C,45,4
95.6360187120598,72,8.57249217107892,63.4275078289211,0,I,46,4
398.447657399686,72,8.74508903827518,63.2549109617248,0,C,47,4
106.593289727323,72,8.80320897325873,63.1967910267413,0,I,48,4
56.4981364690319,72,8.93465418834239,47.5634822806895,1,C,49,4
73.1761808689711,72,9.06945599243045,62.9305440075696,0,I,50,4
14.070932238742,72,9.49157847091556,4.57935376782641,1,C,51,4
69.0270054195584,60.4155678666252,9.6474165469408,50.7681513196843,0,I,52,4
16.8536947841128,72,9.68911320436746,7.16458157974537,1,C,53,4
29.6368964222801,72,10.1723846839741,19.464511738306,1,I,54,4
74.6334311909772,72,10.8448567148298,61.1551432851702,0,C,55,4
201.152761544416,72,11.1385091627017,60.8614908372983,0,I,56,4
12.6348301311141,72,11.2316908920184,1.40313923909574,1,C,57,4
36.3162256100192,72,11.2700809305534,25.0461446794658,1,I,58,4
54.6475327852634,72,11.7577829584479,42.8897498268155,1,C,59,4
85.2831906582847,72,11.870240313001,60.129759686999,0,I,60,4
278.414736489333,72,12.1669928077608,59.8330071922392,0,C,61,4
24.7020127844686,72,12.4440715508536,12.257941233615,1,I,62,4
23.4592698883513,72,12.5570775847882,10.9021923035631,1,C,63,4
186.554552707964,72,12.5902938377112,59.4097061622888,0,I,64,4
50.6628974572552,72,12.6595808845013,38.0033165727539,1,C,65,4
176.373058382192,72,12.7938090311363,59.2061909688637,0,I,66,4
29.6122670610384,72,12.8650170285255,16.7472500325129,1,C,67,4
31.9024830527286,72,12.9140813089907,18.9884017437379,1,I,68,4
22.1358646212422,72,13.1650618091226,8.97080281211961,1,C,69,4
29.2097298868755,72,13.2099432405084,15.9997866463671,1,I,70,4
38.8325941666889,72,13.4501506621018,25.3824435045871,1,C,71,4
108.756205834561,72,13.9479518774897,58.0520481225103,0,I,72,4
19.5406948648047,72,13.96604382433,5.57465104047473,1,C,73,4
115.205329838305,60.7906648614433,14.0977046778426,46.6929601836007,0,I,74,4
54.4766264885418,72,14.2581389285624,40.2184875599794,1,C,75,4
35.5060871496952,72,14.4358113314956,21.0702758181996,1,I,76,4
93.9375534249307,72,14.8046098044142,57.1953901955858,0,C,77,4
181.656769514799,72,15.3516315668821,56.6483684331179,0,I,78,4
37.1101691370024,72,15.4346904717386,21.6754786652638,1,C,79,4
94.6085422426331,72,15.650970004499,56.349029995501,0,I,80,4
23.7778562716697,72,16.2646044697613,7.51325180190846,1,C,81,4
26.7651467758431,72,16.3175234897062,10.4476232861369,1,I,82,4
49.7165758340482,72,16.6964442003518,33.0201316336963,1,C,83,4
64.0247298213534,72,16.9727800413966,47.0519497799567,1,I,84,4
45.5892471327089,72,17.242796276696,28.3464508560129,1,C,85,4
23.5859414306747,72,17.6522771129385,5.93366431773619,1,I,86,4
142.6924880362,72,17.8816989948973,54.1183010051027,0,C,87,4
20.1760845881377,72,18.0897022085264,2.08638237961124,1,I,88,4
21.4728010326614,72,18.2411023322493,3.23169870041207,1,C,89,4
108.936483580883,72,18.82949647028,53.17050352972,0,I,90,4
85.0294568968882,72,18.9867785107344,53.0132214892656,0,C,91,4
87.2769923594144,72,19.0131268557161,52.9868731442839,0,I,92,4
27.2392844490866,72,19.0527106169611,8.18657383212549,1,C,93,4
35.3893379976412,72,19.2211763514206,16.1681616462207,1,I,94,4
27.9426114322199,72,19.2475577350706,8.69505369714933,1,C,95,4
48.3403287847236,72,19.2701133526862,29.0702154320374,1,I,96,4
31.3954120789025,72,19.3117975210771,12.0836145578254,1,C,97,4
74.3632950024349,72,19.7142473096028,52.2857526903972,0,I,98,4
169.785893303925,72,20.3148160362616,51.6851839637384,0,C,99,4
60.0761591058921,72,20.3328738827258,39.7432852231662,1,I,100,4
75.7348266560798,72,20.5280859069899,51.4719140930101,0,C,101,4
117.192830107174,72,20.7406327268109,51.2593672731891,0,I,102,4
173.537232790687,72,20.7929515605792,51.2070484394208,0,C,103,4
219.215925512753,72,21.0468597337604,50.9531402662396,0,I,104,4
84.659583028612,72,21.2214841274545,50.7785158725455,0,C,105,4
71.3749168536501,72,22.4673196440563,48.9075972095939,1,I,106,4
67.3766757154029,72,22.8090724116191,44.5676033037838,1,C,107,4
193.472178078223,72,23.0699493270367,48.9300506729633,0,I,108,4
33.5098500907066,38.7698740634288,23.3705439604819,10.1393061302248,1,C,109,4
60.4892142487803,72,23.3942606952041,37.0949535535762,1,I,110,4
109.891882815354,72,23.4846354089677,48.5153645910323,0,C,111,4
43.9803206069617,72,23.5925715090707,20.387749097891,1,I,112,4
132.421447980776,59.0283742925089,23.6667143460363,35.3616599464726,0,C,113,4
82.9898447538854,60.9868068185108,23.8801998691633,37.1066069493475,0,I,114,4
38.3884792676409,72,24.1951970150694,14.1932822525715,1,C,115,4
53.736463809348,72,24.207749501802,29.528714307546,1,I,116,4
92.7343143705687,72,24.3307744106278,47.6692255893722,0,C,117,4
36.5594535798025,72,25.4625163273886,11.0969372524139,1,I,118,4
140.48636455901,72,25.5649312818423,46.4350687181577,0,C,119,4
41.8402282744714,72,25.8322897693142,16.0079385051571,1,I,120,4
30.8206685170711,44.7106850140202,26.0316005023196,4.78906801475146,1,C,121,4
235.186960494676,72,26.0720716137439,45.9279283862561,0,I,122,4
32.9744296966305,72,26.0909357992932,6.88349389733728,1,C,123,4
48.2546599791694,72,26.1106168432161,22.1440431359533,1,I,124,4
29.3277022748008,72,26.3769298000261,2.95077247477467,1,C,125,4
76.3251678205476,72,26.3857025792822,45.6142974207178,0,I,126,4
31.1526599917891,72,26.4830073807389,4.66965261105028,1,C,127,4
26.7402207014457,72,26.6894013248384,0.0508193766072675,1,I,128,4
157.03272700605,64.6681896600146,26.8227098789066,37.845479781108,0,C,129,4
62.4358476490736,72,26.8988074734807,35.5370401755929,1,I,130,4
41.7704691206304,72,26.9415268627927,14.8289422578377,1,C,131,4
152.362827996662,72,27.2016381192952,44.7983618807048,0,I,132,4
63.7783805341389,72,27.847552690655,35.9308278434839,1,C,133,4
51.2164966323844,72,28.0286194011569,23.1878772312275,1,I,134,4
59.3993237481875,72,28.0635725799948,31.3357511681927,1,C,135,4
82.2283183849419,72,28.1344564631581,43.8655435368419,0,I,136,4
39.5714692992819,59.2878556136145,28.1534529011697,11.4180163981122,1,C,137,4
57.9570228115918,72,28.3363794442266,29.6206433673652,1,I,138,4
30.6011537067433,72,28.4375306172296,2.16362308951365,1,C,139,4
206.122720693156,72,28.6944872327149,43.3055127672851,0,I,140,4
32.0604966804762,72,28.7132583372295,3.34723834324674,1,C,141,4
30.7399852305944,72,28.7702872557566,1.96969797483788,1,I,142,4
41.3296476699301,72,29.1966384183615,12.1330092515686,1,C,143,4
126.539457333263,72,29.3325749225915,42.6674250774086,0,I,144,4
41.6703990994622,72,29.5301809580997,12.1402181413625,1,C,145,4
76.3287167845573,72,30.1509630912915,41.8490369087085,0,I,146,4
51.3750106149215,72,30.4288929747418,20.9461176401797,1,C,147,4
43.4514319188611,72,30.5401767510921,12.9112551677691,1,I,148,4
88.4893871085958,72,30.7377422740683,41.2622577259317,0,C,149,4
99.0312052410218,72,31.121618016623,40.878381983377,0,I,150,4
54.4909193629641,72,31.1908686719835,23.3000506909806,1,C,151,4
33.3444486375251,72,31.5538638504222,1.79058478710287,1,I,152,4
119.046659850325,72,31.9350067712367,40.0649932287633,0,C,153,4
56.5362670000444,72,32.0510414522141,24.4852255478303,1,I,154,4
37.5210845232921,72,32.1854855725542,5.33559895073791,1,C,155,4
193.15385672385,72,32.3140161624178,39.6859838375822,0,I,156,4
73.9688799226152,72,32.3179192375392,39.6820807624608,0,C,157,4
49.0227197944284,72,32.3472497798502,16.6754700145782,1,I,158,4
42.744832985504,72,32.4281934415922,10.3166395439118,1,C,159,4
47.7219908037988,72,32.5292119430378,15.192778860761,1,I,160,4
34.8830532126015,72,32.6107282424346,2.27232497016693,1,C,161,4
54.1721832326609,72,32.70883299876,21.4633502339008,1,I,162,4
190.12226833945,72,32.8990473831072,39.1009526168928,0,C,163,4
99.6863961683238,72,32.965666889213,39.034333110787,0,I,164,4
42.753802406326,72,33.3611617097631,9.39264069656289,1,C,165,4
55.1032551426646,72,33.4967858623713,21.6064692802933,1,I,166,4
144.925669570652,72,33.6313071800396,38.3686928199604,0,C,167,4
47.5384828836782,72,33.6371506238356,13.9013322598426,1,I,168,4
60.4651015078298,72,33.655879762955,26.8092217448748,1,C,169,4
142.989537027345,72,34.7122208308429,37.2877791691572,0,I,170,4
43.196230208417,72,34.9356769071892,8.26055330122782,1,C,171,4
141.72272507791,72,35.2433204138652,36.7566795861349,0,I,172,4
64.835049531149,72,35.6822157511488,29.1528337800002,1,C,173,4
60.606841139956,72,35.9278837032616,24.6789574366944,1,I,174,4
97.6520840517705,72,35.9688550746068,36.0311449253932,0,C,175,4
72.4571099462245,72,36.1576696531847,35.8423303468153,0,I,176,4
64.0751689145832,72,36.9113653991371,27.163803515446,1,C,177,4
45.0317090174401,72,37.5869774166495,7.44473160079059,1,I,178,4
49.0652954782286,72,37.6263866107911,11.4389088674375,1,C,179,4
39.7422786741737,72,37.6970137422904,2.04526493188322,1,I,180,4
49.605239214846,72,37.8136728471145,11.7915663677315,1,C,181,4
160.306374358597,72,37.8625299129635,34.1374700870365,0,I,182,4
115.436030762872,72,38.3653782075271,33.6346217924729,0,C,183,4
45.5539117618449,72,38.5333747789264,7.02053698291852,1,I,184,4
47.2008955412009,72,38.7505668215454,8.45032871965553,1,C,185,4
153.986138587308,72,39.3510795850307,32.6489204149693,0,I,186,4
44.0079615601515,72,39.3574317963794,4.65052976377214,1,C,187,4
99.6936482613977,72,39.5071323495358,32.4928676504642,0,I,188,4
40.5486059664538,72,39.9868680071086,0.561737959345188,1,C,189,4
70.1233744999058,72,40.37719914224,29.7461753576658,1,I,190,4
101.412779476385,72,40.448500290513,31.551499709487,0,C,191,4
130.757206612828,72,40.7946753082797,31.2053246917203,0,I,192,4
53.6818449668578,72,41.0096890339628,12.672155932895,1,C,193,4
195.545446559463,72,41.0105262044817,30.9894737955183,0,I,194,4
251.634587298178,55.0878405105881,41.0677842702717,14.0200562403164,0,C,195,4
96.7887938136655,72,41.2575695849955,30.7424304150045,0,I,196,4
51.0686207345047,72,41.4052512589842,9.66336947552044,1,C,197,4
47.8222521327972,72,41.5442404104397,6.27801172235753,1,I,198,4
45.7066583656083,72,41.6893651708961,4.01729319471228,1,C,199,4
71.1122713794622,72,41.8139964016154,29.2982749778468,1,I,200,4
190.662874644013,72,42.2722941543907,29.7277058456093,0,C,201,4
192.590271674483,72,42.3673178628087,29.6326821371913,0,I,202,4
76.0654817969245,49.954810076886,42.4513608589768,7.50344921790919,0,C,203,4
54.1998040303263,72,42.4792593251914,11.720544705135,1,I,204,4
73.7505563592121,72,43.2523416029289,28.7476583970711,0,C,205,4
133.121847002613,72,43.3847057260573,28.6152942739427,0,I,206,4
66.9572509873449,72,43.547819503583,23.4094314837619,1,C,207,4
93.0074972403126,72,43.7256390647963,28.2743609352037,0,I,208,4
89.3666554290798,72,44.0945286210626,27.9054713789374,0,C,209,4
80.3357654319114,72,44.1701377741992,27.8298622258008,0,I,210,4
98.605421414116,72,44.2393470648676,27.7606529351324,0,C,211,4
122.855542723818,72,44.334863726981,27.665136273019,0,I,212,4
52.9402506476371,72,44.3430886091664,8.59716203847064,1,C,213,4
140.434804735623,72,45.7872604066506,26.2127395933494,0,I,214,4
53.1606438476995,72,46.0223884228617,7.13825542483784,1,C,215,4
63.84547209327,72,46.3767245644704,17.4687475287996,1,I,216,4
91.8057381740783,72,46.4630849752575,25.5369150247425,0,C,217,4
59.1530625042017,72,46.5290562529117,12.62400625129,1,I,218,4
98.0173493052266,72,46.6190950619057,25.3809049380943,0,C,219,4
117.177810054878,72,46.6469042189419,25.3530957810581,0,I,220,4
147.264665955363,72,47.3062420729548,24.6937579270452,0,C,221,4
85.5221241913474,72,47.4026910401881,24.5973089598119,0,I,222,4
99.9332363401538,72,47.7943921135739,24.2056078864262,0,C,223,4
55.165585611482,72,48.047408759594,7.11817685188802,1,I,224,4
114.764311133726,72,48.3331078989431,23.6668921010569,0,C,225,4
131.874459381681,72,48.7637482071295,23.2362517928705,0,I,226,4
55.4579666815558,72,48.8868966093287,6.57107007222706,1,C,227,4
114.573089193444,72,49.4307492580265,22.5692507419735,0,I,228,4
56.1950693091258,72,49.5402473537251,6.65482195540062,1,C,229,4
169.730430179747,72,49.6881143935025,22.3118856064975,0,I,230,4
70.3841836921656,72,49.9483933160082,20.4357903761575,1,C,231,4
65.7690681629298,72,50.1876513753086,15.5814167876211,1,I,232,4
63.3067727986053,72,50.4583064233884,12.8484663752169,1,C,233,4
121.255053249482,72,50.5440310528502,21.4559689471498,0,I,234,4
95.8120745089266,72,50.599042265676,21.400957734324,0,C,235,4
69.9832467679039,72,50.6669160956517,19.3163306722522,1,I,236,4
73.3117044221927,72,50.7585339993238,21.2414660006762,0,C,237,4
143.940671710331,57.9166864410394,50.7749390043318,7.14174743670753,0,I,238,4
127.891975730634,72,50.8179485751316,21.1820514248684,0,C,239,4
185.554507299789,72,50.8368901116774,21.1631098883227,0,I,240,4
75.4003655401357,72,50.8496611425653,21.1503388574347,0,C,241,4
291.119153814868,72,51.0736118350178,20.9263881649822,0,I,242,4
55.5700583952811,72,51.0966964624822,4.47336193279883,1,C,243,4
58.4030444195608,72,51.1742053600028,7.22883905955793,1,I,244,4
96.0785498879238,72,51.2082580570132,20.7917419429868,0,C,245,4
80.7169844021683,72,51.4891220675781,20.5108779324219,0,I,246,4
88.3177935513425,72,51.6555022448301,20.3444977551699,0,C,247,4
77.6896389719062,72,51.819981993176,20.180018006824,0,I,248,4
106.296745160294,72,51.9154099747539,20.0845900252461,0,C,249,4
95.8519675623074,72,51.964459894225,20.035540105775,0,I,250,4
62.5726909125818,72,52.0806229300797,10.4920679825021,1,C,251,4
56.292711320703,72,52.0817520283163,4.21095929238676,1,I,252,4
141.258322005414,72,52.1498975576833,19.8501024423167,0,C,253,4
214.804225480197,72,52.2151003964245,19.7848996035755,0,I,254,4
74.5095581366201,72,52.4522288236767,19.5477711763233,0,C,255,4
56.3402483725477,72,52.4913439946249,3.84890437792278,1,I,256,4
85.4856682967723,72,52.6536293607205,19.3463706392795,0,C,257,4
118.012426291272,72,52.8241413971409,19.1758586028591,0,I,258,4
211.753281822072,72,52.9283023998141,19.0716976001859,0,C,259,4
60.0828191336879,72,53.5102230543271,6.57259607936078,1,I,260,4
213.0290593213,72,54.0727339312434,17.9272660687566,0,C,261,4
104.186458150812,72,54.1591714834794,17.8408285165206,0,I,262,4
97.6057009513855,72,54.4654125440866,17.5345874559134,0,C,263,4
106.525812835799,72,54.7283055307344,17.2716944692656,0,I,264,4
68.4120125523854,72,54.8660090239719,13.5460035284135,1,C,265,4
98.9565999452811,72,54.9134381907061,17.0865618092939,0,I,266,4
120.30044858034,72,55.3748462162912,16.6251537837088,0,C,267,4
98.8941089050151,72,55.4004106437787,16.5995893562213,0,I,268,4
71.8658192070536,72,55.4607121087611,16.4051070982925,1,C,269,4
99.5997696141813,72,55.4999091988429,16.5000908011571,0,I,270,4
246.647012461441,72,55.6380527699366,16.3619472300634,0,C,271,4
125.790407841841,72,55.6731889396906,16.3268110603094,0,I,272,4
81.6192411362586,72,56.2446721969172,15.7553278030828,0,C,273,4
92.7312421500106,72,56.4134814217687,15.5865185782313,0,I,274,4
116.975456029698,72,56.4759596949443,15.5240403050557,0,C,275,4
149.922513918392,72,56.4860223932192,15.5139776067808,0,I,276,4
101.876293873469,72,56.7058452079073,15.2941547920927,0,C,277,4
59.1455081534996,72,56.7613654537126,2.38414269978693,1,I,278,4
90.2763940878134,72,56.7668398283422,15.2331601716578,0,C,279,4
73.2151221075594,72,56.7828451003879,15.2171548996121,0,I,280,4
82.0032011124967,72,56.7834131699055,15.2165868300945,0,C,281,4
80.7814444691451,72,56.9738902011886,15.0261097988114,0,I,282,4
84.6372844200953,72,56.9750046171248,15.0249953828752,0,C,283,4
83.2351820083269,72,57.2102042706683,14.7897957293317,0,I,284,4
116.281577126981,72,57.7110516652465,14.2889483347535,0,C,285,4
87.9841525337928,72,57.7552097383887,14.2447902616113,0,I,286,4
73.1127068945314,72,57.7587672695518,14.2412327304482,0,C,287,4
121.934587148178,72,57.7894289558753,14.2105710441247,0,I,288,4
126.37525737777,72,57.8278543241322,14.1721456758678,0,C,289,4
165.53442661442,72,57.8931036964059,14.1068963035941,0,I,290,4
80.9627090527612,72,58.0798429297283,13.9201570702717,0,C,291,4
86.4791454534767,72,58.567706127651,13.432293872349,0,I,292,4
131.269691872041,72,58.6597642209381,13.3402357790619,0,C,293,4
199.332026513753,72,58.6905725486577,13.3094274513423,0,I,294,4
110.622764383463,72,58.8220293726772,13.1779706273228,0,C,295,4
111.567863574102,72,58.8754354789853,13.1245645210147,0,I,296,4
76.4579293184315,72,59.5704675558955,12.4295324441046,0,C,297,4
77.2782172304046,72,59.781900155358,12.218099844642,0,I,298,4
92.8280247206565,72,59.8349927645177,12.1650072354823,0,C,299,4
34.991159548444,72,0.26061974465847,34.7305398037855,1,I,1,5
84.5723471557437,72,0.470460243523121,71.5295397564769,0,C,2,5
51.8322574500225,72,0.515793571248651,51.3164638787739,1,I,3,5
53.7079908829744,72,0.551365711726248,53.1566251712481,1,C,4,5
19.9860879589059,45.0262137114565,0.64375048968941,19.3423374692165,1,I,5,5
64.098305257956,72,0.681070201098919,63.417235056857,1,C,6,5
37.8278831351902,72,0.857016295194626,36.9708668399955,1,I,7,5
59.9613893868719,72,0.897886035963893,59.063503350908,1,C,8,5
76.6079073073962,72,1.43183283973485,70.5681671602652,0,I,9,5
49.0101167202717,72,1.74719501752406,47.2629217027476,1,C,10,5
19.5132836241581,72,1.78238787688315,17.7308957472749,1,I,11,5
61.5842218997789,72,1.93289937917143,59.6513225206074,1,C,12,5
47.8614528588126,72,2.31880935374647,45.5426435050661,1,I,13,5
92.5370736817684,72,2.32850512024015,69.6714948797599,0,C,14,5
81.9493951601643,72,2.45009953156114,69.5499004684389,0,I,15,5
79.7964055850967,72,2.65835702419281,69.3416429758072,0,C,16,5
27.096782285649,72,2.67279719933867,24.4239850863103,1,I,17,5
150.597267152076,72,2.83410045783967,69.1658995421603,0,C,18,5
258.015734871077,72,3.05685277562588,68.9431472243741,0,I,19,5
35.5272546250818,72,3.17453142721206,32.3527231978698,1,C,20,5
54.5012239257202,72,3.56159265618771,50.9396312695325,1,I,21,5
24.3752636079535,72,3.78416064195335,20.5911029660001,1,C,22,5
41.5236881127309,72,4.38834209460765,37.1353460181232,1,I,23,5
32.0376985596958,72,4.87585108727217,27.1618474724236,1,C,24,5
22.8389767734082,72,5.21499546244741,17.6239813109608,1,I,25,5
17.0492546223794,72,5.23578889667988,11.8134657256995,1,C,26,5
94.3624693125527,72,5.30085530597717,66.6991446940228,0,I,27,5
47.4415936422698,72,5.5685877520591,41.8730058902107,1,C,28,5
21.7005875238153,72,5.81368119455874,15.8869063292566,1,I,29,5
115.654283137981,72,5.93039715662599,66.069602843374,0,C,30,5
94.6786496953749,72,5.93280692584813,66.0671930741519,0,I,31,5
69.6685782686042,72,6.11795799806714,63.5506202705371,1,C,32,5
119.552208119985,72,6.57085058279336,65.4291494172067,0,I,33,5
20.5450311776531,72,6.58199805300683,13.9630331246463,1,C,34,5
66.1222238540984,72,6.93804547190666,59.1841783821918,1,I,35,5
49.0359373380136,72,7.13901103008539,41.8969263079282,1,C,36,5
89.9989165241341,72,7.43082202970982,64.5691779702902,0,I,37,5
37.5103648234258,72,7.72404165007174,29.786323173354,1,C,38,5
82.5544102409625,72,7.89939874783158,64.1006012521684,0,I,39,5
21.7097304964469,72,7.99414220731705,13.7155882891298,1,C,40,5
78.1031509364775,72,8.14054504036903,63.859454959631,0,I,41,5
14.4219114292374,72,8.20735533256084,6.21455609667657,1,C,42,5
53.4318160024901,72,8.2418683776632,45.1899476248269,1,I,43,5
31.7961681498534,72,8.30999942030758,23.4861687295458,1,C,44,5
41.6931273044498,72,8.38297720067203,33.3101501037777,1,I,45,5
127.861799887979,72,8.49489323794842,63.5051067620516,0,C,46,5
22.2372843246834,72,8.61801082268357,13.6192735019998,1,I,47,5
42.6434042008044,72,8.68826106190682,33.9551431388976,1,C,48,5
51.2235544138289,72,8.99192037060857,42.2316340432203,1,I,49,5
72.4912162417727,72,8.99496191181243,63.0050380881876,0,C,50,5
104.388590487932,72,9.53957066405565,62.4604293359444,0,I,51,5
35.6151718931257,72,9.65501523111016,25.9601566620156,1,C,52,5
63.2019085167496,72,9.68451423570514,53.5173942810445,1,I,53,5
27.4235127169605,72,9.9545491207391,17.4689635962214,1,C,54,5
36.6016934898212,72,10.097927316092,26.5037661737293,1,I,55,5
64.7061367386993,72,10.1115915225819,54.5945452161175,1,C,56,5
21.4609630111638,72,10.369080347009,11.0918826641548,1,I,57,5
76.9389199546286,72,10.5767377372831,61.4232622627169,0,C,58,5
132.302900920414,72,11.2360023334622,60.7639976665378,0,I,59,5
61.0081243160129,72,11.3461756613106,49.6619486547024,1,C,60,5
20.1904011227604,72,11.3668241724372,8.82357695032326,1,I,61,5
41.4981314103183,72,11.6472453391179,29.8508860712004,1,C,62,5
28.4802585100511,72,11.7271999083459,16.7530586017051,1,I,63,5
67.8666611064146,72,12.1026784507558,55.7639826556589,1,C,64,5
33.7204039903147,72,12.557914769277,21.1624892210377,1,I,65,5
66.4612768414769,72,12.7083555422723,53.7529212992046,1,C,66,5
93.3138677694039,72,12.7354493038729,59.2645506961271,0,I,67,5
34.7316974537416,72,12.8136389655992,21.9180584881424,1,C,68,5
27.4925780188043,72,13.3018008526415,14.1907771661628,1,I,69,5
14.1959391084782,72,13.3359821140766,0.859956994401579,1,C,70,5
43.367589676437,72,13.6041195737198,29.7634701027172,1,I,71,5
52.9765285354993,72,13.9027756266296,39.0737529088697,1,C,72,5
34.0078524909294,72,13.90781537164,20.1000371192894,1,I,73,5
46.914684230039,72,13.9631528500468,32.9515313799922,1,C,74,5
77.632628883421,72,13.9683568663895,58.0316431336105,0,I,75,5
22.3863897804127,72,14.1121358424425,8.2742539379702,1,C,76,5
133.929072317513,72,15.3466910915449,56.6533089084551,0,I,77,5
36.0847729600412,72,15.5135898152366,20.5711831448045,1,C,78,5
56.1033529221624,72,15.6298407074064,40.473512214756,1,I,79,5
24.7801383912118,72,15.6326631316915,9.14747525952028,1,C,80,5
52.8899437070777,72,15.6558571150526,37.234086592025,1,I,81,5
84.8592948915754,72,15.7370326342061,56.2629673657939,0,C,82,5
46.2316727030902,72,16.2375193694606,29.9941533336295,1,I,83,5
37.0463594810941,72,17.2332947747782,19.8130647063159,1,C,84,5
126.694938962651,72,17.4410602916032,54.5589397083968,0,I,85,5
45.8055977888398,72,17.5085411639884,28.2970566248514,1,C,86,5
63.6820817163181,72,17.7502677915618,45.9318139247563,1,I,87,5
91.8091639230871,72,18.4871856775135,53.5128143224865,0,C,88,5
177.490468913942,72,19.0684906812385,52.9315093187615,0,I,89,5
35.1547832147674,72,19.5655764592811,15.5892067554862,1,C,90,5
36.0469203819111,72,19.8817308247089,16.1651895572022,1,I,91,5
27.7366789986712,72,19.996800259687,7.7398787389842,1,C,92,5
84.2309021101787,72,20.0999245326966,51.9000754673034,0,I,93,5
24.1398465147411,72,20.349364397116,3.79048211762508,1,C,94,5
53.6166788363768,72,20.3625647351146,33.2541141012622,1,I,95,5
90.9583728652279,32.4925262541435,20.5325241526589,11.9600021014846,0,C,96,5
179.814456977494,72,20.5411056289449,51.4588943710551,0,I,97,5
30.1216461854067,72,20.8146439678967,9.30700221751004,1,C,98,5
70.5030332474492,72,21.2783448770642,49.224688370385,1,I,99,5
32.6260465797877,72,21.6742669930682,10.9517795867196,1,C,100,5
24.4270125254011,72,21.8891929881647,2.53781953723637,1,I,101,5
105.897783497731,72,21.8986570509151,50.1013429490849,0,C,102,5
68.2746073296281,72,21.956381443888,46.3182258857402,1,I,103,5
24.3120670177686,72,22.1076627960429,2.20440422172571,1,C,104,5
67.4325522532689,72,22.3782110447064,45.0543412085625,1,I,105,5
174.26838654737,72,22.6052838005126,49.3947161994875,0,C,106,5
25.5708997346977,72,22.8880205377936,2.68287919690402,1,I,107,5
70.5413314563881,72,23.6605607159436,46.8807707404445,1,C,108,5
26.1024427574546,72,23.9669956779107,2.13544707954383,1,I,109,5
51.896300999112,72,24.0048802876845,27.8914207114275,1,C,110,5
49.0019055609144,72,24.4000047119334,24.601900848981,1,I,111,5
128.656220415152,72,24.6789016155526,47.3210983844474,0,C,112,5
73.0022859070132,72,24.7938894666731,47.2061105333269,0,I,113,5
135.139203005221,72,24.8368569184095,47.1631430815905,0,C,114,5
62.1321110973332,72,24.8598659131676,37.2722451841656,1,I,115,5
39.69934262908,72,24.9062527902424,14.7930898388375,1,C,116,5
35.2163923811843,72,25.2427668124437,9.97362556874059,1,I,117,5
54.542350016036,72,25.3771027224138,29.1652472936221,1,C,118,5
72.0508426521401,72,25.4373183427379,46.5626816572622,0,I,119,5
32.3808156288752,72,25.6984535465017,6.68236208237351,1,C,120,5
45.9108657743181,72,26.1646281369031,19.7462376374151,1,I,121,5
79.2792190416373,72,26.4143830770627,45.5856169229373,0,C,122,5
33.6131196400762,72,26.6159059619531,6.99721367812305,1,I,123,5
109.151380207164,72,26.6536637535319,45.3463362464681,0,C,124,5
90.1586646469861,72,26.8239624705166,45.1760375294834,0,I,125,5
94.6893253157868,62.7384893279087,26.8398350570351,35.8986542708736,0,C,126,5
130.220744280003,72,26.9224117090926,45.0775882909074,0,I,127,5
39.478566239789,72,26.941290856339,12.5372753834499,1,C,128,5
89.8101555062661,72,27.4017451331019,44.5982548668981,0,I,129,5
100.151527788335,72,27.488041841425,44.511958158575,0,C,130,5
99.67389587408,72,27.6098869415,44.3901130585,0,I,131,5
65.0980567031128,72,27.77042505797,37.3276316451428,1,C,132,5
141.49745417413,72,28.0008934484795,43.9991065515205,0,I,133,5
45.626566371199,72,28.0115831131116,17.6149832580874,1,C,134,5
95.7983861555811,72,28.0598035315052,43.9401964684948,0,I,135,5
160.073103949519,72,28.2737215748057,43.7262784251943,0,C,136,5
84.6648443527576,72,28.5552425868809,43.4447574131191,0,I,137,5
60.8879969770451,72,28.8096946896985,32.0783022873466,1,C,138,5
69.367284776434,72,29.0332268876955,40.3340578887385,1,I,139,5
131.641165931256,72,29.338694550097,42.661305449903,0,C,140,5
48.1610025912245,72,29.4474592851475,18.713543306077,1,I,141,5
113.11115289222,72,29.4531807024032,42.5468192975968,0,C,142,5
42.6988711963047,72,29.4621260650456,13.2367451312591,1,I,143,5
43.6249932731159,72,29.6986554795876,13.9263377935283,1,C,144,5
220.501954959609,72,29.8206327622756,42.1793672377244,0,I,145,5
37.5756572321357,72,30.3723847400397,7.20327249209595,1,C,146,5
54.2827908382464,72,30.7423045160249,23.5404863222215,1,I,147,5
35.002636789925,72,30.9539576154202,4.04867917450482,1,C,148,5
48.2116484305951,72,31.035743909888,17.1759045207071,1,I,149,5
56.8697830539997,72,31.0828308714554,25.7869521825444,1,C,150,5
80.5963846285917,72,31.0977560793981,40.9022439206019,0,I,151,5
34.344450581376,72,31.1423011310399,3.20214945033613,1,C,152,5
35.3019434565406,72,31.1625152360648,4.13942822047582,1,I,153,5
93.0471908992916,72,31.2574267107993,40.7425732892007,0,C,154,5
79.3450445641974,72,31.4953974075615,40.5046025924385,0,I,155,5
43.7076624297168,72,31.6353674093261,12.0722950203907,1,C,156,5
40.5041668195102,72,31.8798124417663,8.62435437774397,1,I,157,5
117.763442007006,72,32.0934379566461,39.9065620433539,0,C,158,5
34.9817653624712,60.6384385814384,32.7920976933092,2.189667669162,1,I,159,5
63.0613601372463,72,33.4665408823639,29.5948192548824,1,C,160,5
33.8308816894043,72,33.5073504829779,0.323531206426372,1,I,161,5
49.0780427646995,72,33.7053277669475,15.372714997752,1,C,162,5
66.1563023615816,72,33.7289225170389,32.4273798445427,1,I,163,5
78.630201447748,72,33.7576800026,38.2423199974,0,C,164,5
86.995951862558,72,33.8787186238915,38.1212813761085,0,I,165,5
179.806269982188,72,34.0671365847811,37.9328634152189,0,C,166,5
66.1342651818687,72,34.0801485814154,32.0541166004533,1,I,167,5
73.0597273433776,72,34.0830560820177,37.9169439179823,0,C,168,5
119.338742031483,72,34.0877544879913,37.9122455120087,0,I,169,5
85.2512121323031,72,34.1397678013891,37.8602321986109,0,C,170,5
79.8821881747653,72,34.3654235405847,37.6345764594153,0,I,171,5
185.781199805452,72,34.4384019076824,37.5615980923176,0,C,172,5
98.1985884282737,72,34.8980995640159,37.1019004359841,0,I,173,5
72.1519139021191,72,34.9345506168902,37.0654493831098,0,C,174,5
145.490191584227,72,34.998693941161,37.001306058839,0,I,175,5
35.6902311750274,72,35.1199332391843,0.570297935843042,1,C,176,5
38.481672692852,72,35.7221543602645,2.75951833258742,1,I,177,5
164.851508469666,72,35.8995613781735,36.1004386218265,0,C,178,5
47.8700094720742,72,35.9349651820958,11.9350442899784,1,I,179,5
36.8932428476727,72,36.3300837110728,0.563159136599896,1,C,180,5
92.8814958458614,72,36.3326279539615,35.6673720460385,0,I,181,5
260.708928708734,72,36.6793264774606,35.3206735225394,0,C,182,5
106.341345705706,72,36.8381466250867,35.1618533749133,0,I,183,5
85.0896730878425,72,36.9187234528363,35.0812765471637,0,C,184,5
141.07699919452,72,36.9662107760087,35.0337892239913,0,I,185,5
55.4763877585485,72,37.4749613413587,18.0014264171898,1,C,186,5
50.7659981133602,72,37.5885861553252,13.177411958035,1,I,187,5
49.7990380692997,72,37.7402696013451,12.0587684679546,1,C,188,5
126.119110120301,72,38.0891288677231,33.910871132277,0,I,189,5
55.1043673665689,72,38.7680820096284,16.3362853569405,1,C,190,5
92.3732232561455,72,39.054581229575,32.945418770425,0,I,191,5
160.257685651746,72,39.3501544604078,32.6498455395922,0,C,192,5
80.0856008797004,72,39.4068872183561,32.5931127816439,0,I,193,5
43.5655059626995,72,39.804484709166,3.76102125353355,1,C,194,5
80.0318501098089,72,39.8533368017525,32.1466631982476,0,I,195,5
167.249651759615,72,39.9821674218401,32.0178325781599,0,C,196,5
75.1251486952246,72,40.4827249143273,31.5172750856727,0,I,197,5
96.4964755990743,72,40.7431186409667,31.2568813590333,0,C,198,5
209.686149346386,72,40.7906226161867,31.2093773838133,0,I,199,5
101.757019472965,72,41.611351040192,30.3886489598081,0,C,200,5
55.8816422240387,72,42.1829734370112,13.6986687870274,1,I,201,5
207.002802851071,72,42.3366267420352,29.6633732579649,0,C,202,5
181.447757894462,67.6905389423244,42.3422996280715,25.3482393142529,0,I,203,5
212.607969652735,72,42.3727556085214,29.6272443914786,0,C,204,5
61.8744828500204,72,42.5550047541037,19.3194780959167,1,I,205,5
54.0902188818727,72,42.5706946430728,11.5195242388,1,C,206,5
113.014507578862,72,42.8147078678012,29.1852921321988,0,I,207,5
102.094316971315,72,43.0152874113992,28.9847125886008,0,C,208,5
91.5324715633156,72,43.234056676738,28.765943323262,0,I,209,5
47.4146243768281,72,43.3995035290718,4.01512084775624,1,C,210,5
68.3792265583242,72,43.7673681462184,24.6118584121058,1,I,211,5
137.758352263643,72,43.9983286941424,28.0016713058576,0,C,212,5
52.3397851805769,72,44.2273951554671,8.11239002510979,1,I,213,5
58.4669974041804,72,44.4985904870555,13.9684069171249,1,C,214,5
145.989388559336,72,45.1551312441006,26.8448687558994,0,I,215,5
97.1633126989273,72,45.2498128730804,26.7501871269196,0,C,216,5
80.6660566141256,72,45.50911327824,26.49088672176,0,I,217,5
73.4174377203927,72,45.5866720620543,26.4133279379457,0,C,218,5
106.11240198367,72,45.8677982864901,26.1322017135099,0,I,219,5
74.2170129200049,72,46.3744069961831,25.6255930038169,0,C,220,5
247.639187522764,72,46.4473926974461,25.552607302554,0,I,221,5
48.3494817488807,72,46.8125586910173,1.53692305786337,1,C,222,5
106.875453048512,72,46.8254620581865,25.1745379418135,0,I,223,5
199.830011463521,72,46.8579555116594,25.1420444883406,0,C,224,5
101.153961299033,72,47.0655112154782,24.9344887845218,0,I,225,5
84.6781614596683,72,47.1916912822053,24.8083087177947,0,C,226,5
56.5244681487197,72,47.2248713113368,9.29959683738295,1,I,227,5
107.580861532665,72,47.4179990496486,24.5820009503514,0,C,228,5
66.3459208305872,72,47.5299098901451,18.8160109404422,1,I,229,5
89.069994406659,72,48.0770473787561,23.9229526212439,0,C,230,5
159.756308516771,72,48.6012516450137,23.3987483549863,0,I,231,5
114.42223890456,72,48.7850773567334,23.2149226432666,0,C,232,5
73.4009934772185,72,48.8865099661052,23.1134900338948,0,I,233,5
175.054620412361,72,49.261217918247,22.738782081753,0,C,234,5
130.200061962681,72,49.3385709961876,22.6614290038124,0,I,235,5
70.5269134265375,72,49.507784913294,21.0191285132435,1,C,236,5
61.5495960581623,72,49.7526063909754,11.7969896671869,1,I,237,5
132.050224420908,72,49.9243865115568,22.0756134884432,0,C,238,5
146.350844276162,72,49.9395295791328,22.0604704208672,0,I,239,5
294.830954504192,72,50.0175177538768,21.9824822461233,0,C,240,5
63.0419684640005,72,50.1450363267213,12.8969321372792,1,I,241,5
136.913660267119,72,50.5396183021367,21.4603816978633,0,C,242,5
75.6619570549505,72,50.5734211625531,21.4265788374469,0,I,243,5
72.2089418279755,72,51.0170159535483,20.9829840464518,0,C,244,5
51.1275466938556,72,51.0991462273523,0.0284004665033132,1,I,245,5
73.7396598575363,72,51.3180313864723,20.6819686135277,0,C,246,5
65.141552326367,72,51.884299563244,13.257252763123,1,I,247,5
74.7922408928479,72,52.0585780218244,19.9414219781756,0,C,248,5
60.4297830142551,72,52.2387987049297,8.19098430932547,1,I,249,5
52.3874495932816,72,52.3717343062162,0.0157152870653829,1,C,250,5
58.3216516154005,72,52.6166770420969,5.70497457330367,1,I,251,5
60.8397900283131,72,52.7748222369701,8.06496779134307,1,C,252,5
151.378691230604,72,52.8210396319628,19.1789603680372,0,I,253,5
79.1553349001046,72,53.0750870145857,18.9249129854143,0,C,254,5
142.33949525858,72,53.1089098518714,18.8910901481286,0,I,255,5
136.765234217105,72,53.460811637342,18.539188362658,0,C,256,5
145.857211492027,72,53.4937440790236,18.5062559209764,0,I,257,5
57.0555661403684,72,53.5055615706369,3.55000456973143,1,C,258,5
67.6727647227225,72,53.7379482574761,13.9348164652464,1,I,259,5
118.856804360095,72,53.7669285899028,18.2330714100972,0,C,260,5
99.983287043498,72,54.7860712604597,17.2139287395403,0,I,261,5
70.3854973209873,72,54.8833043687046,15.5021929522827,1,C,262,5
127.503579189329,72,54.9053033301607,17.0946966698393,0,I,263,5
115.766305178903,72,55.0070678209886,16.9929321790114,0,C,264,5
73.0020803397381,72,55.1151393726468,16.8848606273532,0,I,265,5
129.336140545349,72,55.1740261958912,16.8259738041088,0,C,266,5
55.5531862920833,72,55.2402601344511,0.312926157632234,1,I,267,5
76.1845559176776,72,55.8018216351047,16.1981783648953,0,C,268,5
85.1685555146758,72,55.8044495154172,16.1955504845828,0,I,269,5
57.7762646958749,72,55.8295239368454,1.94674075902953,1,C,270,5
78.8596191990641,71.8901191622526,55.9276546211913,15.9624645410613,0,I,271,5
179.726467347256,72,56.2641225289553,15.7358774710447,0,C,272,5
101.653891046775,72,56.3502140622586,15.6497859377414,0,I,273,5
130.845161601367,72,56.5661479812115,15.4338520187885,0,C,274,5
137.947530802713,72,56.6053551714867,15.3946448285133,0,I,275,5
59.7394492005365,72,57.1651670197025,2.57428218083403,1,C,276,5
60.722245368266,72,57.4476306326687,3.27461473559723,1,I,277,5
131.29204783263,72,57.4643506295979,14.5356493704021,0,C,278,5
159.892009521523,72,57.5249477941543,14.4750522058457,0,I,279,5
96.0206327779462,72,57.548197992146,14.451802007854,0,C,280,5
85.1994200273177,72,57.6197865558788,14.3802134441212,0,I,281,5
93.0574850366427,72,57.6216355338693,14.3783644661307,0,C,282,5
148.542079345017,72,57.9282352002338,14.0717647997662,0,I,283,5
59.9335160608748,72,58.1605139421299,1.77300211874493,1,C,284,5
144.383450676897,72,58.1946822116152,13.8053177883849,0,I,285,5
96.7499748623689,72,58.2532078307122,13.7467921692878,0,C,286,5
64.7528459634565,72,58.3136325795203,6.43921338393619,1,I,287,5
122.127693759972,72,58.5978478007019,13.4021521992981,0,C,288,5
70.4665695476175,72,58.6999788321555,11.766590715462,1,I,289,5
65.5471569841951,72,58.7572316313162,6.78992535287881,1,C,290,5
67.6277898741975,72,59.106377447024,8.5214124271735,1,I,291,5
112.940876285927,72,59.3583370931447,12.6416629068553,0,C,292,5
62.2705870791182,72,59.3796232156456,2.89096386347261,1,I,293,5
80.2986256515387,72,59.4845929183066,12.5154070816934,0,C,294,5
73.4427723226821,72,59.5047863619402,12.4952136380598,0,I,295,5
82.116508378491,72,59.5206342637539,12.4793657362461,0,C,296,5
212.051233619012,72,59.6771019045264,12.3228980954736,0,I,297,5
148.420856553018,72,59.7201465116814,12.2798534883186,0,C,298,5
5.3471183609792,72,0.0790789956226945,5.2680393653565,1,C,1,6
7.29121927591751,72,0.453369989991188,6.83784928592632,1,I,2,6
84.4515475228089,72,0.533940517343581,71.4660594826564,0,C,3,6
61.6979748927875,72,0.597517252899706,61.1004576398878,1,I,4,6
13.0002695548235,72,0.894225086085498,12.106044468738,1,C,5,6
87.8298975404184,72,0.997030707076192,71.0029692929238,0,I,6,6
1.95175243758653,72,1.01979376282543,0.931958674761104,1,C,7,6
91.9713812652348,72,1.09371815342456,70.9062818465754,0,I,8,6
18.2884645499287,72,1.20363463182002,17.0848299181087,1,C,9,6
74.5501223775883,72,1.2135809333995,70.7864190666005,0,I,10,6
33.242082649921,72,1.35013191495091,31.8919507349701,1,C,11,6
22.3618383803837,59.4302941913173,1.41711790580302,20.9447204745807,1,I,12,6
54.871996015327,72,1.65708367712796,53.214912338199,1,C,13,6
77.8416323531735,72,2.15959233697504,69.840407663025,0,I,14,6
7.03002762580793,72,2.2166235325858,4.81340409322213,1,C,15,6
84.9222022656901,72,2.45650798548013,69.5434920145199,0,I,16,6
55.1694413125376,72,2.51310178544372,52.6563395270939,1,C,17,6
60.3397919559133,72,2.52457811962813,57.8152138362852,1,I,18,6
6.60685543734759,72,2.55960980895907,4.04724562838852,1,C,19,6
19.1648866028548,72,2.56374376360327,16.6011428392515,1,I,20,6
182.957864243005,72,2.6319217029959,69.3680782970041,0,C,21,6
69.977073217636,72,2.71765692159534,67.2594162960407,1,I,22,6
6.58584848700026,72,2.74720810353756,3.83864038346271,1,C,23,6
32.5278783893579,72,3.0145748751238,29.5133035142341,1,I,24,6
21.821319608072,72,3.25164793990552,18.5696716681664,1,C,25,6
7.44662468970007,72,3.46913376823068,3.97749092146939,1,I,26,6
11.8726472986628,72,3.84960159659386,8.0230457020689,1,C,27,6
34.3373770434772,72,4.07123987562954,30.2661371678477,1,I,28,6
55.5750048784602,72,4.25914681982249,51.3158580586377,1,C,29,6
170.444259550102,72,4.36461943667382,67.6353805633262,0,I,30,6
183.124793609285,72,4.68052751384676,67.3194724861533,0,C,31,6
232.510706332112,72,4.71685765776783,67.2831423422322,0,I,32,6
42.6368875012217,29.652260768621,4.82893214095384,24.8233286276671,0,C,33,6
58.5166165886717,72,4.9056684365496,53.6109481521221,1,I,34,6
155.856716730211,72,5.2470799908042,66.7529200091958,0,C,35,6
136.526368304505,72,5.48470925074071,66.5152907492593,0,I,36,6
132.016223666562,72,5.58639700524509,66.4136029947549,0,C,37,6
40.1476145944221,72,5.80867838580161,34.3389362086205,1,I,38,6
224.222283178568,72,5.95360649283975,66.0463935071603,0,C,39,6
40.2915584770543,72,6.05488078203052,34.2366776950237,1,I,40,6
32.6391317341642,72,6.1065006069839,26.5326311271803,1,C,41,6
53.2836500146746,72,6.41425622161478,46.8693937930598,1,I,42,6
131.123416204871,72,6.80269043426961,65.1973095657304,0,C,43,6
159.205731119843,72,7.0239383680746,64.9760616319254,0,I,44,6
72.5758645148286,72,7.21330194734037,64.7866980526596,0,C,45,6
106.227648294198,72,7.38805493339896,64.611945066601,0,I,46,6
136.776236024474,72,7.4862429080531,64.5137570919469,0,C,47,6
54.625352501465,72,7.6395976357162,46.9857548657488,1,I,48,6
77.4142097608092,72,7.95198028441519,64.0480197155848,0,C,49,6
103.511867420653,72,8.22130708023906,63.7786929197609,0,I,50,6
9.38980819245079,72,8.40843023266643,0.981377959784361,1,C,51,6
29.9842208655383,72,8.73524530325085,21.2489755622875,1,I,52,6
216.883739013121,72,8.83459231350571,63.1654076864943,0,C,53,6
22.9534877398228,72,8.84138826280832,14.1120994770145,1,I,54,6
10.1497420050761,72,9.0875778766349,1.06216412844123,1,C,55,6
58.8629360110722,72,9.13053990807384,49.7323961029984,1,I,56,6
19.7796380733119,72,9.35059121344239,10.4290468598695,1,C,57,6
196.925553825694,72,9.39910288900137,62.6008971109986,0,I,58,6
183.862070775802,72,9.52842122409493,62.4715787759051,0,C,59,6
21.7593048323055,72,9.57131603267044,12.187988799635,1,I,60,6
185.870255536021,72,9.6958999754861,62.3041000245139,0,C,61,6
60.9642136349276,72,9.91182291414589,51.0523907207817,1,I,62,6
186.387329286781,72,10.1311676949263,61.8688323050737,0,C,63,6
41.1882690125834,72,10.4494627425447,30.7388062700387,1,I,64,6
22.1052309352299,72,10.7046903111041,11.4005406241259,1,C,65,6
133.287031640537,19.991997353539,11.260069780983,8.73192757255598,0,I,66,6
40.6184822346498,72,11.3184106070548,29.300071627595,1,C,67,6
65.0239050152195,72,11.4262552326545,53.597649782565,1,I,68,6
12.6596077013324,72,11.4580397447571,1.20156795657529,1,C,69,6
44.5411318609782,72,11.4582257531583,33.0829061078199,1,I,70,6
21.4860046734628,72,11.6187782166526,9.8672264568102,1,C,71,6
24.9119102334813,72,11.7309067351744,13.1810034983069,1,I,72,6
108.343333781674,72,11.732295434922,60.267704565078,0,C,73,6
174.963821626471,72,11.876724245958,60.123275754042,0,I,74,6
29.0566764221997,72,11.918727317825,17.1379491043747,1,C,75,6
18.3364896401676,72,12.0434599975124,6.29302964265521,1,I,76,6
99.6153796982602,72,12.3920691758394,59.6079308241606,0,C,77,6
77.3677899701152,72,12.4963301606476,59.5036698393524,0,I,78,6
14.4465840325126,72,12.526606223546,1.91997780896666,1,C,79,6
50.5856800589655,72,12.6654175110161,37.9202625479493,1,I,80,6
194.340139472237,72,12.7303594211116,59.2696405788884,0,C,81,6
13.8145048975935,72,12.8277955111116,0.98670938648192,1,I,82,6
39.3488635392101,72,12.8629907174036,26.4858728218065,1,C,83,6
28.9959686056069,72,12.8929750062525,16.1029935993544,1,I,84,6
46.1020370543697,72,13.246455299668,32.8555817547017,1,C,85,6
79.1546641016874,72,13.4089022688568,58.5910977311432,0,I,86,6
55.5167232828836,72,14.0383398486301,41.4783834342534,1,C,87,6
110.879284137019,72,14.1083452524617,57.8916547475383,0,I,88,6
15.7083143920975,72,14.1583293769509,1.5499850151466,1,C,89,6
44.0472943686363,61.9326489638941,14.2387778637931,29.8085165048432,1,I,90,6
24.4392478716872,72,14.4862246932462,9.95302317844098,1,C,91,6
47.0241970849592,72,14.6223943959922,32.401802688967,1,I,92,6
71.7046632082585,72,16.2999092973769,55.4047539108816,1,C,93,6
61.7898616213318,72,16.3015081034973,45.4883535178345,1,I,94,6
55.2705570790827,72,16.7416706169024,38.5288864621803,1,C,95,6
89.423526228747,72,16.8157840333879,55.1842159666121,0,I,96,6
53.5048764406886,72,16.8372540129349,36.6676224277538,1,C,97,6
41.9745495117913,72,16.8622137699276,25.1123357418637,1,I,98,6
66.5802506380759,72,16.8783976882696,49.7018529498062,1,C,99,6
77.8745756006112,72,16.9310177816078,55.0689822183922,0,I,100,6
26.6929103011875,72,17.1796291507781,9.51328115040942,1,C,101,6
28.4017263556123,72,17.2082691080868,11.1934572475255,1,I,102,6
28.0884267344786,72,17.39141412545,10.6970126090286,1,C,103,6
44.5150871980713,72,17.5413939775899,26.9736932204814,1,I,104,6
46.4619620491213,72,17.6187021005899,28.8432599485314,1,C,105,6
92.6390536420885,72,17.8574891248718,54.1425108751282,0,I,106,6
51.7194194115825,72,17.8644029377028,33.8550164738797,1,C,107,6
37.4579461695564,72,18.045890587382,19.4120555821744,1,I,108,6
70.7352600901247,72,18.1842259084806,52.5510341816441,1,C,109,6
37.3732330551526,72,18.3346754405648,19.0385576145878,1,I,110,6
46.8671862625484,72,18.361012917012,28.5061733455365,1,C,111,6
20.9572550998539,72,18.4825627086684,2.47469239118544,1,I,112,6
53.8563856869504,72,18.5704016592354,35.285984027715,1,C,113,6
36.8196927684754,72,18.7226820224896,18.0970107459858,1,I,114,6
52.4608925804156,72,18.9864613255486,33.474431254867,1,C,115,6
128.486638704188,72,19.3508708104491,52.6491291895509,0,I,116,6
93.0348869419594,72,19.3802409851924,52.6197590148076,0,C,117,6
178.483485328782,72,19.4747596839443,52.5252403160557,0,I,118,6
48.9225352772675,27.9917215091885,19.4775442220271,8.51417728716148,0,C,119,6
57.7825894695307,72,19.4780361978337,38.304553271697,1,I,120,6
90.8232305990121,72,19.6474780049175,52.3525219950825,0,C,121,6
162.825792490623,72,20.0471851648763,51.9528148351237,0,I,122,6
26.5769673883512,72,20.0591378007084,6.51782958764279,1,C,123,6
71.972786778688,40.2865137613718,20.5686123948544,19.7179013665174,0,I,124,6
46.8383091396794,72,20.6366432737559,26.2016658659235,1,C,125,6
86.6720345189807,72,20.688001262024,51.311998737976,0,I,126,6
36.4999299221801,72,20.6979777384549,15.8019521837251,1,C,127,6
58.5815771105983,72,20.7259501889348,37.8556269216635,1,I,128,6
36.4007994624956,72,20.7321026036516,15.668696858844,1,C,129,6
42.4048734649235,72,21.1184212658554,21.2864521990681,1,I,130,6
54.5384377285843,72,21.3127256277949,33.2257121007895,1,C,131,6
41.0602626268833,72,21.4189930306748,19.6412695962085,1,I,132,6
56.8659968401034,72,21.5060962736607,35.3599005664427,1,C,133,6
28.0261829545307,72,21.6189476754516,6.40723527907901,1,I,134,6
49.7156640064259,72,21.6830886807293,28.0325753256966,1,C,135,6
245.309597141659,72,21.8578705145046,50.1421294854954,0,I,136,6
23.4116964877193,72,21.9435675675049,1.46812892021439,1,C,137,6
42.5393113665854,72,22.0288907596841,20.5104206069013,1,I,138,6
86.6600135744515,72,22.0663133030757,49.9336866969243,0,C,139,6
39.6488991200785,72,22.091483194381,17.5574159256975,1,I,140,6
25.1246388016656,72,22.1031513344497,3.02148746721591,1,C,141,6
83.5037284752481,72,22.2004519449547,49.7995480550453,0,I,142,6
63.1179201280138,72,22.9183389013633,40.1995812266505,1,C,143,6
28.9316694638799,72,23.1572272907943,5.77444217308563,1,I,144,6
125.808800259052,72,23.2344955997542,48.7655044002459,0,C,145,6
94.5825733139172,72,23.5660255048424,48.4339744951576,0,I,146,6
36.9319113772513,72,23.7636921135709,13.1682192636804,1,C,147,6
110.142748822664,72,23.9867055416107,48.0132944583893,0,I,148,6
184.14458636833,72,24.2804068140686,47.7195931859315,0,C,149,6
120.950593043791,72,24.4271165085956,47.5728834914044,0,I,150,6
82.1487356598743,72,24.4352455576882,47.5647544423118,0,C,151,6
112.498645966576,72,24.6274485625327,47.3725514374673,0,I,152,6
24.8935401843226,72,24.7936407476664,0.0998994366562062,1,C,153,6
25.5580357855051,72,25.008001034148,0.550034751357101,1,I,154,6
53.8829538846076,72,25.0815582554787,28.8013956291289,1,C,155,6
66.1239134226248,72,25.184573829174,40.9393395934507,1,I,156,6
82.3351341618715,72,25.4474720684811,46.5525279315189,0,C,157,6
30.0745924193247,72,25.7155052572489,4.35908716207577,1,I,158,6
74.7403089481928,72,25.727007156238,46.272992843762,0,C,159,6
210.440771724183,72,25.8794121723622,46.1205878276378,0,I,160,6
45.4734170091626,72,26.0059275152162,19.4674894939464,1,C,161,6
228.230418726412,72,26.2533005559817,45.7466994440183,0,I,162,6
46.4476767424947,72,26.8573366524652,19.5903400900296,1,C,163,6
36.1008230532422,72,27.41507536266,8.68574769058217,1,I,164,6
174.818052926874,72,27.6343341171742,44.3656658828259,0,C,165,6
75.6781468618374,72,27.7198955370113,44.2801044629887,0,I,166,6
80.8940930372603,72,27.9685976263136,44.0314023736864,0,C,167,6
57.4048286286597,72,28.0930637195706,29.3117649090891,1,I,168,6
31.6954816704059,72,28.2189753698185,3.47650630058743,1,C,169,6
61.4737746992116,72,28.4987662173808,32.9750084818308,1,I,170,6
109.312837712027,72,29.179166899994,42.820833100006,0,C,171,6
30.8754661094071,72,29.3087688367814,1.56669727262571,1,I,172,6
138.679849492159,72,29.6244266442955,42.3755733557046,0,C,173,6
204.493035572272,72,29.633159651421,42.366840348579,0,I,174,6
132.197829959958,72,29.9604520853609,42.0395479146391,0,C,175,6
87.9453231944193,57.1774858072939,30.2032475732267,26.9742382340672,0,I,176,6
147.942055131328,72,30.4778957180679,41.5221042819321,0,C,177,6
123.271841088284,72,31.1665911879391,40.833408812061,0,I,178,6
53.3996273984973,72,31.3569237990305,22.0427035994668,1,C,179,6
31.9033540905095,72,31.550480062142,0.352874028367454,1,I,180,6
71.0456744927217,72,31.891587828286,39.1540866644357,1,C,181,6
37.1235806642404,72,32.1367777744308,4.98680288980957,1,I,182,6
45.9352633161756,72,32.5122901098803,13.4229732062953,1,C,183,6
39.7353149987835,72,32.5128516694531,7.22246332933039,1,I,184,6
106.864682236502,72,32.9779113410041,39.0220886589959,0,C,185,6
55.1709985794399,72,33.0063743283972,22.1646242510427,1,I,186,6
118.51521119062,72,33.1070536002517,38.8929463997483,0,C,187,6
60.7026198722133,72,33.2149462541565,27.4876736180568,1,I,188,6
165.7238627401,72,33.374023293145,38.625976706855,0,C,189,6
52.3030148526219,72,33.4175603371114,18.8854545155105,1,I,190,6
58.2912121054493,72,33.5130450222641,24.7781670831852,1,C,191,6
65.1451642295199,72,33.674613176845,31.4705510526749,1,I,192,6
36.0294968954298,72,33.8126841047779,2.2168127906519,1,C,193,6
91.0039473641862,72,33.9444281486794,38.0555718513206,0,I,194,6
51.2994294679333,72,33.9770326763392,17.3223967915941,1,C,195,6
137.251302455871,72,34.1430871747434,37.8569128252566,0,I,196,6
37.4640734124297,72,34.4356541102752,3.02841930215447,1,C,197,6
51.298551210153,72,34.7755671618506,16.5229840483024,1,I,198,6
50.0710809149499,72,34.7782205091789,15.292860405771,1,C,199,6
62.8386678788331,72,35.8772077923641,26.961460086469,1,I,200,6
115.178904596174,72,35.9784678881988,36.0215321118012,0,C,201,6
37.9469324804472,72,36.0256214020774,1.92131107836979,1,I,202,6
299.848939966842,72,36.1241139750928,35.8758860249072,0,C,203,6
126.51596793041,72,36.1532706767321,35.8467293232679,0,I,204,6
96.1337238430152,72,36.3262324361131,35.6737675638869,0,C,205,6
54.9140002461752,72,36.7958879610524,18.1181122851228,1,I,206,6
59.6402785060013,72,37.1260516997427,22.5142268062586,1,C,207,6
86.8850782380158,72,37.2787939757109,34.7212060242891,0,I,208,6
64.0801315485965,72,37.520326548256,26.5598050003405,1,C,209,6
44.5501702624242,72,37.5505654374138,6.99960482501045,1,I,210,6
68.0429862486791,72,37.8515799622983,30.1914062863809,1,C,211,6
73.7947120085931,72,37.9609280638397,34.0390719361603,0,I,212,6
52.4452730020905,72,38.0938340211287,14.3514389809618,1,C,213,6
129.815452418001,72,38.8431396055967,33.1568603944033,0,I,214,6
67.4480247571999,72,39.1024987539277,28.3455260032722,1,C,215,6
122.177334442501,72,39.1137430071831,32.8862569928169,0,I,216,6
39.5984000854892,72,39.5836447225884,0.0147553629008505,1,C,217,6
364.339897534358,72,39.6574118966237,32.3425881033763,0,I,218,6
54.989370368016,72,39.7864866536111,15.2028837144049,1,C,219,6
79.3743998503982,72,39.9097357783467,32.0902642216533,0,I,220,6
77.780953089509,72,40.1026460062712,31.8973539937288,0,C,221,6
52.7263008064723,72,40.8932164125145,11.8330843939578,1,I,222,6
108.807046989623,72,40.8939959434792,31.1060040565208,0,C,223,6
95.0534834411321,72,41.1043594451621,30.8956405548379,0,I,224,6
55.7806783705059,72,41.5186716243625,14.2620067461435,1,C,225,6
89.6154404669696,72,41.7077998258173,30.2922001741827,0,I,226,6
47.9285248261673,72,41.8132287170738,6.11529610909346,1,C,227,6
212.519002962788,72,42.2881976561621,29.7118023438379,0,I,228,6
47.4742972076251,72,42.3037835396826,5.1705136679425,1,C,229,6
64.0572263981515,72,42.3362448485568,21.7209815495947,1,I,230,6
55.5205635190636,72,42.440320411697,13.0802431073665,1,C,231,6
84.4861067162966,72,42.5119456741959,29.4880543258041,0,I,232,6
110.580402037271,72,42.5780260842294,29.4219739157707,0,C,233,6
228.73630367168,72,42.8264720225707,29.1735279774293,0,I,234,6
55.9268167334279,72,42.9723585862666,12.9544581471613,1,C,235,6
87.0564457951426,72,43.0621376121417,28.9378623878583,0,I,236,6
71.8467144725073,72,43.2884743670002,28.5582401055072,1,C,237,6
91.3154718102366,72,43.5768962698057,28.4231037301943,0,I,238,6
44.1228734205428,72,43.6262924876064,0.496580932936423,1,C,239,6
79.4092454616654,72,43.8056111242622,28.1943888757378,0,I,240,6
108.884591182141,72,44.0459794783965,27.9540205216035,0,C,241,6
51.5262886902844,72,44.0913630556315,7.43492563465285,1,I,242,6
219.283157477723,72,44.7365398239344,27.2634601760656,0,C,243,6
170.592198072968,72,44.9364169081673,27.0635830918327,0,I,244,6
65.1253986115273,72,44.9960353597999,20.1293632517274,1,C,245,6
91.557634766687,72,45.2081935247406,26.7918064752594,0,I,246,6
81.9446398091746,72,45.2140872040764,26.7859127959237,0,C,247,6
96.4779949562947,72,45.3601500252262,26.6398499747738,0,I,248,6
158.434719707407,72,45.3965609706938,26.6034390293062,0,C,249,6
159.124447562493,72,45.9153760364279,26.0846239635721,0,I,250,6
53.72434036973,72,46.0479915747419,7.67634879498806,1,C,251,6
74.1838314585894,72,46.1352505115792,25.8647494884208,0,I,252,6
59.3547035502474,72,46.1651817709208,13.1895217793267,1,C,253,6
86.0355094066702,72,46.300505627878,25.699494372122,0,I,254,6
134.237511547735,72,46.4086409518495,25.5913590481505,0,C,255,6
111.710718655432,72,46.5715630212799,25.4284369787201,0,I,256,6
191.859761979161,72,46.6159353777766,25.3840646222234,0,C,257,6
51.3464477658837,72,46.6920464113355,4.65440135454819,1,I,258,6
103.583474177956,72,47.1628034021705,24.8371965978295,0,C,259,6
86.646737070622,72,47.4973690928891,24.5026309071109,0,I,260,6
65.9306646558761,72,47.5802281871438,18.3504364687323,1,C,261,6
99.1108098574405,72,47.5963786337525,24.4036213662475,0,I,262,6
148.655803867345,72,47.8755117254332,24.1244882745668,0,C,263,6
142.883439762347,72,48.5865771397948,23.4134228602052,0,I,264,6
112.291907183498,72,48.5914000868797,23.4085999131203,0,C,265,6
74.4603058701045,72,48.696162798442,23.3038372015581,0,I,266,6
98.1847756431079,72,48.7718333490193,23.2281666509807,0,C,267,6
67.9916361963237,72,48.7850440246984,19.2065921716253,1,I,268,6
88.2361355445312,72,48.8830947317183,23.1169052682817,0,C,269,6
88.0093466487104,72,49.0878876065835,22.9121123934165,0,I,270,6
103.91993990969,72,49.2477051727474,22.7522948272526,0,C,271,6
83.7652036135421,72,49.9576152255759,22.0423847744241,0,I,272,6
53.8582239169315,72,50.1693649264053,3.68885899052625,1,C,273,6
97.3929961962048,72,50.2330485731363,21.7669514268637,0,I,274,6
68.9120277111717,72,51.4376088744029,17.4744188367687,1,C,275,6
157.269773299837,72,51.4565445994958,20.5434554005042,0,I,276,6
133.255023232039,72,51.4875587588176,20.5124412411824,0,C,277,6
124.960541908299,72,51.5870158653706,20.4129841346294,0,I,278,6
101.616615625682,72,51.8741399003193,20.1258600996807,0,C,279,6
181.052037913284,72,51.9828613288701,20.0171386711299,0,I,280,6
68.9869120584203,72,52.138656671159,16.8482553872613,1,C,281,6
87.7153032433147,72,52.2212513582781,19.7787486417219,0,I,282,6
53.6097867399283,72,52.4217773415148,1.18800939841342,1,C,283,6
82.9462697608067,72,52.4573611048982,19.5426388951018,0,I,284,6
72.4745510240448,72,52.7753592096269,19.2246407903731,0,C,285,6
56.9047911624942,72,53.0055405758321,3.89925058666211,1,I,286,6
249.950093640764,72,53.0997123895213,18.9002876104787,0,C,287,6
97.3617515517678,72,53.1134933419526,18.8865066580474,0,I,288,6
57.373262002282,72,53.2490943325684,4.12416766971369,1,C,289,6
129.465074291923,72,53.2911616237834,18.7088383762166,0,I,290,6
79.8082626257757,72,53.3285188302398,18.6714811697602,0,C,291,6
119.314474773316,70.3421458204872,53.3345445105806,17.0076013099066,0,I,292,6
112.319621377748,72,53.410322307609,18.589677692391,0,C,293,6
109.136513151461,72,53.4557868679985,18.5442131320015,0,I,294,6
96.2938427645902,72,53.6305059213191,18.3694940786809,0,C,295,6
57.7446640779334,72,53.9355912571773,3.80907282075611,1,I,296,6
75.2355010495504,72,54.1046081436798,17.8953918563202,0,C,297,6
57.6832157562692,72,54.1717917239294,3.51142403233988,1,I,298,6
206.191034855988,72,54.1907362919301,17.8092637080699,0,C,299,6
109.325259750306,72,54.9556437134743,17.0443562865257,0,I,300,6
89.5442977827817,72,55.092378789559,16.907621210441,0,C,301,6
57.1940210254697,72,55.5592741118744,1.63474691359526,1,I,302,6
69.2906663683742,72,55.653041806072,13.6376245623022,1,C,303,6
93.9194595042167,72,55.8815741026774,16.1184258973226,0,I,304,6
116.643295426994,72,55.9024657728151,16.097534227185,0,C,305,6
73.0532182790615,72,56.0355454171076,15.9644545828924,0,I,306,6
119.781761114649,72,56.0796174220741,15.9203825779259,0,C,307,6
153.520612223784,72,56.2979554804042,15.7020445195958,0,I,308,6
76.9881156121047,72,56.9744384195656,15.0255615804344,0,C,309,6
79.1961683242477,72,57.6332750916481,14.3667249083519,0,I,310,6
81.4976466783082,72,57.8361161565408,14.1638838434592,0,C,311,6
65.9506383779339,72,58.2438347814605,7.70680359647346,1,I,312,6
88.3508242735387,72,58.3324477588758,13.6675522411242,0,C,313,6
67.2144965445689,72,58.4434317983687,8.77106474620017,1,I,314,6
64.6933500117451,72,58.616244988516,6.0771050232291,1,C,315,6
99.2665799387712,72,58.9389707800001,13.0610292199999,0,I,316,6
316.448108276614,72,58.9501084713265,13.0498915286735,0,C,317,6
95.6906337244906,72,58.9573784731329,13.0426215268672,0,I,318,6
96.5051140087461,72,59.3446825677529,12.6553174322471,0,C,319,6
103.252534105925,72,59.5477608125657,12.4522391874343,0,I,320,6
142.13997183545,72,59.6324278693646,12.3675721306354,0,C,321,6
16.7599812703693,29.2736694734797,0.029491363093257,16.7304899072761,1,I,1,7
65.6265873248781,72,0.268317516893148,65.3582698079849,1,C,2,7
24.6026973188174,72,0.509804268367589,24.0928930504499,1,I,3,7
12.6539232811387,72,1.08111216221005,11.5728111189287,1,C,4,7
36.441387914522,61.5754878722232,1.09191250987351,35.3494754046485,1,I,5,7
66.7899005058832,72,1.09948731958866,65.6904131862946,1,C,6,7
10.5054281379879,72,1.17642107885331,9.32900705913455,1,I,7,7
76.5525786048505,72,1.56250529922545,70.4374947007746,0,C,8,7
65.0480810005693,69.093168793855,1.62317474372685,63.4249062568424,1,I,9,7
146.406208205651,72,1.87542320229113,70.1245767977089,0,C,10,7
30.1554959958617,72,1.94144070614129,28.2140552897204,1,I,11,7
10.7910504825102,72,2.57371272426099,8.21733775824924,1,C,12,7
89.0177532451959,72,2.66622686292976,69.3337731370702,0,I,13,7
42.3947829931653,72,2.69062155392021,39.7041614392451,1,C,14,7
20.6750571456077,72,3.21184154134244,17.4632156042653,1,I,15,7
57.0481600273924,72,3.26621225103736,53.781947776355,1,C,16,7
6.14219609057543,72,3.32403511740267,2.81816097317275,1,I,17,7
34.5676937193979,72,3.37333569768816,31.1943580217097,1,C,18,7
78.4833666706977,72,3.55448462069035,68.4455153793097,0,I,19,7
10.3483022156371,72,3.58617408201098,6.76212813362611,1,C,20,7
45.131657111328,72,3.76061777584255,41.3710393354855,1,I,21,7
43.2860046038055,72,3.80398188717663,39.4820227166288,1,C,22,7
53.2151585153823,72,3.84400641079992,49.3711521045824,1,I,23,7
20.1170705633974,72,4.04033445753157,16.0767361058658,1,C,24,7
12.4645488919804,72,4.85123011283577,7.61331877914462,1,I,25,7
9.87122562906302,72,4.85860509797931,5.01262053108371,1,C,26,7
23.9223077353367,72,5.39706428535283,18.5252434499839,1,I,27,7
15.6080453512378,72,5.67622808273882,9.93181726849894,1,C,28,7
104.936145405301,10.6445298902027,5.99689392372966,4.64763596647305,0,I,29,7
196.76536722971,72,6.28419801592827,65.7158019840717,0,C,30,7
72.7146386754939,72,6.50175203103572,65.4982479689643,0,I,31,7
23.0838712351796,72,6.80574886500835,16.2781223701712,1,C,32,7
40.0611222070217,72,6.92813117522746,33.1329910317943,1,I,33,7
130.690617247866,72,7.00350163970143,64.9964983602986,0,C,34,7
129.249173323299,72,7.17287748120725,64.8271225187928,0,I,35,7
18.4887925029969,72,7.19958207104355,11.2892104319533,1,C,36,7
7.44700912301215,72,7.19967228826135,0.247336834750792,1,I,37,7
59.8365056364877,72,7.21973574254662,52.616769893941,1,C,38,7
118.764612565504,72,7.30951764620841,64.6904823537916,0,I,39,7
119.244042876821,72,7.84098322503269,64.1590167749673,0,C,40,7
101.143895361658,72,7.87720637395978,64.1227936260402,0,I,41,7
41.976014613913,72,8.27642007730901,33.699594536604,1,C,42,7
97.0569554042605,72,8.30774911679328,63.6922508832067,0,I,43,7
30.8779235469637,72,8.34939324762672,22.528530299337,1,C,44,7
131.883319042584,72,8.40218174736947,63.5978182526305,0,I,45,7
218.737930214712,72,8.7379506463185,63.2620493536815,0,C,46,7
13.701317901842,72,8.93605404999107,4.76526385185095,1,I,47,7
64.7122075936908,72,8.95439331885427,55.7578142748365,1,C,48,7
47.9781758911221,72,8.98058638907969,38.9975895020424,1,I,49,7
13.1645713072386,58.1787548053749,9.01132293976843,4.15324836747015,1,C,50,7
32.7266322727577,72,9.31209694594145,23.4145353268163,1,I,51,7
34.0988689132961,72,9.34847747907043,24.7503914342256,1,C,52,7
16.3296748394233,72,9.46260355878621,6.86707128063704,1,I,53,7
180.6884053555,72,9.55972455907613,62.4402754409239,0,C,54,7
76.5223213529474,72,9.58823426160961,62.4117657383904,0,I,55,7
26.7049332603162,72,10.0559721328318,16.6489611274844,1,C,56,7
15.1843063054576,72,10.1163452910259,5.06796101443164,1,I,57,7
24.0456007379109,72,10.1577827939764,13.8878179439346,1,C,58,7
68.2930200223144,72,10.483752368018,57.8092676542963,1,I,59,7
13.3129234835074,72,10.6578587461263,2.65506473738107,1,C,60,7
21.709604964688,72,10.7681326987222,10.9414722659659,1,I,61,7
19.7767043901221,72,10.9635082678869,8.81319612223513,1,C,62,7
50.7011330573687,72,10.9807843063027,39.7203487510661,1,I,63,7
121.607138593437,72,11.3993512932211,60.6006487067789,0,C,64,7
18.4689483825407,72,11.8934623338282,6.57548604871247,1,I,65,7
28.4149385160242,72,11.945793684572,16.4691448314523,1,C,66,7
107.639700981721,72,11.9901542644948,60.0098457355052,0,I,67,7
38.2723357377652,72,12.0557572972029,26.2165784405623,1,C,68,7
175.142445228178,72,12.0777692226693,59.9222307773307,0,I,69,7
39.3681154556907,72,12.3519349750131,27.0161804806775,1,C,70,7
66.9136303812885,72,12.3577633453533,54.5558670359352,1,I,71,7
27.3883490561587,72,12.5508566061035,14.8374924500553,1,C,72,7
14.5935088937977,72,12.6821368932724,1.91137200052528,1,I,73,7
107.920927045317,72,12.7151740249246,59.2848259750754,0,C,74,7
253.087153131719,72,13.0954079842195,58.9045920157805,0,I,75,7
38.4387916327854,72,14.086889019236,24.3519026135494,1,C,76,7
30.7984021394918,72,14.3087552022189,16.4896469372729,1,I,77,7
107.371948942641,72,14.3396564852446,57.6603435147554,0,C,78,7
68.5886123767482,72,14.3635814124718,54.2250309642764,1,I,79,7
20.4350866511305,72,14.4158852985129,6.01920135261758,1,C,80,7
62.8349713198617,72,14.9504036363214,47.8845676835403,1,I,81,7
22.29385641674,72,15.0083693861961,7.28548703054391,1,C,82,7
76.9184417508005,72,15.5383102409542,56.4616897590458,0,I,83,7
147.436763597285,72,15.8446254674345,56.1553745325655,0,C,84,7
63.549377805485,72,15.8751919912174,47.6741858142676,1,I,85,7
19.8322252554865,72,16.1411519441754,3.69107331131118,1,C,86,7
20.5477975443697,72,16.2754007522017,4.27239679216797,1,I,87,7
32.512700089354,72,16.5386012429371,15.9740988464169,1,C,88,7
105.418437735086,72,16.558899236843,55.441100763157,0,I,89,7
87.7069242108335,72,16.6449461365119,55.3550538634881,0,C,90,7
62.9077413660154,72,17.0821372652426,45.8256041007728,1,I,91,7
97.1057627159897,72,17.2944888286293,54.7055111713708,0,C,92,7
118.615065392367,72,18.3410443738103,53.6589556261897,0,I,93,7
19.5568927795484,72,18.5467937355861,1.01009904396233,1,C,94,7
21.4794710338096,72,18.5766438860446,2.902827147765,1,I,95,7
46.3860629967646,72,18.5857853712514,27.8002776255132,1,C,96,7
90.2994595051584,50.0708722603323,18.6441340623423,31.42673819799,0,I,97,7
33.0997467345616,72,18.7428800482303,14.3568666863313,1,C,98,7
25.5801285569406,72,18.8480358989909,6.73209265794971,1,I,99,7
113.804271443116,72,19.0497538726777,52.9502461273223,0,C,100,7
44.4720789153233,72,19.0529855154455,25.4190933998778,1,I,101,7
117.779706893884,72,19.3516136705875,52.6483863294125,0,C,102,7
167.65477479969,72,19.8280305275694,52.1719694724307,0,I,103,7
36.6291345887943,72,20.9988235216588,15.6303110671355,1,C,104,7
27.0243701085223,72,21.0269414260983,5.99742868242392,1,I,105,7
30.6984834829082,72,21.0481188073754,9.65036467553274,1,C,106,7
33.4566214196386,72,21.2376178242266,12.219003595412,1,I,107,7
48.4196204076411,72,21.3442042004317,27.0754162072094,1,C,108,7
37.1640243428777,72,21.5227349242195,15.6412894186582,1,I,109,7
31.1288675108948,72,21.5650029340759,9.5638645768189,1,C,110,7
33.6897551308156,72,21.5803991630673,12.1093559677482,1,I,111,7
80.7504188471904,72,21.7538492241874,50.2461507758126,0,C,112,7
101.768114444304,72,21.7853183113039,50.2146816886962,0,I,113,7
35.0579393458555,72,22.4326272821054,12.6253120637501,1,C,114,7
34.103494259349,72,22.6516124932095,11.4518817661395,1,I,115,7
123.215546961546,72,22.6977253938094,49.3022746061906,0,C,116,7
81.131850355507,72,23.0439229169861,48.956077083014,0,I,117,7
33.0014886362585,72,23.1256949063391,9.87579372991942,1,C,118,7
28.4803723852318,72,23.4532651584595,5.02710722677227,1,I,119,7
50.6470427810061,72,23.6396467220038,27.0073960590022,1,C,120,7
25.9824004992985,50.0160895111173,23.7496130168438,2.2327874824547,1,I,121,7
64.3059014455842,72,23.9944540662691,40.3114473793151,1,C,122,7
64.180662194666,56.9788044941795,24.5961798727512,32.3826246214283,0,I,123,7
37.5041169900889,72,24.6062823291868,12.8978346609021,1,C,124,7
36.9382235052321,72,24.6858051046729,12.2524184005592,1,I,125,7
39.4628779185737,72,24.7296886704862,14.7331892480875,1,C,126,7
587.775875890934,72,25.0894528767094,46.9105471232906,0,I,127,7
84.5699876116647,72,25.4445167630911,46.5554832369089,0,C,128,7
56.9993734975435,59.7002453190477,25.4628338478506,31.536539649693,1,I,129,7
43.1006045080442,72,25.6997469859198,17.4008575221244,1,C,130,7
74.4360587164705,45.975830535179,25.9706597356126,20.0051707995664,0,I,131,7
57.843458023041,72,26.1501651350409,31.6932928880002,1,C,132,7
87.0261806351247,72,26.2360397167504,45.7639602832496,0,I,133,7
84.9801956203282,72,26.7229657061398,45.2770342938602,0,C,134,7
87.4560961990126,72,27.0693991659209,44.9306008340791,0,I,135,7
103.011629630099,72,27.4587391968817,44.5412608031184,0,C,136,7
41.2827119812622,72,27.8090510191396,13.4736609621226,1,I,137,7
49.8316091799364,72,28.2115879654884,21.6200212144479,1,C,138,7
261.093525114081,72,28.2634059106931,43.7365940893069,0,I,139,7
48.7183730840257,72,28.3741261297837,20.344246954242,1,C,140,7
32.5621658679657,72,29.0089484956116,3.5532173723541,1,I,141,7
75.955765547041,72,29.1460627131164,42.8539372868836,0,C,142,7
65.7080554030717,72,29.260570644401,36.4474847586706,1,I,143,7
163.522332395211,44.4404314777826,29.9708827072755,14.4695487705071,0,C,144,7
64.4639773596639,72,30.0482514454052,34.4157259142587,1,I,145,7
45.8754088250912,72,30.0579564040527,15.8174524210385,1,C,146,7
31.1098833441771,72,30.2150225127116,0.894860831465519,1,I,147,7
50.0945363593227,72,30.3406583564356,19.7538780028871,1,C,148,7
44.2170810925509,72,30.5762667534873,13.6408143390636,1,I,149,7
40.6232599254875,72,30.8375286078081,9.78573131767942,1,C,150,7
92.0117295846069,72,30.8897407399491,41.110259260051,0,I,151,7
87.9581593017337,72,31.3009837316349,40.6990162683651,0,C,152,7
88.2433193344943,72,31.6786678740755,40.3213321259245,0,I,153,7
46.7909382247078,72,31.8767456291243,14.9141925955835,1,C,154,7
69.8953834102905,72,32.0540784671903,37.8413049431002,1,I,155,7
98.0806944547345,72,32.0796744944528,39.9203255055472,0,C,156,7
94.1746521502235,72,32.0852234400809,39.9147765599191,0,I,157,7
104.071179441245,72,32.1910304948688,39.8089695051312,0,C,158,7
63.3080919389537,72,32.6947502698749,30.6133416690788,1,I,159,7
111.605761960793,72,32.9314430058002,39.0685569941998,0,C,160,7
37.242708189613,72,33.0024991091341,4.24020908047891,1,I,161,7
37.9477924123055,72,33.16685160622,4.78094080608545,1,C,162,7
136.973175947556,41.94432084449,33.266353905201,8.67796693928904,0,I,163,7
87.5477246565104,72,33.3938011759892,38.6061988240108,0,C,164,7
34.8302662197464,72,33.7300560157746,1.10021020397175,1,I,165,7
301.46143849346,72,33.7418663827702,38.2581336172298,0,C,166,7
157.469237603546,72,33.7988713709638,38.2011286290363,0,I,167,7
121.474077649338,72,33.967211083509,38.032788916491,0,C,168,7
55.0834128508633,72,34.2233078135178,20.8601050373455,1,I,169,7
40.7340720174372,72,34.6094715921208,6.12460042531634,1,C,170,7
46.8511799429883,72,35.2999749546871,11.5512049883012,1,I,171,7
62.6035263985631,72,35.4552592663094,27.1482671322537,1,C,172,7
36.7531810205387,72,35.4771939385682,1.27598708197043,1,I,173,7
117.677104706617,72,35.6105244113132,36.3894755886868,0,C,174,7
105.288919434847,72,35.6182587426156,36.3817412573844,0,I,175,7
67.3638909478377,72,35.8453809516504,31.5185099961872,1,C,176,7
125.754675251083,72,36.0612452588975,35.9387547411025,0,I,177,7
69.6869544812846,72,36.2040364276618,33.4829180536228,1,C,178,7
50.9463935956634,72,36.3782468950376,14.5681467006258,1,I,179,7
98.762345817288,72,36.5582981100306,35.4417018899694,0,C,180,7
58.5717449074749,72,36.6715778969228,21.9001670105521,1,I,181,7
51.2568548512599,72,36.7283299611881,14.5285248900718,1,C,182,7
92.6976072827284,72,36.7342776199803,35.2657223800197,0,I,183,7
40.0053717059381,72,36.8497629230842,3.15560878285389,1,C,184,7
122.42819467397,72,37.4472430720925,34.5527569279075,0,I,185,7
158.401189390821,72,37.5409885961562,34.4590114038438,0,C,186,7
55.7629074772353,72,37.7163404691964,18.0465670080388,1,I,187,7
58.8712428807015,72,37.7261404786259,21.1451024020756,1,C,188,7
69.9120032594777,72,37.8140875557438,32.097915703734,1,I,189,7
46.2376421868539,72,37.9993647476658,8.23827743918806,1,C,190,7
64.7517410699267,72,38.0621872376651,26.6895538322617,1,I,191,7
49.4947442903657,72,38.1476060394198,11.3471382509459,1,C,192,7
48.3204180329478,72,38.2298038294539,10.0906142034939,1,I,193,7
42.3492550097195,72,38.3427040837705,4.00655092594895,1,C,194,7
51.529266530067,72,38.6222596932203,12.9070068368468,1,I,195,7
53.3716627475808,45.2922507374863,39.5717389276251,5.72051180986122,0,C,196,7
49.1056935746031,72,39.8671434028074,9.23855017179572,1,I,197,7
53.2859208644904,72,39.9992152769119,13.2867055875785,1,C,198,7
50.2196549192013,72,40.2521211421117,9.96753377708954,1,I,199,7
90.4007053385636,72,40.4505727440119,31.5494272559881,0,C,200,7
46.8592513463862,72,40.5667769070715,6.2924744393147,1,I,201,7
217.199462923112,72,40.5821289354935,31.4178710645065,0,C,202,7
119.543246420919,72,40.6077439617366,31.3922560382634,0,I,203,7
131.520393011623,72,41.0228018369526,30.9771981630474,0,C,204,7
48.0826437309231,72,41.5081211971119,6.57452253381122,1,I,205,7
44.3137428146437,72,41.5350334206596,2.77870939398415,1,C,206,7
58.4264037507522,72,41.852261996828,16.5741417539241,1,I,207,7
147.670981507062,72,41.8608456803486,30.1391543196514,0,C,208,7
139.403697216692,58.5228189673176,41.9750132504851,16.5478057168325,0,I,209,7
43.3722014520323,72,42.5629462581128,0.809255193919541,1,C,210,7
67.4460588346273,72,42.7698379056528,24.6762209289745,1,I,211,7
54.7255430301077,72,42.8594841482118,11.8660588818959,1,C,212,7
109.537495240972,72,42.9179791733623,29.0820208266377,0,I,213,7
73.3886554534346,72,42.9847776750103,29.0152223249897,0,C,214,7
47.1829664417913,72,42.98493870534,4.19802773645129,1,I,215,7
71.3286413368457,72,43.1596097303554,28.1690316064902,1,C,216,7
115.83179049588,72,43.6693296069279,28.3306703930721,0,I,217,7
118.353046482001,72,43.8081798842177,28.1918201157823,0,C,218,7
184.146654116639,72,43.8278967468068,28.1721032531932,0,I,219,7
55.925383152915,72,44.1153109911829,11.8100721617321,1,C,220,7
98.903583711578,72,44.1512647038326,27.8487352961674,0,I,221,7
54.320233172965,72,44.1615323256701,10.1587008472948,1,C,222,7
67.4821059416914,72,44.2539883637801,23.2281175779114,1,I,223,7
106.686342409943,72,44.295756672509,27.704243327491,0,C,224,7
61.0469253180744,72,44.4540745345876,16.5928507834868,1,I,225,7
119.693181557758,72,44.7372800298035,27.2627199701965,0,C,226,7
131.240178563403,72,45.8068388001993,26.1931611998007,0,I,227,7
60.3021408711114,72,46.2850920623168,14.0170488087946,1,C,228,7
193.432477796417,72,46.3675016490743,25.6324983509257,0,I,229,7
56.031180578918,72,46.4815578656271,9.54962271329085,1,C,230,7
142.476609895937,72,46.7040444491431,25.2959555508569,0,I,231,7
70.5113078332595,72,47.0510090980679,23.4602987351916,1,C,232,7
161.763819381064,72,47.1526094991714,24.8473905008286,0,I,233,7
117.459222482144,72,47.3992756102234,24.6007243897766,0,C,234,7
63.8337775084235,72,47.4844974512234,16.3492800572001,1,I,235,7
132.637273642611,72,47.7921452466399,24.2078547533602,0,C,236,7
156.431455262619,72,47.9477464221418,24.0522535778582,0,I,237,7
76.1870559575731,72,48.3440550835803,23.6559449164197,0,C,238,7
93.8392518426101,72,48.6479471996427,23.3520528003573,0,I,239,7
150.90491561433,72,48.8793811993673,23.1206188006327,0,C,240,7
83.8348074222834,72,49.1746109258384,22.8253890741617,0,I,241,7
59.7595587625599,72,49.2482104618102,10.5113483007496,1,C,242,7
99.8069750015863,72,49.2587062809616,22.7412937190384,0,I,243,7
70.0934382999184,72,49.9594798777252,20.1339584221931,1,C,244,7
90.9782461364393,72,50.0874147517607,21.9125852482393,0,I,245,7
141.824021905328,72,50.2065150300041,21.7934849699959,0,C,246,7
162.759154838545,72,50.2888293145225,21.7111706854776,0,I,247,7
122.460031436064,72,50.3647282859311,21.635271714069,0,C,248,7
92.163845786134,72,50.4394766595215,21.5605233404785,0,I,249,7
112.52181134522,72,50.8099018083885,21.1900981916115,0,C,250,7
229.383993263719,72,50.8951150299981,21.1048849700019,0,I,251,7
149.933476270515,72,51.4704623166472,20.5295376833528,0,C,252,7
96.4544295972713,72,51.9785755779594,20.0214244220406,0,I,253,7
62.6657752825624,72,51.9891387736425,10.6766365089199,1,C,254,7
80.8943299214091,72,52.057616757229,19.942383242771,0,I,255,7
306.657523449356,72,52.1424429444596,19.8575570555404,0,C,256,7
58.9187575478554,72,52.2259213915095,6.69283615634591,1,I,257,7
165.116234739234,72,52.2508056694642,19.7491943305358,0,C,258,7
79.7800637748317,72,52.4615513999015,19.5384486000985,0,I,259,7
57.8888352253583,72,52.8411868074909,5.04764841786744,1,C,260,7
146.101063285608,72,52.9297681571916,19.0702318428084,0,I,261,7
72.3457801688387,72,53.2042038487271,18.795796151273,0,C,262,7
177.328570015603,72,53.6592128360644,18.3407871639356,0,I,263,7
137.502994778288,72,53.6852751206607,18.3147248793393,0,C,264,7
88.9861862365459,72,53.6906962422654,18.3093037577346,0,I,265,7
125.851176213783,72,53.6955560976639,18.3044439023361,0,C,266,7
91.1655689606251,72,53.8374293223023,18.1625706776977,0,I,267,7
143.168570035723,72,54.1801252355799,17.8198747644201,0,C,268,7
59.7483798216935,72,54.5005351491272,5.24784467256625,1,I,269,7
102.68228919017,72,54.6913215424866,17.3086784575135,0,C,270,7
55.1919491258295,72,54.8135926108807,0.378356514948736,1,I,271,7
146.590832785592,72,55.1152222976089,16.8847777023912,0,C,272,7
119.669486201365,72,55.1847486197949,16.8152513802052,0,I,273,7
57.1565421110283,72,55.2577915275469,1.89875058348134,1,C,274,7
205.712877004656,72,55.3445823630318,16.6554176369682,0,I,275,7
100.494114918811,72,55.4869607370347,16.5130392629653,0,C,276,7
171.80021220237,72,55.5045302538201,16.4954697461799,0,I,277,7
83.6872115795683,72,55.6685725506395,16.3314274493605,0,C,278,7
148.341673821821,72,55.7401818735525,16.2598181264475,0,I,279,7
75.3061784347268,72,55.8594591356814,16.1405408643186,0,C,280,7
63.8375959286112,72,55.864137369208,7.97345855940318,1,I,281,7
181.43011454855,72,55.8863435313106,16.1136564686894,0,C,282,7
57.7585439231597,72,56.2509060837328,1.50763783942688,1,I,283,7
93.0360456261447,72,56.4999719895423,15.5000280104578,0,C,284,7
218.412111272209,72,56.7712803231552,15.2287196768448,0,I,285,7
100.789442615483,72,56.8696276796982,15.1303723203018,0,C,286,7
61.1052718897652,72,56.9421543739736,4.16311751579157,1,I,287,7
72.3334562587214,72,56.9520745100454,15.0479254899547,0,C,288,7
146.395849879544,72,57.0769970538095,14.9230029461905,0,I,289,7
148.137825745473,72,57.3068182636052,14.6931817363948,0,C,290,7
94.5001226867018,72,57.3071557050571,14.6928442949429,0,I,291,7
93.6961782606741,72,57.9117949074134,14.0882050925866,0,C,292,7
62.3898955391621,72,58.1064476352185,4.28344790394356,1,I,293,7
58.2663805197593,72,58.25245751068,0.0139230090792966,1,C,294,7
134.193497188334,72,59.0332272509113,12.9667727490887,0,I,295,7
76.879003776036,72,59.0860160579905,12.9139839420095,0,C,296,7
61.6134373703942,72,59.1744835395366,2.43895383085757,1,I,297,7
141.590425134927,72,59.1797154257074,12.8202845742926,0,C,298,7
72.8840501341825,72,59.2952056322247,12.7047943677753,0,I,299,7
93.4823275627087,72,59.3675744952634,12.6324255047366,0,C,300,7
103.745178721772,72,59.46384139359,12.53615860641,0,I,301,7
195.749634387627,72,59.6280829701573,12.3719170298427,0,C,302,7
378.103390941937,72,59.6575795440003,12.3424204559997,0,I,303,7
71.2251872289175,72,59.6791678760201,11.5460193528974,1,C,304,7
81.945547118072,72,59.9035297427326,12.0964702572674,0,I,305,7
7.45647952378338,72,0.0652001425623894,7.39127938122099,1,I,1,8
143.645111465716,72,0.170230083167553,71.8297699168325,0,C,2,8
33.2396665314152,72,0.250248494558036,32.9894180368572,1,I,3,8
18.7623860300306,72,0.349753210321069,18.4126328197095,1,C,4,8
76.2700222166406,72,0.625646403059363,71.3743535969406,0,I,5,8
48.2021532894354,72,0.698350025340915,47.5038032640944,1,C,6,8
46.710403824278,72,0.718487589620054,45.9919162346579,1,I,7,8
6.00826405605142,72,0.747366864234209,5.26089719181721,1,C,8,8
6.7720911438106,72,0.829622223973274,5.94246891983733,1,I,9,8
36.4439653767686,72,0.997031894512475,35.4469334822562,1,C,10,8
3.70002224824915,72,1.0398907866329,2.66013146161625,1,I,11,8
65.7828262239399,72,1.24379466287792,64.539031561062,1,C,12,8
6.8782944076863,72,1.34077459573746,5.53751981194885,1,I,13,8
51.3884381992412,72,1.41231127548963,49.9761269237516,1,C,14,8
257.720095802012,72,1.55149457976222,70.4485054202378,0,I,15,8
109.614796108517,72,1.61291258409619,70.3870874159038,0,C,16,8
84.0454012909118,72,1.72734755091369,70.2726524490863,0,I,17,8
60.0915028179148,72,1.79833279922605,58.2931700186888,1,C,18,8
5.13951115480352,72,2.30122434441,2.83828681039352,1,I,19,8
68.1050392887091,72,2.30472545139492,65.8003138373142,1,C,20,8
10.94377131713,72,3.10519056860358,7.83858074852641,1,I,21,8
26.9768260158618,72,3.1415884103626,23.8352376054992,1,C,22,8
24.0497974584096,72,3.27783630229533,20.7719611561142,1,I,23,8
24.4499772080057,72,3.28727202024311,21.1627051877625,1,C,24,8
22.2510379613793,72,3.63907158840448,18.6119663729748,1,I,25,8
193.918802052956,72,3.85356006212533,68.1464399378747,0,C,26,8
18.2754763922547,72,4.21728115528822,14.0581952369665,1,I,27,8
129.394036849469,72,4.50633033178747,67.4936696682125,0,C,28,8
165.587985897404,72,4.74199230317026,67.2580076968297,0,I,29,8
75.6778179518727,72,4.79696680326015,67.2030331967399,0,C,30,8
70.7291306015349,72,4.81029503513128,65.9188355664037,1,I,31,8
230.091274570927,72,5.02585764974356,66.9741423502564,0,C,32,8
27.8805867343189,72,5.44719236902893,22.4333943652899,1,I,33,8
40.2107730167649,72,5.45272258110344,34.7580504356615,1,C,34,8
17.9227323698162,72,5.84265705663711,12.0800753131791,1,I,35,8
10.3152943738938,72,5.90616694651544,4.40912742737841,1,C,36,8
26.9708304035923,72,5.95248098485172,21.0183494187406,1,I,37,8
133.569818968366,72,6.43566041719168,65.5643395828083,0,C,38,8
33.1602365136867,72,6.88288810662925,26.2773484070575,1,I,39,8
52.5534208750223,72,7.15496967080981,45.3984512042125,1,C,40,8
226.540394589864,72,7.25788766518235,64.7421123348177,0,I,41,8
32.0695778604417,72,7.34087456949055,24.7287032909511,1,C,42,8
17.1836664282781,72,7.45767513290048,9.7259912953776,1,I,43,8
13.1201015064145,72,7.88214853964746,5.237952966767,1,C,44,8
125.772732509121,72,7.92394728865475,64.0760527113453,0,I,45,8
168.37702001245,61.8868418222207,8.43697807285935,53.4498637493614,0,C,46,8
15.2687597697506,72,8.61793524585664,6.65082452389394,1,I,47,8
27.2662183927683,72,8.67596672382206,18.5902516689462,1,C,48,8
116.775709640763,72,9.03132973238826,62.9686702676117,0,I,49,8
11.9175002663202,72,9.28060172125697,2.63689854506325,1,C,50,8
17.1511888723463,72,9.47212228551507,7.67906658683119,1,I,51,8
39.3231728703456,72,9.54343417659402,29.7797386937515,1,C,52,8
50.2569031628521,72,9.85909264069051,40.3978105221616,1,I,53,8
99.1482156758033,72,9.86066505778581,62.1393349422142,0,C,54,8
93.2375328095325,72,9.91779886186123,62.0822011381388,0,I,55,8
50.0117653175396,72,10.1960257999599,39.8157395175797,1,C,56,8
51.2292637437851,72,10.2230833657086,41.0061803780765,1,I,57,8
30.3623206358399,72,10.3684677695856,19.9938528662544,1,C,58,8
10.5329713788084,72,10.4810265870765,0.0519447917318978,1,I,59,8
132.735911945767,72,10.7549248309806,61.2450751690194,0,C,60,8
25.195527222999,72,11.0605572955683,14.1349699274308,1,I,61,8
32.6539854961206,72,11.0639120684937,21.5900734276269,1,C,62,8
114.971190170327,72,11.5976064372808,60.4023935627192,0,I,63,8
259.438198775572,72,11.7461733939126,60.2538266060874,0,C,64,8
38.953249851203,72,11.7828874988481,27.1703623523548,1,I,65,8
28.4457496528897,72,12.0973904896528,16.3483591632369,1,C,66,8
101.622238243058,72,12.1077703312039,59.8922296687961,0,I,67,8
39.6120205544888,72,12.3444182798266,27.2676022746622,1,C,68,8
95.4299635356971,72,12.4227897450328,59.5772102549672,0,I,69,8
121.1067683911,72,12.5382380839437,59.4617619160563,0,C,70,8
47.9410196736897,72,12.5444294884801,35.3965901852096,1,I,71,8
29.6724419556164,21.7598807463588,12.8634154284373,8.8964653179215,0,C,72,8
28.9329634260982,72,12.8732632705942,16.059700155504,1,I,73,8
40.7229506139996,72,12.903221170418,27.8197294435816,1,C,74,8
163.18737382703,72,12.9186950577423,59.0813049422577,0,I,75,8
38.1767369810803,72,13.1613224605098,25.0154145205705,1,C,76,8
163.289761003138,72,13.235191963613,58.764808036387,0,I,77,8
48.3788334126181,72,13.5036859195679,34.8751474930501,1,C,78,8
122.942507688803,72,13.6442617792636,58.3557382207364,0,I,79,8
45.5738176944478,72,13.7052077287808,31.868609965667,1,C,80,8
204.801523024829,72,13.7848744494841,58.215125550516,0,I,81,8
69.451593070666,72,13.81743861828,55.634154452386,1,C,82,8
25.1676289448633,57.5609838911421,13.8283976353705,11.3392313094928,1,I,83,8
52.178324589175,72,13.8456691615284,38.3326554276466,1,C,84,8
21.5035525131713,72,13.8717604614794,7.63179205169192,1,I,85,8
110.967464519698,72,14.2975688399747,57.7024311600253,0,C,86,8
44.1746949460478,72,14.57294809632,29.6017468497278,1,I,87,8
77.5217302577423,72,14.9172671092674,57.0827328907326,0,C,88,8
51.9120069012949,72,15.1356397010386,36.7763672002563,1,I,89,8
41.0759949330077,72,15.306274490431,25.7697204425767,1,C,90,8
192.664524863993,72,15.5958757130429,56.4041242869571,0,I,91,8
20.7094918424317,72,15.6124209333211,5.09707090911062,1,C,92,8
25.3037072478897,72,15.8058895356953,9.49781771219437,1,I,93,8
36.1793845292194,72,16.1369959032163,20.0423886260031,1,C,94,8
37.0312004154128,72,16.2784521700814,20.7527482453314,1,I,95,8
17.0790714131796,72,16.3576898211613,0.721381592018274,1,C,96,8
179.805544854586,72,16.4027512958273,55.5972487041727,0,I,97,8
31.6300662026845,72,16.6343225352466,14.9957436674378,1,C,98,8
21.7667346755661,72,16.7435134761035,5.02322119946251,1,I,99,8
53.0111965931249,72,17.1574788400903,35.8537177530346,1,C,100,8
33.9621400598575,72,17.4093499174342,16.5527901424233,1,I,101,8
39.519244722633,72,17.7116343565285,21.8076103661045,1,C,102,8
86.6925517057662,72,17.717750268057,54.282249731943,0,I,103,8
26.7782789322128,72,18.0419761547819,8.73630277743095,1,C,104,8
23.9194573555965,72,18.1693020276725,5.75015532792395,1,I,105,8
51.0450777988134,72,18.2455646339804,32.799513164833,1,C,106,8
58.0657861104052,72,18.262086706236,39.8036994041692,1,I,107,8
23.9430833840733,72,18.4721982479095,5.4708851361638,1,C,108,8
67.6191919959642,72,18.5051396861672,49.1140523097969,1,I,109,8
117.654262829227,72,18.6467207316309,53.3532792683691,0,C,110,8
55.7852676102096,72,18.6618998274207,37.1233677827889,1,I,111,8
93.4080655314776,72,19.4452654849738,52.5547345150262,0,C,112,8
97.1109312622623,72,19.8175988718867,52.1824011281133,0,I,113,8
42.07527673748,72,20.0742351589724,22.0010415785076,1,C,114,8
66.0126066588063,72,20.4604298947379,45.5521767640684,1,I,115,8
228.811538434965,72,20.4898704076186,51.5101295923814,0,C,116,8
237.404955542878,72,20.6204700144008,51.3795299855992,0,I,117,8
20.9971099630243,72,20.7289037620649,0.268206200959455,1,C,118,8
21.9653642634999,72,20.7819776795805,1.18338658391942,1,I,119,8
68.8403370982601,72,21.2696673581377,47.5706697401224,1,C,120,8
144.942789803917,72,21.2874918663874,50.7125081336126,0,I,121,8
65.1716399494804,72,21.3083579856902,43.8632819637902,1,C,122,8
101.023619092551,72,21.3510782970116,50.6489217029885,0,I,123,8
26.4027162499015,72,21.3778334157541,5.0248828341474,1,C,124,8
131.683721130611,72,21.3987890118733,50.6012109881267,0,I,125,8
155.375312435394,72,21.4152098726481,50.5847901273519,0,C,126,8
24.3307547394946,72,21.5447927545756,2.78596198491897,1,I,127,8
38.0261153142245,72,21.5701385959983,16.4559767182262,1,C,128,8
82.3216116938073,72,21.5836337814108,50.4163662185893,0,I,129,8
32.5323249487599,72,21.5948442416266,10.9374807071334,1,C,130,8
39.9583655281264,72,21.8463759915903,18.1119895365361,1,I,131,8
25.2604204223015,72,21.896375133656,3.36404528864552,1,C,132,8
51.5049263452196,72,21.9157130364329,29.5892133087867,1,I,133,8
28.7270378164892,72,22.0743054617196,6.65273235476961,1,C,134,8
34.3993862767702,72,22.1175407292321,12.2818455475381,1,I,135,8
31.6147142976143,72,22.4767840281129,9.13793026950142,1,C,136,8
50.5664903660282,72,22.5075998157263,28.0588905503019,1,I,137,8
186.301936447301,72,22.5555839203298,49.4444160796702,0,C,138,8
44.6981738389505,72,22.6419979054481,22.0561759335024,1,I,139,8
215.514745735104,72,22.8015472926199,49.1984527073801,0,C,140,8
43.0996454370517,72,22.9777341708541,20.1219112661976,1,I,141,8
77.6872355221859,72,23.0062304623425,48.9937695376575,0,C,142,8
27.4791886409116,72,23.2114855153486,4.267703125563,1,I,143,8
30.6453158560682,72,23.3053937042132,7.339922151855,1,C,144,8
52.8179243102149,72,23.4545202506706,29.3634040595443,1,I,145,8
83.0623805057266,72,23.6974660120904,48.3025339879096,0,C,146,8
35.355344997323,72,23.7965289736167,11.5588160237063,1,I,147,8
50.7992653571367,72,24.0808527963236,26.7184125608131,1,C,148,8
152.698130937631,72,24.110166518949,47.889833481051,0,I,149,8
28.2372964560969,72,24.1225749906153,4.11472146548166,1,C,150,8
57.4713671324308,72,24.2395567428321,33.2318103895987,1,I,151,8
49.8892655586266,72,24.8515081498772,25.0377574087494,1,C,152,8
111.592100507513,72,25.0069400249049,46.9930599750951,0,I,153,8
44.502321149088,72,25.3820484643802,19.1202726847078,1,C,154,8
40.265001620386,72,25.4292671754956,14.8357344448904,1,I,155,8
102.680054463423,72,25.4988307831809,46.5011692168191,0,C,156,8
47.9790798456792,72,25.6856615887955,22.2934182568838,1,I,157,8
107.361858874696,72,25.7845497317612,46.2154502682388,0,C,158,8
66.331964643891,72,25.9193079220131,40.4126567218779,1,I,159,8
94.0242975330067,72,26.1179167963564,45.8820832036436,0,C,160,8
41.4287910311643,72,26.491596987471,14.9371940436933,1,I,161,8
27.8229847496009,72,26.9891226338223,0.833862115778661,1,C,162,8
51.6066235829856,72,27.103409813717,24.5032137692686,1,I,163,8
53.8789193953366,72,27.2666335478425,26.6122858474941,1,C,164,8
76.1905591158823,72,27.6747983554378,44.3252016445622,0,I,165,8
63.4201539538808,72,27.713653058745,35.7065008951358,1,C,166,8
83.61140925125,72,27.7514759358019,44.2485240641981,0,I,167,8
43.7953069862419,72,28.5354754189029,15.259831567339,1,C,168,8
86.7306252691817,72,28.8182673091069,43.1817326908931,0,I,169,8
91.192426960703,72,29.0235851844773,42.9764148155227,0,C,170,8
49.5003152633243,72,29.0771354176104,20.4231798457139,1,I,171,8
110.746363746602,51.0718425864648,29.1811459651217,21.8906966213431,0,C,172,8
40.5464908490286,72,29.7468873532489,10.7996034957797,1,I,173,8
44.9412253142088,72,29.880853202194,15.0603721120148,1,C,174,8
87.798785470776,72,29.9807969061658,42.0192030938342,0,I,175,8
76.2134889424828,72,30.2654054760933,41.7345945239067,0,C,176,8
95.7549005114085,72,30.9237186145037,41.0762813854963,0,I,177,8
111.506819913016,72,31.4227693481371,40.5772306518629,0,C,178,8
42.5576477713714,72,31.5214757155627,11.0361720558087,1,I,179,8
53.3141484229845,72,31.5976206678897,21.7165277550948,1,C,180,8
103.950344457087,72,31.6114077530801,40.3885922469199,0,I,181,8
199.66107581294,72,31.8039321759716,40.1960678240284,0,C,182,8
41.6151964616467,72,32.4222564417869,9.19294001985984,1,I,183,8
269.486833776103,72,32.6083816029131,39.3916183970869,0,C,184,8
129.724550992714,72,32.7556336764246,39.2443663235754,0,I,185,8
151.820840706377,67.3288480979002,33.3081917557865,34.0206563421136,0,C,186,8
175.881704924864,72,33.3894032612443,38.6105967387557,0,I,187,8
115.471759041135,72,33.4177451161668,38.5822548838332,0,C,188,8
44.6171082584486,72,33.4686133917421,11.1484948667064,1,I,189,8
63.758714468196,37.5821520858601,33.4739379398525,4.10821414600757,0,C,190,8
121.333307028785,72,33.7933785840869,38.2066214159131,0,I,191,8
54.47321629947,72,33.8219950441271,20.6512212553429,1,C,192,8
40.1021070826654,72,33.9766363659874,6.12547071667799,1,I,193,8
35.4808646349332,72,33.9861724292859,1.49469220564723,1,C,194,8
68.6442369594653,72,34.0617845160887,34.5824524433766,1,I,195,8
82.8906831426338,72,34.2694319458678,37.7305680541322,0,C,196,8
138.795306707735,72,34.5406711148098,37.4593288851902,0,I,197,8
159.856297550957,72,34.6468549780548,37.3531450219452,0,C,198,8
61.2270258598865,72,34.9146130168811,26.3124128430055,1,I,199,8
37.6509089440074,72,35.1312675978988,2.51964134610859,1,C,200,8
54.3737936295846,72,35.2549349097535,19.1188587198311,1,I,201,8
191.397948586622,72,35.3373056743294,36.6626943256706,0,C,202,8
77.6795138395252,72,35.3825042909011,36.6174957090989,0,I,203,8
122.620513196019,72,35.4085178067908,36.5914821932092,0,C,204,8
63.2420311489528,72,35.6744048092514,27.5676263397014,1,I,205,8
118.287791093263,72,35.6946311937645,36.3053688062355,0,C,206,8
85.5719844142089,72,35.8700083801523,36.1299916198477,0,I,207,8
65.3029701485348,72,35.9822477353737,29.3207224131612,1,C,208,8
208.663312977531,72,36.5160291222855,35.4839708777145,0,I,209,8
187.399424955666,72,36.5376533288509,35.4623466711491,0,C,210,8
58.4543533920024,72,36.7126133898273,21.7417400021751,1,I,211,8
130.284389797176,72,36.7804305721074,35.2195694278926,0,C,212,8
57.9768500830786,72,36.9115585042164,21.0652915788623,1,I,213,8
55.3623898363052,72,37.2945037158206,18.0678861204846,1,C,214,8
101.775845736374,72,37.902137953788,34.097862046212,0,I,215,8
53.5535884156601,72,38.086317605339,15.4672708103211,1,C,216,8
65.2860736853951,72,38.189254947938,27.0968187374571,1,I,217,8
101.973696233097,72,38.3291465230286,33.6708534769714,0,C,218,8
95.4986757897671,72,38.4561450686306,33.5438549313694,0,I,219,8
64.9034621209792,72,38.5071062296629,26.3963558913163,1,C,220,8
58.6108900193074,72,38.9737965445966,19.6370934747108,1,I,221,8
123.993617321073,72,39.3273093318567,32.6726906681433,0,C,222,8
76.7400339124901,72,39.3740000249818,32.6259999750182,0,I,223,8
114.105350308712,72,39.8730072565377,32.1269927434623,0,C,224,8
179.46181164158,72,40.009407713078,31.990592286922,0,I,225,8
94.62922459389,72,40.0719139678404,31.9280860321596,0,C,226,8
46.1447724790081,72,41.1145362211391,5.03023625786894,1,I,227,8
142.215654124179,72,41.2066805362701,30.7933194637299,0,C,228,8
46.9447472609048,72,41.5045915497467,5.44015571115809,1,I,229,8
49.9917205527667,72,41.5612265747041,8.43049397806263,1,C,230,8
76.0610291583772,72,41.6049495292828,30.3950504707173,0,I,231,8
117.535597973777,72,41.7267864290625,30.2732135709375,0,C,232,8
44.7018173982924,72,41.8917637132108,2.8100536850816,1,I,233,8
56.5191142633563,72,41.9077136646956,14.6114005986606,1,C,234,8
54.0520638616375,72,42.4219814362004,11.6300824254371,1,I,235,8
137.119531040562,72,42.5730136921629,29.4269863078371,0,C,236,8
57.3281370178106,72,42.6626391196623,14.6654978981483,1,I,237,8
47.596740608634,72,42.7939562033862,4.80278440524782,1,C,238,8
89.9588696983224,72,42.8136208327487,29.1863791672513,0,I,239,8
100.997135208704,72,42.8153863549233,29.1846136450768,0,C,240,8
59.6873660087908,72,42.9578799800947,16.7294860286961,1,I,241,8
91.2917585963491,72,43.1536025181413,28.8463974818587,0,C,242,8
51.369563222784,69.8513452679386,43.7494458910078,7.62011733177626,1,I,243,8
112.828128295766,72,44.0188769018278,27.9811230981723,0,C,244,8
265.696862478215,72,44.1343579581007,27.8656420418993,0,I,245,8
51.7833740739172,72,44.5643403707072,7.21903370320996,1,C,246,8
353.738187251218,72,44.7882091579959,27.2117908420041,0,I,247,8
84.1055438279966,72,44.8967134812847,27.1032865187153,0,C,248,8
137.193023582691,72,44.9081482971087,27.0918517028913,0,I,249,8
55.4629195560344,72,44.9813378183171,10.4815817377173,1,C,250,8
103.252029679551,72,45.0867411307991,26.9132588692009,0,I,251,8
55.3872560613889,72,45.135086090304,10.2521699710849,1,C,252,8
74.6120799389845,72,45.8292627241463,26.1707372758538,0,I,253,8
99.2668853068523,72,45.8797608688474,26.1202391311526,0,C,254,8
50.1176262742665,72,45.9802783979103,4.13734787635619,1,I,255,8
70.6174373227905,72,46.3085600081831,24.3088773146074,1,C,256,8
80.256203954553,72,46.7031364515424,25.2968635484576,0,I,257,8
58.163321837799,72,46.8913482455537,11.2719735922453,1,C,258,8
150.085545212507,72,47.2221288923174,24.7778711076826,0,I,259,8
173.28956788701,72,47.4712296249345,24.5287703750655,0,C,260,8
68.0376491392236,72,47.888953126967,20.1486960122567,1,I,261,8
75.1439867104174,72,48.2086658896878,23.7913341103122,0,C,262,8
119.332207708528,72,48.4094755304977,23.5905244695023,0,I,263,8
53.2392634599073,72,48.5060613183305,4.73320214157687,1,C,264,8
102.331021859774,72,48.6867621587589,23.3132378412411,0,I,265,8
135.56111887557,72,49.1096107056364,22.8903892943636,0,C,266,8
62.9617912225929,72,49.222315675579,13.7394755470139,1,I,267,8
64.7306252143359,72,49.4035733677447,15.3270518465912,1,C,268,8
71.9559685394017,72,49.476546314545,22.4794222248568,1,I,269,8
173.594607777978,72,49.5511978212744,22.4488021787256,0,C,270,8
190.812663657969,72,49.6559806633741,22.3440193366259,0,I,271,8
176.343901101161,72,49.6741467202082,22.3258532797918,0,C,272,8
87.5538906216624,72,49.8199015203863,22.1800984796137,0,I,273,8
66.6706102130134,72,50.1437507383525,16.5268594746608,1,C,274,8
119.876066183167,72,50.3513125190511,21.6486874809489,0,I,275,8
59.1495031975021,72,50.3947837650776,8.75471943242447,1,C,276,8
67.5870697794765,72,50.4373088339344,17.1497609455421,1,I,277,8
132.441600610824,72,50.5119944550097,21.4880055449903,0,C,278,8
89.3300533630151,72,50.5614088615403,21.4385911384597,0,I,279,8
57.8311452709556,72,50.564324632287,7.26682063866852,1,C,280,8
59.9562781847425,72,50.8839418273419,9.07233635740063,1,I,281,8
133.965565272366,72,51.232734080404,20.767265919596,0,C,282,8
138.992896468023,72,51.3354210695252,20.6645789304748,0,I,283,8
52.3811962186495,72,51.6145166940987,0.766679524550834,1,C,284,8
144.515715279189,72,51.6478364635259,20.3521635364741,0,I,285,8
78.2435549726252,72,51.8413535831496,20.1586464168504,0,C,286,8
104.208659014126,72,52.2407032130286,19.7592967869714,0,I,287,8
148.896748208859,72,52.3170720320195,19.6829279679805,0,C,288,8
53.3599067856426,72,52.4145067948848,0.945399990757834,1,I,289,8
142.160245536181,72,52.5394773809239,19.4605226190761,0,C,290,8
90.0235513933755,72,52.7432864159346,19.2567135840654,0,I,291,8
75.7701001684934,72,53.4534280188382,18.5465719811618,0,C,292,8
60.5462754766219,72,53.5437132278457,7.0025622487762,1,I,293,8
55.1744762653039,72,53.5841733589768,1.59030290632703,1,C,294,8
140.356556058682,72,53.6430341424421,18.356965857558,0,I,295,8
188.476716777031,72,53.8374526938424,18.1625473061577,0,C,296,8
120.385658578998,72,53.9805967686698,18.0194032313302,0,I,297,8
57.8503751232466,72,54.0904007060453,3.75997441720131,1,C,298,8
97.8139865378792,72,54.3671503197402,17.6328496802598,0,I,299,8
77.2284949621815,72,54.666993864812,17.333006135188,0,C,300,8
64.6852212319576,72,54.6695867506787,10.0156344812789,1,I,301,8
56.2081351048911,72,54.8026204202324,1.4055146846587,1,C,302,8
146.236990178829,72,54.8941791476682,17.1058208523318,0,I,303,8
106.067113882677,72,55.0799852935597,16.9200147064403,0,C,304,8
65.6669467636195,72,55.0823101820424,10.5846365815771,1,I,305,8
75.3861865369522,72,55.3132999548689,16.6867000451311,0,C,306,8
158.345216527478,72,55.6261599669233,16.3738400330767,0,I,307,8
96.8723186761721,72,55.784459291026,16.215540708974,0,C,308,8
100.20052868485,72,55.8445349335671,16.155465066433,0,I,309,8
118.465441963112,72,55.9997934568673,16.0002065431327,0,C,310,8
114.753196105161,71.5766911988017,56.1193410214037,15.457350177398,0,I,311,8
74.5522596515523,72,56.4301490178332,15.5698509821668,0,C,312,8
168.646639826514,72,56.4959812397137,15.5040187602863,0,I,313,8
100.536668483408,72,56.5986134670675,15.4013865329325,0,C,314,8
70.6676382307115,72,56.6550171095878,14.0126211211237,1,I,315,8
181.389560991073,72,56.7145974794403,15.2854025205597,0,C,316,8
182.52793356524,72,57.1841265633702,14.8158734366298,0,I,317,8
63.043387934407,72,57.3358270945028,5.70756083990428,1,C,318,8
79.9100947740705,72,57.6513936929405,14.3486063070595,0,I,319,8
76.7042624716182,72,58.0131368804723,13.9868631195277,0,C,320,8
79.8600950372976,72,58.1900297664106,13.8099702335894,0,I,321,8
126.06610802838,72,58.943388001062,13.056611998938,0,C,322,8
86.762537080541,72,59.0159209817648,12.9840790182352,0,I,323,8
68.7527226180347,72,59.1742072580382,9.57851535999644,1,C,324,8
220.623041828937,72,59.2220860999078,12.7779139000922,0,I,325,8
60.3661499218155,72,59.3027877202258,1.06336220158976,1,C,326,8
129.173304295047,72,59.490295574069,12.509704425931,0,I,327,8
128.533050799284,72,59.6060399618,12.3939600382,0,C,328,8
190.924134924011,72,59.6644443785772,12.3355556214228,0,I,329,8
89.6640124834188,72,59.7739764070138,12.2260235929862,0,C,330,8
303.1983228975,72,59.9546795664355,12.0453204335645,0,I,331,8
118.595856346726,72,0.0332840764895082,71.9667159235105,0,I,1,9
10.3904831733854,72,0.368781248107553,10.0217019252778,1,C,2,9
56.7327158184134,72,0.467149293981493,56.2655665244319,1,I,3,9
230.248308149194,72,0.799460797570646,71.2005392024294,0,C,4,9
9.82462431694703,72,0.956971384584904,8.86765293236212,1,I,5,9
45.2429567791973,72,1.20459688827395,44.0383598909234,1,C,6,9
93.0941829174086,72,1.55673057306558,70.4432694269344,0,I,7,9
5.89085930342455,28.6702186228184,1.95193138439208,3.93892791903247,1,C,8,9
58.4921313146117,72,1.95395386777818,56.5381774468335,1,I,9,9
80.7117531079524,72,2.30206073261797,69.697939267382,0,C,10,9
8.92803558654379,72,2.61066789273173,6.31736769381207,1,I,11,9
18.5536946378505,72,2.62671595439315,15.9269786834573,1,C,12,9
44.4396965473301,72,2.75767975486815,41.6820167924619,1,I,13,9
39.5823525996801,72,2.81144738662988,36.7709052130502,1,C,14,9
74.1534173507765,72,3.02541790064424,68.9745820993558,0,I,15,9
89.2481466957156,72,3.44194689765573,68.5580531023443,0,C,16,9
300.224572983219,72,3.50263244938105,68.497367550619,0,I,17,9
76.5268745593928,72,3.50935655180365,68.4906434481964,0,C,18,9
34.5364878452093,72,3.73789429664612,30.7985935485632,1,I,19,9
117.515371508431,35.4092373727435,3.76265287399292,31.6465844987505,0,C,20,9
115.345860282234,72,4.16575857438147,67.8342414256185,0,I,21,9
70.2826698115149,72,4.806944495067,65.4757253164479,1,C,22,9
24.1126480180175,72,4.8873804230243,19.2252675949932,1,I,23,9
135.388753163239,72,5.53771992679685,66.4622800732032,0,C,24,9
103.113974984799,72,5.75887698680162,66.2411230131984,0,I,25,9
22.0165136619217,72,5.8015162171796,16.2149974447421,1,C,26,9
7.12949914229508,72,5.98888092208654,1.14061822020854,1,I,27,9
70.6204455238074,72,6.16599182132632,64.4544537024811,1,C,28,9
52.5808263257029,72,6.30702787544578,46.2737984502571,1,I,29,9
103.970755912675,72,6.46122795995325,65.5387720400468,0,C,30,9
9.83141096608732,72,6.75034433137626,3.08106663471107,1,I,31,9
13.9043906037099,72,7.23357433453202,6.67081626917789,1,C,32,9
168.901692394347,72,7.96972341835499,64.030276581645,0,I,33,9
44.9423458920481,72,8.05110794026405,36.891237951784,1,C,34,9
21.3510659648569,72,8.20910895243287,13.141957012424,1,I,35,9
17.8538606081583,72,8.45529585611075,9.39856475204756,1,C,36,9
17.7277654174118,72,8.51745532359928,9.21031009381256,1,I,37,9
29.8223522083865,72,8.90300361905247,20.919348589334,1,C,38,9
91.026242360605,72,9.3282100232318,62.6717899767682,0,I,39,9
11.3863857061749,72,9.33315495494753,2.0532307512274,1,C,40,9
34.2604362678041,72,9.66326366644353,24.5971726013606,1,I,41,9
196.481376805408,72,10.5648837564513,61.4351162435487,0,C,42,9
61.1100914631732,72,10.8277032058686,50.2823882573046,1,I,43,9
100.781367674534,72,10.9889500401914,61.0110499598086,0,C,44,9
49.6783497452108,72,11.4782719407231,38.2000778044877,1,I,45,9
128.454375629416,72,11.9975365698338,60.0024634301663,0,C,46,9
25.5054479078448,72,12.0313538750634,13.4740940327814,1,I,47,9
24.8359473080945,72,12.0470786048099,12.7888687032846,1,C,48,9
80.0910261583126,72,12.1516660787165,59.8483339212835,0,I,49,9
158.96686837288,72,12.1593642421067,59.8406357578933,0,C,50,9
21.1802253531029,72,12.353097461164,8.82712789193891,1,I,51,9
16.8793427174043,72,12.7767539117485,4.10258880565573,1,C,52,9
96.1361682349207,72,13.1676857778803,58.8323142221198,0,I,53,9
29.8299649772971,72,13.3554313424975,16.4745336347996,1,C,54,9
21.0399533051658,72,13.384230080992,7.65572322417385,1,I,55,9
47.8884794198841,72,13.573846151121,34.3146332687631,1,C,56,9
26.5650645155325,72,13.7288033170626,12.83626119847,1,I,57,9
56.1501185755651,72,13.801822043024,42.3482965325411,1,C,58,9
27.2769301252206,72,13.8475519046187,13.4293782206019,1,I,59,9
44.8513502211788,72,13.9613993559033,30.8899508652756,1,C,60,9
20.8056394138546,72,14.4104361534119,6.39520326044269,1,I,61,9
19.9958805178955,72,14.4743221672252,5.52155835067036,1,C,62,9
65.9377247797978,72,14.8319981060922,51.1057266737056,1,I,63,9
74.4449300305,72,15.4464708874002,56.5535291125998,0,C,64,9
107.704317443738,72,15.4975370038301,56.5024629961699,0,I,65,9
89.6464258881755,72,15.7591350004077,56.2408649995923,0,C,66,9
39.7202368631551,72,15.8211933402345,23.8990435229206,1,I,67,9
30.4745611730495,72,15.8510168502107,14.6235443228388,1,C,68,9
183.285982416198,72,16.9079181505367,55.0920818494633,0,I,69,9
50.9978659297098,72,17.1273604407907,33.8705054889191,1,C,70,9
39.4516087679252,72,17.1310500008985,22.3205587670266,1,I,71,9
50.7390458800539,72,17.5267394771799,33.2123064028739,1,C,72,9
35.6985699922498,72,17.6110000815243,18.0875699107255,1,I,73,9
58.5783235003309,72,17.6867354800925,40.8915880202384,1,C,74,9
19.2345232075138,72,17.8274047421291,1.40711846538463,1,I,75,9
46.552547200532,36.9300209149197,17.8946498176083,19.0353710973114,0,C,76,9
87.7925992784848,72,18.0415957001969,53.9584042998031,0,I,77,9
25.2043147030945,72,18.1232711579651,7.08104354512945,1,C,78,9
171.421478743303,72,18.3484315965325,53.6515684034675,0,I,79,9
136.558418895512,72,18.4384418232366,53.5615581767634,0,C,80,9
50.5841480009504,72,18.5018653655425,32.0822826354079,1,I,81,9
63.9932801713327,72,19.2631071433425,44.7301730279902,1,C,82,9
34.4589809416784,72,19.4239772390574,15.035003702621,1,I,83,9
56.1138176390695,72,19.4479866139591,36.6658310251104,1,C,84,9
100.526303032798,72,19.6324374480173,52.3675625519827,0,I,85,9
315.891775276243,36.2913381705611,19.8841904243454,16.4071477462157,0,C,86,9
119.724289212193,72,20.1555307209492,51.8444692790508,0,I,87,9
62.529159816218,72,20.6843906454742,41.8447691707438,1,C,88,9
26.8589289410533,72,20.7298629870638,6.12906595398945,1,I,89,9
24.7829616174332,72,21.1418026685715,3.64115894886173,1,C,90,9
111.685447695533,72,21.2576502515003,50.7423497484997,0,I,91,9
72.8009178663587,72,21.5856014192104,50.4143985807896,0,C,92,9
28.2622024496029,72,21.6850060829893,6.57719636661361,1,I,93,9
43.2894434891395,72,21.6896739928052,21.5997694963344,1,C,94,9
142.050241949537,72,21.8496957421303,50.1503042578697,0,I,95,9
22.9472726515476,72,21.8778121238574,1.06946052769016,1,C,96,9
52.7860094225125,72,21.931805354543,30.8542040679695,1,I,97,9
67.1267649973775,72,22.5738696567714,44.5528953406061,1,C,98,9
44.6357425507824,72,22.63184286654,22.0038996842425,1,I,99,9
41.5984580087585,72,22.6490622572601,18.9493957514984,1,C,100,9
111.607430268945,72,22.9762027831748,49.0237972168252,0,I,101,9
82.0904241043582,72,23.3159338776022,48.6840661223978,0,C,102,9
202.323582814074,72,23.3636629907414,48.6363370092586,0,I,103,9
142.347888250093,72,23.7840423407033,48.2159576592967,0,C,104,9
83.9321512335231,72,23.8905487535521,48.1094512464479,0,I,105,9
27.0592715618138,72,23.9442626573145,3.11500890449926,1,C,106,9
41.2179037348872,72,24.0161432046443,17.2017605302429,1,I,107,9
47.1092085876793,55.686030619766,24.2076623160392,22.9015462716401,1,C,108,9
34.9695429206094,72,24.5393255492672,10.4302173713421,1,I,109,9
125.769245226137,72,24.9458712106571,47.0541287893429,0,C,110,9
40.1710117271387,72,24.9487655097619,15.2222462173768,1,I,111,9
51.7626945186638,72,24.9821159709245,26.7805785477393,1,C,112,9
39.1999521243286,72,25.0068419007584,14.1931102235702,1,I,113,9
70.7641866201728,72,25.1057106535882,45.6584759665846,1,C,114,9
37.3988290707442,72,25.2324927365407,12.1663363342034,1,I,115,9
46.8394043562029,72,25.7058238517493,21.1335805044536,1,C,116,9
118.38848001412,72,25.9442091593519,46.0557908406481,0,I,117,9
71.0604757871324,72,26.0466512711719,45.0138245159606,1,C,118,9
54.612113904082,72,26.0852071316913,28.5269067723907,1,I,119,9
71.1441496161285,72,26.0914551001042,45.0526945160242,1,C,120,9
96.6691460927353,72,26.6678876476362,45.3321123523638,0,I,121,9
232.527600108426,72,26.7897203145549,45.2102796854451,0,C,122,9
98.4552817475396,72,26.8044545687735,45.1955454312265,0,I,123,9
49.1865575409808,72,27.964013046585,21.2225444943958,1,C,124,9
36.0100958319987,72,28.0303385574371,7.97975727456165,1,I,125,9
142.857261967991,72,28.1030330434442,43.8969669565558,0,C,126,9
121.643787459427,36.4980993233549,28.1581138540059,8.33998546934895,0,I,127,9
44.5927384863377,72,28.2254334166646,16.3673050696731,1,C,128,9
198.249717472416,72,28.3146781520918,43.6853218479082,0,I,129,9
95.9591832865249,72,28.3252188563347,43.6747811436653,0,C,130,9
30.48597977495,50.2860083285333,28.3911774074659,2.09480236748408,1,I,131,9
77.3319651322551,72,28.4106747061014,43.5893252938986,0,C,132,9
126.699438273793,72,28.6733093205839,43.3266906794161,0,I,133,9
131.49981557955,72,29.0541792986915,42.9458207013086,0,C,134,9
46.8439122919711,72,29.3464545719326,17.4974577200385,1,I,135,9
234.343422001176,72,30.0750244176015,41.9249755823985,0,C,136,9
41.6843811753545,72,30.1230610068887,11.5613201684658,1,I,137,9
84.7914531182675,72,30.6824940210208,41.3175059789792,0,C,138,9
31.1006619889471,72,30.6932712625712,0.407390726375853,1,I,139,9
162.182406667524,72,30.7697264989838,41.2302735010162,0,C,140,9
97.1069870120395,72,31.1892810277641,40.8107189722359,0,I,141,9
82.359906251868,72,31.2993577960879,40.7006422039121,0,C,142,9
87.6606277136753,72,31.8047273531556,40.1952726468444,0,I,143,9
33.7700060470786,72,32.2846072493121,1.48539879776652,1,C,144,9
44.4475019003292,72,32.4289492238313,12.0185526764979,1,I,145,9
143.489500968338,72,32.9438732005656,39.0561267994344,0,C,146,9
57.76240807641,72,33.3322558645159,24.4301522118941,1,I,147,9
173.500050768662,72,33.3352807117626,38.6647192882374,0,C,148,9
61.6352686481197,72,33.338377433829,28.2968912142907,1,I,149,9
115.412869821052,72,33.3451669989154,38.6548330010846,0,C,150,9
130.526627131755,72,33.463487662375,38.536512337625,0,I,151,9
35.2342803909025,72,33.5274330060929,1.70684738480955,1,C,152,9
54.5589789154427,72,33.7470085825771,20.8119703328655,1,I,153,9
57.1877370210015,72,33.8332951348275,23.354441886174,1,C,154,9
96.4715307573294,72,33.8692932855338,38.1307067144662,0,I,155,9
62.6440143094285,72,34.5585491554812,28.0854651539474,1,C,156,9
75.0894188252468,72,34.7082210564986,37.2917789435014,0,I,157,9
65.2069142627157,72,34.7910663764924,30.4158478862233,1,C,158,9
120.294578908888,72,34.9529775744304,37.0470224255696,0,I,159,9
35.906165848202,72,35.0185771845281,0.887588663673897,1,C,160,9
51.8565432632711,72,35.0577400904149,16.7988031728562,1,I,161,9
165.824764436627,72,35.2624511299655,36.7375488700345,0,C,162,9
77.8523851702177,72,35.4758671950549,36.5241328049451,0,I,163,9
88.0904217755804,72,35.6645623175427,36.3354376824573,0,C,164,9
257.78117783067,72,35.6921639945358,36.3078360054642,0,I,165,9
187.655219290305,72,35.790981031023,36.209018968977,0,C,166,9
51.0221185919729,72,35.8629385381937,15.1591800537792,1,I,167,9
48.8449178687387,72,35.8979245601222,12.9469933086165,1,C,168,9
63.0016562129499,72,35.8979426790029,27.103713533947,1,I,169,9
42.4936062430806,72,36.0416537895799,6.45195245350077,1,C,170,9
187.63907961571,72,36.1472551105544,35.8527448894456,0,I,171,9
115.948764496285,72,36.2001617113128,35.7998382886872,0,C,172,9
108.814076620527,72,36.4412414235994,35.5587585764006,0,I,173,9
221.689010465581,72,36.4735610643402,35.5264389356598,0,C,174,9
46.1007492881934,72,36.5040737204254,9.59667556776804,1,I,175,9
114.768993959616,72,36.5350613091141,35.4649386908859,0,C,176,9
104.440180913326,72,36.7107078200206,35.2892921799794,0,I,177,9
69.9036340109233,72,36.8545683240518,33.0490656868715,1,C,178,9
62.3360273989002,72,36.8809342291206,25.4550931697796,1,I,179,9
116.872007797889,72,36.9270585710183,35.0729414289817,0,C,180,9
43.1290137103896,48.1581712756497,37.0235307700932,6.10548294029643,1,I,181,9
96.5283078547648,72,37.2480397671461,34.7519602328539,0,C,182,9
95.8898035128374,72,37.88613460958,34.11386539042,0,I,183,9
121.26793671275,72,37.8946352144703,34.1053647855297,0,C,184,9
52.2289523608439,72,38.0351797956973,14.1937725651466,1,I,185,9
134.745077613287,72,38.1700913328677,33.8299086671323,0,C,186,9
85.8884827625893,72,38.3001776458696,33.6998223541305,0,I,187,9
121.365603848254,72,38.4014001209289,33.5985998790711,0,C,188,9
112.029279888761,72,38.5760144283995,33.4239855716005,0,I,189,9
118.568427844926,72,38.6608164198697,33.3391835801303,0,C,190,9
106.591618340303,72,39.0550532564521,32.9449467435479,0,I,191,9
65.2266918255687,72,39.1116710985079,26.1150207270608,1,C,192,9
101.771222149343,72,39.1727223526686,32.8272776473314,0,I,193,9
121.85221958442,72,39.1947831446305,32.8052168553695,0,C,194,9
51.1371334119788,72,39.5287330588326,11.6084003531462,1,I,195,9
69.8645446772112,72,39.7921192646027,30.0724254126085,1,C,196,9
75.8245946343198,72,39.9332963163033,32.0667036836967,0,I,197,9
44.7598657112377,72,39.9620206933469,4.79784501789081,1,C,198,9
92.8269114081728,72,40.1146694133058,31.8853305866942,0,I,199,9
221.144902093557,72,40.5243560113013,31.4756439886987,0,C,200,9
101.588502178778,72,41.0060523217544,30.9939476782456,0,I,201,9
62.3683454525453,72,41.4426929689944,20.925652483551,1,C,202,9
89.6610467505597,72,41.5319198090583,30.4680801909417,0,I,203,9
46.3223914775717,72,41.7112212628126,4.61117021475906,1,C,204,9
43.2572226377406,72,42.0196843938902,1.23753824385041,1,I,205,9
67.3864113010765,72,42.5612238328904,24.8251874681861,1,C,206,9
103.099816009556,72,43.0455113388598,28.9544886611402,0,I,207,9
101.988836776252,72,43.2056134706363,28.7943865293637,0,C,208,9
71.1134386913815,72,43.3198066754267,27.7936320159548,1,I,209,9
161.075065390234,72,43.479336546734,28.520663453266,0,C,210,9
192.41486978395,72,43.5527848592028,28.4472151407972,0,I,211,9
135.416708951357,72,43.6085745831952,28.3914254168049,0,C,212,9
182.581747048229,72,43.6562056560069,28.3437943439931,0,I,213,9
274.264126975484,72,43.8612434500828,28.1387565499172,0,C,214,9
125.428868999615,72,44.0714483521879,27.9285516478121,0,I,215,9
57.1349696775322,72,44.2573649156839,12.8776047618483,1,C,216,9
48.3698044032188,72,44.3932871427387,3.97651726048011,1,I,217,9
115.96619443981,72,44.5032342290506,27.4967657709494,0,C,218,9
72.367125541819,72,45.2733933879063,26.7266066120938,0,I,219,9
114.426960988713,51.6793359235983,45.9198212251067,5.75951469849159,0,C,220,9
50.8154921456293,72,46.0172727517784,4.7982193938509,1,I,221,9
378.419478521497,72,46.3562491396442,25.6437508603558,0,C,222,9
93.3615299707944,72,46.3712345715612,25.6287654284388,0,I,223,9
243.886347833247,72,46.5288171451539,25.4711828548461,0,C,224,9
51.3721371317889,72,46.7276399116963,4.64449722009258,1,I,225,9
104.168970357725,72,46.7860144469887,25.2139855530113,0,C,226,9
62.8248919041927,72,46.8140907213092,16.0108011828835,1,I,227,9
183.067963974528,72,46.8297239625827,25.1702760374174,0,C,228,9
74.0943183597705,72,46.8607951048762,25.1392048951238,0,I,229,9
69.0096810857895,72,46.9745247345418,22.0351563512477,1,C,230,9
112.992704777553,72,47.1797516522929,24.8202483477071,0,I,231,9
111.972905350403,72,48.0000925948843,23.9999074051157,0,C,232,9
164.072366476464,72,48.203755938448,23.796244061552,0,I,233,9
160.422706213485,72,48.4193111211062,23.5806888788939,0,C,234,9
73.3575255577436,72,48.4238947648555,23.5761052351445,0,I,235,9
53.6497161833862,72,48.4989214455709,5.15079473781527,1,C,236,9
200.235377728184,72,48.7734712008387,23.2265287991613,0,I,237,9
86.0788780227343,72,48.7914049671963,23.2085950328037,0,C,238,9
54.1409991176254,72,49.3204790074378,4.82052011018761,1,I,239,9
52.1712720797298,72,49.3680305080488,2.803241571681,1,C,240,9
62.1982668411712,54.8692209950449,49.4311577500776,5.43806324496737,0,I,241,9
278.468089250611,72,49.5128805236891,22.4871194763109,0,C,242,9
57.0671202912988,72,49.5558205526322,7.51129973866663,1,I,243,9
55.5079417809406,72,49.6351267816499,5.87281499929074,1,C,244,9
63.8232413483433,72,49.8452748823911,13.9779664659522,1,I,245,9
70.6792315562375,72,49.9206767650321,20.7585547912054,1,C,246,9
89.8453397360302,72,49.9283002736047,22.0716997263953,0,I,247,9
81.2974758774992,72,50.0381948472932,21.9618051527068,0,C,248,9
113.111113564068,72,50.0662820320576,21.9337179679424,0,I,249,9
62.3706123013219,72,50.1979589648545,12.1726533364674,1,C,250,9
140.742109820123,72,50.2337281638756,21.7662718361244,0,I,251,9
131.553492600766,72,50.2359894616529,21.7640105383471,0,C,252,9
104.083769512723,72,50.5504867248237,21.4495132751763,0,I,253,9
218.015226187629,65.4326436136795,50.5649058194831,14.8677377941964,0,C,254,9
165.176872258691,72,50.741365486756,21.258634513244,0,I,255,9
60.2229271971709,72,51.1334251938388,9.08950200333213,1,C,256,9
71.8258476124706,72,51.1852910835296,20.640556528941,1,I,257,9
62.0483321010528,72,51.3215161627159,10.7268159383369,1,C,258,9
92.3566718048424,72,51.575323920697,20.424676079303,0,I,259,9
83.4778651223301,72,52.0541678275913,19.9458321724087,0,C,260,9
122.680900800026,72,52.2367264470086,19.7632735529915,0,I,261,9
67.0908676069685,72,52.6395672513172,14.4513003556513,1,C,262,9
289.7109108856,72,52.9190252535045,19.0809747464955,0,I,263,9
100.037027870873,72,53.2266351766884,18.7733648233116,0,C,264,9
124.554600541098,72,53.2295134523884,18.7704865476117,0,I,265,9
59.5982682139282,72,53.2677666423842,6.33050157154396,1,C,266,9
150.567811942542,55.5030376070247,53.2981723872945,2.20486521973022,0,I,267,9
53.6249376499153,72,53.3224819041789,0.302455745736404,1,C,268,9
118.141780934825,72,53.4548367513344,18.5451632486656,0,I,269,9
95.7176782819873,72,53.6639391817153,18.3360608182848,0,C,270,9
135.951332201931,72,53.7143532419577,18.2856467580423,0,I,271,9
58.7723128633442,72,53.7295722216368,5.04274064170746,1,C,272,9
116.444743015702,72,53.771906546317,18.228093453683,0,I,273,9
86.0082809303772,72,53.9071881445125,18.0928118554875,0,C,274,9
72.9755570107467,72,53.9752152794972,18.0247847205028,0,I,275,9
92.7878310764629,72,53.9985056826845,18.0014943173155,0,C,276,9
84.8115358930743,72,54.4444211153314,17.5555788846687,0,I,277,9
119.851537205069,72,54.578805975616,17.421194024384,0,C,278,9
158.010737434385,72,54.6833921922371,17.3166078077629,0,I,279,9
107.045615902789,72,54.9798070918769,17.0201929081231,0,C,280,9
66.368204722191,72,55.4654778214172,10.9027269007738,1,I,281,9
129.269442437053,72,55.6687512947246,16.3312487052754,0,C,282,9
143.421784224186,72,55.7222848618403,16.2777151381597,0,I,283,9
72.4117336446812,72,55.8117972733453,16.1882027266547,0,C,284,9
312.086383881221,72,56.3183455215767,15.6816544784233,0,I,285,9
64.306194009699,72,56.3472670130432,7.95892699665585,1,C,286,9
117.767180710525,72,56.910582985729,15.089417014271,0,I,287,9
98.2949669090041,72,57.290082089603,14.7099179103971,0,C,288,9
58.1857034492917,72,57.3328709369525,0.852832512339182,1,I,289,9
95.6558140672814,72,57.4188447743654,14.5811552256346,0,C,290,9
57.6951676163388,72,57.4306082585827,0.264559357756124,1,I,291,9
137.949494314343,72,57.4856390012428,14.5143609987572,0,C,292,9
111.086337940889,72,57.5811036257073,14.4188963742927,0,I,293,9
106.388181115908,72,57.586004761979,14.413995238021,0,C,294,9
104.688934150012,72,57.628738260828,14.371261739172,0,I,295,9
101.57173025124,72,58.3129160525277,13.6870839474723,0,C,296,9
103.599816644431,72,58.4355564275757,13.5644435724244,0,I,297,9
67.4105291969452,72,58.4758607530966,8.93466844384855,1,C,298,9
78.9640249202254,72,58.4839152172208,13.5160847827792,0,I,299,9
59.6432995459098,72,59.0971110435203,0.546188502389482,1,C,300,9
291.296438068827,72,59.2787768924609,12.7212231075391,0,I,301,9
76.6604013832008,72,59.3000788986683,12.6999211013317,0,C,302,9
196.272915888185,72,59.45072687231,12.54927312769,0,I,303,9
77.1146932210587,72,59.65514191892,12.34485808108,0,C,304,9
70.9187354060305,72,59.7239495487884,11.1947858572421,1,I,305,9
75.1336685325873,72,59.8834854410961,12.1165145589039,0,C,306,9
357.451397558099,72,0.0224296934902668,71.9775703065097,0,I,1,10
18.593114038706,4.04493337874181,0.568245649337769,3.47668772940404,0,C,2,10
11.0160108109208,72,0.60706302523613,10.4089477856847,1,I,3,10
76.752080804004,72,0.897640837356448,71.1023591626436,0,C,4,10
156.296968402014,72,1.09705165028572,70.9029483497143,0,I,5,10
171.31667012056,72,1.23033630196005,70.76966369804,0,C,6,10
109.516233507039,72,1.43925604876131,70.5607439512387,0,I,7,10
3.37457778553791,72,1.46421435289085,1.91036343264706,1,C,8,10
74.5929744595982,72,1.57168282661587,70.4283171733841,0,I,9,10
85.232360119151,72,1.57324681989849,70.4267531801015,0,C,10,10
4.87418524262117,14.9553297720741,1.83360087219626,3.04058437042491,1,I,11,10
84.2015962872666,72,1.9599723117426,70.0400276882574,0,C,12,10
40.4614296772052,72,2.20590048003942,38.2555291971658,1,I,13,10
92.9756914143328,72,2.36673989798874,69.6332601020113,0,C,14,10
31.4785935384255,72,2.93192567769438,28.5466678607312,1,I,15,10
35.6253196817277,72,3.34404399152845,32.2812756901993,1,C,16,10
26.6841258847124,72,3.36091107688844,23.3232148078239,1,I,17,10
40.4220463827926,72,3.42508495319635,36.9969614295962,1,C,18,10
6.56565595450357,72,3.49400072358549,3.07165523091809,1,I,19,10
55.3170865782138,72,3.64225950557739,51.6748270726364,1,C,20,10
41.3347234985755,72,3.69031540118158,37.6444080973939,1,I,21,10
18.8243068420792,72,3.84868979919702,14.9756170428822,1,C,22,10
71.4510364351955,72,4.06000988557935,67.3910265496161,1,I,23,10
77.7703247304423,72,4.44905668962747,67.5509433103725,0,C,24,10
8.24836207791658,72,4.57805693149567,3.67030514642091,1,I,25,10
12.9169035624836,72,4.81039691716433,8.10650664531926,1,C,26,10
104.18549882044,72,4.89988254848868,67.1001174515113,0,I,27,10
51.3236247870152,72,4.91348073352128,46.4101440534939,1,C,28,10
6.52299972516275,72,5.13122369069606,1.39177603446669,1,I,29,10
10.2723307281953,72,5.1613502483815,5.11098047981385,1,C,30,10
34.2331608579798,72,5.17607687506825,29.0570839829116,1,I,31,10
7.27736956210177,72,5.76743309386075,1.50993646824103,1,C,32,10
231.764746940973,72,5.79060858115554,66.2093914188445,0,I,33,10
15.4839048805082,72,5.80360969528556,9.68029518522268,1,C,34,10
56.3722368643338,72,6.15376520901918,50.2184716553147,1,I,35,10
15.615855335556,72,6.2659162748605,9.34993906069547,1,C,36,10
15.58089566641,72,6.35912083089352,9.22177483551651,1,I,37,10
57.2012615776166,72,6.49848697241396,50.7027746052027,1,C,38,10
21.3610188839038,72,6.8542888155207,14.5067300683831,1,I,39,10
55.5372591012838,72,6.95388172287494,48.5833773784089,1,C,40,10
18.6118063914126,72,7.31902398169041,11.2927824097222,1,I,41,10
12.2638807878514,72,7.41552569903433,4.84835508881704,1,C,42,10
27.5928683128586,72,7.43789688684046,20.1549714260181,1,I,43,10
121.070867126185,72,7.52611094154418,64.4738890584558,0,C,44,10
111.784201864224,72,7.66567741055042,64.3343225894496,0,I,45,10
60.341927999401,72,7.94900975190103,52.3929182475,1,C,46,10
18.6697483934361,72,8.29104765783995,10.3787007355961,1,I,47,10
59.0116383129335,72,8.2966285943985,50.715009718535,1,C,48,10
48.8567606550632,72,8.37037330493331,40.4863873501299,1,I,49,10
40.3574162707971,72,8.41439821757376,31.9430180532233,1,C,50,10
75.0894483742086,72,8.50367797538638,63.4963220246136,0,I,51,10
108.25339176711,72,8.51066493429244,63.4893350657076,0,C,52,10
67.7248959993061,72,8.51165042258799,59.2132455767181,1,I,53,10
43.1168942920818,72,8.67844625841826,34.4384480336636,1,C,54,10
22.3078102758928,72,8.70804169680923,13.5997685790836,1,I,55,10
44.1190023686664,72,8.78930339589715,35.3296989727693,1,C,56,10
10.4357261907666,72,8.79662740509957,1.63909878566703,1,I,57,10
9.15948264377876,72,8.98430112283677,0.175181520941988,1,C,58,10
82.1266276292956,72,9.02345343958586,62.9765465604141,0,I,59,10
46.4006751240344,72,9.08771560527384,37.3129595187606,1,C,60,10
187.368275587088,72,9.13531259167939,62.8646874083206,0,I,61,10
15.3270733411886,72,9.31021965108812,6.01685369010052,1,C,62,10
167.389634501213,72,9.52842020429671,62.4715797957033,0,I,63,10
99.396219500695,72,9.68008469324559,62.3199153067544,0,C,64,10
19.55900734712,72,9.79919325560331,9.75981409151668,1,I,65,10
32.0012711379579,72,9.86646902281791,22.13480211514,1,C,66,10
55.2386384665784,72,9.90210081450641,45.336537652072,1,I,67,10
41.4017718327492,72,10.1648310665041,31.2369407662451,1,C,68,10
92.0675085381199,72,10.311368079856,61.688631920144,0,I,69,10
26.0757788291659,72,11.1295903008431,14.9461885283228,1,C,70,10
20.5659564982581,72,11.4851156249642,9.08084087329382,1,I,71,10
60.0323027699805,72,11.5116030257195,48.520699744261,1,C,72,10
85.1242154310968,72,11.7374224355444,60.2625775644556,0,I,73,10
62.5222013654752,72,11.7472039489076,50.7749974165677,1,C,74,10
101.876328570783,72,12.1571764955297,59.8428235044703,0,I,75,10
56.3708813418016,72,12.8043510764837,43.5665302653179,1,C,76,10
60.670745312031,72,13.3397972909734,47.3309480210576,1,I,77,10
21.7072181387456,72,13.526317323558,8.18090081518757,1,C,78,10
17.6736835735797,72,13.5729077132419,4.10077586033786,1,I,79,10
96.932714899482,72,13.6185175739229,58.3814824260771,0,C,80,10
69.1965090766408,72,14.4071219908074,54.7893870858335,1,I,81,10
17.8634601584646,72,14.4079901184887,3.45547003997593,1,C,82,10
42.7034848230166,72,14.5185579964891,28.1849268265275,1,I,83,10
17.328131865351,72,14.7837520949543,2.54437977039671,1,C,84,10
187.297040304583,72,14.8801205540076,57.1198794459924,0,I,85,10
33.6213838294867,72,15.3316527418792,18.2897310876075,1,C,86,10
55.8968240614533,72,15.4144633747637,40.4823606866895,1,I,87,10
49.3231076422154,60.081063684252,15.9364775335416,33.3866301086738,1,C,88,10
17.4797303281594,72,16.1639165924862,1.31581373567323,1,I,89,10
68.3608100289238,72,16.2480876361951,52.1127223927286,1,C,90,10
36.8441773893363,72,16.4012630470097,20.4429143423266,1,I,91,10
49.0450157878543,72,16.4147459249944,32.6302698628599,1,C,92,10
27.025684922945,72,16.8213088391349,10.2043760838102,1,I,93,10
66.2733343529756,72,17.0599546423182,49.2133797106574,1,C,94,10
105.746126854779,72,17.0989158656448,54.9010841343552,0,I,95,10
43.8562016331771,72,17.3478583339602,26.5083432992169,1,C,96,10
20.0853278510716,72,17.3777051316574,2.70762271941422,1,I,97,10
22.0937035537582,72,17.4109235918149,4.68277996194322,1,C,98,10
32.4542950514141,72,17.5597700709477,14.8945249804664,1,I,99,10
54.0809707363645,72,17.5700623076409,36.5109084287236,1,C,100,10
40.703428793551,72,18.1973561318591,22.5060726616919,1,I,101,10
19.8443050578079,72,18.451506011188,1.39279904661986,1,C,102,10
26.0280575596691,72,18.4991016425192,7.52895591714989,1,I,103,10
21.0358822689544,72,18.6221106955782,2.4137715733762,1,C,104,10
46.8098756235061,72,19.0550072584301,27.7548683650759,1,I,105,10
115.487717093353,72,19.2044859146699,52.7955140853301,0,C,106,10
148.459954993576,72,19.4661048799753,52.5338951200247,0,I,107,10
95.1795507111464,72,19.6174962446094,52.3825037553907,0,C,108,10
71.8266138837342,72,20.1476824376732,51.678931446061,1,I,109,10
47.3386424059772,72,20.4648768575862,26.873765548391,1,C,110,10
69.67650838156,72,20.6236118311062,49.0528965504538,1,I,111,10
30.9560143042828,72,20.7294721668586,10.2265421374242,1,C,112,10
198.052259071323,72,20.9188857162371,51.0811142837629,0,I,113,10
198.381415639358,69.3592752026341,21.6496228566393,47.7096523459948,0,C,114,10
66.4036152033139,72,21.7127066943795,44.6909085089344,1,I,115,10
72.7990743499426,72,21.7705444665626,50.2294555334374,0,C,116,10
38.3121726303874,72,21.8958417372778,16.4163308931096,1,I,117,10
113.943846072501,72,22.0563349826261,49.9436650173739,0,C,118,10
64.4363750962654,72,22.0731653133407,42.3632097829247,1,I,119,10
102.583117660373,72,22.3046156577766,49.6953843422234,0,C,120,10
102.663481108561,72,22.4680366599932,49.5319633400068,0,I,121,10
39.2535070827456,72,22.5019310368225,16.7515760459231,1,C,122,10
40.6797901536745,72,22.5512634543702,18.1285266993043,1,I,123,10
80.4240577745022,72,23.0726790195331,48.9273209804669,0,C,124,10
29.630324533025,40.1145786434807,23.8286466663703,5.80167786665469,1,I,125,10
63.7242953704576,72,24.2866155691445,39.4376798013131,1,C,126,10
115.394533826198,72,24.5213236659765,47.4786763340235,0,I,127,10
193.91524001178,72,24.734182599932,47.2658174000681,0,C,128,10
104.539337389881,72,24.8532896256074,47.1467103743926,0,I,129,10
59.4931110264864,72,25.346312681213,34.1467983452734,1,C,130,10
64.6186085165591,72,25.443753185682,39.1748553308771,1,I,131,10
145.813847462743,72,25.4720257222652,46.5279742777348,0,C,132,10
72.5387639627892,72,25.5800980841741,46.4199019158259,0,I,133,10
55.4656028141258,72,25.8885572478175,29.5770455663083,1,C,134,10
136.368944447571,72,25.9951023431495,46.0048976568505,0,I,135,10
28.8649479502135,72,26.1409573769197,2.72399057329376,1,C,136,10
31.9204041779938,72,26.1528612021357,5.76754297585809,1,I,137,10
95.7912647173056,72,26.1639025714248,45.8360974285752,0,C,138,10
43.8249956930405,72,26.3946618419141,17.4303338511265,1,I,139,10
55.9468336186402,72,26.4125155471265,29.5343180715136,1,C,140,10
64.3053617809533,72,26.4319222932681,37.8734394876851,1,I,141,10
43.1707155981909,72,26.5472200652584,16.6234955329325,1,C,142,10
151.38343422078,72,26.8222395284101,45.1777604715899,0,I,143,10
106.381210243757,72,26.8570152483881,45.142984751612,0,C,144,10
42.9598385562549,72,27.0796804083511,15.8801581479037,1,I,145,10
142.928734617972,72,27.1315798116848,44.8684201883152,0,C,146,10
160.318767705892,72,27.2069681435823,44.7930318564177,0,I,147,10
67.4617514972643,52.8685150863019,27.3000543052331,25.5684607810688,0,C,148,10
40.4795472918391,72,27.8238814976066,12.6556657942324,1,I,149,10
52.4890384169759,72,28.1099280249327,24.3791103920431,1,C,150,10
28.8156127734653,72,28.1514327367768,0.664180036688564,1,I,151,10
46.515866376763,72,28.3090397296473,18.2068266471157,1,C,152,10
102.337621033689,72,28.3519044891,43.6480955109,0,I,153,10
279.998961483615,72,28.4459171444178,43.5540828555822,0,C,154,10
96.337211206283,72,28.5991503344849,43.4008496655151,0,I,155,10
31.3251092328206,72,30.4603486787528,0.864760554067802,1,C,156,10
138.226705269063,72,30.9808979043737,41.0191020956263,0,I,157,10
31.7752393834703,60.0929559153101,31.1266680015251,0.648571381945219,1,C,158,10
43.1287425844648,72,31.1426285281777,11.986114056287,1,I,159,10
49.9162604197693,72,31.155910436064,18.7603499837052,1,C,160,10
54.5189305080608,72,31.2338949786499,23.2850355294109,1,I,161,10
109.677331157277,72,31.608538669534,40.391461330466,0,C,162,10
39.642344657295,70.5127767841744,31.8223527772352,7.8199918800598,1,I,163,10
72.2057742750497,72,32.3134010983631,39.6865989016369,0,C,164,10
146.858592208081,72,32.5545408390462,39.4454591609538,0,I,165,10
110.899058442053,64.3422321059238,32.6287368452176,31.7134952607062,0,C,166,10
70.5846066354323,72,33.2189315417781,37.3656750936542,1,I,167,10
114.072934038899,72,33.7625580467284,38.2374419532716,0,C,168,10
82.4056896750359,72,33.8014597026631,38.1985402973369,0,I,169,10
62.8508838376718,72,33.8924255082384,28.9584583294334,1,C,170,10
185.345558557765,72,33.9819292165339,38.0180707834661,0,I,171,10
147.958328159425,72,34.0001020627096,37.9998979372904,0,C,172,10
55.1460195252521,72,34.1305886534974,21.0154308717547,1,I,173,10
83.8124489750879,72,34.1559691401199,37.8440308598802,0,C,174,10
99.5547495424968,72,34.2195547325537,37.7804452674463,0,I,175,10
66.3282586118487,72,34.6535087563098,31.674749855539,1,C,176,10
48.3347378632513,48.2840634887504,34.8346158815548,13.4494476071956,0,I,177,10
105.885487697814,72,34.8686270462349,37.1313729537651,0,C,178,10
53.5421364104501,72,35.2240085508674,18.3181278595827,1,I,179,10
74.6447344494263,72,35.3326809033752,36.6673190966249,0,C,180,10
42.0787199335278,72,35.5692482739687,6.50947165955913,1,I,181,10
127.007152595994,72,35.6258354801685,36.3741645198315,0,C,182,10
50.8314697194454,72,35.7165917102248,15.1148780092207,1,I,183,10
129.621374736771,72,35.9082268131897,36.0917731868103,0,C,184,10
89.4967092072176,72,36.1519461264834,35.8480538735166,0,I,185,10
68.8900140188264,72,36.2106407806277,32.6793732381987,1,C,186,10
155.07203734724,72,36.292396215722,35.707603784278,0,I,187,10
52.7501579269601,72,36.3744418881834,16.3757160387767,1,C,188,10
43.5589209803364,72,36.5506342286244,7.00828675171195,1,I,189,10
56.7813063586659,72,36.7039251420647,20.0773812166012,1,C,190,10
66.0638307600079,72,36.7749634897336,29.2888672702743,1,I,191,10
52.6447554429639,72,36.9075176725164,15.7372377704474,1,C,192,10
46.2094811923268,72,36.9265509629622,9.28293022936461,1,I,193,10
182.922553144848,72,37.0728059252724,34.9271940747276,0,C,194,10
65.0324512456401,72,37.0734391361475,27.9590121094926,1,I,195,10
226.044565941665,72,37.1940600313246,34.8059399686754,0,C,196,10
131.128707686619,72,37.6659275684506,34.3340724315494,0,I,197,10
70.3671886036333,72,38.042073994875,32.3251146087584,1,C,198,10
61.0969044066687,40.073193795966,38.5872093262151,1.48598446975091,0,I,199,10
81.7451543254226,72,38.742979215458,33.257020784542,0,C,200,10
60.9265881345318,72,39.2425338970497,21.6840542374821,1,I,201,10
58.2606595162987,72,39.6155993873253,18.6450601289734,1,C,202,10
88.5861021077009,72,39.8315563844517,32.1684436155483,0,I,203,10
188.837128057683,72,39.8800941137597,32.1199058862403,0,C,204,10
235.651901310227,72,39.8909682640806,32.1090317359194,0,I,205,10
74.6256407038246,72,40.1954589458182,31.8045410541818,0,C,206,10
45.525413132913,72,40.3579892031848,5.16742392972812,1,I,207,10
78.0993052711306,72,40.6182046048343,31.3817953951657,0,C,208,10
86.4883156986683,72,40.9348195698112,31.0651804301888,0,I,209,10
158.072438579184,72,40.9896994521841,31.0103005478159,0,C,210,10
152.451199692909,72,41.0464586410671,30.9535413589329,0,I,211,10
46.4836855603971,72,41.0933967260644,5.39028883433273,1,C,212,10
289.619448197845,72,41.580564212054,30.419435787946,0,I,213,10
182.310909555687,72,41.7080355249345,30.2919644750655,0,C,214,10
86.6205487664125,72,41.9889773894101,30.0110226105899,0,I,215,10
452.429524245405,72,42.0815071463585,29.9184928536415,0,C,216,10
64.5044250961664,72,42.4145093606785,22.0899157354879,1,I,217,10
171.248976318895,72,42.5782683771104,29.4217316228896,0,C,218,10
52.254228575699,72,42.6268797274679,9.62734884823106,1,I,219,10
176.507294758402,72,42.6661087805405,29.3338912194595,0,C,220,10
51.3555915762596,72,42.7904877718538,8.56510380440574,1,I,221,10
57.6879765369196,72,42.959414049983,14.7285624869366,1,C,222,10
200.463816422091,72,43.0230343295261,28.9769656704739,0,I,223,10
135.006940767174,72,43.2507148990408,28.7492851009592,0,C,224,10
59.138618049679,72,43.5749757802114,15.5636422694676,1,I,225,10
128.312370559837,72,43.6287134466693,28.3712865533307,0,C,226,10
126.241160879808,72,44.0491021284834,27.9508978715166,0,I,227,10
45.2558605704879,72,44.1474502254277,1.10841034506012,1,C,228,10
65.4818807750281,72,44.3170612910762,21.1648194839518,1,I,229,10
71.7495553194989,72,44.4536556629464,27.2958996565525,1,C,230,10
115.176366500416,72,44.6144732739776,27.3855267260224,0,I,231,10
100.32826856184,72,44.7100222902373,27.2899777097628,0,C,232,10
238.88520272546,72,45.1847473438829,26.8152526561171,0,I,233,10
102.507278595007,72,45.203934093006,26.796065906994,0,C,234,10
158.25018338705,72,45.3461160231382,26.6538839768618,0,I,235,10
49.4221358012887,72,45.4311299789697,3.99100582231902,1,C,236,10
50.1636303299402,72,45.5608961172402,4.60273421270003,1,I,237,10
105.520010821943,72,46.2156276125461,25.7843723874539,0,C,238,10
67.8560367907537,72,46.310996725224,21.5450400655297,1,I,239,10
53.1783385774462,72,46.3767826231197,6.80155595432657,1,C,240,10
100.766372666835,72,46.3926199497655,25.6073800502345,0,I,241,10
105.682188328924,72,46.5157304797322,25.4842695202678,0,C,242,10
49.3344718659289,72,47.1527830744162,2.18168879151264,1,I,243,10
102.803633541173,72,47.3305341834202,24.6694658165798,0,C,244,10
69.5715509821198,72,47.5979251926765,21.9736257894433,1,I,245,10
104.416884615607,72,47.6775187533349,24.3224812466651,0,C,246,10
227.73244166303,72,47.7766582416371,24.223341758363,0,I,247,10
69.0940499174369,72,47.9535496467724,21.1405002706644,1,C,248,10
73.5998258281613,72,47.957298271358,24.042701728642,0,I,249,10
66.6907684051075,72,49.6977016283199,16.9930667767876,1,C,250,10
81.2208465132363,72,49.9458772363141,22.0541227636859,0,I,251,10
146.153065196041,72,49.9746419442818,22.0253580557182,0,C,252,10
96.1176029392027,72,50.0545899337158,21.9454100662842,0,I,253,10
87.0096710769643,72,50.0669722538441,21.9330277461559,0,C,254,10
67.9791703915309,72,50.0940916920081,17.8850786995228,1,I,255,10
63.8596647737244,72,50.1374803343788,13.7221844393456,1,C,256,10
75.7682324539381,72,50.3392951749265,21.6607048250735,0,I,257,10
252.090513886989,72,50.4204895952717,21.5795104047284,0,C,258,10
134.830032726146,72,50.8668952295557,21.1331047704443,0,I,259,10
54.852028683627,72,50.921473056078,3.93055562754902,1,C,260,10
110.098199353234,72,51.2280243309215,20.7719756690785,0,I,261,10
227.808518678126,72,51.2432495690882,20.7567504309118,0,C,262,10
74.8130378056463,72,51.3372433371842,20.6627566628158,0,I,263,10
62.9067915702953,72,51.622115126811,11.2846764434843,1,C,264,10
97.1129440249528,72,51.6815539263189,20.3184460736811,0,I,265,10
176.549998836826,72,52.1038127085194,19.8961872914806,0,C,266,10
87.4381071799208,72,52.1247582882643,19.8752417117357,0,I,267,10
59.8313773052027,72,52.1735867438838,7.65779056131892,1,C,268,10
56.271658920546,72,52.408035825938,3.86362309460796,1,I,269,10
94.9588031359453,72,52.467292835936,19.5327071640641,0,C,270,10
161.730956449551,72,52.5903195608407,19.4096804391593,0,I,271,10
97.2833421686326,53.5060979593763,52.6187070133165,0.88739094605986,0,C,272,10
59.469369863462,72,52.6738217845559,6.79554807890605,1,I,273,10
73.9505716427694,72,52.6992137683556,19.3007862316445,0,C,274,10
65.1129158787806,72,52.8473263280466,12.265589550734,1,I,275,10
92.8102238960528,72,52.8966068895534,19.1033931104466,0,C,276,10
110.759532291954,72,53.6898391647264,18.3101608352736,0,I,277,10
68.4070719000993,72,53.7118234857917,14.6952484143076,1,C,278,10
87.4694912365832,72,53.7310455646366,18.2689544353634,0,I,279,10
195.762024030504,72,53.9809764409438,18.0190235590562,0,C,280,10
130.931635104285,72,54.2084896797314,17.7915103202686,0,I,281,10
108.472644909441,72,54.228059691377,17.771940308623,0,C,282,10
134.569699959115,72,54.321040478535,17.678959521465,0,I,283,10
74.9972898028911,72,54.60228277836,17.3977172216401,0,C,284,10
73.863074241486,72,55.6229334371164,16.3770665628836,0,I,285,10
101.806520083549,72,55.6388604361564,16.3611395638436,0,C,286,10
63.4703882340415,72,55.6850401964039,7.78534803763761,1,I,287,10
77.4464818890266,72,56.0027201659977,15.9972798340023,0,C,288,10
135.452919997453,72,56.0587291046977,15.9412708953023,0,I,289,10
80.5073850359911,72,56.5147235384211,15.4852764615789,0,C,290,10
90.442273643112,72,56.7447016714141,15.2552983285859,0,I,291,10
77.0078529673237,72,56.9003650546074,15.0996349453926,0,C,292,10
78.3114602125549,72,57.1607068553567,14.8392931446433,0,I,293,10
117.02882939497,72,57.1765575231984,14.8234424768016,0,C,294,10
75.2706245563175,72,57.9393736459315,14.0606263540685,0,I,295,10
60.7489647983426,72,58.1213495833799,2.62761521496263,1,C,296,10
109.316730352138,72,58.3057919098064,13.6942080901936,0,I,297,10
65.1471159075995,72,58.6387738678604,6.50834203973902,1,C,298,10
69.4726815591384,72,58.7580612301827,10.7146203289557,1,I,299,10
175.848352233753,72,58.8096984894946,13.1903015105054,0,C,300,10
112.572195943884,72,58.8483800925314,13.1516199074686,0,I,301,10
149.765297954777,72,58.9897752553225,13.0102247446775,0,C,302,10
111.431336727415,72,59.0959819732234,12.9040180267766,0,I,303,10
68.2280510209006,72,59.235638952814,8.99241206808651,1,C,304,10
92.393450600043,72,59.2510791448876,12.7489208551124,0,I,305,10
95.7929358283317,72,59.420449747704,12.579550252296,0,C,306,10
413.65678125211,72,59.4810262229294,12.5189737770706,0,I,307,10
69.1512710225708,72,59.9205955630168,9.230675459554,1,C,308,10
