t_cal_ev,t_cal_cens,t_acc,t,status,group,pat_id,sim_idx
57.7811064729234,72,0.35571965854615,57.4253868143773,1,I,1,1
29.8490055177452,72,0.583920981734991,29.2650845360102,1,C,2,1
34.865766261035,72,0.672499425709248,34.1932668353258,1,I,3,1
49.2778580587338,72,0.941662075929344,48.3361959828045,1,C,4,1
111.099954363852,53.9673228585675,1.169757200405,52.7975656581625,0,I,5,1
108.790520833644,72,1.22503363061696,70.774966369383,0,C,6,1
164.905201479459,72,1.35809417814016,70.6419058218598,0,I,7,1
42.0019219323441,72,1.42696458846331,40.5749573438808,1,C,8,1
17.8117438301728,72,1.64477170910686,16.166972121066,1,I,9,1
84.1808822481587,72,2.04228926450014,69.9577107354999,0,C,10,1
24.1145999510979,72,2.49963195528835,21.6149679958096,1,I,11,1
58.476565258483,72,2.73103245534003,55.7455328031429,1,C,12,1
172.819035570184,72,3.07173252571374,68.9282674742863,0,I,13,1
99.5096117493443,72,3.65033453330398,68.349665466696,0,C,14,1
50.9530151231754,72,3.70897329412401,47.2440418290514,1,I,15,1
36.9039449682275,72,4.09652464091778,32.8074203273097,1,C,16,1
83.0931235522076,72,4.11546617746353,67.8845338225365,0,I,17,1
108.587154720838,72,4.28205574862659,67.7179442513734,0,C,18,1
98.0411111077364,72,4.29330342449248,67.7066965755075,0,I,19,1
14.3299642660851,72,4.52307504136115,9.80688922472391,1,C,20,1
76.4115098080409,67.7003942370674,4.56733290106058,63.1330613360069,0,I,21,1
23.213446982233,72,4.71748843789101,18.495958544342,1,C,22,1
153.777744362539,63.6140738801176,4.91178144235164,58.702292437766,0,I,23,1
19.2726437246436,72,4.97483995277435,14.2978037718692,1,C,24,1
60.7146906374478,72,5.0652826577425,55.6494079797053,1,I,25,1
46.5605489416761,72,5.10768111795187,41.4528678237242,1,C,26,1
396.930832476851,72,5.34517189487815,66.6548281051219,0,I,27,1
8.77378749600751,72,5.34828303381801,3.42550446218951,1,C,28,1
233.473906891628,72,5.41737215593457,66.5826278440654,0,I,29,1
103.120169348739,72,5.48055402003229,66.5194459799677,0,C,30,1
29.7588861548161,72,5.55641549639404,24.2024706584221,1,I,31,1
155.380842371058,72,6.05352753773332,65.9464724622667,0,C,32,1
45.3291100339021,72,6.09655253123492,39.2325575026672,1,I,33,1
76.8588827920373,72,6.38991331681609,65.6100866831839,0,C,34,1
147.732091757537,72,7.23415242042393,64.7658475795761,0,I,35,1
43.1807837804811,72,7.26430978160352,35.9164739988776,1,C,36,1
9.65699702846803,72,8.06398169137538,1.59301533709265,1,I,37,1
98.2604854403359,72,8.71854864992201,63.281451350078,0,C,38,1
25.1570735582142,72,9.34351486153901,15.8135586966752,1,I,39,1
23.0515690509222,72,9.52339163515717,13.528177415765,1,C,40,1
111.313584156212,72,9.80461360886693,62.1953863911331,0,I,41,1
38.430406848061,72,9.99687689356506,28.433529954496,1,C,42,1
55.6878302139348,72,10.0328559754416,45.6549742384932,1,I,43,1
67.2298974278978,72,10.1520522264764,57.0778452014214,1,C,44,1
92.0372572309474,72,10.5016871541739,61.4983128458262,0,I,45,1
111.025674315895,72,11.066622803919,60.933377196081,0,C,46,1
350.122299040826,72,11.3235655473545,60.6764344526455,0,I,47,1
126.277392901001,72,11.3293226854876,60.6706773145124,0,C,48,1
67.7990631836816,72,11.3357611047104,56.4633020789712,1,I,49,1
90.7954964907863,72,11.5010045981035,60.4989954018965,0,C,50,1
189.562744816044,72,11.5828427206725,60.4171572793275,0,I,51,1
43.2941782609576,72,11.7988672060892,31.4953110548684,1,C,52,1
44.9305782329497,72,11.8688470171765,33.0617312157733,1,I,53,1
20.4453177784853,72,12.1238484978676,8.32146928061773,1,C,54,1
61.6593861263851,72,12.1608242439106,49.4985618824744,1,I,55,1
50.903069724237,72,12.2184519516304,38.6846177726066,1,C,56,1
135.507047117505,72,12.4586547352374,59.5413452647626,0,I,57,1
26.4805159579428,72,12.7465991768986,13.7339167810442,1,C,58,1
291.41950963108,72,12.8085903497413,59.1914096502587,0,I,59,1
108.264372298045,72,12.8296836325899,59.1703163674101,0,C,60,1
22.7803704871991,72,12.9848679061979,9.79550258100116,1,I,61,1
49.8200637878085,72,13.3970168698579,36.4230469179505,1,C,62,1
16.9682607665789,72,13.5070175863802,3.46124318019861,1,I,63,1
35.25711621529,72,15.2722098771483,19.9849063381417,1,C,64,1
196.36980185125,72,15.4202328901738,56.5797671098262,0,I,65,1
133.962322667821,72,16.1382232932374,55.8617767067626,0,C,66,1
96.1668987713396,72,16.5098517900333,55.4901482099667,0,I,67,1
23.962753897958,72,16.7633029120043,7.19945098595373,1,C,68,1
160.885382242685,72,16.7830650648102,55.2169349351898,0,I,69,1
32.322222834987,72,16.9714874401689,15.3507353948181,1,C,70,1
76.5943527953619,72,17.0465999655426,54.9534000344575,0,I,71,1
77.4396394490962,72,17.4501832388341,54.5498167611659,0,C,72,1
51.6095566247094,72,17.5741594517604,34.0353971729491,1,I,73,1
51.2335501310947,72,17.6646244246513,33.5689257064434,1,C,74,1
74.4961049762793,72,18.045958718285,53.954041281715,0,I,75,1
161.188369786735,72,18.0614953301847,53.9385046698153,0,C,76,1
77.163706652119,72,18.1951633980498,53.8048366019502,0,I,77,1
50.3914910587572,72,18.2731913449243,32.1182997138329,1,C,78,1
65.9097743206388,72,18.2910912064835,47.6186831141552,1,I,79,1
39.6157332055892,72,18.6823611985892,20.933372007,1,C,80,1
124.679490616399,72,18.6986006470397,53.3013993529603,0,I,81,1
53.1911837324953,72,18.8628530642018,34.3283306682935,1,C,82,1
24.753765439777,72,18.9614860760048,5.79227936377219,1,I,83,1
48.2283369603138,72,19.0693289553747,29.1590080049392,1,C,84,1
202.814443816724,72,19.1819515312091,52.818048468791,0,I,85,1
51.8605309140652,72,19.8719347268343,31.9885961872309,1,C,86,1
766.882056356832,72,19.8828208493069,52.1171791506931,0,I,87,1
206.96063001436,72,19.9525111913681,52.0474888086319,0,C,88,1
163.757632472952,72,20.0782320275903,51.9217679724097,0,I,89,1
92.4165742210063,72,20.7164665265009,51.2835334734991,0,C,90,1
401.759869010829,72,20.7843185774982,51.2156814225018,0,I,91,1
131.362210728804,72,20.8830842049792,51.1169157950208,0,C,92,1
102.502967972833,72,21.1568112205714,50.8431887794286,0,I,93,1
44.9754707696291,72,21.9833445455879,22.9921262240412,1,C,94,1
47.6274587798718,72,22.020970559679,25.6064882201929,1,I,95,1
88.3030225767551,72,22.66889850609,49.33110149391,0,C,96,1
118.261587873604,72,22.701936182566,49.298063817434,0,I,97,1
100.476001574397,72,22.7545446250588,49.2454553749412,0,C,98,1
100.678230588955,72,22.8549138084054,49.1450861915946,0,I,99,1
52.994620034812,40.82793220376,23.7516028946266,17.0763293091334,0,C,100,1
242.34219775719,72,23.8369893003255,48.1630106996745,0,I,101,1
69.0315829454807,72,24.0797122567892,44.9518706886915,1,C,102,1
32.5049622586392,72,24.168973043561,8.33598921507818,1,I,103,1
139.473251333275,72,24.5494330348447,47.4505669651553,0,C,104,1
122.873754985399,72,24.5801309170201,47.4198690829799,0,I,105,1
118.171543891369,72,24.5928722759709,47.4071277240291,0,C,106,1
28.1976481275877,72,24.6059797005728,3.59166842701491,1,I,107,1
37.7057851579964,72,24.700959767215,13.0048253907814,1,C,108,1
66.5395595645072,72,24.8933529714122,41.646206593095,1,I,109,1
120.911468321954,72,24.9286259897053,47.0713740102947,0,C,110,1
269.863990894846,72,24.9567666649818,47.0432333350182,0,I,111,1
93.080416012294,72,25.4772495757788,46.5227504242212,0,C,112,1
72.184980083698,72,25.7111423788592,46.2888576211408,0,I,113,1
237.971566249554,72,25.7402734737843,46.2597265262157,0,C,114,1
211.894961970712,72,26.0476837679744,45.9523162320256,0,I,115,1
155.264292618124,72,27.0303619885817,44.9696380114183,0,C,116,1
241.447970808469,72,27.0685025537387,44.9314974462614,0,I,117,1
37.1856024912204,72,27.0753450365737,10.1102574546466,1,C,118,1
267.143158747112,72,27.3302112193778,44.6697887806222,0,I,119,1
42.9309330333593,72,27.4632800649852,15.4676529683741,1,C,120,1
66.1194847359255,72,27.493149661459,38.6263350744665,1,I,121,1
141.63092806977,72,27.5387764116749,44.4612235883251,0,C,122,1
98.7635346209146,72,27.6961107831448,44.3038892168552,0,I,123,1
85.9699936281676,72,27.7910989103839,44.2089010896161,0,C,124,1
49.6689046215282,72,27.8108826186508,21.8580220028774,1,I,125,1
58.5670992363323,72,27.8732309862971,30.6938682500352,1,C,126,1
113.679141289074,72,28.2315746275708,43.7684253724292,0,I,127,1
46.9058509684247,72,28.2927002711222,18.6131506973025,1,C,128,1
131.266986868007,72,28.3294520108029,43.6705479891971,0,I,129,1
42.2919161591125,72,28.3860836271197,13.9058325319929,1,C,130,1
140.762909095994,72,28.4730178071186,43.5269821928814,0,I,131,1
331.126059100106,72,28.5506253037602,43.4493746962398,0,C,132,1
232.191909281721,72,28.5567602561787,43.4432397438213,0,I,133,1
171.723674919573,72,29.2222420452163,42.7777579547837,0,C,134,1
218.308508666088,72,29.5029679499567,42.4970320500433,0,I,135,1
76.9028785566396,72,29.6429147059098,42.3570852940902,0,C,136,1
38.3868540828429,72,29.8986367648467,8.48821731799617,1,I,137,1
42.7767993605929,72,30.1266086334363,12.6501907271567,1,C,138,1
139.887928642936,72,30.1911119464785,41.8088880535215,0,I,139,1
45.1965426238506,72,30.3950817324221,14.8014608914285,1,C,140,1
74.2674175872251,72,30.5046736076474,41.4953263923526,0,I,141,1
116.407006482891,72,30.8242637850344,41.1757362149656,0,C,142,1
194.657407621318,72,30.8328933315352,41.1671066684648,0,I,143,1
60.5859018237397,72,30.8347803214565,29.7511215022833,1,C,144,1
67.101565394149,72,30.8716173330322,36.2299480611168,1,I,145,1
60.2430309348023,72,30.8726675156504,29.3703634191519,1,C,146,1
118.895580460176,72,30.947918985039,41.052081014961,0,I,147,1
165.879897083575,38.1217033933515,31.1094843456522,7.01221904769931,0,C,148,1
75.1720508744193,72,31.3734369305894,40.6265630694106,0,I,149,1
69.653960341371,72,31.7703803116456,37.8835800297255,1,C,150,1
47.0969244974432,72,31.9107736973092,15.186150800134,1,I,151,1
45.0992946168941,72,31.943951100111,13.1553435167831,1,C,152,1
137.993754638486,72,32.0857858797535,39.9142141202465,0,I,153,1
135.536563331303,72,32.4453992815688,39.5546007184312,0,C,154,1
44.6320821996202,72,32.5731393741444,12.0589428254758,1,I,155,1
71.6619841908279,72,32.7470517670736,38.9149324237543,1,C,156,1
69.3031250511196,72,32.8986046090722,36.4045204420474,1,I,157,1
217.80088090556,72,32.901413301006,39.098586698994,0,C,158,1
153.521954779623,72,32.9926571762189,39.0073428237811,0,I,159,1
56.0380777319567,72,33.1059221690521,22.9321555629046,1,C,160,1
62.7965979126285,72,33.2540479302406,29.5425499823879,1,I,161,1
43.6928472353095,72,33.3375342702493,10.3553129650602,1,C,162,1
115.617691786514,72,33.444804190658,38.555195809342,0,I,163,1
49.161996309088,72,33.8805486308411,15.2814476782469,1,C,164,1
63.8355765664568,72,34.373214575462,29.4623619909948,1,I,165,1
201.127645898115,72,34.4488823600113,37.5511176399887,0,C,166,1
80.4960149298944,72,34.5792758278549,37.4207241721451,0,I,167,1
80.2729013750521,72,34.7915631718934,37.2084368281066,0,C,168,1
212.772674517817,72,34.917696272023,37.082303727977,0,I,169,1
51.3979370977726,72,34.9727903679013,16.4251467298712,1,C,170,1
39.6303339375107,72,35.0363067397848,4.5940271977259,1,I,171,1
83.0592102585555,72,35.1322457380593,36.8677542619407,0,C,172,1
699.495306139767,72,35.3870981186628,36.6129018813372,0,I,173,1
124.884253612772,72,35.3995762160048,36.6004237839952,0,C,174,1
65.8492131132375,72,35.6232579611242,30.2259551521133,1,I,175,1
239.804008450601,72,35.6960289739072,36.3039710260928,0,C,176,1
75.3168145310884,72,35.8869289280847,36.1130710719153,0,I,177,1
40.0154067397164,72,35.8895200258121,4.1258867139043,1,C,178,1
217.750064766024,72,35.9730746364221,36.0269253635779,0,I,179,1
62.5095372361061,72,36.1061006225646,26.4034366135415,1,C,180,1
132.064404151138,72,36.1691461270675,35.8308538729325,0,I,181,1
38.4837383612697,72,36.28096121829,2.20277714297972,1,C,182,1
315.479414775046,72,37.1981749031693,34.8018250968307,0,I,183,1
75.1287965726679,72,37.5098182400689,34.4901817599312,0,C,184,1
96.7019712069428,72,37.5625308277085,34.4374691722915,0,I,185,1
110.454585908634,72,37.5936373416334,34.4063626583666,0,C,186,1
71.3127295988981,70.378176663656,38.0445031542331,32.3336735094229,0,I,187,1
112.059701377073,72,38.1668751686811,33.8331248313189,0,C,188,1
150.876397348864,72,38.1839544279501,33.8160455720499,0,I,189,1
135.241513691977,72,38.6825594119728,33.3174405880272,0,C,190,1
50.5499556837571,72,38.8113543391228,11.7386013446343,1,I,191,1
73.8123306892189,72,39.2266415013,32.7733584987,0,C,192,1
168.800307139552,72,39.3075594166294,32.6924405833706,0,I,193,1
72.5170375342222,67.6122793967347,39.3653440475464,28.2469353491883,0,C,194,1
115.18980136971,72,39.720483426936,32.279516573064,0,I,195,1
46.7459233888563,72,39.8876269860193,6.85829640283696,1,C,196,1
124.958146815869,72,39.9480446102098,32.0519553897902,0,I,197,1
90.890292357289,72,40.6785561377183,31.3214438622817,0,C,198,1
240.828569615186,72,40.7427806546912,31.2572193453088,0,I,199,1
56.7405141559806,72,40.9734696010128,15.7670445549679,1,C,200,1
213.957977996325,72,41.1372282262892,30.8627717737109,0,I,201,1
54.4890320648532,72,41.3170760544017,13.1719560104515,1,C,202,1
110.604708498431,72,41.346945441328,30.653054558672,0,I,203,1
73.9189275686075,72,43.1357491342351,28.8642508657649,0,C,204,1
136.623537861188,72,43.1619556294754,28.8380443705246,0,I,205,1
99.9292556911102,72,43.234530268237,28.765469731763,0,C,206,1
173.739649027314,72,43.552205208689,28.447794791311,0,I,207,1
94.0790293094241,72,43.5982151376084,28.4017848623917,0,C,208,1
102.52447603018,72,43.6191517207772,28.3808482792229,0,I,209,1
66.7738942620262,72,43.6835121084005,23.0903821536258,1,C,210,1
261.895132639309,72,43.9292648155242,28.0707351844758,0,I,211,1
125.955907315617,72,44.1326344013214,27.8673655986786,0,C,212,1
94.0037310807799,72,44.3070924840868,27.6929075159133,0,I,213,1
66.3096468039178,72,44.5151581708342,21.7944886330836,1,C,214,1
228.103164762781,72,44.9206911586225,27.0793088413775,0,I,215,1
56.9981843435935,72,45.1257201237604,11.872464219833,1,C,216,1
56.4345373386304,72,45.2494184626266,11.1851188760037,1,I,217,1
438.166775336334,72,45.4610813688487,26.5389186311513,0,C,218,1
80.2026760928512,72,45.5395248904824,26.4604751095176,0,I,219,1
62.1839174226048,72,45.6239389814436,16.5599784411611,1,C,220,1
306.182513286164,72,45.723763438873,26.276236561127,0,I,221,1
67.0395202405144,72,45.8205741550773,21.2189460854371,1,C,222,1
122.669436489581,72,46.2111815996468,25.7888184003532,0,I,223,1
81.3977586431882,72,46.3594695646316,25.6405304353684,0,C,224,1
176.983637801195,72,46.4078139374033,25.5921860625967,0,I,225,1
52.1992300573743,72,46.5854688920081,5.61376116536623,1,C,226,1
74.8270416351323,72,46.6509295580909,25.3490704419091,0,I,227,1
49.9231751073073,72,47.1067677112296,2.81640739607762,1,C,228,1
59.3949344275843,72,47.1353614283726,12.2595729992117,1,I,229,1
77.7216627026792,72,47.1752748638392,24.8247251361609,0,C,230,1
165.196447291962,72,47.3418186279014,24.6581813720986,0,I,231,1
81.6721212074081,72,47.4627362284809,24.5372637715191,0,C,232,1
71.6921557903326,60.8971963068562,47.4718976905569,13.4252986162992,0,I,233,1
55.2759011049126,72,47.4798281583935,7.79607294651909,1,C,234,1
385.778038500651,72,47.7091877209023,24.2908122790977,0,I,235,1
179.292987021199,72,47.7713734377176,24.2286265622824,0,C,236,1
67.3516138107362,72,47.772970777005,19.5786430337312,1,I,237,1
55.0923906171382,72,48.0530361738056,7.03935444333258,1,C,238,1
168.61637996277,72,48.0666176369414,23.9333823630586,0,I,239,1
66.0455071717339,72,48.0830441974104,17.9624629743235,1,C,240,1
243.922137506409,72,48.3003484876826,23.6996515123174,0,I,241,1
56.7587181212527,72,48.331046551466,8.42767156978669,1,C,242,1
146.732251411471,72,48.7125232536346,23.2874767463654,0,I,243,1
63.5444705822286,72,48.7331947311759,14.8112758510527,1,C,244,1
84.3838942122038,72,48.7572963070124,23.2427036929876,0,I,245,1
62.1540716075075,72,49.0185307664797,13.1355408410278,1,C,246,1
204.118891602719,72,49.0812831558287,22.9187168441713,0,I,247,1
107.321907830525,72,49.2256478313357,22.7743521686643,0,C,248,1
241.525672308903,72,49.2562754591927,22.7437245408073,0,I,249,1
60.2399142334114,72,49.3721016403288,10.8678125930826,1,C,250,1
482.534045302487,72,49.6090319612995,22.3909680387005,0,I,251,1
69.6592161086845,72,49.8937961412594,19.7654199674251,1,C,252,1
115.1818951381,72,50.1115384278819,21.8884615721181,0,I,253,1
61.7963820424384,72,50.4464285541326,11.3499534883058,1,C,254,1
95.3164461341556,72,50.7209285348654,21.2790714651346,0,I,255,1
63.351458326712,72,50.7436629105359,12.6077954161761,1,C,256,1
96.4339034293552,72,50.8014910435304,21.1985089564696,0,I,257,1
57.2058193882321,72,50.8781706076115,6.32764878062056,1,C,258,1
200.15357981291,72,50.9568214695901,21.0431785304099,0,I,259,1
81.5519542481788,72,51.0434825532138,20.9565174467862,0,C,260,1
109.413577463117,72,51.1031958879903,20.8968041120097,0,I,261,1
145.381170072542,72,51.3599748769775,20.6400251230225,0,C,262,1
255.474762767259,72,51.4174034167081,20.5825965832919,0,I,263,1
74.7641997007909,72,51.5343182533979,20.4656817466021,0,C,264,1
70.4994745192231,72,51.7677464615554,18.7317280576677,1,I,265,1
90.0698560069482,72,51.8445913307369,20.1554086692631,0,C,266,1
80.8193755257539,72,52.1487753465772,19.8512246534228,0,I,267,1
58.1592389607573,72,52.1928362594917,5.96640270126558,1,C,268,1
236.176989338791,72,52.7043267851695,19.2956732148305,0,I,269,1
63.4338797029613,72,52.7943723695353,10.6395073334261,1,C,270,1
102.106787659322,72,52.9588397406042,19.0411602593958,0,I,271,1
93.8188209691462,72,53.1897441996262,18.8102558003739,0,C,272,1
88.9098172434298,72,53.612642926164,18.387357073836,0,I,273,1
113.727201585037,72,53.8549097534269,18.1450902465731,0,C,274,1
221.440250926884,72,54.0007430082187,17.9992569917813,0,I,275,1
65.6529491303495,72,54.0145284170285,11.638420713321,1,C,276,1
214.498171901314,72,54.4051346182823,17.5948653817177,0,I,277,1
210.954887924757,72,54.8817695025355,17.1182304974645,0,C,278,1
185.367831774023,72,54.9831539718434,17.0168460281566,0,I,279,1
60.3095159281065,72,55.1139370305464,5.19557889756017,1,C,280,1
180.01593089225,72,55.2860764972866,16.7139235027134,0,I,281,1
96.6778372923181,72,55.4681870061904,16.5318129938096,0,C,282,1
240.602315889843,72,55.5266732163727,16.4733267836273,0,I,283,1
56.3998862368478,72,55.5550687154755,0.844817521372332,1,C,284,1
137.20519697974,72,56.2501556938514,15.7498443061486,0,I,285,1
107.599419455767,72,56.3237700518221,15.6762299481779,0,C,286,1
118.784171614333,72,56.4082960411906,15.5917039588094,0,I,287,1
125.572314850815,72,56.5965843759477,15.4034156240523,0,C,288,1
329.932301947527,72,56.6549823386595,15.3450176613405,0,I,289,1
60.4580701635756,72,56.8132951715961,3.64477499197953,1,C,290,1
185.196048407345,72,56.8789120484144,15.1210879515857,0,I,291,1
129.714500195325,72,57.0300486311317,14.9699513688684,0,C,292,1
299.119396589276,72,57.1642540069297,14.8357459930703,0,I,293,1
137.446722273934,72,57.238651458174,14.761348541826,0,C,294,1
74.0762574665152,72,57.6196591509506,14.3803408490494,0,I,295,1
107.422140916679,72,57.6956537039951,14.304346296005,0,C,296,1
146.13906059367,72,58.0088158976287,13.9911841023713,0,I,297,1
76.8187898480278,72,58.0547687178478,13.9452312821522,0,C,298,1
90.312253030242,72,58.2209747750312,13.7790252249688,0,I,299,1
72.3078936447067,72,58.400595439598,13.599404560402,0,C,300,1
113.68438421813,72,58.4639175748453,13.5360824251547,0,I,301,1
60.7191089810066,72,58.490735180676,2.22837380033057,1,C,302,1
99.8500196773539,72,58.7058065319434,13.2941934680566,0,I,303,1
67.5744107832225,72,58.8828432094306,8.69156757379194,1,C,304,1
99.3075687706584,72,59.2346110660583,12.7653889339417,0,I,305,1
91.598971802127,72,59.2394998949021,12.7605001050979,0,C,306,1
106.159109418567,72,59.3030716152862,12.6969283847138,0,I,307,1
221.18423927524,72,59.5286218123511,12.471378187649,0,C,308,1
66.5804476167686,72,59.5736111188307,7.00683649793785,1,I,309,1
97.9425952393137,72,59.6586524415761,12.3413475584239,0,C,310,1
232.388989991869,72,59.9724110914394,12.0275889085606,0,I,311,1
155.706535152325,72,0.360896000638604,71.6391039993614,0,I,1,2
126.817768952479,72,0.485247415490449,71.5147525845096,0,C,2,2
331.19005681831,72,0.511313360184431,71.4886866398156,0,I,3,2
33.248061372211,72,0.666343769989908,32.5817176022211,1,C,4,2
6.48123455785717,72,0.674360264092684,5.80687429376449,1,I,5,2
44.1774550772454,6.26526628852772,0.927801355719566,5.33746493280815,0,C,6,2
35.2174455336809,72,1.27754176966846,33.9399037640124,1,I,7,2
26.8838147743308,72,1.37280571740121,25.5110090569296,1,C,8,2
72.6450849208383,72,1.43977507017553,70.5602249298245,0,I,9,2
32.3349201894769,72,1.45760172978044,30.8773184596965,1,C,10,2
11.5229965623306,72,1.60310176201165,9.91989480031898,1,I,11,2
102.410400700828,72,1.84933846816421,70.1506615318358,0,C,12,2
24.262533210418,72,1.90421545878053,22.3583177516375,1,I,13,2
8.39056643537906,72,1.96809250395745,6.42247393142161,1,C,14,2
40.7304543538346,59.6713562480485,2.23944805562496,38.4910062982096,1,I,15,2
21.4142423050067,72,2.2439339524135,19.1703083525932,1,C,16,2
285.551501708955,72,2.26857490371913,69.7314250962809,0,I,17,2
90.5653276922992,72,2.46331805828959,69.5366819417104,0,C,18,2
97.85435918591,72,2.57112158462405,69.428878415376,0,I,19,2
124.869287715504,72,2.63621876947582,69.3637812305242,0,C,20,2
80.551109659618,72,2.92638720944524,69.0736127905548,0,I,21,2
24.5563995929674,72,3.26319885905832,21.2932007339091,1,C,22,2
160.300290286299,72,3.94541915506125,68.0545808449388,0,I,23,2
34.2125867094157,72,4.01870314031839,30.1938835690973,1,C,24,2
74.2103609849581,72,4.04826873913407,67.9517312608659,0,I,25,2
25.6662996396246,72,4.19077300932258,21.475526630302,1,C,26,2
101.618854017562,72,4.37390007544309,67.6260999245569,0,I,27,2
94.5538984400961,72,4.43069653585553,67.5693034641445,0,C,28,2
33.234672551039,72,4.94546395260841,28.2892085984306,1,I,29,2
78.7361837798282,72,4.96030240785331,67.0396975921467,0,C,30,2
18.3730397121872,72,5.03673129715025,13.336308415037,1,I,31,2
122.440705212499,72,5.05686813499779,66.9431318650022,0,C,32,2
63.5409277501059,72,5.30436849687249,58.2365592532334,1,I,33,2
87.0033689673752,72,5.40181264746934,66.5981873525307,0,C,34,2
67.4654184860148,72,5.55420718621463,61.9112112998002,1,I,35,2
92.4198032259614,72,5.87265672627837,66.1273432737216,0,C,36,2
97.5699869006197,72,5.95333754550666,66.0466624544934,0,I,37,2
13.0539151884126,72,6.05449307709932,6.99942211131324,1,C,38,2
298.034764405179,72,6.30021277349442,65.6997872265056,0,I,39,2
15.5531755221145,72,6.47719447966665,9.07598104244787,1,C,40,2
10.4179249610207,38.8108731870522,6.56836779322475,3.84955716779599,1,I,41,2
9.17849227718071,72,6.69257795903832,2.48591431814239,1,C,42,2
138.828085406298,72,7.01606785878539,64.9839321412146,0,I,43,2
73.0461339413936,72,7.14471583720297,64.855284162797,0,C,44,2
333.373129440539,72,7.24384216591716,64.7561578340828,0,I,45,2
71.384619199607,72,7.36220641527325,64.0224127843337,1,C,46,2
97.6423825572098,17.798402324029,7.55174766294658,10.2466546610824,0,I,47,2
95.2614303920672,72,8.11034758575261,63.8896524142474,0,C,48,2
66.5647934562336,72,8.36215396877378,58.2026394874598,1,I,49,2
55.105767320218,72,8.74657299835235,46.3591943218657,1,C,50,2
298.206297024912,72,8.81440870463848,63.1855912953615,0,I,51,2
9.4491979347429,72,9.11592474672943,0.33327318801347,1,C,52,2
53.8481861510725,72,9.1615772433579,44.6866089077146,1,I,53,2
92.2944670484794,72,9.42233974579722,62.5776602542028,0,C,54,2
103.381174720361,72,9.46618775837123,62.5338122416288,0,I,55,2
80.2552393226728,72,9.55445351544768,62.4455464845523,0,C,56,2
67.5445069440457,72,9.73256992176175,57.811937022284,1,I,57,2
70.7227005568343,72,9.7837662929669,60.9389342638674,1,C,58,2
42.6091602595844,72,9.86031016800553,32.7488500915788,1,I,59,2
110.86599972393,72,9.86092933919281,62.1390706608072,0,C,60,2
142.179473837354,72,10.0229062093422,61.9770937906578,0,I,61,2
81.9113511539085,72,10.0880464632064,61.9119535367936,0,C,62,2
144.582121060383,72,10.1099276449531,61.8900723550469,0,I,63,2
20.4371026663981,72,10.310385148041,10.1267175183571,1,C,64,2
148.253429054431,72,10.377618628554,61.622381371446,0,I,65,2
16.098810662876,72,11.0002745781094,5.09853608476666,1,C,66,2
63.6393363484579,72,11.1436058906838,52.4957304577741,1,I,67,2
28.7613988360731,72,11.3860356342047,17.3753632018684,1,C,68,2
353.086270973913,29.3152562088996,11.4641245594248,17.8511316494748,0,I,69,2
62.4628718765395,72,11.494450061582,50.9684218149575,1,C,70,2
164.571693990422,72,11.7122686374933,60.2877313625068,0,I,71,2
60.2170564827286,72,11.8624321231619,48.3546243595668,1,C,72,2
19.2555554045449,72,11.9185772258788,7.33697817866609,1,I,73,2
39.1001400341313,72,12.1399157121778,26.9602243219535,1,C,74,2
386.486603830694,72,12.1553024277091,59.8446975722909,0,I,75,2
12.4413753384935,72,12.184705263935,0.256670074558419,1,C,76,2
12.550826561499,69.5260188031362,12.4734642449766,0.0773623165223459,1,I,77,2
372.663282023918,72,12.9289258411154,59.0710741588846,0,C,78,2
100.122856445633,72,13.3377320738509,58.6622679261491,0,I,79,2
123.514816692674,72,13.4434148669243,58.5565851330757,0,C,80,2
16.7350608195091,72,13.4739914629608,3.26106935654821,1,I,81,2
234.083164074982,72,13.5007076896727,58.4992923103273,0,C,82,2
650.509357780021,72,13.9295615628362,58.0704384371638,0,I,83,2
56.8167046505194,54.2029406964459,14.3213123688474,39.8816283275985,0,C,84,2
261.806057929091,72,14.4285201793537,57.5714798206464,0,I,85,2
135.024110662408,72,14.5085901254788,57.4914098745212,0,C,86,2
17.0261651096868,72,14.6532945614308,2.37287054825602,1,I,87,2
36.0726167900524,72,15.0212944904342,21.0513222996181,1,C,88,2
219.459705031003,72,15.0684312265366,56.9315687734634,0,I,89,2
103.799046019811,72,15.4674970591441,56.5325029408559,0,C,90,2
402.44764609409,72,15.7383989123628,56.2616010876373,0,I,91,2
182.739567674476,72,16.1628685053438,55.8371314946562,0,C,92,2
221.801405699967,72,16.1869378807023,55.8130621192977,0,I,93,2
35.9104745163829,72,16.4522000122815,19.4582745041013,1,C,94,2
49.5870877979013,72,16.5745148761198,33.0125729217815,1,I,95,2
91.6736882908942,72,16.6513214400038,55.3486785599962,0,C,96,2
68.719391335265,72,16.7913769232109,51.9280144120541,1,I,97,2
22.0944777180145,72,16.810361277312,5.2841164407025,1,C,98,2
65.9841595460692,72,16.9079712918028,49.0761882542664,1,I,99,2
48.1310362023025,72,17.3813527682796,30.7496834340229,1,C,100,2
95.5598958752419,72,17.4227199610323,54.5772800389677,0,I,101,2
126.223902967459,72,17.6408387068659,54.3591612931341,0,C,102,2
51.313625894133,72,17.8964746277779,33.417151266355,1,I,103,2
73.1136494188977,72,17.9975074343383,54.0024925656617,0,C,104,2
64.5761005535615,72,18.187090116553,46.3890104370085,1,I,105,2
91.1523799791602,72,18.2875129580498,53.7124870419502,0,C,106,2
126.956863604204,72,18.3509437786415,53.6490562213585,0,I,107,2
71.9804052226602,72,18.3627037284896,53.6177014941706,1,C,108,2
337.96372408227,72,18.4723184164613,53.5276815835387,0,I,109,2
304.249231387103,72,18.7310859002173,53.2689140997827,0,C,110,2
67.1892455127893,72,18.8486263342202,48.3406191785691,1,I,111,2
80.9495989632393,72,18.9507090579718,53.0492909420282,0,C,112,2
74.8442028241762,72,19.1381730046123,52.8618269953877,0,I,113,2
31.3753408760775,72,19.2265480617061,12.1487928143714,1,C,114,2
36.1991229654011,72,19.2671636212617,16.9319593441394,1,I,115,2
249.458043591016,72,19.4448464037851,52.555153596215,0,C,116,2
145.202098141623,72,19.6949823154137,52.3050176845864,0,I,117,2
45.1825960259715,72,20.1459274627268,25.0366685632446,1,C,118,2
166.084913066408,72,20.1563757704571,51.8436242295429,0,I,119,2
143.42026327483,72,20.1614537648857,51.8385462351143,0,C,120,2
244.043233094444,72,20.6070798682049,51.3929201317951,0,I,121,2
51.0668873159772,72,20.8090118039399,30.2578755120373,1,C,122,2
37.0251876684292,72,21.1654139589518,15.8597737094774,1,I,123,2
71.7538914064974,72,21.8899403465912,49.8639510599062,1,C,124,2
135.828624885437,72,22.0113932294771,49.9886067705229,0,I,125,2
22.7410593019059,72,22.5846224371344,0.156436864771554,1,C,126,2
63.0955707314144,72,22.6642339350656,40.4313367963488,1,I,127,2
26.4917200556509,72,22.7624917868525,3.72922826879839,1,C,128,2
102.469461216609,72,22.8197130421177,49.1802869578824,0,I,129,2
32.6112683869585,72,22.8715856652707,9.73968272168777,1,C,130,2
241.060320297197,72,23.0550217581913,48.9449782418087,0,I,131,2
51.1543243145722,72,23.3390059461817,27.8153183683904,1,C,132,2
231.20700749769,72,23.3593287505209,48.6406712494791,0,I,133,2
23.7152544825595,72,23.4756692592055,0.23958522335402,1,C,134,2
269.252472848886,72,23.6502195009962,48.3497804990038,0,I,135,2
52.9983084065397,72,24.2604558169842,28.7378525895555,1,C,136,2
41.013613480453,72,24.4073141226545,16.6062993577985,1,I,137,2
73.4552510670773,72,24.4318525772542,47.5681474227458,0,C,138,2
143.678338075579,31.2163336895043,24.4839172856882,6.73241640381612,0,I,139,2
129.076132785615,72,24.6049334574491,47.3950665425509,0,C,140,2
316.334964721629,72,24.9348327470943,47.0651672529057,0,I,141,2
115.540518919195,72,25.1631625927985,46.8368374072015,0,C,142,2
49.5447950256782,72,25.1637436822057,24.3810513434726,1,I,143,2
109.523962303577,72,25.3978357370943,46.6021642629057,0,C,144,2
233.244394888298,72,25.4589585028589,46.5410414971411,0,I,145,2
89.9914553148311,72,25.5878955870867,46.4121044129133,0,C,146,2
82.7038817667686,72,25.9430705476552,46.0569294523448,0,I,147,2
66.8836583102003,72,26.0721191111952,40.8115391990051,1,C,148,2
40.9804767842403,72,26.0771570261568,14.9033197580835,1,I,149,2
67.8350994521666,72,26.1050345795229,41.7300648726437,1,C,150,2
100.967606471679,72,26.7715372284874,45.2284627715126,0,I,151,2
83.9151993705732,72,26.8914366234094,45.1085633765906,0,C,152,2
108.406760769685,72,27.4078772217035,44.5921227782965,0,I,153,2
57.4766964676448,72,27.5480679469183,29.9286285207265,1,C,154,2
99.9189734178531,72,27.8303736448288,44.1696263551712,0,I,155,2
165.846436113148,72,27.8986855130643,44.1013144869357,0,C,156,2
137.950695975359,72,28.4800643054768,43.5199356945232,0,I,157,2
53.8701559071371,72,28.4868113463745,25.3833445607626,1,C,158,2
197.29842881594,72,28.5801773797721,43.4198226202279,0,I,159,2
51.6213126070158,72,28.643154152669,22.9781584543468,1,C,160,2
30.8097535354197,72,28.739089476876,2.07066405854375,1,I,161,2
111.145170728694,72,28.8978445110843,43.1021554889157,0,C,162,2
51.383978041535,72,28.9776375051588,22.4063405363763,1,I,163,2
108.564735051146,72,28.9964296342805,43.0035703657195,0,C,164,2
137.360291199399,72,29.0666869981214,42.9333130018786,0,I,165,2
145.884930726936,72,29.2416207538918,42.7583792461082,0,C,166,2
416.113312056018,72,29.4590569334105,42.5409430665895,0,I,167,2
68.2467077859537,72,29.4881504354998,38.7585573504539,1,C,168,2
168.606180185266,72,29.5141456509009,42.4858543490991,0,I,169,2
48.9579859143897,72,29.5800118334591,19.3779740809305,1,C,170,2
121.254434367427,72,29.9730413267389,42.0269586732611,0,I,171,2
36.2307445313629,72,30.0045873876661,6.22615714369677,1,C,172,2
398.764010005565,72,30.1660965336487,41.8339034663513,0,I,173,2
108.47669747595,72,30.1999925449491,41.8000074550509,0,C,174,2
56.2454815738067,72,30.2865998866037,25.958881687203,1,I,175,2
39.4753170243219,72,31.0508224787191,8.4244945456028,1,C,176,2
35.9819824691935,72,31.5535344695672,4.4284479996263,1,I,177,2
52.1306409751922,72,31.6350405290723,20.4956004461199,1,C,178,2
37.2442711176224,72,31.7097614658996,5.53450965172275,1,I,179,2
55.6421010193052,72,31.7178009124473,23.9243001068579,1,C,180,2
158.065726858673,72,31.8137168884277,40.1862831115723,0,I,181,2
48.9864496429075,72,31.9601995311677,17.0262501117397,1,C,182,2
72.4189222369097,72,32.0266538439319,39.9733461560682,0,I,183,2
42.5984578647345,72,32.0825153030455,10.5159425616889,1,C,184,2
55.5414571871638,72,32.1692832978442,23.3721738893195,1,I,185,2
106.991793305835,72,32.1753335371614,39.8246664628387,0,C,186,2
139.302307516066,55.7132334976477,32.1906151715666,23.5226183260811,0,I,187,2
119.720109138041,72,32.4616444017738,39.5383555982262,0,C,188,2
105.048498284307,72,32.6812487281859,39.3187512718141,0,I,189,2
105.501081543252,72,32.8934123832732,39.1065876167268,0,C,190,2
108.152982629018,72,33.3333473699167,38.6666526300833,0,I,191,2
108.150020200796,72,33.5042331274599,38.4957668725401,0,C,192,2
61.0385803373809,72,33.6625681305304,27.3760122068505,1,I,193,2
67.4908817062283,72,33.7735585821793,33.717323124049,1,C,194,2
38.7874954074718,72,33.791257920675,4.99623748679686,1,I,195,2
70.8951914807737,72,33.8808934623376,37.0142980184361,1,C,196,2
117.016369346265,72,34.001649194397,37.998350805603,0,I,197,2
52.8261970848037,72,34.2361207399517,18.590076344852,1,C,198,2
36.8900140891209,72,34.29617151618,2.59384257294083,1,I,199,2
107.960415569655,72,34.339530360885,37.660469639115,0,C,200,2
413.58612178867,72,34.457421451807,37.542578548193,0,I,201,2
163.411984732143,72,34.5865960931405,37.4134039068595,0,C,202,2
132.511773486066,72,34.6163754025474,37.3836245974526,0,I,203,2
77.7986885396951,72,34.73873836454,37.26126163546,0,C,204,2
146.634810900907,72,35.3371496731415,36.6628503268585,0,I,205,2
108.451651915147,72,35.377171500586,36.622828499414,0,C,206,2
59.8956429825423,72,35.4093174543232,24.4863255282192,1,I,207,2
74.7515752557703,72,35.4532369226217,36.5467630773783,0,C,208,2
41.0044137479238,72,35.7403560401872,5.26405770773664,1,I,209,2
45.7792167196229,72,35.9720491524786,9.80716756714436,1,C,210,2
148.994630183568,72,36.3854044117034,35.6145955882967,0,I,211,2
49.9183017203655,72,36.453726394102,13.4645753262635,1,C,212,2
68.388461909586,72,36.486874348484,31.901587561102,1,I,213,2
105.996080737943,72,36.5178007911891,35.4821992088109,0,C,214,2
264.678975072941,57.1833430956602,36.549379164353,20.6339639313072,0,I,215,2
60.0417075985866,72,36.5682581020519,23.4734494965347,1,C,216,2
278.275477698641,72,36.9620313635096,35.0379686364904,0,I,217,2
187.44066876636,72,37.319118543528,34.680881456472,0,C,218,2
255.713777109222,72,37.3520197207108,34.6479802792892,0,I,219,2
141.981870678979,72,37.6714175054804,34.3285824945197,0,C,220,2
160.412595539106,72,37.893773233518,34.106226766482,0,I,221,2
63.4197106973633,72,37.9399745631963,25.479736134167,1,C,222,2
63.4750804989772,72,38.018641169183,25.4564393297943,1,I,223,2
67.7430438098333,72,38.2335445191711,29.5094992906622,1,C,224,2
110.416718610512,72,38.3779471786693,33.6220528213307,0,I,225,2
124.147486526438,72,38.3921751799062,33.6078248200938,0,C,226,2
165.841221320304,72,38.4419090067968,33.5580909932032,0,I,227,2
116.249195482998,72,38.5343849379569,33.4656150620431,0,C,228,2
43.2136557377173,72,38.5943184094504,4.61933732826694,1,I,229,2
60.621743393198,72,38.7187235383317,21.9030198548663,1,C,230,2
81.2840589444143,72,38.808709946461,33.191290053539,0,I,231,2
152.227203675804,72,38.8956959964708,33.1043040035293,0,C,232,2
66.770794775635,72,38.9949724311009,27.7758223445341,1,I,233,2
47.0326629896823,72,39.0153669705614,8.01729601912087,1,C,234,2
426.815993525172,72,39.1290040500462,32.8709959499538,0,I,235,2
50.8110975437859,72,39.1762774949893,11.6348200487966,1,C,236,2
42.142195524787,72,39.2166952975094,2.9255002272776,1,I,237,2
57.9900652809949,72,39.4889904744923,18.5010748065026,1,C,238,2
326.868299047489,72,39.6133014606312,32.3866985393688,0,I,239,2
124.410870507415,72,39.776596147567,32.223403852433,0,C,240,2
45.7216811392491,72,39.8036411963403,5.91803994290878,1,I,241,2
42.1348574788736,72,39.9160834774375,2.21877400143607,1,C,242,2
224.052378828933,72,39.9838056229055,32.0161943770945,0,I,243,2
177.200230845486,72,39.9927042983472,32.0072957016528,0,C,244,2
195.742698659553,72,40.0739541370422,31.9260458629578,0,I,245,2
111.422665516052,72,40.3368686093017,31.6631313906983,0,C,246,2
92.2481894268819,72,40.6733634369448,31.3266365630552,0,I,247,2
69.3019762344606,72,40.694265794009,28.6077104404516,1,C,248,2
562.739817540018,72,40.862760390155,31.137239609845,0,I,249,2
62.8645057898897,72,40.9111422998831,21.9533634900067,1,C,250,2
135.385927780902,72,41.1900036083534,30.8099963916466,0,I,251,2
130.481217428508,72,41.635318826884,30.364681173116,0,C,252,2
133.950555460031,72,41.7239350173622,30.2760649826378,0,I,253,2
173.35567091987,72,41.887274030596,30.112725969404,0,C,254,2
402.653554353298,72,41.9892421457917,30.0107578542084,0,I,255,2
54.0118655904134,72,42.1263845684007,11.8854810220127,1,C,256,2
77.506777018593,72,42.3357211891562,29.6642788108438,0,I,257,2
175.206695028914,72,42.7709564147517,29.2290435852483,0,C,258,2
192.924515082776,72,42.8018352622166,29.1981647377834,0,I,259,2
197.223180188049,72,43.0449264356867,28.9550735643134,0,C,260,2
84.2869315793518,72,43.0742490710691,28.9257509289309,0,I,261,2
184.056083938468,72,43.1669383775443,28.8330616224557,0,C,262,2
48.5091766839249,72,43.5427521821111,4.96642450181378,1,I,263,2
50.1524898738313,72,43.6805631732568,6.4719267005745,1,C,264,2
384.97676892339,72,44.2736247042194,27.7263752957806,0,I,265,2
130.457789105254,72,44.4069895148277,27.5930104851723,0,C,266,2
244.853752403528,72,44.7517334902659,27.2482665097341,0,I,267,2
63.943030102437,72,44.7691822936758,19.1738478087612,1,C,268,2
147.195973862565,72,45.8062002807856,26.1937997192144,0,I,269,2
219.242600522993,72,45.9219565289095,26.0780434710905,0,C,270,2
274.510180541873,72,45.9377859905362,26.0622140094638,0,I,271,2
64.1460148578759,72,46.3102346705273,17.8357801873487,1,C,272,2
52.5584442886401,72,46.4535674778745,6.10487681076563,1,I,273,2
87.3832793266359,72,46.4975167158991,25.5024832841009,0,C,274,2
188.374328736565,72,46.6547916037962,25.3452083962038,0,I,275,2
89.5870567038199,72,46.9616042124108,25.0383957875893,0,C,276,2
79.2696904014732,72,47.5092937191948,24.4907062808052,0,I,277,2
92.9471268317466,72,47.6933329179883,24.3066670820117,0,C,278,2
108.035066188416,72,47.8109224978834,24.1890775021166,0,I,279,2
48.6270577373225,72,47.8566135233268,0.770444213995723,1,C,280,2
176.105008043603,72,48.0323850363493,23.9676149636507,0,I,281,2
198.069819564786,72,48.0686770705506,23.9313229294494,0,C,282,2
113.774971913954,72,48.548740404658,23.451259595342,0,I,283,2
187.39939466651,72,48.6641234485433,23.3358765514568,0,C,284,2
89.6197254739369,72,49.0842374553904,22.9157625446096,0,I,285,2
139.700900658278,72,49.2898594262078,22.7101405737922,0,C,286,2
473.164367231746,72,49.3288786942139,22.6711213057861,0,I,287,2
174.046916785862,72,49.4124595681205,22.5875404318795,0,C,288,2
106.830033641989,72,49.417066751048,22.582933248952,0,I,289,2
239.82290531578,72,49.4909277325496,22.5090722674504,0,C,290,2
96.1900431237306,72,49.6053336421028,22.3946663578972,0,I,291,2
59.8756599208285,72,49.7563869226724,10.1192729981561,1,C,292,2
67.5180091107622,72,50.06716478616,17.4508443246022,1,I,293,2
113.742638095312,72,50.2327703079209,21.7672296920791,0,C,294,2
323.396546201339,72,50.5331723531708,21.4668276468292,0,I,295,2
158.152317440705,72,50.5554375238717,21.4445624761283,0,C,296,2
293.692477608583,72,50.7327892351896,21.2672107648104,0,I,297,2
114.843069277752,72,50.7376765832305,21.2623234167695,0,C,298,2
69.4747996710654,72,50.9206415293738,18.5541581416916,1,I,299,2
52.3182837902932,72,50.9836722677574,1.33461152253579,1,C,300,2
67.1675594389478,72,51.0048017743975,16.1627576645503,1,I,301,2
53.929428765323,72,51.3568758079782,2.57255295734481,1,C,302,2
186.98072141357,72,51.5201037190855,20.4798962809145,0,I,303,2
70.5163297353686,72,51.5288423839957,18.9874873513729,1,C,304,2
142.261920858863,72,51.6666108928621,20.3333891071379,0,I,305,2
55.4650522698443,72,52.2771709458903,3.18788132395404,1,C,306,2
507.117339905578,72,52.9278872162104,19.0721127837896,0,I,307,2
98.3328497836344,72,53.0327664641663,18.9672335358337,0,C,308,2
245.827339510144,72,53.3514831215143,18.6485168784857,0,I,309,2
55.7682378584362,72,53.4974340582266,2.27080380020959,1,C,310,2
337.54628644845,72,53.786890860647,18.213109139353,0,I,311,2
241.359961739659,72,53.9941868791357,18.0058131208643,0,C,312,2
245.27294371227,72,54.0179299330339,17.9820700669661,0,I,313,2
113.394545398153,72,54.0500372601673,17.9499627398327,0,C,314,2
260.507323353286,72,54.2598046688363,17.7401953311637,0,I,315,2
63.0716195964825,72,54.3989586504176,8.67266094606488,1,C,316,2
167.818199894861,72,54.7595414752141,17.2404585247859,0,I,317,2
142.225756594471,72,54.987906483002,17.012093516998,0,C,318,2
247.526095421631,72,55.3713247971609,16.6286752028391,0,I,319,2
128.123786502034,72,55.8091095322743,16.1908904677257,0,C,320,2
66.815865492887,72,55.8966192416847,10.9192462512023,1,I,321,2
81.0456399636244,72,55.9695911966264,16.0304088033736,0,C,322,2
134.849700220472,72,56.4776677452028,15.5223322547972,0,I,323,2
89.7419287858694,72,56.7943256814033,15.2056743185967,0,C,324,2
82.3245638291139,72,56.9952446082607,15.0047553917393,0,I,325,2
149.297668825268,72,57.0888460893184,14.9111539106816,0,C,326,2
298.527640268328,72,57.1720027271658,14.8279972728342,0,I,327,2
76.1429378196104,72,57.1918190689758,14.8081809310243,0,C,328,2
129.764126581076,72,57.2081338148564,14.7918661851436,0,I,329,2
107.109096756126,72,57.4240702204406,14.5759297795594,0,C,330,2
65.2153840440996,72,57.4691358581185,7.74624818598102,1,I,331,2
156.779059504943,72,57.5017649168149,14.4982350831851,0,C,332,2
68.9163668546395,72,57.8152335528284,11.101133301811,1,I,333,2
230.608864734774,72,57.9421411687508,14.0578588312492,0,C,334,2
356.506120583792,72,58.2539469050244,13.7460530949757,0,I,335,2
70.4949556887974,72,58.435467062518,12.0594886262794,1,C,336,2
73.2709971806857,72,58.5664471238852,13.4335528761148,0,I,337,2
116.348727829707,72,58.5838744277135,13.4161255722865,0,C,338,2
133.392469828479,72,58.68961667642,13.31038332358,0,I,339,2
99.7033821922912,72,58.7949780933559,13.2050219066441,0,C,340,2
82.2546399608303,72,58.8349314127117,13.1650685872883,0,I,341,2
59.3962530877261,72,58.9292328804731,0.467020207252933,1,C,342,2
92.5903963535639,72,59.0076024457812,12.9923975542188,0,I,343,2
198.389172181341,72,59.0615742467344,12.9384257532656,0,C,344,2
98.8011033646905,72,59.4984209630638,12.5015790369362,0,I,345,2
94.841005127051,72,59.8213063180447,12.1786936819553,0,C,346,2
395.71665339016,72,59.8751312540844,12.1248687459156,0,I,347,2
146.44213402752,72,59.9191145226359,12.0808854773641,0,C,348,2
217.433859576523,72,59.9428234621882,12.0571765378118,0,I,349,2
22.7713858678866,72,0.219684583134949,22.5517012847516,1,C,1,3
139.504886438091,72,0.440439619123936,71.5595603808761,0,I,2,3
7.18676366673126,72,0.521293189376593,6.66547047735467,1,C,3,3
160.491885914332,72,0.767831378616393,71.2321686213836,0,I,4,3
32.8716077743696,72,0.806230162270367,32.0653776120992,1,C,5,3
129.798726712417,72,0.817790301516652,71.1822096984834,0,I,6,3
38.5541282199715,72,0.935842199251056,37.6182860207204,1,C,7,3
7.59360538377308,72,1.02537448983639,6.56823089393668,1,I,8,3
44.6674443011573,72,1.14321238361299,43.5242319175444,1,C,9,3
295.248749567462,72,1.15735322702676,70.8426467729732,0,I,10,3
44.843459889643,72,1.1959615861997,43.6474983034433,1,C,11,3
41.9913633831,50.9401228704787,1.21384068857878,40.7775226945212,1,I,12,3
15.7182469250512,72,1.25148614868522,14.466760776366,1,C,13,3
157.438358869309,72,1.43700103741139,70.5629989625886,0,I,14,3
38.9005431223723,18.7346120778757,1.55259284656495,17.1820192313107,0,C,15,3
68.8982780953388,72,2.07619147840887,66.8220866169299,1,I,16,3
23.9980962954266,72,2.14533357415348,21.8527627212732,1,C,17,3
103.877987287619,72,2.15992097742856,69.8400790225715,0,I,18,3
66.5262563435102,72,2.50533000100404,64.0209263425062,1,C,19,3
85.9704326790646,72,2.55959497299045,69.4404050270096,0,I,20,3
147.404140124858,72,2.96819192357361,69.0318080764264,0,C,21,3
280.114045111462,72,3.03805283736438,68.9619471626356,0,I,22,3
58.7086534501671,72,3.61873264890164,55.0899208012654,1,C,23,3
225.918551590277,72,4.05208127573133,67.9479187242687,0,I,24,3
11.3692497642283,72,4.1601975588128,7.20905220541552,1,C,25,3
256.796713189281,72,4.16390297468752,67.8360970253125,0,I,26,3
76.2734266848489,72,4.24738302826881,67.7526169717312,0,C,27,3
89.7007548211983,22.9701064206207,4.33023355901241,18.6398728616083,0,I,28,3
46.7085091735827,72,4.33983076829463,42.3686784052881,1,C,29,3
75.3887777411805,72,4.38244708813727,67.6175529118627,0,I,30,3
5.84140303976115,61.6162341927466,4.43898200523108,1.40242103453007,1,C,31,3
7.47542648485479,72,4.71759034786373,2.75783613699106,1,I,32,3
144.244695521966,72,4.8859058925882,67.1140941074118,0,C,33,3
128.484074831576,72,5.11259394697845,66.8874060530216,0,I,34,3
26.6235649989075,72,5.18010746687651,21.443457532031,1,C,35,3
12.3167389291486,64.8839043440349,5.66300482023507,6.65373410891348,1,I,36,3
44.8968188898833,72,5.77562618069351,39.1211927091898,1,C,37,3
179.382948973878,72,6.30294252187014,65.6970574781299,0,I,38,3
28.8079044450245,72,6.73523948527873,22.0726649597458,1,C,39,3
39.8369653264632,72,6.79304652381688,33.0439188026463,1,I,40,3
47.8025478970369,72,7.13452618103474,40.6680217160021,1,C,41,3
127.469683079594,72,7.14210222009569,64.8578977799043,0,I,42,3
130.517297478245,72,7.56670417729765,64.4332958227024,0,C,43,3
25.2435700172235,72,7.61192779988051,17.631642217343,1,I,44,3
79.3720223089494,72,8.02434808574617,63.9756519142538,0,C,45,3
52.1627403405079,72,8.07239583693445,44.0903445035734,1,I,46,3
118.52831581366,72,8.40324237942696,63.5967576205731,0,C,47,3
64.1058176834775,72,8.48935711663216,55.6164605668453,1,I,48,3
22.3999242512567,72,8.49113783799112,13.9087864132656,1,C,49,3
266.311243667511,72,8.49446274340153,63.5055372565985,0,I,50,3
77.7994637153438,72,8.75705671962351,63.2429432803765,0,C,51,3
157.231546305882,72,8.7608459405601,63.2391540594399,0,I,52,3
208.371018746608,72,8.92173377797008,63.0782662220299,0,C,53,3
43.6290172226832,72,9.79126908816397,33.8377481345193,1,I,54,3
118.002124997605,72,10.4166414448991,61.5833585551009,0,C,55,3
101.460944605161,72,10.5470169894397,61.4529830105603,0,I,56,3
21.5232060928628,36.2617767743845,10.7705854391679,10.7526206536949,1,C,57,3
57.9057368274635,72,10.7716219313443,47.1341148961193,1,I,58,3
62.3905589355345,72,11.228892034851,51.1616669006834,1,C,59,3
92.8961885590038,72,11.376183447428,60.623816552572,0,I,60,3
105.797579085363,72,11.6225417191163,60.3774582808837,0,C,61,3
134.567135774658,72,11.7038037115708,60.2961962884292,0,I,62,3
106.250935590233,72,12.5917999818921,59.4082000181079,0,C,63,3
31.1986253840226,72,12.6832769438624,18.5153484401601,1,I,64,3
97.1918119708547,72,12.9444008460268,59.0555991539732,0,C,65,3
28.3182915977599,72,13.2236925372854,15.0945990604745,1,I,66,3
63.9886141186138,72,13.3039430715144,50.6846710470994,1,C,67,3
71.2837688887119,72,13.3632793044671,57.9204895842447,1,I,68,3
24.2208040716959,72,13.4638078138232,10.7569962578727,1,C,69,3
19.5989439083484,72,13.5670378385112,6.03190606983727,1,I,70,3
14.4164860146077,72,14.3363660573959,0.0801199572117202,1,C,71,3
84.2449982789958,72,14.8353703552857,57.1646296447143,0,I,72,3
68.3407413073987,72,15.1428561564535,53.1978851509452,1,C,73,3
40.6253555720109,72,15.1555381296203,25.4698174423906,1,I,74,3
37.8611803493104,72,15.332842329517,22.5283380197934,1,C,75,3
49.8170982714586,72,15.4683320922777,34.3487661791809,1,I,76,3
49.2469236698889,72,15.9153151139617,33.3316085559272,1,C,77,3
94.7180294663464,72,16.0558826336637,55.9441173663363,0,I,78,3
98.5469345518066,72,16.0744314361364,55.9255685638636,0,C,79,3
146.54489777176,72,16.0944452136755,55.9055547863245,0,I,80,3
36.5365610707549,72,16.4633831894025,20.0731778813523,1,C,81,3
42.8617961140302,72,18.1253450503573,24.7364510636729,1,I,82,3
20.626637121765,72,18.1536276033148,2.47300951845023,1,C,83,3
463.525376779856,38.1144556810726,18.3351815398783,19.7792741411943,0,I,84,3
62.6793973930106,72,18.5853431001306,44.0940542928801,1,C,85,3
552.75931487727,72,18.6826084507629,53.3173915492371,0,I,86,3
57.1367196490881,72,18.959459415637,38.1772602334512,1,C,87,3
80.5276981572606,72,19.9777970742434,52.0222029257566,0,I,88,3
76.8331319008385,72,20.175906275399,51.824093724601,0,C,89,3
136.156393260795,72,20.3159870579839,51.6840129420161,0,I,90,3
111.839907370142,72,20.4328231327236,51.5671768672764,0,C,91,3
45.5781306731501,72,20.4637707257643,25.1143599473857,1,I,92,3
69.3569434307469,72,20.5449330434203,48.8120103873266,1,C,93,3
223.030682037109,72,21.4624937949702,50.5375062050298,0,I,94,3
45.8991739903879,72,21.5120219578967,24.3871520324912,1,C,95,3
34.0710790519425,72,21.5577702177688,12.5133088341736,1,I,96,3
44.3888666425969,72,21.6972394566983,22.6916271858986,1,C,97,3
291.536545447243,72,22.020226623863,49.979773376137,0,I,98,3
68.7010398384646,72,22.2098615951836,46.491178243281,1,C,99,3
117.430749946958,72,22.2619286924601,49.7380713075399,0,I,100,3
84.4645016319405,72,22.5110986316577,49.4889013683423,0,C,101,3
210.403032508848,72,22.548042065464,49.451957934536,0,I,102,3
110.013281788866,72,23.6058568255976,48.3941431744024,0,C,103,3
38.9237486168647,23.755831310693,23.6387148220092,0.117116488683759,0,I,104,3
299.184248241605,72,23.6596423806623,48.3403576193377,0,C,105,3
357.953882814075,72,23.7384222541004,48.2615777458996,0,I,106,3
47.076834955847,52.9242408907204,23.880764641799,23.196070314048,1,C,107,3
69.3025196028627,72,23.9109936542809,45.3915259485818,1,I,108,3
47.7137497843334,72,24.0180863812566,23.6956634030768,1,C,109,3
111.08035523987,72,24.0626498451456,47.9373501548544,0,I,110,3
89.611605804488,72,24.4268431188539,47.5731568811461,0,C,111,3
235.930197498696,72,24.565693619661,47.434306380339,0,I,112,3
40.1319864270665,72,25.0203600525856,15.1116263744808,1,C,113,3
128.247273574728,40.6710936183801,25.0873109372333,15.5837826811469,0,I,114,3
61.2796750077772,72,25.1158331008628,36.1638419069144,1,C,115,3
156.002454298954,72,25.3203536616638,46.6796463383362,0,I,116,3
26.8668852830153,72,25.9357073530555,0.93117792995984,1,C,117,3
87.5872926318069,72,26.1786235123873,45.8213764876127,0,I,118,3
27.8657190306386,72,26.2623297516257,1.60338927901296,1,C,119,3
245.189633760508,72,26.4742581406608,45.5257418593392,0,I,120,3
55.4801869816605,72,27.2071033297107,28.2730836519499,1,C,121,3
119.098477600453,72,27.5026446254924,44.4973553745076,0,I,122,3
65.551098914424,72,27.715017227456,37.836081686968,1,C,123,3
267.0372986302,72,27.9954790463671,44.0045209536329,0,I,124,3
63.4819264606914,72,28.0642337165773,35.4176927441141,1,C,125,3
75.006123085577,72,28.232963019982,43.767036980018,0,I,126,3
81.6666892540002,72,28.2739199325442,43.7260800674558,0,C,127,3
51.1136888141831,72,28.2825809530914,22.8311078610917,1,I,128,3
250.263136458708,72,28.3694350579754,43.6305649420247,0,C,129,3
52.5745645950261,72,28.4429091727361,24.13165542229,1,I,130,3
88.6993853874704,72,28.689346848987,43.310653151013,0,C,131,3
50.6836398474771,72,29.1736468439922,21.509993003485,1,I,132,3
32.3716724325196,52.1109396555789,29.8840104136616,2.48766201885798,1,C,133,3
103.942845420973,72,29.9277618527412,42.0722381472588,0,I,134,3
88.4202681982329,72,29.9396872054786,42.0603127945215,0,C,135,3
93.675264393125,72,30.1069998694584,41.8930001305416,0,I,136,3
75.8954525962542,72,30.3765649069101,41.6234350930899,0,C,137,3
61.2198977157922,72,30.410604570061,30.8092931457312,1,I,138,3
123.054349397275,72,30.4257057700306,41.5742942299694,0,C,139,3
158.564729558002,72,30.6526851793751,41.3473148206249,0,I,140,3
135.301736647207,72,30.7860926678404,41.2139073321596,0,C,141,3
48.552077104665,72,30.7898844452575,17.7621926594075,1,I,142,3
103.450954746392,72,31.0230356734246,40.9769643265754,0,C,143,3
35.161342573472,72,31.4182361634448,3.74310641002715,1,I,144,3
54.8791316002899,72,31.5578559273854,23.3212756729045,1,C,145,3
95.1398555255043,72,31.5807484695688,40.4192515304312,0,I,146,3
60.2963447697447,72,31.8895666860044,28.4067780837403,1,C,147,3
101.176909316744,72,32.1387114794925,39.8612885205075,0,I,148,3
39.2853931673686,72,32.3898174986243,6.89557566874427,1,C,149,3
208.005891586294,72,32.4534130934626,39.5465869065374,0,I,150,3
147.049293411345,72,32.4934426741675,39.5065573258326,0,C,151,3
34.7953710469904,72,32.5545804854482,2.24079056154214,1,I,152,3
287.48395197469,72,32.5615740939975,39.4384259060025,0,C,153,3
100.360736967868,72,32.7887440379709,39.2112559620291,0,I,154,3
69.4301251176773,72,33.1309341453016,36.2991909723757,1,C,155,3
142.667938298181,72,33.1768221175298,38.8231778824702,0,I,156,3
241.719528019828,72,33.1861703144386,38.8138296855614,0,C,157,3
282.405458736013,72,33.2587759383023,38.7412240616977,0,I,158,3
171.820590927939,72,33.2614380307496,38.7385619692504,0,C,159,3
251.786249462393,72,33.3835028065369,38.6164971934632,0,I,160,3
96.3521762686062,72,33.5626461077482,38.4373538922519,0,C,161,3
135.082622859387,72,34.0772083494812,37.9227916505188,0,I,162,3
146.99148827996,72,34.1851051524282,37.8148948475719,0,C,163,3
966.702684956636,72,34.4813827285543,37.5186172714457,0,I,164,3
76.2110160182007,72,34.7384099895135,37.2615900104865,0,C,165,3
163.273254089393,72,34.8280855827034,37.1719144172967,0,I,166,3
43.4324530804306,72,34.8974510421976,8.53500203823297,1,C,167,3
50.2460957688069,72,35.1003310130909,15.145764755716,1,I,168,3
70.0362100288259,72,35.1232111360878,34.9129988927381,1,C,169,3
228.931800554377,72,35.7143443264067,36.2856556735933,0,I,170,3
110.776758951096,72,35.8331073727459,36.1668926272541,0,C,171,3
129.551303466704,72,35.9112479444593,36.0887520555407,0,I,172,3
125.99710648826,72,36.0433831717819,35.9566168282181,0,C,173,3
40.2609609256357,72,36.4220898644999,3.83887106113587,1,I,174,3
51.043008557553,72,36.5186673402786,14.5243412172743,1,C,175,3
45.9954249716423,72,36.7828049976379,9.21261997400446,1,I,176,3
67.7692755009836,72,37.1897002262995,30.5795752746841,1,C,177,3
284.852125407244,72,37.1949777239934,34.8050222760066,0,I,178,3
72.1530571751268,72,37.2263794904575,34.7736205095425,0,C,179,3
75.2574399936154,72,37.2398100653663,34.7601899346337,0,I,180,3
40.0173703309284,72,37.2793302778155,2.73804005311298,1,C,181,3
228.236112830852,72,37.3700088774785,34.6299911225215,0,I,182,3
51.045490034862,72,37.6527997618541,13.3926902730079,1,C,183,3
75.1002383458273,72,37.8129134746268,34.1870865253732,0,I,184,3
54.5829233541578,72,37.8441230999306,16.7388002542273,1,C,185,3
242.621382916523,72,38.9052878832445,33.0947121167555,0,I,186,3
41.7821542777164,72,39.0405924059451,2.74156187177135,1,C,187,3
44.3867137099154,72,39.0844338806346,5.30227982928079,1,I,188,3
74.7215915092222,72,40.0732788350433,31.9267211649567,0,C,189,3
48.3949101590233,72,40.2728127362207,8.12209742280262,1,I,190,3
61.1664575241312,72,40.4849194223061,20.6815381018251,1,C,191,3
41.6604914697995,72,40.6356512010098,1.02484026878975,1,I,192,3
183.089560671372,72,40.6704489234835,31.3295510765165,0,C,193,3
61.9177085948876,72,40.697442018427,21.2202665764606,1,I,194,3
65.3098612602449,72,40.7721432996914,24.5377179605535,1,C,195,3
101.200831675788,72,40.9120966074988,31.0879033925012,0,I,196,3
62.7088336118889,72,40.9342885343358,21.7745450775531,1,C,197,3
70.3732769010177,72,41.3446525437757,29.028624357242,1,I,198,3
45.5741725922751,72,41.3764996966347,4.19767289564043,1,C,199,3
120.705885049106,72,41.6168200504035,30.3831799495965,0,I,200,3
62.3914403647872,72,42.2043389361352,20.187101428652,1,C,201,3
115.209801810184,72,42.3136096308008,29.6863903691992,0,I,202,3
113.975381160086,72,42.6138431299478,29.3861568700522,0,C,203,3
314.464449544827,72,43.0263007851318,28.9736992148683,0,I,204,3
92.5732484650767,72,43.1372014107183,28.8627985892817,0,C,205,3
85.2379690420607,72,43.4742872463539,28.5257127536461,0,I,206,3
90.0402487425844,72,44.0072962967679,27.9927037032321,0,C,207,3
63.3639438959161,72,44.1689744498581,19.1949694460581,1,I,208,3
120.955191563013,72,44.4543431745842,27.5456568254158,0,C,209,3
98.5356256530783,72,44.5031215623021,27.4968784376979,0,I,210,3
186.390443536575,72,44.8629042645916,27.1370957354084,0,C,211,3
47.8647341176496,72,45.062319310382,2.80241480726756,1,I,212,3
45.2949441485933,72,45.1926459604874,0.102298188105869,1,C,213,3
50.4058822320792,72,45.1973902713507,5.20849196072849,1,I,214,3
181.469558256654,72,45.2104137511924,26.7895862488076,0,C,215,3
160.208452052783,72,45.3345240047202,26.6654759952799,0,I,216,3
75.9321817760807,72,45.3430483723059,26.6569516276941,0,C,217,3
94.5489456751576,72,45.8624258078635,26.1375741921365,0,I,218,3
91.5592488462161,72,45.9123385185376,26.0876614814624,0,C,219,3
766.069247384246,72,46.0727068735287,25.9272931264713,0,I,220,3
145.998782932188,72,46.0936215939,25.9063784061,0,C,221,3
134.333751586748,72,46.451689847745,25.548310152255,0,I,222,3
135.302917348072,72,46.6767137590796,25.3232862409204,0,C,223,3
161.590460761822,72,46.9151966599748,25.0848033400253,0,I,224,3
73.4923972361891,72,47.323113726452,24.676886273548,0,C,225,3
50.5144400332917,72,47.4708039499819,3.04363608330973,1,I,226,3
260.460056741782,72,48.0940470797941,23.9059529202059,0,C,227,3
188.043419904386,72,48.4368813363835,23.5631186636165,0,I,228,3
109.655857040498,72,48.4418176906183,23.5581823093817,0,C,229,3
76.8203603311429,72,48.5166274476796,23.4833725523204,0,I,230,3
76.3798661748167,72,48.8217491051182,23.1782508948818,0,C,231,3
263.453823112652,72,49.00712500792,22.99287499208,0,I,232,3
95.6478978050844,72,49.1445598751307,22.8554401248694,0,C,233,3
151.508278138527,72,49.3063205759972,22.6936794240028,0,I,234,3
49.4073091530291,72,49.3478866713122,0.0594224817169205,1,C,235,3
216.31997664308,72,49.4266355177388,22.5733644822612,0,I,236,3
51.1661093449186,72,49.9498610710725,1.21624827384609,1,C,237,3
180.718213074742,72,49.9613350164145,22.0386649835855,0,I,238,3
52.4174990103516,72,50.4516561655328,1.9658428448188,1,C,239,3
74.1312473506685,56.0171880720261,50.4798406083137,5.5373474637124,0,I,240,3
191.375921281971,72,50.7038079807535,21.2961920192465,0,C,241,3
106.625831325059,72,51.0570840910077,20.9429159089923,0,I,242,3
69.778957706445,72,51.2836587801576,18.4952989262874,1,C,243,3
130.530631198433,72,51.4442318491638,20.5557681508362,0,I,244,3
118.216598719634,72,51.8733672285453,20.1266327714548,0,C,245,3
152.862612220373,72,51.895413142629,20.104586857371,0,I,246,3
59.6116574922153,72,51.9220114918426,7.6896460003727,1,C,247,3
139.900780074195,72,52.4466831190512,19.5533168809488,0,I,248,3
60.1366904641926,72,52.5877536926419,7.54893677155074,1,C,249,3
59.8384340484146,72,52.648793393746,7.18964065466852,1,I,250,3
179.534619701521,72,52.6901902724057,19.3098097275943,0,C,251,3
105.92585239868,72,52.9148350004107,19.0851649995893,0,I,252,3
69.8289051106433,72,53.5094776656479,16.3194274449954,1,C,253,3
196.959197691735,72,53.745216303505,18.254783696495,0,I,254,3
69.4411991538011,72,53.7483759596944,15.6928231941068,1,C,255,3
118.291001187592,72,53.818863616325,18.181136383675,0,I,256,3
71.1524147618826,72,54.1276104329154,17.0248043289672,1,C,257,3
82.1889888619555,72,54.3185805296525,17.6814194703475,0,I,258,3
241.704996000537,72,54.4089079974219,17.5910920025781,0,C,259,3
202.512762243394,72,54.8873471282423,17.1126528717577,0,I,260,3
82.8448187933257,72,54.923908514902,17.076091485098,0,C,261,3
166.692639399947,72,55.1419958285987,16.8580041714013,0,I,262,3
68.1109120821584,72,55.3808564599603,12.730055622198,1,C,263,3
75.0140116050613,72,55.4114204552025,16.5885795447975,0,I,264,3
77.4828456912497,72,55.42029698845,16.57970301155,0,C,265,3
322.799872263584,72,55.4288881598041,16.571111840196,0,I,266,3
59.3594419588827,72,55.4857656452805,3.87367631360224,1,C,267,3
425.919639838781,72,55.5424419930205,16.4575580069795,0,I,268,3
166.470003236101,72,55.9024658985436,16.0975341014564,0,C,269,3
241.83991585128,72,56.1016300739721,15.898369926028,0,I,270,3
117.190762286205,72,56.1093991901726,15.8906008098274,0,C,271,3
274.364229388362,72,56.9973869528621,15.0026130471379,0,I,272,3
94.1158804900609,58.7240702412916,57.2539048595354,1.4701653817562,0,C,273,3
299.750952517191,72,57.6128513272852,14.3871486727148,0,I,274,3
59.6712014430779,72,58.0873613990843,1.58384004399353,1,C,275,3
97.6139681860202,72,58.2879711734131,13.7120288265869,0,I,276,3
125.752060541561,72,58.3151247957721,13.6848752042279,0,C,277,3
161.951283958172,72,58.4216769598424,13.5783230401576,0,I,278,3
59.0401656994458,72,58.8955827942118,0.144582905233968,1,C,279,3
114.1078990761,72,59.0698541980237,12.9301458019763,0,I,280,3
81.0658956366107,72,59.8637225059792,12.1362774940208,0,C,281,3
130.635586722099,72,59.8896611155942,12.1103388844058,0,I,282,3
66.9810849903308,72,0.0221412582322955,66.9589437320985,1,C,1,4
146.149506222348,72,0.101580675691366,71.8984193243086,0,I,2,4
8.37451403684912,72,0.235611763782799,8.13890227306633,1,C,3,4
134.290513342208,72,0.26623594108969,71.7337640589103,0,I,4,4
134.688577439756,72,0.422423318959773,71.5775766810402,0,C,5,4
24.0244159117755,72,0.497839590534568,23.5265763212409,1,I,6,4
43.7100490995878,72,0.512823332101107,43.1972257674867,1,C,7,4
116.404957748664,72,1.02155706379563,70.9784429362044,0,I,8,4
20.5024004608315,72,1.09697829466313,19.4054221661684,1,C,9,4
164.629792470676,72,1.33589196950197,70.664108030498,0,I,10,4
44.5887873837608,72,1.59975087270141,42.9890365110594,1,C,11,4
224.501837371277,72,1.62120189517736,70.3787981048226,0,I,12,4
12.3470075885543,72,1.74965993966907,10.5973476488852,1,C,13,4
81.5060599098722,72,1.92300899885595,70.0769910011441,0,I,14,4
93.5601903741811,72,2.11039253510535,69.8896074648947,0,C,15,4
118.933388719071,72,2.27213585749269,69.7278641425073,0,I,16,4
10.2778850061233,72,2.37264779862016,7.90523720750313,1,C,17,4
69.4633793906013,72,2.57130844518542,66.8920709454158,1,I,18,4
46.0375066118709,72,2.68386969342828,43.3536369184426,1,C,19,4
125.976807070929,72,2.85730264149606,69.1426973585039,0,I,20,4
18.8560945574925,72,3.97607325576246,14.88002130173,1,C,21,4
247.422223596871,72,5.11659679468721,66.8834032053128,0,I,22,4
24.8823042657278,72,5.36508562043309,19.5172186452948,1,C,23,4
313.008389066026,72,5.39931337349117,66.6006866265088,0,I,24,4
49.8628013459221,72,5.45093741733581,44.4118639285863,1,C,25,4
38.4095726687936,72,5.46885193325579,32.9407207355378,1,I,26,4
17.179018245826,72,5.6219044374302,11.5571138083958,1,C,27,4
29.9792658057292,72,5.64365487545729,24.3356109302719,1,I,28,4
69.5931962492297,72,5.97277551423758,63.6204207349921,1,C,29,4
19.5607539396412,72,6.01531321182847,13.5454407278127,1,I,30,4
75.6071805943816,72,6.04889864567667,65.9511013543233,0,C,31,4
600.166571015139,72,6.22322648763657,65.7767735123634,0,I,32,4
56.03604480518,72,6.22977803461254,49.8062667705674,1,C,33,4
384.716262402801,72,6.27708676736802,65.722913232632,0,I,34,4
18.0087327760416,72,6.46693803369999,11.5417947423416,1,C,35,4
85.6891938131017,72,6.50541422422975,65.4945857757703,0,I,36,4
31.1462466012187,72,6.62548280786723,24.5207637933515,1,C,37,4
151.643306938872,72,6.63683191873133,65.3631680812687,0,I,38,4
73.2248309406464,72,6.73909324686974,65.2609067531303,0,C,39,4
129.891631981555,46.4376436951327,6.97472350671887,39.4629201884138,0,I,40,4
10.8880487565957,72,7.1762766642496,3.71177209234609,1,C,41,4
123.802809981834,72,7.60481698438525,64.3951830156148,0,I,42,4
54.8115728829749,72,7.97581683844328,46.8357560445316,1,C,43,4
76.8290506996791,72,8.03995495196432,63.9600450480357,0,I,44,4
80.606261289859,72,8.14165947027504,63.858340529725,0,C,45,4
183.512674762784,72,8.57249217107892,63.4275078289211,0,I,46,4
398.447657399686,72,8.74508903827518,63.2549109617248,0,C,47,4
205.296680607687,72,8.80320897325873,63.1967910267413,0,I,48,4
56.4981364690319,72,8.93465418834239,47.5634822806895,1,C,49,4
137.881630284261,72,9.06945599243045,62.9305440075696,0,I,50,4
14.070932238742,72,9.49157847091556,4.57935376782641,1,C,51,4
128.961169760309,60.4155678666252,9.6474165469408,50.7681513196843,0,I,52,4
16.8536947841128,72,9.68911320436746,7.16458157974537,1,C,53,4
49.283196901704,72,10.1723846839741,39.1108122177299,1,I,54,4
74.6334311909772,72,10.8448567148298,61.1551432851702,0,C,55,4
392.941651389394,72,11.1385091627017,60.8614908372983,0,I,56,4
12.6348301311141,72,11.2316908920184,1.40313923909574,1,C,57,4
61.5962886724555,72,11.2700809305534,50.3262077419022,1,I,58,4
54.6475327852634,72,11.7577829584479,42.8897498268155,1,C,59,4
159.381781003402,72,11.870240313001,60.129759686999,0,I,60,4
278.414736489333,72,12.1669928077608,59.8330071922392,0,C,61,4
37.0744370185058,72,12.4440715508536,24.6303654676523,1,I,62,4
23.4592698883513,72,12.5570775847882,10.9021923035631,1,C,63,4
362.143550181717,72,12.5902938377112,59.4097061622888,0,I,64,4
50.6628974572552,72,12.6595808845013,38.0033165727539,1,C,65,4
341.480055575698,72,12.7938090311363,59.2061909688637,0,I,66,4
29.6122670610384,72,12.8650170285255,16.7472500325129,1,C,67,4
51.0682269099108,72,12.9140813089907,38.1541456009201,1,I,68,4
22.1358646212422,72,13.1650618091226,8.97080281211961,1,C,69,4
45.3589464861591,72,13.2099432405084,32.1490032456506,1,I,70,4
38.8325941666889,72,13.4501506621018,25.3824435045871,1,C,71,4
204.449921156714,72,13.9479518774897,58.0520481225103,0,I,72,4
19.5406948648047,72,13.96604382433,5.57465104047473,1,C,73,4
217.257249319759,60.7906648614433,14.0977046778426,46.6929601836007,0,I,74,4
54.4766264885418,72,14.2581389285624,40.2184875599794,1,C,75,4
56.7731487371704,72,14.4358113314956,42.3373374056747,1,I,76,4
93.9375534249307,72,14.8046098044142,57.1953901955858,0,C,77,4
349.515113732436,72,15.3516315668821,56.6483684331179,0,I,78,4
37.1101691370024,72,15.4346904717386,21.6754786652638,1,C,79,4
174.303538457894,72,15.650970004499,56.349029995501,0,I,80,4
23.7778562716697,72,16.2646044697613,7.51325180190846,1,C,81,4
37.3103456040946,72,16.3175234897062,20.9928221143884,1,I,82,4
49.7165758340482,72,16.6964442003518,33.0201316336963,1,C,83,4
111.516121126103,72,16.9727800413966,55.0272199586034,0,I,84,4
45.5892471327089,72,17.242796276696,28.3464508560129,1,C,85,4
29.5750231861067,72,17.6522771129385,11.9227460731682,1,I,86,4
142.6924880362,72,17.8816989948973,54.1183010051027,0,C,87,4
22.2819527288807,72,18.0897022085264,4.1922505203543,1,I,88,4
21.4728010326614,72,18.2411023322493,3.23169870041207,1,C,89,4
199.885024590858,72,18.82949647028,53.17050352972,0,I,90,4
85.0294568968882,72,18.9867785107344,53.0132214892656,0,C,91,4
156.178408002597,72,19.0131268557161,52.9868731442839,0,I,92,4
27.2392844490866,72,19.0527106169611,8.18657383212549,1,C,93,4
51.7085021345163,72,19.2211763514206,32.4873257830957,1,I,94,4
27.9426114322199,72,19.2475577350706,8.69505369714933,1,C,95,4
77.6820453948262,72,19.2701133526862,52.7298866473138,0,I,96,4
31.3954120789025,72,19.3117975210771,12.0836145578254,1,C,97,4
129.522737290155,72,19.7142473096028,52.2857526903972,0,I,98,4
169.785893303925,72,20.3148160362616,51.6851839637384,0,C,99,4
100.190626606104,72,20.3328738827258,51.6671261172742,0,I,100,4
75.7348266560798,72,20.5280859069899,51.4719140930101,0,C,101,4
214.545842456624,72,20.7406327268109,51.2593672731891,0,I,102,4
173.537232790687,72,20.7929515605792,51.2070484394208,0,C,103,4
419.235790606971,72,21.0468597337604,50.9531402662396,0,I,104,4
84.659583028612,72,21.2214841274545,50.7785158725455,0,C,105,4
120.739286400889,72,22.4673196440563,49.5326803559437,0,I,106,4
67.3766757154029,72,22.8090724116191,44.5676033037838,1,C,107,4
365.465877864739,72,23.0699493270367,48.9300506729633,0,I,108,4
33.5098500907066,38.7698740634288,23.3705439604819,10.1393061302248,1,C,109,4
97.9306159947896,72,23.3942606952041,48.6057393047959,0,I,110,4
109.891882815354,72,23.4846354089677,48.5153645910323,0,C,111,4
64.5584810181475,72,23.5925715090707,40.9659095090768,1,I,112,4
132.421447980776,59.0283742925089,23.6667143460363,35.3616599464726,0,C,113,4
142.651543965784,60.9868068185108,23.8801998691633,37.1066069493475,0,I,114,4
38.3884792676409,72,24.1951970150694,14.1932822525715,1,C,115,4
83.5409614436462,72,24.207749501802,47.792250498198,0,I,116,4
92.7343143705687,72,24.3307744106278,47.6692255893722,0,C,117,4
47.7600306399085,72,25.4625163273886,22.2975143125199,1,I,118,4
140.48636455901,72,25.5649312818423,46.4350687181577,0,C,119,4
57.9976728668024,72,25.8322897693142,32.1653830974882,1,I,120,4
30.8206685170711,44.7106850140202,26.0316005023196,4.78906801475146,1,C,121,4
446.254877168432,72,26.0720716137439,45.9279283862561,0,I,122,4
32.9744296966305,72,26.0909357992932,6.88349389733728,1,C,123,4
70.605517330607,72,26.1106168432161,44.4949004873909,1,I,124,4
29.3277022748008,72,26.3769298000261,2.95077247477467,1,C,125,4
126.731042527427,72,26.3857025792822,45.6142974207178,0,I,126,4
31.1526599917891,72,26.4830073807389,4.66965261105028,1,C,127,4
26.7915147054478,72,26.6894013248384,0.102113380609357,1,I,128,4
157.03272700605,64.6681896600146,26.8227098789066,37.845479781108,0,C,129,4
98.3047858904094,72,26.8988074734807,45.1011925265193,0,I,130,4
41.7704691206304,72,26.9415268627927,14.8289422578377,1,C,131,4
278.692960380809,72,27.2016381192952,44.7983618807048,0,I,132,4
63.7783805341389,72,27.847552690655,35.9308278434839,1,C,133,4
74.6209369640755,72,28.0286194011569,43.9713805988431,0,I,134,4
59.3993237481875,72,28.0635725799948,31.3357511681927,1,C,135,4
136.827389745995,72,28.1344564631581,43.8655435368419,0,I,136,4
39.5714692992819,59.2878556136145,28.1534529011697,11.4180163981122,1,C,137,4
87.8543080768504,72,28.3363794442266,43.6636205557734,0,I,138,4
30.6011537067433,72,28.4375306172296,2.16362308951365,1,C,139,4
385.208044535991,72,28.6944872327149,43.3055127672851,0,I,140,4
32.0604966804762,72,28.7132583372295,3.34723834324674,1,C,141,4
32.728079192963,72,28.7702872557566,3.9577919372064,1,I,142,4
41.3296476699301,72,29.1966384183615,12.1330092515686,1,C,143,4
224.654203091293,72,29.3325749225915,42.6674250774086,0,I,144,4
41.6703990994622,72,29.5301809580997,12.1402181413625,1,C,145,4
122.937747451241,72,30.1509630912915,41.8490369087085,0,I,146,4
51.3750106149215,72,30.4288929747418,20.9461176401797,1,C,147,4
56.4832717103164,72,30.5401767510921,25.9430949592244,1,I,148,4
88.4893871085958,72,30.7377422740683,41.2622577259317,0,C,149,4
167.575033824122,72,31.121618016623,40.878381983377,0,I,150,4
54.4909193629641,72,31.1908686719835,23.3000506909806,1,C,151,4
35.1517565851515,72,31.5538638504222,3.5978927347293,1,I,152,4
119.046659850325,72,31.9350067712367,40.0649932287633,0,C,153,4
81.2501722285249,72,32.0510414522141,39.9489585477859,0,I,154,4
37.5210845232921,72,32.1854855725542,5.33559895073791,1,C,155,4
355.495860428667,72,32.3140161624178,39.6859838375822,0,I,156,4
73.9688799226152,72,32.3179192375392,39.6820807624608,0,C,157,4
65.8539303044403,72,32.3472497798502,33.50668052459,1,I,158,4
42.744832985504,72,32.4281934415922,10.3166395439118,1,C,159,4
63.0566625710098,72,32.5292119430378,30.527450627972,1,I,160,4
34.8830532126015,72,32.6107282424346,2.27232497016693,1,C,161,4
75.8359903530046,72,32.70883299876,39.29116700124,0,I,162,4
190.12226833945,72,32.8990473831072,39.1009526168928,0,C,163,4
167.030263471403,72,32.965666889213,39.034333110787,0,I,164,4
42.753802406326,72,33.3611617097631,9.39264069656289,1,C,165,4
76.9115179692474,72,33.4967858623713,38.5032141376287,0,I,166,4
144.925669570652,72,33.6313071800396,38.3686928199604,0,C,167,4
61.5696465888381,72,33.6371506238356,27.9324959650024,1,I,168,4
60.4651015078298,72,33.655879762955,26.8092217448748,1,C,169,4
252.278108849861,72,34.7122208308429,37.2877791691572,0,I,170,4
43.196230208417,72,34.9356769071892,8.26055330122782,1,C,171,4
249.196593779333,72,35.2433204138652,36.7566795861349,0,I,172,4
64.835049531149,72,35.6822157511488,29.1528337800002,1,C,173,4
85.5162876156171,72,35.9278837032616,36.0721162967384,0,I,174,4
97.6520840517705,72,35.9688550746068,36.0311449253932,0,C,175,4
109.095568738309,72,36.1576696531847,35.8423303468153,0,I,176,4
64.0751689145832,72,36.9113653991371,27.163803515446,1,C,177,4
52.5459706636725,72,37.5869774166495,14.958993247023,1,I,178,4
49.0652954782286,72,37.6263866107911,11.4389088674375,1,C,179,4
41.8066453509256,72,37.6970137422904,4.10963160863516,1,I,180,4
49.605239214846,72,37.8136728471145,11.7915663677315,1,C,181,4
283.8937826726,72,37.8625299129635,34.1374700870365,0,I,182,4
115.436030762872,72,38.3653782075271,33.6346217924729,0,C,183,4
52.6400170260157,72,38.5333747789264,14.1066422470893,1,I,184,4
47.2008955412009,72,38.7505668215454,8.45032871965553,1,C,185,4
269.691831332891,72,39.3510795850307,32.6489204149693,0,I,186,4
44.0079615601515,72,39.3574317963794,4.65052976377214,1,C,187,4
160.442275933728,72,39.5071323495358,32.4928676504642,0,I,188,4
40.5486059664538,72,39.9868680071086,0.561737959345188,1,C,189,4
100.147364161061,72,40.37719914224,31.62280085776,0,I,190,4
101.412779476385,72,40.448500290513,31.551499709487,0,C,191,4
221.559942672241,72,40.7946753082797,31.2053246917203,0,I,192,4
53.6818449668578,72,41.0096890339628,12.672155932895,1,C,193,4
351.523645277024,72,41.0105262044817,30.9894737955183,0,I,194,4
251.634587298178,55.0878405105881,41.0677842702717,14.0200562403164,0,C,195,4
152.838651721977,72,41.2575695849955,30.7424304150045,0,I,196,4
51.0686207345047,72,41.4052512589842,9.66336947552044,1,C,197,4
54.1588973242638,72,41.5442404104397,12.6146569138241,1,I,198,4
45.7066583656083,72,41.6893651708961,4.01729319471228,1,C,199,4
100.684177496726,72,41.8139964016154,30.1860035983846,0,I,200,4
190.662874644013,72,42.2722941543907,29.7277058456093,0,C,201,4
344.216232251885,72,42.3673178628087,29.6326821371913,0,I,202,4
76.0654817969245,49.954810076886,42.4513608589768,7.50344921790919,0,C,203,4
66.0298127228352,72,42.4792593251914,23.5505533976438,1,I,204,4
73.7505563592121,72,43.2523416029289,28.7476583970711,0,C,205,4
223.697088004634,72,43.3847057260573,28.6152942739427,0,I,206,4
66.9572509873449,72,43.547819503583,23.4094314837619,1,C,207,4
142.749623162491,72,43.7256390647963,28.2743609352037,0,I,208,4
89.3666554290798,72,44.0945286210626,27.9054713789374,0,C,209,4
116.839161846016,72,44.1701377741992,27.8298622258008,0,I,210,4
98.605421414116,72,44.2393470648676,27.7606529351324,0,C,211,4
202.109565334842,72,44.334863726981,27.665136273019,0,I,212,4
52.9402506476371,72,44.3430886091664,8.59716203847064,1,C,213,4
235.966309482652,72,45.7872604066506,26.2127395933494,0,I,214,4
53.1606438476995,72,46.0223884228617,7.13825542483784,1,C,215,4
81.4773689301468,72,46.3767245644704,25.6232754355297,0,I,216,4
91.8057381740783,72,46.4630849752575,25.5369150247425,0,C,217,4
71.8949706189004,72,46.5290562529117,25.3659143659887,1,I,218,4
98.0173493052266,72,46.6190950619057,25.3809049380943,0,C,219,4
188.367439045763,72,46.6469042189419,25.3530957810581,0,I,220,4
147.264665955363,72,47.3062420729548,24.6937579270452,0,C,221,4
123.997573658654,72,47.4026910401881,24.5973089598119,0,I,222,4
99.9332363401538,72,47.7943921135739,24.2056078864262,0,C,223,4
62.3502426518462,72,48.047408759594,14.3028338922522,1,I,224,4
114.764311133726,72,48.3331078989431,23.6668921010569,0,C,225,4
215.761382760317,72,48.7637482071295,23.2362517928705,0,I,226,4
55.4579666815558,72,48.8868966093287,6.57107007222706,1,C,227,4
180.323825790927,72,49.4307492580265,22.5692507419735,0,I,228,4
56.1950693091258,72,49.5402473537251,6.65482195540062,1,C,229,4
290.893880765622,72,49.6881143935025,22.3118856064975,0,I,230,4
70.3841836921656,72,49.9483933160082,20.4357903761575,1,C,231,4
81.4960075395959,72,50.1876513753086,21.8123486246914,0,I,232,4
63.3067727986053,72,50.4583064233884,12.8484663752169,1,C,233,4
192.626480797201,72,50.5440310528502,21.4559689471498,0,I,234,4
95.8120745089266,72,50.599042265676,21.400957734324,0,C,235,4
89.479982244712,72,50.6669160956517,21.3330839043483,0,I,236,4
73.3117044221927,72,50.7585339993238,21.2414660006762,0,C,237,4
237.976525459778,57.9166864410394,50.7749390043318,7.14174743670753,0,I,238,4
127.891975730634,72,50.8179485751316,21.1820514248684,0,C,239,4
321.530319215016,72,50.8368901116774,21.1631098883227,0,I,240,4
75.4003655401357,72,50.8496611425653,21.1503388574347,0,C,241,4
533.406600316863,72,51.0736118350178,20.9263881649822,0,I,242,4
55.5700583952811,72,51.0966964624822,4.47336193279883,1,C,243,4
65.6993971969067,72,51.1742053600028,14.5251918369038,1,I,244,4
96.0785498879238,72,51.2082580570132,20.7917419429868,0,C,245,4
110.217820257533,72,51.4891220675781,20.5108779324219,0,I,246,4
88.3177935513425,72,51.6555022448301,20.3444977551699,0,C,247,4
103.800905523922,72,51.819981993176,20.180018006824,0,I,248,4
106.296745160294,72,51.9154099747539,20.0845900252461,0,C,249,4
140.149362458852,72,51.964459894225,20.035540105775,0,I,250,4
62.5726909125818,72,52.0806229300797,10.4920679825021,1,C,251,4
60.5429988530659,72,52.0817520283163,8.46124682474961,1,I,252,4
141.258322005414,72,52.1498975576833,19.8501024423167,0,C,253,4
378.911851144195,72,52.2151003964245,19.7848996035755,0,I,254,4
74.5095581366201,72,52.4522288236767,19.5477711763233,0,C,255,4
60.2250995798055,72,52.4913439946249,7.73375558518055,1,I,256,4
85.4856682967723,72,52.6536293607205,19.3463706392795,0,C,257,4
183.809536950254,72,52.8241413971409,19.1758586028591,0,I,258,4
211.753281822072,72,52.9283023998141,19.0716976001859,0,C,259,4
66.7167999517571,72,53.5102230543271,13.20657689743,1,I,260,4
213.0290593213,72,54.0727339312434,17.9272660687566,0,C,261,4
154.680974491668,72,54.1591714834794,17.8408285165206,0,I,262,4
97.6057009513855,72,54.4654125440866,17.5345874559134,0,C,263,4
158.807082784008,72,54.7283055307344,17.2716944692656,0,I,264,4
68.4120125523854,72,54.8660090239719,13.5460035284135,1,C,265,4
143.411102659129,72,54.9134381907061,17.0865618092939,0,I,266,4
120.30044858034,72,55.3748462162912,16.6251537837088,0,C,267,4
142.794016413099,72,55.4004106437787,16.5995893562213,0,I,268,4
71.8658192070536,72,55.4607121087611,16.4051070982925,1,C,269,4
144.111500525742,72,55.4999091988429,16.5000908011571,0,I,270,4
246.647012461441,72,55.6380527699366,16.3619472300634,0,C,271,4
196.562486271231,72,55.6731889396906,16.3268110603094,0,I,272,4
81.6192411362586,72,56.2446721969172,15.7553278030828,0,C,273,4
129.388192480939,72,56.4134814217687,15.5865185782313,0,I,274,4
116.975456029698,72,56.4759596949443,15.5240403050557,0,C,275,4
244.231655238083,72,56.4860223932192,15.5139776067808,0,I,276,4
101.876293873469,72,56.7058452079073,15.2941547920927,0,C,277,4
61.5519175459149,72,56.7613654537126,4.79055209220229,1,I,278,4
90.2763940878134,72,56.7668398283422,15.2331601716578,0,C,279,4
89.8008683098997,72,56.7828451003879,15.2171548996121,0,I,280,4
82.0032011124967,72,56.7834131699055,15.2165868300945,0,C,281,4
104.81134930914,72,56.9738902011886,15.0261097988114,0,I,282,4
84.6372844200953,72,56.9750046171248,15.0249953828752,0,C,283,4
109.503219936971,72,57.2102042706683,14.7897957293317,0,I,284,4
116.281577126981,72,57.7110516652465,14.2889483347535,0,C,285,4
118.495418437528,72,57.7552097383887,14.2447902616113,0,I,286,4
73.1127068945314,72,57.7587672695518,14.2412327304482,0,C,287,4
186.678828827052,72,57.7894289558753,14.2105710441247,0,I,288,4
126.37525737777,72,57.8278543241322,14.1721456758678,0,C,289,4
274.181065301389,72,57.8931036964059,14.1068963035941,0,I,290,4
80.9627090527612,72,58.0798429297283,13.9201570702717,0,C,291,4
114.651263571868,72,58.567706127651,13.432293872349,0,I,292,4
131.269691872041,72,58.6597642209381,13.3402357790619,0,C,293,4
341.287000859376,72,58.6905725486577,13.3094274513423,0,I,294,4
110.622764383463,72,58.8220293726772,13.1779706273228,0,C,295,4
164.752412422035,72,58.8754354789853,13.1245645210147,0,I,296,4
76.4579293184315,72,59.5704675558955,12.4295324441046,0,C,297,4
94.9379410992117,72,59.781900155358,12.218099844642,0,I,298,4
92.8280247206565,72,59.8349927645177,12.1650072354823,0,C,299,4
70.0460651104955,72,0.26061974465847,69.785445365837,1,I,1,5
84.5723471557437,72,0.470460243523121,71.5295397564769,0,C,2,5
103.627991268498,72,0.515793571248651,71.4842064287514,0,I,3,5
53.7079908829744,72,0.551365711726248,53.1566251712481,1,C,4,5
39.5090731230699,45.0262137114565,0.64375048968941,38.8653226333805,1,I,5,5
64.098305257956,72,0.681070201098919,63.417235056857,1,C,6,5
75.1440392601798,72,0.857016295194626,71.1429837048054,0,I,7,5
59.9613893868719,72,0.897886035963893,59.063503350908,1,C,8,5
152.48608846663,72,1.43183283973485,70.5681671602652,0,I,9,5
49.0101167202717,72,1.74719501752406,47.2629217027476,1,C,10,5
37.4097770119043,72,1.78238787688315,35.6273891350211,1,I,11,5
61.5842218997789,72,1.93289937917143,59.6513225206074,1,C,12,5
93.8294417278558,72,2.31880935374647,69.6811906462535,0,I,13,5
92.5370736817684,72,2.32850512024015,69.6714948797599,0,C,14,5
162.191174189655,72,2.45009953156114,69.5499004684389,0,I,15,5
79.7964055850967,72,2.65835702419281,69.3416429758072,0,C,16,5
51.7488750975276,72,2.67279719933867,49.0760778981889,1,I,17,5
150.597267152076,72,2.83410045783967,69.1658995421603,0,C,18,5
515.355804577915,72,3.05685277562588,68.9431472243741,0,I,19,5
35.5272546250818,72,3.17453142721206,32.3527231978698,1,C,20,5
105.916605708083,72,3.56159265618771,68.4384073438123,0,I,21,5
24.3752636079535,72,3.78416064195335,20.5911029660001,1,C,22,5
79.0058595685723,72,4.38834209460765,67.6116579053924,0,I,23,5
32.0376985596958,72,4.87585108727217,27.1618474724236,1,C,24,5
40.6275571978263,72,5.21499546244741,35.4125617353789,1,I,25,5
17.0492546223794,72,5.23578889667988,11.8134657256995,1,C,26,5
184.255873959955,72,5.30085530597717,66.6991446940228,0,I,27,5
47.4415936422698,72,5.5685877520591,41.8730058902107,1,C,28,5
37.735869560651,72,5.81368119455874,31.9221883660923,1,I,29,5
115.654283137981,72,5.93039715662599,66.069602843374,0,C,30,5
184.253333961334,72,5.93280692584813,66.0671930741519,0,I,31,5
69.6685782686042,72,6.11795799806714,63.5506202705371,1,C,32,5
233.588754661279,72,6.57085058279336,65.4291494172067,0,I,33,5
20.5450311776531,72,6.58199805300683,13.9630331246463,1,C,34,5
125.859152668813,72,6.93804547190666,65.0619545280933,0,I,35,5
49.0359373380136,72,7.13901103008539,41.8969263079282,1,C,36,5
173.338155456007,72,7.43082202970982,64.5691779702902,0,I,37,5
37.5103648234258,72,7.72404165007174,29.786323173354,1,C,38,5
157.906661959789,72,7.89939874783158,64.1006012521684,0,I,39,5
21.7097304964469,72,7.99414220731705,13.7155882891298,1,C,40,5
148.719172352182,72,8.14054504036903,63.859454959631,0,I,41,5
14.4219114292374,72,8.20735533256084,6.21455609667657,1,C,42,5
99.0438149893211,72,8.2418683776632,63.7581316223368,0,I,43,5
31.7961681498534,72,8.30999942030758,23.4861687295458,1,C,44,5
75.3143774417256,72,8.38297720067203,63.617022799328,0,I,45,5
127.861799887979,72,8.49489323794842,63.5051067620516,0,C,46,5
35.9837549851917,72,8.61801082268357,27.3657441625081,1,I,47,5
42.6434042008044,72,8.68826106190682,33.9551431388976,1,C,48,5
93.8496106594287,72,8.99192037060857,63.0080796293914,0,I,49,5
72.4912162417727,72,8.99496191181243,63.0050380881876,0,C,50,5
200.123452409564,72,9.53957066405565,62.4604293359444,0,I,51,5
35.6151718931257,72,9.65501523111016,25.9601566620156,1,C,52,5
117.219128319495,72,9.68451423570514,62.3154857642949,0,I,53,5
27.4235127169605,72,9.9545491207391,17.4689635962214,1,C,54,5
63.3529914975046,72,10.097927316092,53.2550641814126,1,I,55,5
64.7061367386993,72,10.1115915225819,54.5945452161175,1,C,56,5
32.6564382757009,72,10.369080347009,22.2873579286919,1,I,57,5
76.9389199546286,72,10.5767377372831,61.4232622627169,0,C,58,5
254.500503394576,72,11.2360023334622,60.7639976665378,0,I,59,5
61.0081243160129,72,11.3461756613106,49.6619486547024,1,C,60,5
29.0963858399736,72,11.3668241724372,17.7295616675364,1,I,61,5
41.4981314103183,72,11.6472453391179,29.8508860712004,1,C,62,5
45.3897822455352,72,11.7271999083459,33.6625823371893,1,I,63,5
67.8666611064146,72,12.1026784507558,55.7639826556589,1,C,64,5
55.0805402073899,72,12.557914769277,42.5226254381129,1,I,65,5
66.4612768414769,72,12.7083555422723,53.7529212992046,1,C,66,5
174.644848099885,72,12.7354493038729,59.2645506961271,0,I,67,5
34.7316974537416,72,12.8136389655992,21.9180584881424,1,C,68,5
41.8158899000016,72,13.3018008526415,28.5140890473601,1,I,69,5
14.1959391084782,72,13.3359821140766,0.859956994401579,1,C,70,5
73.4090356068563,72,13.6041195737198,58.3958804262802,0,I,71,5
52.9765285354993,72,13.9027756266296,39.0737529088697,1,C,72,5
54.2956138384689,72,13.90781537164,40.3877984668288,1,I,73,5
46.914684230039,72,13.9631528500468,32.9515313799922,1,C,74,5
141.891493152226,72,13.9683568663895,58.0316431336105,0,I,75,5
22.3863897804127,72,14.1121358424425,8.2742539379702,1,C,76,5
253.618953289257,72,15.3466910915449,56.6533089084551,0,I,77,5
36.0847729600412,72,15.5135898152366,20.5711831448045,1,C,78,5
96.9548673664662,72,15.6298407074064,56.3701592925936,0,I,79,5
24.7801383912118,72,15.6326631316915,9.14747525952028,1,C,80,5
90.4717779240747,72,15.6558571150526,56.3441428849474,0,I,81,5
84.8592948915754,72,15.7370326342061,56.2629673657939,0,C,82,5
76.5059563296716,72,16.2375193694606,55.7624806305394,0,I,83,5
37.0463594810941,72,17.2332947747782,19.8130647063159,1,C,84,5
236.969193861619,72,17.4410602916032,54.5589397083968,0,I,85,5
45.8055977888398,72,17.5085411639884,28.2970566248514,1,C,86,5
110.042875660861,72,17.7502677915618,54.2497322084382,0,I,87,5
91.8091639230871,72,18.4871856775135,53.5128143224865,0,C,88,5
337.392028673041,72,19.0684906812385,52.9315093187615,0,I,89,5
35.1547832147674,72,19.5655764592811,15.5892067554862,1,C,90,5
52.3630846719524,72,19.8817308247089,32.4813538472435,1,I,91,5
27.7366789986712,72,19.996800259687,7.7398787389842,1,C,92,5
148.960830734428,72,20.0999245326966,51.9000754673034,0,I,93,5
24.1398465147411,72,20.349364397116,3.79048211762508,1,C,94,5
87.1813696230824,72,20.3625647351146,51.6374352648854,0,I,95,5
90.9583728652279,32.4925262541435,20.5325241526589,11.9600021014846,0,C,96,5
340.575341248757,72,20.5411056289449,51.4588943710551,0,I,97,5
30.1216461854067,72,20.8146439678967,9.30700221751004,1,C,98,5
120.187455427296,72,21.2783448770642,50.7216551229358,0,I,99,5
32.6260465797877,72,21.6742669930682,10.9517795867196,1,C,100,5
26.9885340195661,72,21.8891929881647,5.09934103140139,1,I,101,5
105.897783497731,72,21.8986570509151,50.1013429490849,0,C,102,5
115.025422128349,72,21.956381443888,50.0436185561121,0,I,103,5
24.3120670177686,72,22.1076627960429,2.20440422172571,1,C,104,5
112.907678328173,72,22.3782110447064,49.6217889552936,0,I,105,5
174.26838654737,72,22.6052838005126,49.3947161994875,0,C,106,5
28.278835672728,72,22.8880205377936,5.39081513493433,1,I,107,5
70.5413314563881,72,23.6605607159436,46.8807707404445,1,C,108,5
28.2578338377282,72,23.9669956779107,4.29083815981746,1,I,109,5
51.896300999112,72,24.0048802876845,27.8914207114275,1,C,110,5
73.8335757791235,72,24.4000047119334,47.5999952880666,0,I,111,5
128.656220415152,72,24.6789016155526,47.3210983844474,0,C,112,5
121.660924501794,72,24.7938894666731,47.2061105333269,0,I,113,5
135.139203005221,72,24.8368569184095,47.1631430815905,0,C,114,5
99.7524602885122,72,24.8598659131676,47.1401340868324,0,I,115,5
39.69934262908,72,24.9062527902424,14.7930898388375,1,C,116,5
45.2831665919714,72,25.2427668124437,20.0403997795277,1,I,117,5
54.542350016036,72,25.3771027224138,29.1652472936221,1,C,118,5
119.099713813146,72,25.4373183427379,46.5626816572622,0,I,119,5
32.3808156288752,72,25.6984535465017,6.68236208237351,1,C,120,5
65.8415233309267,72,26.1646281369031,39.6768951940237,1,I,121,5
79.2792190416373,72,26.4143830770627,45.5856169229373,0,C,122,5
40.6756837715258,72,26.6159059619531,14.0597778095727,1,I,123,5
109.151380207164,72,26.6536637535319,45.3463362464681,0,C,124,5
154.084881058826,72,26.8239624705166,45.1760375294834,0,I,125,5
94.6893253157868,62.7384893279087,26.8398350570351,35.8986542708736,0,C,126,5
234.483831276306,72,26.9224117090926,45.0775882909074,0,I,127,5
39.478566239789,72,26.941290856339,12.5372753834499,1,C,128,5
152.801429015657,72,27.4017451331019,44.5982548668981,0,I,129,5
100.151527788335,72,27.488041841425,44.511958158575,0,C,130,5
172.410946372762,72,27.6098869415,44.3901130585,0,I,131,5
65.0980567031128,72,27.77042505797,37.3276316451428,1,C,132,5
256.054015642308,72,28.0008934484795,43.9991065515205,0,I,133,5
45.626566371199,72,28.0115831131116,17.6149832580874,1,C,134,5
164.169613041476,72,28.0598035315052,43.9401964684948,0,I,135,5
160.073103949519,72,28.2737215748057,43.7262784251943,0,C,136,5
141.298481553315,72,28.5552425868809,43.4447574131191,0,I,137,5
60.8879969770451,72,28.8096946896985,32.0783022873466,1,C,138,5
110.078042461517,72,29.0332268876955,42.9667731123045,0,I,139,5
131.641165931256,72,29.338694550097,42.661305449903,0,C,140,5
67.0493209713031,72,29.4474592851475,37.6018616861556,1,I,141,5
113.11115289222,72,29.4531807024032,42.5468192975968,0,C,142,5
56.0592408636561,72,29.4621260650456,26.5971147986105,1,I,143,5
43.6249932731159,72,29.6986554795876,13.9263377935283,1,C,144,5
412.964144716478,72,29.8206327622756,42.1793672377244,0,I,145,5
37.5756572321357,72,30.3723847400397,7.20327249209595,1,C,146,5
78.0431334523366,72,30.7423045160249,41.2576954839751,0,I,147,5
35.002636789925,72,30.9539576154202,4.04867917450482,1,C,148,5
65.5479672531022,72,31.035743909888,34.5122233432142,1,I,149,5
56.8697830539997,72,31.0828308714554,25.7869521825444,1,C,150,5
130.557305450615,72,31.0977560793981,40.9022439206019,0,I,151,5
34.344450581376,72,31.1423011310399,3.20214945033613,1,C,152,5
39.4800318527899,72,31.1625152360648,8.31751661672513,1,I,153,5
93.0471908992916,72,31.2574267107993,40.7425732892007,0,C,154,5
127.64158333756,72,31.4953974075615,40.5046025924385,0,I,155,5
43.7076624297168,72,31.6353674093261,12.0722950203907,1,C,156,5
49.2090683256057,72,31.8798124417663,17.3292558838394,1,I,157,5
117.763442007006,72,32.0934379566461,39.9065620433539,0,C,158,5
37.1918834253752,60.6384385814384,32.7920976933092,4.39978573206596,1,I,159,5
63.0613601372463,72,33.4665408823639,29.5948192548824,1,C,160,5
34.1574345144317,72,33.5073504829779,0.650084031453781,1,I,161,5
49.0780427646995,72,33.7053277669475,15.372714997752,1,C,162,5
98.8865376097915,72,33.7289225170389,38.2710774829611,0,I,163,5
78.630201447748,72,33.7576800026,38.2423199974,0,C,164,5
140.609273320233,72,33.8787186238915,38.1212813761085,0,I,165,5
179.806269982188,72,34.0671365847811,37.9328634152189,0,C,166,5
98.4877510951918,72,34.0801485814154,37.9198514185846,0,I,167,5
73.0597273433776,72,34.0830560820177,37.9169439179823,0,C,168,5
205.385930882921,72,34.0877544879913,37.9122455120087,0,I,169,5
85.2512121323031,72,34.1397678013891,37.8602321986109,0,C,170,5
125.824056477296,72,34.3654235405847,37.6345764594153,0,I,171,5
185.781199805452,72,34.4384019076824,37.5615980923176,0,C,172,5
162.090271992789,72,34.8980995640159,37.1019004359841,0,I,173,5
72.1519139021191,72,34.9345506168902,37.0654493831098,0,C,174,5
257.01362419339,72,34.998693941161,37.001306058839,0,I,175,5
35.6902311750274,72,35.1199332391843,0.570297935843042,1,C,176,5
41.2669635375125,72,35.7221543602645,5.54480917724795,1,I,177,5
164.851508469666,72,35.8995613781735,36.1004386218265,0,C,178,5
59.916521067569,72,35.9349651820958,23.9815558854733,1,I,179,5
36.8932428476727,72,36.3300837110728,0.563159136599896,1,C,180,5
149.958501696931,72,36.3326279539615,35.6673720460385,0,I,181,5
260.708928708734,72,36.6793264774606,35.3206735225394,0,C,182,5
176.493669677533,72,36.8381466250867,35.1618533749133,0,I,183,5
85.0896730878425,72,36.9187234528363,35.0812765471637,0,C,184,5
246.160129967046,72,36.9662107760087,35.0337892239913,0,I,185,5
55.4763877585485,72,37.4749613413587,18.0014264171898,1,C,186,5
64.0664804655181,72,37.5885861553252,26.4778943101929,1,I,187,5
49.7990380692997,72,37.7402696013451,12.0587684679546,1,C,188,5
214.971247083111,72,38.0891288677231,33.910871132277,0,I,189,5
55.1043673665689,72,38.7680820096284,16.3362853569405,1,C,190,5
146.189834558413,72,39.054581229575,32.945418770425,0,I,191,5
160.257685651746,72,39.3501544604078,32.6498455395922,0,C,192,5
121.144233248804,72,39.4068872183561,32.5931127816439,0,I,193,5
43.5655059626995,72,39.804484709166,3.76102125353355,1,C,194,5
120.585610506128,72,39.8533368017525,32.1466631982476,0,I,195,5
167.249651759615,72,39.9821674218401,32.0178325781599,0,C,196,5
110.091115275092,72,40.4827249143273,31.5172750856727,0,I,197,5
96.4964755990743,72,40.7431186409667,31.2568813590333,0,C,198,5
380.15907527352,72,40.7906226161867,31.2093773838133,0,I,199,5
101.757019472965,72,41.611351040192,30.3886489598081,0,C,200,5
69.7082496815689,72,42.1829734370112,27.5252762445576,1,I,201,5
207.002802851071,72,42.3366267420352,29.6633732579649,0,C,202,5
321.852391114781,67.6905389423244,42.3422996280715,25.3482393142529,0,I,203,5
212.607969652735,72,42.3727556085214,29.6272443914786,0,C,204,5
81.3743951458456,72,42.5550047541037,29.4449952458963,0,I,205,5
54.0902188818727,72,42.5706946430728,11.5195242388,1,C,206,5
183.869938080346,72,42.8147078678012,29.1852921321988,0,I,207,5
102.094316971315,72,43.0152874113992,28.9847125886008,0,C,208,5
140.281969331307,72,43.234056676738,28.765943323262,0,I,209,5
47.4146243768281,72,43.3995035290718,4.01512084775624,1,C,210,5
93.2209473382849,72,43.7673681462184,28.2326318537816,0,I,211,5
137.758352263643,72,43.9983286941424,28.0016713058576,0,C,212,5
60.5279408447096,72,44.2273951554671,16.3005456892425,1,I,213,5
58.4669974041804,72,44.4985904870555,13.9684069171249,1,C,214,5
247.765387077502,72,45.1551312441006,26.8448687558994,0,I,215,5
97.1633126989273,72,45.2498128730804,26.7501871269196,0,C,216,5
116.151348102614,72,45.50911327824,26.49088672176,0,I,217,5
73.4174377203927,72,45.5866720620543,26.4133279379457,0,C,218,5
166.919659951993,72,45.8677982864901,26.1322017135099,0,I,219,5
74.2170129200049,72,46.3744069961831,25.6255930038169,0,C,220,5
450.710012430945,72,46.4473926974461,25.552607302554,0,I,221,5
48.3494817488807,72,46.8125586910173,1.53692305786337,1,C,222,5
167.486280725266,72,46.8254620581865,25.1745379418135,0,I,223,5
199.830011463521,72,46.8579555116594,25.1420444883406,0,C,224,5
155.747570278012,72,47.0655112154782,24.9344887845218,0,I,225,5
84.6781614596683,72,47.1916912822053,24.8083087177947,0,C,226,5
65.9109185391073,72,47.2248713113368,18.6860472277705,1,I,227,5
107.580861532665,72,47.4179990496486,24.5820009503514,0,C,228,5
85.3376638411532,72,47.5299098901451,24.4700901098549,0,I,229,5
89.069994406659,72,48.0770473787561,23.9229526212439,0,C,230,5
271.949497663782,72,48.6012516450137,23.3987483549863,0,I,231,5
114.42223890456,72,48.7850773567334,23.2149226432666,0,C,232,5
98.1444299236303,72,48.8865099661052,23.1134900338948,0,I,233,5
175.054620412361,72,49.261217918247,22.738782081753,0,C,234,5
211.816758548784,72,49.3385709961876,22.6614290038124,0,I,235,5
70.5269134265375,72,49.507784913294,21.0191285132435,1,C,236,5
73.4567636701859,72,49.7526063909754,22.2473936090246,0,I,237,5
132.050224420908,72,49.9243865115568,22.0756134884432,0,C,238,5
243.662592118597,72,49.9395295791328,22.0604704208672,0,I,239,5
294.830954504192,72,50.0175177538768,21.9824822461233,0,C,240,5
76.0593514550715,72,50.1450363267213,21.8549636732787,0,I,241,5
136.913660267119,72,50.5396183021367,21.4603816978633,0,C,242,5
100.984807242907,72,50.5734211625531,21.4265788374469,0,I,243,5
72.2089418279755,72,51.0170159535483,20.9829840464518,0,C,244,5
51.1562124064192,72,51.0991462273523,0.0570661790668519,1,I,245,5
73.7396598575363,72,51.3180313864723,20.6819686135277,0,C,246,5
78.5226211565402,72,51.884299563244,20.115700436756,0,I,247,5
74.7922408928479,72,52.0585780218244,19.9414219781756,0,C,248,5
68.6972669936534,72,52.2387987049297,16.4584682887237,1,I,249,5
52.3874495932816,72,52.3717343062162,0.0157152870653829,1,C,250,5
64.0799077793104,72,52.6166770420969,11.4632307372135,1,I,251,5
60.8397900283131,72,52.7748222369701,8.06496779134307,1,C,252,5
250.856821680835,72,52.8210396319628,19.1789603680372,0,I,253,5
79.1553349001046,72,53.0750870145857,18.9249129854143,0,C,254,5
232.403449413932,72,53.1089098518714,18.8910901481286,0,I,255,5
136.765234217105,72,53.460811637342,18.539188362658,0,C,256,5
239.083307194506,72,53.4937440790236,18.5062559209764,0,I,257,5
57.0555661403684,72,53.5055615706369,3.55000456973143,1,C,258,5
81.7377253589085,72,53.7379482574761,18.2620517425239,0,I,259,5
118.856804360095,72,53.7669285899028,18.2330714100972,0,C,260,5
145.602622069479,72,54.7860712604597,17.2139287395403,0,I,261,5
70.3854973209873,72,54.8833043687046,15.5021929522827,1,C,262,5
200.779886398741,72,54.9053033301607,17.0946966698393,0,I,263,5
115.766305178903,72,55.0070678209886,16.9929321790114,0,C,264,5
91.0560763310999,72,55.1151393726468,16.8848606273532,0,I,265,5
129.336140545349,72,55.1740261958912,16.8259738041088,0,C,266,5
55.8690350224995,72,55.2402601344511,0.628774888048395,1,I,267,5
76.1845559176776,72,55.8018216351047,16.1981783648953,0,C,268,5
114.806907481952,72,55.8044495154172,16.1955504845828,0,I,269,5
57.7762646958749,72,55.8295239368454,1.94674075902953,1,C,270,5
102.005756782046,71.8901191622526,55.9276546211913,15.9624645410613,0,I,271,5
179.726467347256,72,56.2641225289553,15.7358774710447,0,C,272,5
147.380681568264,72,56.3502140622586,15.6497859377414,0,I,273,5
130.845161601367,72,56.5661479812115,15.4338520187885,0,C,274,5
220.049401406337,72,56.6053551714867,15.3946448285133,0,I,275,5
59.7394492005365,72,57.1651670197025,2.57428218083403,1,C,276,5
64.0274433570387,72,57.4476306326687,6.57981272436997,1,I,277,5
131.29204783263,72,57.4643506295979,14.5356493704021,0,C,278,5
263.215128073411,72,57.5249477941543,14.4750522058457,0,I,279,5
96.0206327779462,72,57.548197992146,14.451802007854,0,C,280,5
113.036633391675,72,57.6197865558788,14.3802134441212,0,I,281,5
93.0574850366427,72,57.6216355338693,14.3783644661307,0,C,282,5
240.002211178719,72,57.9282352002338,14.0717647997662,0,I,283,5
59.9335160608748,72,58.1605139421299,1.77300211874493,1,C,284,5
231.377178851852,72,58.1946822116152,13.8053177883849,0,I,285,5
96.7499748623689,72,58.2532078307122,13.7467921692878,0,C,286,5
71.2521983588713,72,58.3136325795203,12.938565779351,1,I,287,5
122.127693759972,72,58.5978478007019,13.4021521992981,0,C,288,5
82.3430542970101,72,58.6999788321555,13.3000211678445,0,I,289,5
65.5471569841951,72,58.7572316313162,6.78992535287881,1,C,290,5
76.2287880037255,72,59.106377447024,12.893622552976,0,I,291,5
112.940876285927,72,59.3583370931447,12.6416629068553,0,C,292,5
65.1885510897521,72,59.3796232156456,5.80892787410656,1,I,293,5
80.2986256515387,72,59.4845929183066,12.5154070816934,0,C,294,5
87.5109320558558,72,59.5047863619402,12.4952136380598,0,I,295,5
82.116508378491,72,59.5206342637539,12.4793657362461,0,C,296,5
365.848463017926,72,59.6771019045264,12.3228980954736,0,I,297,5
148.420856553018,72,59.7201465116814,12.2798534883186,0,C,298,5
5.3471183609792,72,0.0790789956226945,5.2680393653565,1,C,1,6
14.192930631972,72,0.453369989991188,13.7395606419808,1,I,2,6
84.4515475228089,72,0.533940517343581,71.4660594826564,0,C,3,6
123.369080048802,72,0.597517252899706,71.4024827471003,0,I,4,6
13.0002695548235,72,0.894225086085498,12.106044468738,1,C,5,6
175.47373963795,72,0.997030707076192,71.0029692929238,0,I,6,6
1.95175243758653,72,1.01979376282543,0.931958674761104,1,C,7,6
183.697796002307,72,1.09371815342456,70.9062818465754,0,I,8,6
18.2884645499287,72,1.20363463182002,17.0848299181087,1,C,9,6
148.571590200939,72,1.2135809333995,70.7864190666005,0,I,10,6
33.242082649921,72,1.35013191495091,31.8919507349701,1,C,11,6
43.5021720005357,59.4302941913173,1.41711790580302,42.0850540947327,1,I,12,6
54.871996015327,72,1.65708367712796,53.214912338199,1,C,13,6
154.230504524463,72,2.15959233697504,69.840407663025,0,I,14,6
7.03002762580793,72,2.2166235325858,4.81340409322213,1,C,15,6
168.158084616896,72,2.45650798548013,69.5434920145199,0,I,16,6
55.1694413125376,72,2.51310178544372,52.6563395270939,1,C,17,6
118.694970785005,72,2.52457811962813,69.4754218803719,0,I,18,6
6.60685543734759,72,2.55960980895907,4.04724562838852,1,C,19,6
35.921075759139,72,2.56374376360327,33.3573319955357,1,I,20,6
182.957864243005,72,2.6319217029959,69.3680782970041,0,C,21,6
137.864658603206,72,2.71765692159534,69.2823430784047,0,I,22,6
6.58584848700026,72,2.74720810353756,3.83864038346271,1,C,23,6
62.3168213012926,72,3.0145748751238,59.3022464261688,1,I,24,6
21.821319608072,72,3.25164793990552,18.5696716681664,1,C,25,6
11.4612633740901,72,3.46913376823068,7.99212960585947,1,I,26,6
11.8726472986628,72,3.84960159659386,8.0230457020689,1,C,27,6
64.8861846963705,72,4.07123987562954,60.8149448207409,1,I,28,6
55.5750048784602,72,4.25914681982249,51.3158580586377,1,C,29,6
338.074999896993,72,4.36461943667382,67.6353805633262,0,I,30,6
183.124793609285,72,4.68052751384676,67.3194724861533,0,C,31,6
462.432034880683,72,4.71685765776783,67.2831423422322,0,I,32,6
42.6368875012217,29.652260768621,4.82893214095384,24.8233286276671,0,C,33,6
112.628264008555,72,4.9056684365496,67.0943315634504,0,I,34,6
155.856716730211,72,5.2470799908042,66.7529200091958,0,C,35,6
268.791890486903,72,5.48470925074071,66.5152907492593,0,I,36,6
132.016223666562,72,5.58639700524509,66.4136029947549,0,C,37,6
74.8072591808646,72,5.80867838580161,66.1913216141984,0,I,38,6
224.222283178568,72,5.95360649283975,66.0463935071603,0,C,39,6
74.8479895068605,72,6.05488078203052,65.9451192179695,0,I,40,6
32.6391317341642,72,6.1065006069839,26.5326311271803,1,C,41,6
100.59078035151,72,6.41425622161478,65.5857437783852,0,I,42,6
131.123416204871,72,6.80269043426961,65.1973095657304,0,C,43,6
312.808825206951,72,7.0239383680746,64.9760616319254,0,I,44,6
72.5758645148286,72,7.21330194734037,64.7866980526596,0,C,45,6
205.990353700715,72,7.38805493339896,64.611945066601,0,I,46,6
136.776236024474,72,7.4862429080531,64.5137570919469,0,C,47,6
102.049930664831,72,7.6395976357162,64.3604023642838,0,I,48,6
77.4142097608092,72,7.95198028441519,64.0480197155848,0,C,49,6
199.692393624974,72,8.22130708023906,63.7786929197609,0,I,50,6
9.38980819245079,72,8.40843023266643,0.981377959784361,1,C,51,6
51.431651162753,72,8.73524530325085,42.6964058595021,1,I,52,6
216.883739013121,72,8.83459231350571,63.1654076864943,0,C,53,6
37.1973871218618,72,8.84138826280832,28.3559988590535,1,I,54,6
10.1497420050761,72,9.0875778766349,1.06216412844123,1,C,55,6
109.059807658173,72,9.13053990807384,62.8694600919262,0,I,56,6
19.7796380733119,72,9.35059121344239,10.4290468598695,1,C,57,6
386.203407412523,72,9.39910288900137,62.6008971109986,0,I,58,6
183.862070775802,72,9.52842122409493,62.4715787759051,0,C,59,6
34.0611233118438,72,9.57131603267044,24.4898072791733,1,I,60,6
185.870255536021,72,9.6958999754861,62.3041000245139,0,C,61,6
112.493407985051,72,9.91182291414589,62.0881770858541,0,I,62,6
186.387329286781,72,10.1311676949263,61.8688323050737,0,C,63,6
72.2141602591385,72,10.4494627425447,61.5505372574553,0,I,64,6
22.1052309352299,72,10.7046903111041,11.4005406241259,1,C,65,6
256.453663894969,19.991997353539,11.260069780983,8.73192757255598,0,I,66,6
40.6184822346498,72,11.3184106070548,29.300071627595,1,C,67,6
119.122129865469,72,11.4262552326545,60.5737447673455,0,I,68,6
12.6596077013324,72,11.4580397447571,1.20156795657529,1,C,69,6
77.9330156577696,72,11.4582257531583,60.5417742468417,0,I,70,6
21.4860046734628,72,11.6187782166526,9.8672264568102,1,C,71,6
38.2160176690892,72,11.7309067351744,26.4851109339148,1,I,72,6
108.343333781674,72,11.732295434922,60.267704565078,0,C,73,6
339.57407039778,72,11.876724245958,60.123275754042,0,I,74,6
29.0566764221997,72,11.918727317825,17.1379491043747,1,C,75,6
24.6882930117474,72,12.0434599975124,12.644833014235,1,I,76,6
99.6153796982602,72,12.3920691758394,59.6079308241606,0,C,77,6
142.845116557635,72,12.4963301606476,59.5036698393524,0,I,78,6
14.4465840325126,72,12.526606223546,1.91997780896666,1,C,79,6
88.8600987698913,72,12.6654175110161,59.3345824889839,0,I,80,6
194.340139472237,72,12.7303594211116,59.2696405788884,0,C,81,6
14.8104296530315,72,12.8277955111116,1.98263414191988,1,I,82,6
39.3488635392101,72,12.8629907174036,26.4858728218065,1,C,83,6
45.2493560588639,72,12.8929750062525,32.3563810526114,1,I,84,6
46.1020370543697,72,13.246455299668,32.8555817547017,1,C,85,6
145.514458253341,72,13.4089022688568,58.5910977311432,0,I,86,6
55.5167232828836,72,14.0383398486301,41.4783834342534,1,C,87,6
208.554014875857,72,14.1083452524617,57.8916547475383,0,I,88,6
15.7083143920975,72,14.1583293769509,1.5499850151466,1,C,89,6
74.1342074119009,61.9326489638941,14.2387778637931,47.693871100101,0,I,90,6
24.4392478716872,72,14.4862246932462,9.95302317844098,1,C,91,6
79.728616299836,72,14.6223943959922,57.3776056040078,0,I,92,6
71.7046632082585,72,16.2999092973769,55.4047539108816,1,C,93,6
107.703053461992,72,16.3015081034973,55.6984918965027,0,I,94,6
55.2705570790827,72,16.7416706169024,38.5288864621803,1,C,95,6
162.709388185165,72,16.8157840333879,55.1842159666121,0,I,96,6
53.5048764406886,72,16.8372540129349,36.6676224277538,1,C,97,6
67.3214218278274,72,16.8622137699276,50.4592080578998,1,I,98,6
66.5802506380759,72,16.8783976882696,49.7018529498062,1,C,99,6
139.387315570398,72,16.9310177816078,55.0689822183922,0,I,100,6
26.6929103011875,72,17.1796291507781,9.51328115040942,1,C,101,6
39.6997248589958,72,17.2082691080868,22.491455750909,1,I,102,6
28.0884267344786,72,17.39141412545,10.6970126090286,1,C,103,6
71.7407011345601,72,17.5413939775899,54.1993071569702,1,I,104,6
46.4619620491213,72,17.6187021005899,28.8432599485314,1,C,105,6
168.119040326539,72,17.8574891248718,54.1425108751282,0,I,106,6
51.7194194115825,72,17.8644029377028,33.8550164738797,1,C,107,6
57.051300578757,72,18.045890587382,39.005409991375,1,I,108,6
70.7352600901247,72,18.1842259084806,52.5510341816441,1,C,109,6
56.5896012137698,72,18.3346754405648,38.254925773205,1,I,110,6
46.8671862625484,72,18.361012917012,28.5061733455365,1,C,111,6
23.4550598722023,72,18.4825627086684,4.97249716353389,1,I,112,6
53.8563856869504,72,18.5704016592354,35.285984027715,1,C,113,6
55.0857204847166,72,18.7226820224896,36.363038462227,1,I,114,6
52.4608925804156,72,18.9864613255486,33.474431254867,1,C,115,6
238.641679730646,72,19.3508708104491,52.6491291895509,0,I,116,6
93.0348869419594,72,19.3802409851924,52.6197590148076,0,C,117,6
338.977272425474,72,19.4747596839443,52.5252403160557,0,I,118,6
48.9225352772675,27.9917215091885,19.4775442220271,8.51417728716148,0,C,119,6
96.4448879861104,72,19.4780361978337,52.5219638021663,0,I,120,6
90.8232305990121,72,19.6474780049175,52.3525219950825,0,C,121,6
306.937880133435,72,20.0471851648763,51.9528148351237,0,I,122,6
26.5769673883512,72,20.0591378007084,6.51782958764279,1,C,123,6
123.857050274187,40.2865137613718,20.5686123948544,19.7179013665174,0,I,124,6
46.8383091396794,72,20.6366432737559,26.2016658659235,1,C,125,6
153.272325429914,72,20.688001262024,51.311998737976,0,I,126,6
36.4999299221801,72,20.6979777384549,15.8019521837251,1,C,127,6
96.7907565310266,72,20.7259501889348,51.2740498110652,0,I,128,6
36.4007994624956,72,20.7321026036516,15.668696858844,1,C,129,6
63.8901304118403,72,21.1184212658554,42.7717091459849,1,I,130,6
54.5384377285843,72,21.3127256277949,33.2257121007895,1,C,131,6
60.8849717936218,72,21.4189930306748,39.465978762947,1,I,132,6
56.8659968401034,72,21.5060962736607,35.3599005664427,1,C,133,6
34.4932585856868,72,21.6189476754516,12.8743109102351,1,I,134,6
49.7156640064259,72,21.6830886807293,28.0325753256966,1,C,135,6
470.848250408962,72,21.8578705145046,50.1421294854954,0,I,136,6
23.4116964877193,72,21.9435675675049,1.46812892021439,1,C,137,6
63.2412889769222,72,22.0288907596841,41.2123982172381,1,I,138,6
86.6600135744515,72,22.0663133030757,49.9336866969243,0,C,139,6
57.3702924720442,72,22.091483194381,35.2788092776632,1,I,140,6
25.1246388016656,72,22.1031513344497,3.02148746721591,1,C,141,6
145.379546748004,72,22.2004519449547,49.7995480550453,0,I,142,6
63.1179201280138,72,22.9183389013633,40.1995812266505,1,C,143,6
34.7600420199834,72,23.1572272907943,11.6028147291891,1,I,144,6
125.808800259052,72,23.2344955997542,48.7655044002459,0,C,145,6
166.262379929497,72,23.5660255048424,48.4339744951576,0,I,146,6
36.9319113772513,72,23.7636921135709,13.1682192636804,1,C,147,6
197.103446176643,72,23.9867055416107,48.0132944583893,0,I,148,6
184.14458636833,72,24.2804068140686,47.7195931859315,0,C,149,6
218.375550259497,72,24.4271165085956,47.5728834914044,0,I,150,6
82.1487356598743,72,24.4352455576882,47.5647544423118,0,C,151,6
201.190516119639,72,24.6274485625327,47.3725514374673,0,I,152,6
24.8935401843226,72,24.7936407476664,0.0998994366562062,1,C,153,6
26.1132075845501,72,25.008001034148,1.10520655040205,1,I,154,6
53.8829538846076,72,25.0815582554787,28.8013956291289,1,C,155,6
107.445605838841,72,25.184573829174,46.815426170826,0,I,156,6
82.3351341618715,72,25.4474720684811,46.5525279315189,0,C,157,6
34.4743912611112,72,25.7155052572489,8.75888600386233,1,I,158,6
74.7403089481928,72,25.727007156238,46.272992843762,0,C,159,6
396.725841465245,72,25.8794121723622,46.1205878276378,0,I,160,6
45.4734170091626,72,26.0059275152162,19.4674894939464,1,C,161,6
432.093901504414,72,26.2533005559817,45.7466994440183,0,I,162,6
46.4476767424947,72,26.8573366524652,19.5903400900296,1,C,163,6
44.8676912548121,72,27.41507536266,17.4526158921521,1,I,164,6
174.818052926874,72,27.6343341171742,44.3656658828259,0,C,165,6
124.08430411165,72,27.7198955370113,44.2801044629887,0,I,166,6
80.8940930372603,72,27.9685976263136,44.0314023736864,0,C,167,6
86.9903506663327,72,28.0930637195706,43.9069362804294,0,I,168,6
31.6954816704059,72,28.2189753698185,3.47650630058743,1,C,169,6
94.7567531605033,72,28.4987662173808,43.5012337826192,0,I,170,6
109.312837712027,72,29.179166899994,42.820833100006,0,C,171,6
32.4567955458771,72,29.3087688367814,3.14802670909567,1,I,172,6
138.679849492159,72,29.6244266442955,42.3755733557046,0,C,173,6
380.986014709019,72,29.633159651421,42.366840348579,0,I,174,6
132.197829959958,72,29.9604520853609,42.0395479146391,0,C,175,6
146.226680734307,57.1774858072939,30.2032475732267,26.9742382340672,0,I,176,6
147.942055131328,72,30.4778957180679,41.5221042819321,0,C,177,6
216.237307656524,72,31.1665911879391,40.833408812061,0,I,178,6
53.3996273984973,72,31.3569237990305,22.0427035994668,1,C,179,6
32.2595237846636,72,31.550480062142,0.709043722521574,1,I,180,6
71.0456744927217,72,31.891587828286,39.1540866644357,1,C,181,6
42.156957782663,72,32.1367777744308,10.0201800082322,1,I,182,6
45.9352633161756,72,32.5122901098803,13.4229732062953,1,C,183,6
47.0252324997911,72,32.5128516694531,14.512380830338,1,I,184,6
106.864682236502,72,32.9779113410041,39.0220886589959,0,C,185,6
77.5426292632213,72,33.0063743283972,38.9936256716028,0,I,186,6
118.51521119062,72,33.1070536002517,38.8929463997483,0,C,187,6
88.447014524451,72,33.2149462541565,38.7850537458435,0,I,188,6
165.7238627401,72,33.374023293145,38.625976706855,0,C,189,6
71.3648500062892,72,33.4175603371114,37.9472896691778,1,I,190,6
58.2912121054493,72,33.5130450222641,24.7781670831852,1,C,191,6
96.9096343866177,72,33.674613176845,38.325386823155,0,I,192,6
36.0294968954298,72,33.8126841047779,2.2168127906519,1,C,193,6
148.596373765161,72,33.9444281486794,38.0555718513206,0,I,194,6
51.2994294679333,72,33.9770326763392,17.3223967915941,1,C,195,6
241.322496562611,72,34.1430871747434,37.8569128252566,0,I,196,6
37.4640734124297,72,34.4356541102752,3.02841930215447,1,C,197,6
67.9758516117261,72,34.7755671618506,33.2002844498755,1,I,198,6
50.0710809149499,72,34.7782205091789,15.292860405771,1,C,199,6
90.0519344299961,72,35.8772077923641,36.1227922076359,0,I,200,6
115.178904596174,72,35.9784678881988,36.0215321118012,0,C,201,6
39.8861876370928,72,36.0256214020774,3.8605662350154,1,I,202,6
299.848939966842,72,36.1241139750928,35.8758860249072,0,C,203,6
217.722607287472,72,36.1532706767321,35.8467293232679,0,I,204,6
96.1337238430152,72,36.3262324361131,35.6737675638869,0,C,205,6
73.2013265793063,72,36.7958879610524,35.2041120389476,0,I,206,6
59.6402785060013,72,37.1260516997427,22.5142268062586,1,C,207,6
136.954660223316,72,37.2787939757109,34.7212060242891,0,I,208,6
64.0801315485965,72,37.520326548256,26.5598050003405,1,C,209,6
51.6151478728694,72,37.5505654374138,14.0645824354557,1,I,210,6
68.0429862486791,72,37.8515799622983,30.1914062863809,1,C,211,6
109.963165456511,72,37.9609280638397,34.0390719361603,0,I,212,6
52.4452730020905,72,38.0938340211287,14.3514389809618,1,C,213,6
221.637400836225,72,38.8431396055967,33.1568603944033,0,I,214,6
67.4480247571999,72,39.1024987539277,28.3455260032722,1,C,215,6
206.016698007259,72,39.1137430071831,32.8862569928169,0,I,216,6
39.5984000854892,72,39.5836447225884,0.0147553629008505,1,C,217,6
692.054754141406,72,39.6574118966237,32.3425881033763,0,I,218,6
54.989370368016,72,39.7864866536111,15.2028837144049,1,C,219,6
119.207644018203,72,39.9097357783467,32.0902642216533,0,I,220,6
77.780953089509,72,40.1026460062712,31.8973539937288,0,C,221,6
64.6699002518447,72,40.8932164125145,23.7766838393303,1,I,222,6
108.807046989623,72,40.8939959434792,31.1060040565208,0,C,223,6
149.506465097006,72,41.1043594451621,30.8956405548379,0,I,224,6
55.7806783705059,72,41.5186716243625,14.2620067461435,1,C,225,6
137.9705143548,72,41.7077998258173,30.2922001741827,0,I,226,6
47.9285248261673,72,41.8132287170738,6.11529610909346,1,C,227,6
384.339678296066,72,42.2881976561621,29.7118023438379,0,I,228,6
47.4742972076251,72,42.3037835396826,5.1705136679425,1,C,229,6
85.9810709809849,72,42.3362448485568,29.6637551514432,0,I,230,6
55.5205635190636,72,42.440320411697,13.0802431073665,1,C,231,6
126.852285292559,72,42.5119456741959,29.4880543258041,0,I,232,6
110.580402037271,72,42.5780260842294,29.4219739157707,0,C,233,6
416.382439560592,72,42.8264720225707,29.1735279774293,0,I,234,6
55.9268167334279,72,42.9723585862666,12.9544581471613,1,C,235,6
131.461638669651,72,43.0621376121417,28.9378623878583,0,I,236,6
71.8467144725073,72,43.2884743670002,28.5582401055072,1,C,237,6
139.499901614413,72,43.5768962698057,28.4231037301943,0,I,238,6
44.1228734205428,72,43.6262924876064,0.496580932936423,1,C,239,6
115.345399820759,72,43.8056111242622,28.1943888757378,0,I,240,6
108.884591182141,72,44.0459794783965,27.9540205216035,0,C,241,6
59.0306527875917,72,44.0913630556315,14.9392897319602,1,I,242,6
219.283157477723,72,44.7365398239344,27.2634601760656,0,C,243,6
297.421540978193,72,44.9364169081673,27.0635830918327,0,I,244,6
65.1253986115273,72,44.9960353597999,20.1293632517274,1,C,245,6
138.339956457328,72,45.2081935247406,26.7918064752594,0,I,246,6
81.9446398091746,72,45.2140872040764,26.7859127959237,0,C,247,6
148.073254826079,72,45.3601500252262,26.6398499747738,0,I,248,6
158.434719707407,72,45.3965609706938,26.6034390293062,0,C,249,6
273.390834826685,72,45.9153760364279,26.0846239635721,0,I,250,6
53.72434036973,72,46.0479915747419,7.67634879498806,1,C,251,6
102.49437203187,72,46.1352505115792,25.8647494884208,0,I,252,6
59.3547035502474,72,46.1651817709208,13.1895217793267,1,C,253,6
126.141618117987,72,46.300505627878,25.699494372122,0,I,254,6
134.237511547735,72,46.4086409518495,25.5913590481505,0,C,255,6
177.458241211879,72,46.5715630212799,25.4284369787201,0,I,256,6
191.859761979161,72,46.6159353777766,25.3840646222234,0,C,257,6
56.0443188860379,72,46.6920464113355,9.35227247470244,1,I,258,6
103.583474177956,72,47.1628034021705,24.8371965978295,0,C,259,6
126.161740437309,72,47.4973690928891,24.5026309071109,0,I,260,6
65.9306646558761,72,47.5802281871438,18.3504364687323,1,C,261,6
151.106359936174,72,47.5963786337525,24.4036213662475,0,I,262,6
148.655803867345,72,47.8755117254332,24.1244882745668,0,C,263,6
238.060987612353,72,48.5865771397948,23.4134228602052,0,I,264,6
112.291907183498,72,48.5914000868797,23.4085999131203,0,C,265,6
100.465073068277,72,48.696162798442,23.3038372015581,0,I,266,6
98.1847756431079,72,48.7718333490193,23.2281666509807,0,C,267,6
87.3776082701519,72,48.7850440246984,23.2149559753016,0,I,268,6
88.2361355445312,72,48.8830947317183,23.1169052682817,0,C,269,6
127.294312525063,72,49.0878876065835,22.9121123934165,0,I,270,6
103.91993990969,72,49.2477051727474,22.7522948272526,0,C,271,6
117.888537858168,72,49.9576152255759,22.0423847744241,0,I,272,6
53.8582239169315,72,50.1693649264053,3.68885899052625,1,C,273,6
144.993393989555,72,50.2330485731363,21.7669514268637,0,I,274,6
68.9120277111717,72,51.4376088744029,17.4744188367687,1,C,275,6
264.071244289411,72,51.4565445994958,20.5434554005042,0,I,276,6
133.255023232039,72,51.4875587588176,20.5124412411824,0,C,277,6
199.019339747923,72,51.5870158653706,20.4129841346294,0,I,278,6
101.616615625682,72,51.8741399003193,20.1258600996807,0,C,279,6
311.326655633024,72,51.9828613288701,20.0171386711299,0,I,280,6
68.9869120584203,72,52.138656671159,16.8482553872613,1,C,281,6
123.540851705101,72,52.2212513582781,19.7787486417219,0,I,282,6
53.6097867399283,72,52.4217773415148,1.18800939841342,1,C,283,6
113.719929475315,72,52.4573611048982,19.5426388951018,0,I,284,6
72.4745510240448,72,52.7753592096269,19.2246407903731,0,C,285,6
60.8404587867365,72,53.0055405758321,7.83491821090432,1,I,286,6
249.950093640764,72,53.0997123895213,18.9002876104787,0,C,287,6
142.023266218502,72,53.1134933419526,18.8865066580474,0,I,288,6
57.373262002282,72,53.2490943325684,4.12416766971369,1,C,289,6
206.350412958112,72,53.2911616237834,18.7088383762166,0,I,290,6
79.8082626257757,72,53.3285188302398,18.6714811697602,0,C,291,6
185.910624370127,70.3421458204872,53.3345445105806,17.0076013099066,0,I,292,6
112.319621377748,72,53.410322307609,18.589677692391,0,C,293,6
165.337269388497,72,53.4557868679985,18.5442131320015,0,I,294,6
96.2938427645902,72,53.6305059213191,18.3694940786809,0,C,295,6
61.5893117213319,72,53.9355912571773,7.65372046415464,1,I,296,6
75.2355010495504,72,54.1046081436798,17.8953918563202,0,C,297,6
61.2274347214054,72,54.1717917239294,7.05564299747604,1,I,298,6
206.191034855988,72,54.1907362919301,17.8092637080699,0,C,299,6
164.202660631025,72,54.9556437134743,17.0443562865257,0,I,300,6
89.5442977827817,72,55.092378789559,16.907621210441,0,C,301,6
58.8440356522994,72,55.5592741118744,3.28476154042495,1,I,302,6
69.2906663683742,72,55.653041806072,13.6376245623022,1,C,303,6
132.312599606973,72,55.8815741026774,16.1184258973226,0,I,304,6
116.643295426994,72,55.9024657728151,16.097534227185,0,C,305,6
90.2298276387771,72,56.0355454171076,15.9644545828924,0,I,306,6
119.781761114649,72,56.0796174220741,15.9203825779259,0,C,307,6
251.651279638848,72,56.2979554804042,15.7020445195958,0,I,308,6
76.9881156121047,72,56.9744384195656,15.0255615804344,0,C,309,6
100.960448124788,72,57.6332750916481,14.3667249083519,0,I,310,6
81.4976466783082,72,57.8361161565408,14.1638838434592,0,C,311,6
73.7294196403608,72,58.2438347814605,13.7561652185395,0,I,312,6
88.3508242735387,72,58.3324477588758,13.6675522411242,0,C,313,6
76.0674786201073,72,58.4434317983687,13.5565682016313,0,I,314,6
64.6933500117451,72,58.616244988516,6.0771050232291,1,C,315,6
139.970828665995,72,58.9389707800001,13.0610292199999,0,I,316,6
316.448108276614,72,58.9501084713265,13.0498915286735,0,C,317,6
132.766959088219,72,58.9573784731329,13.0426215268672,0,I,318,6
96.5051140087461,72,59.3446825677529,12.6553174322471,0,C,319,6
147.365487980675,72,59.5477608125657,12.4522391874343,0,I,320,6
142.13997183545,72,59.6324278693646,12.3675721306354,0,C,321,6
33.6467255311797,29.2736694734797,0.029491363093257,29.2441781103865,0,I,1,7
65.6265873248781,72,0.268317516893148,65.3582698079849,1,C,2,7
48.9206058618937,72,0.509804268367589,48.4108015935261,1,I,3,7
12.6539232811387,72,1.08111216221005,11.5728111189287,1,C,4,7
72.1210096243737,61.5754878722232,1.09191250987351,60.4835753623497,0,I,5,7
66.7899005058832,72,1.09948731958866,65.6904131862946,1,C,6,7
19.9215634267929,72,1.17642107885331,18.7451423479396,1,I,7,7
76.5525786048505,72,1.56250529922545,70.4374947007746,0,C,8,7
129.065343953483,69.093168793855,1.62317474372685,67.4699940501282,0,I,9,7
146.406208205651,72,1.87542320229113,70.1245767977089,0,C,10,7
58.6330563589126,72,1.94144070614129,56.6916156527713,1,I,11,7
10.7910504825102,72,2.57371272426099,8.21733775824924,1,C,12,7
176.175759414147,72,2.66622686292976,69.3337731370702,0,I,13,7
42.3947829931653,72,2.69062155392021,39.7041614392451,1,C,14,7
38.3013703925598,72,3.21184154134244,35.0895288512174,1,I,15,7
57.0481600273924,72,3.26621225103736,53.781947776355,1,C,16,7
8.9866772685634,72,3.32403511740267,5.66264215116073,1,I,17,7
34.5676937193979,72,3.37333569768816,31.1943580217097,1,C,18,7
154.112046759535,72,3.55448462069035,68.4455153793097,0,I,19,7
10.3483022156371,72,3.58617408201098,6.76212813362611,1,C,20,7
86.8890811278499,72,3.76061777584255,68.2393822241575,0,I,21,7
43.2860046038055,72,3.80398188717663,39.4820227166288,1,C,22,7
103.047412326974,72,3.84400641079992,68.1559935892001,0,I,23,7
20.1170705633974,72,4.04033445753157,16.0767361058658,1,C,24,7
20.1489722359452,72,4.85123011283577,15.2977421231094,1,I,25,7
9.87122562906302,72,4.85860509797931,5.01262053108371,1,C,26,7
42.6205676334572,72,5.39706428535283,37.2235033481044,1,I,27,7
15.6080453512378,72,5.67622808273882,9.93181726849894,1,C,28,7
204.799439689271,10.6445298902027,5.99689392372966,4.64763596647305,0,I,29,7
196.76536722971,72,6.28419801592827,65.7158019840717,0,C,30,7
139.545920349363,72,6.50175203103572,65.4982479689643,0,I,31,7
23.0838712351796,72,6.80574886500835,16.2781223701712,1,C,32,7
73.5035586957644,72,6.92813117522746,65.0718688247725,0,I,33,7
130.690617247866,72,7.00350163970143,64.9964983602986,0,C,34,7
252.46560031483,72,7.17287748120725,64.8271225187928,0,I,35,7
18.4887925029969,72,7.19958207104355,11.2892104319533,1,C,36,7
7.6966559592891,72,7.19967228826135,0.496983671027743,1,I,37,7
59.8365056364877,72,7.21973574254662,52.616769893941,1,C,38,7
231.260641964378,72,7.30951764620841,64.6904823537916,0,I,39,7
119.244042876821,72,7.84098322503269,64.1590167749673,0,C,40,7
195.281648273653,72,7.87720637395978,64.1227936260402,0,I,41,7
41.976014613913,72,8.27642007730901,33.699594536604,1,C,42,7
186.635034601725,72,8.30774911679328,63.6922508832067,0,I,43,7
30.8779235469637,72,8.34939324762672,22.528530299337,1,C,44,7
256.517707999207,72,8.40218174736947,63.5978182526305,0,I,45,7
218.737930214712,72,8.7379506463185,63.2620493536815,0,C,46,7
18.5110869192152,72,8.93605404999107,9.57503286922411,1,I,47,7
64.7122075936908,72,8.95439331885427,55.7578142748365,1,C,48,7
87.3399832475612,72,8.98058638907969,63.0194136109203,0,I,49,7
13.1645713072386,58.1787548053749,9.01132293976843,4.15324836747015,1,C,50,7
56.3598475725499,72,9.31209694594145,47.0477506266085,1,I,51,7
34.0988689132961,72,9.34847747907043,24.7503914342256,1,C,52,7
23.2608811089086,72,9.46260355878621,13.7982775501223,1,I,53,7
180.6884053555,72,9.55972455907613,62.4402754409239,0,C,54,7
144.081539122814,72,9.58823426160961,62.4117657383904,0,I,55,7
26.7049332603162,72,10.0559721328318,16.6489611274844,1,C,56,7
20.2995995245309,72,10.1163452910259,10.183254233505,1,I,57,7
24.0456007379109,72,10.1577827939764,13.8878179439346,1,C,58,7
126.642197135071,72,10.483752368018,61.516247631982,0,I,59,7
13.3129234835074,72,10.6578587461263,2.65506473738107,1,C,60,7
32.7532650736344,72,10.7681326987222,21.9851323749122,1,I,61,7
19.7767043901221,72,10.9635082678869,8.81319612223513,1,C,62,7
90.7924498703773,72,10.9807843063027,61.0192156936973,0,I,63,7
121.607138593437,72,11.3993512932211,60.6006487067789,0,C,64,7
25.1058461608205,72,11.8934623338282,13.2123838269923,1,I,65,7
28.4149385160242,72,11.945793684572,16.4691448314523,1,C,66,7
204.182566314899,72,11.9901542644948,60.0098457355052,0,I,67,7
38.2723357377652,72,12.0557572972029,26.2165784405623,1,C,68,7
339.730063220127,72,12.0777692226693,59.9222307773307,0,I,69,7
39.3681154556907,72,12.3519349750131,27.0161804806775,1,C,70,7
121.979021751684,72,12.3577633453533,59.6422366546467,0,I,71,7
27.3883490561587,72,12.5508566061035,14.8374924500553,1,C,72,7
16.5227321466151,72,12.6821368932724,3.84059525334267,1,I,73,7
107.920927045317,72,12.7151740249246,59.2848259750754,0,C,74,7
495.320300366031,72,13.0954079842195,58.9045920157805,0,I,75,7
38.4387916327854,72,14.086889019236,24.3519026135494,1,C,76,7
47.4420540782005,72,14.3087552022189,33.1332988759816,1,I,77,7
107.371948942641,72,14.3396564852446,57.6603435147554,0,C,78,7
123.32007783312,72,14.3635814124718,57.6364185875282,0,I,79,7
20.4350866511305,72,14.4158852985129,6.01920135261758,1,C,80,7
111.166756760271,72,14.9504036363214,57.0495963636786,0,I,81,7
22.29385641674,72,15.0083693861961,7.28548703054391,1,C,82,7
138.87183278993,72,15.5383102409542,56.4616897590458,0,I,83,7
147.436763597285,72,15.8446254674345,56.1553745325655,0,C,84,7
111.66881651587,72,15.8751919912174,56.1248080087826,0,I,85,7
19.8322252554865,72,16.1411519441754,3.69107331131118,1,C,86,7
24.8600963718338,72,16.2754007522017,8.58469561963209,1,I,87,7
32.512700089354,72,16.5386012429371,15.9740988464169,1,C,88,7
195.107879590634,72,16.558899236843,55.441100763157,0,I,89,7
87.7069242108335,72,16.6449461365119,55.3550538634881,0,C,90,7
109.161333540286,72,17.0821372652426,54.9178627347574,0,I,91,7
97.1057627159897,72,17.2944888286293,54.7055111713708,0,C,92,7
219.825595288868,72,18.3410443738103,53.6589556261897,0,I,93,7
19.5568927795484,72,18.5467937355861,1.01009904396233,1,C,94,7
24.4094091258392,72,18.5766438860446,5.8327652397946,1,I,95,7
46.3860629967646,72,18.5857853712514,27.8002776255132,1,C,96,7
162.624009616015,50.0708722603323,18.6441340623423,31.42673819799,0,I,97,7
33.0997467345616,72,18.7428800482303,14.3568666863313,1,C,98,7
32.3750955713515,72,18.8480358989909,13.5270596723606,1,I,99,7
113.804271443116,72,19.0497538726777,52.9502461273223,0,C,100,7
70.1285738514763,72,19.0529855154455,51.0755883360308,1,I,101,7
117.779706893884,72,19.3516136705875,52.6483863294125,0,C,102,7
316.862146446701,72,19.8280305275694,52.1719694724307,0,I,103,7
36.6291345887943,72,20.9988235216588,15.6303110671355,1,C,104,7
33.0778117557089,72,21.0269414260983,12.0508703296106,1,I,105,7
30.6984834829082,72,21.0481188073754,9.65036467553274,1,C,106,7
45.7897443575335,72,21.2376178242266,24.5521265333069,1,I,107,7
48.4196204076411,72,21.3442042004317,27.0754162072094,1,C,108,7
52.9513955308146,72,21.5227349242195,31.4286606065951,1,I,109,7
31.1288675108948,72,21.5650029340759,9.5638645768189,1,C,110,7
45.9122063874013,72,21.5803991630673,24.331807224334,1,I,111,7
80.7504188471904,72,21.7538492241874,50.2461507758126,0,C,112,7
182.497909629507,72,21.7853183113039,50.2146816886962,0,I,113,7
35.0579393458555,72,22.4326272821054,12.6253120637501,1,C,114,7
45.6623308362583,72,22.6516124932095,23.0107183430487,1,I,115,7
123.215546961546,72,22.6977253938094,49.3022746061906,0,C,116,7
139.762289794594,72,23.0439229169861,48.956077083014,0,I,117,7
33.0014886362585,72,23.1256949063391,9.87579372991942,1,C,118,7
33.554430262835,72,23.4532651584595,10.1011651043755,1,I,119,7
50.6470427810061,72,23.6396467220038,27.0073960590022,1,C,120,7
28.2360410928446,50.0160895111173,23.7496130168438,4.48642807600082,1,I,121,7
64.3059014455842,72,23.9944540662691,40.3114473793151,1,C,122,7
104.134843654471,56.9788044941795,24.5961798727512,32.3826246214283,0,I,123,7
37.5041169900889,72,24.6062823291868,12.8978346609021,1,C,124,7
49.3050733257331,72,24.6858051046729,24.6192682210602,1,I,125,7
39.4628779185737,72,24.7296886704862,14.7331892480875,1,C,126,7
1155.71750683737,72,25.0894528767094,46.9105471232906,0,I,127,7
84.5699876116647,72,25.4445167630911,46.5554832369089,0,C,128,7
88.8304485519365,59.7002453190477,25.4628338478506,34.2374114711971,0,I,129,7
43.1006045080442,72,25.6997469859198,17.4008575221244,1,C,130,7
123.354100126122,45.975830535179,25.9706597356126,20.0051707995664,0,I,131,7
57.843458023041,72,26.1501651350409,31.6932928880002,1,C,132,7
148.384070867661,72,26.2360397167504,45.7639602832496,0,I,133,7
84.9801956203282,72,26.7229657061398,45.2770342938602,0,C,134,7
148.406774583473,72,27.0693991659209,44.9306008340791,0,I,135,7
103.011629630099,72,27.4587391968817,44.5412608031184,0,C,136,7
54.8822101540729,72,27.8090510191396,27.0731591349333,1,I,137,7
49.8316091799364,72,28.2115879654884,21.6200212144479,1,C,138,7
496.098160423158,72,28.2634059106931,43.7365940893069,0,I,139,7
48.7183730840257,72,28.3741261297837,20.344246954242,1,C,140,7
36.1485685018728,72,29.0089484956116,7.13962000626127,1,I,141,7
75.955765547041,72,29.1460627131164,42.8539372868836,0,C,142,7
102.49594132157,72,29.260570644401,42.739429355599,0,I,143,7
163.522332395211,44.4404314777826,29.9708827072755,14.4695487705071,0,C,144,7
99.201128828939,72,30.0482514454052,41.9517485545948,0,I,145,7
45.8754088250912,72,30.0579564040527,15.8174524210385,1,C,146,7
32.0131017253318,72,30.2150225127116,1.79807921262018,1,I,147,7
50.0945363593227,72,30.3406583564356,19.7538780028871,1,C,148,7
57.9852937706974,72,30.5762667534873,27.4090270172101,1,I,149,7
40.6232599254875,72,30.8375286078081,9.78573131767942,1,C,150,7
153.704567036005,72,30.8897407399491,41.110259260051,0,I,151,7
87.9581593017337,72,31.3009837316349,40.6990162683651,0,C,152,7
145.336256164668,72,31.6786678740755,40.3213321259245,0,I,153,7
46.7909382247078,72,31.8767456291243,14.9141925955835,1,C,154,7
108.090107092085,72,32.0540784671903,39.9459215328097,0,I,155,7
98.0806944547345,72,32.0796744944528,39.9203255055472,0,C,156,7
156.843964868436,72,32.0852234400809,39.9147765599191,0,I,157,7
104.071179441245,72,32.1910304948688,39.8089695051312,0,C,158,7
94.2073468083354,72,32.6947502698749,39.3052497301251,0,I,159,7
111.605761960793,72,32.9314430058002,39.0685569941998,0,C,160,7
41.5225186883643,72,33.0024991091341,8.52001957923022,1,I,161,7
37.9477924123055,72,33.16685160622,4.78094080608545,1,C,162,7
241.648567501331,41.94432084449,33.266353905201,8.67796693928904,0,I,163,7
87.5477246565104,72,33.3938011759892,38.6061988240108,0,C,164,7
35.9407518331727,72,33.7300560157746,2.2106958173981,1,I,165,7
301.46143849346,72,33.7418663827702,38.2581336172298,0,C,166,7
282.294622800553,72,33.7988713709638,38.2011286290363,0,I,167,7
121.474077649338,72,33.967211083509,38.032788916491,0,C,168,7
76.138340768192,72,34.2233078135178,37.7766921864823,0,I,169,7
40.7340720174372,72,34.6094715921208,6.12460042531634,1,C,170,7
58.5102673709545,72,35.2999749546871,23.2102924162675,1,I,171,7
62.6035263985631,72,35.4552592663094,27.1482671322537,1,C,172,7
38.0410851795174,72,35.4771939385682,2.56389124094914,1,I,173,7
117.677104706617,72,35.6105244113132,36.3894755886868,0,C,174,7
175.610269025437,72,35.6182587426156,36.3817412573844,0,I,175,7
67.3638909478377,72,35.8453809516504,31.5185099961872,1,C,176,7
216.285796727341,72,36.0612452588975,35.9387547411025,0,I,177,7
69.6869544812846,72,36.2040364276618,33.4829180536228,1,C,178,7
65.6505994528061,72,36.3782468950376,29.2723525577685,1,I,179,7
98.762345817288,72,36.5582981100306,35.4417018899694,0,C,180,7
80.6764484532685,72,36.6715778969228,35.3284221030772,0,I,181,7
51.2568548512599,72,36.7283299611881,14.5285248900718,1,C,182,7
149.183606272349,72,36.7342776199803,35.2657223800197,0,I,183,7
40.0053717059381,72,36.8497629230842,3.15560878285389,1,C,184,7
208.202825584036,72,37.4472430720925,34.5527569279075,0,I,185,7
158.401189390821,72,37.5409885961562,34.4590114038438,0,C,186,7
73.9780203364106,72,37.7163404691964,34.2836595308036,0,I,187,7
58.8712428807015,72,37.7261404786259,21.1451024020756,1,C,188,7
102.309697337657,72,37.8140875557438,34.1859124442563,0,I,189,7
46.2376421868539,72,37.9993647476658,8.23827743918806,1,C,190,7
91.6905618993469,72,38.0621872376651,33.9378127623349,0,I,191,7
49.4947442903657,72,38.1476060394198,11.3471382509459,1,C,192,7
58.5052734934443,72,38.2298038294539,20.2754696639904,1,I,193,7
42.3492550097195,72,38.3427040837705,4.00655092594895,1,C,194,7
64.5568183133278,72,38.6222596932203,25.9345586201076,1,I,195,7
53.3716627475808,45.2922507374863,39.5717389276251,5.72051180986122,0,C,196,7
58.430527154278,72,39.8671434028074,18.5633837514706,1,I,197,7
53.2859208644904,72,39.9992152769119,13.2867055875785,1,C,198,7
60.2802804440699,72,40.2521211421117,20.0281593019582,1,I,199,7
90.4007053385636,72,40.4505727440119,31.5494272559881,0,C,200,7
53.2104943293057,72,40.5667769070715,12.6437174222342,1,I,201,7
217.199462923112,72,40.5821289354935,31.4178710645065,0,C,202,7
199.215966736604,72,40.6077439617366,31.3922560382634,0,I,203,7
131.520393011623,72,41.0228018369526,30.9771981630474,0,C,204,7
54.7185689955576,72,41.5081211971119,13.2104477984456,1,I,205,7
44.3137428146437,72,41.5350334206596,2.77870939398415,1,C,206,7
75.1553396451645,72,41.852261996828,30.147738003172,0,I,207,7
147.670981507062,72,41.8608456803486,30.1391543196514,0,C,208,7
237.74231604513,58.5228189673176,41.9750132504851,16.5478057168325,0,I,209,7
43.3722014520323,72,42.5629462581128,0.809255193919541,1,C,210,7
92.3527432449639,72,42.7698379056528,29.2301620943472,0,I,211,7
54.7255430301077,72,42.8594841482118,11.8660588818959,1,C,212,7
176.779204052105,72,42.9179791733623,29.0820208266377,0,I,213,7
73.3886554534346,72,42.9847776750103,29.0152223249897,0,C,214,7
51.4202016439961,72,42.98493870534,8.43526293865603,1,I,215,7
71.3286413368457,72,43.1596097303554,28.1690316064902,1,C,216,7
188.668212442646,72,43.6693296069279,28.3306703930721,0,I,217,7
118.353046482001,72,43.8081798842177,28.1918201157823,0,C,218,7
325.775918043246,72,43.8278967468068,28.1721032531932,0,I,219,7
55.925383152915,72,44.1153109911829,11.8100721617321,1,C,220,7
154.167261816306,72,44.1512647038326,27.8487352961674,0,I,221,7
54.320233172965,72,44.1615323256701,10.1587008472948,1,C,222,7
90.9271624446474,72,44.2539883637801,27.7460116362199,0,I,223,7
106.686342409943,72,44.295756672509,27.704243327491,0,C,224,7
77.7947449749674,72,44.4540745345876,27.5459254654124,0,I,225,7
119.693181557758,72,44.7372800298035,27.2627199701965,0,C,226,7
217.471422712489,72,45.8068388001993,26.1931611998007,0,I,227,7
60.3021408711114,72,46.2850920623168,14.0170488087946,1,C,228,7
341.870966787842,72,46.3675016490743,25.6324983509257,0,I,229,7
56.031180578918,72,46.4815578656271,9.54962271329085,1,C,230,7
239.143642891687,72,46.7040444491431,25.2959555508569,0,I,231,7
70.5113078332595,72,47.0510090980679,23.4602987351916,1,C,232,7
277.445440267484,72,47.1526094991714,24.8473905008286,0,I,233,7
117.459222482144,72,47.3992756102234,24.6007243897766,0,C,234,7
80.3357516110608,72,47.4844974512234,24.5155025487766,0,I,235,7
132.637273642611,72,47.7921452466399,24.2078547533602,0,C,236,7
265.928347332506,72,47.9477464221418,24.0522535778582,0,I,237,7
76.1870559575731,72,48.3440550835803,23.6559449164197,0,C,238,7
139.452620521448,72,48.6479471996427,23.3520528003573,0,I,239,7
150.90491561433,72,48.8793811993673,23.1206188006327,0,C,240,7
118.818712705915,72,49.1746109258384,22.8253890741617,0,I,241,7
59.7595587625599,72,49.2482104618102,10.5113483007496,1,C,242,7
150.827339105848,72,49.2587062809616,22.7412937190384,0,I,243,7
70.0934382999184,72,49.9594798777252,20.1339584221931,1,C,244,7
132.250977301632,72,50.0874147517607,21.9125852482393,0,I,245,7
141.824021905328,72,50.2065150300041,21.7934849699959,0,C,246,7
276.279896584922,72,50.2888293145225,21.7111706854776,0,I,247,7
122.460031436064,72,50.3647282859311,21.635271714069,0,C,248,7
134.277899516164,72,50.4394766595215,21.5605233404785,0,I,249,7
112.52181134522,72,50.8099018083885,21.1900981916115,0,C,250,7
409.539867768083,72,50.8951150299981,21.1048849700019,0,I,251,7
149.933476270515,72,51.4704623166472,20.5295376833528,0,C,252,7
141.34566570379,72,51.9785755779594,20.0214244220406,0,I,253,7
62.6657752825624,72,51.9891387736425,10.6766365089199,1,C,254,7
110.000363470019,72,52.057616757229,19.942383242771,0,I,255,7
306.657523449356,72,52.1424429444596,19.8575570555404,0,C,256,7
65.6741014246994,72,52.2259213915095,13.4481800331899,1,I,257,7
165.116234739234,72,52.2508056694642,19.7491943305358,0,C,258,7
107.353717303088,72,52.4615513999015,19.5384486000985,0,I,259,7
57.8888352253583,72,52.8411868074909,5.04764841786744,1,C,260,7
240.142531407698,72,52.9297681571916,19.0702318428084,0,I,261,7
72.3457801688387,72,53.2042038487271,18.795796151273,0,C,262,7
302.152936735519,72,53.6592128360644,18.3407871639356,0,I,263,7
137.502994778288,72,53.6852751206607,18.3147248793393,0,C,264,7
124.611318339473,72,53.6906962422654,18.3093037577346,0,I,265,7
125.851176213783,72,53.6955560976639,18.3044439023361,0,C,266,7
128.842334632026,72,53.8374293223023,18.1625706776977,0,I,267,7
143.168570035723,72,54.1801252355799,17.8198747644201,0,C,268,7
65.0452367217142,72,54.5005351491272,10.544701572587,1,I,269,7
102.68228919017,72,54.6913215424866,17.3086784575135,0,C,270,7
55.5738393001616,72,54.8135926108807,0.760246689280816,1,I,271,7
146.590832785592,72,55.1152222976089,16.8847777023912,0,C,272,7
184.756478770057,72,55.1847486197949,16.8152513802052,0,I,273,7
57.1565421110283,72,55.2577915275469,1.89875058348134,1,C,274,7
357.485535822193,72,55.3445823630318,16.6554176369682,0,I,275,7
100.494114918811,72,55.4869607370347,16.5130392629653,0,C,276,7
289.182037276578,72,55.5045302538201,16.4954697461799,0,I,277,7
83.6872115795683,72,55.6685725506395,16.3314274493605,0,C,278,7
241.808017088901,72,55.7401818735525,16.2598181264475,0,I,279,7
75.3061784347268,72,55.8594591356814,16.1405408643186,0,C,280,7
71.8855225770863,72,55.864137369208,16.0213852078783,1,I,281,7
181.43011454855,72,55.8863435313106,16.1136564686894,0,C,282,7
59.2802623410556,72,56.2509060837328,3.0293562573227,1,I,283,7
93.0360456261447,72,56.4999719895423,15.5000280104578,0,C,284,7
381.562586211646,72,56.7712803231552,15.2287196768448,0,I,285,7
100.789442615483,72,56.8696276796982,15.1303723203018,0,C,286,7
65.3072708274232,72,56.9421543739736,8.36511645344958,1,I,287,7
72.3334562587214,72,56.9520745100454,15.0479254899547,0,C,288,7
236.548895827181,72,57.0769970538095,14.9230029461905,0,I,289,7
148.137825745473,72,57.3068182636052,14.6931817363948,0,C,290,7
132.040453256857,72,57.3071557050571,14.6928442949429,0,I,291,7
93.6961782606741,72,57.9117949074134,14.0882050925866,0,C,292,7
66.7133486902226,72,58.1064476352185,8.60690105500407,1,I,293,7
58.2663805197593,72,58.25245751068,0.0139230090792966,1,C,294,7
210.055726210972,72,59.0332272509113,12.9667727490887,0,I,295,7
76.879003776036,72,59.0860160579905,12.9139839420095,0,C,296,7
64.0751698022522,72,59.1744835395366,4.90068626271562,1,I,297,7
141.590425134927,72,59.1797154257074,12.8202845742926,0,C,298,7
86.5998076031064,72,59.2952056322247,12.7047943677753,0,I,299,7
93.4823275627087,72,59.3675744952634,12.6324255047366,0,C,300,7
148.440081449185,72,59.46384139359,12.53615860641,0,I,301,7
195.749634387627,72,59.6280829701573,12.3719170298427,0,C,302,7
699.523325911356,72,59.6575795440003,12.3424204559997,0,I,303,7
71.2251872289175,72,59.6791678760201,11.5460193528974,1,C,304,7
104.193425839652,72,59.9035297427326,12.0964702572674,0,I,305,7
14.9167897336235,72,0.0652001425623894,14.8515895910611,1,I,1,8
143.645111465716,72,0.170230083167553,71.8297699168325,0,C,2,8
66.5371891257234,72,0.250248494558036,66.2869406311653,1,I,3,8
18.7623860300306,72,0.349753210321069,18.4126328197095,1,C,4,8
152.62087842062,72,0.625646403059363,71.3743535969406,0,I,5,8
48.2021532894354,72,0.698350025340915,47.5038032640944,1,C,6,8
93.1318614040415,72,0.718487589620054,71.28151241038,0,I,7,8
6.00826405605142,72,0.747366864234209,5.26089719181721,1,C,8,8
12.7700597318951,72,0.829622223973274,11.9404375079218,1,I,9,8
36.4439653767686,72,0.997031894512475,35.4469334822562,1,C,10,8
6.38499799859541,72,1.0398907866329,5.34510721196252,1,I,11,8
65.7828262239399,72,1.24379466287792,64.539031561062,1,C,12,8
12.4675318670677,72,1.34077459573746,11.1267572713303,1,I,13,8
51.3884381992412,72,1.41231127548963,49.9761269237516,1,C,14,8
516.281182803315,72,1.55149457976222,70.4485054202378,0,I,15,8
109.614796108517,72,1.61291258409619,70.3870874159038,0,C,16,8
167.132264213583,72,1.72734755091369,70.2726524490863,0,I,17,8
60.0915028179148,72,1.79833279922605,58.2931700186888,1,C,18,8
8.00430613520047,72,2.30122434441,5.70308179079047,1,I,19,8
68.1050392887091,72,2.30472545139492,65.8003138373142,1,C,20,8
18.8555604638728,72,3.10519056860358,15.7503698952692,1,I,21,8
26.9768260158618,72,3.1415884103626,23.8352376054992,1,C,22,8
45.0157582750283,72,3.27783630229533,41.737921972733,1,I,23,8
24.4499772080057,72,3.28727202024311,21.1627051877625,1,C,24,8
41.0368307309347,72,3.63907158840448,37.3977591425302,1,I,25,8
193.918802052956,72,3.85356006212533,68.1464399378747,0,C,26,8
32.4649680957792,72,4.21728115528822,28.247686940491,1,I,27,8
129.394036849469,72,4.50633033178747,67.4936696682125,0,C,28,8
327.936200101251,72,4.74199230317026,67.2580076968297,0,I,29,8
75.6778179518727,72,4.79696680326015,67.2030331967399,0,C,30,8
137.263614908307,72,4.81029503513128,67.1897049648687,0,I,31,8
230.091274570927,72,5.02585764974356,66.9741423502564,0,C,32,8
50.5234977099146,72,5.44719236902893,45.0763053408856,1,I,33,8
40.2107730167649,72,5.45272258110344,34.7580504356615,1,C,34,8
30.1156295052592,72,5.84265705663711,24.272972448622,1,I,35,8
10.3152943738938,72,5.90616694651544,4.40912742737841,1,C,36,8
48.1854806251775,72,5.95248098485172,42.2329996403258,1,I,37,8
133.569818968366,72,6.43566041719168,65.5643395828083,0,C,38,8
59.6830021267372,72,6.88288810662925,52.800114020108,1,I,39,8
52.5534208750223,72,7.15496967080981,45.3984512042125,1,C,40,8
447.870889741475,72,7.25788766518235,64.7421123348177,0,I,41,8
32.0695778604417,72,7.34087456949055,24.7287032909511,1,C,42,8
27.0004935862491,72,7.45767513290048,19.5428184533487,1,I,43,8
13.1201015064145,72,7.88214853964746,5.237952966767,1,C,44,8
244.722166057968,72,7.92394728865475,64.0760527113453,0,I,45,8
168.37702001245,61.8868418222207,8.43697807285935,53.4498637493614,0,C,46,8
21.9816996466444,72,8.61793524585664,13.3637644007877,1,I,47,8
27.2662183927683,72,8.67596672382206,18.5902516689462,1,C,48,8
225.526367818503,72,9.03132973238826,62.9686702676117,0,I,49,8
11.9175002663202,72,9.28060172125697,2.63689854506325,1,C,50,8
24.9019740754237,72,9.47212228551507,15.4298517899086,1,I,51,8
39.3231728703456,72,9.54343417659402,29.7797386937515,1,C,52,8
91.0320088988611,72,9.85909264069051,62.1409073593095,0,I,53,8
99.1482156758033,72,9.86066505778581,62.1393349422142,0,C,54,8
177.335431128767,72,9.91779886186123,62.0822011381388,0,I,55,8
50.0117653175396,72,10.1960257999599,39.8157395175797,1,C,56,8
92.6184212039072,72,10.2230833657086,61.7769166342914,0,I,57,8
30.3623206358399,72,10.3684677695856,19.9938528662544,1,C,58,8
10.5854013087458,72,10.4810265870765,0.104374721669343,1,I,59,8
132.735911945767,72,10.7549248309806,61.2450751690194,0,C,60,8
39.4625106539481,72,11.0605572955683,28.4019533583798,1,I,61,8
32.6539854961206,72,11.0639120684937,21.5900734276269,1,C,62,8
219.310231136739,72,11.5976064372808,60.4023935627192,0,I,63,8
259.438198775572,72,11.7461733939126,60.2538266060874,0,C,64,8
66.3773697102529,72,11.7828874988481,54.5944822114047,1,I,65,8
28.4457496528897,72,12.0973904896528,16.3483591632369,1,C,66,8
191.972726223245,72,12.1077703312039,59.8922296687961,0,I,67,8
39.6120205544888,72,12.3444182798266,27.2676022746622,1,C,68,8
179.212382543402,72,12.4227897450328,59.5772102549672,0,I,69,8
121.1067683911,72,12.5382380839437,59.4617619160563,0,C,70,8
83.6681961924352,72,12.5444294884801,59.4555705115199,0,I,71,8
29.6724419556164,21.7598807463588,12.8634154284373,8.8964653179215,0,C,72,8
45.1426530965333,72,12.8732632705942,32.2693898259391,1,I,73,8
40.7229506139996,72,12.903221170418,27.8197294435816,1,C,74,8
314.859486410131,72,12.9186950577423,59.0813049422577,0,I,75,8
38.1767369810803,72,13.1613224605098,25.0154145205705,1,C,76,8
314.745764179384,72,13.235191963613,58.764808036387,0,I,77,8
48.3788334126181,72,13.5036859195679,34.8751474930501,1,C,78,8
233.261544193935,72,13.6442617792636,58.3557382207364,0,I,79,8
45.5738176944478,72,13.7052077287808,31.868609965667,1,C,80,8
397.602170939276,72,13.7848744494841,58.215125550516,0,I,81,8
69.451593070666,72,13.81743861828,55.634154452386,1,C,82,8
36.6127629665696,57.5609838911421,13.8283976353705,22.7843653311991,1,I,83,8
52.178324589175,72,13.8456691615284,38.3326554276466,1,C,84,8
29.2066216607495,72,13.8717604614794,15.3348611992701,1,I,85,8
110.967464519698,72,14.2975688399747,57.7024311600253,0,C,86,8
74.0529072097069,72,14.57294809632,57.42705190368,0,I,87,8
77.5217302577423,72,14.9172671092674,57.0827328907326,0,C,88,8
89.0318468578221,72,15.1356397010386,56.8643602989614,0,I,89,8
41.0759949330077,72,15.306274490431,25.7697204425767,1,C,90,8
371.386906060903,72,15.5958757130429,56.4041242869571,0,I,91,8
20.7094918424317,72,15.6124209333211,5.09707090911062,1,C,92,8
34.8902297962741,72,15.8058895356953,19.0843402605788,1,I,93,8
36.1793845292194,72,16.1369959032163,20.0423886260031,1,C,94,8
57.9777688823339,72,16.2784521700814,41.6993167122525,1,I,95,8
17.0790714131796,72,16.3576898211613,0.721381592018274,1,C,96,8
344.734438247522,72,16.4027512958273,55.5972487041727,0,I,97,8
31.6300662026845,72,16.6343225352466,14.9957436674378,1,C,98,8
26.8368702323206,72,16.7435134761035,10.0933567562171,1,I,99,8
53.0111965931249,72,17.1574788400903,35.8537177530346,1,C,100,8
50.6695249294661,72,17.4093499174342,33.260175012032,1,I,101,8
39.519244722633,72,17.7116343565285,21.8076103661045,1,C,102,8
156.311543066695,72,17.717750268057,54.282249731943,0,I,103,8
26.7782789322128,72,18.0419761547819,8.73630277743095,1,C,104,8
29.7233162396306,72,18.1693020276725,11.5540142119581,1,I,105,8
51.0450777988134,72,18.2455646339804,32.799513164833,1,C,106,8
98.2412320296579,72,18.262086706236,53.737913293764,0,I,107,8
23.9430833840733,72,18.4721982479095,5.4708851361638,1,C,108,8
117.191944830112,72,18.5051396861672,53.4948603138328,0,I,109,8
117.654262829227,72,18.6467207316309,53.3532792683691,0,C,110,8
93.2553489600287,72,18.6618998274207,53.3381001725793,0,I,111,8
93.4080655314776,72,19.4452654849738,52.5547345150262,0,C,112,8
175.126144467372,72,19.8175988718867,52.1824011281133,0,I,113,8
42.07527673748,72,20.0742351589724,22.0010415785076,1,C,114,8
111.990217822692,72,20.4604298947379,51.5395701052621,0,I,115,8
228.811538434965,72,20.4898704076186,51.5101295923814,0,C,116,8
456.21409903596,72,20.6204700144008,51.3795299855992,0,I,117,8
20.9971099630243,72,20.7289037620649,0.268206200959455,1,C,118,8
23.1598030823913,72,20.7819776795805,2.37782540281082,1,I,119,8
68.8403370982601,72,21.2696673581377,47.5706697401224,1,C,120,8
269.75296597558,72,21.2874918663874,50.7125081336126,0,I,121,8
65.1716399494804,72,21.3083579856902,43.8632819637902,1,C,122,8
181.440261311624,72,21.3510782970116,50.6489217029885,0,I,123,8
26.4027162499015,72,21.3778334157541,5.0248828341474,1,C,124,8
242.998658997434,72,21.3987890118733,50.6012109881267,0,I,125,8
155.375312435394,72,21.4152098726481,50.5847901273519,0,C,126,8
27.1427362068876,72,21.5447927545756,5.59794345231197,1,I,127,8
38.0261153142245,72,21.5701385959983,16.4559767182262,1,C,128,8
143.626851744149,72,21.5836337814108,50.4163662185893,0,I,129,8
32.5323249487599,72,21.5948442416266,10.9374807071334,1,C,130,8
58.2395119292812,72,21.8463759915903,36.3931359376909,1,I,131,8
25.2604204223015,72,21.896375133656,3.36404528864552,1,C,132,8
81.3704880109747,72,21.9157130364329,50.0842869635671,0,I,133,8
28.7270378164892,72,22.0743054617196,6.65273235476961,1,C,134,8
46.7959380789891,72,22.1175407292321,24.678397349757,1,I,135,8
31.6147142976143,72,22.4767840281129,9.13793026950142,1,C,136,8
78.8874368291052,72,22.5075998157263,49.4924001842737,0,I,137,8
186.301936447301,72,22.5555839203298,49.4444160796702,0,C,138,8
66.9603433524991,72,22.6419979054481,44.318345447051,1,I,139,8
215.514745735104,72,22.8015472926199,49.1984527073801,0,C,140,8
63.40948522502,72,22.9777341708541,40.4317510541659,1,I,141,8
77.6872355221859,72,23.0062304623425,48.9937695376575,0,C,142,8
31.7867499652875,72,23.2114855153486,8.57526444993887,1,I,143,8
30.6453158560682,72,23.3053937042132,7.339922151855,1,C,144,8
82.4555677820129,72,23.4545202506706,48.5454797493294,0,I,145,8
83.0623805057266,72,23.6974660120904,48.3025339879096,0,C,146,8
47.0221145439336,72,23.7965289736167,23.2255855703169,1,I,147,8
50.7992653571367,72,24.0808527963236,26.7184125608131,1,C,148,8
282.487042212256,72,24.110166518949,47.889833481051,0,I,149,8
28.2372964560969,72,24.1225749906153,4.11472146548166,1,C,150,8
91.0135459020337,72,24.2395567428321,47.7604432571679,0,I,151,8
49.8892655586266,72,24.8515081498772,25.0377574087494,1,C,152,8
198.98592280169,72,25.0069400249049,46.9930599750951,0,I,153,8
44.502321149088,72,25.3820484643802,19.1202726847078,1,C,154,8
55.23929435662,72,25.4292671754956,29.8100271811243,1,I,155,8
102.680054463423,72,25.4988307831809,46.5011692168191,0,C,156,8
70.4807074064808,72,25.6856615887955,44.7950458176853,1,I,157,8
107.361858874696,72,25.7845497317612,46.2154502682388,0,C,158,8
107.122055235648,72,25.9193079220131,46.0806920779869,0,I,159,8
94.0242975330067,72,26.1179167963564,45.8820832036436,0,C,160,8
56.5054909477787,72,26.491596987471,30.0138939603077,1,I,161,8
27.8229847496009,72,26.9891226338223,0.833862115778661,1,C,162,8
76.3386850338372,72,27.103409813717,44.896590186283,0,I,163,8
53.8789193953366,72,27.2666335478425,26.6122858474941,1,C,164,8
125.159432658789,72,27.6747983554378,44.3252016445622,0,I,165,8
63.4201539538808,72,27.713653058745,35.7065008951358,1,C,166,8
139.993046223737,72,27.7514759358019,44.2485240641981,0,I,167,8
43.7953069862419,72,28.5354754189029,15.259831567339,1,C,168,8
145.183855499276,72,28.8182673091069,43.1817326908931,0,I,169,8
91.192426960703,72,29.0235851844773,42.9764148155227,0,C,170,8
70.1142373276816,72,29.0771354176104,41.0371019100712,1,I,171,8
110.746363746602,51.0718425864648,29.1811459651217,21.8906966213431,0,C,172,8
51.4469572048926,72,29.7468873532489,21.7000698516437,1,I,173,8
44.9412253142088,72,29.880853202194,15.0603721120148,1,C,174,8
146.156764942759,72,29.9807969061658,42.0192030938342,0,I,175,8
76.2134889424828,72,30.2654054760933,41.7345945239067,0,C,176,8
161.191573010938,72,30.9237186145037,41.0762813854963,0,I,177,8
111.506819913016,72,31.4227693481371,40.5772306518629,0,C,178,8
53.6968921185255,72,31.5214757155627,22.1754164029628,1,I,179,8
53.3141484229845,72,31.5976206678897,21.7165277550948,1,C,180,8
176.964890414182,72,31.6114077530801,40.3885922469199,0,I,181,8
199.66107581294,72,31.8039321759716,40.1960678240284,0,C,182,8
50.893993913527,72,32.4222564417869,18.4717374717401,1,I,183,8
269.486833776103,72,32.6083816029131,39.3916183970869,0,C,184,8
227.599109182171,72,32.7556336764246,39.2443663235754,0,I,185,8
151.820840706377,67.3288480979002,33.3081917557865,34.0206563421136,0,C,186,8
319.704812954791,72,33.3894032612443,38.6105967387557,0,I,187,8
115.471759041135,72,33.4177451161668,38.5822548838332,0,C,188,8
55.8697244550103,72,33.4686133917421,22.4011110632682,1,I,189,8
63.758714468196,37.5821520858601,33.4739379398525,4.10821414600757,0,C,190,8
209.690814337185,72,33.7933785840869,38.2066214159131,0,I,191,8
54.47321629947,72,33.8219950441271,20.6512212553429,1,C,192,8
46.2847866122491,72,33.9766363659874,12.3081502462618,1,I,193,8
35.4808646349332,72,33.9861724292859,1.49469220564723,1,C,194,8
103.54967209971,72,34.0617845160887,37.9382154839113,0,I,195,8
82.8906831426338,72,34.2694319458678,37.7305680541322,0,C,196,8
244.023628114872,72,34.5406711148098,37.4593288851902,0,I,197,8
159.856297550957,72,34.6468549780548,37.3531450219452,0,C,198,8
87.7851833930652,72,34.9146130168811,37.085386983119,0,I,199,8
37.6509089440074,72,35.1312675978988,2.51964134610859,1,C,200,8
73.6712128653442,72,35.2549349097535,36.7450650902465,0,I,201,8
191.397948586622,72,35.3373056743294,36.6626943256706,0,C,202,8
120.371556164839,72,35.3825042909011,36.6174957090989,0,I,203,8
122.620513196019,72,35.4085178067908,36.5914821932092,0,C,204,8
91.0671252410067,72,35.6744048092514,36.3255951907486,0,I,205,8
118.287791093263,72,35.6946311937645,36.3053688062355,0,C,206,8
135.738151884238,72,35.8700083801523,36.1299916198477,0,I,207,8
65.3029701485348,72,35.9822477353737,29.3207224131612,1,C,208,8
382.418365804311,72,36.5160291222855,35.4839708777145,0,I,209,8
187.399424955666,72,36.5376533288509,35.4623466711491,0,C,210,8
80.3991503009135,72,36.7126133898273,35.2873866101727,0,I,211,8
130.284389797176,72,36.7804305721074,35.2195694278926,0,C,212,8
79.2388808809302,72,36.9115585042164,35.0884414957836,0,I,213,8
55.3623898363052,72,37.2945037158206,18.0678861204846,1,C,214,8
166.246101795353,72,37.902137953788,34.097862046212,0,I,215,8
53.5535884156601,72,38.086317605339,15.4672708103211,1,C,216,8
92.6359630692063,72,38.189254947938,33.810745052062,0,I,217,8
101.973696233097,72,38.3291465230286,33.6708534769714,0,C,218,8
153.073955032387,72,38.4561450686306,33.5438549313694,0,I,219,8
64.9034621209792,72,38.5071062296629,26.3963558913163,1,C,220,8
78.4313840616757,72,38.9737965445966,33.0262034554035,0,I,221,8
123.993617321073,72,39.3273093318567,32.6726906681433,0,C,222,8
114.455047746288,72,39.3740000249818,32.6259999750182,0,I,223,8
114.105350308712,72,39.8730072565377,32.1269927434623,0,C,224,8
320.216630821842,72,40.009407713078,31.990592286922,0,I,225,8
94.62922459389,72,40.0719139678404,31.9280860321596,0,C,226,8
51.2219886112832,72,41.1145362211391,10.1074523901441,1,I,227,8
142.215654124179,72,41.2066805362701,30.7933194637299,0,C,228,8
52.4357112878076,72,41.5045915497467,10.9311197380609,1,I,229,8
49.9917205527667,72,41.5612265747041,8.43049397806263,1,C,230,8
110.83891122587,72,41.6049495292828,30.3950504707173,0,I,231,8
117.535597973777,72,41.7267864290625,30.2732135709375,0,C,232,8
47.5381155701997,72,41.8917637132108,5.64635185698888,1,I,233,8
56.5191142633563,72,41.9077136646956,14.6114005986606,1,C,234,8
65.7907654022952,72,42.4219814362004,23.3687839660948,1,I,235,8
137.119531040562,72,42.5730136921629,29.4269863078371,0,C,236,8
72.1306032836536,72,42.6626391196623,29.3373608803377,0,I,237,8
47.596740608634,72,42.7939562033862,4.80278440524782,1,C,238,8
137.544431455182,72,42.8136208327487,29.1863791672513,0,I,239,8
100.997135208704,72,42.8153863549233,29.1846136450768,0,C,240,8
76.5730970153006,72,42.9578799800947,29.0421200199053,0,I,241,8
91.2917585963491,72,43.1536025181413,28.8463974818587,0,C,242,8
59.0608486144397,69.8513452679386,43.7494458910078,15.3114027234319,1,I,243,8
112.828128295766,72,44.0188769018278,27.9811230981723,0,C,244,8
489.32864925504,72,44.1343579581007,27.8656420418993,0,I,245,8
51.7833740739172,72,44.5643403707072,7.21903370320996,1,C,246,8
665.573602613098,72,44.7882091579959,27.2117908420041,0,I,247,8
84.1055438279966,72,44.8967134812847,27.1032865187153,0,C,248,8
230.339793146841,72,44.9081482971087,27.0918517028913,0,I,249,8
55.4629195560344,72,44.9813378183171,10.4815817377173,1,C,250,8
161.960552742694,72,45.0867411307991,26.9132588692009,0,I,251,8
55.3872560613889,72,45.135086090304,10.2521699710849,1,C,252,8
103.663714177217,72,45.8292627241463,26.1707372758538,0,I,253,8
99.2668853068523,72,45.8797608688474,26.1202391311526,0,C,254,8
54.2936148970293,72,45.9802783979103,8.31333649911904,1,I,255,8
70.6174373227905,72,46.3085600081831,24.3088773146074,1,C,256,8
114.122640217285,72,46.7031364515424,25.2968635484576,0,I,257,8
58.163321837799,72,46.8913482455537,11.2719735922453,1,C,258,8
253.909654059247,72,47.2221288923174,24.7778711076826,0,I,259,8
173.28956788701,72,47.4712296249345,24.5287703750655,0,C,260,8
88.3745238292955,72,47.888953126967,24.1110468730331,0,I,261,8
75.1439867104174,72,48.2086658896878,23.7913341103122,0,C,262,8
190.917322502296,72,48.4094755304977,23.5905244695023,0,I,263,8
53.2392634599073,72,48.5060613183305,4.73320214157687,1,C,264,8
156.476291941648,72,48.6867621587589,23.3132378412411,0,I,265,8
135.56111887557,72,49.1096107056364,22.8903892943636,0,C,266,8
76.8295865547055,72,49.222315675579,22.777684324421,0,I,267,8
64.7306252143359,72,49.4035733677447,15.3270518465912,1,C,268,8
94.645337251602,72,49.476546314545,22.523453685455,0,I,269,8
173.594607777978,72,49.5511978212744,22.4488021787256,0,C,270,8
333.287679012859,72,49.6559806633741,22.3440193366259,0,I,271,8
176.343901101161,72,49.6741467202082,22.3258532797918,0,C,272,8
125.640296185694,72,49.8199015203863,22.1800984796137,0,I,273,8
66.6706102130134,72,50.1437507383525,16.5268594746608,1,C,274,8
190.05014604745,72,50.3513125190511,21.6486874809489,0,I,275,8
59.1495031975021,72,50.3947837650776,8.75471943242447,1,C,276,8
84.8970008589874,72,50.4373088339344,21.5626911660656,0,I,277,8
132.441600610824,72,50.5119944550097,21.4880055449903,0,C,278,8
128.460777487833,72,50.5614088615403,21.4385911384597,0,I,279,8
57.8311452709556,72,50.564324632287,7.26682063866852,1,C,280,8
69.1133455966686,72,50.8839418273419,18.2294037693267,1,I,281,8
133.965565272366,72,51.232734080404,20.767265919596,0,C,282,8
227.469048559597,72,51.3354210695252,20.6645789304748,0,I,283,8
52.3811962186495,72,51.6145166940987,0.766679524550834,1,C,284,8
238.250933332906,72,51.6478364635259,20.3521635364741,0,I,285,8
78.2435549726252,72,51.8413535831496,20.1586464168504,0,C,286,8
156.661969361517,72,52.2407032130286,19.7592967869714,0,I,287,8
148.896748208859,72,52.3170720320195,19.6829279679805,0,C,288,8
54.3141363363958,72,52.4145067948848,1.89962954151097,1,I,289,8
142.160245536181,72,52.5394773809239,19.4605226190761,0,C,290,8
127.651995278662,72,52.7432864159346,19.2567135840654,0,I,291,8
75.7701001684934,72,53.4534280188382,18.5465719811618,0,C,292,8
67.6142381316821,72,53.5437132278457,14.0705249038364,1,I,293,8
55.1744762653039,72,53.5841733589768,1.59030290632703,1,C,294,8
227.879938617664,72,53.6430341424421,18.356965857558,0,I,295,8
188.476716777031,72,53.8374526938424,18.1625473061577,0,C,296,8
187.410910238045,72,53.9805967686698,18.0194032313302,0,I,297,8
57.8503751232466,72,54.0904007060453,3.75997441720131,1,C,298,8
141.666594334974,72,54.3671503197402,17.6328496802598,0,I,299,8
77.2284949621815,72,54.666993864812,17.333006135188,0,C,300,8
74.7943966973787,72,54.6695867506787,17.3304132493213,0,I,301,8
56.2081351048911,72,54.8026204202324,1.4055146846587,1,C,302,8
238.432897082661,72,54.8941791476682,17.1058208523318,0,I,303,8
106.067113882677,72,55.0799852935597,16.9200147064403,0,C,304,8
76.3504385225174,72,55.0823101820424,16.9176898179576,0,I,305,8
75.3861865369522,72,55.3132999548689,16.6867000451311,0,C,306,8
262.023617367098,72,55.6261599669233,16.3738400330767,0,I,307,8
96.8723186761721,72,55.784459291026,16.215540708974,0,C,308,8
144.970785088774,72,55.8445349335671,16.155465066433,0,I,309,8
118.465441963112,72,55.9997934568673,16.0002065431327,0,C,310,8
173.934661878869,71.5766911988017,56.1193410214037,15.457350177398,0,I,311,8
74.5522596515523,72,56.4301490178332,15.5698509821668,0,C,312,8
281.844729107398,72,56.4959812397137,15.5040187602863,0,I,313,8
100.536668483408,72,56.5986134670675,15.4013865329325,0,C,314,8
84.8111301790935,72,56.6550171095878,15.3449828904122,0,I,315,8
181.389560991073,72,56.7145974794403,15.2854025205597,0,C,316,8
309.042388625902,72,57.1841265633702,14.8158734366298,0,I,317,8
63.043387934407,72,57.3358270945028,5.70756083990428,1,C,318,8
102.376680918173,72,57.6513936929405,14.3486063070595,0,I,319,8
76.7042624716182,72,58.0131368804723,13.9868631195277,0,C,320,8
101.732547809012,72,58.1900297664106,13.8099702335894,0,I,321,8
126.06610802838,72,58.943388001062,13.056611998938,0,C,322,8
114.768292605915,72,59.0159209817648,12.9840790182352,0,I,323,8
68.7527226180347,72,59.1742072580382,9.57851535999644,1,C,324,8
383.531401234547,72,59.2220860999078,12.7779139000922,0,I,325,8
60.3661499218155,72,59.3027877202258,1.06336220158976,1,C,326,8
199.507117238755,72,59.490295574069,12.509704425931,0,I,327,8
128.533050799284,72,59.6060399618,12.3939600382,0,C,328,8
323.409724902453,72,59.6644443785772,12.3355556214228,0,I,329,8
89.6640124834188,72,59.7739764070138,12.2260235929862,0,C,330,8
548.713739407392,72,59.9546795664355,12.0453204335645,0,I,331,8
238.265743357064,72,0.0332840764895082,71.9667159235105,0,I,1,9
10.3904831733854,72,0.368781248107553,10.0217019252778,1,C,2,9
113.523774409858,72,0.467149293981493,71.5328507060185,0,I,3,9
230.248308149194,72,0.799460797570646,71.2005392024294,0,C,4,9
18.7750966636832,72,0.956971384584904,17.8181252790983,1,I,5,9
45.2429567791973,72,1.20459688827395,44.0383598909234,1,C,6,9
185.486548986305,72,1.55673057306558,70.4432694269344,0,I,7,9
5.89085930342455,28.6702186228184,1.95193138439208,3.93892791903247,1,C,8,9
115.55834687724,72,1.95395386777818,70.0460461322218,0,I,9,9
80.7117531079524,72,2.30206073261797,69.697939267382,0,C,10,9
15.3044043144263,72,2.61066789273173,12.6937364216946,1,I,11,9
18.5536946378505,72,2.62671595439315,15.9269786834573,1,C,12,9
86.5110023937292,72,2.75767975486815,69.2423202451319,0,I,13,9
39.5823525996801,72,2.81144738662988,36.7709052130502,1,C,14,9
145.945716509636,72,3.02541790064424,68.9745820993558,0,I,15,9
89.2481466957156,72,3.44194689765573,68.5580531023443,0,C,16,9
599.717747070558,72,3.50263244938105,68.497367550619,0,I,17,9
76.5268745593928,72,3.50935655180365,68.4906434481964,0,C,18,9
65.6227247533732,72,3.73789429664612,61.8848304567271,1,I,19,9
117.515371508431,35.4092373727435,3.76265287399292,31.6465844987505,0,C,20,9
227.564328171503,72,4.16575857438147,67.8342414256185,0,I,21,9
70.2826698115149,72,4.806944495067,65.4757253164479,1,C,22,9
43.5174699342664,72,4.8873804230243,38.6300895112421,1,I,23,9
135.388753163239,72,5.53771992679685,66.4622800732032,0,C,24,9
201.378320589127,72,5.75887698680162,66.2411230131984,0,I,25,9
22.0165136619217,72,5.8015162171796,16.2149974447421,1,C,26,9
8.28077016248831,72,5.98888092208654,2.29188924040177,1,I,27,9
70.6204455238074,72,6.16599182132632,64.4544537024811,1,C,28,9
99.2867987590586,72,6.30702787544578,65.6929721245542,0,I,29,9
103.970755912675,72,6.46122795995325,65.5387720400468,0,C,30,9
12.9412532121445,72,6.75034433137626,6.19090888076829,1,I,31,9
13.9043906037099,72,7.23357433453202,6.67081626917789,1,C,32,9
331.336684946738,72,7.96972341835499,64.030276581645,0,I,33,9
44.9423458920481,72,8.05110794026405,36.891237951784,1,C,34,9
34.6157622400599,72,8.20910895243287,26.406653287627,1,I,35,9
17.8538606081583,72,8.45529585611075,9.39856475204756,1,C,36,9
27.0240951709914,72,8.51745532359928,18.5066398473921,1,I,37,9
29.8223522083865,72,8.90300361905247,20.919348589334,1,C,38,9
173.487293192872,72,9.3282100232318,62.6717899767682,0,I,39,9
11.3863857061749,72,9.33315495494753,2.0532307512274,1,C,40,9
59.0873340789402,72,9.66326366644353,49.4240704124967,1,I,41,9
196.481376805408,72,10.5648837564513,61.4351162435487,0,C,42,9
111.862091914433,72,10.8277032058686,61.1722967941314,0,I,43,9
100.781367674534,72,10.9889500401914,61.0110499598086,0,C,44,9
88.2351970463109,72,11.4782719407231,60.5217280592769,0,I,45,9
128.454375629416,72,11.9975365698338,60.0024634301663,0,C,46,9
39.1053831959762,72,12.0313538750634,27.0740293209128,1,I,47,9
24.8359473080945,72,12.0470786048099,12.7888687032846,1,C,48,9
148.664905660089,72,12.1516660787165,59.8483339212835,0,I,49,9
158.96686837288,72,12.1593642421067,59.8406357578933,0,C,50,9
30.0897941759388,72,12.353097461164,17.7366967147748,1,I,51,9
16.8793427174043,72,12.7767539117485,4.10258880565573,1,C,52,9
179.879534551423,72,13.1676857778803,58.8323142221198,0,I,53,9
29.8299649772971,72,13.3554313424975,16.4745336347996,1,C,54,9
28.7671771303299,72,13.384230080992,15.3829470493379,1,I,55,9
47.8884794198841,72,13.573846151121,34.3146332687631,1,C,56,9
39.5212099317677,72,13.7288033170626,25.7924066147052,1,I,57,9
56.1501185755651,72,13.801822043024,42.3482965325411,1,C,58,9
40.8317319779968,72,13.8475519046187,26.9841800733781,1,I,59,9
44.8513502211788,72,13.9613993559033,30.8899508652756,1,C,60,9
27.2605706533773,72,14.4104361534119,12.8501344999654,1,I,61,9
19.9958805178955,72,14.4743221672252,5.52155835067036,1,C,62,9
117.520753213796,72,14.8319981060922,57.1680018939078,0,I,63,9
74.4449300305,72,15.4464708874002,56.5535291125998,0,C,64,9
200.77226279567,72,15.4975370038301,56.5024629961699,0,I,65,9
89.6464258881755,72,15.7591350004077,56.2408649995923,0,C,66,9
63.8424854216997,72,15.8211933402345,48.0212920814652,1,I,67,9
30.4745611730495,72,15.8510168502107,14.6235443228388,1,C,68,9
351.217934046676,72,16.9079181505367,55.0920818494633,0,I,69,9
50.9978659297098,72,17.1273604407907,33.8705054889191,1,C,70,9
61.9806303175717,72,17.1310500008985,44.8495803166731,1,I,71,9
50.7390458800539,72,17.5267394771799,33.2123064028739,1,C,72,9
53.9550687005819,72,17.6110000815243,36.3440686190577,1,I,73,9
58.5783235003309,72,17.6867354800925,40.8915880202384,1,C,74,9
20.6547834510157,72,17.8274047421291,2.82737870888654,1,I,75,9
46.552547200532,36.9300209149197,17.8946498176083,19.0353710973114,0,C,76,9
158.195042117242,72,18.0415957001969,53.9584042998031,0,I,77,9
25.2043147030945,72,18.1232711579651,7.08104354512945,1,C,78,9
325.924151092803,72,18.3484315965325,53.6515684034675,0,I,79,9
136.558418895512,72,18.4384418232366,53.5615581767634,0,C,80,9
82.9660630058156,72,18.5018653655425,53.4981346344575,0,I,81,9
63.9932801713327,72,19.2631071433425,44.7301730279902,1,C,82,9
49.6344040101971,72,19.4239772390574,30.2104267711397,1,I,83,9
56.1138176390695,72,19.4479866139591,36.6658310251104,1,C,84,9
182.175676599824,72,19.6324374480173,52.3675625519827,0,I,85,9
315.891775276243,36.2913381705611,19.8841904243454,16.4071477462157,0,C,86,9
220.22296978441,72,20.1555307209492,51.8444692790508,0,I,87,9
62.529159816218,72,20.6843906454742,41.8447691707438,1,C,88,9
33.0452372856551,72,20.7298629870638,12.3153742985913,1,I,89,9
24.7829616174332,72,21.1418026685715,3.64115894886173,1,C,90,9
202.957795245956,72,21.2576502515003,50.7423497484997,0,I,91,9
72.8009178663587,72,21.5856014192104,50.4143985807896,0,C,92,9
34.9008265192921,72,21.6850060829893,13.2158204363028,1,I,93,9
43.2894434891395,72,21.6896739928052,21.5997694963344,1,C,94,9
263.373400749056,72,21.8496957421303,50.1503042578697,0,I,95,9
22.9472726515476,72,21.8778121238574,1.06946052769016,1,C,96,9
83.9283762243393,72,21.931805354543,50.068194645457,0,I,97,9
67.1267649973775,72,22.5738696567714,44.5528953406061,1,C,98,9
66.8451475812191,72,22.63184286654,44.2133047146791,1,I,99,9
41.5984580087585,72,22.6490622572601,18.9493957514984,1,C,100,9
201.066428802096,72,22.9762027831748,49.0237972168252,0,I,101,9
82.0904241043582,72,23.3159338776022,48.6840661223978,0,C,102,9
382.954898199373,72,23.3636629907414,48.6363370092586,0,I,103,9
142.347888250093,72,23.7840423407033,48.2159576592967,0,C,104,9
144.534512055459,72,23.8905487535521,48.1094512464479,0,I,105,9
27.0592715618138,72,23.9442626573145,3.11500890449926,1,C,106,9
58.5803200490432,72,24.0161432046443,34.5641768443988,1,I,107,9
47.1092085876793,55.686030619766,24.2076623160392,22.9015462716401,1,C,108,9
45.4971732715841,72,24.5393255492672,20.9578477223169,1,I,109,9
125.769245226137,72,24.9458712106571,47.0541287893429,0,C,110,9
55.5354260612424,72,24.9487655097619,30.5866605514805,1,I,111,9
51.7626945186638,72,24.9821159709245,26.7805785477393,1,C,112,9
53.5256188525149,72,25.0068419007584,28.5187769517565,1,I,113,9
70.7641866201728,72,25.1057106535882,45.6584759665846,1,C,114,9
49.6787928617237,72,25.2324927365407,24.4463001251829,1,I,115,9
46.8394043562029,72,25.7058238517493,21.1335805044536,1,C,116,9
211.696133821833,72,25.9442091593519,46.0557908406481,0,I,117,9
71.0604757871324,72,26.0466512711719,45.0138245159606,1,C,118,9
83.4054476251607,72,26.0852071316913,45.9147928683087,0,I,119,9
71.1441496161285,72,26.0914551001042,45.0526945160242,1,C,120,9
167.324181052781,72,26.6678876476362,45.3321123523638,0,I,121,9
232.527600108426,72,26.7897203145549,45.2102796854451,0,C,122,9
170.775291582824,72,26.8044545687735,45.1955454312265,0,I,123,9
49.1865575409808,72,27.964013046585,21.2225444943958,1,C,124,9
44.0643800224611,72,28.0303385574371,16.034041465024,1,I,125,9
142.857261967991,72,28.1030330434442,43.8969669565558,0,C,126,9
216.002570195237,36.4980993233549,28.1581138540059,8.33998546934895,0,I,127,9
44.5927384863377,72,28.2254334166646,16.3673050696731,1,C,128,9
369.771864513971,72,28.3146781520918,43.6853218479082,0,I,129,9
95.9591832865249,72,28.3252188563347,43.6747811436653,0,C,130,9
32.6003465420139,50.2860083285333,28.3911774074659,4.20916913454805,1,I,131,9
77.3319651322551,72,28.4106747061014,43.5893252938986,0,C,132,9
225.641081924655,72,28.6733093205839,43.3266906794161,0,I,133,9
131.49981557955,72,29.0541792986915,42.9458207013086,0,C,134,9
64.5047874588202,72,29.3464545719326,35.1583328868876,1,I,135,9
234.343422001176,72,30.0750244176015,41.9249755823985,0,C,136,9
53.3536782541761,72,30.1230610068887,23.2306172472873,1,I,137,9
84.7914531182675,72,30.6824940210208,41.3175059789792,0,C,138,9
31.5118575396251,72,30.6932712625712,0.818586277053834,1,I,139,9
162.182406667524,72,30.7697264989838,41.2302735010162,0,C,140,9
163.640331186955,72,31.1892810277641,40.8107189722359,0,I,141,9
82.359906251868,72,31.2993577960879,40.7006422039121,0,C,142,9
144.038194065465,72,31.8047273531556,40.1952726468444,0,I,143,9
33.7700060470786,72,32.2846072493121,1.48539879776652,1,C,144,9
56.5783018086351,72,32.4289492238313,24.1493525848038,1,I,145,9
143.489500968338,72,32.9438732005656,39.0561267994344,0,C,146,9
82.4207256117207,72,33.3322558645159,38.6677441354841,0,I,147,9
173.500050768662,72,33.3352807117626,38.6647192882374,0,C,148,9
90.1964385815765,72,33.338377433829,38.661622566171,0,I,149,9
115.412869821052,72,33.3451669989154,38.6548330010846,0,C,150,9
228.496287461781,72,33.463487662375,38.536512337625,0,I,151,9
35.2342803909025,72,33.5274330060929,1.70684738480955,1,C,152,9
75.5653225743828,72,33.7470085825771,38.2529914174229,0,I,153,9
57.1877370210015,72,33.8332951348275,23.354441886174,1,C,154,9
159.658441612879,72,33.8692932855338,38.1307067144662,0,I,155,9
62.6440143094285,72,34.5585491554812,28.0854651539474,1,C,156,9
115.847756653089,72,34.7082210564986,37.2917789435014,0,I,157,9
65.2069142627157,72,34.7910663764924,30.4158478862233,1,C,158,9
206.433227838484,72,34.9529775744304,37.0470224255696,0,I,159,9
35.906165848202,72,35.0185771845281,0.887588663673897,1,C,160,9
68.8122388011728,72,35.0577400904149,33.7544987107579,1,I,161,9
165.824764436627,72,35.2624511299655,36.7375488700345,0,C,162,9
120.624678490749,72,35.4758671950549,36.5241328049451,0,I,163,9
88.0904217755804,72,35.6645623175427,36.3354376824573,0,C,164,9
481.94439125548,72,35.6921639945358,36.3078360054642,0,I,165,9
187.655219290305,72,35.790981031023,36.209018968977,0,C,166,9
66.3228777562587,72,35.8629385381937,30.459939218065,1,I,167,9
48.8449178687387,72,35.8979245601222,12.9469933086165,1,C,168,9
90.3585047871793,72,35.8979426790029,36.1020573209971,0,I,169,9
42.4936062430806,72,36.0416537895799,6.45195245350077,1,C,170,9
340.545761500115,72,36.1472551105544,35.8527448894456,0,I,171,9
115.948764496285,72,36.2001617113128,35.7998382886872,0,C,172,9
181.862837665401,72,36.4412414235994,35.5587585764006,0,I,173,9
221.689010465581,72,36.4735610643402,35.5264389356598,0,C,174,9
55.7870529747571,72,36.5040737204254,19.2829792543318,1,I,175,9
114.768993959616,72,36.5350613091141,35.4649386908859,0,C,176,9
172.802213190017,72,36.7107078200206,35.2892921799794,0,I,177,9
69.9036340109233,72,36.8545683240518,33.0490656868715,1,C,178,9
88.0288583246834,72,36.8809342291206,35.1190657708794,0,I,179,9
116.872007797889,72,36.9270585710183,35.0729414289817,0,C,180,9
49.2915187878224,48.1581712756497,37.0235307700932,11.1346405055565,0,I,181,9
96.5283078547648,72,37.2480397671461,34.7519602328539,0,C,182,9
154.435197484358,72,37.88613460958,34.11386539042,0,I,183,9
121.26793671275,72,37.8946352144703,34.1053647855297,0,C,184,9
66.5552876165435,72,38.0351797956973,28.5201078208462,1,I,185,9
134.745077613287,72,38.1700913328677,33.8299086671323,0,C,186,9
133.921238692944,72,38.3001776458696,33.6998223541305,0,I,187,9
121.365603848254,72,38.4014001209289,33.5985998790711,0,C,188,9
186.168561871836,72,38.5760144283995,33.4239855716005,0,I,189,9
118.568427844926,72,38.6608164198697,33.3391835801303,0,C,190,9
174.758940943843,72,39.0550532564521,32.9449467435479,0,I,191,9
65.2266918255687,72,39.1116710985079,26.1150207270608,1,C,192,9
164.954360421768,72,39.1727223526686,32.8272776473314,0,I,193,9
121.85221958442,72,39.1947831446305,32.8052168553695,0,C,194,9
62.8539503807053,72,39.5287330588326,23.3252173218727,1,I,195,9
69.8645446772112,72,39.7921192646027,30.0724254126085,1,C,196,9
112.051099610794,72,39.9332963163033,32.0667036836967,0,I,197,9
44.7598657112377,72,39.9620206933469,4.79784501789081,1,C,198,9
146.031459207705,72,40.1146694133058,31.8853305866942,0,I,199,9
221.144902093557,72,40.5243560113013,31.4756439886987,0,C,200,9
162.736761620004,72,41.0060523217544,30.9939476782456,0,I,201,9
62.3683454525453,72,41.4426929689944,20.925652483551,1,C,202,9
138.239675509288,72,41.5319198090583,30.4680801909417,0,I,203,9
46.3223914775717,72,41.7112212628126,4.61117021475906,1,C,204,9
44.5063188658066,72,42.0196843938902,2.48663447191638,1,I,205,9
67.3864113010765,72,42.5612238328904,24.8251874681861,1,C,206,9
163.714997654284,72,43.0455113388598,28.9544886611402,0,I,207,9
101.988836776252,72,43.2056134706363,28.7943865293637,0,C,208,9
99.1666492389329,72,43.3198066754267,28.6801933245733,0,I,209,9
161.075065390234,72,43.479336546734,28.520663453266,0,C,210,9
342.667251644087,72,43.5527848592028,28.4472151407972,0,I,211,9
135.416708951357,72,43.6085745831952,28.3914254168049,0,C,212,9
322.804783061345,72,43.6562056560069,28.3437943439931,0,I,213,9
274.264126975484,72,43.8612434500828,28.1387565499172,0,C,214,9
207.546127000218,72,44.0714483521879,27.9285516478121,0,I,215,9
57.1349696775322,72,44.2573649156839,12.8776047618483,1,C,216,9
52.3834603331161,72,44.3932871427387,7.99017319037741,1,I,217,9
115.96619443981,72,44.5032342290506,27.4967657709494,0,C,218,9
99.7138995149494,72,45.2733933879063,26.7266066120938,0,I,219,9
114.426960988713,51.6793359235983,45.9198212251067,5.75951469849159,0,C,220,9
55.6585244931747,72,46.0172727517784,9.64125174139634,1,I,221,9
378.419478521497,72,46.3562491396442,25.6437508603558,0,C,222,9
140.790691073942,72,46.3712345715612,25.6287654284388,0,I,223,9
243.886347833247,72,46.5288171451539,25.4711828548461,0,C,224,9
56.0600116178575,72,46.7276399116963,9.33237170616118,1,I,225,9
104.168970357725,72,46.7860144469887,25.2139855530113,0,C,226,9
78.9852259102191,72,46.8140907213092,25.1859092786908,0,I,227,9
183.067963974528,72,46.8297239625827,25.1702760374174,0,C,228,9
101.582189012394,72,46.8607951048762,25.1392048951238,0,I,229,9
69.0096810857895,72,46.9745247345418,22.0351563512477,1,C,230,9
179.420317754483,72,47.1797516522929,24.8202483477071,0,I,231,9
111.972905350403,72,48.0000925948843,23.9999074051157,0,C,232,9
281.023131508154,72,48.203755938448,23.796244061552,0,I,233,9
160.422706213485,72,48.4193111211062,23.5806888788939,0,C,234,9
98.5240239105416,72,48.4238947648555,23.5761052351445,0,I,235,9
53.6497161833862,72,48.4989214455709,5.15079473781527,1,C,236,9
353.111862215927,72,48.7734712008387,23.2265287991613,0,I,237,9
86.0788780227343,72,48.7914049671963,23.2085950328037,0,C,238,9
59.0065404589719,72,49.3204790074378,9.68606145153406,1,I,239,9
52.1712720797298,72,49.3680305080488,2.803241571681,1,C,240,9
75.0846143041586,54.8692209950449,49.4311577500776,5.43806324496737,0,I,241,9
278.468089250611,72,49.5128805236891,22.4871194763109,0,C,242,9
64.6485717883044,72,49.5558205526322,15.0927512356722,1,I,243,9
55.5079417809406,72,49.6351267816499,5.87281499929074,1,C,244,9
77.9317549845199,72,49.8452748823911,22.1547251176089,0,I,245,9
70.6792315562375,72,49.9206767650321,20.7585547912054,1,C,246,9
130.135184252627,72,49.9283002736047,22.0716997263953,0,I,247,9
81.2974758774992,72,50.0381948472932,21.9618051527068,0,C,248,9
176.744752085552,72,50.0662820320576,21.9337179679424,0,I,249,9
62.3706123013219,72,50.1979589648545,12.1726533364674,1,C,250,9
232.095794198735,72,50.2337281638756,21.7662718361244,0,I,251,9
131.553492600766,72,50.2359894616529,21.7640105383471,0,C,252,9
158.117026212979,72,50.5504867248237,21.4495132751763,0,I,253,9
218.015226187629,65.4326436136795,50.5649058194831,14.8677377941964,0,C,254,9
280.681149056555,72,50.741365486756,21.258634513244,0,I,255,9
60.2229271971709,72,51.1334251938388,9.08950200333213,1,C,256,9
92.6591765488481,72,51.1852910835296,20.8147089164704,0,I,257,9
62.0483321010528,72,51.3215161627159,10.7268159383369,1,C,258,9
133.518896948722,72,51.575323920697,20.424676079303,0,I,259,9
83.4778651223301,72,52.0541678275913,19.9458321724087,0,C,260,9
193.782988279604,72,52.2367264470086,19.7632735529915,0,I,261,9
67.0908676069685,72,52.6395672513172,14.4513003556513,1,C,262,9
528.714313527459,72,52.9190252535045,19.0809747464955,0,I,263,9
100.037027870873,72,53.2266351766884,18.7733648233116,0,C,264,9
196.545828037863,72,53.2295134523884,18.7704865476117,0,I,265,9
59.5982682139282,72,53.2677666423842,6.33050157154396,1,C,266,9
248.745900965285,55.5030376070247,53.2981723872945,2.20486521973022,0,I,267,9
53.6249376499153,72,53.3224819041789,0.302455745736404,1,C,268,9
183.432868613306,72,53.4548367513344,18.5451632486656,0,I,269,9
95.7176782819873,72,53.6639391817153,18.3360608182848,0,C,270,9
218.956363146945,72,53.7143532419577,18.2856467580423,0,I,271,9
58.7723128633442,72,53.7295722216368,5.04274064170746,1,C,272,9
179.702912227939,72,53.771906546317,18.228093453683,0,I,273,9
86.0082809303772,72,53.9071881445125,18.0928118554875,0,C,274,9
92.1533523689132,72,53.9752152794972,18.0247847205028,0,I,275,9
92.7878310764629,72,53.9985056826845,18.0014943173155,0,C,276,9
115.462264235907,72,54.4444211153314,17.5555788846687,0,I,277,9
119.851537205069,72,54.578805975616,17.421194024384,0,C,278,9
262.303108065669,72,54.6833921922371,17.3166078077629,0,I,279,9
107.045615902789,72,54.9798070918769,17.0201929081231,0,C,280,9
77.372757603739,72,55.4654778214172,16.5345221785829,0,I,281,9
129.269442437053,72,55.6687512947246,16.3312487052754,0,C,282,9
231.940352762275,72,55.7222848618403,16.2777151381597,0,I,283,9
72.4117336446812,72,55.8117972733453,16.1882027266547,0,C,284,9
570.243166964427,72,56.3183455215767,15.6816544784233,0,I,285,9
64.306194009699,72,56.3472670130432,7.95892699665585,1,C,286,9
179.1921484226,72,56.910582985729,15.089417014271,0,I,287,9
98.2949669090041,72,57.290082089603,14.7099179103971,0,C,288,9
59.0465009879766,72,57.3328709369525,1.7136300510241,1,I,289,9
95.6558140672814,72,57.4188447743654,14.5811552256346,0,C,290,9
57.9621978253161,72,57.4306082585827,0.531589566733384,1,I,291,9
137.949494314343,72,57.4856390012428,14.5143609987572,0,C,292,9
165.091284209811,72,57.5811036257073,14.4188963742927,0,I,293,9
106.388181115908,72,57.586004761979,14.413995238021,0,C,294,9
152.188648578499,72,57.628738260828,14.371261739172,0,I,295,9
101.57173025124,72,58.3129160525277,13.6870839474723,0,C,296,9
149.185888315832,72,58.4355564275757,13.5644435724244,0,I,297,9
67.4105291969452,72,58.4758607530966,8.93466844384855,1,C,298,9
99.6354085380818,72,58.4839152172208,13.5160847827792,0,I,299,9
59.6432995459098,72,59.0971110435203,0.546188502389482,1,C,300,9
525.481027401903,72,59.2787768924609,12.7212231075391,0,I,301,9
76.6604013832008,72,59.3000788986683,12.6999211013317,0,C,302,9
334.372955272596,72,59.45072687231,12.54927312769,0,I,303,9
77.1146932210587,72,59.65514191892,12.34485808108,0,C,304,9
82.2180749276765,72,59.7239495487884,12.2760504512116,0,I,305,9
75.1336685325873,72,59.8834854410961,12.1165145589039,0,C,306,9
718.218572051301,72,0.0224296934902668,71.9775703065097,0,I,1,10
18.593114038706,4.04493337874181,0.568245649337769,3.47668772940404,0,C,2,10
21.5221729290153,72,0.60706302523613,20.9151099037792,1,I,3,10
76.752080804004,72,0.897640837356448,71.1023591626436,0,C,4,10
312.946374247905,72,1.09705165028572,70.9029483497143,0,I,5,10
171.31667012056,72,1.23033630196005,70.76966369804,0,C,6,10
218.602595528368,72,1.43925604876131,70.5607439512387,0,I,7,10
3.37457778553791,72,1.46421435289085,1.91036343264706,1,C,8,10
148.296248197204,72,1.57168282661587,70.4283171733841,0,I,9,10
85.232360119151,72,1.57324681989849,70.4267531801015,0,C,10,10
7.94316714042275,14.9553297720741,1.83360087219626,6.10956626822649,1,I,11,10
84.2015962872666,72,1.9599723117426,70.0400276882574,0,C,12,10
79.0742462590765,72,2.20590048003942,69.7940995199606,0,I,13,10
92.9756914143328,72,2.36673989798874,69.6332601020113,0,C,14,10
60.291872906462,72,2.93192567769438,57.3599472287676,1,I,15,10
35.6253196817277,72,3.34404399152845,32.2812756901993,1,C,16,10
50.2251677778359,72,3.36091107688844,46.8642567009475,1,I,17,10
40.4220463827926,72,3.42508495319635,36.9969614295962,1,C,18,10
9.66599889899413,72,3.49400072358549,6.17199817540865,1,I,19,10
55.3170865782138,72,3.64225950557739,51.6748270726364,1,C,20,10
79.330711417244,72,3.69031540118158,68.3096845988184,0,I,21,10
18.8243068420792,72,3.84868979919702,14.9756170428822,1,C,22,10
139.471461247856,72,4.06000988557935,67.9399901144207,0,I,23,10
77.7703247304423,72,4.44905668962747,67.5509433103725,0,C,24,10
11.9529460267579,72,4.57805693149567,7.37488909526218,1,I,25,10
12.9169035624836,72,4.81039691716433,8.10650664531926,1,C,26,10
204.398392767571,72,4.89988254848868,67.1001174515113,0,I,27,10
51.3236247870152,72,4.91348073352128,46.4101440534939,1,C,28,10
7.92777424716538,72,5.13122369069606,2.79655055646932,1,I,29,10
10.2723307281953,72,5.1613502483815,5.11098047981385,1,C,30,10
63.5616233778322,72,5.17607687506825,58.385546502764,1,I,31,10
7.27736956210177,72,5.76743309386075,1.50993646824103,1,C,32,10
459.84936999673,72,5.79060858115554,66.2093914188445,0,I,33,10
15.4839048805082,72,5.80360969528556,9.68029518522268,1,C,34,10
107.059723764717,72,6.15376520901918,65.8462347909808,0,I,35,10
15.615855335556,72,6.2659162748605,9.34993906069547,1,C,36,10
24.8887972366096,72,6.35912083089352,18.5296764057161,1,I,37,10
57.2012615776166,72,6.49848697241396,50.7027746052027,1,C,38,10
36.003234508376,72,6.8542888155207,29.1489456928553,1,I,39,10
55.5372591012838,72,6.95388172287494,48.5833773784089,1,C,40,10
30.010057704007,72,7.31902398169041,22.6910337223166,1,I,41,10
12.2638807878514,72,7.41552569903433,4.84835508881704,1,C,42,10
47.9360770258974,72,7.43789688684046,40.4981801390569,1,I,43,10
121.070867126185,72,7.52611094154418,64.4738890584558,0,C,44,10
216.875140922586,72,7.66567741055042,64.3343225894496,0,I,45,10
60.341927999401,72,7.94900975190103,52.3929182475,1,C,46,10
29.1453809692206,72,8.29104765783995,20.8543333113806,1,I,47,10
59.0116383129335,72,8.2966285943985,50.715009718535,1,C,48,10
89.7212704820239,72,8.37037330493331,63.6296266950667,0,I,49,10
40.3574162707971,72,8.41439821757376,31.9430180532233,1,C,50,10
142.297096348996,72,8.50367797538638,63.4963220246136,0,I,51,10
108.25339176711,72,8.51066493429244,63.4893350657076,0,C,52,10
127.491163481511,72,8.51165042258799,63.488349577412,0,I,53,10
43.1168942920818,72,8.67844625841826,34.4384480336636,1,C,54,10
36.0345938473238,72,8.70804169680923,27.3265521505145,1,I,55,10
44.1190023686664,72,8.78930339589715,35.3296989727693,1,C,56,10
12.0901333339625,72,8.79662740509957,3.2935059288629,1,I,57,10
9.15948264377876,72,8.98430112283677,0.175181520941988,1,C,58,10
155.912548665489,72,9.02345343958586,62.9765465604141,0,I,59,10
46.4006751240344,72,9.08771560527384,37.3129595187606,1,C,60,10
367.265844733642,72,9.13531259167939,62.8646874083206,0,I,61,10
15.3270733411886,72,9.31021965108812,6.01685369010052,1,C,62,10
326.725193071657,72,9.52842020429671,62.4715797957033,0,I,63,10
99.396219500695,72,9.68008469324559,62.3199153067544,0,C,64,10
29.4099731891195,72,9.79919325560331,19.6107799335162,1,I,65,10
32.0012711379579,72,9.86646902281791,22.13480211514,1,C,66,10
100.998596557715,72,9.90210081450641,62.0978991854936,0,I,67,10
41.4017718327492,72,10.1648310665041,31.2369407662451,1,C,68,10
174.587210191875,72,10.311368079856,61.688631920144,0,I,69,10
26.0757788291659,72,11.1295903008431,14.9461885283228,1,C,70,10
29.7316078539745,72,11.4851156249642,18.2464922290103,1,I,71,10
60.0323027699805,72,11.5116030257195,48.520699744261,1,C,72,10
159.196404130004,72,11.7374224355444,60.2625775644556,0,I,73,10
62.5222013654752,72,11.7472039489076,50.7749974165677,1,C,74,10
192.433412361417,72,12.1571764955297,59.8428235044703,0,I,75,10
56.3708813418016,72,12.8043510764837,43.5665302653179,1,C,76,10
108.443740561005,72,13.3397972909734,58.6602027090266,0,I,77,10
21.7072181387456,72,13.526317323558,8.18090081518757,1,C,78,10
21.8127586161052,72,13.5729077132419,8.23985090286329,1,I,79,10
96.932714899482,72,13.6185175739229,58.3814824260771,0,C,80,10
124.497601456646,72,14.4071219908074,57.5928780091927,0,I,81,10
17.8634601584646,72,14.4079901184887,3.45547003997593,1,C,82,10
71.1516446776918,72,14.5185579964891,56.6330866812027,1,I,83,10
17.328131865351,72,14.7837520949543,2.54437977039671,1,C,84,10
361.324247290218,72,14.8801205540076,57.1198794459924,0,I,85,10
33.6213838294867,72,15.3316527418792,18.2897310876075,1,C,86,10
96.757269617964,72,15.4144633747637,56.5855366252363,0,I,87,10
49.3231076422154,60.081063684252,15.9364775335416,33.3866301086738,1,C,88,10
18.8078331017376,72,16.1639165924862,2.64391650925141,1,I,89,10
68.3608100289238,72,16.2480876361951,52.1127223927286,1,C,90,10
57.4780182605702,72,16.4012630470097,41.0767552135605,1,I,91,10
49.0450157878543,72,16.4147459249944,32.6302698628599,1,C,92,10
37.3253647424517,72,16.8213088391349,20.5040559033168,1,I,93,10
66.2733343529756,72,17.0599546423182,49.2133797106574,1,C,94,10
195.22125816917,72,17.0989158656448,54.9010841343552,0,I,95,10
43.8562016331771,72,17.3478583339602,26.5083432992169,1,C,96,10
22.8182384036564,72,17.3777051316574,5.44053327199898,1,I,97,10
22.0937035537582,72,17.4109235918149,4.68277996194322,1,C,98,10
47.4879273972309,72,17.5597700709477,29.9281573262832,1,I,99,10
54.0809707363645,72,17.5700623076409,36.5109084287236,1,C,100,10
63.4196968442504,72,18.1973561318591,45.2223407123913,1,I,101,10
19.8443050578079,72,18.451506011188,1.39279904661986,1,C,102,10
33.6273301349768,72,18.4991016425192,15.1282284924576,1,I,103,10
21.0358822689544,72,18.6221106955782,2.4137715733762,1,C,104,10
74.8239604871931,72,19.0550072584301,52.9449927415699,0,I,105,10
115.487717093353,72,19.2044859146699,52.7955140853301,0,C,106,10
278.658542731186,72,19.4661048799753,52.5338951200247,0,I,107,10
95.1795507111464,72,19.6174962446094,52.3825037553907,0,C,108,10
123.988200534108,72,20.1476824376732,51.8523175623268,0,I,109,10
47.3386424059772,72,20.4648768575862,26.873765548391,1,C,110,10
119.187534292358,72,20.6236118311062,51.3763881688938,0,I,111,10
30.9560143042828,72,20.7294721668586,10.2265421374242,1,C,112,10
376.839968963853,72,20.9188857162371,51.0811142837629,0,I,113,10
198.381415639358,69.3592752026341,21.6496228566393,47.7096523459948,0,C,114,10
111.511914300128,72,21.7127066943795,50.2872933056206,0,I,115,10
72.7990743499426,72,21.7705444665626,50.2294555334374,0,C,116,10
54.881823789988,72,21.8958417372778,32.9859820527101,1,I,117,10
113.943846072501,72,22.0563349826261,49.9436650173739,0,C,118,10
107.195235932743,72,22.0731653133407,49.9268346866593,0,I,119,10
102.583117660373,72,22.3046156577766,49.6953843422234,0,C,120,10
183.60791063755,72,22.4680366599932,49.5319633400068,0,I,121,10
39.2535070827456,72,22.5019310368225,16.7515760459231,1,C,122,10
58.9776281663729,72,22.5512634543702,36.4263647120027,1,I,123,10
80.4240577745022,72,23.0726790195331,48.9273209804669,0,C,124,10
35.486187150365,40.1145786434807,23.8286466663703,11.6575404839946,1,I,125,10
63.7242953704576,72,24.2866155691445,39.4376798013131,1,C,126,10
207.116454023355,72,24.5213236659765,47.4786763340235,0,I,127,10
193.91524001178,72,24.734182599932,47.2658174000681,0,C,128,10
184.969612725978,72,24.8532896256074,47.1467103743926,0,I,129,10
59.4931110264864,72,25.346312681213,34.1467983452734,1,C,130,10
104.159337275438,72,25.443753185682,46.556246814318,0,I,131,10
145.813847462743,72,25.4720257222652,46.5279742777348,0,C,132,10
119.936000141519,72,25.5800980841741,46.4199019158259,0,I,133,10
55.4656028141258,72,25.8885572478175,29.5770455663083,1,C,134,10
247.773622674587,72,25.9951023431495,46.0048976568505,0,I,135,10
28.8649479502135,72,26.1409573769197,2.72399057329376,1,C,136,10
37.7418131018407,72,26.1528612021357,11.588951899705,1,I,137,10
95.7912647173056,72,26.1639025714248,45.8360974285752,0,C,138,10
61.4181200878324,72,26.3946618419141,35.0234582459183,1,I,139,10
55.9468336186402,72,26.4125155471265,29.5343180715136,1,C,140,10
102.532520127803,72,26.4319222932681,45.5680777067319,0,I,141,10
43.1707155981909,72,26.5472200652584,16.6234955329325,1,C,142,10
277.107967766942,72,26.8222395284101,45.1777604715899,0,I,143,10
106.381210243757,72,26.8570152483881,45.142984751612,0,C,144,10
58.9883093871209,72,27.0796804083511,31.9086289787698,1,I,145,10
142.928734617972,72,27.1315798116848,44.8684201883152,0,C,146,10
294.673764467068,72,27.2069681435823,44.7930318564177,0,I,147,10
67.4617514972643,52.8685150863019,27.3000543052331,25.5684607810688,0,C,148,10
53.2534106336737,72,27.8238814976066,25.4295291360671,1,I,149,10
52.4890384169759,72,28.1099280249327,24.3791103920431,1,C,150,10
29.4859959173455,72,28.1514327367768,1.33456318056875,1,I,151,10
46.515866376763,72,28.3090397296473,18.2068266471157,1,C,152,10
177.014326926079,72,28.3519044891,43.6480955109,0,I,153,10
279.998961483615,72,28.4459171444178,43.5540828555822,0,C,154,10
164.707911466996,72,28.5991503344849,43.4008496655151,0,I,155,10
31.3251092328206,72,30.4603486787528,0.864760554067802,1,C,156,10
246.474134486544,72,30.9808979043737,41.0191020956263,0,I,157,10
31.7752393834703,60.0929559153101,31.1266680015251,0.648571381945219,1,C,158,10
55.2268009121768,72,31.1426285281777,24.084172383999,1,I,159,10
49.9162604197693,72,31.155910436064,18.7603499837052,1,C,160,10
78.0214365475306,72,31.2338949786499,40.7661050213501,0,I,161,10
109.677331157277,72,31.608538669534,40.391461330466,0,C,162,10
47.5353713248974,70.5127767841744,31.8223527772352,15.7130185476622,1,I,163,10
72.2057742750497,72,32.3134010983631,39.6865989016369,0,C,164,10
262.230185875757,72,32.5545408390462,39.4454591609538,0,I,165,10
110.899058442053,64.3422321059238,32.6287368452176,31.7134952607062,0,C,166,10
108.299258324422,72,33.2189315417781,38.7810684582219,0,I,167,10
114.072934038899,72,33.7625580467284,38.2374419532716,0,C,168,10
131.463858687775,72,33.8014597026631,38.1985402973369,0,I,169,10
62.8508838376718,72,33.8924255082384,28.9584583294334,1,C,170,10
338.122847999949,72,33.9819292165339,38.0180707834661,0,I,171,10
147.958328159425,72,34.0001020627096,37.9998979372904,0,C,172,10
76.3577239420918,72,34.1305886534974,37.8694113465026,0,I,173,10
83.8124489750879,72,34.1559691401199,37.8440308598802,0,C,174,10
165.50014218195,72,34.2195547325537,37.7804452674463,0,I,175,10
66.3282586118487,72,34.6535087563098,31.674749855539,1,C,176,10
61.960944188238,48.2840634887504,34.8346158815548,13.4494476071956,0,I,177,10
105.885487697814,72,34.8686270462349,37.1313729537651,0,C,178,10
72.0313463628178,72,35.2240085508674,36.7759914491326,0,I,179,10
74.6447344494263,72,35.3326809033752,36.6673190966249,0,C,180,10
48.6489867814916,72,35.5692482739687,13.0797385075229,1,I,181,10
127.007152595994,72,35.6258354801685,36.3741645198315,0,C,182,10
66.0875130803784,72,35.7165917102248,30.3709213701537,1,I,183,10
129.621374736771,72,35.9082268131897,36.0917731868103,0,C,184,10
143.339685521145,72,36.1519461264834,35.8480538735166,0,I,185,10
68.8900140188264,72,36.2106407806277,32.6793732381987,1,C,186,10
274.961020532751,72,36.292396215722,35.707603784278,0,I,187,10
52.7501579269601,72,36.3744418881834,16.3757160387767,1,C,188,10
50.632661602308,72,36.5506342286244,14.0820273736836,1,I,189,10
56.7813063586659,72,36.7039251420647,20.0773812166012,1,C,190,10
95.6262413064463,72,36.7749634897336,35.2250365102664,0,I,191,10
52.6447554429639,72,36.9075176725164,15.7372377704474,1,C,192,10
55.5791093169672,72,36.9265509629622,18.652558354005,1,I,193,10
182.922553144848,72,37.0728059252724,34.9271940747276,0,C,194,10
93.2525864535499,72,37.0734391361475,34.9265608638525,0,I,195,10
226.044565941665,72,37.1940600313246,34.8059399686754,0,C,196,10
225.464383121531,72,37.6659275684506,34.3340724315494,0,I,197,10
70.3671886036333,72,38.042073994875,32.3251146087584,1,C,198,10
83.8168287076976,40.073193795966,38.5872093262151,1.48598446975091,0,I,199,10
81.7451543254226,72,38.742979215458,33.257020784542,0,C,200,10
82.8131605227469,72,39.2425338970497,32.7574661029503,0,I,201,10
58.2606595162987,72,39.6155993873253,18.6450601289734,1,C,202,10
137.79599074476,72,39.8315563844517,32.1684436155483,0,I,203,10
188.837128057683,72,39.8800941137597,32.1199058862403,0,C,204,10
433.241142924138,72,39.8909682640806,32.1090317359194,0,I,205,10
74.6256407038246,72,40.1954589458182,31.8045410541818,0,C,206,10
50.7410982008416,72,40.3579892031848,10.3831089976567,1,I,207,10
78.0993052711306,72,40.6182046048343,31.3817953951657,0,C,208,10
132.467258549545,72,40.9348195698112,31.0651804301888,0,I,209,10
158.072438579184,72,40.9896994521841,31.0103005478159,0,C,210,10
264.896404944555,72,41.0464586410671,30.9535413589329,0,I,211,10
46.4836855603971,72,41.0933967260644,5.39028883433273,1,C,212,10
539.974890496236,72,41.580564212054,30.419435787946,0,I,213,10
182.310909555687,72,41.7080355249345,30.2919644750655,0,C,214,10
131.668956552353,72,41.9889773894101,30.0110226105899,0,I,215,10
452.429524245405,72,42.0815071463585,29.9184928536415,0,C,216,10
86.8006495244662,72,42.4145093606785,29.5854906393215,0,I,217,10
171.248976318895,72,42.5782683771104,29.4217316228896,0,C,218,10
61.9714920157242,72,42.6268797274679,19.3446122882563,1,I,219,10
176.507294758402,72,42.6661087805405,29.3338912194595,0,C,220,10
60.0006891384888,72,42.7904877718538,17.210201366635,1,I,221,10
57.6879765369196,72,42.959414049983,14.7285624869366,1,C,222,10
359.375016163041,72,43.0230343295261,28.9769656704739,0,I,223,10
135.006940767174,72,43.2507148990408,28.7492851009592,0,C,224,10
74.8476169031398,72,43.5749757802114,28.4250242197886,0,I,225,10
128.312370559837,72,43.6287134466693,28.3712865533307,0,C,226,10
209.200852084039,72,44.0491021284834,27.9508978715166,0,I,227,10
45.2558605704879,72,44.1474502254277,1.10841034506012,1,C,228,10
86.8443690185,72,44.3170612910762,27.6829387089238,0,I,229,10
71.7495553194989,72,44.4536556629464,27.2958996565525,1,C,230,10
186.397272288433,72,44.6144732739776,27.3855267260224,0,I,231,10
100.32826856184,72,44.7100222902373,27.2899777097628,0,C,232,10
434.394722850668,72,45.1847473438829,26.8152526561171,0,I,233,10
102.507278595007,72,45.203934093006,26.796065906994,0,C,234,10
272.208717903754,72,45.3461160231382,26.6538839768618,0,I,235,10
49.4221358012887,72,45.4311299789697,3.99100582231902,1,C,236,10
54.8093517631509,72,45.5608961172402,9.24845564591071,1,I,237,10
105.520010821943,72,46.2156276125461,25.7843723874539,0,C,238,10
89.6022966846308,72,46.310996725224,25.689003274776,0,I,239,10
53.1783385774462,72,46.3767826231197,6.80155595432657,1,C,240,10
155.647948862304,72,46.3926199497655,25.6073800502345,0,I,241,10
105.682188328924,72,46.5157304797322,25.4842695202678,0,C,242,10
51.5365365324828,72,47.1527830744162,4.38375345806659,1,I,243,10
102.803633541173,72,47.3305341834202,24.6694658165798,0,C,244,10
91.7503993748199,72,47.5979251926765,24.4020748073235,0,I,245,10
104.416884615607,72,47.6775187533349,24.3224812466651,0,C,246,10
409.368921511073,72,47.7766582416371,24.223341758363,0,I,247,10
69.0940499174369,72,47.9535496467724,21.1405002706644,1,C,248,10
99.4818416837878,72,47.957298271358,24.042701728642,0,I,249,10
66.6907684051075,72,49.6977016283199,16.9930667767876,1,C,250,10
112.787908259252,72,49.9458772363141,22.0541227636859,0,I,251,10
146.153065196041,72,49.9746419442818,22.0253580557182,0,C,252,10
142.610821297844,72,50.0545899337158,21.9454100662842,0,I,253,10
87.0096710769643,72,50.0669722538441,21.9330277461559,0,C,254,10
86.0312867226826,72,50.0940916920081,21.9059083079919,0,I,255,10
63.8596647737244,72,50.1374803343788,13.7221844393456,1,C,256,10
101.434663206101,72,50.3392951749265,21.6607048250735,0,I,257,10
252.090513886989,72,50.4204895952717,21.5795104047284,0,C,258,10
219.577343659555,72,50.8668952295557,21.1331047704443,0,I,259,10
54.852028683627,72,50.921473056078,3.93055562754902,1,C,260,10
169.518192174759,72,51.2280243309215,20.7719756690785,0,I,261,10
227.808518678126,72,51.2432495690882,20.7567504309118,0,C,262,10
98.508084376629,72,51.3372433371842,20.6627566628158,0,I,263,10
62.9067915702953,72,51.622115126811,11.2846764434843,1,C,264,10
142.968640436753,72,51.6815539263189,20.3184460736811,0,I,265,10
176.549998836826,72,52.1038127085194,19.8961872914806,0,C,266,10
123.081264973336,72,52.1247582882643,19.8752417117357,0,I,267,10
59.8313773052027,72,52.1735867438838,7.65779056131892,1,C,268,10
60.1713663098933,72,52.408035825938,7.76333048395527,1,I,269,10
94.9588031359453,72,52.467292835936,19.5327071640641,0,C,270,10
271.890911944941,72,52.5903195608407,19.4096804391593,0,I,271,10
97.2833421686326,53.5060979593763,52.6187070133165,0.88739094605986,0,C,272,10
66.3283849405172,72,52.6738217845559,13.6545631559613,1,I,273,10
73.9505716427694,72,52.6992137683556,19.3007862316445,0,C,274,10
77.4930598613685,72,52.8473263280466,19.1526736719534,0,I,275,10
92.8102238960528,72,52.8966068895534,19.1033931104466,0,C,276,10
168.362227623864,72,53.6898391647264,18.3101608352736,0,I,277,10
68.4070719000993,72,53.7118234857917,14.6952484143076,1,C,278,10
121.523037007029,72,53.7310455646366,18.2689544353634,0,I,279,10
195.762024030504,72,53.9809764409438,18.0190235590562,0,C,280,10
208.371336084346,72,54.2084896797314,17.7915103202686,0,I,281,10
108.472644909441,72,54.228059691377,17.771940308623,0,C,282,10
215.567841521728,72,54.321040478535,17.678959521465,0,I,283,10
74.9972898028911,72,54.60228277836,17.3977172216401,0,C,284,10
92.2735687788039,72,55.6229334371164,16.3770665628836,0,I,285,10
101.806520083549,72,55.6388604361564,16.3611395638436,0,C,286,10
71.3284475031733,72,55.6850401964039,15.6434073067695,1,I,287,10
77.4464818890266,72,56.0027201659977,15.9972798340023,0,C,288,10
215.588612665773,72,56.0587291046977,15.9412708953023,0,I,289,10
80.5073850359911,72,56.5147235384211,15.4852764615789,0,C,290,10
124.454563973525,72,56.7447016714141,15.2552983285859,0,I,291,10
77.0078529673237,72,56.9003650546074,15.0996349453926,0,C,292,10
99.6597509587303,72,57.1607068553567,14.8392931446433,0,I,293,10
117.02882939497,72,57.1765575231984,14.8234424768016,0,C,294,10
92.7637406255812,72,57.9393736459315,14.0606263540685,0,I,295,10
60.7489647983426,72,58.1213495833799,2.62761521496263,1,C,296,10
160.804085280398,72,58.3057919098064,13.6942080901936,0,I,297,10
65.1471159075995,72,58.6387738678604,6.50834203973902,1,C,298,10
80.2873710481811,72,58.7580612301827,13.2419387698174,0,I,299,10
175.848352233753,72,58.8096984894946,13.1903015105054,0,C,300,10
166.797765190492,72,58.8483800925314,13.1516199074686,0,I,301,10
149.765297954777,72,58.9897752553225,13.0102247446775,0,C,302,10
164.255477349171,72,59.0959819732234,12.9040180267766,0,I,303,10
68.2280510209006,72,59.235638952814,8.99241206808651,1,C,304,10
125.845355120579,72,59.2510791448876,12.7489208551124,0,I,305,10
95.7929358283317,72,59.420449747704,12.579550252296,0,C,306,10
771.140359539683,72,59.4810262229294,12.5189737770706,0,I,307,10
69.1512710225708,72,59.9205955630168,9.230675459554,1,C,308,10
