t_cal_ev,t_cal_cens,t_acc,t,status,group,pat_id,sim_idx
26.1735615790371,72,0.104261236265302,26.0693003427718,1,C,1,1
44.8974123835731,57.4658801486788,0.180542422458529,44.7168699611146,1,I,2,1
157.653948653933,47.2604805993772,0.326011469587684,46.9344691297895,0,C,3,1
167.703858330054,18.2568608972117,0.34388265106827,17.9129782461434,0,I,4,1
308.610137686805,72,0.374038447625935,71.6259615523741,0,C,5,1
1.86686335635393,72,0.697501050308347,1.16936230604559,1,I,6,1
106.051133460509,72,0.732977287843823,71.2670227121562,0,C,7,1
139.645693158141,72,0.748100378550589,71.2518996214494,0,I,8,1
21.6031466026845,25.3919283831792,1.05008787475526,20.5530587279293,1,C,9,1
153.679641201403,72,1.07188368681818,70.9281163131818,0,I,10,1
59.8278993547828,72,1.11126185394824,58.7166375008345,1,C,11,1
437.499915667028,72,1.37411691248417,70.6258830875158,0,I,12,1
283.656062738717,72,1.47734137717634,70.5226586228237,0,C,13,1
12.5058508202122,72,1.63678660523146,10.8690642149807,1,I,14,1
17.0495340244327,66.6940970982651,2.38330329302698,14.6662307314057,1,C,15,1
107.010032279439,72,2.80511601828039,69.1948839817196,0,I,16,1
67.9301220113273,68.1496329908118,2.80810191761702,65.1220200937102,1,C,17,1
19.0014667073503,72,2.90613987017423,16.0953268371761,1,I,18,1
115.83103119496,72,2.91744229383767,69.0825577061623,0,C,19,1
104.116639279383,8.08531605969391,2.95711053069681,5.1282055289971,0,I,20,1
80.5254359395649,72,3.23776820674539,68.7622317932546,0,C,21,1
182.699649954464,72,3.33861307706684,68.6613869229332,0,I,22,1
142.004940867028,72,3.48123283591121,68.5187671640888,0,C,23,1
21.8632474186934,72,3.56911004986614,18.2941373688272,1,I,24,1
128.590200508515,22.1955331412691,3.57514687813818,18.6203862631309,0,C,25,1
46.9177627195319,72,3.71306719724089,43.204695522291,1,I,26,1
78.3322460068061,32.657107338887,4.38554864376783,28.2715586951191,0,C,27,1
75.4170535959158,72,4.59697476122528,67.4030252387747,0,I,28,1
126.531427001529,72,4.60440892260522,67.3955910773948,0,C,29,1
112.185279857723,72,4.6548229129985,67.3451770870015,0,I,30,1
8.58258649005436,36.610918149905,4.68854530714452,3.89404118290984,1,C,31,1
209.648341189488,72,4.87640437670052,67.1235956232995,0,I,32,1
39.411188387659,72,5.20112770143896,34.2100606862201,1,C,33,1
140.606733314016,72,5.28149594552815,66.7185040544719,0,I,34,1
48.1546543864653,72,5.36895772442222,42.7856966620431,1,C,35,1
45.7156659199296,72,6.06683237012476,39.6488335498048,1,I,36,1
43.9311829428819,72,6.18192750960589,37.7492554332761,1,C,37,1
68.8438452518427,72,6.26474955584854,62.5790956959941,1,I,38,1
89.9595730746192,72,6.63220681250095,65.3677931874991,0,C,39,1
47.5065234469238,72,6.78891086485237,40.7176125820714,1,I,40,1
118.873939550264,72,7.3552056401968,64.6447943598032,0,C,41,1
67.0006885373012,72,7.7374037867412,59.26328475056,1,I,42,1
172.444696227413,27.7554023754238,7.75197349023074,20.0034288851931,0,C,43,1
11.9171626614722,72,7.76438815053552,4.15277451093669,1,I,44,1
79.0286858853627,45.388175426862,8.23516166768968,37.1530137591723,0,C,45,1
123.936125641954,72,8.26212713029236,63.7378728697077,0,I,46,1
16.6187129510784,72,9.02464650571346,7.59406644536493,1,C,47,1
256.666414755436,72,9.42654670681804,62.573453293182,0,I,48,1
41.8852656543134,72,9.49670028872788,32.3885653655855,1,C,49,1
79.8010106937538,72,10.1233329344541,61.8766670655459,0,I,50,1
116.545827653579,72,10.4264134028926,61.5735865971074,0,C,51,1
239.214984710139,72,10.4391487268731,61.5608512731269,0,I,52,1
55.3953629614256,72,10.8234230289236,44.571939932502,1,C,53,1
260.339554382139,72,10.8866520551965,61.1133479448035,0,I,54,1
304.941311054627,31.0899408713295,11.5526299970225,19.5373108743071,0,C,55,1
12.1884097975674,67.1197847156675,11.8117097765207,0.376700021046657,1,I,56,1
110.711026130449,72,12.1047886367887,59.8952113632113,0,C,57,1
179.730633874022,72,12.1693658363074,59.8306341636926,0,I,58,1
174.252586742724,72,12.5270692259073,59.4729307740927,0,C,59,1
115.61894459862,72,12.7901904238388,59.2098095761612,0,I,60,1
140.96111028589,72,12.9239343479276,59.0760656520724,0,C,61,1
48.2061499886792,72,13.018835708499,35.1873142801803,1,I,62,1
71.8244325749239,72,13.1288671586663,58.6955654162576,1,C,63,1
56.4665338251693,37.4036470636114,13.301934460178,24.1017126034333,0,I,64,1
50.9142908360853,72,13.4439485287294,37.4703423073559,1,C,65,1
75.6986133611148,72,13.460754272528,58.539245727472,0,I,66,1
206.932860644357,72,14.1049036430195,57.8950963569805,0,C,67,1
190.946513752445,16.7027782880733,14.118779967539,2.58399832053431,0,I,68,1
132.660498883655,72,14.3643054971471,57.6356945028529,0,C,69,1
225.325137561477,20.6105724239217,14.4253124669194,6.18525995700227,0,I,70,1
58.8456667446282,72,14.4769765622914,44.3686901823368,1,C,71,1
266.056910272582,70.2548431781472,14.697856712155,55.5569864659922,0,I,72,1
90.941320601416,72,14.8223641980439,57.1776358019561,0,C,73,1
43.8652714887288,72,15.4962656507269,28.369005838002,1,I,74,1
37.7038915239589,61.7764027871817,15.882554766722,21.8213367572368,1,C,75,1
141.905960846148,72,15.9436629898846,56.0563370101154,0,I,76,1
112.634378708598,62.0600601368362,16.1846538120881,45.8754063247481,0,C,77,1
78.4130610103929,72,16.278756824322,55.721243175678,0,I,78,1
61.1633724338841,41.5483277529811,16.3536888174713,25.1946389355098,0,C,79,1
23.4906011248082,72,16.3752349186689,7.11536620613931,1,I,80,1
122.541662269019,72,16.5642684604973,55.4357315395027,0,C,81,1
220.783274603998,72,16.8231247644871,55.1768752355129,0,I,82,1
69.3380905534272,22.5791036130681,17.2095466917381,5.36955692133002,0,C,83,1
48.4714579163108,72,17.2260918421671,31.2453660741437,1,I,84,1
293.820942582369,42.1688826656388,17.3994971998036,24.7693854658352,0,C,85,1
112.401356370192,72,18.3252219110727,53.6747780889273,0,I,86,1
33.1353497697083,72,18.3906843792647,14.7446653904436,1,C,87,1
24.2927083950545,72,18.8308137981221,5.46189459693239,1,I,88,1
154.864988784657,72,18.8516963738948,53.1483036261052,0,C,89,1
232.681266670444,72,19.1498049907386,52.8501950092614,0,I,90,1
51.8314269109038,72,19.2114608595148,32.6199660513891,1,C,91,1
84.4065715354387,72,19.2407075129449,52.7592924870551,0,I,92,1
228.864884549564,70.3679675607439,19.8154817009345,50.5524858598094,0,C,93,1
88.8332665963868,72,19.830651730299,52.169348269701,0,I,94,1
88.6303592762454,72,19.9475624738261,52.0524375261739,0,C,95,1
244.371017294642,72,20.2811738150194,51.7188261849806,0,I,96,1
248.568524339029,72,20.3067847061902,51.6932152938098,0,C,97,1
30.474970057977,29.3559409119416,20.3979879571125,8.95795295482912,0,I,98,1
134.121101575745,72,20.6319796806201,51.3680203193799,0,C,99,1
33.6244314630836,72,20.733833508566,12.8905979545176,1,I,100,1
165.291554937787,72,20.767394551076,51.232605448924,0,C,101,1
107.114050029716,72,21.1065191449597,50.8934808550403,0,I,102,1
32.1933580662091,44.9845319559492,21.3977242726833,10.7956337935259,1,C,103,1
321.310778119686,72,21.4547005528584,50.5452994471416,0,I,104,1
170.904303616807,72,21.5211589867249,50.4788410132751,0,C,105,1
281.832949778771,72,21.5939070051536,50.4060929948464,0,I,106,1
84.4321664769965,42.297748512581,21.704061194323,20.593687318258,0,C,107,1
28.9215708782331,72,21.7362670088187,7.18530386941438,1,I,108,1
173.786486955451,72,22.1990963257849,49.8009036742151,0,C,109,1
82.3455992664697,72,22.2495587635785,49.7504412364215,0,I,110,1
176.984294448373,66.9150264290507,22.2607802879065,44.6542461411442,0,C,111,1
175.139538046338,72,22.3326127650216,49.6673872349784,0,I,112,1
133.907430962527,72,22.4189770314842,49.5810229685158,0,C,113,1
84.4907039322995,72,22.659678356722,49.340321643278,0,I,114,1
361.331370559939,72,22.6959390565753,49.3040609434247,0,C,115,1
329.784500449323,72,22.7603155374527,49.2396844625473,0,I,116,1
43.560165789361,72,23.2564093312249,20.3037564581361,1,C,117,1
315.860340976886,72,23.4550205105916,48.5449794894084,0,I,118,1
160.53122308026,72,23.5230558877811,48.4769441122189,0,C,119,1
32.5376499629026,72,23.5373091883957,9.00034077450685,1,I,120,1
180.124031402875,72,24.0999811515212,47.9000188484788,0,C,121,1
94.3281090243628,72,24.5912825502455,47.4087174497545,0,I,122,1
53.7012740235394,63.9309398390901,25.4269252019003,28.2743488216391,1,C,123,1
29.8661908699541,72,25.8280781004578,4.03811276949627,1,I,124,1
146.603857517101,72,25.8769825519994,46.1230174480006,0,C,125,1
57.6890256174619,72,26.1490537645295,31.5399718529324,1,I,126,1
39.3466003962785,26.7613226238651,26.1575029604137,0.603819663451382,0,C,127,1
113.403657911325,72,26.3121350063011,45.6878649936989,0,I,128,1
86.3652973496769,72,26.8212844664231,45.1787155335769,0,C,129,1
58.3349939673362,44.0225757141977,27.2789457812905,16.7436299329072,0,I,130,1
156.335447753634,72,27.4523977562785,44.5476022437215,0,C,131,1
85.5252985625691,72,27.5622080080211,44.4377919919789,0,I,132,1
88.6642190199459,53.3829938958333,27.6211623195559,25.7618315762774,0,C,133,1
200.259858521739,72,27.828157232143,44.171842767857,0,I,134,1
115.701117780032,72,27.9573506209999,44.0426493790001,0,C,135,1
158.681799135547,72,28.0871469760314,43.9128530239686,0,I,136,1
51.8464720375651,72,28.1517254468054,23.6947465907598,1,C,137,1
68.7902654473012,72,28.6019296897575,40.1883357575437,1,I,138,1
339.020770321441,72,28.8767743762583,43.1232256237418,0,C,139,1
29.4216622714973,72,29.0542587591335,0.367403512363743,1,I,140,1
107.699178929121,72,29.0584964957088,42.9415035042912,0,C,141,1
182.794535021813,72,29.1390556097031,42.8609443902969,0,I,142,1
56.1675348076256,72,29.4397498341277,26.7277849734979,1,C,143,1
259.444248468158,40.4323061183437,29.468927225098,10.9633788932457,0,I,144,1
45.0024066871447,72,29.611563468352,15.3908432187928,1,C,145,1
78.9368181080361,72,29.92897819262,42.07102180738,0,I,146,1
68.7754665342091,72,30.0101813161746,38.7652852180345,1,C,147,1
37.9791682663516,72,30.2290387451649,7.75012952118676,1,I,148,1
317.181864278213,72,30.5152237275615,41.4847762724385,0,C,149,1
87.3189983343801,72,30.5495715234429,41.4504284765571,0,I,150,1
93.4776572053579,67.4252855370261,30.7054411852732,36.7198443517529,0,C,151,1
82.087557853857,39.8656421948952,30.7565403683111,9.10910182658407,0,I,152,1
269.541087046587,72,30.8496707724407,41.1503292275593,0,C,153,1
52.631363580352,72,30.9273836715147,21.7039799088373,1,I,154,1
135.577865980572,69.8191581101518,31.0967767657712,38.7223813443806,0,C,155,1
124.028045117369,38.9365328274076,31.1382505344227,7.7982822929849,0,I,156,1
36.633725830685,72,31.195074794814,5.43865103587102,1,C,157,1
178.063605993814,72,31.4645180571824,40.5354819428176,0,I,158,1
94.1130087394525,72,31.6640779701993,40.3359220298007,0,C,159,1
373.561620508466,72,31.729710646905,40.270289353095,0,I,160,1
112.295163845603,72,32.157637286,39.8423627140001,0,C,161,1
87.6752827757848,72,32.2042302461341,39.7957697538659,0,I,162,1
124.817473767721,72,32.2392061958089,39.7607938041911,0,C,163,1
116.042722231018,50.8231357741332,32.2728664241731,18.55026934996,0,I,164,1
38.4448190934155,72,32.464864673093,5.97995442032249,1,C,165,1
34.5605885275573,50.9963574583354,32.522817584686,2.03777094287133,1,I,166,1
157.212140605055,72,32.9593836050481,39.0406163949519,0,C,167,1
141.875441046342,72,32.9894371563569,39.0105628436431,0,I,168,1
39.3764085183229,72,33.2172626629472,6.15914585537568,1,C,169,1
77.2575811104477,52.6310327783111,33.3430904801935,19.2879422981176,0,I,170,1
117.162812252375,72,33.3797524357215,38.6202475642785,0,C,171,1
129.763219769285,72,33.5294644860551,38.4705355139449,0,I,172,1
102.278257638385,72,33.5985289514065,38.4014710485935,0,C,173,1
78.7625662386071,72,33.6126127280295,38.3873872719705,0,I,174,1
473.156658237217,72,33.7070530001074,38.2929469998926,0,C,175,1
45.8004165503611,72,34.0172764984891,11.783140051872,1,I,176,1
139.725205404782,72,34.1267304634675,37.8732695365325,0,C,177,1
148.013506915563,72,34.1679806029424,37.8320193970576,0,I,178,1
42.1216083181241,72,34.2951943958178,7.8264139223063,1,C,179,1
141.493952345021,72,34.3031411524862,37.6968588475138,0,I,180,1
63.3626247015562,72,34.8724345536903,28.490190147866,1,C,181,1
40.1044677619532,72,35.2850208291784,4.81944693277484,1,I,182,1
171.065986609133,72,35.4347842326388,36.5652157673612,0,C,183,1
321.692436959635,72,35.6247525941581,36.375247405842,0,I,184,1
146.957671035535,72,35.8668228099123,36.1331771900877,0,C,185,1
82.733852306618,72,36.0535981273279,35.9464018726721,0,I,186,1
148.380259253903,72,36.9827821757644,35.0172178242356,0,C,187,1
323.074287391401,72,37.0705192303285,34.9294807696715,0,I,188,1
205.943282147451,72,37.2101762378588,34.7898237621412,0,C,189,1
110.035269558961,72,37.2160069970414,34.7839930029586,0,I,190,1
141.883635557104,72,37.9424004955217,34.0575995044783,0,C,191,1
223.120075013023,72,38.0274224001914,33.9725775998086,0,I,192,1
66.2859099059919,72,38.3372384123504,27.9486714936415,1,C,193,1
163.097915749207,72,38.5147800296545,33.4852199703455,0,I,194,1
164.087280753994,72,38.595599164255,33.404400835745,0,C,195,1
127.306063626761,72,38.7579180160537,33.2420819839463,0,I,196,1
62.8125008754462,60.196332712227,39.1759417159483,21.0203909962787,0,C,197,1
151.154852450781,72,39.2211791686714,32.7788208313286,0,I,198,1
44.025995293139,72,39.2888664454222,4.73712884771686,1,C,199,1
165.693643203061,72,39.4538435898721,32.5461564101279,0,I,200,1
97.6965004890714,72,39.7081329161301,32.2918670838699,0,C,201,1
310.863627884087,72,39.9685924267396,32.0314075732604,0,I,202,1
142.834089416502,72,40.0592092517763,31.9407907482237,0,C,203,1
328.594738638587,72,40.0595772592351,31.9404227407649,0,I,204,1
348.14720400262,72,40.9786459151655,31.0213540848345,0,C,205,1
289.29651723501,72,41.0189608996734,30.9810391003266,0,I,206,1
43.6869132917855,72,41.0629552323371,2.62395805944839,1,C,207,1
70.7701870033607,72,41.2024149857461,29.5677720176145,1,I,208,1
45.8052747196928,72,41.285091843456,4.52018287623676,1,C,209,1
231.917165494666,72,41.3172924611717,30.6827075388283,0,I,210,1
170.637587019992,72,41.371031482704,30.628968517296,0,C,211,1
123.688051925592,52.1147556368374,42.0906384615228,10.0241171753147,0,I,212,1
85.1676659634357,72,42.6410281285644,29.3589718714356,0,C,213,1
119.284836421603,72,42.8524751029909,29.1475248970091,0,I,214,1
121.524463045672,72,43.1877248128876,28.8122751871124,0,C,215,1
164.694505695939,72,43.2556680450216,28.7443319549784,0,I,216,1
77.6894801372373,72,43.6150870285928,28.3849129714072,0,C,217,1
237.053461942719,72,43.6436441866681,28.3563558133319,0,I,218,1
53.0836203513412,72,43.7358412938193,9.34777905752197,1,C,219,1
150.462861057226,72,44.0922016091645,27.9077983908355,0,I,220,1
180.50182252795,72,44.1741796536371,27.8258203463629,0,C,221,1
76.4850042391866,72,44.2062578955665,27.7937421044335,0,I,222,1
80.8360330450857,72,44.518587780185,27.481412219815,0,C,223,1
155.220958903555,72,44.5342339854687,27.4657660145313,0,I,224,1
430.90785154462,72,44.8014655709267,27.1985344290733,0,C,225,1
116.113947453017,72,44.8215629300103,27.1784370699897,0,I,226,1
47.7390727131513,72,45.1706426683813,2.56843004476995,1,C,227,1
125.694257003765,60.1033560930471,45.4828507779166,14.6205053151305,0,I,228,1
125.622886274664,72,45.4930416494608,26.5069583505392,0,C,229,1
104.707596768729,72,45.4965955903754,26.5034044096246,0,I,230,1
316.18372730741,72,45.5315273534507,26.4684726465493,0,C,231,1
111.144642426348,72,45.6794318603352,26.3205681396648,0,I,232,1
611.666423176883,72,45.7408929616213,26.2591070383787,0,C,233,1
70.1471340393685,72,45.8482349384576,24.2988991009109,1,I,234,1
46.0528488347218,72,45.8509894832969,0.201859351424881,1,C,235,1
233.890822164498,72,46.2596363201737,25.7403636798263,0,I,236,1
638.318464009786,72,46.2951007112861,25.7048992887139,0,C,237,1
104.24485434216,72,46.2968215998262,25.7031784001738,0,I,238,1
238.236419982237,72,46.7388837877661,25.2611162122339,0,C,239,1
147.865640756599,72,46.7923736153171,25.207626384683,0,I,240,1
284.988235044601,72,46.9798518810421,25.0201481189579,0,C,241,1
439.246782691854,72,47.0928976451978,24.9071023548022,0,I,242,1
63.8382543324817,72,47.130799270235,16.7074550622467,1,C,243,1
91.9807038839949,72,47.1873188205063,24.8126811794937,0,I,244,1
96.3447435512125,72,47.3988868994638,24.6011131005362,0,C,245,1
307.757534737484,72,47.4329066555947,24.5670933444053,0,I,246,1
231.825160443465,72,47.4590708920732,24.5409291079268,0,C,247,1
63.8855583411849,72,47.5424677412957,16.3430905998892,1,I,248,1
194.66335615493,52.1098389557696,47.5444122590125,4.56542669675708,0,C,249,1
199.585724744528,72,47.7127463417128,24.2872536582872,0,I,250,1
55.9851151191483,72,47.8485977975652,8.13651732158314,1,C,251,1
49.1397766925117,72,48.0234152125195,1.11636147999226,1,I,252,1
330.769172205886,72,48.3221615944058,23.6778384055942,0,C,253,1
70.3361350940598,72,48.3329227706417,22.003212323418,1,I,254,1
119.65963064665,72,48.5106848459691,23.4893151540309,0,C,255,1
128.311191521151,66.7177332775924,48.6017881007865,18.1159451768058,0,I,256,1
373.903939629401,72,49.2598509136587,22.7401490863413,0,C,257,1
99.0972353159492,61.8507233519026,49.2910415260121,12.5596818258905,0,I,258,1
104.53261882756,72,49.5311573334038,22.4688426665962,0,C,259,1
410.402422051999,72,49.9846483021975,22.0153516978025,0,I,260,1
93.258860790034,64.8785380915789,50.0443056877703,14.8342324038086,0,C,261,1
99.6567092344694,72,50.1127410773188,21.8872589226812,0,I,262,1
127.568436565793,72,50.1261417428032,21.8738582571968,0,C,263,1
76.0761551316878,72,50.2649107994512,21.7350892005488,0,I,264,1
119.856486548827,72,50.5426184087992,21.4573815912008,0,C,265,1
95.12412755501,72,50.9007533965632,21.0992466034368,0,I,266,1
128.2044828031,72,51.1223072838038,20.8776927161962,0,C,267,1
96.2747175684331,72,51.6251273872331,20.3748726127669,0,I,268,1
57.877009952335,72,51.6406408231705,6.23636912916441,1,C,269,1
118.095217940121,63.1745465308869,51.8064030446112,11.3681434862757,0,I,270,1
92.6404759389835,72,51.8156998464838,20.1843001535162,0,C,271,1
64.9063066781743,72,51.8209332833067,13.0853733948676,1,I,272,1
102.441449109843,72,52.2396850772202,19.7603149227798,0,C,273,1
190.090428476756,72,52.3906714562327,19.6093285437673,0,I,274,1
67.6168123185947,72,52.4833625089377,15.1334498096569,1,C,275,1
414.26479069547,72,52.9140261467546,19.0859738532454,0,I,276,1
81.7565124932079,72,52.9460933525115,19.0539066474885,0,C,277,1
101.978544214973,61.270922213058,54.1416584188119,7.12926379424612,0,I,278,1
98.7829011837957,72,54.2709568608552,17.7290431391448,0,C,279,1
320.386710292969,57.9175029253666,54.3393605807796,3.57814234458697,0,I,280,1
342.812501202226,72,54.4241466047242,17.5758533952758,0,C,281,1
92.7918882513054,72,54.7701206244528,17.2298793755472,0,I,282,1
474.2256672399,72,54.9157043779269,17.0842956220731,0,C,283,1
150.629269437576,72,55.2804619492963,16.7195380507037,0,I,284,1
123.826768024152,72,55.3894064482302,16.6105935517699,0,C,285,1
134.159928544582,72,55.4291206179187,16.5708793820813,0,I,286,1
187.072128119126,72,55.5741123575717,16.4258876424283,0,C,287,1
373.776176134611,72,55.8773727994412,16.1226272005588,0,I,288,1
115.655117505033,72,56.0161112202331,15.9838887797669,0,C,289,1
74.5381432789634,72,56.0969964740798,15.9030035259202,0,I,290,1
217.179912520489,72,56.6814243653789,15.3185756346211,0,C,291,1
346.143401860013,72,56.8797390349209,15.1202609650791,0,I,292,1
230.145883517422,72,57.0131644047797,14.9868355952203,0,C,293,1
350.171202309041,72,57.3161147441715,14.6838852558285,0,I,294,1
71.5023783695484,72,57.6927929045633,13.8095854649851,1,C,295,1
483.299317307064,72,57.788303475827,14.211696524173,0,I,296,1
223.201801935909,72,57.7927294699475,14.2072705300525,0,C,297,1
214.548443144188,72,58.0643848702312,13.9356151297688,0,I,298,1
121.697142915942,72,58.2100605452433,13.7899394547567,0,C,299,1
230.792537140624,72,58.2232253160328,13.7767746839672,0,I,300,1
140.969268209305,72,58.4258299134672,13.5741700865328,0,C,301,1
314.418916672285,72,58.8670356664807,13.1329643335193,0,I,302,1
367.651993351571,72,58.9237237628549,13.0762762371451,0,C,303,1
151.894895274431,72,59.1436062427238,12.8563937572762,0,I,304,1
102.667763769009,72,59.4755405047908,12.5244594952092,0,C,305,1
186.70285673552,72,59.5581829547882,12.4418170452118,0,I,306,1
62.5679493669201,72,59.5650078635663,3.00294150335377,1,C,307,1
98.2367522759455,72,59.8565422184765,12.1434577815235,0,I,308,1
17.3667145626173,72,0.0144103774800897,17.3523041851373,1,I,1,2
58.8846366963948,72,0.0226275064051151,58.8620091899897,1,C,2,2
58.5366378248481,72,0.10138001292944,58.4352578119186,1,I,3,2
157.785981368628,72,0.457734502851963,71.542265497148,0,C,4,2
49.6328215788745,72,0.54255532566458,49.09026625321,1,I,5,2
332.583177422736,72,0.773519254289568,71.2264807457104,0,C,6,2
512.335880432042,72,1.04032576549798,70.959674234502,0,I,7,2
52.9940630371275,27.6444970323039,1.23551127500832,26.4089857572956,0,C,8,2
120.039144480644,72,1.40805561561137,70.5919443843886,0,I,9,2
30.9936702753036,72,1.5078554302454,29.4858148450582,1,C,10,2
13.3127196309467,72,1.65256551001221,11.6601541209345,1,I,11,2
188.375969526054,72,1.69471784960479,70.3052821503952,0,C,12,2
77.7886186808778,72,1.75440299324691,70.2455970067531,0,I,13,2
194.870290029394,72,1.78098132368177,70.2190186763182,0,C,14,2
10.9422461383659,72,1.87991978600621,9.06232635235973,1,I,15,2
200.380811143603,72,1.89491981640458,70.1050801835954,0,C,16,2
173.389690986059,72,2.35829451587051,69.6417054841295,0,I,17,2
17.6050730233186,31.3419489600672,2.71460588090122,14.8904671424174,1,C,18,2
54.291886138143,72,3.15658904146403,51.1352970966789,1,I,19,2
17.5261578870713,67.6652539048936,3.41914888937026,14.107008997701,1,C,20,2
121.088840288755,72,4.18450891971588,67.8154910802841,0,I,21,2
7.1784708002028,72,4.88828826695681,2.29018253324599,1,C,22,2
410.169305737554,72,5.29761818703264,66.7023818129674,0,I,23,2
168.036438121663,72,5.47275493852794,66.5272450614721,0,C,24,2
160.090995738121,72,5.48125064000487,66.5187493599951,0,I,25,2
68.9897337865988,72,5.56403433904052,63.4256994475583,1,C,26,2
79.9786688572312,72,5.67328875884414,66.3267112411559,0,I,27,2
90.1300203162161,37.5869849029,5.82912722602487,31.7578576768751,0,C,28,2
453.146432937735,72,5.96235061995685,66.0376493800432,0,I,29,2
23.5490425071611,72,6.19798673316836,17.3510557739927,1,C,30,2
47.926970759868,72,6.40323364175856,41.5237371181095,1,I,31,2
98.8420799303129,43.1334985883755,6.43580304924399,36.6976955391316,0,C,32,2
67.5382865088394,72,6.48559056222439,61.052695946615,1,I,33,2
97.0262070908432,72,6.49410334881395,65.5058966511861,0,C,34,2
206.7384098573,72,6.61895331926644,65.3810466807336,0,I,35,2
152.374411451183,72,6.74680753145367,65.2531924685463,0,C,36,2
58.000991479898,72,7.06168944016099,50.939302039737,1,I,37,2
36.0728996699427,72,7.20991618931294,28.8629834806298,1,C,38,2
196.959993657038,72,7.34735798556358,64.6526420144364,0,I,39,2
146.247254485127,72,7.72280399221927,64.2771960077807,0,C,40,2
354.416727955284,72,7.82305522821844,64.1769447717816,0,I,41,2
177.688596894889,72,8.09301041532308,63.9069895846769,0,C,42,2
162.553312809427,72,8.46597129944712,63.5340287005529,0,I,43,2
305.147666940943,72,8.6066714907065,63.3933285092935,0,C,44,2
498.639274732243,72,9.00097566191107,62.9990243380889,0,I,45,2
140.864009256218,18.5356420959287,9.1680503077805,9.36759178814824,0,C,46,2
21.0255492136592,72,9.1757655562833,11.8497836573759,1,I,47,2
188.532270025837,72,9.1828909702599,62.8171090297401,0,C,48,2
52.0731751043648,12.9089721229161,9.19375909958035,3.71521302333578,0,I,49,2
243.342842434217,72,9.40015914849937,62.5998408515006,0,C,50,2
24.5685146875025,72,9.41499799489975,15.1535166926028,1,I,51,2
28.7259709828879,10.3371532507032,9.53553259838372,0.801620652319507,0,C,52,2
58.4704935345939,72,9.725715466775,48.7447780678189,1,I,53,2
81.7803139537284,72,9.80423948261887,62.1957605173811,0,C,54,2
22.4218855199888,14.3828274720712,9.89318469073623,4.48964278133493,0,I,55,2
174.233780978658,72,9.93628717493266,62.0637128250673,0,C,56,2
46.6209621253255,10.0125066857998,9.94408235885203,0.0684243269477456,0,I,57,2
232.167296731772,72,10.0155199924484,61.9844800075516,0,C,58,2
159.070671519967,72,10.1307803532109,61.8692196467891,0,I,59,2
98.2830528029073,72,10.4221124108881,61.5778875891119,0,C,60,2
52.1147092413736,72,11.1513237515464,40.9633854898271,1,I,61,2
155.999653630334,72,11.1823926027864,60.8176073972136,0,C,62,2
140.929832962802,50.2076764643033,11.2840531999245,38.9236232643788,0,I,63,2
161.196256524421,72,11.5211361693218,60.4788638306782,0,C,64,2
61.0785365622965,72,11.6948135336861,49.3837230286104,1,I,65,2
224.983310492698,72,11.855104258284,60.144895741716,0,C,66,2
41.7172119396535,72,11.8948085093871,29.8224034302664,1,I,67,2
96.6316872076984,72,11.9029478123412,60.0970521876589,0,C,68,2
85.6977629761731,72,12.0766200777143,59.9233799222857,0,I,69,2
36.8963889488884,72,12.2225140174851,24.6738749314033,1,C,70,2
46.9642783956535,72,12.7723047696054,34.1919736260481,1,I,71,2
28.685425842752,72,12.8831165609881,15.8023092817638,1,C,72,2
80.1044841545597,72,13.0519790668041,58.948020933196,0,I,73,2
93.62289106927,72,13.3833050122485,58.6166949877516,0,C,74,2
89.2636808063273,72,13.3911809278652,58.6088190721348,0,I,75,2
215.143217919317,72,13.6760916374624,58.3239083625376,0,C,76,2
175.045942564295,72,14.0083999978378,57.9916000021622,0,I,77,2
69.5392013797347,72,14.0437347628176,55.4954666169171,1,C,78,2
116.796701559285,72,14.1949983173981,57.8050016826019,0,I,79,2
39.5791383841289,57.939626288152,14.1980042355135,25.3811341486154,1,C,80,2
201.551461251448,72,14.2720120679587,57.7279879320413,0,I,81,2
113.717934669395,72,14.3440053937957,57.6559946062043,0,C,82,2
141.090112296334,72,14.5164389815182,57.4835610184819,0,I,83,2
14.7530219449116,24.9231665718804,14.5953523088247,0.157669636086929,1,C,84,2
24.773248899814,72,14.7647896595299,10.0084592402841,1,I,85,2
114.033532554226,72,14.7684284392744,57.2315715607256,0,C,86,2
34.5316413772341,69.8258381644252,15.6490194238722,18.8826219533619,1,I,87,2
547.411199384033,72,15.6846666801721,56.3153333198279,0,C,88,2
548.967790654295,72,16.4063312206417,55.5936687793583,0,I,89,2
271.183809072239,72,16.4168088510633,55.5831911489368,0,C,90,2
182.731344117791,72,16.7187970876694,55.2812029123306,0,I,91,2
74.1823764942899,72,16.7321984656155,55.2678015343845,0,C,92,2
210.725745007175,72,17.4146044487134,54.5853955512866,0,I,93,2
37.0865285104016,20.2922310535854,17.5727494759485,2.7194815776369,0,C,94,2
109.925557962416,72,18.056557844393,53.9434421556071,0,I,95,2
336.736146901347,72,18.0781656363979,53.9218343636021,0,C,96,2
274.407180083432,72,18.4434557240456,53.5565442759544,0,I,97,2
32.9775281990446,72,18.6164965527132,14.3610316463314,1,C,98,2
77.8155564601924,72,18.7869453057647,53.2130546942353,0,I,99,2
166.752048970653,72,18.7895537540317,53.2104462459683,0,C,100,2
33.8036560038537,72,18.9193223649636,14.8843336388901,1,I,101,2
512.677303142435,72,19.0989627689123,52.9010372310877,0,C,102,2
85.3954211799441,72,19.2048014514148,52.7951985485852,0,I,103,2
288.835717399372,72,19.2864425573498,52.7135574426502,0,C,104,2
273.176128711651,72,19.6814334578812,52.3185665421188,0,I,105,2
108.480435247252,69.4095181143486,19.7493882570416,49.6601298573071,0,C,106,2
231.112029858166,72,19.770160834305,52.229839165695,0,I,107,2
93.3929046024489,72,20.0607548933476,51.9392451066524,0,C,108,2
279.340098983375,72,20.1136563112959,51.8863436887041,0,I,109,2
92.2698989825759,72,20.5522325215861,51.4477674784139,0,C,110,2
121.283566217593,72,20.8576978370547,51.1423021629453,0,I,111,2
76.9620473496427,30.0503623102247,20.9441509237513,9.10621138647345,0,C,112,2
67.1494529322852,72,21.3628959842026,45.7865569480826,1,I,113,2
120.292965867938,72,21.4762106398121,50.523789360188,0,C,114,2
33.4453210618091,72,21.4820868847892,11.9632341770199,1,I,115,2
292.237291754931,72,21.5970538789406,50.4029461210594,0,C,116,2
65.0270803505138,72,21.7515080887824,43.2755722617314,1,I,117,2
25.0663071842602,72,21.8344178237021,3.2318893605581,1,C,118,2
182.72071211972,72,21.9808490993455,50.0191509006545,0,I,119,2
91.622609379787,72,22.2286747070029,49.7713252929971,0,C,120,2
77.2121702828484,72,22.262897095643,49.737102904357,0,I,121,2
34.7384224360856,72,22.6683379244059,12.0700845116797,1,C,122,2
98.8317651331156,39.8479410004298,22.9710752656683,16.8768657347615,0,I,123,2
77.7402659700249,72,23.12243913766,48.87756086234,0,C,124,2
98.3531285831431,72,23.7865137169138,48.2134862830862,0,I,125,2
120.942022986236,72,23.8401839369908,48.1598160630092,0,C,126,2
162.381996450069,31.2391966087372,23.9054764900357,7.33372011870156,0,I,127,2
345.660720356835,72,24.1002327762544,47.8997672237456,0,C,128,2
70.7475282544314,72,24.3863784894347,46.3611497649967,1,I,129,2
73.4854389892281,72,25.1056712167338,46.8943287832663,0,C,130,2
51.572558905995,34.9364303029591,25.2500510774553,9.68637922550386,0,I,131,2
196.852288735915,72,25.2503153169528,46.7496846830472,0,C,132,2
29.0260155045998,72,25.3222664957866,3.70374900881323,1,I,133,2
76.9513195530403,72,25.4825676558539,46.5174323441461,0,C,134,2
35.2787543833703,72,25.5667879711837,9.71196641218666,1,I,135,2
49.6703812343568,72,25.7466201670468,23.92376106731,1,C,136,2
79.7208948098039,72,25.9233703091741,46.0766296908259,0,I,137,2
705.609836585619,68.0870087383738,26.0082529764622,42.0787557619116,0,C,138,2
181.430130908668,72,26.1227322695777,45.8772677304223,0,I,139,2
52.7420254179476,71.7567602146069,26.1472076363862,26.5948177815614,1,C,140,2
55.5529495459797,72,26.2484887428582,29.3044608031216,1,I,141,2
52.6920757298674,46.5317747305538,26.2925924314186,20.2391822991351,0,C,142,2
317.942297626991,72,26.3861398212612,45.6138601787388,0,I,143,2
50.5921465756769,72,26.4085126854479,24.183633890229,1,C,144,2
57.7482535749532,72,27.1281123301014,30.6201412448517,1,I,145,2
74.8010427964392,72,27.2604381060228,44.7395618939772,0,C,146,2
138.815971362794,31.7591235610056,27.4282886087894,4.33083495221618,0,I,147,2
33.2346473788274,72,27.4816587986425,5.75298858018499,1,C,148,2
108.127651982308,72,27.5995539966971,44.4004460033029,0,I,149,2
105.47000002336,72,27.7316745417193,44.2683254582807,0,C,150,2
289.859760284141,72,27.8367351181805,44.1632648818195,0,I,151,2
145.103728629747,72,28.2639742037281,43.7360257962719,0,C,152,2
75.0150963574746,30.1415988935556,28.3410048438236,1.80059404973201,0,I,153,2
102.311714827845,72,28.4147017356008,43.5852982643992,0,C,154,2
60.6958761684041,72,29.0252324659377,31.6706437024663,1,I,155,2
60.4901435175168,72,29.0297858091071,31.4603577084097,1,C,156,2
128.260257905156,72,29.5671631582081,42.4328368417919,0,I,157,2
41.5254903981486,72,29.7113260673359,11.8141643308127,1,C,158,2
46.6953375823232,72,29.7406040411443,16.954733541179,1,I,159,2
86.3057252566876,72,29.7990677179769,42.2009322820231,0,C,160,2
149.556376100212,72,29.8291515558958,42.1708484441042,0,I,161,2
55.2635600406777,72,30.0663952203468,25.1971648203309,1,C,162,2
112.482004452857,72,30.306592527777,41.693407472223,0,I,163,2
171.369224386085,72,30.6891370145604,41.3108629854396,0,C,164,2
268.907123953221,72,30.8916942123324,41.1083057876676,0,I,165,2
100.756031405597,72,31.0371802188456,40.9628197811544,0,C,166,2
815.368083929674,72,31.0538228368387,40.9461771631613,0,I,167,2
124.583009432123,72,31.0621738946065,40.9378261053935,0,C,168,2
119.137103391189,72,31.4071554969996,40.5928445030004,0,I,169,2
288.401357724879,72,31.4544147346169,40.5455852653831,0,C,170,2
234.542468295705,72,31.6576626431197,40.3423373568803,0,I,171,2
211.836653150105,32.4765849169386,31.8590338295326,0.617551087405985,0,C,172,2
48.3616693728623,72,31.9978953246027,16.3637740482596,1,I,173,2
127.973151007212,72,32.3500916641206,39.6499083358794,0,C,174,2
255.287563971474,39.3906707832113,32.4624336278066,6.92823715540474,0,I,175,2
52.8364189547363,72,32.5450751697645,20.2913437849718,1,C,176,2
203.130473482795,72,32.7428272040561,39.2571727959439,0,I,177,2
224.411661008302,72,32.7525239624083,39.2474760375917,0,C,178,2
114.790821358793,55.6705174862129,32.9733209917322,22.6971964944807,0,I,179,2
94.260174764536,72,33.1891733128577,38.8108266871423,0,C,180,2
48.6419669076399,72,33.1962443562225,15.4457225514174,1,I,181,2
192.215974285985,72,33.527254764922,38.472745235078,0,C,182,2
120.003041978695,72,33.961862702854,38.038137297146,0,I,183,2
154.303504155222,72,33.9876046590507,38.0123953409493,0,C,184,2
228.258946000284,72,34.0394385159016,37.9605614840984,0,I,185,2
93.4820584945731,72,34.2483834782615,37.7516165217385,0,C,186,2
111.491905280999,72,34.6770991338417,37.3229008661583,0,I,187,2
133.991487765506,72,34.7047164151445,37.2952835848555,0,C,188,2
65.371120072409,72,34.7109941532835,30.6601259191255,1,I,189,2
47.4304401820498,53.1468176316969,34.7839028108865,12.6465373711633,1,C,190,2
145.768566122586,72,34.9391549360007,37.0608450639993,0,I,191,2
113.132215556167,72,34.9402681784704,37.0597318215296,0,C,192,2
81.7816879575378,72,35.1146940328181,36.8853059671819,0,I,193,2
68.7854384178591,72,35.2293876931071,33.5560507247519,1,C,194,2
61.7580601509572,40.3062412647834,35.4435443133116,4.86269695147181,0,I,195,2
277.096534419762,72,35.6392222456634,36.3607777543366,0,C,196,2
179.721594935082,42.7418723765975,35.6980634154752,7.04380896112234,0,I,197,2
144.219101636984,67.2070176829659,35.7976419338957,31.4093757490702,0,C,198,2
193.413649811129,72,35.9180057700723,36.0819942299277,0,I,199,2
166.799160620315,72,35.9696781914681,36.0303218085319,0,C,200,2
145.541259083294,72,36.4727754006162,35.5272245993838,0,I,201,2
69.2059151634327,72,36.5106478566304,32.6952673068023,1,C,202,2
86.8693486174729,72,36.5472724847496,35.4527275152504,0,I,203,2
70.7047563250793,72,36.6689573647454,34.0357989603338,1,C,204,2
131.707587938743,72,36.694818274118,35.305181725882,0,I,205,2
288.79409950307,51.7101430224569,36.7278525838628,14.982290438594,0,C,206,2
74.239142527751,72,36.9646020792425,35.0353979207575,0,I,207,2
38.9485070100534,72,37.1386233530939,1.80988365695956,1,C,208,2
80.2944006831106,72,37.1397833526135,34.8602166473866,0,I,209,2
371.151552797322,72,37.1456787502393,34.8543212497607,0,C,210,2
146.342915431738,72,37.1641106670722,34.8358893329278,0,I,211,2
86.0268923570725,72,37.3055853741244,34.6944146258757,0,C,212,2
95.309165629379,72,37.3580004600808,34.6419995399192,0,I,213,2
143.636956430585,72,37.7489824360237,34.2510175639764,0,C,214,2
252.45927387987,60.8053705856962,37.8480327269062,22.9573378587899,0,I,215,2
92.8861741077266,72,37.9626464098692,34.0373535901308,0,C,216,2
63.1754615264749,72,38.2035353081301,24.9719262183448,1,I,217,2
167.714667961108,72,38.2677605934441,33.7322394065559,0,C,218,2
127.887273974078,72,38.860050723888,33.139949276112,0,I,219,2
176.202081901795,72,38.8992844708264,33.1007155291736,0,C,220,2
87.7012918778952,72,38.9114381326363,33.0885618673638,0,I,221,2
211.662132628716,72,39.4919252302498,32.5080747697502,0,C,222,2
46.0053480979738,65.483224314127,39.6560706244782,6.34927747349565,1,I,223,2
240.483948078912,72,39.7458320204169,32.2541679795831,0,C,224,2
63.3921319260594,72,39.8145913565531,23.5775405695062,1,I,225,2
81.0270422926238,72,39.8550412477925,32.1449587522075,0,C,226,2
409.184150749504,72,40.1462109060958,31.8537890939042,0,I,227,2
264.96799983327,72,40.5843255249783,31.4156744750217,0,C,228,2
137.953256725371,72,40.7439520955086,31.2560479044914,0,I,229,2
212.786388797888,72,40.8108201948926,31.1891798051074,0,C,230,2
51.9808994743952,72,40.9749486716464,11.0059508027488,1,I,231,2
117.784544635843,72,41.3319791061804,30.6680208938196,0,C,232,2
302.967683205381,72,41.3977415068075,30.6022584931925,0,I,233,2
236.351659619128,72,41.538381529972,30.461618470028,0,C,234,2
177.365153617372,72,41.6431958321482,30.3568041678518,0,I,235,2
93.0086861559603,72,41.8994172010571,30.1005827989429,0,C,236,2
80.2619006211314,57.9542415461358,43.1235331809148,14.8307083652209,0,I,237,2
70.6729158364242,72,43.4899766603485,27.1829391760757,1,C,238,2
45.0440965987964,72,43.7988060666248,1.24529053217162,1,I,239,2
53.9683836475229,72,44.1173791419715,9.85100450555142,1,C,240,2
218.188457770673,72,44.3730573076755,27.6269426923245,0,I,241,2
89.4581962001005,72,44.4212309690192,27.5787690309808,0,C,242,2
177.925725922011,72,44.568551746197,27.431448253803,0,I,243,2
145.330335523299,72,44.6842862572521,27.3157137427479,0,C,244,2
96.3258966810298,61.6430002913167,44.9724897835404,16.6705105077763,0,I,245,2
55.7731914846901,72,45.2390146208927,10.5341768637974,1,C,246,2
133.972257348669,58.2545767508034,45.3019039984793,12.9526727523242,0,I,247,2
303.587574806176,72,45.5639116605744,26.4360883394256,0,C,248,2
69.2122471638344,72,45.5997110763565,23.6125360874779,1,I,249,2
79.9806792588314,72,45.9042856190354,26.0957143809646,0,C,250,2
124.349640143201,72,45.9639161964878,26.0360838035122,0,I,251,2
121.794572873693,72,46.0132904816419,25.9867095183581,0,C,252,2
370.202546345237,72,46.0308728087694,25.9691271912307,0,I,253,2
338.710625387788,55.3779043131361,46.1032316135243,9.27467269961188,0,C,254,2
47.1910729615569,64.5093780431566,46.4800289645791,0.711043996977766,1,I,255,2
243.911428656882,72,46.7701596720144,25.2298403279856,0,C,256,2
76.6784309772511,72,46.8101485446096,25.1898514553905,0,I,257,2
366.093031228692,72,46.8539397558197,25.1460602441803,0,C,258,2
52.24053486072,72,46.8932827049866,5.34725215573332,1,I,259,2
75.7546277437616,72,47.1495995856822,24.8504004143179,0,C,260,2
130.752050551525,72,47.3709949012846,24.6290050987154,0,I,261,2
243.726175011136,72,47.6128350337967,24.3871649662033,0,C,262,2
469.790811850223,72,47.7272695396096,24.2727304603905,0,I,263,2
54.5946032072176,72,48.4727674908936,6.12183571632403,1,C,264,2
194.27875488393,72,48.502881671302,23.497118328698,0,I,265,2
59.087140794333,72,48.5307813249528,10.5563594693801,1,C,266,2
125.327618936192,72,48.6444734036923,23.3555265963078,0,I,267,2
80.4420432891648,72,48.7087695579976,23.2912304420024,0,C,268,2
98.906203933715,72,48.7832806399092,23.2167193600908,0,I,269,2
79.219510735398,72,48.8074284698814,23.1925715301186,0,C,270,2
73.791045651545,72,48.8320934632793,23.1679065367207,0,I,271,2
289.697388427036,72,48.9123356854543,23.0876643145457,0,C,272,2
83.9321360472913,72,48.9655339624733,23.0344660375267,0,I,273,2
184.429975133795,72,49.2168037220836,22.7831962779164,0,C,274,2
50.2668392411431,72,49.4045300222933,0.862309218849731,1,I,275,2
161.185883508868,72,49.4674994889647,22.5325005110353,0,C,276,2
54.3931321619355,72,49.5703764958307,4.82275566610479,1,I,277,2
127.775147098979,72,49.7359080333263,22.2640919666737,0,C,278,2
76.6494839673152,72,49.7402544273064,22.2597455726936,0,I,279,2
138.728515785779,72,50.4333334229887,21.5666665770113,0,C,280,2
100.566332378141,72,51.1499460786581,20.8500539213419,0,I,281,2
77.5805265980264,72,51.5782242827117,20.4217757172883,0,C,282,2
87.1726070142448,72,51.7367953760549,20.2632046239451,0,I,283,2
584.885345850963,72,51.8391777388752,20.1608222611249,0,C,284,2
91.7576165974617,72,51.9987628888339,20.0012371111661,0,I,285,2
132.578751393097,72,52.2183659439907,19.7816340560094,0,C,286,2
617.724754265223,56.9442711221014,52.2744883177802,4.66978280432115,0,I,287,2
101.554571526335,72,52.3376950621605,19.6623049378395,0,C,288,2
53.6079558520168,72,52.4455847404897,1.16237111152711,1,I,289,2
101.947212310498,72,52.5073698861525,19.4926301138476,0,C,290,2
186.793593234227,72,52.9349167551845,19.0650832448155,0,I,291,2
96.8011082667064,72,53.1738789891824,18.8261210108176,0,C,292,2
124.937201867753,72,53.2815924379975,18.7184075620025,0,I,293,2
326.100302251751,72,53.2839805539697,18.7160194460303,0,C,294,2
102.438012927847,72,53.9698318764567,18.0301681235433,0,I,295,2
233.749230619296,72,54.1332140984014,17.8667859015986,0,C,296,2
184.606626892777,72,54.1549450764433,17.8450549235567,0,I,297,2
129.120610593756,72,54.3784513045102,17.6215486954898,0,C,298,2
106.382156152054,56.0437201373972,54.444511346519,1.59920879087821,0,I,299,2
62.5422409016847,72,54.9670533556491,7.57518754603563,1,C,300,2
206.480606993835,72,55.286098360084,16.713901639916,0,I,301,2
173.720151326618,72,55.6747857900336,16.3252142099664,0,C,302,2
289.88790897791,72,55.7052493840456,16.2947506159544,0,I,303,2
77.7576348323849,72,56.2756985379383,15.7243014620617,0,C,304,2
166.877405076597,72,56.3662410294637,15.6337589705363,0,I,305,2
86.7525771496497,72,56.9435856398195,15.0564143601805,0,C,306,2
396.874987284041,72,57.3316403059289,14.6683596940711,0,I,307,2
746.321666740726,72,57.4433192471042,14.5566807528958,0,C,308,2
241.241081028975,72,57.4573800573126,14.5426199426875,0,I,309,2
320.11116748294,63.3758834766485,57.5380105571821,5.83787291946634,0,C,310,2
137.189666309623,67.7071800376135,57.5833401968703,10.1238398407432,0,I,311,2
272.761446749644,72,57.9075989266858,14.0924010733143,0,C,312,2
124.167715409696,72,58.3729645656422,13.6270354343578,0,I,313,2
239.161248710271,72,58.3749228157103,13.6250771842897,0,C,314,2
59.1920869927159,72,58.3823609864339,0.809726006281957,1,I,315,2
120.312582304591,72,58.5285335266963,13.4714664733037,0,C,316,2
412.771554017108,72,58.6392097827047,13.3607902172953,0,I,317,2
64.7221496059035,72,58.6713321413845,6.05081746451903,1,C,318,2
152.30413273142,70.2860317706889,58.9035084564239,11.382523314265,0,I,319,2
128.944588308324,72,59.1130708297715,12.8869291702285,0,C,320,2
192.693823746352,72,59.4583451002836,12.5416548997164,0,I,321,2
30.4169899508922,72,0.080160666257143,30.3368292846351,1,I,1,3
71.0660075092642,72,0.127662615850568,70.9383448934136,1,C,2,3
99.6533572415616,72,0.315280021168292,71.6847199788317,0,I,3,3
172.4279332776,72,0.782390884123743,71.2176091158763,0,C,4,3
332.41944979999,36.7249815168638,0.89461246971041,35.8303690471534,0,I,5,3
29.9564861808757,72,1.42048289068043,28.5360032901952,1,C,6,3
198.41281721508,43.0825121537334,1.77756157703698,41.3049505766964,0,I,7,3
81.4765156263565,72,1.81331309024245,70.1866869097576,0,C,8,3
233.513941933676,72,1.89985839184374,70.1001416081563,0,I,9,3
29.1054355462997,72,2.03800668474287,27.0674288615568,1,C,10,3
220.481947882931,72,2.05315715633333,69.9468428436667,0,I,11,3
38.226649000603,72,2.32186158187687,35.9047874187261,1,C,12,3
109.731277270644,72,2.37887715920806,69.6211228407919,0,I,13,3
312.541685540427,14.0338209794678,2.48517857864499,11.5486424008228,0,C,14,3
241.620699404671,52.2489760248282,2.50956520903856,49.7394108157897,0,I,15,3
11.1248418959529,72,2.8308637579903,8.2939781379626,1,C,16,3
54.9621178234202,72,2.87074231076986,52.0913755126503,1,I,17,3
16.2162555425376,21.7654885818533,2.9213250707835,13.2949304717541,1,C,18,3
385.180499893139,72,3.21024413220584,68.7897558677942,0,I,19,3
13.4579426956111,72,3.53197643067688,9.9259662649342,1,C,20,3
59.7708108261955,51.6867177906656,3.66988403722644,48.0168337534392,0,I,21,3
235.393262956704,51.6108229230974,3.69151774328202,47.9193051798154,0,C,22,3
56.5105341636302,72,3.82088142447174,52.6896527391584,1,I,23,3
244.346745359608,48.355366670136,3.90796024817973,44.4474064219562,0,C,24,3
86.7881206872456,48.7847159465028,4.11608061287552,44.6686353336273,0,I,25,3
72.7443325682887,72,4.62138711009175,67.3786128899083,0,C,26,3
204.371043941896,72,4.83999035786837,67.1600096421316,0,I,27,3
462.898057486679,17.5451181440601,5.12442911043763,12.4206890336224,0,C,28,3
281.397616305234,72,5.38046688772738,66.6195331122726,0,I,29,3
177.224530023249,72,5.61927226837724,66.3807277316228,0,C,30,3
105.401694040052,72,5.65737002994865,66.3426299700514,0,I,31,3
25.6355103571927,72,5.72858431376517,19.9069260434275,1,C,32,3
26.7348432050378,72,5.93920270912349,20.7956404959143,1,I,33,3
15.9695759908194,72,6.61976398900151,9.34981200181784,1,C,34,3
218.869162432848,28.8599792200728,6.65041343774647,22.2095657823263,0,I,35,3
92.2463506070978,13.5951483116738,6.70077442657203,6.89437388510173,0,C,36,3
218.044896530312,72,6.7694688308984,65.2305311691016,0,I,37,3
49.694715595577,72,6.8881849385798,42.8065306569972,1,C,38,3
136.65307649819,72,7.02616281341761,64.9738371865824,0,I,39,3
25.4189501329391,72,7.18195041641593,18.2369997165232,1,C,40,3
161.96696536892,9.14745841208594,7.50426627695561,1.64319213513034,0,I,41,3
20.7497603299028,72,7.52409621141851,13.2256641184843,1,C,42,3
81.9390119653005,72,7.62358578387648,64.3764142161235,0,I,43,3
16.5327849850825,72,7.77380274608731,8.75898223899522,1,C,44,3
229.349309812617,72,7.81355453655124,64.1864454634488,0,I,45,3
49.7905606083508,26.6814952271553,7.89028835948557,18.7912068676697,0,C,46,3
11.125890533082,72,7.90876781567931,3.21712271740267,1,I,47,3
27.4750619712969,72,8.32543873228133,19.1496232390155,1,C,48,3
318.32094160029,72,8.34776013158262,63.6522398684174,0,I,49,3
31.1663025519955,24.8197524015658,8.56053009163588,16.2592223099299,0,C,50,3
118.44534584332,51.7327643863527,8.57639826368541,43.1563661226673,0,I,51,3
377.630158359957,12.9702259066939,8.59110583551228,4.37912007118167,0,C,52,3
102.664753277029,72,8.61804743763059,63.3819525623694,0,I,53,3
116.274412285791,72,8.65699142217636,63.3430085778236,0,C,54,3
75.4169736253956,72,8.69797458406538,63.3020254159346,0,I,55,3
127.432396703439,67.4825136895722,9.06641216017306,58.4161015293991,0,C,56,3
258.613680365271,72,9.44097636267543,62.5590236373246,0,I,57,3
17.3570753635702,72,9.46299665607512,7.8940787074951,1,C,58,3
63.2802381989775,59.6873019111655,9.66672799084336,50.0205739203222,0,I,59,3
80.1842292378729,72,9.77731169667095,62.2226883033291,0,C,60,3
166.949064873973,72,9.91893579717726,62.0810642028228,0,I,61,3
17.2893478198518,72,10.108426194638,7.18092162521378,1,C,62,3
259.693399000189,72,10.4256601911038,61.5743398088962,0,I,63,3
36.4902380340189,31.1040035904596,10.4468666994944,20.6571368909652,0,C,64,3
107.296423169451,72,10.5365874012932,61.4634125987068,0,I,65,3
127.53408301167,32.35173930743,10.6536009907722,21.6981383166578,0,C,66,3
36.5347718542458,72,11.1225200537592,25.4122518004866,1,I,67,3
42.966476254104,72,11.3470218004659,31.6194544536381,1,C,68,3
122.343986693998,32.4388415925351,11.8302596127614,20.6085819797736,0,I,69,3
91.0303846811137,61.7628307630294,11.8473624391481,49.9154683238812,0,C,70,3
78.7495446326687,72,11.8558034067974,60.1441965932027,0,I,71,3
346.096619026711,72,12.2305743349716,59.7694256650284,0,C,72,3
32.903405666892,72,12.5311397993937,20.3722658674983,1,I,73,3
261.437635383673,72,12.5847896793857,59.4152103206143,0,C,74,3
208.850243646373,32.7932841653119,12.9226808343083,19.8706033310037,0,I,75,3
106.1538322097,72,13.205041307956,58.794958692044,0,C,76,3
29.8808764651059,28.6406142602397,13.4161306684837,15.2244835917561,0,I,77,3
114.287451018386,72,13.4779617609456,58.5220382390544,0,C,78,3
47.6384572473091,34.4939643536104,13.6443885834888,20.8495757701216,0,I,79,3
185.821168781056,53.8029341491725,14.0459343418479,39.7569998073246,0,C,80,3
72.618165467767,72,14.1145756607875,57.8854243392125,0,I,81,3
72.9261734647447,72,14.4623590121046,57.5376409878954,0,C,82,3
174.96172330961,72,14.633378405124,57.3666215948761,0,I,83,3
275.335061483106,72,14.8770356923342,57.1229643076658,0,C,84,3
107.14160347698,72,15.0027788523585,56.9972211476415,0,I,85,3
285.294523659892,72,15.1228202087805,56.8771797912195,0,C,86,3
30.7574223465211,72,15.7593835238367,14.9980388226844,1,I,87,3
235.955590199031,72,15.9274693205953,56.0725306794047,0,C,88,3
125.210025720937,72,16.209692498669,55.790307501331,0,I,89,3
228.207787516352,72,16.4012916292995,55.5987083707005,0,C,90,3
32.942200896655,72,16.4222404221073,16.5199604745477,1,I,91,3
168.905556572855,72,16.4690474141389,55.5309525858611,0,C,92,3
153.91988088938,72,16.6849494539201,55.3150505460799,0,I,93,3
247.204330641115,72,16.8555626319721,55.1444373680279,0,C,94,3
93.7436980681229,72,17.012246302329,54.987753697671,0,I,95,3
103.336959250894,72,17.1859210124239,54.8140789875761,0,C,96,3
142.774011012255,72,17.5773396575823,54.4226603424177,0,I,97,3
52.9783223164691,72,17.7526352321729,35.2256870842961,1,C,98,3
108.394094865085,72,17.8977294126526,54.1022705873475,0,I,99,3
26.7712867185823,71.6806354620368,17.9708401439711,8.80044657461118,1,C,100,3
256.336278561486,72,18.0851830495521,53.9148169504479,0,I,101,3
403.335592149491,72,18.2430639630184,53.7569360369816,0,C,102,3
76.3817473212315,72,18.5000907629728,53.4999092370272,0,I,103,3
33.9171939500835,72,18.7347166612744,15.182477288809,1,C,104,3
191.789292941734,72,19.2264811322093,52.7735188677907,0,I,105,3
85.2595960951908,72,19.2477013589814,52.7522986410186,0,C,106,3
116.981392544788,72,19.7017659293488,52.2982340706512,0,I,107,3
189.959284316431,72,20.167812500149,51.832187499851,0,C,108,3
73.6132314997716,58.8403790185394,20.7508587744087,38.0895202441307,0,I,109,3
58.3203568294284,72,21.1592180840671,37.1611387453613,1,C,110,3
33.6549740485305,72,21.293477746658,12.3614963018725,1,I,111,3
144.730319443184,72,21.3915594667196,50.6084405332804,0,C,112,3
159.624967712556,72,21.41830871813,50.58169128187,0,I,113,3
86.8798963625819,72,21.4696212764829,50.5303787235171,0,C,114,3
23.0375297765857,72,21.5889150090516,1.44861476753416,1,I,115,3
154.532222137061,72,22.1508310502395,49.8491689497605,0,C,116,3
135.804066832859,72,22.4598683975637,49.5401316024363,0,I,117,3
553.790370065239,23.1804164299631,22.6767224259675,0.503694003995623,0,C,118,3
44.3961037986899,72,23.3515821537003,21.0445216449896,1,I,119,3
60.4944741531085,72,24.0446348581463,36.4498392949622,1,C,120,3
66.4571932916753,72,24.1334405355155,42.3237527561597,1,I,121,3
226.123599901734,72,24.163284022361,47.836715977639,0,C,122,3
84.7895019965672,72,24.9344391888008,47.0655608111993,0,I,123,3
196.113901556158,72,25.1097913412377,46.8902086587623,0,C,124,3
30.5358701666611,72,25.2168609201908,5.31900924647027,1,I,125,3
92.0391122543147,72,25.370787656866,46.629212343134,0,C,126,3
266.388819793409,63.4910664977767,25.4712112667039,38.0198552310728,0,I,127,3
165.741595171376,72,25.6349237496033,46.3650762503967,0,C,128,3
224.877205629456,72,25.7817843044177,46.2182156955823,0,I,129,3
26.6051530329869,72,25.8293584361672,0.775794596819669,1,C,130,3
122.143781413262,57.3179176745567,25.91990981251,31.3980078620467,0,I,131,3
127.488497391364,72,26.0262745013461,45.973725498654,0,C,132,3
211.408255699065,37.0425142119601,26.1516910605133,10.8908231514469,0,I,133,3
40.3145762922439,72,26.2218494759873,14.0927268162566,1,C,134,3
196.428510635478,72,26.3075773464516,45.6924226535484,0,I,135,3
140.237174444866,72,26.372865526937,45.6271344730631,0,C,136,3
363.997325309028,58.9423031298164,26.7242563795298,32.2180467502866,0,I,137,3
86.6138642189607,72,26.8900563195348,45.1099436804652,0,C,138,3
515.36144897342,72,27.1717503340915,44.8282496659085,0,I,139,3
108.493787419055,72,27.341566728428,44.658433271572,0,C,140,3
157.885292728923,72,27.6356475194916,44.3643524805084,0,I,141,3
187.363228660073,72,27.7915668021888,44.2084331978113,0,C,142,3
37.0591202542057,72,28.1071574985981,8.95196275560759,1,I,143,3
44.3668578944218,38.6596492924212,28.4815822681412,10.17806702428,0,C,144,3
139.602661027936,72,28.6402768129483,43.3597231870517,0,I,145,3
90.619446784294,72,28.8464838545769,43.1535161454231,0,C,146,3
194.404526482385,50.9646575156316,29.0483285766095,21.9163289390221,0,I,147,3
197.110094545642,50.7741273244569,29.2987296357751,21.4753976886818,0,C,148,3
81.2380766786232,72,29.3107998138294,42.6892001861706,0,I,149,3
46.358104654457,63.6347321420201,29.4379479624331,16.9201566920239,1,C,150,3
95.8433019010833,72,29.5090100588277,42.4909899411723,0,I,151,3
91.9330681024611,72,30.3832914400846,41.6167085599154,0,C,152,3
285.336687895089,72,30.6393637089059,41.3606362910941,0,I,153,3
178.011702177392,72,30.7101740688086,41.2898259311914,0,C,154,3
69.7645325878192,72,30.7575647067279,39.0069678810913,1,I,155,3
133.558564500324,72,30.9586117789149,41.0413882210851,0,C,156,3
103.221152515551,72,31.0046381363645,40.9953618636355,0,I,157,3
90.2726863177281,72,31.3062687311322,40.6937312688679,0,C,158,3
42.8165837746429,72,31.3160229055211,11.5005608691218,1,I,159,3
74.2068411021627,72,31.3819725438952,40.6180274561048,0,C,160,3
247.49728843523,72,31.508169779554,40.491830220446,0,I,161,3
77.9628763997471,72,31.5944137237966,40.4055862762034,0,C,162,3
112.178096564361,72,31.7271559266374,40.2728440733627,0,I,163,3
32.5172668856854,72,31.9806644786149,0.536602407070488,1,C,164,3
129.562479137242,72,32.1973414393142,39.8026585606858,0,I,165,3
88.0428204610457,72,32.5116235669702,39.4883764330298,0,C,166,3
86.8806193554578,72,33.0678394529969,38.9321605470032,0,I,167,3
45.3302151045085,72,33.279295549728,12.0509195547805,1,C,168,3
63.5224588923288,72,33.5763953346759,29.9460635576529,1,I,169,3
172.269720842933,72,33.5950975120068,38.4049024879932,0,C,170,3
241.219754612536,72,33.7592169363052,38.2407830636948,0,I,171,3
121.189686810898,72,33.8645379943773,38.1354620056227,0,C,172,3
77.7957488475288,72,34.0343429055065,37.9656570944935,0,I,173,3
83.0433972010746,72,34.2480177618563,37.7519822381437,0,C,174,3
103.218835757888,72,34.3029442895204,37.6970557104796,0,I,175,3
224.144733648428,72,34.4452865654603,37.5547134345397,0,C,176,3
62.9527927342067,72,34.4528541807085,28.4999385534981,1,I,177,3
465.476533009166,72,34.7652536211535,37.2347463788465,0,C,178,3
143.342063973332,72,34.7686504432932,37.2313495567069,0,I,179,3
98.016197140719,72,34.8826509201899,37.1173490798101,0,C,180,3
77.1976081643093,72,35.0737725337967,36.9262274662033,0,I,181,3
147.374927703849,51.2270958946428,35.2623579651117,15.9647379295311,0,C,182,3
84.9369866001577,72,35.6671984819695,36.3328015180305,0,I,183,3
209.241887787277,56.6067152428457,36.0023094713688,20.6044057714769,0,C,184,3
125.781262536007,72,36.0250333417207,35.9749666582793,0,I,185,3
369.411864738921,72,36.1863284697756,35.8136715302244,0,C,186,3
50.3111291474031,72,36.3097015488893,14.0014275985138,1,I,187,3
138.368400057257,72,36.9502937793732,35.0497062206268,0,C,188,3
290.930581610016,72,37.6844148756936,34.3155851243064,0,I,189,3
469.001852189273,72,37.7094706892967,34.2905293107033,0,C,190,3
117.770951079557,72,37.9789631953463,34.0210368046537,0,I,191,3
513.206455054998,72,37.9831019137055,34.0168980862945,0,C,192,3
45.7515420255527,72,38.2204967038706,7.53104532168214,1,I,193,3
93.3856993002986,44.8583953311877,38.2794953556731,6.57889997551458,0,C,194,3
92.9559596439818,72,38.3449797984213,33.6550202015787,0,I,195,3
52.5711191618813,72,38.4201578143984,14.1509613474829,1,C,196,3
90.1978952308985,72,38.6855527991429,33.3144472008571,0,I,197,3
89.7786723839577,60.4479547156003,38.8122916454449,21.6356630701554,0,C,198,3
83.6063012182997,62.5388436970789,38.8377541350201,23.7010895620589,0,I,199,3
79.205507115861,72,38.9238279126585,33.0761720873416,0,C,200,3
100.574680732549,72,38.9598375605419,33.0401624394581,0,I,201,3
108.985511297932,72,38.9620725531131,33.0379274468869,0,C,202,3
57.2538491870269,72,39.3582882871851,17.8955608998417,1,I,203,3
240.834043477377,60.2550915087117,39.427390624769,20.8277008839426,0,C,204,3
186.134846406889,72,39.6444635745138,32.3555364254862,0,I,205,3
47.4123086640237,72,40.2907975483686,7.12151111565516,1,C,206,3
240.253732013905,72,40.9539621463046,31.0460378536955,0,I,207,3
154.610966676607,72,41.3060060469434,30.6939939530566,0,C,208,3
55.3456621859466,72,41.6184108238667,13.7272513620799,1,I,209,3
49.0860058108931,72,41.7971611116082,7.28884469928495,1,C,210,3
73.3754702303521,72,42.1004532650113,29.8995467349887,0,I,211,3
101.613211832091,72,42.1504960907623,29.8495039092377,0,C,212,3
137.619654931243,72,42.2634217422456,29.7365782577544,0,I,213,3
100.053736073031,72,42.4231472611427,29.5768527388573,0,C,214,3
48.1077862405099,72,42.9321514768526,5.17563476365735,1,I,215,3
66.3185064061575,72,43.1372315296903,23.1812748764672,1,C,216,3
70.8051360364191,72,43.2546168984845,27.5505191379346,1,I,217,3
116.091716235862,72,43.4938200004399,28.5061799995601,0,C,218,3
210.62097634924,72,43.9178869407624,28.0821130592376,0,I,219,3
177.378295426906,72,44.1204485110939,27.8795514889061,0,C,220,3
54.5767403046409,72,44.3130554258823,10.2636848787586,1,I,221,3
101.763580477371,72,44.9110894650221,27.0889105349779,0,C,222,3
54.6803782755463,72,45.0473706889898,9.63300758655655,1,I,223,3
203.172906060069,72,45.3909764997661,26.6090235002339,0,C,224,3
127.50308821509,72,45.4007389582694,26.5992610417306,0,I,225,3
149.171087254249,58.2022449521205,45.6527385860682,12.5495063660523,0,C,226,3
114.330544251347,72,45.8592625614256,26.1407374385744,0,I,227,3
762.403520338373,72,46.0994915664196,25.9005084335804,0,C,228,3
50.3279046243904,72,47.1057470608503,3.22215756354015,1,I,229,3
162.401471375491,72,47.2750081680715,24.7249918319285,0,C,230,3
181.990141370687,72,47.4861226743087,24.5138773256913,0,I,231,3
155.38744014707,72,47.6134323282167,24.3865676717833,0,C,232,3
49.9518547450978,72,47.8125194180757,2.13933532702213,1,I,233,3
57.6595292582331,67.0200940882336,47.8223418071866,9.83718745104653,1,C,234,3
368.420575806153,72,47.9662651754916,24.0337348245084,0,I,235,3
210.088764946693,72,47.9945970559493,24.0054029440507,0,C,236,3
125.872019061841,55.7585099999126,48.0218773987144,7.73663260119817,0,I,237,3
157.118458988009,72,48.1667552283034,23.8332447716966,0,C,238,3
112.392079529488,72,48.2780652539805,23.7219347460195,0,I,239,3
154.32962411544,72,48.3337217895314,23.6662782104686,0,C,240,3
182.592153756732,72,48.5387154808268,23.4612845191732,0,I,241,3
58.9250391319207,72,48.6712832003832,10.2537559315375,1,C,242,3
150.605891759275,70.1636922800468,48.8800768693909,21.2836154106559,0,I,243,3
121.820451112004,72,48.9075148198754,23.0924851801246,0,C,244,3
56.6200179090851,71.7168165628797,48.9589641150087,7.66105379407639,1,I,245,3
394.294600924914,72,49.2425697343424,22.7574302656576,0,C,246,3
86.1974071945148,57.4299111419415,49.4381981296465,7.99171301229497,0,I,247,3
95.2591308995528,72,49.4405849184841,22.5594150815159,0,C,248,3
113.019454152865,72,49.452887638472,22.547112361528,0,I,249,3
194.425462644303,68.8392462442867,49.8297605803236,19.0094856639631,0,C,250,3
370.433376410457,72,49.8981605703011,22.1018394296989,0,I,251,3
448.659083325353,72,50.3088030824438,21.6911969175562,0,C,252,3
132.446597849785,53.912178765994,50.5742173176259,3.33796144836808,0,I,253,3
150.129458478806,72,50.6166922627017,21.3833077372983,0,C,254,3
63.5795492826662,72,50.6365835526958,12.9429657299704,1,I,255,3
111.550588514085,56.4536052315337,51.027185744606,5.4264194869277,0,C,256,3
377.274942795667,72,51.1901582172141,20.809841782786,0,I,257,3
209.174527047979,72,51.2088231509551,20.7911768490449,0,C,258,3
217.646157678409,72,51.61311943084,20.38688056916,0,I,259,3
120.991225635847,72,51.8498755339533,20.1501244660467,0,C,260,3
60.8568977235581,72,51.9866092968732,8.8702884266849,1,I,261,3
217.461334738408,72,52.0742989657447,19.9257010342553,0,C,262,3
380.448857410404,72,52.0960752479732,19.9039247520268,0,I,263,3
295.163087661781,55.9717090157474,52.3447948694229,3.62691414632445,0,C,264,3
392.249069127462,72,52.3988956259564,19.6011043740436,0,I,265,3
113.289621533324,72,52.5240041222423,19.4759958777577,0,C,266,3
86.1458609924818,72,52.7483454812318,19.2516545187682,0,I,267,3
123.427465865595,72,52.7689273143187,19.2310726856813,0,C,268,3
271.009627856478,72,52.8824127791449,19.1175872208551,0,I,269,3
345.965900111042,72,53.2030237605795,18.7969762394205,0,C,270,3
183.697847812069,72,53.4861254319549,18.5138745680451,0,I,271,3
88.7893531928058,72,53.5962075646967,18.4037924353033,0,C,272,3
62.7679588376979,72,53.6164021259174,9.15155671178056,1,I,273,3
265.263289134257,72,53.6813658149913,18.3186341850087,0,C,274,3
262.543745127373,72,54.3990594148636,17.6009405851364,0,I,275,3
54.8297083496659,72,54.6124720713124,0.217236278353537,1,C,276,3
115.001614836431,72,54.8590233922005,17.1409766077995,0,I,277,3
81.9207394507737,72,55.0593107426539,16.9406892573461,0,C,278,3
234.116879959446,72,55.3181771468371,16.6818228531629,0,I,279,3
94.9190181797405,72,55.388369075954,16.611630924046,0,C,280,3
134.546372162361,72,55.5294354306534,16.4705645693466,0,I,281,3
90.7726684465015,72,55.6128889136016,16.3871110863984,0,C,282,3
104.513197439216,72,55.6899386364967,16.3100613635033,0,I,283,3
171.992710791877,72,56.3425109675154,15.6574890324846,0,C,284,3
160.179486145791,72,56.5991731127724,15.4008268872276,0,I,285,3
261.255201601688,72,57.0286394935101,14.9713605064899,0,C,286,3
86.9405577864271,68.6198856700691,57.2363917389885,11.3834939310806,0,I,287,3
95.7518772722768,72,57.516302363947,14.483697636053,0,C,288,3
68.3109903806326,72,57.5883469730616,10.7226434075711,1,I,289,3
89.293547427707,72,57.6001538895071,14.3998461104929,0,C,290,3
392.545423153816,72,57.81950364355,14.18049635645,0,I,291,3
80.3647686028018,72,59.0523815201595,12.9476184798405,0,C,292,3
153.489536047408,72,59.0685481438413,12.9314518561587,0,I,293,3
112.018120661531,72,59.1472217487171,12.8527782512829,0,C,294,3
179.224042312464,72,59.2382266698405,12.7617733301595,0,I,295,3
133.603435746701,72,59.4744239933789,12.5255760066211,0,C,296,3
158.556106737219,72,59.5810865890235,12.4189134109765,0,I,297,3
62.1741880211723,72,59.6244933083654,2.54969471280695,1,C,298,3
235.61404445028,72,59.8535691574216,12.1464308425784,0,I,299,3
54.2382170389428,72,0.0368070183321834,54.2014100206106,1,C,1,4
160.130866705331,57.3068066507846,0.523981810547411,56.7828248402372,0,I,2,4
328.024198653717,72,0.581965916790068,71.4180340832099,0,C,3,4
42.0292762947313,72,0.64801256172359,41.3812637330077,1,I,4,4
56.3233588518903,72,0.661536790430546,55.6618220614598,1,C,5,4
13.4628111394332,72,0.726133463904262,12.7366776755289,1,I,6,4
68.6585800442146,72,0.894550206139684,67.7640298380749,1,C,7,4
54.3079188910999,72,1.36074952315539,52.9471693679445,1,I,8,4
170.226851469533,72,1.42604139167815,70.5739586083219,0,C,9,4
102.090236249632,72,1.47065217141062,70.5293478285894,0,I,10,4
10.8038529829953,72,1.5085452189669,9.29530776402835,1,C,11,4
95.8679778164184,72,1.51197266299278,70.4880273370072,0,I,12,4
112.905556612812,72,2.21361068543047,69.7863893145695,0,C,13,4
23.6586203963431,72,2.36095821484923,21.2976621814939,1,I,14,4
35.927638795055,72,2.65159278642386,33.2760460086311,1,C,15,4
70.6380643926933,72,2.85137150902301,67.7866928836703,1,I,16,4
78.0693786329518,72,2.93275480158627,69.0672451984137,0,C,17,4
175.878871710239,72,3.36117911618203,68.638820883818,0,I,18,4
138.313538666082,72,3.38988225907087,68.6101177409291,0,C,19,4
292.199043025039,21.3448157417273,3.485326487571,17.8594892541563,0,I,20,4
121.58823663326,72,3.57896730769426,68.4210326923058,0,C,21,4
26.920349106728,16.6596146134468,3.59000915195793,13.0696054614889,0,I,22,4
58.0286765367364,72,3.69838500861079,54.3302915281256,1,C,23,4
34.0658602311771,72,4.11579582374543,29.9500644074317,1,I,24,4
412.459227229884,72,4.23433074261993,67.7656692573801,0,C,25,4
169.743334312707,38.4127507483246,4.61747263558209,33.7952781127425,0,I,26,4
43.3989179710897,72,4.92894269060344,38.4699752804863,1,C,27,4
19.0323018554346,6.6636080639802,5.69343442562968,0.970173638350521,0,I,28,4
16.2074709931417,72,5.87868162430823,10.3287893688335,1,C,29,4
109.512730541418,72,5.88549605570734,66.1145039442927,0,I,30,4
64.377913472562,72,6.29569702316076,58.0822164494013,1,C,31,4
8.47228278637141,72,6.44387190230191,2.0284108840695,1,I,32,4
32.3647691401313,55.8384554837741,6.47920964285731,25.885559497274,1,C,33,4
239.45136833559,72,6.82089810725302,65.179101892747,0,I,34,4
134.865200649747,72,6.8255573278293,65.1744426721707,0,C,35,4
19.0340205006257,72,6.93670197855681,12.0973185220689,1,I,36,4
67.0918676656698,72,6.95101370103657,60.1408539646333,1,C,37,4
113.776525668594,72,7.10105270147324,64.8989472985268,0,I,38,4
32.550732452834,15.9710308671566,7.30929175391793,8.66173911323868,0,C,39,4
11.1495942004693,72,7.45037604589015,3.6992181545791,1,I,40,4
11.3220071825072,46.2916198397683,7.66421995125711,3.65778723125006,1,C,41,4
108.710889791145,7.9603098960583,7.87263573613018,0.0876741599281177,0,I,42,4
174.835389741152,17.5693785216053,7.9071278963238,9.66225062528149,0,C,43,4
161.727659267426,72,8.3901205798611,63.6098794201389,0,I,44,4
124.397283506673,28.7519712470495,8.42204659245908,20.3299246545905,0,C,45,4
124.213523483626,72,8.71791563462466,63.2820843653753,0,I,46,4
297.846841575995,72,8.72406964190304,63.275930358097,0,C,47,4
20.3383214208026,34.2887874668034,8.78226534929127,11.5560560715113,1,I,48,4
40.9508975656013,60.4620156956412,8.78971051890403,32.1611870466973,1,C,49,4
225.499816016565,10.4558511461027,9.15839301422238,1.29745813188027,0,I,50,4
61.5359905243454,22.3266104081428,9.23621920868754,13.0903911994552,0,C,51,4
230.800216627357,72,9.90905388258398,62.090946117416,0,I,52,4
196.529922637834,72,10.1625405577943,61.8374594422057,0,C,53,4
55.4635407963177,22.3965626416106,10.3589548682794,12.0376077733312,0,I,54,4
57.8389612332218,14.3398945782194,10.4524159384891,3.88747863973031,0,C,55,4
392.413373866183,72,10.7541279774159,61.2458720225841,0,I,56,4
106.018596641658,72,10.8663221122697,61.1336778877303,0,C,57,4
59.7729177149908,72,10.9837387595326,48.7891789554583,1,I,58,4
43.438694360138,14.5578435422085,11.0733837168664,3.48445982534215,0,C,59,4
44.5985684585779,72,11.1093003256246,33.4892681329533,1,I,60,4
249.985393349963,72,11.1521903146058,60.8478096853942,0,C,61,4
156.489535563094,72,11.3208153750747,60.6791846249253,0,I,62,4
24.9342668948551,72,11.9945134688169,12.9397534260383,1,C,63,4
344.183751693354,72,12.3198370356113,59.6801629643887,0,I,64,4
40.1498383630977,71.8019158930704,12.6187273627147,27.531111000383,1,C,65,4
53.9840032836731,72,12.6834025327116,41.3006007509614,1,I,66,4
128.443523261826,72,12.7172460732982,59.2827539267019,0,C,67,4
48.4289344059645,30.8333448114274,13.2065639365464,17.626780874881,0,I,68,4
218.82974679324,72,13.2375005213544,58.7624994786456,0,C,69,4
170.174832814266,34.7539084959011,13.4659901540726,21.2879183418285,0,I,70,4
75.7431378853459,32.345551388476,13.6621250957251,18.6834262927509,0,C,71,4
954.225695262698,72,13.6702999798581,58.3297000201419,0,I,72,4
180.726245684187,72,13.6998139740899,58.3001860259101,0,C,73,4
55.4961838116143,72,13.9401328470558,41.5560509645585,1,I,74,4
230.801271249125,72,14.1926589142531,57.8073410857469,0,C,75,4
21.3647468777375,72,14.2043945845217,7.16035229321582,1,I,76,4
134.672638402188,72,14.4194142054766,57.5805857945234,0,C,77,4
70.9509551862325,72,14.7838842915371,56.1670708946954,1,I,78,4
16.0761875708317,72,14.8937471257523,1.18244044507947,1,C,79,4
33.6150233735901,72,15.2569258818403,18.3580974917498,1,I,80,4
144.785308592497,72,15.4024105891585,56.5975894108415,0,C,81,4
246.131374913385,72,15.4551663575694,56.5448336424306,0,I,82,4
88.4570293070988,72,15.4810896003619,56.5189103996381,0,C,83,4
472.766137443752,72,15.6224486511201,56.3775513488799,0,I,84,4
301.217175505719,65.842881130469,15.8897704817355,49.9531106487336,0,C,85,4
18.1207421030402,57.9206977880256,15.9299198817462,2.19082222129407,1,I,86,4
621.231548083661,72,16.0604700632393,55.9395299367607,0,C,87,4
591.339364260553,72,16.0900957742706,55.9099042257294,0,I,88,4
22.0767511151097,72,16.1742737330496,5.90247738206006,1,C,89,4
50.9732597813191,21.8785170690459,16.2657096236944,5.61280744535145,0,I,90,4
112.176792965655,72,16.699304538779,55.300695461221,0,C,91,4
357.470927546242,18.1950163788877,16.7117849132046,1.48323146568313,0,I,92,4
77.6884317777914,72,16.7169811762869,55.2830188237131,0,C,93,4
59.1685971273978,72,16.8461481481791,42.3224489792188,1,I,94,4
50.2620180593039,72,17.6643080636859,32.597709995618,1,C,95,4
234.403858612694,72,17.7145683718845,54.2854316281155,0,I,96,4
180.82311738075,72,17.7730531012639,54.2269468987361,0,C,97,4
37.4424889716244,20.6344435718579,17.8120859060436,2.82235766581426,0,I,98,4
142.039223831802,48.7715006271622,17.9927580663934,30.7787425607687,0,C,99,4
44.4458765554281,72,18.0038870824501,26.441989472978,1,I,100,4
102.846503077575,61.25153490868,18.2277466496453,43.0237882590347,0,C,101,4
47.8721835711482,72,18.2537574833259,29.6184260878223,1,I,102,4
98.9322135123882,72,18.6368453269824,53.3631546730176,0,C,103,4
117.21418244551,49.0603084920546,18.7308951700106,30.329413322044,0,I,104,4
46.1529797924282,72,19.281268841587,26.8717109508412,1,C,105,4
80.831040334049,72,19.3274842808023,52.6725157191977,0,I,106,4
185.49459218915,59.39898777044,19.379942798987,40.019044971453,0,C,107,4
370.805872954461,72,19.4160804105923,52.5839195894077,0,I,108,4
187.561238343585,23.6545463360661,19.676726013422,3.97782032264404,0,C,109,4
61.189710008879,72,19.7139894962311,41.4757205126479,1,I,110,4
25.8075660348048,72,20.1814814424142,5.62608459239054,1,C,111,4
93.6090134962737,72,20.2424646774307,51.7575353225693,0,I,112,4
428.978434767913,72,20.2779668709263,51.7220331290737,0,C,113,4
193.859824615406,72,20.7485106121749,51.2514893878251,0,I,114,4
86.0304465984877,72,20.8116195257753,51.1883804742247,0,C,115,4
229.123383983885,72,20.9402802586555,51.0597197413445,0,I,116,4
410.169363954305,72,21.1322610871866,50.8677389128134,0,C,117,4
55.3772675619468,72,21.1864266358316,34.1908409261152,1,I,118,4
188.431440346538,72,21.2961780885234,50.7038219114766,0,C,119,4
39.8547313891552,72,21.3060756353661,18.548655753789,1,I,120,4
279.321355688134,72,21.8552991561592,50.1447008438408,0,C,121,4
38.3916664008589,72,22.1139428811148,16.2777235197441,1,I,122,4
105.534738325261,30.7004561293796,22.1259667631239,8.57448936625568,0,C,123,4
171.427412850722,72,22.2371868789196,49.7628131210804,0,I,124,4
44.1746017362234,72,22.2794244065881,21.8951773296354,1,C,125,4
128.051211147044,72,22.3287934809923,49.6712065190077,0,I,126,4
110.490349226341,72,22.7871006773785,49.2128993226215,0,C,127,4
91.3233627516734,56.7055314785676,23.356592617929,33.3489388606387,0,I,128,4
37.0898044313149,72,23.4441394312307,13.6456650000842,1,C,129,4
53.0195121325975,44.0335384899246,23.6477491166443,20.3857893732804,0,I,130,4
52.1284388732699,48.4713384713994,24.0516046481207,24.4197338232787,0,C,131,4
39.8124450049292,39.2696820388921,24.5299798669294,14.7397021719627,0,I,132,4
60.2159710182809,72,24.9527936428785,35.2631773754023,1,C,133,4
95.3871205413257,72,25.0846944423392,46.9153055576608,0,I,134,4
44.498793960603,72,25.4899439681321,19.0088499924709,1,C,135,4
103.710622315663,72,25.5785881401971,46.4214118598029,0,I,136,4
42.1188937920268,72,25.5971429077908,16.521750884236,1,C,137,4
59.7282421052033,51.1194458163681,25.9149891184643,25.2044566979038,0,I,138,4
74.800666343454,72,26.1199630005285,45.8800369994715,0,C,139,4
68.4044492942903,29.7733783124934,26.2174950633198,3.55588324917359,0,I,140,4
517.849609458774,72,26.255296356976,45.744703643024,0,C,141,4
64.0064016756113,72,26.5104060759768,37.4959955996345,1,I,142,4
89.1749988805008,50.4918871260959,26.5274712117389,23.964415914357,0,C,143,4
98.3015774585319,43.9712307607655,26.6757620126009,17.2954687481646,0,I,144,4
84.7494106457486,72,26.8742588767782,45.1257411232218,0,C,145,4
100.188856127191,72,27.6842105342075,44.3157894657925,0,I,146,4
525.36164504995,72,28.1614587642252,43.8385412357748,0,C,147,4
97.9537661102066,72,28.3011202840135,43.6988797159866,0,I,148,4
134.952137713315,72,28.5842637671158,43.4157362328842,0,C,149,4
354.7818198313,72,28.6879166727886,43.3120833272114,0,I,150,4
39.780226746176,72,28.7174687767401,11.0627579694358,1,C,151,4
425.7653796358,72,28.7359944311902,43.2640055688098,0,I,152,4
165.100278731393,72,28.9325564866886,43.0674435133114,0,C,153,4
353.524956638475,72,29.1110616736114,42.8889383263886,0,I,154,4
105.692199955303,72,29.1305142408237,42.8694857591763,0,C,155,4
134.502905252156,42.0697469945269,29.1741182841361,12.8956287103909,0,I,156,4
53.7525021117919,72,29.406552426517,24.3459496852749,1,C,157,4
108.435394020111,72,29.4439230719581,42.5560769280419,0,I,158,4
128.718934775282,72,29.6008148929104,42.3991851070896,0,C,159,4
52.2153201430297,72,29.7177903167903,22.4975298262393,1,I,160,4
94.525103504411,45.3468708276928,30.1903554378077,15.156515389885,0,C,161,4
202.034396616387,72,30.4015641007572,41.5984358992428,0,I,162,4
56.4177940042276,72,30.7643480831757,25.6534459210519,1,C,163,4
164.351853748211,72,31.1278046155348,40.8721953844652,0,I,164,4
46.9844221528094,43.5763738790054,31.1437780503184,12.432595828687,0,C,165,4
255.805599608633,72,31.2563552800566,40.7436447199434,0,I,166,4
635.355021155263,70.5332250588637,31.4186550909653,39.1145699678984,0,C,167,4
86.8387055444966,72,31.4761490933597,40.5238509066403,0,I,168,4
194.474123125863,72,31.5686017507687,40.4313982492313,0,C,169,4
461.733018195844,72,31.6931395651773,40.3068604348227,0,I,170,4
286.061453296482,72,32.2382154129446,39.7617845870554,0,C,171,4
87.8593724899502,72,32.2969496855512,39.7030503144488,0,I,172,4
68.6286507429735,40.5126230230731,32.3577030468732,8.15491997619987,0,C,173,4
193.678270559416,72,32.695778911002,39.304221088998,0,I,174,4
211.908279596448,72,32.7196910697967,39.2803089302033,0,C,175,4
331.633880236779,72,32.7681911503896,39.2318088496104,0,I,176,4
346.491811952585,72,32.9392169695348,39.0607830304652,0,C,177,4
343.566115753666,72,34.069959204644,37.930040795356,0,I,178,4
50.3126946506549,72,34.7056279191747,15.6070667314802,1,C,179,4
53.4551274877066,72,34.8928966652602,18.5622308224464,1,I,180,4
46.9707819944044,72,35.1196401519701,11.8511418424343,1,C,181,4
199.866040805575,72,35.1232834160328,36.8767165839672,0,I,182,4
454.628313147045,70.8037284654801,35.2275853045285,35.5761431609516,0,C,183,4
36.8073555874864,72,35.3750864462927,1.43226914119366,1,I,184,4
222.251269990569,72,36.41155062709,35.58844937291,0,C,185,4
258.400211920479,72,36.5686617605388,35.4313382394612,0,I,186,4
107.23701100636,72,36.8012355454266,35.1987644545734,0,C,187,4
183.496550474115,72,36.8691319786012,35.1308680213988,0,I,188,4
80.0820858524443,72,37.017300655134,34.982699344866,0,C,189,4
62.7274233432201,72,37.0346618117765,25.6927615314437,1,I,190,4
148.138627580208,72,37.0645910874009,34.9354089125991,0,C,191,4
38.7500994271065,72,37.5721670826897,1.17793234441675,1,I,192,4
209.861530249969,72,37.9414923582226,34.0585076417774,0,C,193,4
222.527496309181,72,38.3713021036238,33.6286978963763,0,I,194,4
156.033540384423,67.473388512859,38.4575382806361,29.0158502322229,0,C,195,4
225.300355032957,72,38.8674556324258,33.1325443675742,0,I,196,4
39.1131266111691,72,39.0207166783512,0.0924099328179648,1,C,197,4
244.316047131887,72,39.4646170875058,32.5353829124942,0,I,198,4
221.175930888055,72,39.4846586370841,32.5153413629159,0,C,199,4
153.946226439043,72,39.4868079107255,32.5131920892745,0,I,200,4
73.6126576377407,72,39.4895665626973,32.5104334373027,0,C,201,4
503.773286622479,50.8720102421742,39.8847865546122,10.9872236875619,0,I,202,4
158.953945686406,72,40.2595481229946,31.7404518770054,0,C,203,4
102.432870718871,72,40.2999171707779,31.7000828292221,0,I,204,4
90.7457237449017,72,40.6108936993405,31.3891063006595,0,C,205,4
102.239097894239,72,40.8060032408685,31.1939967591316,0,I,206,4
96.6010313825488,72,40.9994165506214,31.0005834493786,0,C,207,4
106.953540303093,72,41.5529433684424,30.4470566315576,0,I,208,4
116.693781866214,72,42.0623040804639,29.9376959195361,0,C,209,4
138.886263588478,72,42.122673955746,29.877326044254,0,I,210,4
48.9423801598427,72,42.3254341632128,6.61694599662989,1,C,211,4
94.0830980943861,72,42.6742411963642,29.3257588036358,0,I,212,4
110.538482461465,72,42.9853778611869,29.0146221388131,0,C,213,4
109.025883363722,72,43.2073113368824,28.7926886631176,0,I,214,4
101.630265828045,45.8730277481977,43.614755300805,2.25827244739273,0,C,215,4
64.8785475066885,59.7317472594422,43.7273413874209,16.0044058720213,0,I,216,4
51.0633980371034,48.8714036884491,43.7315113563091,5.13989233214001,0,C,217,4
231.317871401785,72,44.0785029390827,27.9214970609173,0,I,218,4
136.892901032886,72,44.1907196072862,27.8092803927138,0,C,219,4
212.142236944875,72,44.3829386914149,27.6170613085851,0,I,220,4
128.073484716695,72,44.4685960002244,27.5314039997757,0,C,221,4
58.7142284419304,72,44.8306088335812,13.8836196083492,1,I,222,4
179.600688166052,68.0911009680949,44.9250161508098,23.166084817285,0,C,223,4
51.2901199663672,72,45.1204962283373,6.16962373802989,1,I,224,4
142.582597679965,72,45.2217991836369,26.7782008163631,0,C,225,4
289.394452566648,72,45.3506450587884,26.6493549412116,0,I,226,4
366.924985530688,72,45.3614246612415,26.6385753387585,0,C,227,4
180.412027220352,72,45.3935433877632,26.6064566122368,0,I,228,4
306.517072317856,72,45.4566508485004,26.5433491514996,0,C,229,4
149.193544597707,72,45.5226067313924,26.4773932686076,0,I,230,4
177.609406635041,72,45.585110289976,26.414889710024,0,C,231,4
292.670536033063,72,45.6263376167044,26.3736623832956,0,I,232,4
195.232091075427,72,45.6503212591633,26.3496787408367,0,C,233,4
70.6283985163753,72,45.6879466585815,24.9404518577938,1,I,234,4
228.83461935107,72,45.6881922762841,26.3118077237159,0,C,235,4
58.3124408322444,72,45.7014936301857,12.6109472020587,1,I,236,4
353.872198335642,72,46.2023058487102,25.7976941512898,0,C,237,4
77.7663638184413,57.4476886564208,46.6463939566165,10.8012946998042,0,I,238,4
216.403019337981,72,46.6820764867589,25.3179235132411,0,C,239,4
130.179873690167,59.2981707586537,46.946000251919,12.3521705067347,0,I,240,4
84.918899678288,72,47.400075676851,24.599924323149,0,C,241,4
213.78510293001,72,47.7342424029484,24.2657575970516,0,I,242,4
198.850505831844,72,48.4790815366432,23.5209184633568,0,C,243,4
49.6578920305502,72,48.8184667378664,0.839425292683757,1,I,244,4
92.7586555852809,72,48.9031852874905,23.0968147125095,0,C,245,4
298.533178538843,72,49.0339277079329,22.9660722920671,0,I,246,4
109.306746109822,72,49.3758960999548,22.6241039000452,0,C,247,4
83.8679421684228,72,49.534729141742,22.465270858258,0,I,248,4
177.637248027135,72,49.6378198591992,22.3621801408008,0,C,249,4
52.9186051463862,72,49.6603657538071,3.25823939257904,1,I,250,4
98.0150595433882,72,49.8900201637298,22.1099798362702,0,C,251,4
168.193061267332,72,49.961442318745,22.038557681255,0,I,252,4
249.958149277511,72,49.9844463961199,22.0155536038801,0,C,253,4
170.076538176112,72,50.1737087219954,21.8262912780046,0,I,254,4
432.238886665664,72,50.3073952998966,21.6926047001034,0,C,255,4
94.14017043737,54.3633474420066,50.3959796391428,3.96736780286382,0,I,256,4
142.515532515722,72,50.5224807187915,21.4775192812085,0,C,257,4
163.896257697999,72,50.5389519268647,21.4610480731353,0,I,258,4
382.988033209415,72,50.5755258724093,21.4244741275907,0,C,259,4
263.930443912353,72,50.8869999367744,21.1130000632256,0,I,260,4
68.4305571218711,72,51.1244870536029,17.3060700682682,1,C,261,4
56.4024416183675,72,51.2302055815235,5.17223603684405,1,I,262,4
425.488441286527,72,51.6758672241122,20.3241327758878,0,C,263,4
90.2657987530321,72,51.9564744411036,20.0435255588964,0,I,264,4
94.0568355150398,72,52.0999298896641,19.9000701103359,0,C,265,4
183.907296282907,72,52.2001450276002,19.7998549723998,0,I,266,4
67.6507422216631,72,52.5605769641697,15.0901652574933,1,C,267,4
351.251950406958,72,52.9207192920148,19.0792807079852,0,I,268,4
152.927311832761,72,52.9443667363375,19.0556332636625,0,C,269,4
149.48025896119,72,53.0331938853487,18.9668061146513,0,I,270,4
179.288019706272,72,53.3163078082725,18.6836921917275,0,C,271,4
171.423861608689,72,53.6242172727361,18.3757827272639,0,I,272,4
193.438942039133,72,53.6433323705569,18.3566676294431,0,C,273,4
281.930314317679,72,53.769343723543,18.230656276457,0,I,274,4
281.797614938243,72,54.2460547573865,17.7539452426136,0,C,275,4
244.93752362472,72,54.4416982261464,17.5583017738536,0,I,276,4
328.762638358588,72,54.45659392979,17.54340607021,0,C,277,4
120.381680103826,72,54.7128249378875,17.2871750621125,0,I,278,4
85.1833941051633,72,54.7231985908002,17.2768014091998,0,C,279,4
243.940207962136,72,54.7289244504646,17.2710755495355,0,I,280,4
107.760712199606,72,55.1483056833968,16.8516943166032,0,C,281,4
71.435951485756,72,55.6157552869991,15.8201961987569,1,I,282,4
75.7210489623627,72,55.7875638082624,16.2124361917377,0,C,283,4
67.1378656689578,72,56.2378096673638,10.900056001594,1,I,284,4
248.679335978362,72,56.609699469991,15.390300530009,0,C,285,4
64.1140160674251,72,56.8255755538121,7.28844051361296,1,I,286,4
253.236753014564,72,56.930466061458,15.069533938542,0,C,287,4
126.337118165103,72,57.0148297213018,14.9851702786982,0,I,288,4
103.671348011811,72,57.1235413989052,14.8764586010948,0,C,289,4
270.706203906024,72,57.8470459068194,14.1529540931806,0,I,290,4
152.561651710311,72,57.9083283897489,14.0916716102511,0,C,291,4
319.496969536694,72,58.0891098640859,13.9108901359141,0,I,292,4
72.1531818116844,72,58.4823460131884,13.5176539868116,0,C,293,4
108.14508678085,72,58.4911411441863,13.5088588558137,0,I,294,4
76.7502888108534,72,58.8159685023129,13.1840314976871,0,C,295,4
68.3853285976749,72,58.9320309553295,9.45329764234538,1,I,296,4
231.642591063818,72,58.9517041482031,13.0482958517969,0,C,297,4
107.803300095837,72,58.9633041853085,13.0366958146915,0,I,298,4
148.843322546193,72,59.0542806498706,12.9457193501294,0,C,299,4
114.307207177804,64.8075677175498,59.1989037953317,5.60866392221806,0,I,300,4
92.5840574244101,72,59.6806277381256,12.3193722618744,0,C,301,4
68.7703116640571,72,0.152093935757875,68.6182177282992,1,C,1,5
17.3048268179063,72,0.269046016037464,17.0357808018689,1,I,2,5
27.5983417018006,72,0.665255701169372,26.9330860006312,1,C,3,5
176.547906512016,72,0.672136838547885,71.3278631614521,0,I,4,5
18.3182083780641,72,0.737639497965574,17.5805688800985,1,C,5,5
256.206139790937,60.1284249587242,0.950735611841083,59.1776893468831,0,I,6,5
69.7832097892142,72,0.978237264789641,68.8049725244246,1,C,7,5
282.467084977632,47.9645779117062,1.08635389711708,46.8782240145891,0,I,8,5
100.481824766389,72,1.10876660328358,70.8912333967164,0,C,9,5
78.0964451998234,72,1.26208830624819,70.7379116937518,0,I,10,5
252.783354662949,72,1.27485120669007,70.7251487933099,0,C,11,5
22.1816897897427,54.0442588162342,1.2811156315729,20.9005741581698,1,I,12,5
79.1566479942757,72,1.38450889382511,70.6154911061749,0,C,13,5
74.0566330946825,72,1.5195376239717,70.4804623760283,0,I,14,5
35.8547850345497,72,1.60689117852598,34.2478938560238,1,C,15,5
8.79370921097933,72,2.30349109042436,6.49021812055497,1,I,16,5
164.585472645217,72,2.32224945444614,69.6777505455539,0,C,17,5
94.1086363753644,72,3.04525775369257,68.9547422463074,0,I,18,5
138.279412764244,72,3.20568559225649,68.7943144077435,0,C,19,5
312.057004475539,72,3.56900216080248,68.4309978391975,0,I,20,5
12.6064101319647,72,3.80083884112537,8.80557129083936,1,C,21,5
101.658953125614,72,4.07921807840467,67.9207819215953,0,I,22,5
23.8140349493474,72,4.29993698839098,19.5140979609565,1,C,23,5
168.866697640381,72,4.30838837753981,67.6916116224602,0,I,24,5
115.88069657329,72,4.57505414262414,67.4249458573759,0,C,25,5
65.1377627762947,72,4.86125095747411,60.2765118188206,1,I,26,5
255.236025352531,60.8376480055917,4.96721494942904,55.8704330561626,0,C,27,5
152.121451659709,72,5.04380073398352,66.9561992660165,0,I,28,5
43.740667106791,72,5.38446744438261,38.3561996624084,1,C,29,5
416.97559611043,72,5.72755617555231,66.2724438244477,0,I,30,5
38.6828112858474,72,5.91242885682732,32.7703824290201,1,C,31,5
97.4990883398796,72,6.24923423398286,65.7507657660171,0,I,32,5
266.928792345847,72,6.31564275361598,65.684357246384,0,C,33,5
23.1487579399008,22.2847770653891,6.42643504310399,15.8583420222851,0,I,34,5
89.434867211529,30.5873437364906,6.66817519348115,23.9191685430094,0,C,35,5
153.242066245444,72,6.78523612674326,65.2147638732567,0,I,36,5
85.1875361425484,67.6365914450978,6.93594323471189,60.7006482103859,0,C,37,5
54.8083005833263,72,7.21043578349054,47.5978647998358,1,I,38,5
69.1809328491397,72,7.33568685594946,61.8452459931903,1,C,39,5
68.3431751612338,45.9216069594639,7.71543868817389,38.20616827129,0,I,40,5
72.1085745940124,72,7.80905299354345,64.1909470064566,0,C,41,5
19.8470731714401,53.5848946320042,8.05245037190616,11.7946227995339,1,I,42,5
77.9604086364156,63.86657506055,8.15111224539578,55.7154628151543,0,C,43,5
32.7056055629897,27.6262147001476,8.24538323096931,19.3808314691783,0,I,44,5
15.555266615827,72,8.3971482468769,7.15811836895015,1,C,45,5
21.3771066797613,65.6772431123841,9.03931898530573,12.3377876944556,1,I,46,5
70.7876536745152,46.3405083320541,9.41424773074687,36.9262606013072,0,C,47,5
110.943028619376,72,9.54508926719427,62.4549107328057,0,I,48,5
480.095789311045,15.2195864752821,9.57471933681518,5.64486713846695,0,C,49,5
56.9846739364954,65.5607193799916,9.8801760468632,47.1044978896322,1,I,50,5
30.4640365501609,72,10.0116165122017,20.4524200379592,1,C,51,5
451.770679068392,72,10.2905420819297,61.7094579180703,0,I,52,5
91.8894764879888,72,10.3461683448404,61.6538316551596,0,C,53,5
48.5741327775139,72,10.6576357455924,37.9164970319215,1,I,54,5
100.726787000528,72,10.7585584837943,61.2414415162057,0,C,55,5
112.846895418071,72,11.0806208336726,60.9193791663274,0,I,56,5
146.794648214593,72,11.8073595967144,60.1926404032856,0,C,57,5
76.8336654049361,33.6658040331576,12.6083277119324,21.0574763212252,0,I,58,5
119.438928463929,72,12.8077687975019,59.1922312024981,0,C,59,5
49.9700082086036,61.8011990206576,12.8633603453636,37.10664786324,1,I,60,5
168.659735915055,72,12.8755029849708,59.1244970150292,0,C,61,5
85.5468940104093,31.952653957529,12.9290412319824,19.0236127255465,0,I,62,5
45.3664499410088,72,12.9840833600611,32.3823665809478,1,C,63,5
237.677337002872,72,13.7697057891637,58.2302942108363,0,I,64,5
124.926643077196,72,14.4656111067161,57.5343888932839,0,C,65,5
43.1464877760993,72,14.553102767095,28.5933850090043,1,I,66,5
240.183044347739,72,14.7129203472286,57.2870796527714,0,C,67,5
39.186724732149,72,14.7181933186948,24.4685314134542,1,I,68,5
150.666949274059,72,14.794780081138,57.205219918862,0,C,69,5
540.118605006581,72,14.8244646191597,57.1755353808403,0,I,70,5
63.2969829413974,72,14.9574277130887,48.3395552283087,1,C,71,5
262.368705197147,72,15.0394253432751,56.9605746567249,0,I,72,5
38.9994629826532,72,15.044765342027,23.9546976406263,1,C,73,5
102.750882988419,72,15.358898146078,56.641101853922,0,I,74,5
200.978326784463,72,15.4081664420664,56.5918335579336,0,C,75,5
50.4454800865666,60.5223809979698,15.4208495188504,35.0246305677162,1,I,76,5
123.194373913938,72,15.7488825917244,56.2511174082756,0,C,77,5
75.6188573263522,72,16.3507110765204,55.6492889234796,0,I,78,5
439.705767402063,22.1806166038682,16.6522758733481,5.52834073052005,0,C,79,5
20.0425750883332,72,16.9076961977407,3.13487889059251,1,I,80,5
175.336644993207,20.3180269176406,17.5278437230736,2.790183194567,0,C,81,5
218.577805022456,72,18.8011504942551,53.1988495057449,0,I,82,5
25.5542582226329,72,19.016151856631,6.53810636600182,1,C,83,5
113.258268568942,26.9448635368219,19.1364959394559,7.80836759736602,0,I,84,5
67.5245788826814,50.1822909354936,19.4263082183898,30.7559827171038,0,C,85,5
312.699165189641,72,19.7337542613968,52.2662457386032,0,I,86,5
188.237702366949,72,19.7696133563295,52.2303866436705,0,C,87,5
133.326620938421,72,19.7697846684605,52.2302153315395,0,I,88,5
40.7156255709767,72,20.3068222571164,20.4088033138603,1,C,89,5
40.803176473945,72,20.8639042591676,19.9392722147774,1,I,90,5
101.713247225164,72,22.2215161984786,49.7784838015214,0,C,91,5
27.7629008958276,72,22.2949636727571,5.46793722307046,1,I,92,5
51.4020313468482,61.6735834529002,22.3672849405557,29.0347464062925,1,C,93,5
86.5779214593492,72,22.4299297621474,49.5700702378526,0,I,94,5
323.220580769002,72,22.5174058740959,49.4825941259041,0,C,95,5
246.042778042007,72,22.7471362520009,49.2528637479991,0,I,96,5
207.808216046243,72,22.9272818053141,49.0727181946859,0,C,97,5
24.0354250442998,72,23.4937481023371,0.541676941962716,1,I,98,5
402.913741986756,72,23.5271166684106,48.4728833315894,0,C,99,5
157.676231161997,72,23.6383971758187,48.3616028241813,0,I,100,5
180.822580577529,72,23.7616685405374,48.2383314594626,0,C,101,5
51.3954141361652,28.187183889175,23.9267538534477,4.26043003572723,0,I,102,5
193.488609208708,72,23.9489395078272,48.0510604921728,0,C,103,5
221.303756841139,72,24.4829279277474,47.5170720722526,0,I,104,5
124.307125090254,72,24.6586452936754,47.3413547063246,0,C,105,5
60.7191097519793,72,24.8767151869833,35.842394564996,1,I,106,5
197.992254507155,72,25.488405986689,46.511594013311,0,C,107,5
656.835711108821,72,25.5251673096791,46.4748326903209,0,I,108,5
35.3123251338718,72,25.6618342967704,9.65049083710143,1,C,109,5
166.601077521995,72,26.2045340007171,45.7954659992829,0,I,110,5
121.45717607801,72,26.2299205502495,45.7700794497505,0,C,111,5
324.550512899017,72,26.6099390666932,45.3900609333068,0,I,112,5
111.251926924072,72,26.7229876946658,45.2770123053342,0,C,113,5
130.408316673891,72,26.935252812691,45.064747187309,0,I,114,5
103.732708129978,35.2168541167365,26.9869376113638,8.22991650537269,0,C,115,5
90.0926579881501,72,27.1661857422441,44.8338142577559,0,I,116,5
89.5093978859362,72,27.1962955500931,44.8037044499069,0,C,117,5
82.5390418834479,72,27.251094407402,44.748905592598,0,I,118,5
27.9586235833932,72,27.4316344549879,0.526989128405213,1,C,119,5
31.9406558803266,40.4698100224208,27.4863450229168,4.45431085740977,1,I,120,5
220.540362620041,72,27.8688402101398,44.1311597898603,0,C,121,5
415.912110959414,72,27.9965111101046,44.0034888898954,0,I,122,5
158.158161454638,70.6411812183224,28.0734982341528,42.5676829841696,0,C,123,5
39.8359142460611,72,28.3676390536129,11.4682751924482,1,I,124,5
55.3339171575141,72,28.3751813136041,26.95873584391,1,C,125,5
228.89461619789,72,28.7316112965345,43.2683887034655,0,I,126,5
131.333059339707,72,29.3570946995169,42.6429053004831,0,C,127,5
33.5435821577409,72,29.8637532396242,3.6798289181167,1,I,128,5
163.821167589084,72,29.9244635738432,42.0755364261568,0,C,129,5
36.2839028915007,72,30.096535035409,6.18736785609167,1,I,130,5
178.551415283812,72,30.1055004168302,41.8944995831698,0,C,131,5
654.24558599444,72,30.1578027941287,41.8421972058713,0,I,132,5
163.336527426367,72,30.2121631382033,41.7878368617967,0,C,133,5
78.9368848268096,72,30.3745258972049,41.6254741027951,0,I,134,5
76.7168974581693,72,30.3837006306276,41.6162993693724,0,C,135,5
523.64403449959,72,30.401715086773,41.598284913227,0,I,136,5
119.968771748201,64.6456226975265,30.4707477847114,34.1748749128151,0,C,137,5
98.5613843155212,45.5617557116292,30.8287964947522,14.732959216877,0,I,138,5
86.183563209943,72,30.9262084309012,41.0737915690988,0,C,139,5
100.389533307476,72,31.0600640438497,40.9399359561503,0,I,140,5
332.909410179576,72,31.0950921708718,40.9049078291282,0,C,141,5
156.805977522851,72,31.2054489506409,40.7945510493591,0,I,142,5
199.159703153683,46.2848763573779,31.2097214721143,15.0751548852636,0,C,143,5
43.6105130525572,72,31.2152543384582,12.395258714099,1,I,144,5
235.888232326176,72,31.3632543152198,40.6367456847802,0,C,145,5
34.1775284031106,72,31.3840113440529,2.79351705905779,1,I,146,5
245.421604313031,72,31.5916797704995,40.4083202295005,0,C,147,5
61.6649663784936,72,32.1290037687868,29.5359626097068,1,I,148,5
36.4398076243604,72,32.5198759976774,3.91993162668294,1,C,149,5
93.0924893773667,72,32.5779766961932,39.4220233038068,0,I,150,5
44.8886136220864,72,32.5922441203147,12.2963695017717,1,C,151,5
55.4787427529487,72,32.9096284601837,22.5691142927649,1,I,152,5
53.9531651788203,72,32.9968737624586,20.9562914163618,1,C,153,5
78.3603014422042,72,33.1177612580359,38.8822387419641,0,I,154,5
133.484692176,72,33.2529306784272,38.7470693215728,0,C,155,5
245.352493844253,67.4841763776514,33.3549621608108,34.1292142168406,0,I,156,5
221.803820364099,72,33.7435626424849,38.2564373575151,0,C,157,5
75.0362160815263,72,33.7605270277709,38.2394729722291,0,I,158,5
275.89278846337,72,33.8138516200706,38.1861483799294,0,C,159,5
63.3098289599056,72,33.9580053370446,29.351823622861,1,I,160,5
148.597323681683,72,34.0084697585553,37.9915302414447,0,C,161,5
230.095197312082,72,34.2910152627155,37.7089847372845,0,I,162,5
143.173159856501,72,34.5820148661733,37.4179851338267,0,C,163,5
44.5167650457251,70.5713092519798,34.5991388848051,9.91762616091997,1,I,164,5
182.399879694649,72,35.2341765956953,36.7658234043047,0,C,165,5
86.5630020427317,66.315504492324,35.2861740114167,31.0293304809073,0,I,166,5
55.5134027785768,72,35.5982095655054,19.9151932130714,1,C,167,5
235.927311770161,72,35.8056019200012,36.1943980799988,0,I,168,5
36.0866926952016,44.1268337266188,35.8894860651344,0.197206630067174,1,C,169,5
60.8906184470698,72,36.3529951544479,24.5376232926219,1,I,170,5
226.025502469284,72,36.4760326361284,35.5239673638716,0,C,171,5
36.9073141741975,72,36.5555757656693,0.351738408528153,1,I,172,5
313.416778188824,72,36.73145997338,35.26854002662,0,C,173,5
62.6118283769495,72,36.7382709123194,25.8735574646301,1,I,174,5
146.755930775487,50.8013495698535,36.8238096311688,13.9775399386846,0,C,175,5
178.322457464852,72,36.8392557324842,35.1607442675158,0,I,176,5
310.325631896952,72,36.9682775018737,35.0317224981263,0,C,177,5
119.467377232042,72,37.0029162615538,34.9970837384462,0,I,178,5
267.852128495529,72,37.0189318573102,34.9810681426898,0,C,179,5
176.431361930382,72,37.1496309293434,34.8503690706566,0,I,180,5
85.7542724503633,72,37.2290438739583,34.7709561260417,0,C,181,5
105.744471086513,48.6197531932153,37.3934612888843,11.226291904331,0,I,182,5
136.57512323537,52.4671389550618,37.525300369598,14.9418385854638,0,C,183,5
85.5133883862539,72,37.6663529220969,34.3336470779032,0,I,184,5
41.3672581037024,72,38.1022104620934,3.26504764160908,1,C,185,5
266.615651625727,72,38.2521834690124,33.7478165309876,0,I,186,5
43.8250029279328,72,38.2549876905978,5.57001523733502,1,C,187,5
121.024411055296,72,38.5816667648032,33.4183332351968,0,I,188,5
41.1644413743151,72,38.6028501810506,2.5615911932645,1,C,189,5
95.3832173369707,72,38.6468463717029,33.3531536282972,0,I,190,5
160.846882255104,72,38.6485275719315,33.3514724280685,0,C,191,5
68.6765773557683,72,39.1671755723655,29.5094017834028,1,I,192,5
67.3394032542143,72,39.1876142006367,28.1517890535776,1,C,193,5
142.438191245294,72,39.7363401576877,32.2636598423123,0,I,194,5
195.513311216231,72,39.8057371331379,32.1942628668621,0,C,195,5
135.75055677805,72,40.13340159785,31.86659840215,0,I,196,5
101.067398739805,72,40.2824647771195,31.7175352228805,0,C,197,5
78.25488662987,72,40.3703091759235,31.6296908240765,0,I,198,5
75.2835953643343,72,40.4610766097903,31.5389233902097,0,C,199,5
113.288473715062,72,40.575366569683,31.424633430317,0,I,200,5
78.0719730603433,72,40.6187386298552,31.3812613701448,0,C,201,5
65.0318383887545,72,40.6983439950272,24.3334943937273,1,I,202,5
48.510250595871,72,40.7843474904075,7.7259031054635,1,C,203,5
132.719988590824,72,40.8225768478587,31.1774231521413,0,I,204,5
77.471864634125,72,40.9942501410842,31.0057498589158,0,C,205,5
182.852379738915,72,41.146086207591,30.853913792409,0,I,206,5
460.080037738773,72,41.5524240676314,30.4475759323686,0,C,207,5
107.819232833851,72,41.6269632568583,30.3730367431417,0,I,208,5
242.502519932091,72,41.8232423113659,30.1767576886341,0,C,209,5
247.268120381988,72,41.8409898877144,30.1590101122856,0,I,210,5
160.653931389296,72,41.9034112337977,30.0965887662023,0,C,211,5
92.8845383130862,72,41.9513314962387,30.0486685037613,0,I,212,5
46.2070815783815,72,42.0758293010294,4.13125227735207,1,C,213,5
132.996607913564,72,42.6293965475634,29.3706034524366,0,I,214,5
233.121393210274,51.2522932147853,42.6363410521299,8.61595216265542,0,C,215,5
97.4488073887768,72,42.7012554975227,29.2987445024774,0,I,216,5
120.701197689063,72,42.9401402408257,29.0598597591743,0,C,217,5
69.7854364244063,72,43.0465967115015,26.7388397129049,1,I,218,5
218.319788752026,55.9936716661496,43.5759408026934,12.4177308634563,0,C,219,5
62.6637117716455,72,43.5763765359297,19.0873352357158,1,I,220,5
81.6547536797735,72,43.7251535849646,28.2748464150354,0,C,221,5
90.7220708753596,72,44.2523594386876,27.7476405613124,0,I,222,5
108.936835928788,72,44.3627912225202,27.6372087774798,0,C,223,5
95.874340381727,72,44.8128371033818,27.1871628966183,0,I,224,5
126.698902385382,72,45.0155528727919,26.9844471272081,0,C,225,5
51.7480756647341,72,45.0947971874848,6.65327847724925,1,I,226,5
169.253528786656,66.8742784563763,45.207371301949,21.6669071544272,0,C,227,5
69.5279039373857,72,45.4431666294113,24.0847373079744,1,I,228,5
106.553165269076,68.8303631938898,45.4498409014195,23.3805222924703,0,C,229,5
139.921364679419,72,45.8760597277433,26.1239402722567,0,I,230,5
125.021638979693,72,45.9506791876629,26.0493208123371,0,C,231,5
413.150705363749,54.502385351592,45.9692444046959,8.5331409468961,0,I,232,5
219.807660480316,72,45.9763715788722,26.0236284211278,0,C,233,5
52.2396432489436,72,46.0853177960962,6.15432545284744,1,I,234,5
68.5513003688919,57.0023248968743,46.2394101871178,10.7629147097566,0,C,235,5
159.92817108498,72,46.2593583762646,25.7406416237354,0,I,236,5
175.911386969785,72,46.3328751828522,25.6671248171479,0,C,237,5
213.009987460641,72,46.3397866208106,25.6602133791894,0,I,238,5
157.950293108556,50.9217106567678,46.678717341274,4.24299331549381,0,C,239,5
175.480951684081,72,46.7578068282455,25.2421931717545,0,I,240,5
163.687747866535,70.6676136157874,46.8050719890744,23.8625416267131,0,C,241,5
80.679778494271,72,46.9990038592368,25.0009961407632,0,I,242,5
158.322191554275,72,47.1187790343538,24.8812209656462,0,C,243,5
111.795817257761,72,47.2412433894351,24.7587566105649,0,I,244,5
196.35194551691,72,47.3657211894169,24.6342788105831,0,C,245,5
94.1003170705875,72,47.7772762952372,24.2227237047628,0,I,246,5
63.4814578531059,72,48.1036673393101,15.3777905137958,1,C,247,5
156.345356674111,72,48.1537145795301,23.8462854204699,0,I,248,5
67.8367183122522,72,48.4010217245668,19.4356965876854,1,C,249,5
51.7363057252516,72,48.4829331608489,3.25337256440265,1,I,250,5
520.814153765603,72,48.5906275967136,23.4093724032864,0,C,251,5
257.539452348085,72,48.8134657451883,23.1865342548117,0,I,252,5
276.720064947347,72,49.5218594837934,22.4781405162066,0,C,253,5
50.6801518460413,72,50.1382357953116,0.541916050729655,1,I,254,5
235.979823787913,72,50.3058334439993,21.6941665560007,0,C,255,5
72.0591509395827,72,50.672082756646,21.327917243354,0,I,256,5
289.718530305166,72,50.9932453930378,21.0067546069622,0,C,257,5
78.672683586742,72,51.017616391182,20.9823836088181,0,I,258,5
363.569165233063,72,51.0524308355525,20.9475691644475,0,C,259,5
184.791270737543,72,51.0637600533664,20.9362399466336,0,I,260,5
201.814824800965,72,51.176472203806,20.823527796194,0,C,261,5
250.682342298271,72,51.2029991811141,20.7970008188859,0,I,262,5
240.967677448835,72,51.5181008493528,20.4818991506472,0,C,263,5
72.4208494835891,72,51.7039779061452,20.2960220938548,0,I,264,5
56.4188067593655,72,51.7512764269486,4.66753033241687,1,C,265,5
97.0145823428061,72,51.9304883200675,20.0695116799325,0,I,266,5
66.440111908166,72,52.0773265091702,14.3627853989957,1,C,267,5
178.227378133663,72,52.1356286387891,19.8643713612109,0,I,268,5
82.8528389462684,72,52.2954210871831,19.7045789128169,0,C,269,5
139.918035790477,72,52.4104008637369,19.5895991362631,0,I,270,5
378.664374962078,72,52.9416384827346,19.0583615172654,0,C,271,5
74.9722945779983,72,52.9755768366158,19.0244231633842,0,I,272,5
220.937405904665,72,53.0229060351849,18.9770939648151,0,C,273,5
232.794874854082,72,53.1404578126967,18.8595421873033,0,I,274,5
120.385869242339,72,53.2411211449653,18.7588788550347,0,C,275,5
386.514912912781,72,53.3153348928317,18.6846651071683,0,I,276,5
149.959134560544,72,53.3225330756977,18.6774669243023,0,C,277,5
204.173179028507,72,53.3895470201969,18.6104529798031,0,I,278,5
112.204299939422,72,53.5488658910617,18.4511341089383,0,C,279,5
131.74768312394,72,53.5491237184033,18.4508762815967,0,I,280,5
158.572627352579,72,53.6900972994044,18.3099027005956,0,C,281,5
192.292304431044,72,53.7309850752354,18.2690149247646,0,I,282,5
149.200070522047,72,53.9691102644429,18.0308897355571,0,C,283,5
136.714505357182,72,53.9835808239877,18.0164191760123,0,I,284,5
88.8842339045932,72,54.1033074539155,17.8966925460845,0,C,285,5
83.1685270390314,72,54.2339129559696,17.7660870440304,0,I,286,5
62.9872804865504,72,54.9212604342029,8.06602005234751,1,C,287,5
57.3021240326973,72,55.109099233523,2.19302479917423,1,I,288,5
116.11016152661,68.2521040411049,55.3268880955875,12.9252159455174,0,C,289,5
381.845331265086,72,55.3552194451913,16.6447805548087,0,I,290,5
66.3751408920598,72,55.3762028552592,10.9989380368006,1,C,291,5
70.878064313824,72,55.5237317690626,15.3543325447614,1,I,292,5
450.660405798106,72,55.7068127626553,16.2931872373447,0,C,293,5
119.788413586938,72,55.7473803218454,16.2526196781546,0,I,294,5
409.21324871105,72,55.9866524767131,16.0133475232869,0,C,295,5
187.067860069472,72,56.0227514477447,15.9772485522553,0,I,296,5
211.255540961464,72,56.1418989859521,15.8581010140479,0,C,297,5
130.653561946353,72,56.3630744023249,15.6369255976751,0,I,298,5
76.4602789534394,72,56.3958446541801,15.6041553458199,0,C,299,5
99.227446096104,72,56.5415669186041,15.4584330813959,0,I,300,5
69.8087566638573,72,56.711152321659,13.0976043421983,1,C,301,5
237.832436789156,72,56.765570207499,15.234429792501,0,I,302,5
79.014545783469,72,56.8021698435769,15.1978301564232,0,C,303,5
266.800078891842,72,57.1229531010613,14.8770468989387,0,I,304,5
183.343887644774,72,57.2018880257383,14.7981119742617,0,C,305,5
122.285517804269,72,57.2245573997498,14.7754426002502,0,I,306,5
248.40679235293,72,57.3700328869745,14.6299671130255,0,C,307,5
132.87705018285,72,57.5978734670207,14.4021265329793,0,I,308,5
232.370417684885,72,57.6041993033141,14.3958006966859,0,C,309,5
165.843155373163,72,57.8418389009312,14.1581610990688,0,I,310,5
405.852176962085,70.8822615551305,57.9912122804672,12.8910492746633,0,C,311,5
70.118721913541,72,58.2365143904463,11.8822075230947,1,I,312,5
141.175022684978,72,58.318457454443,13.681542545557,0,C,313,5
172.65003818093,72,58.4174022870138,13.5825977129862,0,I,314,5
59.7149037934888,72,58.6179353250191,1.09696846846968,1,C,315,5
63.3232125926692,72,59.0194649202749,4.30374767239429,1,I,316,5
131.193861268281,72,59.0761372447014,12.9238627552986,0,C,317,5
65.6128028647909,72,59.2721714777872,6.34063138700367,1,I,318,5
132.753706738994,66.7471752727301,59.2830308759585,7.4641443967716,0,C,319,5
66.4198921265533,72,59.653142709285,6.76674941726827,1,I,320,5
729.184550528123,72,59.6631903480738,12.3368096519262,0,C,321,5
304.780653277133,72,59.7269140603021,12.2730859396979,0,I,322,5
196.814489316432,72,59.8631462780759,12.1368537219241,0,C,323,5
104.828152903559,0.603753874168155,0.0188602600246668,0.584893614143488,0,C,1,6
107.026101555155,72,0.360675221309066,71.6393247786909,0,I,2,6
0.970386928998297,72,0.488198683597148,0.48218824540115,1,C,3,6
37.2657181503762,72,0.587805141694844,36.6779130086813,1,I,4,6
9.48137716419177,72,0.655407831072807,8.82596933311896,1,C,5,6
391.302678896401,72,0.809545707888901,71.1904542921111,0,I,6,6
394.742802532487,72,1.13435116130859,70.8656488386914,0,C,7,6
169.683093379674,72,1.25082816928625,70.7491718307138,0,I,8,6
38.4533228583091,72,1.69594617560506,36.757376682704,1,C,9,6
95.5472440631549,72,1.73826333135366,70.2617366686463,0,I,10,6
64.7690493684739,72,2.02043888624758,62.7486104822264,1,C,11,6
2.4527843404714,72,2.326550334692,0.126234005779398,1,I,12,6
113.794849692235,72,2.58369587827474,69.4163041217253,0,C,13,6
26.2733944902231,72,2.83852828200907,23.4348662082141,1,I,14,6
41.4759551105183,72,3.12821775209159,38.3477373584267,1,C,15,6
77.7515641014807,70.7035286226968,3.49937151186168,67.2041571108352,0,I,16,6
76.4621788749104,72,3.65726485848427,68.3427351415157,0,C,17,6
16.3476259073934,72,3.83908860851079,12.5085372988826,1,I,18,6
8.51907256648088,63.2937874827566,3.92725618556142,4.59181638091946,1,C,19,6
74.0394921354665,72,3.93546593841165,68.0645340615884,0,I,20,6
82.9403662929202,72,3.95147067960352,68.0485293203965,0,C,21,6
11.9312401234777,62.99199270694,4.02568444143981,7.90555568203793,1,I,22,6
243.205438329514,72,4.02927981689572,67.9707201831043,0,C,23,6
65.1335325675546,21.8522177665833,4.12593673914671,17.7262810274365,0,I,24,6
203.159883977407,72,4.26793924067169,67.7320607593283,0,C,25,6
91.6204910799261,72,4.35693760402501,67.643062395975,0,I,26,6
73.4653560348942,23.7689353794802,4.37495106831193,19.3939843111683,0,C,27,6
85.0624189264398,34.1321686501713,4.51614952180535,29.616019128366,0,I,28,6
14.4164119151216,72,4.5788915315643,9.83752038355727,1,C,29,6
75.3087748384478,72,4.73048175685108,67.2695182431489,0,I,30,6
162.432240710102,72,4.73778863903135,67.2622113609687,0,C,31,6
97.4472019831278,35.4976083605312,4.7767878184095,30.7208205421217,0,I,32,6
40.3345704570383,26.5201285435547,4.94771549943835,21.5724130441164,0,C,33,6
264.623595847248,13.5230305194364,5.31349478289485,8.20953573654158,0,I,34,6
7.01258099345643,20.7418117146909,5.32147788908333,1.6911031043731,1,C,35,6
47.5455758813968,72,5.49854115117341,42.0470347302233,1,I,36,6
142.486988878498,57.7739985443157,6.01490098983049,51.7590975544852,0,C,37,6
55.690225533006,72,6.01943761110306,49.6707879219029,1,I,38,6
10.2264987916826,72,6.26914420165122,3.95735459003133,1,C,39,6
20.8239837642247,72,6.57292011659592,14.2510636476287,1,I,40,6
80.517270692491,72,6.62192459218204,65.378075407818,0,C,41,6
28.5113321773586,72,6.80291972123087,21.7084124561277,1,I,42,6
48.405058499882,72,7.08813715260476,41.3169213472772,1,C,43,6
269.500697512845,72,7.18808895908296,64.811911040917,0,I,44,6
46.7427233313587,72,7.31648785527796,39.4262354760807,1,C,45,6
81.0652131170943,72,7.43631504010409,64.5636849598959,0,I,46,6
195.111655761636,12.9604943379216,7.61877307668328,5.34172126123828,0,C,47,6
90.3209322675588,72,7.78360501863062,64.2163949813694,0,I,48,6
49.6552662932229,72,8.01539564039558,41.6398706528273,1,C,49,6
129.708763174382,72,8.03244853857905,63.967551461421,0,I,50,6
81.1424596056702,58.9499384933697,8.20637593511492,50.7435625582548,0,C,51,6
29.9859063218153,72,8.2640821672976,21.7218241545177,1,I,52,6
102.040158924245,72,8.44334442168474,63.5566555783153,0,C,53,6
134.113636863871,72,8.77872195560485,63.2212780443952,0,I,54,6
125.618296853325,72,8.96054451819509,63.0394554818049,0,C,55,6
138.290259940877,72,9.13333247881383,62.8666675211862,0,I,56,6
122.13682333794,72,9.18571839574724,62.8142816042528,0,C,57,6
100.653174077856,72,9.26811602432281,62.7318839756772,0,I,58,6
300.810542107022,72,9.51336034107953,62.4866396589205,0,C,59,6
177.814713269007,72,9.88068006467074,62.1193199353293,0,I,60,6
68.5640502355475,72,9.982676259242,58.5813739763055,1,C,61,6
44.3978680743791,72,10.1359461899847,34.2619218843944,1,I,62,6
38.3518870906991,72,10.3578959405422,27.9939911501569,1,C,63,6
11.0669805127982,72,10.374343469739,0.692637043059244,1,I,64,6
198.813488460186,72,10.5810193531215,61.4189806468785,0,C,65,6
112.24487529243,72,10.8769061230123,61.1230938769877,0,I,66,6
163.83451196475,72,11.1435117200017,60.8564882799983,0,C,67,6
140.710993900954,72,11.1711063282564,60.8288936717436,0,I,68,6
241.071460698373,72,11.7509701615199,60.2490298384801,0,C,69,6
189.783791551881,72,11.7606011638418,60.2393988361582,0,I,70,6
156.752471860036,72,12.0790423778817,59.9209576221183,0,C,71,6
53.0735746632311,72,12.2498278878629,40.8237467753682,1,I,72,6
14.3872600601153,72,12.7361665153876,1.65109354472771,1,C,73,6
49.7898849471896,72,12.8267871262506,36.963097820939,1,I,74,6
122.796489497266,32.7552762199234,12.870381125249,19.8848950946745,0,C,75,6
49.6850115463202,72,13.7496602442116,35.9353513021087,1,I,76,6
559.914478513244,72,14.1277037188411,57.8722962811589,0,C,77,6
271.872876190476,72,14.1391600202769,57.8608399797231,0,I,78,6
21.36190108782,60.9086765822676,14.2103809956461,7.1515200921739,1,C,79,6
54.5356085144858,72,14.2416279902682,40.2939805242176,1,I,80,6
16.652009044617,38.3393297344461,14.2765597114339,2.37544933318302,1,C,81,6
19.0049492319223,72,14.7424733592197,4.26247587270257,1,I,82,6
25.5636419073777,72,14.8798060230911,10.6838358842866,1,C,83,6
155.579494208102,72,15.0996373733506,56.9003626266494,0,I,84,6
416.269535662364,72,15.5934044066817,56.4065955933183,0,C,85,6
172.379514688288,72,15.9719083970413,56.0280916029587,0,I,86,6
189.030669952638,72,16.051282742992,55.948717257008,0,C,87,6
81.5386591873462,72,16.110132210888,55.889867789112,0,I,88,6
57.5090901098992,72,16.1779165221378,41.3311735877614,1,C,89,6
137.02727178135,72,16.4539972599596,55.5460027400404,0,I,90,6
317.246090040734,72,16.5083802910522,55.4916197089478,0,C,91,6
254.283341244727,72,16.6043057106435,55.3956942893565,0,I,92,6
204.600400869708,55.1063614465087,16.609501359053,38.4968600874558,0,C,93,6
52.7086171874965,72,16.653054705821,36.0555624816756,1,I,94,6
56.4858306620062,72,17.5325790653005,38.9532515967057,1,C,95,6
53.1695982767692,49.7016076587082,17.5608144002035,32.1407932585047,0,I,96,6
111.586124074459,72,18.1816444639117,53.8183555360884,0,C,97,6
225.686717857304,62.5574113780214,18.2711752178147,44.2862361602067,0,I,98,6
77.2997726267344,44.9546171473758,18.5412142938003,26.4134028535755,0,C,99,6
160.153736020754,72,18.7401781417429,53.2598218582571,0,I,100,6
184.777909628295,72,18.8589465804398,53.1410534195602,0,C,101,6
81.6068680232144,30.7476945796425,18.8644827716053,11.8832118080372,0,I,102,6
279.188527981783,72,18.9558077137917,53.0441922862083,0,C,103,6
93.1894074545611,71.5860156857222,18.9759496087208,52.6100660770013,0,I,104,6
115.59829578063,72,19.1045139776543,52.8954860223457,0,C,105,6
214.199490876035,72,19.1438966291025,52.8561033708975,0,I,106,6
19.3184506172549,72,19.1515518492088,0.166898768046095,1,C,107,6
29.4323840872695,72,19.175710324198,10.2566737630715,1,I,108,6
339.158695650437,72,19.5424767583609,52.4575232416391,0,C,109,6
105.340562506822,72,19.5741829974577,52.4258170025423,0,I,110,6
60.9979003133005,63.1990595042257,19.641717444174,41.3561828691265,1,C,111,6
93.5938185661929,72,20.1417113374919,51.8582886625081,0,I,112,6
84.8431184267483,72,20.4447393491864,51.5552606508136,0,C,113,6
30.9160683767556,72,20.6065111001953,10.3095572765602,1,I,114,6
129.42284324447,72,20.7163674384356,51.2836325615645,0,C,115,6
35.8643237452694,41.5707970781172,20.9094316000119,14.9548921452575,1,I,116,6
36.7000202927045,72,20.9106496302411,15.7893706624634,1,C,117,6
132.133619928257,72,21.0401630261913,50.9598369738087,0,I,118,6
67.9551920312544,72,21.2183006247506,46.7368914065038,1,C,119,6
128.905868265269,72,21.4837503153831,50.5162496846169,0,I,120,6
52.9863964105922,72,21.5854727709666,31.4009236396256,1,C,121,6
66.270233147095,22.0496909515119,21.5994017897174,0.450289161794565,0,I,122,6
109.346140916785,72,21.7486387537792,50.2513612462208,0,C,123,6
132.351511137007,41.4298935328428,21.9224047847092,19.5074887481336,0,I,124,6
32.612359808943,59.7082937530048,22.1848921570927,10.4274676518503,1,C,125,6
365.481490290628,43.1703229031775,22.3307467298582,20.8395761733192,0,I,126,6
101.294096768077,72,22.3725284216926,49.6274715783075,0,C,127,6
243.676056255922,72,22.3937007598579,49.6062992401421,0,I,128,6
97.2346215489912,33.3256830531482,22.4073264934123,10.9183565597359,0,C,129,6
88.7234012824503,72,22.4539185874164,49.5460814125836,0,I,130,6
172.496200372203,72,22.7156652230769,49.2843347769231,0,C,131,6
37.9963977482006,72,22.7468270435929,15.2495707046077,1,I,132,6
160.053218157399,72,22.7541614603251,49.2458385396749,0,C,133,6
130.254845157567,60.8361761736372,23.0733513040468,37.7628248695904,0,I,134,6
114.555325283919,72,23.0978858890012,48.9021141109988,0,C,135,6
283.414659140087,72,23.5326625267044,48.4673374732956,0,I,136,6
79.2450819400257,72,23.5360939521343,48.4639060478658,0,C,137,6
90.8403881775158,72,23.7247661082074,48.2752338917926,0,I,138,6
28.1493710241328,72,23.745070360601,4.40430066353187,1,C,139,6
38.0572885864024,72,24.1258450085297,13.9314435778726,1,I,140,6
299.055127529454,72,24.4223477644846,47.5776522355154,0,C,141,6
634.368222619127,70.500612097543,24.8288591019809,45.6717529955621,0,I,142,6
63.3899352213978,30.9808793035964,25.0785084581003,5.90237084549614,0,C,143,6
30.9290891564971,72,25.1323366910219,5.79675246547517,1,I,144,6
108.22435950647,72,25.2904866496101,46.7095133503899,0,C,145,6
112.081756098132,72,25.8260901505128,46.1739098494873,0,I,146,6
64.6959235209659,72,25.8295976137742,38.8663259071917,1,C,147,6
52.7978803761249,72,26.2154735857621,26.5824067903628,1,I,148,6
344.532301602887,72,26.853888630867,45.146111369133,0,C,149,6
276.259086469186,53.1493774970601,27.424376453273,25.7250010437871,0,I,150,6
32.3626551368118,72,27.7350419573486,4.62761317946317,1,C,151,6
61.6485292423162,72,27.8890152135864,33.7595140287299,1,I,152,6
146.542304192743,72,27.9256932204589,44.0743067795411,0,C,153,6
182.214209899285,72,28.0197236593813,43.9802763406187,0,I,154,6
141.255881722533,72,28.0388050200418,43.9611949799582,0,C,155,6
207.99813530737,72,28.0443303426728,43.9556696573272,0,I,156,6
111.664662774032,72,28.2479452947155,43.7520547052845,0,C,157,6
153.608064894123,72,28.3014041371644,43.6985958628356,0,I,158,6
144.184309636458,72,28.5055069159716,43.4944930840284,0,C,159,6
54.2854876336931,72,28.7605493562296,25.5249382774634,1,I,160,6
199.729430503547,72,28.9496888313442,43.0503111686558,0,C,161,6
34.1445464706978,72,29.0303888032213,5.11415766747651,1,I,162,6
170.713853784868,63.5947503887237,29.1059271013364,34.4888232873873,0,C,163,6
43.9566914093979,72,29.2542081233114,14.7024832860865,1,I,164,6
40.3911710472028,72,29.2699900595471,11.1211809876557,1,C,165,6
291.428135611566,30.9849411922944,29.7343457071111,1.25059548518329,0,I,166,6
35.4614184334631,72,29.7792105283588,5.68220790510429,1,C,167,6
58.6639447435721,72,29.9160300381482,28.747914705424,1,I,168,6
104.809388110704,72,29.9502369901165,42.0497630098835,0,C,169,6
80.1277614353114,72,30.1282204175368,41.8717795824632,0,I,170,6
139.060360145386,43.2129192451972,30.332163842395,12.8807554028023,0,C,171,6
63.0744999446285,54.5351440484362,30.4708546539769,24.0642893944594,0,I,172,6
93.4994753677298,72,30.5737958382815,41.4262041617185,0,C,173,6
227.449605545511,72,31.0455819312483,40.9544180687517,0,I,174,6
78.4113391358881,72,31.1924643209204,40.8075356790796,0,C,175,6
60.6527215933174,72,31.3109391136095,29.341782479708,1,I,176,6
162.44701960649,72,31.4200921542943,40.5799078457058,0,C,177,6
101.209986987712,72,31.5409642551094,40.4590357448906,0,I,178,6
47.6694266969411,72,31.6162626771256,16.0531640198154,1,C,179,6
227.771784224089,72,31.7281740205362,40.2718259794638,0,I,180,6
236.020381655747,34.1719288284898,31.7893870314583,2.38254179703149,0,C,181,6
319.693821952972,62.0054991148063,32.2198876412585,29.7856114735477,0,I,182,6
76.091908827286,72,32.3859274154529,39.6140725845471,0,C,183,6
39.0787359773397,72,32.5028985226527,6.57583745468703,1,I,184,6
47.7479875520544,72,33.1426598411053,14.6053277109491,1,C,185,6
54.1449192366451,72,33.4278689604253,20.7170502762198,1,I,186,6
59.9216696357633,56.7215612872597,33.6773446993902,23.0442165878695,0,C,187,6
52.3234319977509,72,33.6865973286331,18.6368346691178,1,I,188,6
204.391444464165,72,33.7111314246431,38.2888685753569,0,C,189,6
84.1898107337206,72,33.8105355156586,38.1894644843414,0,I,190,6
64.9639160277588,72,34.0519471652806,30.9119688624782,1,C,191,6
221.267688561141,72,34.075539750047,37.924460249953,0,I,192,6
36.8217429209695,67.0532806567842,34.1178889945149,2.70385392645458,1,C,193,6
70.1015398277013,72,34.2909107822925,35.8106290454088,1,I,194,6
90.8848689661045,72,34.4146199757233,37.5853800242767,0,C,195,6
116.449945717011,72,34.4351214542985,37.5648785457015,0,I,196,6
82.2398852410723,72,34.7332871519029,37.2667128480971,0,C,197,6
141.846119189678,44.6460060558138,35.3562429361045,9.28976311970928,0,I,198,6
288.304736974739,72,35.3673386480659,36.6326613519341,0,C,199,6
183.428578871941,72,36.4212755486369,35.5787244513631,0,I,200,6
37.7388496577906,72,36.4929323131219,1.24591734466876,1,C,201,6
123.262607857668,64.5432478166516,36.710469215177,27.8327786014746,0,I,202,6
127.92110883206,72,36.8584275897592,35.1415724102408,0,C,203,6
100.515586495502,72,36.9025488803163,35.0974511196837,0,I,204,6
236.947362223141,72,37.3768834630027,34.6231165369973,0,C,205,6
46.3196775378061,72,37.5433400971815,8.77633744062462,1,I,206,6
148.46579644413,72,37.8374846465886,34.1625153534114,0,C,207,6
44.5515768722307,72,37.9434829764068,6.60809389582389,1,I,208,6
208.384944442986,72,37.9680201597512,34.0319798402488,0,C,209,6
38.2501219158478,72,38.2326992880553,0.0174226277924737,1,I,210,6
123.186719651311,72,38.4423135593534,33.5576864406467,0,C,211,6
66.7079684129535,72,38.4503786824644,28.2575897304891,1,I,212,6
135.715729065843,72,38.6179715814069,33.3820284185931,0,C,213,6
66.0733130856198,72,38.918879404664,27.1544336809558,1,I,214,6
455.083839413128,72,38.9385054493323,33.0614945506677,0,C,215,6
153.855681560682,72,39.0190314827487,32.9809685172513,0,I,216,6
46.1817586641647,72,39.1761738527566,7.00558481140803,1,C,217,6
135.134704176856,72,39.3501527002081,32.6498472997919,0,I,218,6
72.0847874732485,72,39.393485407345,32.606514592655,0,C,219,6
158.721759958249,72,39.4206362357363,32.5793637642637,0,I,220,6
147.066345063792,72,39.5445858221501,32.4554141778499,0,C,221,6
182.785096367123,72,39.6590696135536,32.3409303864464,0,I,222,6
41.3845053308099,72,40.287358649075,1.0971466817349,1,C,223,6
187.445263249014,72,40.9609720576555,31.0390279423446,0,I,224,6
368.488126565682,72,40.9967317152768,31.0032682847232,0,C,225,6
52.5757105451355,72,41.2807009695098,11.2950095756257,1,I,226,6
173.412180622648,72,41.4049602812156,30.5950397187844,0,C,227,6
64.5476543727641,72,41.5129328984767,23.0347214742874,1,I,228,6
373.408227023381,72,41.5709079382941,30.4290920617059,0,C,229,6
74.3621701530435,72,42.2316124616191,29.7683875383809,0,I,230,6
238.757184318091,72,42.2923996858299,29.7076003141701,0,C,231,6
152.601740781064,72,42.452357984148,29.547642015852,0,I,232,6
48.0094051057217,72,42.7599233016372,5.24948180408455,1,C,233,6
189.366552129639,72,42.842051256448,29.157948743552,0,I,234,6
79.5354591314492,72,43.0205917311832,28.9794082688168,0,C,235,6
154.902527577585,72,43.0791621375829,28.9208378624171,0,I,236,6
125.170363405179,72,43.4344044467434,28.5655955532566,0,C,237,6
114.692696808894,72,43.4807606739923,28.5192393260077,0,I,238,6
263.475933582566,72,43.6087801214308,28.3912198785692,0,C,239,6
63.2912677361946,72,43.7539456039667,19.5373221322278,1,I,240,6
57.5134749571616,72,43.9365879865363,13.5768869706253,1,C,241,6
44.7505250962514,72,44.30252938997,0.447995706281418,1,I,242,6
69.3715971682453,72,44.4433091813698,24.9282879868754,1,C,243,6
79.715228173944,72,44.6314938878641,27.368506112136,0,I,244,6
281.782647423746,72,44.7363873291761,27.2636126708239,0,C,245,6
65.5066412416735,72,44.7960420744494,20.7105991672241,1,I,246,6
236.750597151193,72,45.2544700540602,26.7455299459398,0,C,247,6
115.955561061928,72,45.4654132761061,26.5345867238939,0,I,248,6
96.2281977090248,72,45.8732274547219,26.1267725452781,0,C,249,6
78.930554145706,72,45.9042725572363,26.0957274427638,0,I,250,6
118.505788186514,72,46.0440736217424,25.9559263782576,0,C,251,6
74.2430391580481,72,46.8188056536019,25.1811943463981,0,I,252,6
129.272754551766,66.4476597304544,46.8688208051026,19.5788389253518,0,C,253,6
72.7341776632422,72,47.0584964565933,24.9415035434067,0,I,254,6
84.0005157001422,56.0764517833507,47.1415102109313,8.93494157241938,0,C,255,6
49.0394488655905,72,47.5670115184039,1.47243734718656,1,I,256,6
190.180790383591,60.4545186060275,47.6302632177249,12.8242553883027,0,C,257,6
73.7798099990567,72,47.6499525038526,24.3500474961475,0,I,258,6
164.572145363604,72,47.7944710850716,24.2055289149284,0,C,259,6
240.15768817531,72,47.8946574870497,24.1053425129503,0,I,260,6
121.560806973685,72,48.8508203113452,23.1491796886548,0,C,261,6
382.036452017483,72,48.8840706227347,23.1159293772653,0,I,262,6
178.330595056728,72,48.9289189316332,23.0710810683668,0,C,263,6
284.84866587012,72,49.1369782481343,22.8630217518657,0,I,264,6
81.1704419787598,56.9359946671456,49.2075083451346,7.72848632201107,0,C,265,6
101.521033029921,72,49.2164043802768,22.7835956197232,0,I,266,6
58.5204045379114,72,49.4602252822369,9.06017925567442,1,C,267,6
93.0837796418395,72,49.5500649372116,22.4499350627884,0,I,268,6
128.683682712731,72,49.6957392990589,22.3042607009411,0,C,269,6
96.9993924339511,72,49.920868864283,22.079131135717,0,I,270,6
274.37393902799,72,50.240618227981,21.759381772019,0,C,271,6
241.836220992337,72,50.5738440714777,21.4261559285224,0,I,272,6
172.752522106664,72,51.058404436335,20.941595563665,0,C,273,6
85.7656880915883,72,51.3504650909454,20.6495349090546,0,I,274,6
89.8298178816206,72,52.0694539183751,19.9305460816249,0,C,275,6
299.307343803296,72,52.2181263193488,19.7818736806512,0,I,276,6
132.195253028145,72,52.8285475261509,19.1714524738491,0,C,277,6
68.883124830446,59.330723652231,52.8906009206548,6.44012273157613,0,I,278,6
163.956114798942,72,53.4870420210064,18.5129579789937,0,C,279,6
74.0786565805744,72,53.6773988977075,18.3226011022925,0,I,280,6
316.767910045233,72,53.7086823536083,18.2913176463917,0,C,281,6
57.2346961438377,72,53.7435051519424,3.49119099189537,1,I,282,6
409.418542262363,72,54.1732020210475,17.8267979789525,0,C,283,6
249.035254600646,72,54.2797225434333,17.7202774565667,0,I,284,6
274.777452734501,72,54.3093038862571,17.6906961137429,0,C,285,6
137.659220416833,72,54.3831276800484,17.6168723199517,0,I,286,6
129.01277342409,72,54.4991224631667,17.5008775368333,0,C,287,6
55.4155918951537,72,54.5067446585745,0.908847236579214,1,I,288,6
109.066610555652,72,54.5967301446945,17.4032698553056,0,C,289,6
174.914180471578,72,54.6375885140151,17.3624114859849,0,I,290,6
374.656230645374,72,54.6398071898148,17.3601928101853,0,C,291,6
66.9532317668019,72,54.6461586467922,12.3070731200097,1,I,292,6
94.754483786245,72,54.9081379920244,17.0918620079756,0,C,293,6
210.191202923071,72,55.041318484582,16.958681515418,0,I,294,6
118.914128250719,72,55.2948755817488,16.7051244182512,0,C,295,6
61.2890127837172,72,55.3752785269171,5.91373425680012,1,I,296,6
90.036446919664,72,55.6828471412882,16.3171528587118,0,C,297,6
127.659998820908,72,55.8189083542675,16.1810916457325,0,I,298,6
67.9288126879929,72,56.2239044671878,11.704908220805,1,C,299,6
68.9167593163271,72,56.242747977376,12.6740113389511,1,I,300,6
81.0196008370203,72,56.4122043829411,15.5877956170589,0,C,301,6
400.631321211816,72,56.4860306633636,15.5139693366364,0,I,302,6
73.9698875291269,72,56.9705331791192,15.0294668208808,0,C,303,6
67.0073092836538,72,57.1000873250887,9.90722195856515,1,I,304,6
64.4241862694559,72,57.2268460225314,7.19734024692451,1,C,305,6
127.069495246241,72,57.7809263812378,14.2190736187622,0,I,306,6
172.412955577651,60.3284071509169,57.8988463059068,2.42956084501015,0,C,307,6
166.658670955394,72,57.9154255567119,14.0845744432881,0,I,308,6
168.630551084464,72,58.0805274518207,13.9194725481793,0,C,309,6
198.589902548455,72,58.3546825032681,13.6453174967319,0,I,310,6
75.5587440439044,72,58.8835792383179,13.1164207616821,0,C,311,6
132.037303046212,64.1732658152637,58.9128914102912,5.26037440497247,0,I,312,6
146.894868785582,72,58.973169378005,13.026830621995,0,C,313,6
170.148370309528,72,59.0282216621563,12.9717783378437,0,I,314,6
109.180012386276,72,59.1972880996764,12.8027119003236,0,C,315,6
72.2444094670318,72,59.3265920877457,12.6734079122543,0,I,316,6
155.733934819182,72,59.5505459513515,12.4494540486485,0,C,317,6
316.064923247796,72,59.8550223978236,12.1449776021764,0,I,318,6
2.43705210427864,72,0.225731902755797,2.21132020152284,1,I,1,7
52.5136532894243,72,0.527656464837492,51.9859968245868,1,C,2,7
60.6941905366237,72,0.823991359211505,59.8701991774122,1,I,3,7
232.934329240252,72,1.15887688938528,70.8411231106147,0,C,4,7
16.1126743818214,72,1.65580478031188,14.4568696015095,1,I,5,7
99.856753764661,72,1.68087382335216,70.3191261766478,0,C,6,7
42.1346543288257,72,1.93296127952635,40.2016930492994,1,I,7,7
212.624691094852,72,2.09322335198522,69.9067766480148,0,C,8,7
243.158469546686,72,2.14151356369257,69.8584864363074,0,I,9,7
46.6397783148962,9.26794176931735,2.24605425260961,7.02188751670774,0,C,10,7
21.5577327269933,72,2.30848009698093,19.2492526300124,1,I,11,7
12.1671337816655,72,2.37269361969084,9.79444016197467,1,C,12,7
148.067789314155,72,2.451430731453,69.548569268547,0,I,13,7
10.8536314832569,72,2.95669144950807,7.89694003374879,1,C,14,7
91.838796709868,72,3.24334221426398,68.756657785736,0,I,15,7
22.2451544033594,72,3.24915041215718,18.9960039912023,1,C,16,7
103.533374151592,72,3.3731676125899,68.6268323874101,0,I,17,7
12.7399934182104,72,3.67033323738724,9.06966018082316,1,C,18,7
154.76648827644,72,4.00856492109597,67.991435078904,0,I,19,7
17.7245860595309,72,4.156016218476,13.5685698410549,1,C,20,7
52.1310427006773,72,4.3293025251478,47.8017401755295,1,I,21,7
90.5877751053688,72,4.33010471519083,67.6698952848092,0,C,22,7
17.3099218781602,9.50399119328151,4.35841372702271,5.14557746625881,0,I,23,7
107.493116911783,30.42711644454,4.86133493017405,25.5657815143659,0,C,24,7
154.395537578231,72,4.95080195367336,67.0491980463266,0,I,25,7
103.425307514739,52.6064248735523,5.02657416276634,47.579850710786,0,C,26,7
47.5567465279493,41.3418774960804,5.04451523534954,36.2973622607309,0,I,27,7
247.594238990134,72,5.32789003103972,66.6721099689603,0,C,28,7
53.5507195647882,31.5420099265049,5.38620235864073,26.1558075678642,0,I,29,7
254.406729054485,72,5.41203148663044,66.5879685133696,0,C,30,7
128.411704595395,72,5.48922550398856,66.5107744960114,0,I,31,7
50.8576374875337,56.890400613795,5.55090228561312,45.3067352019206,1,C,32,7
65.4657204888765,72,5.56542336009443,59.9002971287821,1,I,33,7
35.9822494368295,72,5.98541087005287,29.9968385667767,1,C,34,7
80.1185974828721,72,6.04917672928423,65.9508232707158,0,I,35,7
94.4511197842304,72,6.08322548680008,65.9167745131999,0,C,36,7
171.26605953487,53.9887145715124,6.08433710876852,47.9043774627439,0,I,37,7
222.336868580207,72,6.10512376762927,65.8948762323707,0,C,38,7
28.1317370266427,72,6.23639929108322,21.8953377355595,1,I,39,7
8.58969702618763,72,6.51976738125086,2.06992964493677,1,C,40,7
103.583075034125,32.0927054241134,6.66114232968539,25.431563094428,0,I,41,7
131.532441052888,25.3713472747391,7.2931226156652,18.0782246590739,0,C,42,7
104.666507888848,37.1795161402169,7.48785572592169,29.6916604142952,0,I,43,7
69.307071496823,72,7.58499297313392,61.7220785236891,1,C,44,7
50.1804704514512,72,7.68149191047996,42.4989785409712,1,I,45,7
163.506285682323,72,7.80629967804998,64.19370032195,0,C,46,7
80.6339964859486,72,8.28877223655582,63.7112277634442,0,I,47,7
176.136841952725,39.9545802702607,8.5898301936686,31.3647500765921,0,C,48,7
68.3842267581183,72,8.83953425567597,59.5446925024423,1,I,49,7
29.1719535642527,72,9.00373523589224,20.1682183283605,1,C,50,7
100.659626792363,72,9.09100967925042,62.9089903207496,0,I,51,7
108.914285895002,11.8065754911706,9.47269775904715,2.33387773212346,0,C,52,7
56.7956337869911,72,9.85665620304644,46.9389775839447,1,I,53,7
134.699013816919,72,9.92806829977781,62.0719317002222,0,C,54,7
60.4513355421049,72,10.1156574022025,50.3356781399024,1,I,55,7
99.0858170504313,72,10.5575920734555,61.4424079265446,0,C,56,7
644.99008729343,72,10.6088072480634,61.3911927519366,0,I,57,7
145.553500458672,72,10.7419243315235,61.2580756684765,0,C,58,7
49.3662177180473,72,10.7430543098599,38.6231634081875,1,I,59,7
60.7459963414298,72,11.0720487730578,49.6739475683721,1,C,60,7
23.5394986460263,72,11.0737380478531,12.4657605981732,1,I,61,7
220.14160601313,72,11.2172782374546,60.7827217625454,0,C,62,7
171.109403986396,72,11.6584091400728,60.3415908599272,0,I,63,7
73.056111311756,72,11.9646154437214,60.0353845562786,0,C,64,7
411.629622565875,72,12.1929201018065,59.8070798981935,0,I,65,7
30.4937590276925,29.7392767896444,12.7142521413043,17.0250246483401,0,C,66,7
43.1601069840403,72,12.7518879203126,30.4082190637277,1,I,67,7
30.8101640726364,72,13.0750907678157,17.7350733048207,1,C,68,7
171.465718956551,72,13.2861893903464,58.7138106096536,0,I,69,7
156.683456889848,72,13.5544059053063,58.4455940946937,0,C,70,7
187.009892249945,72,13.6052327882499,58.3947672117502,0,I,71,7
130.602710612738,72,13.6162068787962,58.3837931212038,0,C,72,7
42.0413053598887,41.2913967544517,13.6254198616371,27.6659768928146,0,I,73,7
197.945791364182,72,13.64441444166,58.35558555834,0,C,74,7
41.2434216389037,72,13.849866958335,27.3935546805686,1,I,75,7
158.413295529126,15.2515120865124,14.062970476225,1.18854161028735,0,C,76,7
106.002971332453,72,14.1168187558651,57.8831812441349,0,I,77,7
108.333571437338,53.3318082015879,14.5451605506241,38.7866476509638,0,C,78,7
49.8343599853483,72,14.8022290505469,35.0321309348014,1,I,79,7
219.330644241235,72,14.8976879892871,57.1023120107129,0,C,80,7
221.733485692351,72,15.0849085813388,56.9150914186612,0,I,81,7
167.881647341206,72,15.4125184100121,56.5874815899879,0,C,82,7
65.85136399377,72,15.6970991240814,50.1542648696886,1,I,83,7
48.3345896405587,72,15.7412304729223,32.5933591676364,1,C,84,7
30.9180250282088,72,16.4545358810574,14.4634891471514,1,I,85,7
65.17957024854,72,17.1427534008399,48.0368168477001,1,C,86,7
87.0101768352155,72,17.2826046170667,54.7173953829333,0,I,87,7
172.903751163514,72,17.6597076701,54.3402923299,0,C,88,7
76.7496892703441,72,17.9279852891341,54.0720147108659,0,I,89,7
103.818564951972,72,18.3015282545239,53.6984717454761,0,C,90,7
95.487403993338,72,18.426908031106,53.573091968894,0,I,91,7
140.618768584955,72,18.6662953672931,53.3337046327069,0,C,92,7
197.730305540854,72,18.7402842985466,53.2597157014534,0,I,93,7
563.483803610989,72,19.5398953277618,52.4601046722382,0,C,94,7
68.0130563289023,72,19.5589113654569,48.4541449634455,1,I,95,7
67.9557885687247,72,19.6461493754759,48.3096391932488,1,C,96,7
22.3075992758463,72,20.5808739177883,1.72672535805801,1,I,97,7
106.879059662534,65.6174718957433,20.6580996327102,44.9593722630331,0,C,98,7
76.7871712522004,72,21.0142557509244,50.9857442490757,0,I,99,7
47.2801647512824,72,21.3059835322201,25.9741812190622,1,C,100,7
62.1274316201295,72,21.5688809473068,40.5585506728228,1,I,101,7
72.729129390356,46.1859336223994,21.6431100899354,24.542823532464,0,C,102,7
440.545766571348,72,21.7187800537795,50.2812199462205,0,I,103,7
39.1525039288215,72,21.79081548471,17.3616884441114,1,C,104,7
53.8744731059659,72,21.7938095564023,32.0806635495637,1,I,105,7
497.191398499812,72,22.0992877660319,49.9007122339681,0,C,106,7
216.657554604747,70.9059084902818,22.1533308411017,48.7525776491801,0,I,107,7
27.5247462593591,72,22.2382646519691,5.28648160739,1,C,108,7
64.0646149023202,72,22.514571826905,41.5500430754152,1,I,109,7
102.819406908252,72,22.9502084059641,49.0497915940359,0,C,110,7
56.706704816953,72,22.9949661623687,33.7117386545843,1,I,111,7
106.7226823251,52.1702126453993,23.0155703332275,29.1546423121718,0,C,112,7
48.1511888012016,72,23.0699781049043,25.0812106962973,1,I,113,7
60.1385193724699,72,23.318299530074,36.8202198423959,1,C,114,7
317.711691722685,72,23.3996689785272,48.6003310214728,0,I,115,7
87.5224004301205,72,23.9787669014186,48.0212330985814,0,C,116,7
70.4447305008348,72,24.0220341878012,46.4226963130336,1,I,117,7
125.130392958328,72,24.038905100897,47.9610948991031,0,C,118,7
63.0267769573642,72,24.2274978803471,38.7992790770171,1,I,119,7
267.979937741265,32.3659896566779,24.3354246206582,8.03056503601972,0,C,120,7
77.7116097300506,72,24.3741293996573,47.6258706003428,0,I,121,7
60.0979572735327,72,24.5835516555235,35.5144056180092,1,C,122,7
25.5212389577219,72,25.4173429962248,0.103895961497108,1,I,123,7
44.5724507397437,72,25.5119377886876,19.0605129510561,1,C,124,7
232.785157327792,72,25.642355424352,46.357644575648,0,I,125,7
105.53097291546,72,26.0434403037652,45.9565596962348,0,C,126,7
202.849599841859,72,26.1624681064859,45.8375318935141,0,I,127,7
61.9704043790758,61.8363944735311,26.1935902107507,35.6428042627804,0,C,128,7
69.7943390138726,50.1344027883631,26.2492007156834,23.8852020726797,0,I,129,7
72.6505807779504,72,26.4115370158106,45.5884629841894,0,C,130,7
240.75103997569,72,26.4880947489291,45.5119052510709,0,I,131,7
33.2222482006834,72,26.4895421918482,6.73270600883524,1,C,132,7
203.971600067701,31.208415971626,26.5853848261759,4.62303114545011,0,I,133,7
159.900084937915,72,26.5919874608517,45.4080125391483,0,C,134,7
135.095811385733,72,26.9264517584816,45.0735482415184,0,I,135,7
93.4862837416363,72,27.0164637174457,44.9835362825543,0,C,136,7
73.4475675663861,69.1619814387658,27.1072937222198,42.054687716546,0,I,137,7
328.995325824959,72,27.5255490699783,44.4744509300217,0,C,138,7
96.6559686303522,31.1820236279989,27.588036688976,3.59398693902287,0,I,139,7
181.845139526452,72,27.6925332890824,44.3074667109177,0,C,140,7
72.3641512780574,46.8718017348781,27.9462338704616,18.9255678644165,0,I,141,7
97.9379216745638,72,28.6586926644668,43.3413073355332,0,C,142,7
48.2741073618617,72,28.7122296122834,19.5618777495783,1,I,143,7
35.6738667615634,72,28.7644428340718,6.90942392749153,1,C,144,7
186.987308917372,72,28.8071361975744,43.1928638024256,0,I,145,7
51.6257376765587,72,28.8818145124242,22.7439231641346,1,C,146,7
50.0386582848343,72,28.89397545252,21.1446828323143,1,I,147,7
55.2821205865606,72,29.1646573087201,26.1174632778406,1,C,148,7
404.880654155631,38.148665067599,29.1990360617638,8.94962900583525,0,I,149,7
191.113823196624,72,29.2254113545641,42.7745886454359,0,C,150,7
103.705003506367,61.3557374523287,29.6606875117868,31.6950499405419,0,I,151,7
53.4019297034823,72,29.6812497032806,23.7206800002017,1,C,152,7
63.6878615914493,72,29.7642585542053,33.923603037244,1,I,153,7
57.8531922552597,72,29.8647653963417,27.988426858918,1,C,154,7
189.69665682081,72,30.0014959461987,41.9985040538013,0,I,155,7
35.8649169418847,53.2690293828345,30.1155770011246,5.74933994076012,1,C,156,7
290.96029095982,72,30.1706866035238,41.8293133964762,0,I,157,7
482.484566727004,72,30.2541481330991,41.7458518669009,0,C,158,7
55.552434635529,39.8190897940214,30.4340536985546,9.3850360954668,0,I,159,7
434.199486718443,72,31.1001452570781,40.8998547429219,0,C,160,7
363.796638541879,72,31.1597724119201,40.8402275880799,0,I,161,7
175.537834038513,72,31.4221224747598,40.5778775252402,0,C,162,7
263.383026875342,72,31.4347615744919,40.5652384255081,0,I,163,7
391.596050458319,72,31.4656935911626,40.5343064088374,0,C,164,7
87.9899700358346,72,31.4804580481723,40.5195419518277,0,I,165,7
126.811358875184,72,31.6130758356303,40.3869241643697,0,C,166,7
99.0369649420181,35.675328142758,32.1938489517197,3.48147919103825,0,I,167,7
55.3505290906898,72,32.5707581592724,22.7797709314174,1,C,168,7
104.525987284319,72,33.067725864239,38.932274135761,0,I,169,7
161.69563988871,38.1538267762803,33.0680865515023,5.08574022477791,0,C,170,7
69.2064723073212,72,33.4856996918097,35.7207726155115,1,I,171,7
48.3452547205219,72,33.6255263071507,14.7197284133711,1,C,172,7
312.355712750279,72,33.83698948659,38.16301051341,0,I,173,7
41.4784922458083,72,34.4131505163386,7.06534172946968,1,C,174,7
177.196962863328,72,34.4576430832967,37.5423569167033,0,I,175,7
188.620642969844,72,34.5669693360105,37.4330306639895,0,C,176,7
61.786070508361,72,35.0911522423849,26.6949182659762,1,I,177,7
61.1978627027679,72,35.1440842123702,26.0537784903977,1,C,178,7
211.479034358773,72,35.4156142892316,36.5843857107684,0,I,179,7
101.116406928629,72,35.4792353929952,36.5207646070048,0,C,180,7
54.0597235715545,38.4597451119889,35.542205167003,2.91753994498596,0,I,181,7
138.226720404204,72,35.624763420783,36.375236579217,0,C,182,7
36.3579025265529,72,35.6609359430149,0.696966583538007,1,I,183,7
152.579417483307,72,35.755961718969,36.244038281031,0,C,184,7
151.663896227359,72,35.7871119165793,36.2128880834207,0,I,185,7
97.4000935665785,72,35.838640127331,36.161359872669,0,C,186,7
201.798447780108,72,36.3761968072504,35.6238031927496,0,I,187,7
54.610902104473,71.9984123093045,36.6439661197364,17.9669359847365,1,C,188,7
73.5886965106045,72,36.9415472773835,35.0584527226165,0,I,189,7
46.2661972887023,72,37.0170431211591,9.24915416754323,1,C,190,7
48.5727674751337,47.6288831862178,37.0273111341521,10.6015720520656,0,I,191,7
226.567024633143,72,37.2065537888557,34.7934462111443,0,C,192,7
82.7490490661836,72,37.690734914504,34.309265085496,0,I,193,7
198.688513943932,72,37.9990386217833,34.0009613782167,0,C,194,7
83.6945955375405,72,38.0109591968358,33.9890408031642,0,I,195,7
110.981398980088,57.5322754433482,38.0270281713456,19.5052472720026,0,C,196,7
131.98406895992,72,38.2658625533804,33.7341374466196,0,I,197,7
44.3838204414555,72,38.7741047563031,5.60971568515237,1,C,198,7
139.345755942485,72,39.0162874571979,32.9837125428021,0,I,199,7
132.978109953636,72,39.0609120950103,32.9390879049897,0,C,200,7
212.807817828714,72,39.3803731352091,32.6196268647909,0,I,201,7
97.1052173329452,69.827296934927,39.4736330676824,30.3536638672446,0,C,202,7
187.994592558394,72,39.6606804337353,32.3393195662648,0,I,203,7
352.894562854996,72,40.0801995769143,31.9198004230857,0,C,204,7
171.981120650388,72,40.4596408037469,31.5403591962531,0,I,205,7
42.6431065652473,72,41.4822303364053,1.160876228842,1,C,206,7
105.638946542951,52.5417591964381,41.6958375368267,10.8459216596114,0,I,207,7
256.489383138599,72,41.6992823733017,30.3007176266983,0,C,208,7
338.84706754974,72,41.7643072782084,30.2356927217916,0,I,209,7
150.31829668307,72,41.8736995803192,30.1263004196808,0,C,210,7
61.4585730265099,72,41.9136762432754,19.5448967832344,1,I,211,7
207.416764106351,72,42.033475167118,29.966524832882,0,C,212,7
169.462652346616,72,42.4381974292919,29.5618025707081,0,I,213,7
183.189309627764,72,42.7617504028603,29.2382495971397,0,C,214,7
248.597963611942,72,42.9746273718774,29.0253726281226,0,I,215,7
46.3025541111918,72,43.2048985781148,3.09765553307697,1,C,216,7
64.9546523972489,72,43.238430689089,21.7162217081599,1,I,217,7
204.510197350662,72,43.630473590456,28.3695264095441,0,C,218,7
55.3995303323651,72,43.7064629886299,11.6930673437352,1,I,219,7
136.715847392283,72,43.9245948381722,28.0754051618278,0,C,220,7
49.8767832147546,72,44.0412521967664,5.83553101798819,1,I,221,7
124.941545204654,72,44.0761403879151,27.9238596120849,0,C,222,7
149.827282945332,48.2464913344156,44.2115147598088,4.03497657460685,0,I,223,7
113.52005956026,72,44.2652898235247,27.7347101764754,0,C,224,7
106.40283445736,68.998364245455,44.5923646073788,24.4059996380761,0,I,225,7
106.938102617852,72,44.9934400152415,27.0065599847585,0,C,226,7
180.422988356517,72,45.2745665749535,26.7254334250465,0,I,227,7
112.904456474801,72,45.2857353212312,26.7142646787688,0,C,228,7
114.202195994045,72,45.6145319715142,26.3854680284858,0,I,229,7
162.515014232692,72,45.7024008594453,26.2975991405547,0,C,230,7
275.561863817002,72,45.9923664433882,26.0076335566118,0,I,231,7
143.643885174073,72,46.0980910481885,25.9019089518115,0,C,232,7
140.436627301381,70.2898428870331,46.1008219141513,24.1890209728818,0,I,233,7
84.3526183582059,72,46.245421199128,25.754578800872,0,C,234,7
50.1606083444787,72,46.3584851939231,3.80212315055557,1,I,235,7
109.69209281806,72,46.8310650112107,25.1689349887893,0,C,236,7
191.16569414149,72,46.8907739594579,25.1092260405421,0,I,237,7
58.9854578035666,72,47.1067151008174,11.8787427027492,1,C,238,7
215.431286101739,72,47.5363985588774,24.4636014411226,0,I,239,7
135.903778758366,72,48.044073949568,23.955926050432,0,C,240,7
88.3650144715123,67.7059448982558,48.1608152529225,19.5451296453333,0,I,241,7
252.316430624996,72,48.2557604648173,23.7442395351827,0,C,242,7
143.904031774213,72,48.338558874093,23.661441125907,0,I,243,7
138.975712272492,72,48.6321874056011,23.3678125943989,0,C,244,7
112.210034974296,72,48.9355787448585,23.0644212551415,0,I,245,7
56.7293117887431,72,49.0069733932614,7.7223383954817,1,C,246,7
88.9659639239508,72,49.0997883165255,22.9002116834745,0,I,247,7
165.933513544267,72,49.1357722599059,22.8642277400941,0,C,248,7
67.0474807349994,72,49.1940380679444,17.8534426670551,1,I,249,7
233.912769830006,72,49.2190414806828,22.7809585193172,0,C,250,7
222.708794144976,72,49.3643004214391,22.6356995785609,0,I,251,7
704.501435556915,72,50.0485114194453,21.9514885805547,0,C,252,7
222.98660645921,72,50.1416088407859,21.8583911592141,0,I,253,7
316.058214236181,72,50.2000617887825,21.7999382112175,0,C,254,7
103.891246148169,72,50.3341932501644,21.6658067498356,0,I,255,7
73.3729665171547,72,50.3966522589326,21.6033477410674,0,C,256,7
83.6157647194952,56.0877585038519,50.453537623398,5.63422088045385,0,I,257,7
136.861446843254,72,50.6696777930483,21.3303222069517,0,C,258,7
64.210299800552,52.5621567830725,50.8285622159019,1.73359456717061,0,I,259,7
72.6815035772208,72,51.3217482157052,20.6782517842948,0,C,260,7
211.953379262638,72,51.3447977369651,20.6552022630349,0,I,261,7
94.2398973798128,72,51.6471538553014,20.3528461446986,0,C,262,7
166.719894993994,72,51.8632421689108,20.1367578310892,0,I,263,7
160.329266078898,72,52.432521013543,19.567478986457,0,C,264,7
58.5391690491575,72,52.6750816265121,5.86408742264536,1,I,265,7
175.312016165563,72,52.8249797550961,19.1750202449039,0,C,266,7
59.2830038038107,72,52.8732640016824,6.40973980212824,1,I,267,7
78.7680145147016,72,53.008757326752,18.9912426732481,0,C,268,7
596.042168891102,72,53.0262955231592,18.9737044768408,0,I,269,7
60.1167733084878,72,53.4544851724058,6.66228813608191,1,C,270,7
53.8511711872786,72,53.7389445723966,0.112226614882054,1,I,271,7
99.5854103469785,72,53.9257806306705,18.0742193693295,0,C,272,7
162.355976782208,72,53.9799911202863,18.0200088797137,0,I,273,7
144.957047525702,72,54.1513807279989,17.8486192720011,0,C,274,7
120.299698848358,72,54.4959814427421,17.504018557258,0,I,275,7
119.003764469889,72,54.697481081821,17.302518918179,0,C,276,7
255.615352969568,72,54.8376477370039,17.1623522629961,0,I,277,7
110.253650857371,72,54.9934041453525,17.0065958546475,0,C,278,7
156.000168763005,62.6969671371902,55.0202149059624,7.67675223122785,0,I,279,7
137.169211028314,72,55.1456923317164,16.8543076682836,0,C,280,7
90.4961027923508,72,55.2945742523298,16.7054257476702,0,I,281,7
73.425347531182,72,55.3403845243156,16.6596154756844,0,C,282,7
131.61198671549,72,55.4969278955832,16.5030721044168,0,I,283,7
281.931712032667,72,55.67047000397,16.32952999603,0,C,284,7
401.444778426152,72,55.921104750596,16.078895249404,0,I,285,7
222.001820913301,72,56.8241014843807,15.1758985156193,0,C,286,7
62.9434355306161,72,57.0937675517052,5.8496679789109,1,I,287,7
164.625668601434,72,57.1625905204564,14.8374094795436,0,C,288,7
108.295788377622,72,57.6446702191606,14.3553297808394,0,I,289,7
75.8423964540795,72,57.7784116426483,14.2215883573517,0,C,290,7
224.94634874005,72,57.814346915111,14.1856530848891,0,I,291,7
142.491980995972,72,57.9354547988623,14.0645452011377,0,C,292,7
63.0723853547573,72,58.1696362467483,4.90274910800903,1,I,293,7
74.2081818135138,72,58.4277826035395,13.5722173964605,0,C,294,7
129.356955395534,72,58.5300521319732,13.4699478680268,0,I,295,7
293.935763576929,72,58.594929696992,13.405070303008,0,C,296,7
175.807298279141,72,58.9808794297278,13.0191205702722,0,I,297,7
485.59244472839,72,59.2643908783793,12.7356091216207,0,C,298,7
66.4648414551253,72,59.3843932449818,7.08044821014351,1,I,299,7
156.561844666272,72,59.4041037093848,12.5958962906152,0,C,300,7
126.523399535719,72,59.4959766184911,12.5040233815089,0,I,301,7
84.1295069315654,72,59.5779469795525,12.4220530204475,0,C,302,7
185.05406839953,72,59.7900511650369,12.2099488349631,0,I,303,7
107.553983115316,72,59.8019436188042,12.1980563811958,0,C,304,7
213.563103557679,72,59.8984798416495,12.1015201583505,0,I,305,7
193.5335376933,72,59.9958345713094,12.0041654286906,0,C,306,7
7.39264952198438,62.5817146627651,0.132482727058232,7.26016679492615,1,I,1,8
58.2142409872606,72,0.246208640746772,57.9680323465138,1,C,2,8
77.0210173871205,12.6270469335952,0.247742529027164,12.379304404568,0,I,3,8
60.1714844322175,72,0.303577948361635,59.8679064838559,1,C,4,8
99.2564996750726,72,0.739377541467547,71.2606224585325,0,I,5,8
295.916698019681,72,1.60428768955171,70.3957123104483,0,C,6,8
326.156392728861,50.6804475559303,1.61127631086856,49.0691712450618,0,I,7,8
1.78507525580856,11.958540720099,1.61943183280528,0.16564342300328,1,C,8,8
128.444975390888,72,1.81460912805051,70.1853908719495,0,I,9,8
10.0655536972297,37.0851867397114,1.83790499344468,8.227648703785,1,C,10,8
18.6232584832457,72,2.04306218773127,16.5801962955145,1,I,11,8
139.563163888514,65.7458264449714,2.05971908289939,63.686107362072,0,C,12,8
72.1105947483216,72,2.17213025316596,69.827869746834,0,I,13,8
109.92029338947,72,2.30339460074902,69.696605399251,0,C,14,8
172.54209551781,56.2529694273016,2.75036829058081,53.5026011367208,0,I,15,8
38.1572355385816,72,2.76150024030358,35.3957352982781,1,C,16,8
220.341863586461,72,2.8343718778342,69.1656281221658,0,I,17,8
133.231779218182,72,2.84957888536155,69.1504211146385,0,C,18,8
148.587540507298,72,2.96666321810335,69.0333367818967,0,I,19,8
69.2372528939937,72,3.30386760178953,65.9333852922041,1,C,20,8
67.2934243654584,72,3.39821553323418,63.8952088322242,1,I,21,8
173.017541153979,72,3.45921136904508,68.5407886309549,0,C,22,8
265.199174624666,35.5531645194265,3.51515252608806,32.0380119933384,0,I,23,8
79.5168101645625,72,3.72339298948646,68.2766070105136,0,C,24,8
7.22310059033631,72,3.75137262046337,3.47172796987294,1,I,25,8
164.68831754803,8.26677988332674,3.84322416968644,4.4235557136403,0,C,26,8
32.9457387479419,72,3.88312135823071,29.0626173897112,1,I,27,8
34.1030244864596,72,3.92707382328808,30.1759506631715,1,C,28,8
20.1174959740909,72,4.02331524062902,16.0941807334619,1,I,29,8
136.237568957217,72,4.2289395025,67.7710604975,0,C,30,8
37.6005248162912,72,4.32228745892644,33.2782373573647,1,I,31,8
22.7613979327544,61.160116942109,4.41226642113179,18.3491315116226,1,C,32,8
562.749241691026,72,4.77778977714479,67.2222102228552,0,I,33,8
74.1220426882291,72,4.93200302124023,67.0679969787598,0,C,34,8
629.848080682941,29.0806741051686,5.2315940335393,23.8490800716293,0,I,35,8
43.3407629811684,72,5.74949667323381,37.5912663079346,1,C,36,8
79.0185476832077,18.6627807179718,6.15539814345539,12.5073825745164,0,I,37,8
229.393191071379,72,6.44406690727919,65.5559330927208,0,C,38,8
45.555077013965,52.5153201115561,6.48853034712374,39.0665466668412,1,I,39,8
71.9377385555274,72,6.87236253172159,65.0653760238058,1,C,40,8
9.59451314812349,72,6.92713467869908,2.66737846942441,1,I,41,8
176.066060205173,72,7.16690015047789,64.8330998495221,0,C,42,8
61.398044700382,69.8200376653124,7.17900148127228,54.2190432191097,1,I,43,8
65.1150249678303,72,7.24083468317986,57.8741902846504,1,C,44,8
70.1194104005141,72,7.45886463671923,62.6605457637948,1,I,45,8
8.81724345724848,72,7.4868580698967,1.33038538735179,1,C,46,8
98.9220660761008,72,7.53077672794461,64.4692232720554,0,I,47,8
38.3678131077968,72,7.85276285838336,30.5150502494134,1,C,48,8
12.6202177664804,72,8.18417932838202,4.43603843809835,1,I,49,8
149.547607450481,72,8.99083673022687,63.0091632697731,0,C,50,8
42.1737299645219,72,9.28953138180077,32.8841985827211,1,I,51,8
17.5009384352276,48.5972465083166,9.2906211828813,8.21031725234631,1,C,52,8
69.5070649263469,72,9.30807780940086,60.198987116946,1,I,53,8
165.25201703116,72,9.52148105017841,62.4785189498216,0,C,54,8
153.63939641661,72,9.62039702106267,62.3796029789373,0,I,55,8
102.829029956507,72,10.1995373982936,61.8004626017064,0,C,56,8
150.630673369143,40.3688465402364,10.3959743818268,29.9728721584095,0,I,57,8
311.591242560524,72,11.0964053822681,60.9035946177319,0,C,58,8
82.75552504206,72,11.2630241923034,60.7369758076966,0,I,59,8
107.834021466714,72,11.370450546965,60.629549453035,0,C,60,8
14.815782077763,72,11.4700019080192,3.34578016974377,1,I,61,8
143.015099738643,72,11.5826373361051,60.4173626638949,0,C,62,8
44.8150802327947,72,11.5873260330409,33.2277541997538,1,I,63,8
209.878583820336,14.3387165084862,12.4205368990079,1.91817960947832,0,C,64,8
65.9749380497385,72,12.4397391267121,53.5351989230264,1,I,65,8
440.620772895436,72,12.5576673354954,59.4423326645047,0,C,66,8
63.0020234877837,72,12.5771437492222,50.4248797385615,1,I,67,8
79.5450186607247,49.48245315572,12.7926957048476,36.6897574508724,0,C,68,8
56.9220809068057,72,12.8226424986497,44.099438408156,1,I,69,8
183.015417580893,72,12.8655765904114,59.1344234095886,0,C,70,8
303.205838933438,72,13.4123132005334,58.5876867994666,0,I,71,8
63.3543170054325,72,13.6860283557326,49.6682886497,1,C,72,8
143.61460115347,72,13.8595262216404,58.1404737783596,0,I,73,8
105.545325438935,72,14.0353110618889,57.9646889381111,0,C,74,8
134.82905280275,72,14.0825248835608,57.9174751164392,0,I,75,8
30.5212310795342,72,14.2543209437281,16.2669101358061,1,C,76,8
207.592664111282,72,14.3210597662255,57.6789402337745,0,I,77,8
45.2641077570364,42.1923333550064,14.5165761373937,27.6757572176127,0,C,78,8
281.200913023086,72,14.7049042023718,57.2950957976282,0,I,79,8
62.5295658823191,72,14.7425038553774,47.7870620269417,1,C,80,8
85.5459500044992,72,14.8219754034653,57.1780245965347,0,I,81,8
61.9733403768602,72,15.223312578164,46.7500277986961,1,C,82,8
147.799587829801,72,15.4837821051478,56.5162178948522,0,I,83,8
346.092163357085,72,15.4952381132171,56.504761886783,0,C,84,8
138.430049136872,72,15.5654109315947,56.4345890684053,0,I,85,8
200.269714902855,57.9668294694624,15.8111737668514,42.1556557026109,0,C,86,8
53.9782358352632,24.8469777028089,15.8580068964511,8.98897080635773,0,I,87,8
70.7507538679538,72,16.0568091273308,54.693944740623,1,C,88,8
20.8229708917303,64.228896841757,16.0936542972922,4.72931659443806,1,I,89,8
89.0305313057434,48.2210947399724,16.0940593387932,32.1270354011793,0,C,90,8
45.9061139671679,35.4249318560614,16.1196929169819,19.3052389390795,0,I,91,8
57.886077413461,72,16.1660149600357,41.7200624534253,1,C,92,8
149.341774691934,72,16.4715834707022,55.5284165292978,0,I,93,8
170.843758449719,72,16.6267109429464,55.3732890570536,0,C,94,8
53.5820320585841,71.6289060303383,16.7572437180206,36.8247883405635,1,I,95,8
53.8409648191847,72,16.9179612910375,36.9230035281472,1,C,96,8
209.087151712188,47.0853988337435,16.9579458329827,30.1274530007608,0,I,97,8
98.6478815290181,72,17.0327126327902,54.9672873672098,0,C,98,8
45.9738497749559,72,17.0451775286347,28.9286722463212,1,I,99,8
99.5986820074962,72,17.1447100723162,54.8552899276838,0,C,100,8
19.3838486979252,72,17.5639858050272,1.81986289289801,1,I,101,8
132.08757405049,72,17.7529955701903,54.2470044298098,0,C,102,8
184.705269023769,72,17.7977451542392,54.2022548457608,0,I,103,8
174.040126585141,72,17.8199741709977,54.1800258290023,0,C,104,8
141.794332302997,58.8059651359948,17.8229667758569,40.9829983601378,0,I,105,8
271.698240110016,72,17.8748177736998,54.1251822263002,0,C,106,8
105.629407132598,72,18.1021886179224,53.8978113820776,0,I,107,8
124.901631263944,72,18.1179494736716,53.8820505263284,0,C,108,8
199.831306797823,72,18.1201558560133,53.8798441439867,0,I,109,8
82.7075585407765,72,18.139895782806,53.860104217194,0,C,110,8
38.3593265518117,72,18.2450658548623,20.1142606969494,1,I,111,8
65.6754354748713,72,18.3973668934777,47.2780685813936,1,C,112,8
20.4789540961461,72,18.4495858149603,2.02936828118578,1,I,113,8
103.448533019563,72,18.7115309201181,53.2884690798819,0,C,114,8
55.4302564531756,72,18.7878297781572,36.6424266750184,1,I,115,8
497.706259912907,72,19.0393844945356,52.9606155054644,0,C,116,8
30.9168492701194,72,19.131096471101,11.7857527990183,1,I,117,8
57.4276541404697,44.7210062101922,19.6963608032092,25.0246454069829,0,C,118,8
95.4968267973238,72,19.8123118607327,52.1876881392673,0,I,119,8
267.061030009428,72,19.9954788805917,52.0045211194083,0,C,120,8
232.664303019298,61.8353011875713,20.1107314461842,41.7245697413871,0,I,121,8
137.133377261533,72,20.3010889654979,51.6989110345021,0,C,122,8
21.7098048510584,72,20.4444963578135,1.26530849324495,1,I,123,8
36.3828386523891,72,21.0172761837021,15.365562468687,1,C,124,8
224.851485428431,42.6015853837028,21.0745024261996,21.5270829575032,0,I,125,8
220.93540876364,72,21.0897427657619,50.9102572342381,0,C,126,8
239.016576620272,72,21.4995352132246,50.5004647867754,0,I,127,8
107.05902765553,72,21.5433153742924,50.4566846257076,0,C,128,8
108.610770756898,72,21.6677528154105,50.3322471845895,0,I,129,8
27.0791810506731,72,22.1145279938355,4.96465305683759,1,C,130,8
222.169528973489,72,22.140141511336,49.859858488664,0,I,131,8
31.240808341368,29.6787445658214,22.2106477618217,7.46809680399968,0,C,132,8
156.727728948516,72,22.4026687256992,49.5973312743008,0,I,133,8
90.9993090947109,72,22.5614540325478,49.4385459674522,0,C,134,8
639.721476589185,72,22.6657669432461,49.3342330567539,0,I,135,8
179.891030688429,72,22.8253433201462,49.1746566798538,0,C,136,8
176.90460991631,72,23.0165647063404,48.9834352936596,0,I,137,8
33.293606752881,72,23.156304792501,10.13730196038,1,C,138,8
182.080266709906,44.1244718175661,23.4274266287684,20.6970451887976,0,I,139,8
125.797285228012,72,23.4528011502698,48.5471988497302,0,C,140,8
77.1614972131641,57.4696031381445,23.5672476701438,33.9023554680007,0,I,141,8
47.8645793719166,72,24.0085006831214,23.8560786887952,1,C,142,8
40.0951186189839,47.0925438597216,24.0104336338118,16.0846849851721,1,I,143,8
221.525360136004,52.161262300093,24.3326798686758,27.8285824314172,0,C,144,8
415.315176934829,72,25.0654813321307,46.9345186678693,0,I,145,8
136.213921992663,72,25.1520986901596,46.8479013098404,0,C,146,8
44.7440963465594,55.010207605929,25.1625288650394,19.5815674815201,1,I,147,8
57.7091984508254,72,25.3567712847143,32.3524271661111,1,C,148,8
123.318779045544,72,25.576642351225,46.423357648775,0,I,149,8
97.1383265248146,72,25.8594521228224,46.1405478771776,0,C,150,8
43.6828820388014,72,25.9322397876531,17.7506422511483,1,I,151,8
47.2814192534959,72,25.9992597671226,21.2821594863733,1,C,152,8
438.510806464159,58.0910565365809,26.2683556135744,31.8227009230065,0,I,153,8
29.9519438444247,72,26.6109497006983,3.34099414372643,1,C,154,8
58.6763169435235,72,26.6521020513028,32.0242148922207,1,I,155,8
52.1429026777314,72,26.6753816697747,25.4675210079567,1,C,156,8
134.608527595246,72,26.8821215489879,45.1178784510121,0,I,157,8
201.54601407937,65.0935698402188,26.9305986631662,38.1629711770527,0,C,158,8
37.5354279429872,72,27.535629873164,9.99979806982318,1,I,159,8
50.4420941172592,67.3966340649684,27.957350355573,22.4847437616862,1,C,160,8
295.425631675542,72,27.9722924111411,44.0277075888589,0,I,161,8
210.537260397804,72,28.1790983257815,43.8209016742185,0,C,162,8
51.9982820747986,72,28.2178976945579,23.7803843802407,1,I,163,8
365.747697131376,72,28.3689631707966,43.6310368292034,0,C,164,8
217.718338380503,72,28.4078949177638,43.5921050822362,0,I,165,8
109.524757297924,37.8099653369115,28.5126941744238,9.29727116248766,0,C,166,8
188.091920193145,72,28.5378431668505,43.4621568331495,0,I,167,8
498.872456269716,72,28.564671697095,43.435328302905,0,C,168,8
136.100952898899,72,28.7084116553888,43.2915883446112,0,I,169,8
59.1891659888744,72,29.2486977903172,29.9404681985572,1,C,170,8
102.958659967214,72,29.6881875442341,42.3118124557659,0,I,171,8
135.445651969675,71.3509017642456,29.7208386613056,41.63006310294,0,C,172,8
76.9833880482196,72,29.838973316364,42.161026683636,0,I,173,8
74.4929461203971,72,30.1036214316264,41.8963785683736,0,C,174,8
59.1739529918224,72,30.3505111578852,28.8234418339372,1,I,175,8
64.1091880162215,72,30.4006258165464,33.7085621996751,1,C,176,8
55.1425342645703,72,30.5814901879057,24.5610440766646,1,I,177,8
95.2169841491144,72,30.6767354998738,41.3232645001262,0,C,178,8
195.623613099085,72,30.7171031506732,41.2828968493268,0,I,179,8
62.604665862415,72,30.835345541127,31.7693203212879,1,C,180,8
95.5785394778625,72,30.9737258451059,41.0262741548941,0,I,181,8
212.700455308836,32.6989869714921,31.2729869736359,1.42599999785621,0,C,182,8
260.467892700142,61.8905348275554,31.6378999315202,30.2526348960351,0,I,183,8
246.051245096385,72,31.744620250538,40.255379749462,0,C,184,8
132.53537719238,72,31.8415039032698,40.1584960967302,0,I,185,8
76.0809047352558,72,32.1895612450317,39.8104387549683,0,C,186,8
143.652855852181,51.413481184761,32.3271168675274,19.0863643172337,0,I,187,8
62.0193714573219,36.1243733737308,32.4044596217573,3.71991375197354,0,C,188,8
277.236083001437,43.4578875547469,33.1286710873246,10.3292164674223,0,I,189,8
141.12926619169,61.3516774983251,33.2477593794465,28.1039181188786,0,C,190,8
58.0680445146605,45.9054250129192,33.4749999269843,12.4304250859349,0,I,191,8
135.308244644598,72,33.4911461407319,38.5088538592681,0,C,192,8
108.948403330876,72,33.7299537425861,38.2700462574139,0,I,193,8
139.237627684665,72,33.7941047362983,38.2058952637017,0,C,194,8
162.655711752557,72,33.7968233926222,38.2031766073778,0,I,195,8
109.872474983382,72,33.8553813798353,38.1446186201647,0,C,196,8
146.097536067776,72,34.2614736082032,37.7385263917968,0,I,197,8
139.801331511445,72,34.2782378895208,37.7217621104792,0,C,198,8
36.1463928813046,72,34.7012656275183,1.44512725378635,1,I,199,8
165.374488422154,72,34.8020291794091,37.1979708205909,0,C,200,8
47.1338698568339,72,35.0589656364173,12.0749042204166,1,I,201,8
221.385292855425,72,35.1249222876504,36.8750777123496,0,C,202,8
114.419586659426,61.5640911052356,35.1304663717747,26.4336247334609,0,I,203,8
63.7621989032929,72,35.2313152654097,28.5308836378833,1,C,204,8
123.332864576793,72,35.273090028204,36.726909971796,0,I,205,8
36.7155958786897,72,35.3913067420945,1.32428913659523,1,C,206,8
174.464774187999,63.4596224504813,35.4516290919855,28.0079933584958,0,I,207,8
40.8834240911566,72,35.9319166420028,4.95150744915381,1,C,208,8
61.49405455298,72,36.2444893084466,25.2495652445334,1,I,209,8
110.719265130479,72,36.5226709702984,35.4773290297017,0,C,210,8
67.1814860567006,72,36.8441074155271,30.3373786411734,1,I,211,8
169.382382636269,72,36.9068174064159,35.0931825935841,0,C,212,8
93.651382791745,72,37.0691206259653,34.9308793740347,0,I,213,8
137.580645263367,72,37.2959160804749,34.7040839195252,0,C,214,8
88.7736392791569,72,37.3455490730703,34.6544509269297,0,I,215,8
54.0576446820633,72,37.8316895663738,16.2259551156895,1,C,216,8
178.73878646261,72,38.2315976824611,33.7684023175389,0,I,217,8
60.2084530656201,72,38.4548234380782,21.753629627542,1,C,218,8
71.0767612451155,72,38.45770847518,32.6190527699355,1,I,219,8
78.1711575699424,72,38.6301267659292,33.3698732340708,0,C,220,8
205.361023415998,72,38.7061961553991,33.2938038446009,0,I,221,8
43.5898520691375,72,38.8609860185534,4.72886605058411,1,C,222,8
110.807728149345,68.2129703602511,39.0795296430588,29.1334407171924,0,I,223,8
64.2171292324529,72,39.4309896882623,24.7861395441906,1,C,224,8
233.966638105335,72,40.2476794738323,31.7523205261678,0,I,225,8
217.242496552468,72,40.4242205712944,31.5757794287056,0,C,226,8
84.5213817095958,72,40.492195179686,31.5078048203141,0,I,227,8
48.1463182265369,72,40.5654739262536,7.58084430028323,1,C,228,8
130.806442552261,72,40.6490577338263,31.3509422661737,0,I,229,8
42.1175490753622,72,40.6547537120059,1.46279536335626,1,C,230,8
202.278007757455,72,41.0079390183091,30.9920609816909,0,I,231,8
442.895728046575,72,41.3450582837686,30.6549417162314,0,C,232,8
75.671881494485,72,41.3953398820013,30.6046601179987,0,I,233,8
143.220008145422,72,41.4122089231387,30.5877910768613,0,C,234,8
49.4543001505787,72,41.4914214145392,7.96287873603943,1,I,235,8
186.798792742007,72,41.7143980320543,30.2856019679457,0,C,236,8
88.9773443939631,72,41.7924951994792,30.2075048005208,0,I,237,8
628.495725301745,72,42.6025380240753,29.3974619759247,0,C,238,8
80.1030533175669,72,43.0473733926192,28.9526266073808,0,I,239,8
117.30195806436,72,43.1541273510084,28.8458726489916,0,C,240,8
256.24058340549,57.8800895395442,43.1830045999959,14.6970849395482,0,I,241,8
374.112317203056,72,43.6001526284963,28.3998473715037,0,C,242,8
167.670331503612,72,43.6628096736968,28.3371903263032,0,I,243,8
67.5647725754563,72,43.6847184458748,23.8800541295815,1,C,244,8
142.487671722128,50.5514320995981,43.9319665823132,6.61946551728496,0,I,245,8
213.707258551822,72,44.1409123688936,27.8590876311064,0,C,246,8
45.1640188009586,72,44.1557724634185,1.00824633754006,1,I,247,8
71.1358188621819,72,44.6988568129018,26.4369620492802,1,C,248,8
104.614860705769,72,44.8434043815359,27.1565956184641,0,I,249,8
122.351415501646,72,45.1259544398636,26.8740455601364,0,C,250,8
107.929308735003,72,45.1817591395229,26.8182408604771,0,I,251,8
236.593067003794,72,45.2710898732767,26.7289101267234,0,C,252,8
91.0679222463319,72,45.5058514606208,26.4941485393792,0,I,253,8
142.917778960064,72,45.5293934186921,26.470606581308,0,C,254,8
161.244441332085,72,45.5916306003928,26.4083693996072,0,I,255,8
134.021882403159,72,45.9388500731438,26.0611499268562,0,C,256,8
193.894742865294,72,46.0545128630474,25.9454871369526,0,I,257,8
161.209916224987,72,46.3974705571309,25.6025294428691,0,C,258,8
447.121448720584,72,46.5263896621764,25.4736103378236,0,I,259,8
193.314930198824,72,46.6903640236706,25.3096359763295,0,C,260,8
68.2414645959696,72,47.2026784345508,21.0387861614188,1,I,261,8
646.718732670977,72,47.2793915122747,24.7206084877253,0,C,262,8
275.031910696909,72,47.3676486639306,24.6323513360694,0,I,263,8
70.8854856149132,72,47.4952985392883,23.3901870756248,1,C,264,8
82.9087296279651,72,47.5346267782152,24.4653732217848,0,I,265,8
112.128622658026,72,47.605591379106,24.394408620894,0,C,266,8
49.2158675358151,65.5474957094235,47.8814175585285,1.33444997728658,1,I,267,8
126.665508695365,72,48.380865175277,23.619134824723,0,C,268,8
84.1168289424112,72,48.4632714651525,23.5367285348475,0,I,269,8
275.961653652273,67.6601162114219,48.5461175115779,19.113998699844,0,C,270,8
54.5028050108896,72,48.6890832753852,5.81372173550434,1,I,271,8
92.1722657346217,72,49.1202089237049,22.8797910762951,0,C,272,8
202.902240690077,72,49.4932967517525,22.5067032482475,0,I,273,8
58.6710711614652,72,49.5631763571873,9.1078948042779,1,C,274,8
50.6461026849723,72,49.7825439926237,0.863558692348553,1,I,275,8
135.377038119897,72,49.8236197466031,22.1763802533969,0,C,276,8
125.691381604923,72,49.8364502610639,22.1635497389361,0,I,277,8
106.531127898055,72,50.0777862779796,21.9222137220204,0,C,278,8
173.31048485926,72,50.3256872249767,21.6743127750233,0,I,279,8
166.000102919213,72,50.8205421315506,21.1794578684494,0,C,280,8
81.0582325720339,72,50.8368926122785,21.1631073877215,0,I,281,8
56.2093280714447,72,50.952025023289,5.25730304815562,1,C,282,8
110.046677749466,72,51.1385858757421,20.8614141242579,0,I,283,8
244.666430250716,72,51.4569623954594,20.5430376045406,0,C,284,8
140.185443655682,72,51.6268750838935,20.3731249161065,0,I,285,8
156.630634366048,72,51.9664831040427,20.0335168959573,0,C,286,8
277.009963393318,72,52.0035461196676,19.9964538803324,0,I,287,8
246.679470824373,72,52.2644049720839,19.7355950279161,0,C,288,8
190.691116867572,72,52.6672297809273,19.3327702190727,0,I,289,8
58.893725894181,72,52.6756905438379,6.21803535034314,1,C,290,8
76.7298172541069,72,53.2982801785693,18.7017198214307,0,I,291,8
68.9307393074131,72,53.8825222989544,15.0482170084586,1,C,292,8
444.880077926017,72,54.1920332657173,17.8079667342827,0,I,293,8
115.46323150036,72,54.2023990117014,17.7976009882987,0,C,294,8
68.8726322373846,72,54.2202679719776,14.652364265407,1,I,295,8
238.320038864083,72,54.2298449389637,17.7701550610364,0,C,296,8
80.9526909014074,72,54.351777783595,17.648222216405,0,I,297,8
331.296240614326,72,54.63426834438,17.36573165562,0,C,298,8
336.056954712499,72,54.7380941128358,17.2619058871642,0,I,299,8
224.950692510825,72,54.8761983867735,17.1238016132265,0,C,300,8
295.168153442708,72,54.9289519898593,17.0710480101407,0,I,301,8
118.753916632886,72,55.2694030478597,16.7305969521403,0,C,302,8
146.296280925603,72,55.3423648327589,16.6576351672411,0,I,303,8
225.170266362865,63.2247338405963,55.4573146719486,7.76741916864777,0,C,304,8
56.3112800977545,72,55.6390854064375,0.672194691316961,1,I,305,8
178.343628112397,72,56.3207267504185,15.6792732495815,0,C,306,8
68.859266785754,72,56.4896074309945,12.3696593547595,1,I,307,8
105.018630029492,72,56.6188123309985,15.3811876690015,0,C,308,8
142.439156729169,72,56.993455211632,15.006544788368,0,I,309,8
174.48670287017,72,57.1506213163957,14.8493786836043,0,C,310,8
71.699927253682,72,58.0432145018131,13.656712751869,1,I,311,8
169.91184386484,72,58.2063956279308,13.7936043720692,0,C,312,8
216.216004864513,72,58.2485556649044,13.7514443350956,0,I,313,8
151.807720826748,72,58.3202977152541,13.6797022847459,0,C,314,8
128.888398596684,72,58.525907532312,13.474092467688,0,I,315,8
104.960155067145,72,59.0267179068178,12.9732820931822,0,C,316,8
204.778520867053,62.199659045282,59.1175180161372,3.08214102914477,0,I,317,8
122.010577771293,72,59.3538624979556,12.6461375020444,0,C,318,8
22.5725871884179,33.9103332083102,0.187729233875871,22.384857954542,1,C,1,9
148.008364618215,48.1704007318619,0.663334890268743,47.5070658415931,0,I,2,9
63.9676050683317,72,0.786391873843968,63.1812131944877,1,C,3,9
115.47606408619,72,0.955058494582772,71.0449415054172,0,I,4,9
68.867456584831,6.55795035733666,1.10683140344918,5.45111895388748,0,C,5,9
46.0302395439775,72,1.12407820299268,44.9061613409848,1,I,6,9
216.898088174009,72,1.35363193228841,70.6463680677116,0,C,7,9
261.672731294968,72,1.50940212886781,70.4905978711322,0,I,8,9
98.4416046073898,72,1.5706291096285,70.4293708903715,0,C,9,9
147.481797635816,72,2.42162842769176,69.5783715723082,0,I,10,9
133.156331737127,14.1691101201332,2.4256636435166,11.7434464766166,0,C,11,9
18.2591342675589,72,2.56876344792545,15.6903708196334,1,I,12,9
222.036556995103,72,2.62935522012413,69.3706447798759,0,C,13,9
143.534085494563,72,2.6681086840108,69.3318913159892,0,I,14,9
149.453362926412,72,2.84639229532331,69.1536077046767,0,C,15,9
15.6746875283106,46.4243161827064,3.731220792979,11.9434667353316,1,I,16,9
21.1373198429592,72,3.79823521245271,17.3390846305065,1,C,17,9
31.4983993687576,40.1756909680366,3.87220890261233,27.6261904661453,1,I,18,9
322.585491395387,72,3.95542466081679,68.0445753391832,0,C,19,9
173.384249484496,72,4.17465729173273,67.8253427082673,0,I,20,9
145.809895124878,72,4.3132551619783,67.6867448380217,0,C,21,9
65.4030649786269,72,4.35017621610314,61.0528887625238,1,I,22,9
179.396916080006,72,4.80070105288178,67.1992989471182,0,C,23,9
266.806529373884,72,5.08159917779267,66.9184008222073,0,I,24,9
12.0185818514185,72,5.14873777516186,6.86984407625664,1,C,25,9
62.6689508073491,72,5.40081666782498,57.2681341395241,1,I,26,9
83.4186656589712,72,6.39278443995863,65.6072155600414,0,C,27,9
118.500292198076,72,6.4378199307248,65.5621800692752,0,I,28,9
168.450910003741,72,6.61525631323457,65.3847436867654,0,C,29,9
51.5089752607148,72,6.69004859402776,44.8189266666871,1,I,30,9
65.2151267127859,72,6.74764016177505,58.4674865510109,1,C,31,9
79.1880255366528,72,7.03496569767594,64.9650343023241,0,I,32,9
33.7758095954783,72,7.09564299322665,26.6801666022517,1,C,33,9
211.067106462679,72,7.44377619121224,64.5562238087878,0,I,34,9
42.2312348134173,72,7.53537126816809,34.6958635452493,1,C,35,9
35.2282031052913,33.872720692014,7.56059790495783,26.3121227870561,0,I,36,9
100.249841099342,72,7.65522252302617,64.3447774769738,0,C,37,9
176.694066628204,72,7.68583426717669,64.3141657328233,0,I,38,9
225.084193162278,72,7.75372558739036,64.2462744126096,0,C,39,9
353.766822551992,72,7.86131445318461,64.1386855468154,0,I,40,9
31.5122453119098,72,7.89997742045671,23.6122678914531,1,C,41,9
89.9459588151162,40.9245115579406,7.91140898130834,33.0131025766323,0,I,42,9
102.195932589838,72,7.96328351832926,64.0367164816707,0,C,43,9
31.7542898329323,72,8.20619790349156,23.5480919294407,1,I,44,9
72.9281326825863,72,8.2324012555182,63.7675987444818,0,C,45,9
91.4165017417288,72,8.45336410682648,63.5466358931735,0,I,46,9
194.852227675828,72,8.57420712243766,63.4257928775624,0,C,47,9
66.638825222737,72,8.69194198865444,57.9468832340825,1,I,48,9
23.1573966493129,72,8.71513520367444,14.4422614456384,1,C,49,9
159.575080575677,72,8.88458843808621,63.1154115619138,0,I,50,9
50.1692731311314,72,8.96681851241738,41.202454618714,1,C,51,9
20.8704483399243,41.0040042434651,9.07005964312702,11.8003886967973,1,I,52,9
34.5342811658541,72,9.27309738937765,25.2611837764765,1,C,53,9
13.2976730188833,72,9.33281611651182,3.96485690237146,1,I,54,9
130.413460585814,72,9.55915492493659,62.4408450750634,0,C,55,9
301.160351544076,72,9.56181028392166,62.4381897160783,0,I,56,9
74.9715558770995,72,9.56481505651027,62.4351849434897,0,C,57,9
116.41133074439,72,9.74767968524247,62.2523203147575,0,I,58,9
151.643047692485,33.0488660067758,9.84885008074343,23.2000159260324,0,C,59,9
85.9473991125416,72,10.0228802952915,61.9771197047085,0,I,60,9
41.2039748983714,53.950934192419,10.9841311583295,30.2198437400419,1,C,61,9
98.2476168358868,57.4421614741226,11.029720553197,46.4124409209256,0,I,62,9
141.168344928082,72,11.1293576750904,60.8706423249096,0,C,63,9
72.6017484954703,72,11.3354283291847,60.6645716708154,0,I,64,9
50.4773704222541,72,11.5493111265823,38.9280592956718,1,C,65,9
67.5607995849617,72,11.5600202791393,56.0007793058225,1,I,66,9
17.5132550883101,72,11.6164540685713,5.89680101973878,1,C,67,9
62.8194156162284,72,11.6588567337021,51.1605588825263,1,I,68,9
43.5497904987588,72,11.7668127827346,31.7829777160242,1,C,69,9
43.2101576618762,72,11.8147581489757,31.3953995129005,1,I,70,9
96.5360876910601,72,11.9829710572958,60.0170289427042,0,C,71,9
25.7844481178836,22.3617706401782,12.0456948922947,10.3160757478835,0,I,72,9
47.9277624368744,14.8433325308844,12.1826970297843,2.66063550110004,0,C,73,9
53.3435957824889,14.7483518689245,12.3400167329237,2.4083351360008,0,I,74,9
39.0224123970423,72,12.5253781070933,26.497034289949,1,C,75,9
176.953447945548,72,12.6632681814954,59.3367318185046,0,I,76,9
255.472819308893,19.621998414312,12.9609082220122,6.6610901922998,0,C,77,9
39.1571601738346,55.2979826477106,13.1484496453777,26.0087105284569,1,I,78,9
166.274134116799,72,13.6042819032446,58.3957180967555,0,C,79,9
40.7653556636237,72,14.3991878209636,26.3661678426601,1,I,80,9
38.4646629550093,72,14.5618692180142,23.9027937369952,1,C,81,9
57.4428571278557,72,14.9250720301643,42.5177850976914,1,I,82,9
369.873839365609,72,15.0207133311778,56.9792866688222,0,C,83,9
59.6027236823661,72,15.3453404316679,44.2573832506982,1,I,84,9
120.650258964414,72,15.6974459951743,56.3025540048257,0,C,85,9
82.3858375646463,24.1142066777223,15.7242980785668,8.38990859915555,0,I,86,9
168.706617377354,72,15.7357974769548,56.2642025230452,0,C,87,9
393.880507163848,71.8263262899765,16.0303760971874,55.7959501927891,0,I,88,9
68.5031190061906,72,16.3807714730501,52.1223475331405,1,C,89,9
103.486851335252,72,16.4542766427621,55.5457233572379,0,I,90,9
95.61623462013,71.9768497159746,16.8315158039331,55.1453339120414,0,C,91,9
57.8919047616869,72,16.9863268872723,40.9055778744145,1,I,92,9
373.542933763838,72,17.1541604306549,54.8458395693451,0,C,93,9
38.184203545159,72,17.4241642188281,20.7600393263309,1,I,94,9
204.751735041987,72,17.4394158879295,54.5605841120705,0,C,95,9
248.158768763473,72,17.4631581036374,54.5368418963626,0,I,96,9
137.68767314503,72,17.613694681786,54.386305318214,0,C,97,9
451.770211435502,72,17.8283898951486,54.1716101048514,0,I,98,9
56.6206628023505,27.092389570977,17.9566610930488,9.13572847792827,0,C,99,9
20.7255593047201,72,18.2525321748108,2.47302712990934,1,I,100,9
19.3400807947213,62.1968743656207,18.5155631275848,0.824517667136534,1,C,101,9
20.6522874299412,72,18.6580010689795,1.99428636096172,1,I,102,9
84.5045995422584,70.6081143995177,18.8907797494903,51.7173346500274,0,C,103,9
801.124152740202,34.2827900348838,18.9249790459871,15.3578109888967,0,I,104,9
149.803589596239,72,19.0266441274434,52.9733558725566,0,C,105,9
145.109157297156,72,19.115740545094,52.884259454906,0,I,106,9
118.25933627009,72,19.1198694705963,52.8801305294037,0,C,107,9
262.471161048956,24.0076725102239,19.5150644006208,4.49260810960316,0,I,108,9
36.6605653130253,72,19.5152824278921,17.1452828851332,1,C,109,9
34.7949528917188,72,19.5427073724568,15.252245519262,1,I,110,9
39.5038691271576,72,19.8982062377036,19.6056628894541,1,C,111,9
171.641172926485,42.1144364877223,19.9628571700305,22.1515793176918,0,I,112,9
27.5724529977889,72,20.5213702423498,7.05108275543907,1,C,113,9
43.046555948332,72,20.5518710939214,22.4946848544106,1,I,114,9
28.4252998308975,40.7914738896553,20.7954703224823,7.62982950841521,1,C,115,9
112.232012540633,72,20.8048539049923,51.1951460950077,0,I,116,9
86.5300608763139,72,20.8530160272494,51.1469839727506,0,C,117,9
67.415330454026,72,21.1015501851216,46.3137802689044,1,I,118,9
24.322620652788,72,21.5569233801216,2.76569727266642,1,C,119,9
52.8546834459695,72,21.612493917346,31.2421895286235,1,I,120,9
81.5417603929556,72,21.6947529232129,50.3052470767871,0,C,121,9
120.730089077831,72,21.8253175634891,50.1746824365109,0,I,122,9
112.79383377731,72,21.894362680614,50.105637319386,0,C,123,9
518.087631597466,72,22.7146525494754,49.2853474505246,0,I,124,9
60.9951807696043,58.0783528439036,22.8278460167348,35.2505068271688,0,C,125,9
26.6101189857153,72,23.0037770234048,3.60634196231049,1,I,126,9
143.060128480405,72,23.0451093055308,48.9548906944692,0,C,127,9
54.0390354089355,72,23.2763936044648,30.7626418044707,1,I,128,9
192.881657435654,72,23.5978420218453,48.4021579781547,0,C,129,9
36.6741611634528,72,24.0095527796075,12.6646083838453,1,I,130,9
130.092970900417,72,24.1026963293552,47.8973036706448,0,C,131,9
194.355162774551,72,24.3221981590614,47.6778018409386,0,I,132,9
66.7012262829407,72,24.3655034294352,42.3357228535055,1,C,133,9
357.431341553173,72,24.3825552798808,47.6174447201192,0,I,134,9
28.6138315206789,72,24.7358480701223,3.87798345055664,1,C,135,9
161.717374073628,70.2857955049831,24.8916274029762,45.394168102007,0,I,136,9
454.11475026824,72,25.0212523480877,46.9787476519123,0,C,137,9
154.190621501924,72,25.0834624702111,46.9165375297889,0,I,138,9
160.61577345035,72,25.2857288299128,46.7142711700872,0,C,139,9
74.8459258797883,72,25.646206503734,46.353793496266,0,I,140,9
148.336302622552,72,25.7179691875353,46.2820308124647,0,C,141,9
398.044945854658,40.4208078064971,26.0784273874015,14.3423804190957,0,I,142,9
42.145932584737,72,26.221354692243,15.9245778924939,1,C,143,9
32.761769567171,72,26.3519261078909,6.40984345928009,1,I,144,9
414.276747618136,72,26.5526398457587,45.4473601542413,0,C,145,9
89.0049681318067,72,26.6128071444109,45.3871928555891,0,I,146,9
191.558558620481,72,26.9107088400051,45.0892911599949,0,C,147,9
141.787404748493,72,27.0289292000234,44.9710707999766,0,I,148,9
96.810579732681,72,27.2795700235292,44.7204299764708,0,C,149,9
80.4301666143059,54.8913567603336,27.3947240877897,27.496632672544,0,I,150,9
104.057540025231,72,27.7212845860049,44.2787154139951,0,C,151,9
287.209138271465,36.3426472002219,27.7947265282273,8.54792067199458,0,I,152,9
71.4747114264906,72,27.8003445267677,43.6743668997228,1,C,153,9
48.7563184072968,72,27.8238418791443,20.9324765281525,1,I,154,9
215.033889237699,72,27.881043003872,44.118956996128,0,C,155,9
286.328754010379,72,28.1868227245286,43.8131772754714,0,I,156,9
166.736283308068,72,28.322263341397,43.677736658603,0,C,157,9
79.2919777145874,72,28.3560056984425,43.6439943015575,0,I,158,9
56.5188373276118,66.7785438522062,28.5754311550409,27.943406172571,1,C,159,9
149.267796278911,72,28.6423623422161,43.3576376577839,0,I,160,9
224.172787885122,72,28.7139928154647,43.2860071845353,0,C,161,9
57.5400858962109,72,28.8071464793757,28.7329394168353,1,I,162,9
75.4328438135396,72,28.8720939354971,43.1279060645029,0,C,163,9
62.5797292087781,72,30.0063783349469,32.5733508738311,1,I,164,9
50.8215588733375,72,30.0692260963842,20.7523327769532,1,C,165,9
139.238707688906,72,30.149695747532,41.8503042524681,0,I,166,9
116.963243978533,72,30.1982402382419,41.8017597617582,0,C,167,9
507.846441224013,72,30.2650750754401,41.7349249245599,0,I,168,9
90.5166178079203,72,30.2718090405688,41.7281909594312,0,C,169,9
54.919845817992,72,30.3772707469761,24.5425750710158,1,I,170,9
456.260889749416,72,30.5889989901334,41.4110010098666,0,C,171,9
101.47796107146,72,31.0915823746473,40.9084176253527,0,I,172,9
199.078131218655,72,31.413622610271,40.586377389729,0,C,173,9
141.648612498869,72,31.8196735577658,40.1803264422342,0,I,174,9
32.116085720559,72,31.982228695415,0.133857025144003,1,C,175,9
148.398208293252,72,33.1355375004932,38.8644624995068,0,I,176,9
82.0836690028059,72,33.1462397100404,38.8537602899596,0,C,177,9
113.907291439045,72,33.7252843659371,38.2747156340629,0,I,178,9
102.027530684057,72,33.7537682102993,38.2462317897007,0,C,179,9
214.153087263073,72,33.7569910101593,38.2430089898408,0,I,180,9
70.1550337973961,72,33.8482843246311,36.3067494727649,1,C,181,9
81.6388487734352,72,33.8917153934017,38.1082846065983,0,I,182,9
124.704395460736,72,34.1838372079656,37.8161627920345,0,C,183,9
48.3178791428497,72,34.3667703587562,13.9511087840935,1,I,184,9
638.27897731223,72,34.5270191319287,37.4729808680713,0,C,185,9
130.087523287801,72,34.9204115336761,37.0795884663239,0,I,186,9
107.653520739246,72,35.6936081266031,36.3063918733969,0,C,187,9
81.5121579703892,72,35.8259281609207,36.1740718390793,0,I,188,9
171.42119434267,72,36.0062866425142,35.9937133574858,0,C,189,9
45.0145189720199,72,36.0116669721901,9.00285199982971,1,I,190,9
98.5607852242244,63.3262095470314,36.5893493453041,26.7368602017273,0,C,191,9
46.4136342284926,65.1486801449797,36.8650915240869,9.54854270440569,1,I,192,9
371.155794977164,72,36.9843741226941,35.0156258773059,0,C,193,9
252.127898039894,72,37.1375022316352,34.8624977683649,0,I,194,9
74.6684873402882,72,37.264657728374,34.735342271626,0,C,195,9
533.370109086322,72,37.3538762284443,34.6461237715557,0,I,196,9
98.5972925255284,72,37.3792068986222,34.6207931013778,0,C,197,9
59.1230585718672,72,37.4252878921106,21.6977706797565,1,I,198,9
99.343703047314,72,37.6085132500157,34.3914867499843,0,C,199,9
97.354394173302,72,38.5633340477943,33.4366659522057,0,I,200,9
167.864318120679,72,39.3573339097202,32.6426660902798,0,C,201,9
90.6563435150473,72,39.6850130427629,32.3149869572371,0,I,202,9
100.61541650085,72,39.900219803676,32.099780196324,0,C,203,9
119.534153777002,72,40.0916849076748,31.9083150923252,0,I,204,9
162.378983669245,72,40.7316237408668,31.2683762591332,0,C,205,9
226.083736771611,72,40.7676960714161,31.2323039285839,0,I,206,9
73.1506791953649,48.0770287315136,40.8543715858832,7.22265714563037,0,C,207,9
307.628596847019,72,40.8661418454722,31.1338581545278,0,I,208,9
46.7907178808522,49.0023219827059,41.3402742426842,5.45044363816797,1,C,209,9
83.1597294855521,72,41.6565447533503,30.3434552466497,0,I,210,9
188.493003708381,72,42.1203620312735,29.8796379687265,0,C,211,9
297.97060329889,72,42.8001645812765,29.1998354187235,0,I,212,9
140.941953824059,72,42.8756668930873,29.1243331069127,0,C,213,9
247.112852453816,72,42.9505059868097,29.0494940131903,0,I,214,9
142.44681966551,72,42.9976968700066,29.0023031299934,0,C,215,9
121.784429314358,72,43.0621624505147,28.9378375494853,0,I,216,9
88.4895305326262,72,43.3840399794281,28.615960020572,0,C,217,9
72.6122019661727,72,43.4190595708787,28.5809404291213,0,I,218,9
118.785770534324,72,43.5452650487423,28.4547349512577,0,C,219,9
76.1391013910649,72,43.5988361109048,28.4011638890952,0,I,220,9
178.867302962904,72,43.7584626954049,28.2415373045951,0,C,221,9
89.6736812241166,72,44.4766597542912,27.5233402457088,0,I,222,9
147.141080970782,59.5007747554474,44.5918109128252,14.9089638426222,0,C,223,9
80.485840795416,72,44.6463481150568,27.3536518849433,0,I,224,9
58.2170938107586,72,44.6926060505211,13.5244877602374,1,C,225,9
220.045281717309,72,44.7567833214998,27.2432166785002,0,I,226,9
84.0845314381146,72,45.2074298914522,26.7925701085478,0,C,227,9
188.247193898961,72,45.527514712885,26.472485287115,0,I,228,9
86.7803385378765,66.1120252496622,45.7945147482678,20.3175105013943,0,C,229,9
94.6867908433781,72,46.0485597280785,25.9514402719215,0,I,230,9
67.2007594404766,72,46.4223512308672,20.7784082096094,1,C,231,9
46.7323955994651,72,46.5855328179896,0.146862781475473,1,I,232,9
133.637227937671,72,46.9609033176675,25.0390966823325,0,C,233,9
182.331752766267,72,47.4026875616983,24.5973124383017,0,I,234,9
275.681293736839,72,47.5817280868068,24.4182719131932,0,C,235,9
126.121267414562,72,47.8421617671847,24.1578382328153,0,I,236,9
145.014700289965,72,48.0433690594509,23.9566309405491,0,C,237,9
456.53045946735,72,48.0753775499761,23.9246224500239,0,I,238,9
75.1742499884413,72,48.3138349978253,23.6861650021747,0,C,239,9
141.33569471277,72,48.867920441553,23.132079558447,0,I,240,9
170.223453355987,61.3969818202274,49.0892863227055,12.307695497522,0,C,241,9
118.677235273241,72,49.1288242768496,22.8711757231504,0,I,242,9
67.9623607255709,67.9253160048541,49.1451308783144,18.7801851265397,0,C,243,9
138.768496615373,72,49.3415293190628,22.6584706809372,0,I,244,9
223.263463730949,72,49.3605171376839,22.6394828623161,0,C,245,9
136.038354365522,72,49.4561399845406,22.5438600154594,0,I,246,9
81.758407765086,72,49.5566224772483,22.4433775227517,0,C,247,9
71.6582209257175,58.7461402031685,49.8551304917783,8.89100971139022,0,I,248,9
296.10078380074,72,50.1267961459234,21.8732038540766,0,C,249,9
66.1915107776919,72,50.1646380918101,16.0268726858818,1,I,250,9
234.744403070792,72,50.1879710610956,21.8120289389044,0,C,251,9
110.97134207323,72,50.5611939216033,21.4388060783967,0,I,252,9
73.7939003944372,72,50.7089680060744,21.2910319939256,0,C,253,9
241.305492906559,72,50.7168108830228,21.2831891169772,0,I,254,9
96.9057334240089,72,51.204173876904,20.7958261230961,0,C,255,9
173.871189702532,56.0871587466169,51.3335221912712,4.75363655534568,0,I,256,9
101.76063636244,72,51.391647127457,20.608352872543,0,C,257,9
80.0539149455614,72,51.7039077635855,20.2960922364146,0,I,258,9
236.057143719396,72,52.0034313993529,19.9965686006472,0,C,259,9
178.635287764872,53.894457652253,52.3632994573563,1.53115819489661,0,I,260,9
106.583304414176,72,52.6907095732167,19.3092904267833,0,C,261,9
331.318878058634,72,52.9519843356684,19.0480156643316,0,I,262,9
251.612869356408,72,53.1044441275299,18.8955558724701,0,C,263,9
197.4620248174,72,53.1668482208625,18.8331517791376,0,I,264,9
89.3198740675657,72,53.2706164615229,18.7293835384771,0,C,265,9
91.0892610540089,72,53.5175572894514,18.4824427105486,0,I,266,9
329.506846279601,72,53.6852403497323,18.3147596502677,0,C,267,9
431.848469151516,72,53.7799857649952,18.2200142350048,0,I,268,9
302.714385491228,72,53.8509774953127,18.1490225046873,0,C,269,9
163.791070608587,61.8404546952611,53.8642659410834,7.97618875417764,0,I,270,9
73.2138523033815,72,54.4626331469044,17.5373668530956,0,C,271,9
75.1094931040629,72,54.6421658433974,17.3578341566026,0,I,272,9
203.329512266567,72,54.7586762951687,17.2413237048313,0,C,273,9
278.272761990556,61.8508557213603,54.7636143676937,7.08724135366668,0,I,274,9
97.6047178833704,72,54.7773328889161,17.2226671110839,0,C,275,9
176.543088941114,72,54.8480644030497,17.1519355969504,0,I,276,9
194.469668309528,72,54.9677594611421,17.0322405388579,0,C,277,9
58.3028053367988,58.0978373352874,55.0046047987416,3.09323253654577,0,I,278,9
153.869302126745,72,55.0351360347122,16.9648639652878,0,C,279,9
82.071863384585,72,55.7225082814694,16.2774917185307,0,I,280,9
58.8027847281607,72,55.8089919621125,2.99379276604824,1,C,281,9
77.7627565736159,72,55.9280719701201,16.0719280298799,0,I,282,9
100.035477177658,72,56.044295411557,15.955704588443,0,C,283,9
111.44054959625,72,56.0535377031192,15.9464622968808,0,I,284,9
275.238270906465,72,56.1104887537658,15.8895112462342,0,C,285,9
215.929110255188,72,57.0165883703157,14.9834116296843,0,I,286,9
117.790173786109,60.0576861547146,57.0788141107187,2.97887204399589,0,C,287,9
102.645127693168,72,57.6844826946035,14.3155173053965,0,I,288,9
253.574266863548,72,57.6987588498741,14.3012411501259,0,C,289,9
65.9046279890286,72,57.8369496809319,8.06767830809675,1,I,290,9
84.6653694723955,72,58.1417254870758,13.8582745129243,0,C,291,9
128.471356702288,72,59.3708544457331,12.6291455542669,0,I,292,9
153.130459759413,72,59.4110282091424,12.5889717908576,0,C,293,9
124.863947809938,72,59.8886418202892,12.1113581797108,0,I,294,9
122.968290193365,72,59.9532384239137,12.0467615760863,0,C,295,9
235.326910164613,72,59.9625169113278,12.0374830886722,0,I,296,9
3.48064383486085,72,0.00595305114984512,3.47469078371101,1,I,1,10
245.863946992429,72,0.0394316157326102,71.9605683842674,0,C,2,10
239.869379198646,9.40980350687811,0.372967519797385,9.03683598708072,0,I,3,10
198.824239000482,72,0.477677159942687,71.5223228400573,0,C,4,10
285.30982664608,48.8191734440799,0.53078277502209,48.2883906690578,0,I,5,10
44.4898012227525,72,0.532459407113493,43.957341815639,1,C,6,10
127.630809340615,21.7546120310287,0.537773603573442,21.2168384274553,0,I,7,10
128.08684316369,72,0.576338432729244,71.4236615672708,0,C,8,10
31.4755950062944,72,0.742388600483537,30.7332064058109,1,I,9,10
22.5199546296044,72,0.77642010524869,21.7435345243557,1,C,10,10
71.2393253703477,72,0.97402922809124,70.2652961422564,1,I,11,10
81.1434921781867,72,1.23237553518265,70.7676244648174,0,C,12,10
553.726753480877,72,1.2332813674584,70.7667186325416,0,I,13,10
48.7664682886041,72,1.27711703069508,47.489351257909,1,C,14,10
5.67853564959084,54.2661314352804,1.30383897107095,4.3746966785199,1,I,15,10
149.899790198865,72,1.46978352684528,70.5302164731547,0,C,16,10
7.63313737990768,19.5272553701831,1.63157441653311,6.00156296337457,1,I,17,10
47.8705901977302,23.5519301417007,1.68800789862871,21.863922243072,0,C,18,10
240.348917300044,72,1.69144129380584,70.3085587061942,0,I,19,10
61.1734629896704,72,1.83276761323214,59.3406953764383,1,C,20,10
65.262139502324,72,1.88052888493985,63.3816106173842,1,I,21,10
167.196768729412,42.1172137668536,1.93303639534861,40.184177371505,0,C,22,10
151.056995403253,57.2610196345222,2.10609840229154,55.1549212322306,0,I,23,10
77.8370180838006,40.4974924559595,2.45963692199439,38.0378555339651,0,C,24,10
248.38012539801,72,2.48484643176198,69.515153568238,0,I,25,10
99.7936890069959,72,2.56198130082339,69.4380186991766,0,C,26,10
197.327674422614,72,2.83321826253086,69.1667817374691,0,I,27,10
23.9715585901397,72,2.91944101452827,21.0521175756115,1,C,28,10
63.6300026035444,72,3.10277929063886,60.5272233129056,1,I,29,10
41.7900912778149,72,3.20772462990135,38.5823666479135,1,C,30,10
302.916034941366,17.6622423004902,3.22158630006015,14.44065600043,0,I,31,10
75.9100376863978,72,3.43772364780307,68.5622763521969,0,C,32,10
156.683630992701,72,3.49030715413392,68.5096928458661,0,I,33,10
90.1064034226612,72,3.59971753321588,68.4002824667841,0,C,34,10
7.69533882447341,72,4.56869962625206,3.12663919822136,1,I,35,10
46.9769966257737,72,4.82388151343912,42.1531151123345,1,C,36,10
110.720907361231,37.0139475267669,4.82811839785427,32.1858291289127,0,I,37,10
24.8496806056511,50.7627974197503,4.94702157564461,19.9026590300065,1,C,38,10
43.3803566989235,72,5.00998391769826,38.3703727812253,1,I,39,10
64.0345190372151,41.6595321651005,5.18400952219963,36.4755226429009,0,C,40,10
117.442487540042,13.2266917262339,5.19892752170563,8.02776420452828,0,I,41,10
45.8343257190763,72,5.38429160602391,40.4500341130523,1,C,42,10
277.480353117905,72,5.3866500640288,66.6133499359712,0,I,43,10
5.84379607077568,72,5.40246387943626,0.441332191339423,1,C,44,10
22.4938635239177,72,5.43848021887243,17.0553833050452,1,I,45,10
32.1111787883795,72,5.48014365602285,26.6310351323566,1,C,46,10
28.0678072773138,11.8869802503834,5.7278596283868,6.15912062199661,0,I,47,10
336.137450711685,28.6912015300992,6.28271710127592,22.4084844288233,0,C,48,10
18.7852548285184,72,6.50581976864487,12.2794350598735,1,I,49,10
37.0528940475035,72,6.67100720107555,30.3818868464279,1,C,50,10
266.253002882471,72,7.26227296516299,64.737727034837,0,I,51,10
149.134960415086,72,7.30112803168595,64.6988719683141,0,C,52,10
22.499307483683,72,7.39216016605496,15.107147317628,1,I,53,10
79.216271895815,55.5184491832761,7.81499915756285,47.7034500257133,0,C,54,10
251.554171637399,30.8257954973066,8.68823083117604,22.1375646661305,0,I,55,10
64.0848854815979,72,9.23382835462689,54.851057126971,1,C,56,10
26.9272250672493,72,9.44721445441246,17.4800106128369,1,I,57,10
44.3088235008821,72,9.63092900812626,34.6778944927559,1,C,58,10
105.104933453596,72,10.3492617281154,61.6507382718846,0,I,59,10
139.063055026881,72,10.4231192311272,61.5768807688728,0,C,60,10
193.94677378111,72,10.786184608005,61.213815391995,0,I,61,10
48.5500604005003,72,10.7863987376913,37.763661662809,1,C,62,10
36.8188303233946,72,10.9469771571457,25.8718531662488,1,I,63,10
742.585594324848,72,11.0732061881572,60.9267938118428,0,C,64,10
169.518010746317,72,11.0927085299045,60.9072914700955,0,I,65,10
190.225047213521,72,11.4963588723913,60.5036411276087,0,C,66,10
286.806775157963,72,11.7506384337321,60.2493615662679,0,I,67,10
46.3855132188214,72,11.9959819223732,34.3895312964482,1,C,68,10
147.860321797994,72,12.0090833678842,59.9909166321158,0,I,69,10
35.9850624271398,72,12.2465214505792,23.7385409765606,1,C,70,10
74.9704219834882,72,12.5723517592996,59.4276482407004,0,I,71,10
201.401749004566,72,12.6674136472866,59.3325863527134,0,C,72,10
115.320684611485,72,13.5932826809585,58.4067173190415,0,I,73,10
18.4808331519115,68.7592144766216,13.627009280026,4.85382387188557,1,C,74,10
143.807631935569,72,13.6798501107842,58.3201498892158,0,I,75,10
182.71643978459,72,14.0604876866564,57.9395123133436,0,C,76,10
61.2316273734251,32.0944767490007,14.0685504768044,18.0259262721964,0,I,77,10
123.541197746297,72,14.3123756255955,57.6876243744046,0,C,78,10
140.265844989893,72,14.3982379697263,57.6017620302737,0,I,79,10
66.1289931315011,72,14.473063191399,51.6559299401021,1,C,80,10
188.347438921438,72,14.5072463527322,57.4927536472678,0,I,81,10
63.5954838746036,72,14.6018673107028,48.9936165639008,1,C,82,10
53.4218736641673,72,14.8159457137808,38.6059279503864,1,I,83,10
108.170517111758,72,15.0102066854015,56.9897933145985,0,C,84,10
46.1895192456603,48.9471557494828,15.029476499185,31.1600427464753,1,I,85,10
352.224205073224,72,15.076472517103,56.9235274828971,0,C,86,10
124.809935135254,72,15.1079366449267,56.8920633550733,0,I,87,10
389.187134540992,72,15.6332301115617,56.3667698884383,0,C,88,10
235.823985463116,72,15.826245713979,56.173754286021,0,I,89,10
136.312376866136,30.7685697373308,15.9803590038791,14.7882107334516,0,C,90,10
55.8076253300581,72,16.2159913033247,39.5916340267334,1,I,91,10
71.9609661750664,72,16.432401034981,55.5285651400854,1,C,92,10
67.5168493472558,72,16.6315267095342,50.8853226377216,1,I,93,10
172.056823363327,72,17.0084752840921,54.9915247159079,0,C,94,10
239.129112366424,72,17.1109298150986,54.8890701849014,0,I,95,10
216.04486577889,72,17.153159128502,54.846840871498,0,C,96,10
24.4948652280821,72,17.7165373088792,6.7783279192029,1,I,97,10
133.528064024569,42.0336502350867,17.8006678260863,24.2329824090004,0,C,98,10
20.1491462612849,72,17.8677636897191,2.28138257156575,1,I,99,10
91.1912074090216,26.7097512231852,17.8766577132046,8.83309350998055,0,C,100,10
102.212310434301,72,18.2677618833259,53.7322381166741,0,I,101,10
36.6516600785083,72,18.4309208253399,18.2207392531684,1,C,102,10
22.9893973161211,72,18.4888433525339,4.50055396358721,1,I,103,10
207.106950183219,72,18.9381622569636,53.0618377430365,0,C,104,10
91.8137192248787,72,18.9542211312801,53.0457788687199,0,I,105,10
100.875380772094,29.8896904758728,19.0236890455708,10.866001430302,0,C,106,10
28.838906292308,72,19.0558526152745,9.78305367703351,1,I,107,10
278.522912889089,72,19.1778050875291,52.8221949124709,0,C,108,10
47.6843799408669,72,19.3726853840053,28.3116945568616,1,I,109,10
94.7826002347687,72,19.4199864892289,52.5800135107711,0,C,110,10
40.1562560932135,72,19.5313299866393,20.6249261065742,1,I,111,10
114.945192830738,70.9367532754355,19.7496758541092,51.1870774213263,0,C,112,10
145.5545846075,72,19.7632444510236,52.2367555489764,0,I,113,10
28.6190413568287,72,19.8609038209543,8.75813753587447,1,C,114,10
22.0701243961341,72,20.381831866689,1.68829252944504,1,I,115,10
65.627582708861,72,20.3977106278762,45.2298720809848,1,C,116,10
73.2288779376296,72,20.6147720525041,51.3852279474959,0,I,117,10
182.101491356057,46.134685555364,20.8699439512566,25.2647416041074,0,C,118,10
305.423403905896,72,21.1526262899861,50.8473737100139,0,I,119,10
182.112592149537,34.3466860768054,21.1686475016177,13.1780385751878,0,C,120,10
29.1226202444786,48.0200331716058,21.3443245366216,7.778295707857,1,I,121,10
31.2410901568718,72,21.4564051944762,9.78468496239559,1,C,122,10
78.3449547314709,72,21.5014204289764,50.4985795710236,0,I,123,10
135.8749628458,72,21.5741193993017,50.4258806006983,0,C,124,10
63.2284211468482,72,21.6114070639014,41.6170140829468,1,I,125,10
40.7887388094791,72,22.1251501562074,18.6635886532717,1,C,126,10
81.3059949600896,72,22.1474276203662,49.8525723796338,0,I,127,10
56.3286644936773,72,22.2968464717269,34.0318180219504,1,C,128,10
118.38623437916,72,22.3255011951551,49.6744988048449,0,I,129,10
73.4718871259954,72,22.3301477730274,49.6698522269726,0,C,130,10
124.429422884421,72,22.3749682819471,49.6250317180529,0,I,131,10
61.4902962578209,60.5931510378817,22.4259027605876,38.167248277294,0,C,132,10
210.01579003546,66.8401585762916,23.015246973373,43.8249116029186,0,I,133,10
115.809327884041,72,23.111737081781,48.888262918219,0,C,134,10
70.9108187676002,54.5359264697352,23.1818811642006,31.3540453055346,0,I,135,10
177.56502902136,72,23.5957020521164,48.4042979478836,0,C,136,10
188.824904433683,72,23.6439621727914,48.3560378272086,0,I,137,10
128.913341960523,72,23.7420891830698,48.2579108169302,0,C,138,10
36.4750864005107,72,24.1011417098343,12.3739446906764,1,I,139,10
42.6296080902826,72,24.1986864712089,18.4309216190737,1,C,140,10
47.4444115190815,72,24.252269002609,23.1921425164725,1,I,141,10
196.386164358356,54.8734165687196,24.3567041214556,30.516712447264,0,C,142,10
65.8726508289965,72,24.9145054863766,40.9581453426199,1,I,143,10
147.127334210771,34.317553342777,25.1811083173379,9.13644502543904,0,C,144,10
30.7664761623364,72,25.2447385853156,5.52173757702072,1,I,145,10
230.909430171773,72,25.460620187223,46.539379812777,0,C,146,10
38.8562318741066,72,25.9240454016253,12.9321864724813,1,I,147,10
113.464782106746,72,26.2526865396649,45.7473134603351,0,C,148,10
173.922438848525,72,26.6009865514934,45.3990134485066,0,I,149,10
135.004817900837,72,26.8246654747054,45.1753345252946,0,C,150,10
34.9836394308715,72,27.4189280066639,7.5647114242076,1,I,151,10
125.690801847155,72,27.5621790345758,44.4378209654242,0,C,152,10
32.2001034292255,72,27.7206023689359,4.47950106028958,1,I,153,10
46.974631783142,46.8910352073917,28.049446712248,18.8415884951437,0,C,154,10
138.682107223511,72,28.2576183183119,43.7423816816881,0,I,155,10
113.931136084272,72,28.4902748605236,43.5097251394764,0,C,156,10
88.6243079875122,72,28.865421814844,43.134578185156,0,I,157,10
143.385308743898,72,29.0207267878577,42.9792732121423,0,C,158,10
54.5979627152989,56.178091299622,29.1126835718751,25.4852791434238,1,I,159,10
146.281715403256,72,29.1851303586736,42.8148696413264,0,C,160,10
190.981208853013,72,29.2401555133984,42.7598444866017,0,I,161,10
143.09541427265,72,29.3719269102439,42.6280730897561,0,C,162,10
253.796001709909,72,29.6255902340636,42.3744097659364,0,I,163,10
66.9818362912764,72,29.8422759957612,37.1395602955153,1,C,164,10
190.910605615799,72,29.8545411648229,42.1454588351771,0,I,165,10
115.775477555767,72,30.0345297390595,41.9654702609405,0,C,166,10
143.725062746917,72,30.320735857822,41.679264142178,0,I,167,10
427.640965410611,72,30.5055824294686,41.4944175705314,0,C,168,10
34.5588147573321,72,30.6797729339451,3.879041823387,1,I,169,10
59.4913077796273,72,30.817015604116,28.6742921755113,1,C,170,10
113.655400240498,72,30.8302967017517,41.1697032982484,0,I,171,10
203.653454735128,72,30.9652138408273,41.0347861591727,0,C,172,10
191.171739098919,72,31.0995188914239,40.9004811085761,0,I,173,10
132.709899317007,72,31.1828186921775,40.8171813078225,0,C,174,10
57.4871849934578,62.6572191134813,31.4850754290819,26.0021095643759,1,I,175,10
129.725351175658,72,31.5353478770703,40.4646521229297,0,C,176,10
116.251595936296,72,32.2919793007895,39.7080206992105,0,I,177,10
115.572154945122,72,32.7009123098105,39.2990876901895,0,C,178,10
327.281547817,72,33.0053164483979,38.9946835516021,0,I,179,10
84.9872354454638,72,33.2395145623013,38.7604854376987,0,C,180,10
74.1217540381343,72,33.2943419739604,38.7056580260396,0,I,181,10
122.278937016449,72,33.3034580061212,38.6965419938788,0,C,182,10
110.220179468893,72,33.3194347657263,38.6805652342737,0,I,183,10
94.0895739741053,35.3577601120451,33.4329752577469,1.92478485429825,0,C,184,10
147.937639477592,72,33.6505052726716,38.3494947273284,0,I,185,10
71.2387779696037,72,34.0632870560512,37.1754909135525,1,C,186,10
201.192781932364,72,34.3964097462595,37.6035902537406,0,I,187,10
139.557975238393,72,34.6960119763389,37.3039880236611,0,C,188,10
89.022922010635,72,34.8927229782566,37.1072770217434,0,I,189,10
85.2098254762671,56.1207633944473,35.1262407610193,20.994522633428,0,C,190,10
73.5086266191999,62.021601272611,35.136423362419,26.885177910192,0,I,191,10
63.8894166085846,72,35.1527256192639,28.7366909893206,1,C,192,10
98.2164067857364,42.9904395588957,35.2758147474378,7.71462481145787,0,I,193,10
157.757422613255,72,35.3071483690292,36.6928516309708,0,C,194,10
83.0191315445571,72,35.4679950093851,36.532004990615,0,I,195,10
59.8527496052342,72,35.4777309391648,24.3750186660694,1,C,196,10
315.28145010249,72,35.6045793788508,36.3954206211492,0,I,197,10
42.6837114569647,72,35.6713323807344,7.01237907623033,1,C,198,10
282.511889810002,72,36.4515673136339,35.5484326863661,0,I,199,10
58.3965321653801,72,36.4542256621644,21.9423065032157,1,C,200,10
401.222283501248,72,36.6374516347423,35.3625483652577,0,I,201,10
228.141486513953,72,36.8526986986399,35.1473013013601,0,C,202,10
74.8527426480215,72,37.1224353136495,34.8775646863505,0,I,203,10
169.471270962505,72,37.1239684615284,34.8760315384716,0,C,204,10
58.4698409561942,72,37.1324218763039,21.3374190798903,1,I,205,10
136.113644190882,72,37.4293240299448,34.5706759700552,0,C,206,10
58.1463452285965,72,37.5450330879539,20.6013121406425,1,I,207,10
99.2123424746241,72,37.7068084152415,34.2931915847585,0,C,208,10
187.618972924682,72,37.7116625849158,34.2883374150842,0,I,209,10
129.098043519545,72,38.0051000369713,33.9948999630287,0,C,210,10
71.0070484369955,72,38.4647146426141,32.5423337943814,1,I,211,10
554.628740864654,72,38.606899548322,33.393100451678,0,C,212,10
60.1293190896327,72,38.9424091670662,21.1869099225665,1,I,213,10
55.973892241521,72,39.1296058287844,16.8442864127366,1,C,214,10
174.149759632494,72,39.142731372267,32.857268627733,0,I,215,10
128.888582783656,72,39.2105462215841,32.7894537784159,0,C,216,10
180.476291766258,72,39.2429519305006,32.7570480694994,0,I,217,10
53.5014177415637,72,39.3050749227405,14.1963428188233,1,C,218,10
115.714035210291,72,39.3246379494667,32.6753620505333,0,I,219,10
159.083570259283,72,39.5751499012113,32.4248500987887,0,C,220,10
203.845746259254,72,40.036667981185,31.963332018815,0,I,221,10
173.27323488343,72,40.4820330860093,31.5179669139907,0,C,222,10
242.452596733188,72,40.7179508032277,31.2820491967723,0,I,223,10
54.1182925376294,72,40.7413122709841,13.3769802666454,1,C,224,10
176.242910622011,72,40.8197274617851,31.1802725382149,0,I,225,10
212.559988683999,72,40.824774778448,31.175225221552,0,C,226,10
47.2398881827708,72,40.9183845994994,6.32150358327142,1,I,227,10
53.576050888083,72,41.0098656825721,12.5661852055109,1,C,228,10
203.564341398725,72,41.0225963126868,30.9774036873132,0,I,229,10
59.3826674989832,72,41.3907522708178,17.9919152281654,1,C,230,10
148.902513484918,72,41.4232449699193,30.5767550300807,0,I,231,10
125.507563555253,72,41.4661280158907,30.5338719841093,0,C,232,10
247.653237163294,72,41.6221968177706,30.3778031822294,0,I,233,10
107.911994833636,72,41.9087189761922,30.0912810238078,0,C,234,10
45.9908446672056,72,41.9993876433,3.99145702390557,1,I,235,10
204.684919829105,72,42.2970637120307,29.7029362879694,0,C,236,10
82.6748274054395,72,42.4509856849909,29.5490143150091,0,I,237,10
408.625362953655,72,42.7074478240684,29.2925521759316,0,C,238,10
226.536258565613,72,42.8822030313313,29.1177969686687,0,I,239,10
60.9569568156667,72,42.8905322402716,18.0664245753951,1,C,240,10
80.8600365129193,72,43.6489114025608,28.3510885974392,0,I,241,10
194.440127436093,72,43.676043022424,28.323956977576,0,C,242,10
292.860019014213,72,43.8329761242494,28.1670238757506,0,I,243,10
171.978028409592,72,43.8650601636618,28.1349398363382,0,C,244,10
106.649411849199,72,44.4880509423092,27.5119490576908,0,I,245,10
70.2353578960679,72,44.899806138128,25.3355517579399,1,C,246,10
185.750644786393,72,44.9246450560167,27.0753549439833,0,I,247,10
336.543008473179,72,45.0453095370904,26.9546904629096,0,C,248,10
121.906305148439,72,45.0507536390796,26.9492463609204,0,I,249,10
90.7201609865233,72,45.0968563836068,26.9031436163932,0,C,250,10
69.3590187466597,72,45.1251174509525,24.2339012957071,1,I,251,10
305.577434460533,72,45.1454086555168,26.8545913444832,0,C,252,10
153.538233691685,72,45.2596448455006,26.7403551544994,0,I,253,10
142.178370259913,72,45.2710703434423,26.7289296565577,0,C,254,10
199.908804103604,72,45.6674313638359,26.3325686361641,0,I,255,10
555.032638334357,72,45.7973531261087,26.2026468738914,0,C,256,10
235.932879063851,66.0132100916506,46.081193885766,19.9320162058847,0,I,257,10
132.607074272726,72,46.2093957513571,25.7906042486429,0,C,258,10
59.9161318482377,72,46.267808242701,13.6483236055367,1,I,259,10
59.7087299844365,72,46.2900381395593,13.4186918448772,1,C,260,10
103.457131179387,72,46.3937118044123,25.6062881955877,0,I,261,10
86.2830523538455,72,46.4297470171005,25.5702529828996,0,C,262,10
109.218358399813,72,46.5288283070549,25.4711716929451,0,I,263,10
66.9004974550941,72,46.5409332700074,20.3595641850867,1,C,264,10
228.71300437147,72,46.5905931126326,25.4094068873674,0,I,265,10
132.445765640816,72,46.6142945783213,25.3857054216787,0,C,266,10
229.393198962174,56.948220676039,46.6352654574439,10.3129552185951,0,I,267,10
70.1938856732761,72,46.9133605342358,23.2805251390403,1,C,268,10
806.389472372877,72,47.2219550516456,24.7780449483544,0,I,269,10
283.115199999538,72,47.2400887543336,24.7599112456664,0,C,270,10
232.445507492634,72,47.8952852357179,24.1047147642821,0,I,271,10
136.723404032461,72,47.9228572826833,24.0771427173168,0,C,272,10
130.474170752688,72,48.0599449295551,23.9400550704449,0,I,273,10
138.675036824468,72,48.463332625106,23.536667374894,0,C,274,10
235.06190197219,72,48.4809036646038,23.5190963353962,0,I,275,10
138.464941340774,72,48.529130704701,23.4708692952991,0,C,276,10
78.8857891540672,72,49.0404501697049,22.9595498302951,0,I,277,10
178.91603738394,72,49.1435074154288,22.8564925845712,0,C,278,10
328.110612019526,72,49.1550547163934,22.8449452836067,0,I,279,10
50.7582609714278,72,49.6919266087934,1.06633436263435,1,C,280,10
130.366361195919,72,49.7357571031898,22.2642428968102,0,I,281,10
273.317951799014,72,50.1132569974288,21.8867430025712,0,C,282,10
99.450681298516,72,50.1303161401302,21.8696838598698,0,I,283,10
261.451072463293,72,50.44416165445,21.55583834555,0,C,284,10
194.841696011942,72,50.7460105977953,21.2539894022048,0,I,285,10
112.19476877226,71.8110711024365,50.9374850057066,20.87358609673,0,C,286,10
72.6989932199095,72,51.1506153456867,20.8493846543133,0,I,287,10
133.251066311435,72,51.5360878268257,20.4639121731743,0,C,288,10
60.9818492818429,55.8789859159635,51.6866868222132,4.19229909375027,0,I,289,10
67.5138046173392,72,51.870547849685,15.6432567676542,1,C,290,10
195.609534053377,72,51.9074024213478,20.0925975786522,0,I,291,10
452.707244900193,72,52.0248567732051,19.9751432267949,0,C,292,10
85.3211298955645,72,52.4480325914919,19.5519674085081,0,I,293,10
286.99153167709,72,52.5900528207421,19.4099471792579,0,C,294,10
55.6885588206988,72,52.7479325607419,2.94062625995686,1,I,295,10
59.9938682972247,72,52.9930562060326,7.00081209119202,1,C,296,10
54.7836678273474,72,53.0004522576928,1.78321556965456,1,I,297,10
339.277572538479,72,53.3210446871817,18.6789553128183,0,C,298,10
345.155584742202,72,53.5850183246657,18.4149816753343,0,I,299,10
130.6320631217,72,53.7139422493056,18.2860577506945,0,C,300,10
84.0243906826952,72,53.7174396403134,18.2825603596866,0,I,301,10
149.746057565268,72,53.9063785644248,18.0936214355752,0,C,302,10
272.621641848192,72,54.1991078015417,17.8008921984583,0,I,303,10
63.8735067974084,72,54.2641971353442,9.60930966206426,1,C,304,10
82.5258623154264,72,54.3079503625631,17.6920496374369,0,I,305,10
112.364541512185,72,55.1218409417197,16.8781590582803,0,C,306,10
141.070377781337,72,55.2160151163116,16.7839848836884,0,I,307,10
133.868553606507,72,55.2714874735102,16.7285125264898,0,C,308,10
90.8591476003986,72,55.5213236203417,16.4786763796583,0,I,309,10
160.1895641002,72,55.6151292985305,16.3848707014695,0,C,310,10
327.68981960948,72,55.8962658466771,16.1037341533229,0,I,311,10
262.496135824152,72,55.922413780354,16.077586219646,0,C,312,10
77.4247741378561,72,56.1507583362982,15.8492416637018,0,I,313,10
57.5932494752715,72,56.3821665477008,1.21108292757077,1,C,314,10
101.21869465514,72,56.6491793235764,15.3508206764236,0,I,315,10
78.879249100995,72,57.064344920218,14.935655079782,0,C,316,10
171.439049758053,72,57.1528567420319,14.8471432579681,0,I,317,10
103.514752796545,72,57.1880865795538,14.8119134204462,0,C,318,10
473.326822539123,72,57.2106552869082,14.7893447130919,0,I,319,10
165.759005430079,72,57.236790410243,14.763209589757,0,C,320,10
262.06402580578,72,57.4017150280997,14.5982849719003,0,I,321,10
105.386273993773,66.556099149689,57.4452924029902,9.11080674669887,0,C,322,10
135.049229398228,72,57.4762222822756,14.5237777177244,0,I,323,10
307.189569997356,72,58.0900012236089,13.9099987763911,0,C,324,10
86.6099918792508,72,58.161207055673,13.838792944327,0,I,325,10
95.2955945366616,72,58.1789361219853,13.8210638780147,0,C,326,10
108.726866913906,72,58.4133965615183,13.5866034384817,0,I,327,10
68.8414865761798,72,58.8078909600154,10.0335956161644,1,C,328,10
60.1906368185923,72,58.8997480971739,1.29088872141841,1,I,329,10
205.107060015204,72,59.4675790658221,12.5324209341779,0,C,330,10
114.227059262426,72,59.5759291481227,12.4240708518773,0,I,331,10
63.6997908295292,72,59.7642457438633,3.93554508566591,1,C,332,10
205.018376115043,72,59.7909065382555,12.2090934617445,0,I,333,10
113.635280672565,72,59.936489565298,12.063510434702,0,C,334,10
