t_cal_ev,t_cal_cens,t_acc,t,status,group,pat_id,sim_idx
7.80504026105991,72,0.104261236265302,7.70077902479461,1,C,1,1
13.3897474921488,57.4658801486788,0.180542422458529,13.2092050696903,1,I,2,1
46.8001271057342,47.2604805993772,0.326011469587684,46.4741156361465,1,C,3,1
49.7814269408297,18.2568608972117,0.34388265106827,17.9129782461434,0,I,4,1
91.4258908754076,72,0.374038447625935,71.6259615523741,0,C,5,1
1.04292653547209,72,0.697501050308347,0.345425485163746,1,I,6,1
31.8435877499836,72,0.732977287843823,31.1106104621398,1,C,7,1
41.7779575288254,72,0.748100378550589,41.0298571502748,1,I,8,1
7.12138865637728,25.3919283831792,1.05008787475526,6.07130078162201,1,C,9,1
46.1516749599703,72,1.07188368681818,45.0797912731521,1,I,10,1
18.4559486897139,72,1.11126185394824,17.3446868357657,1,C,11,1
130.204133792934,72,1.37411691248417,70.6258830875158,0,I,12,1
84.8319366341533,72,1.47734137717634,70.5226586228237,0,C,13,1
4.84746969320613,72,1.63678660523146,3.21068308797466,1,I,14,1
6.71565592636194,66.6940970982651,2.38330329302698,4.33235263333496,1,C,15,1
33.5868793519061,72,2.80511601828039,30.7817633336257,1,I,16,1
22.0449160935274,68.1496329908118,2.80810191761702,19.2368141759103,1,C,17,1
7.66064243354304,72,2.90613987017423,4.75450256336881,1,I,18,1
36.2717166928872,72,2.91744229383767,33.3542743990496,1,C,19,1
32.8392771751112,8.08531605969391,2.95711053069681,5.1282055289971,0,I,20,1
26.0682716236587,72,3.23776820674539,22.8305034169133,1,C,21,1
56.3212283559556,72,3.33861307706684,52.9826152788888,1,I,22,1
44.4006457551986,72,3.48123283591121,40.9194129192874,1,C,23,1
8.97313345955607,72,3.56911004986614,5.40402340968993,1,I,24,1
40.5041511138543,22.1955331412691,3.57514687813818,18.6203862631309,0,C,25,1
16.4755812914462,72,3.71306719724089,12.7625140942053,1,I,26,1
26.2291412419102,32.657107338887,4.38554864376783,21.8435925981424,1,C,27,1
25.5169753156591,72,4.59697476122528,20.9200005544338,1,I,28,1
40.6212183893874,72,4.60440892260522,36.0168094667822,1,C,29,1
36.4189391907151,72,4.6548229129985,31.7641162777166,1,I,30,1
5.83883128600674,36.610918149905,4.68854530714452,1.15028597886222,1,C,31,1
65.3653095310621,72,4.87640437670052,60.4889051543616,1,I,32,1
15.3066585099188,72,5.20112770143896,10.1055308084798,1,C,33,1
45.2560919550274,72,5.28149594552815,39.9745960094993,1,I,34,1
18.0077010387452,72,5.36895772442222,12.638743314323,1,C,35,1
17.7789574269282,72,6.06683237012476,11.7121250568034,1,I,36,1
17.3329239161047,72,6.18192750960589,11.1509964064988,1,C,37,1
24.7503928677123,72,6.26474955584854,18.4856433118638,1,I,38,1
31.2468157918561,72,6.63220681250095,24.6146089793552,1,C,39,1
18.816749463853,72,6.78891086485237,12.0278385990006,1,I,40,1
40.2974448132711,72,7.3552056401968,32.9422391730743,1,C,41,1
25.243568284711,72,7.7374037867412,17.5061644979699,1,I,42,1
56.4016207041981,27.7554023754238,7.75197349023074,20.0034288851931,0,C,43,1
8.99110303847037,72,7.76438815053552,1.22671488793484,1,I,44,1
29.1473180822711,45.388175426862,8.23516166768968,20.9121564145815,1,C,45,1
42.4318167552658,72,8.26212713029236,34.1696896249735,1,I,46,1
11.2679068474348,72,9.02464650571346,2.24326034172135,1,C,47,1
82.4603283936249,72,9.42654670681804,62.573453293182,0,I,48,1
19.0641678283638,72,9.49670028872788,9.56746753963596,1,C,49,1
30.7058722558053,72,10.1233329344541,20.5825393213512,1,I,50,1
41.7737126644841,72,10.4264134028926,31.3472992615914,1,C,51,1
78.0187207121363,72,10.4391487268731,61.5608512731269,0,I,52,1
23.9898162812759,72,10.8234230289236,13.1663932523523,1,C,53,1
84.5741562327335,72,10.8866520551965,61.1133479448035,0,I,54,1
98.2186076601704,31.0899408713295,11.5526299970225,19.5373108743071,0,C,55,1
11.9229856290589,67.1197847156675,11.8117097765207,0.11127585253818,1,I,56,1
41.2327220842101,72,12.1047886367887,29.1279334474214,1,C,57,1
61.6663711761764,72,12.1693658363074,49.497005339869,1,I,58,1
60.300214522953,72,12.5270692259073,47.7731452970456,1,C,59,1
43.1654403493504,72,12.7901904238388,30.3752499255116,1,I,60,1
50.7456628137007,72,12.9239343479276,37.8217284657731,1,C,61,1
23.4130437687395,72,13.018835708499,10.3942080602405,1,I,62,1
30.4673293752521,72,13.1288671586663,17.3384622165858,1,C,63,1
26.0526042914746,37.4036470636114,13.301934460178,12.7506698312965,1,I,64,1
24.512554985303,72,13.4439485287294,11.0686064565736,1,C,65,1
31.8455974986871,72,13.460754272528,18.3848432261591,1,I,66,1
71.0655994478694,72,14.1049036430195,56.9606958048499,1,C,67,1
66.3530664818808,16.7027782880733,14.118779967539,2.58399832053431,0,I,68,1
49.3085822044602,72,14.3643054971471,34.944276707313,1,C,69,1
76.7243741243733,20.6105724239217,14.4253124669194,6.18525995700227,0,I,70,1
27.5833305580359,72,14.4769765622914,13.1063539957445,1,C,71,1
88.9484312154737,70.2548431781472,14.697856712155,55.5569864659922,0,I,72,1
37.3076344259759,72,14.8223641980439,22.4852702279319,1,C,73,1
23.8763695368726,72,15.4962656507269,8.38010388614574,1,I,74,1
22.3285003879555,61.7764027871817,15.882554766722,6.44594562123343,1,C,75,1
53.1524798162786,72,15.9436629898846,37.208816826394,1,I,76,1
44.6755610732871,62.0600601368362,16.1846538120881,28.490907261199,1,C,77,1
34.6330102989065,72,16.278756824322,18.3542534745844,1,I,78,1
29.5903107123366,41.5483277529811,16.3536888174713,13.2366218948654,1,C,79,1
18.4770889045263,72,16.3752349186689,2.10185398585746,1,I,80,1
47.8696153862863,72,16.5642684604973,31.305346925789,1,C,81,1
77.0722309210155,72,16.8231247644871,55.1768752355129,0,I,82,1
32.6081339911661,22.5791036130681,17.2095466917381,5.36955692133002,0,C,83,1
26.4558623585251,72,17.2260918421671,9.22977051635798,1,I,84,1
99.0534135158078,42.1688826656388,17.3994971998036,24.7693854658352,0,C,85,1
46.1149789605909,72,18.3252219110727,27.7897570495182,1,I,86,1
22.7462063331873,72,18.3906843792647,4.35552195392255,1,C,87,1
20.4442381246157,72,18.8308137981221,1.61342432649361,1,I,88,1
59.0295414068731,72,18.8516963738948,40.1778450329783,1,C,89,1
82.2262427783277,72,19.1498049907386,52.8501950092614,0,I,90,1
28.8472833424798,72,19.2114608595148,9.63582248296505,1,C,91,1
38.4904730301918,72,19.2407075129449,19.2497655172468,1,I,92,1
81.5679351782264,70.3679675607439,19.8154817009345,50.5524858598094,0,C,93,1
40.2137798630065,72,19.830651730299,20.3831281327074,1,I,94,1
40.2362174828184,72,19.9475624738261,20.2886550089923,1,C,95,1
86.4765202051216,72,20.2811738150194,51.7188261849806,0,I,96,1
87.7344944496577,72,20.3067847061902,51.6932152938098,0,C,97,1
23.3746927928863,29.3559409119416,20.3979879571125,2.97670483577379,1,I,98,1
54.1562644884654,72,20.6319796806201,33.5242848078452,1,C,99,1
24.5416705061068,72,20.733833508566,3.80783699754082,1,I,100,1
63.459319852041,72,20.767394551076,42.691925300965,1,C,101,1
46.5128392649145,72,21.1065191449597,25.4063201199548,1,I,102,1
24.5867162741352,44.9845319559492,21.3977242726833,3.18899200145195,1,C,103,1
110.031124247485,72,21.4547005528584,50.5452994471416,0,I,104,1
65.6484110303017,72,21.5211589867249,44.1272520435768,1,C,105,1
98.4675988830934,72,21.5939070051536,50.4060929948464,0,I,106,1
40.2337214105342,42.297748512581,21.704061194323,18.5296602162112,1,C,107,1
23.8587803327984,72,21.7362670088187,2.12251332397971,1,I,108,1
66.9774748336664,72,22.1990963257849,44.7783785078815,1,C,109,1
40.0017163624759,72,22.2495587635785,17.7521575988973,1,I,110,1
67.9655585835694,66.9150264290507,22.2607802879065,44.6542461411442,0,C,111,1
67.4712374913271,72,22.3326127650216,45.1386247263054,1,I,112,1
55.3522716059587,72,22.4189770314842,32.9332945744745,1,C,113,1
40.9243444035025,72,22.659678356722,18.2646660467805,1,I,114,1
122.727646608574,72,22.6959390565753,49.3040609434247,0,C,115,1
113.454172763642,72,22.7603155374527,49.2396844625473,0,I,116,1
29.2540671049865,72,23.2564093312249,5.99765777376167,1,C,117,1
109.830516936584,72,23.4550205105916,48.5449794894084,0,I,118,1
63.9947834089968,72,23.5230558877811,40.4717275212157,1,C,119,1
26.1959779881337,72,23.5373091883957,2.65866879973799,1,I,120,1
70.1889332039787,72,24.0999811515212,46.0889520524575,1,C,121,1
45.1912941925421,72,24.5912825502455,20.6000116422966,1,I,122,1
33.7790677405387,63.9309398390901,25.4269252019003,8.35214253863839,1,C,123,1
27.0209223159227,72,25.8280781004578,1.19284421546489,1,I,124,1
61.5392739919777,72,25.8769825519994,35.6622914399783,1,C,125,1
35.4658497849114,72,26.1490537645295,9.31679602038184,1,I,126,1
30.0535156479288,26.7613226238651,26.1575029604137,0.603819663451382,0,C,127,1
52.0386625312483,72,26.3121350063011,25.7265275249472,1,I,128,1
44.4103750608931,72,26.8212844664231,17.58909059447,1,C,129,1
36.4527924637705,44.0225757141977,27.2789457812905,9.17384668248,1,I,130,1
65.5239944244408,72,27.4523977562785,38.0715966681623,1,C,131,1
44.6842997437319,72,27.5622080080211,17.1220917357108,1,I,132,1
45.6530651503524,53.3829938958333,27.6211623195559,18.0319028307965,1,C,133,1
78.7638713112034,72,27.828157232143,44.171842767857,0,I,134,1
53.8765487893577,72,27.9573506209999,25.9191981683577,1,C,135,1
66.6643448630929,72,28.0871469760314,38.5771978870615,1,I,136,1
35.1510697001903,72,28.1517254468054,6.99934425338496,1,C,137,1
40.4734217886587,72,28.6019296897575,11.8714920989012,1,I,138,1
120.492212736224,72,28.8767743762583,43.1232256237418,0,C,139,1
29.1627884559204,72,29.0542587591335,0.108529696786859,1,I,140,1
52.2886756649271,72,29.0584964957088,23.2301791692183,1,C,141,1
74.5283402220007,72,29.1390556097031,42.8609443902969,0,I,142,1
37.3350428875219,72,29.4397498341277,7.89529305339419,1,C,143,1
97.4028229094142,40.4323061183437,29.468927225098,10.9633788932457,0,I,144,1
34.1579640650233,72,29.611563468352,4.54640059667132,1,C,145,1
44.4057205949442,72,29.92897819262,14.4767424023242,1,I,146,1
41.4613093239115,72,30.0101813161746,11.451128007737,1,C,147,1
32.518399566954,72,30.2290387451649,2.28936082178917,1,I,148,1
115.195534423851,72,30.5152237275615,41.4847762724385,0,C,149,1
47.3190592153706,72,30.5495715234429,16.7694876919278,1,I,150,1
49.2481315571449,67.4252855370261,30.7054411852732,18.5426903718716,1,C,151,1
45.9195411998106,39.8656421948952,30.7565403683111,9.10910182658407,0,I,152,1
101.358270070239,72,30.8496707724407,41.1503292275593,0,C,153,1
37.3386624952243,72,30.9273836715147,6.41127882370962,1,I,154,1
61.9601206121325,69.8191581101518,31.0967767657712,30.8633438463613,1,C,155,1
58.5775669846691,38.9365328274076,31.1382505344227,7.7982822929849,0,I,156,1
32.8016330556622,72,31.195074794814,1.60655826084821,1,C,157,1
74.7693696102643,72,31.4645180571824,40.5354819428176,0,I,158,1
50.1112710235432,72,31.6640779701993,18.4471930533439,1,C,159,1
132.705646589017,72,31.729710646905,40.270289353095,0,I,160,1
55.8299789106275,72,32.157637286,23.6723416246275,1,C,161,1
48.5901827721695,72,32.2042302461341,16.3859525260354,1,I,162,1
59.5864986699344,72,32.2392061958089,27.3472924741255,1,C,163,1
57.0181852484386,50.8231357741332,32.2728664241731,18.55026934996,0,I,164,1
34.2313220372629,72,32.464864673093,1.76645736416994,1,C,165,1
33.1247679066305,50.9963574583354,32.522817584686,0.601950321944507,1,I,166,1
69.6632081150089,72,32.9593836050481,36.7038245099608,1,C,167,1
65.1539772024882,72,32.9894371563569,32.1645400461313,1,I,168,1
35.0366525426176,72,33.2172626629472,1.81938987967042,1,C,169,1
46.3152755363133,52.6310327783111,33.3430904801935,12.9721850561198,1,I,170,1
58.1289716777364,72,33.3797524357215,24.749219242015,1,C,171,1
61.9565750881159,72,33.5294644860551,28.4271106020609,1,I,172,1
53.8862776499598,72,33.5985289514065,20.2877486985534,1,C,173,1
46.9497491449304,72,33.6126127280295,13.3371364169009,1,I,174,1
163.518910547811,72,33.7070530001074,38.2929469998926,0,C,175,1
37.4979743524625,72,34.0172764984891,3.48069785397339,1,I,176,1
65.3201460974181,72,34.1267304634675,31.1934156339506,1,C,177,1
67.7975460138919,72,34.1679806029424,33.6295654109495,1,I,178,1
36.6070893596183,72,34.2951943958178,2.3118949638005,1,C,179,1
65.966927277497,72,34.3031411524862,31.6637861250108,1,I,180,1
43.2883358559256,72,34.8724345536903,8.4159013022353,1,C,181,1
36.708668390219,72,35.2850208291784,1.42364756104065,1,I,182,1
75.4997612222562,72,35.4347842326388,36.5652157673612,0,C,183,1
120.128133753908,72,35.6247525941581,36.375247405842,0,I,184,1
68.6826660666997,72,35.8668228099123,32.8158432567875,1,C,185,1
49.8427799438483,72,36.0535981273279,13.7891818165205,1,I,186,1
69.8892025099881,72,36.9827821757644,32.9064203342237,1,C,187,1
121.555019769588,72,37.0705192303285,34.9294807696715,0,I,188,1
87.0533383362737,72,37.2101762378588,34.7898237621412,0,C,189,1
58.7265593465343,72,37.2160069970414,21.5105523494929,1,I,190,1
68.6462733363367,72,37.9424004955217,30.7038728408149,1,C,191,1
92.7031366749593,72,38.0274224001914,33.9725775998086,0,I,192,1
46.5931770213352,72,38.3372384123504,8.25593860898476,1,C,193,1
75.3161972436872,72,38.5147800296545,33.4852199703455,0,I,194,1
75.6653976117003,72,38.595599164255,33.404400835745,0,C,195,1
64.914726731193,72,38.7579180160537,26.1568087151393,1,I,196,1
46.1580976081469,60.196332712227,39.1759417159483,6.98215589219859,1,C,197,1
72.2859899631844,72,39.2211791686714,32.7788208313286,0,I,198,1
40.6881975355779,72,39.2888664454222,1.39933109015571,1,C,199,1
76.7446334527873,72,39.4538435898721,32.5461564101279,0,I,200,1
56.8376913935828,72,39.7081329161301,17.1295584774526,1,C,201,1
119.990026816687,72,39.9685924267396,32.0314075732604,0,I,202,1
70.4185449854543,72,40.0592092517763,30.359335733678,1,C,203,1
125.291842392961,72,40.0595772592351,31.9404227407649,0,I,204,1
131.71515046628,72,40.9786459151655,31.0213540848345,0,C,205,1
114.359272032517,72,41.0189608996734,30.9810391003266,0,I,206,1
41.8380631531657,72,41.0629552323371,0.775107920828552,1,C,207,1
49.936630157205,72,41.2024149857461,8.73421517145889,1,I,208,1
42.6203378617179,72,41.285091843456,1.33524601826191,1,C,209,1
97.6198201502903,72,41.3172924611717,30.6827075388283,0,I,210,1
79.5559143295889,72,41.371031482704,30.628968517296,0,C,211,1
66.1942255091063,52.1147556368374,42.0906384615228,10.0241171753147,0,I,212,1
55.2032463825198,72,42.6410281285644,12.5622182539554,1,C,213,1
65.4303240332976,72,42.8524751029909,22.5778489303067,1,I,214,1
66.3281199413328,72,43.1877248128876,23.1403951284452,1,C,215,1
79.1282707417381,72,43.2556680450216,28.7443319549784,0,I,216,1
53.680542114978,72,43.6150870285928,10.0654550863852,1,C,217,1
100.776219598425,72,43.6436441866681,28.3563558133319,0,I,218,1
46.49714213228,72,43.7358412938193,2.7613008384607,1,C,219,1
75.5137178125454,72,44.0922016091645,27.9077983908355,0,I,220,1
84.4448827006133,72,44.1741796536371,27.8258203463629,0,C,221,1
53.7412852849202,72,44.2062578955665,9.53502738935368,1,I,222,1
55.2466325321654,72,44.518587780185,10.7280447519804,1,C,223,1
77.2307006479794,72,44.5342339854687,27.4657660145313,0,I,224,1
158.855925006002,72,44.8014655709267,27.1985344290733,0,C,225,1
65.8810809126087,72,44.8215629300103,21.0595179825985,1,I,226,1
45.9293478102668,72,45.1706426683813,0.758705141885434,1,C,227,1
69.1770161943874,60.1033560930471,45.4828507779166,14.6205053151305,0,I,228,1
69.1631140578638,72,45.4930416494608,23.670072408403,1,C,229,1
62.9873157062217,72,45.4965955903754,17.4907201158463,1,I,230,1
125.481228995438,72,45.5315273534507,26.4684726465493,0,C,231,1
65.0176232867228,72,45.6794318603352,19.3381914263876,1,I,232,1
212.913290969066,72,45.7408929616213,26.2591070383787,0,C,233,1
53.0260437043833,72,45.8482349384576,7.17780876592566,1,I,234,1
45.9106180210394,72,45.8509894832969,0.0596285377425703,1,C,235,1
101.685224324032,72,46.2596363201737,25.7403636798263,0,I,236,1
221.176706214041,72,46.2951007112861,25.7048992887139,0,C,237,1
63.41446531112,72,46.2968215998262,17.1176437112937,1,I,238,1
103.306577996526,72,46.7388837877661,25.2611162122339,0,C,239,1
76.649058886307,72,46.7923736153171,25.207626384683,0,I,240,1
117.286685616202,72,46.9798518810421,25.0201481189579,0,C,241,1
162.933766895697,72,47.0928976451978,24.9071023548022,0,I,242,1
52.0661223440942,72,47.130799270235,4.93532307385924,1,C,243,1
60.4191261805418,72,47.1873188205063,13.2318073600354,1,I,244,1
61.8573196651479,72,47.3988868994638,14.458432765684,1,C,245,1
124.331880130589,72,47.4329066555947,24.5670933444053,0,I,246,1
101.920161010835,72,47.4590708920732,24.5409291079268,0,C,247,1
52.3701588429804,72,47.5424677412957,4.82769110168469,1,I,248,1
91.002827421955,52.1098389557696,47.5444122590125,4.56542669675708,0,C,249,1
92.57548646668,72,47.7127463417128,24.2872536582872,0,I,250,1
50.2520962076135,72,47.8485977975652,2.40349841004837,1,C,251,1
48.3531844413126,72,48.0234152125195,0.32976922879316,1,I,252,1
131.756008545956,72,48.3221615944058,23.6778384055942,0,C,253,1
54.8325937902079,72,48.3329227706417,6.49967101956618,1,I,254,1
69.5278315378268,72,48.5106848459691,21.0171466918577,1,C,255,1
72.1476636658218,66.7177332775924,48.6017881007865,18.1159451768058,0,I,256,1
145.158565341525,72,49.2598509136587,22.7401490863413,0,C,257,1
64.0036148363561,61.8507233519026,49.2910415260121,12.5596818258905,0,I,258,1
65.778394330107,72,49.5311573334038,16.2472369967032,1,C,259,1
156.450782634998,72,49.9846483021975,22.0153516978025,0,I,260,1
62.8097322669924,64.8785380915789,50.0443056877703,12.7654265792221,1,C,261,1
64.7478538641284,72,50.1127410773188,14.6351127868096,1,I,262,1
73.0023214547068,72,50.1261417428032,21.8738582571968,0,C,263,1
57.8894609923623,72,50.2649107994512,7.62455019291108,1,I,264,1
71.0176896566589,72,50.5426184087992,20.4750712478597,1,C,265,1
63.9641815533315,72,50.9007533965632,13.0634281567682,1,I,266,1
73.8921090283727,72,51.1223072838038,20.8776927161962,0,C,267,1
64.8144582481358,72,51.6251273872331,13.1893308609027,1,I,268,1
53.4828421845148,72,51.6406408231705,1.84220136134423,1,C,269,1
71.3878842740212,63.1745465308869,51.8064030446112,11.3681434862757,0,I,270,1
63.8751941670602,72,51.8156998464838,12.0594943205765,1,C,271,1
55.6863062563386,72,51.8209332833067,3.86537297303194,1,I,272,1
67.0691084367659,72,52.2396850772202,14.8294233595457,1,C,273,1
93.0666921641294,72,52.3906714562327,19.6093285437673,0,I,274,1
56.953730003833,72,52.4833625089377,4.47036749489523,1,C,275,1
159.655762658368,72,52.9140261467546,19.0859738532454,0,I,276,1
61.4565891654815,72,52.9460933525115,8.51049581296997,1,C,277,1
68.272505119986,61.270922213058,54.1416584188119,7.12926379424612,0,I,278,1
67.4196276225532,72,54.2709568608552,13.1486707616979,1,C,279,1
132.928805764486,57.9175029253666,54.3393605807796,3.57814234458697,0,I,280,1
139.61304553485,72,54.4241466047242,17.5758533952758,0,C,281,1
66.0016161681246,72,54.7701206244528,11.2314955436718,1,I,282,1
178.778382870953,72,54.9157043779269,17.0842956220731,0,C,283,1
83.4461621058222,72,55.2804619492963,16.7195380507037,0,I,284,1
75.6055607602607,72,55.3894064482302,16.6105935517699,0,C,285,1
78.6859225387607,72,55.4291206179187,16.5708793820813,0,I,286,1
94.4181606543824,72,55.5741123575717,16.4258876424283,0,C,287,1
149.783553807078,72,55.8773727994412,16.1226272005588,0,I,288,1
73.6332625292026,72,56.0161112202331,15.9838887797669,0,C,289,1
61.5444459507046,72,56.0969964740798,5.44744947662479,1,I,290,1
104.092109533184,72,56.6814243653789,15.3185756346211,0,C,291,1
142.327200916512,72,56.8797390349209,15.1202609650791,0,I,292,1
108.155956666865,72,57.0131644047797,14.9868355952203,0,C,293,1
143.824470778715,72,57.3161147441715,14.6838852558285,0,I,294,1
61.7720955590878,72,57.6927929045633,4.07930265452452,1,C,295,1
183.482750470805,72,57.788303475827,14.211696524173,0,I,296,1
106.653983857612,72,57.7927294699475,14.2072705300525,0,C,297,1
104.289221663941,72,58.0643848702312,13.9356151297688,0,I,298,1
76.963919906154,72,58.2100605452433,13.7899394547567,0,C,299,1
109.199589059931,72,58.2232253160328,13.7767746839672,0,I,300,1
82.8088693470231,72,58.4258299134672,13.5741700865328,0,C,301,1
134.356156552764,72,58.8670356664807,13.1329643335193,0,I,302,1
150.120961569397,72,58.9237237628549,13.0762762371451,0,C,303,1
86.542008643503,72,59.1436062427238,12.8563937572762,0,I,304,1
72.2343703381185,72,59.4755405047908,12.5244594952092,0,C,305,1
97.1162694431542,72,59.5581829547882,12.4418170452118,0,I,306,1
60.4520661519612,72,59.5650078635663,0.887058288394907,1,C,307,1
71.1939203871131,72,59.8565422184765,11.3373781686365,1,I,308,1
5.14021959919983,72,0.0144103774800897,5.12580922171974,1,I,1,2
17.4102566244693,72,0.0226275064051151,17.3876291180642,1,C,2,2
17.3629482847937,72,0.10138001292944,17.2615682718643,1,I,3,2
46.9319416177966,72,0.457734502851963,46.4742071149446,1,C,4,2
15.0436461763487,72,0.54255532566458,14.5010908506841,1,I,5,2
98.7889175293075,72,0.773519254289568,71.2264807457104,0,C,6,2
152.075222409304,72,1.04032576549798,70.959674234502,0,I,7,2
16.5248042181535,27.6444970323039,1.23551127500832,15.2892929431452,1,C,8,2
36.4512592616077,72,1.40805561561137,35.0432036459963,1,I,9,2
10.2178607430945,72,1.5078554302454,8.7100053128491,1,C,10,2
5.09693375540939,72,1.65256551001221,3.44436824539718,1,I,11,2
56.8396986634456,72,1.69471784960479,55.1449808138408,1,C,12,2
24.2146411137673,72,1.75440299324691,22.4602381205204,1,I,13,2
58.8188794967073,72,1.78098132368177,57.0378981730256,1,C,14,2
4.55689890598652,72,1.87991978600621,2.67697911998031,1,I,15,2
60.5269493896094,72,1.89491981640458,58.6320295732048,1,C,16,2
52.8803635089554,72,2.35829451587051,50.5220689930848,1,I,17,2
7.11319715615634,31.3419489600672,2.71460588090122,4.39859127525512,1,C,18,2
18.261774763026,72,3.15658904146403,15.105185721562,1,I,19,2
7.58630940245268,67.6652539048936,3.41914888937026,4.16716051308242,1,C,20,2
38.7176345148547,72,4.18450891971588,34.5331255951389,1,I,21,2
5.56480007905312,72,4.88828826695681,0.676511812096317,1,C,22,2
124.89528127072,72,5.29761818703264,66.7023818129674,0,I,23,2
53.4934914059394,72,5.47275493852794,48.0207364674114,1,C,24,2
51.1524219574407,72,5.48125064000487,45.6711713174359,1,I,25,2
24.2997614017773,72,5.56403433904052,18.7357270627368,1,C,26,2
27.6228349671185,72,5.67328875884414,21.9495462082744,1,I,27,2
30.731312583692,37.5869849029,5.82912722602487,24.9021853576671,1,C,28,2
138.058945313938,72,5.96235061995685,66.0376493800432,0,I,29,2
11.3234271786559,72,6.19798673316836,5.12544044548753,1,C,30,2
18.6691985746795,72,6.40323364175856,12.265964932921,1,I,31,2
33.7322900822151,43.1334985883755,6.43580304924399,27.2964870329711,1,C,32,2
24.5203407922288,72,6.48559056222439,18.0347502300044,1,I,33,2
33.2369662718863,72,6.49410334881395,26.7428629230723,1,C,34,2
65.7335322722334,72,6.61895331926644,59.114578952967,1,I,35,2
49.7646861454109,72,6.74680753145367,43.0178786139572,1,C,36,2
22.1089789158086,72,7.06168944016099,15.0472894756476,1,I,37,2
15.735939322199,72,7.20991618931294,8.52602313288608,1,C,38,2
63.3582592531833,72,7.34735798556358,56.0109012676197,1,I,39,2
48.6424362320909,72,7.72280399221927,40.9196322398716,1,C,40,2
110.205599062125,72,7.82305522821844,64.1769447717816,0,I,41,2
58.1909462205584,72,8.09301041532308,50.0979358052353,1,C,42,2
53.9828264464793,72,8.46597129944712,45.5168551470322,1,I,43,2
96.2038316648984,72,8.6066714907065,63.3933285092935,0,C,44,2
153.638395678532,72,9.00097566191107,62.9990243380889,0,I,45,2
48.0705703211928,18.5356420959287,9.1680503077805,9.36759178814824,0,C,46,2
12.6761496953757,72,9.1757655562833,3.5003841390924,1,I,47,2
62.1620625698565,72,9.1828909702599,52.9791715995966,1,C,48,2
21.8601867759427,12.9089721229161,9.19375909958035,3.71521302333578,0,I,49,2
78.5059995340597,72,9.40015914849937,62.5998408515006,0,C,50,2
13.8912931759719,72,9.41499799489975,4.47629518107211,1,I,51,2
15.2043201548161,10.3371532507032,9.53553259838372,0.801620652319507,0,C,52,2
24.1247503306703,72,9.725715466775,14.3990348638953,1,I,53,2
31.0657170553324,72,9.80423948261887,21.2614775727135,1,C,54,2
13.5941185587442,14.3828274720712,9.89318469073623,3.70093386800796,1,I,55,2
58.4691851612362,72,9.93628717493266,48.5328979863035,1,C,56,2
20.7783027900454,10.0125066857998,9.94408235885203,0.0684243269477456,0,I,57,2
75.6383683290503,72,10.0155199924484,61.9844800075516,0,C,58,2
54.1270968930281,72,10.1307803532109,43.9963165398172,1,I,59,2
36.3759231374268,72,10.4221124108881,25.9538107265388,1,C,60,2
23.251762797357,72,11.1513237515464,12.1004390458105,1,I,61,2
53.9608987953532,72,11.1823926027864,42.7785061925667,1,C,62,2
49.5809575404329,50.2076764643033,11.2840531999245,38.2969043405084,1,I,63,2
55.7346368083499,72,11.5211361693218,44.2135006390281,1,C,64,2
26.2825904768611,72,11.6948135336861,14.587776943175,1,I,65,2
74.8124218150302,72,11.855104258284,60.144895741716,0,C,66,2
20.7042408986393,72,11.8948085093871,8.80943238925227,1,I,67,2
36.9315174537956,72,11.9029478123412,25.0285696414544,1,C,68,2
33.8240450396219,72,12.0766200777143,21.7474249619076,1,I,69,2
19.5110893161635,72,12.2225140174851,7.28857529867845,1,C,70,2
22.8724927245464,72,12.7723047696054,10.100187954941,1,I,71,2
17.5510627758955,72,12.8831165609881,4.66794621490733,1,C,72,2
32.8590516752139,72,13.0519790668041,19.8070726084098,1,I,73,2
37.0857946510791,72,13.3833050122485,23.7024896388307,1,C,74,2
35.8036487709002,72,13.3911809278652,22.412467843035,1,I,75,2
73.1887674614271,72,13.6760916374624,58.3239083625376,0,C,76,2
61.5783199302724,72,14.0083999978378,47.5699199324346,1,I,77,2
30.4368991237951,72,14.0437347628176,16.3931643609775,1,C,78,2
44.5031782011901,72,14.1949983173981,30.308179883792,1,I,79,2
21.6955014029566,57.939626288152,14.1980042355135,7.49749716744311,1,C,80,2
69.5936983075046,72,14.2720120679587,55.3216862395459,1,I,81,2
43.6987122756449,72,14.3440053937957,29.3547068818492,1,C,82,2
51.9058539538384,72,14.5164389815182,37.3894149723203,1,I,83,2
14.6419273611069,24.9231665718804,14.5953523088247,0.0465750522822097,1,C,84,2
17.7212530848885,72,14.7647896595299,2.95646342535855,1,I,85,2
44.0909887539558,72,14.7684284392744,29.3225603146814,1,C,86,2
21.2268790963469,69.8258381644252,15.6490194238722,5.57785967247463,1,I,87,2
172.75480190181,72,15.6846666801721,56.3153333198279,0,C,88,2
173.723100842263,72,16.4063312206417,55.5936687793583,0,I,89,2
91.6740787323798,72,16.4168088510633,55.5831911489368,0,C,90,2
65.7583157250294,72,16.7187970876694,49.03951863736,1,I,91,2
33.7027776571126,72,16.7321984656155,16.9705791914971,1,C,92,2
74.518030965662,72,17.4146044487134,54.5853955512866,0,I,93,2
23.3370507156118,20.2922310535854,17.5727494759485,2.7194815776369,0,C,94,2
45.1943352237498,72,18.056557844393,27.1377773793568,1,I,95,2
112.208605116677,72,18.0781656363979,53.9218343636021,0,C,96,2
94.0542336788753,72,18.4434557240456,53.5565442759544,0,I,97,2
22.8586944568524,72,18.6164965527132,4.24219790413913,1,C,98,2
36.2237880542818,72,18.7869453057647,17.4368427485172,1,I,99,2
62.4971509905779,72,18.7895537540317,43.7075972365463,1,C,100,2
23.316101824992,72,18.9193223649636,4.39677946002841,1,I,101,2
164.900257037066,72,19.0989627689123,52.9010372310877,0,C,102,2
38.7572761761516,72,19.2048014514148,19.5524747247367,1,I,103,2
98.9103440260971,72,19.2864425573498,52.7135574426502,0,C,104,2
94.5628689563295,72,19.6814334578812,52.3185665421188,0,I,105,2
45.9602253921369,69.4095181143486,19.7493882570416,26.2108371350953,1,C,106,2
82.1998007034511,72,19.770160834305,52.229839165695,0,I,107,2
41.7228122902782,72,20.0607548933476,21.6620573969306,1,C,108,2
96.6882297042783,72,20.1136563112959,51.8863436887041,0,I,109,2
41.737377282985,72,20.5522325215861,21.1851447613989,1,C,110,2
50.5231438061893,72,20.8576978370547,29.6654459691346,1,I,111,2
37.4916392006751,30.0503623102247,20.9441509237513,9.10621138647345,0,C,112,2
34.8880828026944,72,21.3628959842026,13.5251868184917,1,I,113,2
50.6663302806717,72,21.4762106398121,29.1901196408596,1,C,114,2
25.0159839057211,72,21.4820868847892,3.53389702093194,1,I,115,2
101.543221965447,72,21.5970538789406,50.4029461210594,0,C,116,2
34.5349589208845,72,21.7515080887824,12.7834508321021,1,I,117,2
22.7891064985419,72,21.8344178237021,0.954688674839843,1,C,118,2
69.4628355477802,72,21.9808490993455,47.4819864484347,1,I,119,2
42.7273973251691,72,22.2286747070029,20.4987226181661,1,C,120,2
38.4947178512418,72,22.262897095643,16.2318207555988,1,I,121,2
26.2337981559005,72,22.6683379244059,3.56546023149459,1,C,122,2
45.3800544732621,39.8479410004298,22.9710752656683,16.8768657347615,0,I,123,2
39.2563518135005,72,23.12243913766,16.1339126758406,1,C,124,2
45.813227750726,72,23.7865137169138,22.0267140338123,1,I,125,2
52.5237234101452,72,23.8401839369908,28.6835394731544,1,C,126,2
64.810950220191,31.2391966087372,23.9054764900357,7.33372011870156,0,I,127,2
119.088062346059,72,24.1002327762544,47.8997672237456,0,C,128,2
38.0812979917389,72,24.3863784894347,13.6949195023041,1,I,129,2
39.3968833316825,72,25.1056712167338,14.2912121149488,1,C,130,2
33.0256266970831,34.9364303029591,25.2500510774553,7.77557561962782,1,I,131,2
75.9409307206188,72,25.2503153169528,46.7496846830472,0,C,132,2
26.4163408401363,72,25.3222664957866,1.09407434434968,1,I,133,2
40.6862547449133,72,25.4825676558539,15.2036870890594,1,C,134,2
28.4356684648335,72,25.5667879711837,2.86888049364984,1,I,135,2
32.8136144859956,72,25.7466201670468,7.06699431894881,1,C,136,2
41.8149685804408,72,25.9233703091741,15.8915982712668,1,I,137,2
226.760154694671,68.0870087383738,26.0082529764622,42.0787557619116,0,C,138,2
71.9999879730256,72,26.1227322695777,45.8772557034479,1,I,139,2
34.003222652043,71.7567602146069,26.1472076363862,7.85601501565682,1,C,140,2
34.90492271379,72,26.2484887428582,8.65643397093186,1,I,141,2
34.0909063323315,46.5317747305538,26.2925924314186,7.79831390091289,1,C,142,2
112.510796603721,72,26.3861398212612,45.6138601787388,0,I,143,2
33.5522725162262,72,26.4085126854479,7.14375983077828,1,C,144,2
36.1731936454496,72,27.1281123301014,9.04508131534812,1,I,145,2
41.3037644175215,72,27.2604381060228,14.0433263114988,1,C,146,2
60.3318157343401,31.7591235610056,27.4282886087894,4.33083495221618,0,I,147,2
29.1810712571918,72,27.4816587986425,1.69941245854936,1,C,148,2
51.3872690377778,72,27.5995539966971,23.7877150410807,1,I,149,2
50.6953006621134,72,27.7316745417193,22.9636261203941,1,C,150,2
105.237409078759,72,27.8367351181805,44.1632648818195,0,I,151,2
62.7780239985287,72,28.2639742037281,34.5140497948006,1,C,152,2
42.1283662307328,30.1415988935556,28.3410048438236,1.80059404973201,0,I,153,2
50.2436177760543,72,28.4147017356008,21.8289160404534,1,C,154,2
38.3806284880377,72,29.0252324659377,9.35539602209999,1,I,155,2
38.323064093065,72,29.0297858091071,9.29327828395788,1,C,156,2
58.720753930739,72,29.5671631582081,29.1535907725309,1,I,157,2
33.2011883834692,72,29.7113260673359,3.48986231613325,1,C,158,2
34.7489723022086,72,29.7406040411443,5.00836826106439,1,I,159,2
46.4909342972043,72,29.7990677179769,16.6918665792275,1,C,160,2
65.1961498007638,72,29.8291515558958,35.366998244868,1,I,161,2
37.5095484995447,72,30.0663952203468,7.44315327919791,1,C,162,2
54.5809182743818,72,30.306592527777,24.2743257466048,1,I,163,2
72.2455367565,72,30.6891370145604,41.3108629854396,0,C,164,2
101.200609481488,72,30.8916942123324,41.1083057876676,0,I,165,2
51.6318820248944,72,31.0371802188456,20.5947018060488,1,C,166,2
262.737478756115,72,31.0538228368387,40.9461771631613,0,I,167,2
58.6878976086784,72,31.0621738946065,27.6257237140719,1,C,168,2
57.3222715034488,72,31.4071554969996,25.9151160064492,1,I,169,2
107.355631991993,72,31.4544147346169,40.5455852653831,0,C,170,2
91.5891159340081,72,31.6576626431197,40.3423373568803,0,I,171,2
85.0237853791697,32.4765849169386,31.8590338295326,0.617551087405985,0,C,172,2
36.8316962437078,72,31.9978953246027,4.83380091910507,1,I,173,2
60.596804847589,72,32.3500916641206,28.2467131834685,1,C,174,2
98.2841882351725,39.3906707832113,32.4624336278066,6.92823715540474,0,I,175,2
38.5390662838196,72,32.5450751697645,5.9939911140551,1,C,176,2
83.0747346697374,72,32.7428272040561,39.2571727959439,0,I,177,2
89.3679544905421,72,32.7525239624083,39.2474760375917,0,C,178,2
57.1419209312577,55.6705174862129,32.9733209917322,22.6971964944807,0,I,179,2
51.2293309242485,72,33.1891733128577,18.0401576113907,1,C,180,2
37.7588561134548,72,33.1962443562225,4.56261175723238,1,I,181,2
80.4033406855842,72,33.527254764922,38.472745235078,0,C,182,2
59.3781224384054,72,33.961862702854,25.4162597355514,1,I,183,2
69.5284954005358,72,33.9876046590507,35.5408907414851,1,C,184,2
91.4111934067602,72,34.0394385159016,37.9605614840984,0,I,185,2
51.7458013655654,72,34.2483834782615,17.4974178873039,1,C,186,2
57.3679209124826,72,34.6770991338417,22.6908217786409,1,I,187,2
64.0336771544547,72,34.7047164151445,29.3289607393102,1,C,188,2
43.7678867998493,72,34.7109941532835,9.05689264656576,1,I,189,2
38.5196451761832,53.1468176316969,34.7839028108865,3.73574236529667,1,C,190,2
67.6777706170555,72,34.9391549360007,32.7386156810548,1,I,191,2
58.0378926009442,72,34.9402681784704,23.0976244224737,1,C,192,2
48.8999588170854,72,35.1146940328181,13.7852647842673,1,I,193,2
45.1417262744439,72,35.2293876931071,9.9123385813368,1,C,194,2
43.2167591271243,40.3062412647834,35.4435443133116,4.86269695147181,0,I,195,2
106.964857399855,72,35.6392222456634,36.3607777543366,0,C,196,2
78.2421047215378,42.7418723765975,35.6980634154752,7.04380896112234,0,I,197,2
67.8249572719023,67.2070176829659,35.7976419338957,31.4093757490702,0,C,198,2
82.4416614179377,72,35.9180057700723,36.0819942299277,0,I,199,2
74.6162441086905,72,35.9696781914681,36.0303218085319,0,C,200,2
68.6912193314524,72,36.4727754006162,32.2184439308362,1,I,201,2
46.1687140638459,72,36.5106478566304,9.65806620721551,1,C,202,2
51.4122356127087,72,36.5472724847496,14.8649631279591,1,I,203,2
46.7230118763594,72,36.6689573647454,10.054054511614,1,C,204,2
64.7612540472536,72,36.694818274118,28.0664357731356,1,I,205,2
111.187329501598,51.7101430224569,36.7278525838628,14.982290438594,0,C,206,2
47.9753693599348,72,36.9646020792425,11.0107672806924,1,I,207,2
37.6732565775984,72,37.1386233530939,0.534633224504514,1,C,208,2
49.8875045262611,72,37.1397833526135,12.7477211736476,1,I,209,2
135.809831420264,72,37.1456787502393,34.8543212497607,0,C,210,2
69.4151430549439,72,37.1641106670722,32.2510323878716,1,I,211,2
51.6976869626465,72,37.3055853741244,14.3921015885221,1,C,212,2
54.4765694792098,72,37.3580004600808,17.118569019129,1,I,213,2
69.0279150653533,72,37.7489824360237,31.2789326293296,1,C,214,2
101.243433548015,60.8053705856962,37.8480327269062,22.9573378587899,0,I,215,2
54.1868620390645,72,37.9626464098692,16.2242156291953,1,C,216,2
45.5801539017422,72,38.2035353081301,7.37661859361212,1,I,217,2
76.5059187324995,72,38.2677605934441,33.7322394065559,0,C,218,2
65.1583772775909,72,38.860050723888,26.2983265537029,1,I,219,2
79.458044721375,72,38.8992844708264,33.1007155291736,0,C,220,2
53.3237881920602,72,38.9114381326363,14.412350059424,1,I,221,2
90.3503949396703,72,39.4919252302498,32.5080747697502,0,C,222,2
41.5316247109941,65.483224314127,39.6560706244782,1.87555408651592,1,I,223,2
99.0431608054088,72,39.7458320204169,32.2541679795831,0,C,224,2
46.7793133662192,72,39.8145913565531,6.96472200966608,1,I,225,2
52.0171045899631,72,39.8550412477925,12.1620633421705,1,C,226,2
149.158711783877,72,40.1462109060958,31.8537890939042,0,I,227,2
106.866468501582,72,40.5843255249783,31.4156744750217,0,C,228,2
69.4592365207032,72,40.7439520955086,28.7152844251946,1,I,229,2
91.6117942932356,72,40.8108201948926,31.1891798051074,0,C,230,2
44.2260675730108,72,40.9749486716464,3.25111890136435,1,I,231,2
63.9157962888996,72,41.3319791061804,22.5838171827192,1,C,232,2
118.664576215229,72,41.3977415068075,30.6022584931925,0,I,233,2
99.0855341552789,72,41.538381529972,30.461618470028,0,C,234,2
81.7349816481918,72,41.6431958321482,30.3568041678518,0,I,235,2
56.9969143016892,72,41.8994172010571,15.0974971006321,1,C,236,2
54.0940754370684,57.9542415461358,43.1235331809148,10.9705422561536,1,I,237,2
51.5197206537439,72,43.4899766603485,8.02974399339537,1,C,238,2
44.1666604809678,72,43.7988060666248,0.367854414343019,1,I,239,2
47.027330996147,72,44.1173791419715,2.90995185417553,1,C,240,2
95.7175112236725,72,44.3730573076755,27.6269426923245,0,I,241,2
57.7249910481836,72,44.4212309690192,13.3037600791644,1,C,242,2
83.9617888563651,72,44.568551746197,27.431448253803,0,I,243,2
74.4147728804314,72,44.6842862572521,27.3157137427479,0,C,244,2
60.1421043680599,61.6430002913167,44.9724897835404,15.1696145845195,1,I,245,2
48.3507731709721,72,45.2390146208927,3.11175855007938,1,C,246,2
71.4948124471939,58.2545767508034,45.3019039984793,12.9526727523242,0,I,247,2
121.783188239788,72,45.5639116605744,26.4360883394256,0,C,248,2
52.5747706381323,72,45.5997110763565,6.97505956177584,1,I,249,2
55.97033165524,72,45.9042856190354,10.0660460362046,1,C,250,2
69.1187815313975,72,45.9639161964878,23.1548653349096,1,I,251,2
68.3988130021398,72,46.0132904816419,22.3855225204979,1,C,252,2
141.79003746523,72,46.0308728087694,25.9691271912307,0,I,253,2
132.538419779264,55.3779043131361,46.1032316135243,9.27467269961188,0,C,254,2
46.6900688438868,64.5093780431566,46.4800289645791,0.210039879307721,1,I,255,2
105.004992565832,72,46.7701596720144,25.2298403279856,0,C,256,2
55.6331334287322,72,46.8101485446096,8.82298488412262,1,I,257,2
141.156037134141,72,46.8539397558197,25.1460602441803,0,C,258,2
48.4728420602333,72,46.8932827049866,1.57955935524662,1,I,259,2
55.5994236295589,72,47.1495995856822,8.44982404387675,1,C,260,2
72.0014635358079,72,47.3709949012846,24.6290050987154,0,I,261,2
105.544021338098,72,47.6128350337967,24.3871649662033,0,C,262,2
172.403345652917,72,47.7272695396096,24.2727304603905,0,I,263,2
50.281136087582,72,48.4727674908936,1.8083685966884,1,C,264,2
91.5645585094449,72,48.502881671302,23.497118328698,0,I,265,2
51.6490925381855,72,48.5307813249528,3.11831121323262,1,C,266,2
71.2964031028981,72,48.6444734036923,22.6519296992059,1,I,267,2
58.0826662688387,72,48.7087695579976,9.37389671084114,1,C,268,2
63.5894147243382,72,48.7832806399092,14.806134084429,1,I,269,2
57.7910498993516,72,48.8074284698814,8.98362142947014,1,C,270,2
56.2048795743397,72,48.8320934632793,7.37278611106035,1,I,271,2
120.039387783366,72,48.9123356854543,23.0876643145457,0,C,272,2
59.2945444216192,72,48.9655339624733,10.329010459146,1,I,273,2
89.1582958447126,72,49.2168037220836,22.7831962779164,0,C,274,2
49.6592531125985,72,49.4045300222933,0.254723090305193,1,I,275,2
82.4687145976379,72,49.4674994889647,22.5325005110353,0,C,276,2
50.9950014449827,72,49.5703764958307,1.42462494915199,1,I,277,2
72.7884229610748,72,49.7359080333263,22.2640919666737,0,C,278,2
57.6891455632566,72,49.7402544273064,7.94889113595029,1,I,279,2
76.5154176902913,72,50.4333334229887,21.5666665770113,0,C,280,2
65.7473716364068,72,51.1499460786581,14.5974255577487,1,I,281,2
59.2592123273972,72,51.5782242827117,7.68098804468541,1,C,282,2
62.2044086760647,72,51.7367953760549,10.4676133000097,1,I,283,2
209.29912858803,72,51.8391777388752,20.1608222611249,0,C,284,2
63.7433875110352,72,51.9987628888339,11.7446246222013,1,I,285,2
75.9565392955618,72,52.2183659439907,19.7816340560094,0,C,286,2
219.30649494315,56.9442711221014,52.2744883177802,4.66978280432115,0,I,287,2
66.8761861209091,72,52.3376950621605,14.5384910587486,1,C,288,2
52.7889450515445,72,52.4455847404897,0.343360311054803,1,I,289,2
67.111724300141,72,52.5073698861525,14.6043544139885,1,C,290,2
92.4762958701939,72,52.9349167551845,19.0650832448155,0,I,291,2
66.0612080587335,72,53.1738789891824,12.8873290695511,1,C,292,2
74.4484057720783,72,53.2815924379975,18.7184075620025,0,I,293,2
133.872956097167,72,53.2839805539697,18.7160194460303,0,C,294,2
68.2871609609705,72,53.9698318764567,14.3173290845138,1,I,295,2
107.191149461242,72,54.1332140984014,17.8667859015986,0,C,296,2
92.6899100303051,72,54.1549450764433,17.8450549235567,0,I,297,2
76.4570205393792,72,54.3784513045102,17.6215486954898,0,C,298,2
69.7867077406234,56.0437201373972,54.444511346519,1.59920879087821,0,I,299,2
57.204736937348,72,54.9670533556491,2.23768358169884,1,C,300,2
99.9484209173425,72,55.286098360084,16.713901639916,0,I,301,2
90.5449688385171,72,55.6747857900336,16.3252142099664,0,C,302,2
124.881977921414,72,55.7052493840456,16.2947506159544,0,I,303,2
62.6213864640861,72,56.2756985379383,6.34568792614781,1,C,304,2
89.0108476322551,72,56.3662410294637,15.6337589705363,0,I,305,2
65.7490561952588,72,56.9435856398195,8.8054705554393,1,C,306,2
157.63154287476,72,57.3316403059289,14.6683596940711,0,I,307,2
260.935544173077,72,57.4433192471042,14.5566807528958,0,C,308,2
111.746434651527,72,57.4573800573126,14.5426199426875,0,I,309,2
135.101191491903,63.3758834766485,57.5380105571821,5.83787291946634,0,C,310,2
81.0987670901747,67.7071800376135,57.5833401968703,10.1238398407432,0,I,311,2
121.374664899179,72,57.9075989266858,14.0924010733143,0,C,312,2
77.8085010234497,72,58.3729645656422,13.6270354343578,0,I,313,2
111.778563424137,72,58.3749228157103,13.6250771842897,0,C,314,2
58.6215511819136,72,58.3823609864339,0.239190195479709,1,I,315,2
76.779322793759,72,58.5285335266963,13.4714664733037,0,C,316,2
163.248650489762,72,58.6392097827047,13.3607902172953,0,I,317,2
60.4587221979246,72,58.6713321413845,1.78739005654015,1,C,318,2
86.4937221891467,70.2860317706889,58.9035084564239,11.382523314265,0,I,319,2
79.7410538595316,72,59.1130708297715,12.8869291702285,0,C,320,2
98.815633781819,72,59.4583451002836,12.5416548997164,0,I,321,2
9.04155263160263,72,0.080160666257143,8.96139196534549,1,I,1,3
21.0825985453187,72,0.127662615850568,20.9549359294682,1,C,2,3
29.6593963328414,72,0.315280021168292,29.3441163116731,1,I,3,3
51.4858764086086,72,0.782390884123743,50.7034855244849,1,C,4,3
98.8258756775218,36.7249815168638,0.89461246971041,35.8303690471534,0,I,5,3
9.8499172329617,72,1.42048289068043,8.42943434228127,1,C,6,3
59.8629199197063,43.0825121537334,1.77756157703698,41.3049505766964,0,I,7,3
25.345541077641,72,1.81331309024245,23.5322279873985,1,C,8,3
70.3178386572987,72,1.89985839184374,68.417980265455,1,I,9,3
10.0336293401852,72,2.03800668474287,7.99562265544233,1,C,10,3
66.5762486057373,72,2.05315715633333,64.523091449404,1,I,11,3
12.9280086670823,72,2.32186158187687,10.6061470852055,1,C,12,3
34.0903960787683,72,2.37887715920806,31.7115189195602,1,I,13,3
94.0747730026627,14.0338209794678,2.48517857864499,11.5486424008228,0,C,14,3
73.1421476948638,52.2489760248282,2.50956520903856,49.7394108157897,0,I,15,3
5.28087553571861,72,2.8308637579903,2.45001177772831,1,C,16,3
18.2583502114837,72,2.87074231076986,15.3876079007139,1,I,17,3
6.84860046240611,21.7654885818533,2.9213250707835,3.92727539162261,1,C,18,3
116.042905346101,72,3.21024413220584,68.7897558677942,0,I,19,3
6.46407172317743,72,3.53197643067688,2.93209529250055,1,C,20,3
20.2418991894405,51.6867177906656,3.66988403722644,16.572015152214,1,I,21,3
72.1353929561643,51.6108229230974,3.69151774328202,47.9193051798154,0,C,22,3
19.3852182997392,72,3.82088142447174,15.5643368752674,1,I,23,3
74.9327261140793,48.355366670136,3.90796024817973,44.4474064219562,0,C,24,3
28.5371085565047,48.7847159465028,4.11608061287552,24.4210279436291,1,I,25,3
24.7446640141137,72,4.62138711009175,20.1232769040219,1,C,26,3
63.7807571614198,72,4.83999035786837,58.9407668035514,1,I,27,3
140.349138218571,17.5451181440601,5.12442911043763,12.4206890336224,0,C,28,3
86.9149556070341,72,5.38046688772738,66.6195331122726,0,I,29,3
56.3108578532432,72,5.61927226837724,50.6915855848659,1,C,30,3
35.1214902050148,72,5.65737002994865,29.4641201750662,1,I,31,3
11.6090197879711,72,5.72858431376517,5.88043547420594,1,C,32,3
12.0821612861652,72,5.93920270912349,6.14295857704173,1,I,33,3
9.38166535200972,72,6.61976398900151,2.76190136300821,1,C,34,3
69.3390805458671,28.8599792200728,6.65041343774647,22.2095657823263,0,I,35,3
31.970634762414,13.5951483116738,6.70077442657203,6.89437388510173,0,C,36,3
69.1794821680331,72,6.7694688308984,62.4100133371347,1,I,37,3
19.533082541251,72,6.8881849385798,12.6448976026712,1,C,38,3
45.3174941812478,72,7.02616281341761,38.2913313678302,1,I,39,3
12.5690955659069,72,7.18195041641593,5.38714514949099,1,C,40,3
53.13200072478,9.14745841208594,7.50426627695561,1.64319213513034,0,I,41,3
11.4309105675177,72,7.52409621141851,3.9068143560992,1,C,42,3
29.5760995695125,72,7.62358578387648,21.9525137856361,1,I,43,3
10.3611750889475,72,7.77380274608731,2.58737234286017,1,C,44,3
73.2544323138861,72,7.81355453655124,64.1864454634488,0,I,45,3
20.2674804369365,26.6814952271553,7.89028835948557,12.377192077451,1,C,46,3
8.85909447641127,72,7.90876781567931,0.950326660731959,1,I,47,3
13.9821696392394,72,8.32543873228133,5.65673090695809,1,C,48,3
99.9127404999542,72,8.34776013158262,63.6522398684174,0,I,49,3
15.2381952423343,24.8197524015658,8.56053009163588,6.6776651506984,1,C,50,3
41.0312963956985,51.7327643863527,8.57639826368541,32.4548981320131,1,I,51,3
117.603935395332,12.9702259066939,8.59110583551228,4.37912007118167,0,C,52,3
36.3991113770729,72,8.61804743763059,27.7810639394423,1,I,53,3
40.4467965336433,72,8.65699142217636,31.789805111467,1,C,54,3
28.406530687115,72,8.69797458406538,19.7085561030497,1,I,55,3
44.0313049281019,67.4825136895722,9.06641216017306,34.9648927679288,1,C,56,3
83.0457109472223,72,9.44097636267543,62.5590236373246,0,I,57,3
11.7948795578581,72,9.46299665607512,2.33188290178303,1,C,58,3
25.5039690915961,59.6873019111655,9.66672799084336,15.8372411007527,1,I,59,3
30.5752658677756,72,9.77731169667095,20.7979541711047,1,C,60,3
56.3050799727217,72,9.91893579717726,46.3861441755444,1,I,61,3
12.2296450191959,72,10.108426194638,2.12121882455786,1,C,62,3
84.0584677210237,72,10.4256601911038,61.5743398088962,0,I,63,3
18.1399863870526,31.1040035904596,10.4468666994944,7.69311968755813,1,C,64,3
39.1191003160521,72,10.5365874012932,28.5825129147589,1,I,65,3
45.1796815729069,32.35173930743,10.6536009907722,21.6981383166578,0,C,66,3
18.6292092653953,72,11.1225200537592,7.50668921163613,1,I,67,3
20.6872966996938,72,11.3470218004659,9.34027489922791,1,C,68,3
44.4756233267527,32.4388415925351,11.8302596127614,20.6085819797736,0,I,69,3
35.2377468676985,61.7628307630294,11.8473624391481,23.3903844285504,1,C,70,3
31.6159777324985,72,11.8558034067974,19.7601743257011,1,I,71,3
110.853421908484,72,12.2305743349716,59.7694256650284,0,C,72,3
18.5490350101284,72,12.5311397993937,6.0178952107347,1,I,73,3
86.0950392550469,72,12.5847896793857,59.4152103206143,0,C,74,3
70.7989892217186,32.7932841653119,12.9226808343083,19.8706033310037,0,I,75,3
40.6617850619031,72,13.205041307956,27.4567437539471,1,C,76,3
18.2797582845719,28.6406142602397,13.4161306684837,4.86362761608827,1,I,77,3
43.2567279789351,72,13.4779617609456,29.7787662179894,1,C,78,3
23.6861161132558,34.4939643536104,13.6443885834888,10.041727529767,1,I,79,3
64.7877304374767,53.8029341491725,14.0459343418479,39.7569998073246,0,C,80,3
31.3963289620683,72,14.1145756607875,17.2817533012808,1,I,81,3
31.7323628145352,72,14.4623590121046,17.2700038024306,1,C,82,3
61.9938038590752,72,14.633378405124,47.3604254539512,1,I,83,3
91.8154143782476,72,14.8770356923342,57.1229643076658,0,C,84,3
42.2202614356703,72,15.0027788523585,27.2174825833118,1,I,85,3
94.9305848849896,72,15.1228202087805,56.8771797912195,0,C,86,3
20.189751092593,72,15.7593835238367,4.4303675687563,1,I,87,3
80.92299723454,72,15.9274693205953,56.0725306794047,0,C,88,3
48.4080050247818,72,16.209692498669,32.1983125261127,1,I,89,3
78.9681806288544,72,16.4012916292995,55.5987083707005,0,C,90,3
21.3021782585712,72,16.4222404221073,4.87993783646392,1,I,91,3
61.4982525292594,72,16.4690474141389,45.0292051151205,1,C,92,3
57.2236623296703,72,16.6849494539201,40.5387128757502,1,I,93,3
84.8997731688277,72,16.8555626319721,55.1444373680279,0,C,94,3
39.6784454918252,72,17.012246302329,22.6661991894962,1,I,95,3
42.6346326965883,72,17.1859210124239,25.4487116841644,1,C,96,3
54.5599931260515,72,17.5773396575823,36.9826534684692,1,I,97,3
28.1581784828931,72,17.7526352321729,10.4055432507202,1,C,98,3
44.6300353715069,72,17.8977294126526,26.7323059588544,1,I,99,3
20.5704609047708,71.6806354620368,17.9708401439711,2.59962076079966,1,C,100,3
88.4637131531171,72,18.0851830495521,53.9148169504479,0,I,101,3
131.998033397239,72,18.2430639630184,53.7569360369816,0,C,102,3
35.5981271844909,72,18.5000907629728,17.098036421518,1,I,103,3
23.219566699933,72,18.7347166612744,4.48485003865853,1,C,104,3
70.2009247946693,72,19.2264811322093,50.97444366246,1,I,105,3
38.7473813537496,72,19.2477013589814,19.4996799947682,1,C,106,3
48.4378232201128,72,19.7017659293488,28.7360572907641,1,I,107,3
70.3236121403325,72,20.167812500149,50.1557996401835,1,C,108,3
36.3662165220984,58.8403790185394,20.7508587744087,15.6153577476897,1,I,109,3
32.1364869031402,72,21.1592180840671,10.9772688190731,1,C,110,3
24.9450199892534,72,21.293477746658,3.65154224259532,1,I,111,3
57.8253924918659,72,21.3915594667196,36.4338330251462,1,C,112,3
62.244066474468,72,21.41830871813,40.825757756338,1,I,113,3
40.7915849565991,72,21.4696212764829,19.3219636801162,1,C,114,3
22.016830682666,72,21.5889150090516,0.427915673614458,1,I,115,3
61.2558252906079,72,22.1508310502395,39.1049942403684,1,C,116,3
55.9413433284663,72,22.4598683975637,33.4814749309026,1,I,117,3
179.565813569401,23.1804164299631,22.6767224259675,0.503694003995623,0,C,118,3
29.5680593410333,72,23.3515821537003,6.21647718733299,1,I,119,3
34.8117883378754,72,24.0446348581463,10.7671534797291,1,C,120,3
36.6357272555195,72,24.1334405355155,12.5022867200039,1,I,121,3
83.821646307331,72,24.163284022361,47.836715977639,0,C,122,3
42.6154128297222,72,24.9344391888008,17.6809736409215,1,I,123,3
75.6238000711209,72,25.1097913412377,46.8902086587623,0,C,124,3
26.7880774200331,72,25.2168609201908,1.57121649984228,1,I,125,3
45.0643747086022,72,25.370787656866,19.6935870517362,1,C,126,3
96.6374198742371,63.4910664977767,25.4712112667039,38.0198552310728,0,I,127,3
67.0219384501236,72,25.6349237496033,41.3870147005203,1,C,128,3
84.5938668809879,72,25.7817843044177,46.2182156955823,0,I,129,3
26.0585254134235,72,25.8293584361672,0.229166977256233,1,C,130,3
54.3441008097594,57.3179176745567,25.91990981251,28.4241909972494,1,I,131,3
55.9978559234429,72,26.0262745013461,29.9715814220968,1,C,132,3
80.8758243673601,37.0425142119601,26.1516910605133,10.8908231514469,0,I,133,3
30.384791083236,72,26.2218494759873,4.16294160724877,1,C,134,3
76.5606987392497,72,26.3075773464516,45.6924226535484,0,I,135,3
60.0079792529961,72,26.372865526937,33.6351137260591,1,C,136,3
126.353526850555,58.9423031298164,26.7242563795298,32.2180467502866,0,I,137,3
44.5322577252308,72,26.8900563195348,17.6422014056961,1,C,138,3
171.381258912059,72,27.1717503340915,44.8282496659085,0,I,139,3
51.3136454069093,72,27.341566728428,23.9720786784813,1,C,140,3
66.1109315749704,72,27.6356475194916,38.4752840554788,1,I,141,3
74.9284707631549,72,27.7915668021888,44.2084331978113,0,C,142,3
30.7515356028321,72,28.1071574985981,2.64437810423401,1,I,143,3
33.1740364474825,38.6596492924212,28.4815822681412,4.69245417934128,1,C,144,3
61.418172255812,72,28.6402768129483,32.7778954428637,1,I,145,3
47.0939984013368,72,28.8464838545769,18.2475145467598,1,C,146,3
77.8939640063941,50.9646575156316,29.0483285766095,21.9163289390221,0,I,147,3
78.8696127062279,50.7741273244569,29.2987296357751,21.4753976886818,0,C,148,3
44.6499335549458,72,29.3107998138294,15.3391337411164,1,I,149,3
34.4361023446739,63.6347321420201,29.4379479624331,4.99815438224078,1,C,150,3
49.1039250172986,72,29.5090100588277,19.5949149584709,1,I,151,3
48.5648775536468,72,30.3832914400846,18.1815861135622,1,C,152,3
105.876051536169,72,30.6393637089059,41.3606362910941,0,I,153,3
74.2225239617465,72,30.7101740688086,41.2898259311914,0,C,154,3
42.280084917472,72,30.7575647067279,11.5225202107441,1,I,155,3
61.2662745651551,72,30.9586117789149,30.3076627862402,1,C,156,3
52.3371408066641,72,31.0046381363645,21.3325026702995,1,I,157,3
48.7247397199035,72,31.3062687311322,17.4184709887714,1,C,158,3
34.7132478693611,72,31.3160229055211,3.39722496384,1,I,159,3
44.0322870976777,72,31.3819725438952,12.6503145537825,1,C,160,3
95.310590736689,72,31.508169779554,40.491830220446,0,I,161,3
45.2914934341056,72,31.5944137237966,13.697079710309,1,C,162,3
55.4920789603221,72,31.7271559266374,23.7649230336847,1,I,163,3
32.1391749298618,72,31.9806644786149,0.158510451246861,1,C,164,3
60.9586584010998,72,32.1973414393142,28.7613169617856,1,I,165,3
48.9153425253199,72,32.5116235669702,16.4037189583496,1,C,166,3
48.9639441159539,72,33.0678394529969,15.896104662957,1,I,167,3
36.8390945208067,72,33.279295549728,3.55979897107871,1,C,168,3
42.4223564877485,72,33.5763953346759,8.84596115307256,1,I,169,3
74.5590902765532,72,33.5950975120068,38.4049024879932,0,C,170,3
95.0423252669321,72,33.7592169363052,38.2407830636948,0,I,171,3
59.6600777864448,72,33.8645379943773,25.7955397920675,1,C,172,3
46.9613072867078,72,34.0343429055065,12.9269643812013,1,I,173,3
48.6620000917125,72,34.2480177618563,14.4139823298562,1,C,174,3
54.6604546375792,72,34.3029442895204,20.3575103480588,1,I,175,3
90.4818316166854,72,34.4452865654603,37.5547134345397,0,C,176,3
42.8716351274541,72,34.4528541807085,8.41878094674555,1,I,177,3
161.995840650441,72,34.7652536211535,37.2347463788465,0,C,178,3
66.8408524037996,72,34.7686504432932,32.0722019605064,1,I,179,3
53.5320769540095,72,34.8826509201899,18.6494260338196,1,C,180,3
47.5170044426765,72,35.0737725337967,12.4432319088798,1,I,181,3
68.3800141395427,51.2270958946428,35.2623579651117,15.9647379295311,0,C,182,3
50.2213194559841,72,35.6671984819695,14.5541209740145,1,I,183,3
87.1766675637718,56.6067152428457,36.0023094713688,20.6044057714769,0,C,184,3
62.5387056703171,72,36.0250333417207,26.5136723285964,1,I,185,3
134.619972122927,72,36.1863284697756,35.8136715302244,0,C,186,3
40.4456736904551,72,36.3097015488893,4.13597214156579,1,I,187,3
66.9088433104375,72,36.9502937793732,29.9585495310643,1,C,188,3
112.492435929394,72,37.6844148756936,34.3155851243064,0,I,189,3
165.111713225108,72,37.7094706892967,34.2905293107033,0,C,190,3
61.5492339186174,72,37.9789631953463,23.5702707232711,1,I,191,3
178.362397937955,72,37.9831019137055,34.0168980862945,0,C,192,3
40.4451408287778,72,38.2204967038706,2.22464412490717,1,I,193,3
54.5576729014118,44.8583953311877,38.2794953556731,6.57889997551458,0,C,194,3
54.4768698986011,72,38.3449797984213,16.1318901001799,1,I,195,3
42.6003016959963,72,38.4201578143984,4.1801438815979,1,C,196,3
53.902116377785,72,38.6855527991429,15.2165635786421,1,I,197,3
53.8675800728406,60.4479547156003,38.8122916454449,15.0552884273957,1,C,198,3
52.0622244436389,62.5388436970789,38.8377541350201,13.2244703086188,1,I,199,3
50.8228933349315,72,38.9238279126585,11.8990654222731,1,C,200,3
57.1606440906858,72,38.9598375605419,18.2008065301438,1,I,201,3
59.6467484454451,72,38.9620725531131,20.684675892332,1,C,202,3
44.6445736190677,72,39.3582882871851,5.28628533188259,1,I,203,3
98.9222028118362,60.2550915087117,39.427390624769,20.8277008839426,0,C,204,3
82.9172040246607,72,39.6444635745138,32.3555364254862,0,I,205,3
42.3944667187414,72,40.2907975483686,2.10366917037283,1,C,206,3
99.8264085588666,72,40.9539621463046,31.0460378536955,0,I,207,3
74.7758902689807,72,41.3060060469434,30.6939939530566,0,C,208,3
45.673392275891,72,41.6184108238667,4.05498145202423,1,I,209,3
43.9502600301528,72,41.7971611116082,2.1530989185447,1,C,210,3
51.3389825496521,72,42.1004532650113,9.23852928464077,1,I,211,3
59.7155717973342,72,42.1504960907623,17.5650757065719,1,C,212,3
70.4313154244734,72,42.2634217422456,28.1678936822278,1,I,213,3
59.4470191592699,72,42.4231472611427,17.0238718981272,1,C,214,3
44.4610156620789,72,42.9321514768526,1.52886418522626,1,I,215,3
49.9848980565825,72,43.1372315296903,6.84766652689217,1,C,216,3
51.3929427112229,72,43.2546168984845,8.1383258127384,1,I,217,3
64.9389815208167,72,43.4938200004399,21.4451615203768,1,C,218,3
93.1613893518737,72,43.9178869407624,28.0821130592376,0,I,219,3
83.4843447003181,72,44.1204485110939,27.8795514889061,0,C,220,3
47.3449116012385,72,44.3130554258823,3.03185617535611,1,I,221,3
61.7051140279641,72,44.9110894650221,16.794024562942,1,C,222,3
47.8929270250964,72,45.0473706889898,2.84555633610668,1,I,223,3
91.9991998764434,72,45.3909764997661,26.6090235002339,0,C,224,3
69.6534822513432,72,45.4007389582694,24.2527432930739,1,I,225,3
76.2316922834709,58.2022449521205,45.6527385860682,12.5495063660523,0,C,226,3
66.08543675504,72,45.8592625614256,20.2261741936145,1,I,227,3
257.693165643383,72,46.0994915664196,25.9005084335804,0,C,228,3
48.0575609973057,72,47.1057470608503,0.951813936455463,1,I,229,3
81.2829578026807,72,47.2750081680715,24.7249918319285,0,C,230,3
87.2181335955319,72,47.4861226743087,24.5138773256913,0,I,231,3
79.4494926718765,72,47.6134323282167,24.3865676717833,0,C,232,3
48.444471499517,72,47.8125194180757,0.631952081441344,1,I,233,3
50.7282121523797,67.0200940882336,47.8223418071866,2.90587034519306,1,C,234,3
142.62733399063,72,47.9662651754916,24.0337348245084,0,I,235,3
95.876640368273,72,47.9945970559493,24.0054029440507,0,C,236,3
71.0185336232425,55.7585099999126,48.0218773987144,7.73663260119817,0,I,237,3
80.3507027833444,72,48.1667552283034,23.8332447716966,0,C,238,3
67.2171180799651,72,48.2780652539805,18.9390528259847,1,I,239,3
79.6445360658285,72,48.3337217895314,23.6662782104686,0,C,240,3
88.1376265410894,72,48.5387154808268,23.4612845191732,0,I,241,3
51.7002063998829,72,48.6712832003832,3.02892319949971,1,C,242,3
78.9295224350203,70.1636922800468,48.8800768693909,21.2836154106559,0,I,243,3
70.4457380576267,72,48.9075148198754,21.5382232377513,1,C,244,3
51.2220122823756,71.7168165628797,48.9589641150087,2.2630481673669,1,I,245,3
151.169718116438,72,49.2425697343424,22.7574302656576,0,C,246,3
60.2967383441048,57.4299111419415,49.4381981296465,7.99171301229497,0,I,247,3
62.9752211840651,72,49.4405849184841,13.534636265581,1,C,248,3
68.2302263340224,72,49.452887638472,18.7773386955504,1,I,249,3
92.5428190394655,68.8392462442867,49.8297605803236,19.0094856639631,0,C,250,3
144.583128497885,72,49.8981605703011,22.1018394296989,0,I,251,3
167.980065536029,72,50.3088030824438,21.6911969175562,0,C,252,3
74.7590286636225,53.912178765994,50.5742173176259,3.33796144836808,0,I,253,3
80.0124110852339,72,50.6166922627017,21.3833077372983,0,C,254,3
54.4598898057011,72,50.6365835526958,3.82330625300527,1,I,255,3
68.9055846440083,56.4536052315337,51.027185744606,5.4264194869277,0,C,256,3
147.514449102247,72,51.1901582172141,20.809841782786,0,I,257,3
97.8713328160602,72,51.2088231509551,20.7911768490449,0,C,258,3
100.658691101286,72,51.61311943084,20.38688056916,0,I,259,3
72.2739855641357,72,51.8498755339533,20.1501244660467,0,C,260,3
54.6068610935055,72,51.9866092968732,2.62025179663226,1,I,261,3
100.929043792228,72,52.0742989657447,19.9257010342553,0,C,262,3
149.090324589632,72,52.0960752479732,19.9039247520268,0,I,263,3
124.072458879795,55.9717090157474,52.3447948694229,3.62691414632445,0,C,264,3
152.789433663501,72,52.3988956259564,19.6011043740436,0,I,265,3
70.4739523692307,72,52.5240041222423,17.9499482469884,1,C,266,3
62.6138533217825,72,52.7483454812318,9.86550784055074,1,I,267,3
73.6412094409535,72,52.7689273143187,19.2310726856813,0,C,268,3
117.316419849463,72,52.8824127791449,19.1175872208551,0,I,269,3
139.684140928854,72,53.2030237605795,18.7969762394205,0,C,270,3
91.9502072179162,72,53.4861254319549,18.5138745680451,0,I,271,3
63.9921381844699,72,53.5962075646967,10.3959306197732,1,C,272,3
56.319739578157,72,53.6164021259174,2.70333745223963,1,I,273,3
116.181916873105,72,53.6813658149913,18.3186341850087,0,C,274,3
115.884262653231,72,54.3990594148636,17.6009405851364,0,I,275,3
54.6766428988288,72,54.6124720713124,0.0641708275164047,1,C,276,3
72.6249319743592,72,54.8590233922005,17.1409766077995,0,I,277,3
62.9940816820995,72,55.0593107426539,7.93477093944558,1,C,278,3
108.13468093389,72,55.3181771468371,16.6818228531629,0,I,279,3
67.065582865827,72,55.388369075954,11.677213789873,1,C,280,3
78.8707587874875,72,55.5294354306534,16.4705645693466,0,I,281,3
65.9989633069802,72,55.6128889136016,10.3860743933786,1,C,282,3
70.1121564316264,72,55.6899386364967,14.4222177951297,1,I,283,3
90.505170544518,72,56.3425109675154,15.6574890324846,0,C,284,3
87.196430864168,72,56.5991731127724,15.4008268872276,0,I,285,3
117.356442890989,72,57.0286394935101,14.9713605064899,0,C,286,3
66.0108972239643,68.6198856700691,57.2363917389885,8.7745054849758,1,I,287,3
68.810955821598,72,57.516302363947,11.294653457651,1,C,288,3
60.7557778729196,72,57.5883469730616,3.16743089985806,1,I,289,3
66.9622701325386,72,57.6001538895071,9.36211624303151,1,C,290,3
156.696355194131,72,57.81950364355,14.18049635645,0,I,291,3
65.347985209417,72,59.0523815201595,6.29560368925747,1,C,292,3
86.9601736799205,72,59.0685481438413,12.9314518561587,0,I,293,3
74.7650981019934,72,59.1472217487171,12.8527782512829,0,C,294,3
94.6816118096254,72,59.2382266698405,12.7617733301595,0,I,295,3
81.3718716169404,72,59.4744239933789,12.5255760066211,0,C,296,3
88.8179571269464,72,59.5810865890235,12.4189134109765,0,I,297,3
60.37766409952,72,59.6244933083654,0.753170791154644,1,C,298,3
111.772591291764,72,59.8535691574216,12.1464308425784,0,I,299,3
16.0477116422739,72,0.0368070183321834,16.0109046239417,1,C,1,4
47.671290531909,57.3068066507846,0.523981810547411,47.1473087213616,1,I,2,4
97.3072421818889,72,0.581965916790068,71.4180340832099,0,C,3,4
12.8718913611022,72,0.64801256172359,12.2238787993786,1,I,4,4
17.1038419607566,72,0.661536790430546,16.442305170326,1,C,5,4
4.48850295597536,72,0.726133463904262,3.7623694920711,1,I,6,4
20.9118047066922,72,0.894550206139684,20.0172545005525,1,C,7,4
17.0011558988474,72,1.36074952315539,15.640406375692,1,I,8,4
51.2892030616961,72,1.42604139167815,49.8631616700179,1,C,9,4
31.1933210718043,72,1.47065217141062,29.7226689003936,1,I,10,4
4.25434622310038,72,1.5085452189669,2.74580100413348,1,C,11,4
29.3844025247471,72,1.51197266299278,27.8724298617543,1,I,12,4
34.9116196156021,72,2.21361068543047,32.6980089301716,1,C,13,4
8.65221222043994,72,2.36095821484923,6.29125400559071,1,I,14,4
12.4812189659549,72,2.65159278642386,9.82962617953102,1,C,15,4
22.8753205930076,72,2.85137150902301,20.0239490839846,1,I,16,4
25.1278474656245,72,2.93275480158627,22.1950926640382,1,C,17,4
54.3222947221343,72,3.36117911618203,50.9611156059522,1,I,18,4
43.2458526743181,72,3.38988225907087,39.8559704152473,1,C,19,4
88.7703361828427,21.3448157417273,3.485326487571,17.8594892541563,0,I,20,4
38.4384876632386,72,3.57896730769426,34.8595203555443,1,C,21,4
10.4817089752267,16.6596146134468,3.59000915195793,6.8916998232688,1,I,22,4
19.7473607735768,72,3.69838500861079,16.0489757649661,1,C,23,4
12.9629388136779,72,4.11579582374543,8.8471429899325,1,I,24,4
124.822519874428,72,4.23433074261993,67.7656692573801,0,C,25,4
53.3950675589119,38.4127507483246,4.61747263558209,33.7952781127425,0,I,26,4
16.292837188312,72,4.92894269060344,11.3638944977085,1,C,27,4
9.63368863910493,6.6636080639802,5.69343442562968,0.970173638350521,0,I,28,4
8.92976943553475,72,5.87868162430823,3.05108781122652,1,C,29,4
36.4966142381063,72,5.88549605570734,30.6111181823989,1,I,30,4
23.4529781264546,72,6.29569702316076,17.1572811032938,1,C,31,4
7.04305729601496,72,6.44387190230191,0.599185393713055,1,I,32,4
14.125712272413,55.8384554837741,6.47920964285731,7.64650262955564,1,C,33,4
75.5391154014584,72,6.82089810725302,65.179101892747,0,I,34,4
44.648014650087,72,6.8255573278293,37.8224573222577,1,C,35,4
10.5102070403004,72,6.93670197855681,3.57350506174355,1,I,36,4
24.7164090378737,72,6.95101370103657,17.7653953368371,1,C,37,4
38.612609739214,72,7.10105270147324,31.5115570377407,1,I,38,4
14.7655239708944,15.9710308671566,7.30929175391793,7.45623221697643,1,C,39,4
8.54311199194023,72,7.45037604589015,1.09273594605008,1,I,40,4
8.74471734923895,46.2916198397683,7.66421995125711,1.08049739798184,1,C,41,4
37.6598989734836,7.9603098960583,7.87263573613018,0.0876741599281177,0,I,42,4
57.2171454479263,17.5693785216053,7.9071278963238,9.66225062528149,0,C,43,4
53.6854866277743,72,8.3901205798611,45.2953660479132,1,I,44,4
42.6807209750339,28.7519712470495,8.42204659245908,20.3299246545905,0,C,45,4
42.8349092894276,72,8.71791563462466,34.116993654803,1,I,46,4
94.1299128531062,72,8.72406964190304,63.275930358097,0,C,47,4
12.1958833994404,34.2887874668034,8.78226534929127,3.41361805014914,1,I,48,4
18.2900113081568,60.4620156956412,8.78971051890403,9.50030078925277,1,C,49,4
73.0648834280549,10.4558511461027,9.15839301422238,1.29745813188027,0,I,50,4
24.6853864917996,22.3266104081428,9.23621920868754,13.0903911994552,0,C,51,4
75.1595213083081,72,9.90905388258398,62.090946117416,0,I,52,4
65.2148054040881,72,10.1625405577943,55.0522648462938,1,C,53,4
23.6826898619188,22.3965626416106,10.3589548682794,12.0376077733312,0,I,54,4
24.450233649939,14.3398945782194,10.4524159384891,3.88747863973031,0,C,55,4
123.494917976181,72,10.7541279774159,61.2458720225841,0,I,56,4
38.9739671285496,72,10.8663221122697,28.1076450162799,1,C,57,4
25.3958894884385,72,10.9837387595326,14.4121507289059,1,I,58,4
20.6339818938625,14.5578435422085,11.0733837168664,3.48445982534215,0,C,59,4
21.0019115657831,72,11.1093003256246,9.89261124015842,1,I,60,4
81.7026729196805,72,11.1521903146058,60.8478096853942,0,C,61,4
54.2031413593295,72,11.3208153750747,42.8823259842547,1,I,62,4
15.8168708186135,72,11.9945134688169,3.82235734979663,1,C,63,4
110.351262485477,72,12.3198370356113,59.6801629643887,0,I,64,4
20.7513200803334,71.8019158930704,12.6187273627147,8.13259271761872,1,C,65,4
24.8834537727752,72,12.6834025327116,12.2000512400635,1,I,66,4
46.902378634329,72,12.7172460732982,34.1851325610309,1,C,67,4
23.6111274709739,30.8333448114274,13.2065639365464,10.4045635344274,1,I,68,4
73.9687221856874,72,13.2375005213544,58.7624994786456,0,C,69,4
59.7572274596439,34.7539084959011,13.4659901540726,21.2879183418285,0,I,70,4
32.0006364804724,32.345551388476,13.6621250957251,18.3385113847473,1,C,71,4
291.5070337785,72,13.6702999798581,58.3297000201419,0,I,72,4
63.0388305563295,72,13.6998139740899,49.3390165822396,1,C,73,4
26.215643175813,72,13.9401328470558,12.2755103287572,1,I,74,4
78.1780761109501,72,14.1926589142531,57.8073410857469,0,C,75,4
16.3195373012316,72,14.2043945845217,2.1151427167099,1,I,76,4
49.9417908853985,72,14.4194142054766,35.5223766799219,1,C,77,4
31.3754381784043,72,14.7838842915371,16.5915538868672,1,I,78,4
15.2430358468844,72,14.8937471257523,0.349288721132153,1,C,79,4
20.6798428853954,72,15.2569258818403,5.4229170035551,1,I,80,4
53.6216605886125,72,15.4024105891585,38.219249999454,1,C,81,4
83.5961016726331,72,15.4551663575694,56.5448336424306,0,I,82,4
37.0379238237296,72,15.4810896003619,21.5568342233677,1,C,83,4
150.661075836511,72,15.6224486511201,56.3775513488799,0,I,84,4
100.174475744913,65.842881130469,15.8897704817355,49.9531106487336,0,C,85,4
16.5770810094699,57.9206977880256,15.9299198817462,0.647161127723676,1,I,86,4
194.825863946323,72,16.0604700632393,55.9395299367607,0,C,87,4
186.016693056959,72,16.0900957742706,55.9099042257294,0,I,88,4
17.9178446544187,72,16.1742737330496,1.74357092136903,1,C,89,4
26.518197060702,21.8785170690459,16.2657096236944,5.61280744535145,0,I,90,4
44.9030165889806,72,16.699304538779,28.2037120502016,1,C,91,4
117.370829214065,18.1950163788877,16.7117849132046,1.48323146568313,0,I,92,4
34.7277318189888,72,16.7169811762869,18.0107506427019,1,C,93,4
29.3480497370905,72,16.8461481481791,12.5019015889115,1,I,94,4
27.2935561865721,72,17.6643080636859,9.62924812288623,1,C,95,4
81.7238175363616,72,17.7145683718845,54.2854316281155,0,I,96,4
65.9374648225407,72,17.7730531012639,48.1644117212768,1,C,97,4
23.6108374716032,20.6344435718579,17.8120859060436,2.82235766581426,0,I,98,4
54.6356448760128,48.7715006271622,17.9927580663934,30.7787425607687,0,C,99,4
25.8147571568289,72,18.0038870824501,7.81087007437881,1,I,100,4
43.2238277119084,61.25153490868,18.2277466496453,24.9960810622631,1,C,101,4
27.0029356877871,72,18.2537574833259,8.74917820446122,1,I,102,4
42.3558128090453,72,18.6368453269824,23.7189674820628,1,C,103,4
47.8225095582836,49.0603084920546,18.7308951700106,29.091614388273,1,I,104,4
27.219077119129,72,19.281268841587,7.93780827754196,1,C,105,4
37.4954169900683,72,19.3274842808023,18.167932709266,1,I,106,4
68.449622112017,59.39898777044,19.379942798987,40.019044971453,0,C,107,4
123.21538105807,72,19.4160804105923,52.5839195894077,0,I,108,4
69.2692165728572,23.6545463360661,19.676726013422,3.97782032264404,0,C,109,4
31.965770493898,72,19.7139894962311,12.251780997667,1,I,110,4
21.8434069122634,72,20.1814814424142,1.66192546984921,1,C,111,4
41.9146834495916,72,20.2424646774307,21.6722187721609,1,I,112,4
141.00663811344,72,20.2779668709263,51.7220331290737,0,C,113,4
71.8849798807239,72,20.7485106121749,51.136469268549,1,I,114,4
40.0770301405448,72,20.8116195257753,19.2654106147695,1,C,115,4
82.4368320419644,72,20.9402802586555,51.0597197413445,0,I,116,4
136.05244391659,72,21.1322610871866,50.8677389128134,0,C,117,4
31.2862799952227,72,21.1864266358316,10.0998533593911,1,I,118,4
70.6673428293114,72,21.2961780885234,49.371164740788,1,C,119,4
26.78528287487,72,21.3060756353661,5.47920723950383,1,I,120,4
97.9098607158734,72,21.8552991561592,50.1447008438408,0,C,121,4
26.922324778752,72,22.1139428811148,4.80838189763722,1,I,122,4
46.7646225798951,30.7004561293796,22.1259667631239,8.57448936625568,0,C,123,4
66.3074514338552,72,22.2371868789196,44.0702645549356,1,I,124,4
28.7471822714809,72,22.2794244065881,6.46775786489278,1,C,125,4
53.5588213570202,72,22.3287934809923,31.2300278760279,1,I,126,4
48.6943297917749,72,22.7871006773785,25.9072291143964,1,C,127,4
43.4337358840351,56.7055314785676,23.356592617929,20.0771432661061,1,I,128,4
27.475020560772,72,23.4441394312307,4.03088112954125,1,C,129,4
32.324063922968,44.0335384899246,23.6477491166443,8.67631480632375,1,I,130,4
32.345402074242,48.4713384713994,24.0516046481207,8.29379742612133,1,C,131,4
29.0443659622392,39.2696820388921,24.5299798669294,4.51438609530983,1,I,132,4
35.3694113928598,72,24.9527936428785,10.4166177499813,1,C,133,4
45.8517822113579,72,25.0846944423392,20.7670877690187,1,I,134,4
31.1050909564584,72,25.4899439681321,5.61514698832623,1,C,135,4
48.6585144148505,72,25.5785881401971,23.0799262746534,1,I,136,4
30.4776096249378,72,25.5971429077908,4.88046671714699,1,C,137,4
35.9033043373862,51.1194458163681,25.9149891184643,9.98831521892194,1,I,138,4
40.5000704175422,72,26.1199630005285,14.3801074170137,1,C,139,4
38.679371983308,29.7733783124934,26.2174950633198,3.55588324917359,0,I,140,4
171.470515993367,72,26.255296356976,45.744703643024,0,C,141,4
37.5865904242659,72,26.5104060759768,11.0761843482891,1,I,142,4
45.0333290860798,50.4918871260959,26.5274712117389,18.5058578743409,1,C,143,4
47.8337743093433,43.9712307607655,26.6757620126009,17.2954687481646,0,I,144,4
43.9703738065702,72,26.8742588767782,17.096114929792,1,C,145,4
49.1018261449551,72,27.6842105342075,21.4176156107476,1,I,146,4
175.032633491962,72,28.1614587642252,43.8385412357748,0,C,147,4
48.8762652609487,72,28.3011202840135,20.5751449769353,1,I,148,4
60.0049571431083,72,28.5842637671158,31.4206933759925,1,C,149,4
125.014901154087,72,28.6879166727886,43.3120833272114,0,I,150,4
31.9853683140222,72,28.7174687767401,3.26789953728206,1,C,151,4
146.017069166995,72,28.7359944311902,43.2640055688098,0,I,152,4
69.1560195458659,72,28.9325564866886,40.2234630591774,1,C,153,4
124.941777682453,72,29.1110616736114,42.8889383263886,0,I,154,4
51.7465651398058,72,29.1305142408237,22.6160508989821,1,C,155,4
60.2878690455864,42.0697469945269,29.1741182841361,12.8956287103909,0,I,156,4
36.5982597684846,72,29.406552426517,7.19170734196759,1,C,157,4
52.7777239264898,72,29.4439230719581,23.3338008545316,1,I,158,4
58.8799565856747,72,29.6008148929104,29.2791416927643,1,C,159,4
36.3634809765948,72,29.7177903167903,6.64569065980446,1,I,160,4
49.19461224419,45.3468708276928,30.1903554378077,15.156515389885,0,C,161,4
81.1012951723249,72,30.4015641007572,41.5984358992428,0,I,162,4
38.3422851840966,72,30.7643480831757,7.57793710092087,1,C,163,4
70.4817170592795,72,31.1278046155348,39.3539124437447,1,I,164,4
35.8230482355469,43.5763738790054,31.1437780503184,4.67927018522851,1,C,165,4
97.5874070544646,72,31.2563552800566,40.7436447199434,0,I,166,4
209.819319433618,70.5332250588637,31.4186550909653,39.1145699678984,0,C,167,4
47.8300522619245,72,31.4761490933597,16.3539031685648,1,I,168,4
79.6903160098316,72,31.5686017507687,40.4313982492313,0,C,169,4
158.725397187791,72,31.6931395651773,40.3068604348227,0,I,170,4
107.216701241045,72,32.2382154129446,39.7617845870554,0,C,171,4
48.7098926672574,72,32.2969496855512,16.4129429817062,1,I,172,4
43.0720125816512,40.5126230230731,32.3577030468732,8.15491997619987,0,C,173,4
80.2494369971505,72,32.695778911002,39.304221088998,0,I,174,4
85.6513657164157,72,32.7196910697967,39.2803089302033,0,C,175,4
121.052057594293,72,32.7681911503896,39.2318088496104,0,I,176,4
125.56154341739,72,32.9392169695348,39.0607830304652,0,C,177,4
125.494028100613,72,34.069959204644,37.930040795356,0,I,178,4
39.3159001759703,72,34.7056279191747,4.61027225679557,1,C,179,4
40.3761139319839,72,34.8928966652602,5.48321726672368,1,I,180,4
38.6204254941202,72,35.1196401519701,3.5007853421501,1,C,181,4
83.7877106891635,72,35.1232834160328,36.8767165839672,0,I,182,4
159.117075451461,70.8037284654801,35.2275853045285,35.5761431609516,0,C,183,4
35.7981736797567,72,35.3750864462927,0.423087233463976,1,I,184,4
91.3079457750633,72,36.41155062709,35.58844937291,0,C,185,4
102.09691629933,72,36.5686617605388,35.4313382394612,0,I,186,4
57.6077142438507,72,36.8012355454266,20.8064786984241,1,C,187,4
80.1823522784747,72,36.8691319786012,35.1308680213988,0,I,188,4
49.7384857346823,72,37.017300655134,12.7211850795483,1,C,189,4
44.624212604813,72,37.0346618117765,7.58955079303656,1,I,190,4
69.8754682178355,72,37.0645910874009,32.8108771304346,1,C,191,4
37.9201241268467,72,37.5721670826897,0.34795704415699,1,I,192,4
88.7260628810649,72,37.9414923582226,34.0585076417774,0,C,193,4
92.7703898803455,72,38.3713021036238,33.6286978963763,0,I,194,4
73.1890730328182,67.473388512859,38.4575382806361,29.0158502322229,0,C,195,4
93.9390740632337,72,38.8674556324258,33.1325443675742,0,I,196,4
39.048014245335,72,39.0207166783512,0.0272975669837865,1,C,197,4
99.97700426104,72,39.4646170875058,32.5353829124942,0,I,198,4
93.1556171952974,72,39.4846586370841,32.5153413629159,0,C,199,4
73.2977149087512,72,39.4868079107255,32.5131920892745,0,I,200,4
49.5694068559451,72,39.4895665626973,10.0798402932478,1,C,201,4
176.915807111194,50.8720102421742,39.8847865546122,10.9872236875619,0,I,202,4
75.3214529343519,72,40.2595481229946,31.7404518770054,0,C,203,4
58.6537716716855,72,40.2999171707779,18.3538545009076,1,I,204,4
55.420544996083,72,40.6108936993405,14.8096512967425,1,C,205,4
58.9531219020744,72,40.8060032408685,18.1471186612059,1,I,206,4
57.4239367185029,72,40.9994165506214,16.4245201678815,1,C,207,4
60.8720481568856,72,41.5529433684424,19.3191047884433,1,I,208,4
64.1081783910602,72,42.0623040804639,22.0458743105962,1,C,209,4
70.7062957488099,72,42.122673955746,28.5836217930639,1,I,210,4
44.2800565838016,72,42.3254341632128,1.95462242058884,1,C,211,4
57.8602355147243,72,42.6742411963642,15.1859943183602,1,I,212,4
62.9403257932596,72,42.9853778611869,19.9549479320727,1,C,213,4
62.6498844877477,72,43.2073113368824,19.4425731508653,1,I,214,4
60.7523317108598,45.8730277481977,43.614755300805,2.25827244739273,0,C,215,4
49.975332790747,59.7317472594422,43.7273413874209,6.24799140332608,1,I,216,4
45.8973247238046,48.8714036884491,43.7315113563091,2.16581336749557,1,C,217,4
99.3883494756111,72,44.0785029390827,27.9214970609173,0,I,218,4
71.5746157950831,72,44.1907196072862,27.3838961877969,1,C,219,4
93.9384414559036,72,44.3829386914149,27.6170613085851,0,I,220,4
69.1651841300471,72,44.4685960002244,24.6965881298227,1,C,221,4
48.931780911943,72,44.8306088335812,4.1011720783618,1,I,222,4
84.707732854699,68.0911009680949,44.9250161508098,23.166084817285,0,C,223,4
46.9429812374476,72,45.1204962283373,1.8224850091103,1,I,224,4
73.9818343606324,72,45.2217991836369,26.7782008163631,0,C,225,4
117.440321777275,72,45.3506450587884,26.6493549412116,0,I,226,4
140.350162069697,72,45.3614246612415,26.6385753387585,0,C,227,4
85.2775254887967,72,45.3935433877632,26.6064566122368,0,I,228,4
122.572975085129,72,45.4566508485004,26.5433491514996,0,C,229,4
76.1466347376928,72,45.5226067313924,26.4773932686076,0,I,230,4
84.5846200078976,72,45.585110289976,26.414889710024,0,C,231,4
118.602319186896,72,45.6263376167044,26.3736623832956,0,I,232,4
89.8362464795202,72,45.6503212591633,26.3496787408367,0,C,233,4
53.0552678375195,72,45.6879466585815,7.36732117893802,1,I,234,4
99.7889984175828,72,45.6881922762841,26.3118077237159,0,C,235,4
49.4267227855333,72,45.7014936301857,3.72522915534758,1,I,236,4
137.086902806492,72,46.2023058487102,25.7976941512898,0,C,237,4
55.8391228758117,57.4476886564208,46.6463939566165,9.19272891919512,1,I,238,4
96.8170421203664,72,46.6820764867589,25.3179235132411,0,C,239,4
71.5329917821077,59.2981707586537,46.946000251919,12.3521705067347,0,I,240,4
58.4830034542102,72,47.400075676851,11.0829277773592,1,C,241,4
96.7850787116583,72,47.7342424029484,24.2657575970516,0,I,242,4
92.8982678943638,72,48.4790815366432,23.5209184633568,0,C,243,4
49.066429997401,72,48.8184667378664,0.247963259534639,1,I,244,4
61.8579359463576,72,48.9031852874905,12.9547506588671,1,C,245,4
122.735123069449,72,49.0339277079329,22.9660722920671,0,I,246,4
67.0792570120576,72,49.3758960999548,17.7033609121028,1,C,247,4
59.6766387155821,72,49.534729141742,10.1419095738401,1,I,248,4
87.4483977673495,72,49.6378198591992,22.3621801408008,0,C,249,4
50.6228381348156,72,49.6603657538071,0.962472381008461,1,I,250,4
64.1059864132822,72,49.8900201637298,14.2159662495524,1,C,251,4
84.8866439657172,72,49.961442318745,22.038557681255,0,I,252,4
109.055970234944,72,49.9844463961199,22.0155536038801,0,C,253,4
85.592580035502,72,50.1737087219954,21.8262912780046,0,I,254,4
163.128605648701,72,50.3073952998966,21.6926047001034,0,C,255,4
63.3178587278159,54.3633474420066,50.3959796391428,3.96736780286382,0,I,256,4
77.6969025249013,72,50.5224807187915,21.4775192812085,0,C,257,4
84.0242987183686,72,50.5389519268647,21.4610480731353,0,I,258,4
148.769003657476,72,50.5755258724093,21.4244741275907,0,C,259,4
113.819279022355,72,50.8869999367744,21.1130000632256,0,I,260,4
56.2366388808881,72,51.1244870536029,5.11215182728512,1,C,261,4
52.758065794882,72,51.2302055815235,1.52786021335856,1,I,262,4
162.098778145942,72,51.6758672241122,20.3241327758878,0,C,263,4
63.2729132114733,72,51.9564744411036,11.3164387703697,1,I,264,4
64.4938512660299,72,52.0999298896641,12.3939213763658,1,C,265,4
91.1059712088365,72,52.2001450276002,19.7998549723998,0,I,266,4
57.0181583556017,72,52.5605769641697,4.45758139143191,1,C,267,4
141.046708743362,72,52.9207192920148,19.0792807079852,0,I,268,4
82.4789747354821,72,52.9443667363375,19.0556332636625,0,C,269,4
81.5233154449392,72,53.0331938853487,18.9668061146513,0,I,270,4
90.5279055092655,72,53.3163078082725,18.6836921917275,0,C,271,4
88.4218151485111,72,53.6242172727361,18.3757827272639,0,I,272,4
94.9384605304744,72,53.6433323705569,18.3566676294431,0,C,273,4
121.167286649743,72,53.769343723543,18.230656276457,0,I,274,4
121.463980005077,72,54.2460547573865,17.7539452426136,0,C,275,4
110.713490612282,72,54.4416982261464,17.5583017738536,0,I,276,4
135.485628293474,72,54.45659392979,17.54340607021,0,C,277,4
74.1111722581044,72,54.7128249378875,17.2871750621125,0,I,278,4
63.7210325036381,72,54.7231985908002,8.99783391283796,1,C,279,4
110.621267711037,72,54.7289244504646,17.2710755495355,0,I,280,4
70.6898242978896,72,55.1483056833968,15.5415186144928,1,C,281,4
60.2889852338588,72,55.6157552869991,4.67322994685978,1,I,282,4
61.6758447497304,72,55.7875638082624,5.88828094146808,1,C,283,4
59.4576476193798,72,56.2378096673638,3.21983795201606,1,I,284,4
113.346390085997,72,56.609699469991,15.390300530009,0,C,285,4
58.9785550773403,72,56.8255755538121,2.15297952352819,1,I,286,4
114.918648219286,72,56.930466061458,15.069533938542,0,C,287,4
77.4923882970846,72,57.0148297213018,14.9851702786982,0,I,288,4
70.8735986732367,72,57.1235413989052,13.7500572743314,1,C,289,4
120.724887567431,72,57.8470459068194,14.1529540931806,0,I,290,4
85.868584985442,72,57.9083283897489,14.0916716102511,0,C,291,4
135.308066115876,72,58.0891098640859,13.9108901359141,0,I,292,4
62.5206625074651,72,58.4823460131884,4.03831649427675,1,C,293,4
73.1587408890767,72,58.4911411441863,13.5088588558137,0,I,294,4
64.1137032263002,72,58.8159685023129,5.29773472398732,1,C,295,4
61.7245016101662,72,58.9320309553295,2.79247065483668,1,I,296,4
109.963980743561,72,58.9517041482031,13.0482958517969,0,C,297,4
73.3904660628285,72,58.9633041853085,13.0366958146915,0,I,298,4
85.5776457344775,72,59.0542806498706,12.9457193501294,0,C,299,4
75.4777015075774,64.8075677175498,59.1989037953317,5.60866392221806,0,I,300,4
69.4001843752564,72,59.6806277381256,9.7195566371308,1,C,301,4
20.4216725148926,72,0.152093935757875,20.2695785791347,1,C,1,5
5.30135535096772,72,0.269046016037464,5.03230933493025,1,I,2,5
8.62119395112541,72,0.665255701169372,7.95593824995604,1,C,3,5
52.6252165247306,72,0.672136838547885,51.9530796861827,1,I,4,5
5.9308773024223,72,0.737639497965574,5.19323780445673,1,C,5,5
76.3522782931689,60.1284249587242,0.950735611841083,59.1776893468831,0,I,6,5
21.302982549508,72,0.978237264789641,20.3247452847184,1,C,7,5
84.2052256503059,47.9645779117062,1.08635389711708,46.8782240145891,0,I,8,5
30.4632161615861,72,1.10876660328358,29.3544495583025,1,C,9,5
23.9586853061629,72,1.26208830624819,22.6965969999147,1,I,10,5
75.5695726801207,72,1.27485120669007,70.7251487933099,0,C,11,5
7.4550712409349,54.0442588162342,1.2811156315729,6.173955609362,1,I,12,5
24.3581234375011,72,1.38450889382511,22.973614543676,1,C,13,5
22.9467388137135,72,1.5195376239717,21.4272011897418,1,I,14,5
11.7235977714202,72,1.60689117852598,10.1167065928943,1,C,15,5
4.2206785450915,72,2.30349109042436,1.91718745466714,1,I,16,5
50.2542311038699,72,2.32224945444614,47.9319816494238,1,C,17,5
29.9450573952714,72,3.04525775369257,26.8997996415788,1,I,18,5
43.1059863801631,72,3.20568559225649,39.9003007879066,1,C,19,5
94.6952658652597,72,3.56900216080248,68.4309978391975,0,I,20,5
6.40197342495515,72,3.80083884112537,2.60113458382978,1,C,21,5
32.9039263374016,72,4.07921807840467,28.824708258997,1,I,22,5
10.0643324378142,72,4.29993698839098,5.76439544942321,1,C,23,5
52.9183303270681,72,4.30838837753981,48.6099419495283,1,I,24,5
37.4543468471182,72,4.57505414262414,32.8792927044941,1,C,25,5
22.6667191441515,72,4.86125095747411,17.8054681866773,1,I,26,5
78.8957354840002,60.8376480055917,4.96721494942904,55.8704330561626,0,C,27,5
48.4900180997262,72,5.04380073398352,43.4462173657427,1,I,28,5
16.7147530273252,72,5.38446744438261,11.3302855829426,1,C,29,5
127.208771178567,72,5.72755617555231,66.2724438244477,0,I,30,5
15.5926838052063,72,5.91242885682732,9.68025494837902,1,C,31,5
33.2041180733988,72,6.24923423398286,26.954883839416,1,I,32,5
83.299844461276,72,6.31564275361598,65.684357246384,0,C,33,5
11.3661500226509,22.2847770653891,6.42643504310399,4.93971497954686,1,I,34,5
31.1171629861643,30.5873437364906,6.66817519348115,23.9191685430094,0,C,35,5
50.0480652240618,72,6.78523612674326,43.2628290973185,1,I,36,5
30.0511867356183,67.6365914450978,6.93594323471189,23.1152435009065,1,C,37,5
21.2706765285866,72,7.21043578349054,14.0602407450961,1,I,38,5
25.6045535637464,72,7.33568685594946,18.2688667077969,1,C,39,5
25.6246573942282,45.9216069594639,7.71543868817389,17.9092187060543,1,I,40,5
26.8029040265464,72,7.80905299354345,18.9938510330029,1,C,41,5
11.5365401888851,53.5848946320042,8.05245037190616,3.48408981697889,1,I,42,5
28.7725312445709,63.86657506055,8.15111224539578,20.6214189991751,1,C,43,5
15.4708463082116,27.6262147001476,8.24538323096931,7.22546307724224,1,I,44,5
10.5116310702678,72,8.3971482468769,2.11448282339086,1,C,45,5
12.6838577892087,65.6772431123841,9.03931898530573,3.64453880390297,1,I,46,5
27.5437345584599,46.3405083320541,9.41424773074687,18.129486827713,1,C,47,5
39.4976815598056,72,9.54508926719427,29.9525922926113,1,I,48,5
148.564977561605,15.2195864752821,9.57471933681518,5.64486713846695,0,C,49,5
23.7946779534148,65.5607193799916,9.8801760468632,13.9145019065516,1,I,50,5
16.0531889811105,72,10.0116165122017,6.0415724689088,1,C,51,5
140.702211519443,72,10.2905420819297,61.7094579180703,0,I,52,5
34.4337728721798,72,10.3461683448404,24.0876045273394,1,C,53,5
21.8580347282244,72,10.6576357455924,11.200398982632,1,I,54,5
37.3348546616736,72,10.7585584837943,26.5762961778792,1,C,55,5
41.1420180498167,72,11.0806208336726,30.0613972161442,1,I,56,5
51.6821267417666,72,11.8073595967144,39.8747671450522,1,C,57,5
31.5802650813128,33.6658040331576,12.6083277119324,18.9719373693805,1,I,58,5
44.3062358431058,72,12.8077687975019,31.4984670456039,1,C,59,5
23.8245327507791,61.8011990206576,12.8633603453636,10.9611724054155,1,I,60,5
58.8936138497811,72,12.8755029849708,46.0181108648103,1,C,61,5
34.3800978445082,31.952653957529,12.9290412319824,19.0236127255465,0,I,62,5
22.5497198006614,72,12.9840833600611,9.56563644060032,1,C,63,5
79.9112273210242,72,13.7697057891637,58.2302942108363,0,I,64,5
47.0954088715532,72,14.4656111067161,32.6297977648371,1,C,65,5
22.9994874659567,72,14.553102767095,8.44638469886171,1,I,66,5
81.3159967164181,72,14.7129203472286,57.2870796527714,0,C,67,5
21.9461108691749,72,14.7181933186948,7.22791755048009,1,I,68,5
54.9309378152025,72,14.794780081138,40.1361577340644,1,C,69,5
169.994493923939,72,14.8244646191597,57.1755353808403,0,I,70,5
29.2367611848546,72,14.9574277130887,14.2793334717659,1,C,71,5
88.099618960798,72,15.0394253432751,56.9605746567249,0,I,72,5
22.1208982152047,72,15.044765342027,7.07613287317775,1,C,73,5
41.1741810635448,72,15.358898146078,25.8152829174668,1,I,74,5
70.2249348095661,72,15.4081664420664,54.8167683674997,1,C,75,5
25.7670013863989,60.5223809979698,15.4208495188504,10.3461518675484,1,I,76,5
47.4879003253656,72,15.7488825917244,31.7390177336412,1,C,77,5
33.8583116441633,72,16.3507110765204,17.507600567643,1,I,78,5
141.620779480839,22.1806166038682,16.6522758733481,5.52834073052005,0,C,79,5
17.8337283232113,72,16.9076961977407,0.92603212547052,1,I,80,5
64.1440049076976,20.3180269176406,17.5278437230736,2.790183194567,0,C,81,5
77.814466947183,72,18.8011504942551,53.1988495057449,0,I,82,5
20.9474853294583,72,19.016151856631,1.93133347282728,1,C,83,5
46.9397343429218,26.9448635368219,19.1364959394559,7.80836759736602,0,I,84,5
33.6343670841955,50.1822909354936,19.4263082183898,14.2080588658057,1,C,85,5
106.274699426889,72,19.7337542613968,52.2662457386032,0,I,86,5
69.5344904010609,72,19.7696133563295,49.7648770447314,1,C,87,5
53.3140720628945,72,19.7697846684605,33.544287394434,1,I,88,5
26.3355105001483,72,20.3068222571164,6.02868824303182,1,C,89,5
26.7538946778711,72,20.8639042591676,5.88999041870344,1,I,90,5
45.7030921090742,72,22.2215161984786,23.4815759105955,1,C,91,5
23.9101729696185,72,22.2949636727571,1.61520929686131,1,I,92,5
30.9440462335684,61.6735834529002,22.3672849405557,8.5767612930127,1,C,93,5
41.3790193982058,72,22.4299297621474,18.9490896360585,1,I,94,5
111.34405912035,72,22.5174058740959,49.4825941259041,0,C,95,5
88.7078782748038,72,22.7471362520009,49.2528637479991,0,I,96,5
77.5404552225951,72,22.9272818053141,49.0727181946859,0,C,97,5
23.6537575532251,72,23.4937481023371,0.160009450888005,1,I,98,5
135.59658259672,72,23.5271166684106,48.4728833315894,0,C,99,5
63.2326987841418,72,23.6383971758187,39.5943016083231,1,I,100,5
70.1569058935388,72,23.7616685405374,46.3952373530015,1,C,101,5
32.0408988501703,28.187183889175,23.9267538534477,4.26043003572723,0,I,102,5
74.0303576946082,72,23.9489395078272,48.0510604921728,0,C,103,5
82.6231039589461,72,24.4829279277474,47.5170720722526,0,I,104,5
54.0944534273957,72,24.6586452936754,29.4358081337203,1,C,105,5
35.4644316440944,72,24.8767151869833,10.587716457111,1,I,106,5
76.4454321023163,72,25.488405986689,46.511594013311,0,C,107,5
212.012066838922,72,25.5251673096791,46.4748326903209,0,I,108,5
28.5125551231898,72,25.6618342967704,2.85072082641945,1,C,109,5
67.6771758931604,72,26.2045340007171,41.4726418924433,1,I,110,5
54.3597146879837,72,26.2299205502495,28.1297941377341,1,C,111,5
114.620529739849,72,26.6099390666932,45.3900609333068,0,I,112,5
51.6925370744763,72,26.7229876946658,24.9695493798105,1,C,113,5
57.5008295384393,72,26.935252812691,30.5655767257483,1,I,114,5
49.6573665097486,35.2168541167365,26.9869376113638,8.22991650537269,0,C,115,5
45.7544428570905,72,27.1661857422441,18.5882571148464,1,I,116,5
45.6033653650983,72,27.1962955500931,18.4070698150053,1,C,117,5
43.5829583488726,72,27.251094407402,16.3318639414706,1,I,118,5
27.5873051777522,72,27.4316344549879,0.155670722764252,1,C,119,5
28.8021326800323,40.4698100224208,27.4863450229168,1.31578765711551,1,I,120,5
84.7833257905247,72,27.8688402101398,44.1311597898603,0,C,121,5
142.585405918648,72,27.9965111101046,44.0034888898954,0,I,122,5
66.5000471942034,70.6411812183224,28.0734982341528,38.4265489600506,1,C,123,5
31.7553269428687,72,28.3676390536129,3.3876878892557,1,I,124,5
36.3386964364533,72,28.3751813136041,7.96351512284917,1,C,125,5
87.859054281847,72,28.7316112965345,43.2683887034655,0,I,126,5
59.4804336157493,72,29.3570946995169,30.1233389162324,1,C,127,5
30.9507616738695,72,29.8637532396242,1.08700843424526,1,I,128,5
69.4770758884116,72,29.9244635738432,39.5526123145683,1,C,129,5
31.924261594173,72,30.096535035409,1.827726558764,1,I,130,5
73.955898106581,72,30.1055004168302,41.8944995831698,0,C,131,5
214.511124414135,72,30.1578027941287,41.8421972058713,0,I,132,5
69.5366290318057,72,30.2121631382033,39.3244658936024,1,C,133,5
44.7196747935134,72,30.3745258972049,14.3451488963085,1,I,134,5
44.0703629341728,72,30.3837006306276,13.6866623035452,1,C,135,5
176.103749952793,72,30.401715086773,41.598284913227,0,I,136,5
56.9081472022873,64.6456226975265,30.4707477847114,26.4373994175759,1,C,137,5
50.8367631347108,45.5617557116292,30.8287964947522,14.732959216877,0,I,138,5
47.2490353979879,72,30.9262084309012,16.3228269670868,1,C,139,5
51.5397438083859,72,31.0600640438497,20.4796797645362,1,I,140,5
120.24997315902,72,31.0950921708718,40.9049078291282,0,C,141,5
68.3074004113434,72,31.2054489506409,37.1019514607026,1,I,142,5
80.8215514461654,46.2848763573779,31.2097214721143,15.0751548852636,0,C,143,5
34.8767698780919,72,31.2152543384582,3.66151553963368,1,I,144,5
91.7792087138597,72,31.3632543152198,40.6367456847802,0,C,145,5
32.2092063930547,72,31.3840113440529,0.825195049001877,1,I,146,5
94.7562824310808,72,31.5916797704995,40.4083202295005,0,C,147,5
40.8538225537686,72,32.1290037687868,8.72481878498184,1,I,148,5
33.677809921967,72,32.5198759976774,1.15793392428956,1,C,149,5
50.4537494949849,72,32.5779766961932,17.8757727987917,1,I,150,5
36.224548136737,72,32.5922441203147,3.63230401642225,1,C,151,5
39.5764649179603,72,32.9096284601837,6.66683645777652,1,I,152,5
39.1872880526276,72,32.9968737624586,6.190414290169,1,C,153,5
46.4822474505191,72,33.1177612580359,13.3644861924832,1,I,154,5
62.861038161555,72,33.2529306784272,29.6081074831277,1,C,155,5
95.9782824582709,67.4841763776514,33.3549621608108,34.1292142168406,0,I,156,5
89.2958969597969,72,33.7435626424849,38.2564373575151,0,C,157,5
45.9532194406778,72,33.7605270277709,12.1926924129069,1,I,158,5
105.323112500727,72,33.8138516200706,38.1861483799294,0,C,159,5
42.6284301172429,72,33.9580053370446,8.67042478019826,1,I,160,5
67.8576115139513,72,34.0084697585553,33.849141755396,1,C,161,5
92.1308774096455,72,34.2910152627155,37.7089847372845,0,I,162,5
66.6594546372719,72,34.5820148661733,32.0774397710986,1,C,163,5
37.5287705401074,70.5713092519798,34.5991388848051,2.92963165530229,1,I,164,5
78.7064042616673,72,35.2341765956953,36.7658234043047,0,C,165,5
50.4331674699902,66.315504492324,35.2861740114167,15.1469934585735,1,I,166,5
41.4810871323548,72,35.5982095655054,5.88287756684943,1,C,167,5
94.9208464933926,72,35.8056019200012,36.1943980799988,0,I,168,5
35.9477402054605,44.1268337266188,35.8894860651344,0.0582541403261247,1,C,169,5
43.6013222014193,72,36.3529951544479,7.24832704697146,1,I,170,5
92.4682749387426,72,36.4760326361284,35.5239673638716,0,C,171,5
36.6594780462443,72,36.5555757656693,0.103902280574986,1,I,172,5
118.463323389994,72,36.73145997338,35.26854002662,0,C,173,5
44.3812281839244,72,36.7382709123194,7.64295727160498,1,I,174,5
69.2973690105278,50.8013495698535,36.8238096311688,13.9775399386846,0,C,175,5
78.6328926132493,72,36.8392557324842,35.1607442675158,0,I,176,5
117.717072188365,72,36.9682775018737,35.0317224981263,0,C,177,5
61.3626260728149,72,37.0029162615538,24.3597098112611,1,I,178,5
105.206240896111,72,37.0189318573102,34.9810681426898,0,C,179,5
78.2929611502205,72,37.1496309293434,34.8503690706566,0,I,180,5
51.5632245953889,72,37.2290438739583,14.3341807214306,1,C,181,5
57.5841075913293,48.6197531932153,37.3934612888843,11.226291904331,0,I,182,5
66.7842673654595,52.4671389550618,37.525300369598,14.9418385854638,0,C,183,5
51.8001977992628,72,37.6663529220969,14.133844877166,1,I,184,5
39.0666939757612,72,38.1022104620934,0.964483513667822,1,C,185,5
105.709943458271,72,38.2521834690124,33.7478165309876,0,I,186,5
39.9003504714731,72,38.2549876905978,1.64536278087528,1,C,187,5
62.9349615456802,72,38.5816667648032,24.3532947808769,1,I,188,5
39.3595351504138,72,38.6028501810506,0.75668496936318,1,C,189,5
55.4065694838517,72,38.6468463717029,16.7597231121489,1,I,190,5
74.7454889109612,72,38.6485275719315,33.3514724280685,0,C,191,5
47.8841483832938,72,39.1671755723655,8.71697281092832,1,I,192,5
47.5035530177037,72,39.1876142006367,8.31593881706695,1,C,193,5
70.0741033605391,72,39.7363401576877,30.3377632028514,1,I,194,5
85.8012032459522,72,39.8057371331379,32.1942628668621,0,C,195,5
68.3783707125036,72,40.13340159785,28.2449691146536,1,I,196,5
58.2381190650629,72,40.2824647771195,17.9556542879434,1,C,197,5
51.5612792282306,72,40.3703091759235,11.1909700523071,1,I,198,5
50.7475253632898,72,40.4610766097903,10.2864487534995,1,C,199,5
62.0545609849652,72,40.575366569683,21.4791944152822,1,I,200,5
51.6822914801713,72,40.6187386298552,11.063552850316,1,C,201,5
47.8863720879687,72,40.6983439950272,7.1880280929415,1,I,202,5
43.0665519147639,72,40.7843474904075,2.28220442435637,1,C,203,5
67.9687469206341,72,40.8225768478587,27.1461700727754,1,I,204,5
51.7696083159897,72,40.9942501410842,10.7753581749055,1,C,205,5
83.0056236159274,72,41.146086207591,30.853913792409,0,I,206,5
165.183999379537,72,41.5524240676314,30.4475759323686,0,C,207,5
61.1799253409901,72,41.6269632568583,19.5529620841318,1,I,208,5
101.103190430154,72,41.8232423113659,30.1767576886341,0,C,209,5
102.523436935921,72,41.8409898877144,30.1590101122856,0,I,210,5
76.9818944601595,72,41.9034112337977,30.0965887662023,0,C,211,5
56.9968204646244,72,41.9513314962387,15.0454889683857,1,I,212,5
43.2961865973613,72,42.0758293010294,1.22035729633184,1,C,213,5
69.3235508465464,72,42.6293965475634,26.694154298983,1,I,214,5
98.9049510611846,51.2522932147853,42.6363410521299,8.61595216265542,0,C,215,5
58.873488496477,72,42.7012554975227,16.1722329989544,1,I,216,5
65.9104813036718,72,42.9401402408257,22.9703410628461,1,C,217,5
50.945155295778,72,43.0465967115015,7.89855858427654,1,I,218,5
95.1946548190529,55.9936716661496,43.5759408026934,12.4177308634563,0,C,219,5
49.2147077872393,72,43.5763765359297,5.63833125130951,1,I,220,5
54.929423165983,72,43.7251535849646,11.2042695810185,1,C,221,5
57.9793476744499,72,44.2523594386876,13.7269882357623,1,I,222,5
63.4377354090471,72,44.3627912225202,19.074944186527,1,C,223,5
59.8962243922696,72,44.8128371033818,15.0833872888878,1,I,224,5
69.144525124858,72,45.0155528727919,24.1289722520661,1,C,225,5
47.0601520942161,72,45.0947971874848,1.96535490673131,1,I,226,5
81.8501670465407,66.8742784563763,45.207371301949,21.6669071544272,0,C,227,5
52.5577127599278,72,45.4431666294113,7.11454613051646,1,I,228,5
63.4995465877532,68.8303631938898,45.4498409014195,18.0497056863337,1,C,229,5
73.6567098499123,72,45.8760597277433,26.1239402722567,0,I,230,5
69.3079607652513,72,45.9506791876629,23.3572815775884,1,C,231,5
154.433347992767,54.502385351592,45.9692444046959,8.5331409468961,0,I,232,5
97.3255188833341,72,45.9763715788722,26.0236284211278,0,C,233,5
47.9032837459261,72,46.0853177960962,1.81796594982987,1,I,234,5
52.8302635531908,57.0023248968743,46.2394101871178,6.59085336607307,1,C,235,5
79.8367232142623,72,46.2593583762646,25.7406416237354,0,I,236,5
84.6099088014238,72,46.3328751828522,25.6671248171479,0,C,237,5
95.5735738651834,72,46.3397866208106,25.6602133791894,0,I,238,5
79.547946874015,50.9217106567678,46.678717341274,4.24299331549381,0,C,239,5
84.7821680837354,72,46.7578068282455,25.2421931717545,0,I,240,5
81.3318006286706,70.6676136157874,46.8050719890744,23.8625416267131,0,C,241,5
56.9481854420951,72,46.9990038592368,9.94918158285829,1,I,242,5
79.9678733851514,72,47.1187790343538,24.8812209656462,0,C,243,5
66.3104359593691,72,47.2412433894351,19.069192569934,1,I,244,5
91.3757243808765,72,47.3657211894169,24.6342788105831,0,C,245,5
61.4609385369219,72,47.7772762952372,13.6836622416847,1,I,246,5
52.6462122131374,72,48.1036673393101,4.54254487382738,1,C,247,5
80.1131426096363,72,48.1537145795301,23.8462854204699,0,I,248,5
54.1422576859001,72,48.4010217245668,5.7412359613333,1,C,249,5
49.4439678980447,72,48.4829331608489,0.961034737195809,1,I,250,5
188.083785353984,72,48.5906275967136,23.4093724032864,0,C,251,5
110.470383208523,72,48.8134657451883,23.1865342548117,0,I,252,5
116.635404999019,72,49.5218594837934,22.4781405162066,0,C,253,5
50.2983158780828,72,50.1382357953116,0.160080082771211,1,I,254,5
105.153272826344,72,50.3058334439993,21.6941665560007,0,C,255,5
56.9897469785275,72,50.672082756646,6.31766422188147,1,I,256,5
121.511849366587,72,50.9932453930378,21.0067546069622,0,C,257,5
59.1868253299981,72,51.017616391182,8.16920893881619,1,I,258,5
143.368767733828,72,51.0524308355525,20.9475691644475,0,C,259,5
90.5663932569552,72,51.0637600533664,20.9362399466336,0,I,260,5
95.6745082368848,72,51.176472203806,20.823527796194,0,C,261,5
110.128490895829,72,51.2029991811141,20.7970008188859,0,I,262,5
107.480835044405,72,51.5181008493528,20.4818991506472,0,C,263,5
57.8236684235464,72,51.7039779061452,6.1196905174012,1,I,264,5
53.1300483620932,72,51.7512764269486,1.37877193514457,1,C,265,5
65.2481700774315,72,51.9304883200675,13.317681757364,1,I,266,5
56.3200424656374,72,52.0773265091702,4.24271595646715,1,C,267,5
89.3826850209145,72,52.1356286387891,19.8643713612109,0,I,268,5
61.3219741364433,72,52.2954210871831,9.02655304926026,1,C,269,5
78.2598464066847,72,52.4104008637369,19.5895991362631,0,I,270,5
149.158981641095,72,52.9416384827346,19.0583615172654,0,C,271,5
59.4733293796423,72,52.9755768366158,6.49775254302647,1,I,272,5
102.624254807566,72,53.0229060351849,18.9770939648151,0,C,273,5
106.209736553336,72,53.1404578126967,18.8595421873033,0,I,274,5
73.0754420118366,72,53.2411211449653,18.7588788550347,0,C,275,5
151.741310571074,72,53.3153348928317,18.6846651071683,0,I,276,5
81.8686430194684,72,53.3225330756977,18.6774669243023,0,C,277,5
97.9304980769787,72,53.3895470201969,18.6104529798031,0,I,278,5
70.875473443653,72,53.5488658910617,17.3266075525912,1,C,279,5
76.6487013104919,72,53.5491237184033,18.4508762815967,0,I,280,5
84.6720253481493,72,53.6900972994044,18.3099027005956,0,C,281,5
94.6615082466766,72,53.7309850752354,18.2690149247646,0,I,282,5
82.0999987662566,72,53.9691102644429,18.0308897355571,0,C,283,5
78.4220030282773,72,53.9835808239877,18.0164191760123,0,I,284,5
64.3774699881074,72,54.1033074539155,10.2741625341919,1,C,285,5
62.7810955152112,72,54.2339129559696,8.54718255924158,1,I,286,5
57.3039342005095,72,54.9212604342029,2.38267376630662,1,C,287,5
55.7569109949544,72,55.109099233523,0.647811761431408,1,I,288,5
73.2820518683566,68.2521040411049,55.3268880955875,12.9252159455174,0,C,289,5
151.799242562314,72,55.3552194451913,16.6447805548087,0,I,290,5
58.6252502103906,72,55.3762028552592,3.24904735513142,1,C,291,5
60.0593472418884,72,55.5237317690626,4.53561547282586,1,I,292,5
172.374705840881,72,55.7068127626553,16.2931872373447,0,C,293,5
74.6648748157373,72,55.7473803218454,16.2526196781546,0,I,294,5
160.328538431285,72,55.9866524767131,16.0133475232869,0,C,295,5
94.7330125789353,72,56.0227514477447,15.9772485522553,0,I,296,5
101.96191965696,72,56.1418989859521,15.8581010140479,0,C,297,5
78.3082214027677,72,56.3630744023249,15.6369255976751,0,I,298,5
62.3228075095122,72,56.3958446541801,5.92696285533213,1,C,299,5
69.1508245013897,72,56.5415669186041,12.6092575827856,1,I,300,5
60.5801382732297,72,56.711152321659,3.86898595157062,1,C,301,5
110.25208154166,72,56.765570207499,15.234429792501,0,I,302,5
63.3636270549209,72,56.8021698435769,6.56145721134405,1,C,303,5
119.060833713057,72,57.1229531010613,14.8770468989387,0,I,304,5
94.4637881166343,72,57.2018880257383,14.7981119742617,0,C,305,5
76.4433347596506,72,57.2245573997498,14.7754426002502,0,I,306,5
113.801615281477,72,57.3700328869745,14.6299671130255,0,C,307,5
79.8350757484313,72,57.5978734670207,14.4021265329793,0,I,308,5
109.229521466156,72,57.6041993033141,14.3958006966859,0,C,309,5
89.7450454160296,72,57.8418389009312,14.1581610990688,0,I,310,5
160.748109670994,70.8822615551305,57.9912122804672,12.8910492746633,0,C,311,5
61.7464764246777,72,58.2365143904463,3.50996203423142,1,I,312,5
82.7939934759054,72,58.318457454443,13.681542545557,0,C,313,5
92.1613184977447,72,58.4174022870138,13.5825977129862,0,I,314,5
58.941975926868,72,58.6179353250191,0.324040601848935,1,C,315,5
60.2907767455949,72,59.0194649202749,1.27131182531993,1,I,316,5
80.3794575937146,72,59.0761372447014,12.9238627552986,0,C,317,5
61.1451715409642,72,59.2721714777872,1.87300006317702,1,I,318,5
80.9860084083196,66.7471752727301,59.2830308759585,7.4641443967716,0,C,319,5
61.6520165299624,72,59.653142709285,1.99887382067732,1,I,320,5
257.437429753622,72,59.6631903480738,12.3368096519262,0,C,321,5
132.114921030029,72,59.7269140603021,12.2730859396979,0,I,322,5
100.318088145346,72,59.8631462780759,12.1368537219241,0,C,323,5
30.9791542372535,0.603753874168155,0.0188602600246668,0.584893614143488,0,C,1,6
31.8692645191501,72,0.360675221309066,31.508589297841,1,I,2,6
0.630635384136265,72,0.488198683597148,0.142436700539117,1,C,3,6
11.4223307889783,72,0.587805141694844,10.8345256472834,1,I,4,6
3.2625679243742,72,0.655407831072807,2.60716009330139,1,C,5,6
116.159834739263,72,0.809545707888901,71.1904542921111,0,I,6,6
117.404894154285,72,1.13435116130859,70.8656488386914,0,C,7,6
51.0051229902608,72,1.25082816928625,49.7542948209746,1,I,8,6
12.5539451108594,72,1.69594617560506,10.8579989352543,1,C,9,6
29.4491041156603,72,1.73826333135366,27.7108407843066,1,I,10,6
20.5561562658095,72,2.02043888624758,18.535717379562,1,C,11,6
2.36383941307693,72,2.326550334692,0.0372890783849259,1,I,12,6
35.4350769799241,72,2.58369587827474,32.8513811016494,1,C,13,6
9.76110479047763,72,2.83852828200907,6.92257650846857,1,I,14,6
14.4560036003982,72,3.12821775209159,11.3277858483066,1,C,15,6
25.4332063183525,70.7035286226968,3.49937151186168,21.9338348064908,1,I,16,6
25.1635786984382,72,3.65726485848427,21.5063138399539,1,C,17,6
7.53406624103497,72,3.83908860851079,3.69497763252418,1,I,18,6
5.28366248749339,63.2937874827566,3.92725618556142,1.35640630193197,1,C,19,6
24.6439470788201,72,3.93546593841165,20.7084811404085,1,I,20,6
27.2845107893423,72,3.95147067960352,23.3330401097387,1,C,21,6
6.36095760086941,62.99199270694,4.02568444143981,2.3352731594296,1,I,22,6
74.6810702557446,72,4.02927981689572,67.9707201831043,0,C,23,6
22.1473645539064,21.8522177665833,4.12593673914671,17.7262810274365,0,I,24,6
63.019915553451,72,4.26793924067169,58.7519763127794,1,C,25,6
30.1342823505475,72,4.35693760402501,25.7773447465224,1,I,26,6
24.7840120858909,23.7689353794802,4.37495106831193,19.3939843111683,0,C,27,6
28.3092323357309,34.1321686501713,4.51614952180535,23.7930828139256,1,I,28,6
7.48486022384231,72,4.5788915315643,2.90596869227801,1,C,29,6
25.5790596558458,72,4.73048175685108,20.8485778989948,1,I,30,6
51.3201714750973,72,4.73778863903135,46.5823828360659,1,C,31,6
32.1513000698119,35.4976083605312,4.7767878184095,27.3745122514024,1,I,32,6
15.4008671693293,26.5201285435547,4.94771549943835,10.453151669891,1,C,33,6
81.9127805687683,13.5230305194364,5.31349478289485,8.20953573654158,0,I,34,6
5.8210237588877,20.7418117146909,5.32147788908333,0.499545869804375,1,C,35,6
17.9190863460157,72,5.49854115117341,12.4205451948423,1,I,36,6
46.3282725826499,57.7739985443157,6.01490098983049,40.3133715928194,1,C,37,6
20.6920125074243,72,6.01943761110306,14.6725748963213,1,I,38,6
7.43813273682062,72,6.26914420165122,1.1689885351694,1,C,39,6
10.782633863252,72,6.57292011659592,4.20971374665609,1,I,40,6
28.4503482091196,72,6.62192459218204,21.8284236169375,1,C,41,6
13.215507903717,72,6.80291972123087,6.41258818248609,1,I,42,6
19.293009439038,72,7.08813715260476,12.2048722864333,1,C,43,6
84.6743048271688,72,7.18808895908296,64.811911040917,0,I,44,6
18.9628582291955,72,7.31648785527796,11.6463703739175,1,C,45,6
29.1860308542932,72,7.43631504010409,21.7497158141891,1,I,46,6
63.0035068169156,12.9604943379216,7.61877307668328,5.34172126123828,0,C,47,6
32.1648392705652,72,7.78360501863062,24.3812342519346,1,I,48,6
20.3156660083098,72,8.01539564039558,12.3002703679143,1,C,49,6
43.9752010958606,72,8.03244853857905,35.9427525572816,1,I,50,6
29.751436826502,58.9499384933697,8.20637593511492,21.5450608913871,1,C,51,6
14.680632118005,72,8.2640821672976,6.41654995070736,1,I,52,6
36.0915120530325,72,8.44334442168474,27.6481676313478,1,C,53,6
45.8022120803643,72,8.77872195560485,37.0234901247594,1,I,54,6
43.4208315397122,72,8.96054451819509,34.4602870215171,1,C,55,6
47.2858315804075,72,9.13333247881383,38.1524991015937,1,I,56,6
42.5510749005062,72,9.18571839574724,33.3653565047589,1,C,57,6
36.262938631191,72,9.26811602432281,26.9948226068682,1,I,58,6
95.5615165182714,72,9.51336034107953,62.4866396589205,0,C,59,6
59.487798915012,72,9.88068006467074,49.6071188503412,1,I,60,6
27.2874067287524,72,9.982676259242,17.3047304695104,1,C,61,6
20.2567966127945,72,10.1359461899847,10.1208504228098,1,I,62,6
18.6272218156107,72,10.3578959405422,8.26932587506846,1,C,63,6
10.5789460000276,72,10.374343469739,0.20460253028867,1,I,64,6
66.1842243039937,72,10.5810193531215,55.6032049508722,1,C,65,6
40.8206453297425,72,10.8769061230123,29.9437392067302,1,I,66,6
56.2478926009289,72,11.1435117200017,45.1043808809272,1,C,67,6
49.4367304906892,72,11.1711063282564,38.2656241624328,1,I,68,6
79.4914311736028,72,11.7509701615199,60.2490298384801,0,C,69,6
64.3480213263221,72,11.7606011638418,52.5874201624803,1,I,70,6
54.8150612411642,72,12.0790423778817,42.7360188632825,1,C,71,6
24.309018151803,72,12.2498278878629,12.0591902639401,1,I,72,6
13.2238937029237,72,12.7361665153876,0.487727187536061,1,C,73,6
23.7455553573988,72,12.8267871262506,10.9187682311483,1,I,74,6
45.3421643529579,32.7552762199234,12.870381125249,19.8848950946745,0,C,75,6
24.3648357923591,72,13.7496602442116,10.6151755481475,1,I,76,6
175.351184674761,72,14.1277037188411,57.8722962811589,0,C,77,6
90.2727872894933,72,14.1391600202769,57.8608399797231,0,I,78,6
16.322914711438,60.9086765822676,14.2103809956461,2.11253371579187,1,C,79,6
26.1443271792172,72,14.2416279902682,11.902699188949,1,I,80,6
14.9782590343508,38.3393297344461,14.2765597114339,0.701699322916817,1,C,81,6
16.0015936410305,72,14.7424733592197,1.2591202818108,1,I,82,6
18.0357733179661,72,14.8798060230911,3.15596729487502,1,C,83,6
56.5968897236292,72,15.0996373733506,41.4972523502786,1,I,84,6
133.951715014934,72,15.5934044066817,56.4065955933183,0,C,85,6
62.1741615457312,72,15.9719083970413,46.20225314869,1,I,86,6
67.1487813037928,72,16.051282742992,51.0974985608008,1,C,87,6
35.4374874347969,72,16.110132210888,19.3273552239089,1,I,88,6
28.3869988699511,72,16.1779165221378,12.2090823478133,1,C,89,6
52.0709156726769,72,16.4539972599596,35.6169184127173,1,I,90,6
105.345235011139,72,16.5083802910522,55.4916197089478,0,C,91,6
86.8138513220883,72,16.6043057106435,55.3956942893565,0,I,92,6
72.1413475064053,55.1063614465087,16.609501359053,38.4968600874558,0,C,93,6
27.3037402108136,72,16.653054705821,10.6506855049927,1,I,94,6
29.0392316758157,72,17.5325790653005,11.5066526105151,1,C,95,6
28.0795230870339,49.7016076587082,17.5608144002035,10.5187086868303,1,I,96,6
45.7729970491066,72,18.1816444639117,27.5913525851949,1,C,97,6
79.5409921738901,62.5574113780214,18.2711752178147,44.2862361602067,0,I,98,6
35.8982843949505,44.9546171473758,18.5412142938003,17.3570701011502,1,C,99,6
60.5132424747955,72,18.7401781417429,41.7730643330525,1,I,100,6
67.8708208407654,72,18.8589465804398,49.0118742603256,1,C,101,6
37.3983612400829,30.7476945796425,18.8644827716053,11.8832118080372,0,I,102,6
95.8276319459536,72,18.9558077137917,53.0441922862083,0,C,103,6
40.8983423090369,71.5860156857222,18.9759496087208,21.9223927003161,1,I,104,6
47.6084354930429,72,19.1045139776543,28.5039215153886,1,C,105,6
76.7626285895139,72,19.1438966291025,52.8561033708975,0,I,106,6
19.2008531543967,72,19.1515518492088,0.0493013051878775,1,C,107,6
22.2054954408025,72,19.175710324198,3.0297851166045,1,I,108,6
113.955976241123,72,19.5424767583609,52.4575232416391,0,C,109,6
44.9092678549006,72,19.5741829974577,25.3350848574429,1,I,110,6
31.858187445159,63.1990595042257,19.641717444174,12.216470000985,1,C,111,6
41.8392037610115,72,20.1417113374919,21.6974924235196,1,I,112,6
39.4677925309249,72,20.4447393491864,19.0230531817384,1,C,113,6
23.6519178194542,72,20.6065111001953,3.04540671925884,1,I,114,6
52.8278755241737,72,20.7163674384356,32.1115080857382,1,C,115,6
25.327053793014,41.5707970781172,20.9094316000119,4.41762219300207,1,I,116,6
25.5747738228153,72,20.9106496302411,4.66412419257423,1,C,117,6
53.8567768767645,72,21.0401630261913,32.8166138505732,1,I,118,6
35.0242128776699,72,21.2183006247506,13.8059122529194,1,C,119,6
53.2158636375906,72,21.4837503153831,31.7321133222076,1,I,120,6
30.8611944414277,72,21.5854727709666,9.27572167046106,1,C,121,6
34.7950072188601,22.0496909515119,21.5994017897174,0.450289161794565,0,I,122,6
47.6246307601513,72,21.7486387537792,25.8759920063721,1,C,123,6
54.5427718349657,41.4298935328428,21.9224047847092,19.5074887481336,0,I,124,6
25.2651291837591,59.7082937530048,22.1848921570927,3.0802370266664,1,C,125,6
123.696261477482,43.1703229031775,22.3307467298582,20.8395761733192,0,I,126,6
45.6856802951469,72,22.3725284216926,23.3131518734544,1,C,127,6
87.7597251393238,72,22.3937007598579,49.6062992401421,0,I,128,6
44.5110445322391,33.3256830531482,22.4073264934123,10.9183565597359,0,C,129,6
42.02968915325,72,22.4539185874164,19.5757705658336,1,I,130,6
66.9603050190472,72,22.7156652230769,44.2446397959703,1,C,131,6
27.2514962397391,72,22.7468270435929,4.50466919614612,1,I,132,6
63.3118167113251,72,22.7541614603251,40.557655251,1,C,133,6
54.7343851200998,60.8361761736372,23.0733513040468,31.661033816053,1,I,134,6
50.1140896878532,72,23.0978858890012,27.016203798852,1,C,135,6
100.300884233007,72,23.5326625267044,48.4673374732956,0,I,136,6
39.9923317701407,72,23.5360939521343,16.4562378180064,1,C,137,6
43.5504832495069,72,23.7247661082074,19.8257171412994,1,I,138,6
25.0460851835024,72,23.745070360601,1.30101482290142,1,C,139,6
28.2411441181715,72,24.1258450085297,4.11529910964173,1,I,140,6
105.547898589691,72,24.4223477644846,47.5776522355154,0,C,141,6
204.884629055201,70.500612097543,24.8288591019809,45.6717529955621,0,I,142,6
36.3955682851607,30.9808793035964,25.0785084581003,5.90237084549614,0,C,143,6
26.8446768463432,72,25.1323366910219,1.71234015532124,1,I,144,6
49.7888590701867,72,25.2904866496101,24.4983724205766,1,C,145,6
51.3057084895332,72,25.8260901505128,25.4796183390204,1,I,146,6
37.310572683361,72,25.8295976137742,11.4809750695868,1,C,147,6
34.0678224385591,72,26.2154735857621,7.852348852797,1,I,148,6
120.694967105506,72,26.853888630867,45.146111369133,0,C,149,6
100.929268810797,53.1493774970601,27.424376453273,25.7250010437871,0,I,150,6
29.1020225068344,72,27.7350419573486,1.36698054948582,1,C,151,6
37.8614561345713,72,27.8890152135864,9.9724409209849,1,I,152,6
62.964620148195,72,27.9256932204589,35.038926927736,1,C,153,6
73.568228980295,72,28.0197236593813,43.9802763406187,0,I,154,6
61.4827286411392,72,28.0388050200418,33.4439236210974,1,C,155,6
81.2020472158976,72,28.0443303426728,43.9556696573272,0,I,156,6
52.8889483072897,72,28.2479452947155,24.6410030125742,1,C,157,6
65.3165480856591,72,28.3014041371644,37.0151439484948,1,I,158,6
62.6766156872231,72,28.5055069159716,34.1711087712514,1,C,159,6
36.3005257542064,72,28.7605493562296,7.53997639797682,1,I,160,6
79.3974198880693,72,28.9496888313442,43.0503111686558,0,C,161,6
30.5410928718909,72,29.0303888032213,1.51070406866963,1,I,162,6
70.9364072910955,63.5947503887237,29.1059271013364,34.4888232873873,0,C,163,6
33.5972696329495,72,29.2542081233114,4.34306150963814,1,I,164,6
32.5551475495689,72,29.2699900595471,3.28515749002176,1,C,165,6
107.037764737074,30.9849411922944,29.7343457071111,1.25059548518329,0,I,166,6
31.4577146260832,72,29.7792105283588,1.67850409772435,1,C,167,6
38.4080622622311,72,29.9160300381482,8.49203222408293,1,I,168,6
52.0633651977629,72,29.9502369901165,22.1131282076463,1,C,169,6
44.8979078144521,72,30.1282204175368,14.7696873969154,1,I,170,6
62.4500880860343,43.2129192451972,30.332163842395,12.8807554028023,0,C,171,6
40.1018560420026,54.5351440484362,30.4708546539769,9.63100138802572,1,I,172,6
49.1618187874928,72,30.5737958382815,18.5880229492112,1,C,173,6
89.0626351527532,72,31.0455819312483,40.9544180687517,0,I,174,6
45.1407527662728,72,31.1924643209204,13.9482884453524,1,C,175,6
39.9783977756703,72,31.3109391136095,8.6674586620608,1,I,176,6
70.1249826323742,72,31.4200921542943,38.70489047808,1,C,177,6
52.1209469122168,72,31.5409642551094,20.5799826571073,1,I,178,6
36.3583104935205,72,31.6162626771256,4.74204781639483,1,C,179,6
89.6387623965347,72,31.7281740205362,40.2718259794638,0,I,180,6
92.1184997785035,34.1719288284898,31.7893870314583,2.38254179703149,0,C,181,6
117.138670056401,62.0054991148063,32.2198876412585,29.7856114735477,0,I,182,6
45.2965195866627,72,32.3859274154529,12.9105921712098,1,C,183,6
34.4453776254934,72,32.5028985226527,1.94247910284073,1,I,184,6
37.4570219378201,72,33.1426598411053,4.31436209671477,1,C,185,6
39.5476122648122,72,33.4278689604253,6.11974330438693,1,I,186,6
41.4298253694728,56.7215612872597,33.6773446993902,7.75248067008259,1,C,187,6
39.191852307534,72,33.6865973286331,5.50525497890092,1,I,188,6
84.129491615294,72,33.7111314246431,38.2888685753569,0,C,189,6
48.6923950509175,72,33.8105355156586,14.881859535259,1,I,190,6
43.1832333256811,72,34.0519471652806,9.13128616040051,1,C,191,6
89.3714377686681,72,34.075539750047,37.924460249953,0,I,192,6
34.9165978715916,67.0532806567842,34.1178889945149,0.79870887707668,1,C,193,6
44.8692438173809,72,34.2909107822925,10.5783330350885,1,I,194,6
51.0957315986761,72,34.4146199757233,16.6811116229527,1,C,195,6
58.6620101739888,72,34.4351214542985,24.2268887196903,1,I,196,6
48.7665680337912,72,34.7332871519029,14.0332808818883,1,C,197,6
66.8129753617553,44.6460060558138,35.3562429361045,9.28976311970928,0,I,198,6
110.084150607319,72,35.3673386480659,36.6326613519341,0,C,199,6
79.8467124816848,72,36.4212755486369,35.5787244513631,0,I,200,6
36.8609718856573,72,36.4929323131219,0.368039572535488,1,C,201,6
62.2776645386224,64.5432478166516,36.710469215177,25.5671953234454,1,I,202,6
63.7580212279407,72,36.8584275897592,26.8995936381815,1,C,203,6
55.6936149745132,72,36.9025488803163,18.7910660941968,1,I,204,6
96.3292963239952,72,37.3768834630027,34.6231165369973,0,C,205,6
40.1358391051582,72,37.5433400971815,2.59249900797668,1,I,206,6
70.5166962800976,72,37.8374846465886,32.679211633509,1,C,207,6
39.8954905177578,72,37.9434829764068,1.95200754135098,1,I,208,6
88.3085762443036,72,37.9680201597512,34.0319798402488,0,C,209,6
38.2378458706217,72,38.2326992880553,0.00514658256635132,1,I,210,6
63.4755110875166,72,38.4423135593534,25.0331975281633,1,C,211,6
46.7975706449114,72,38.4503786824644,8.34719196244706,1,I,212,6
67.3003053747671,72,38.6179715814069,28.6823337933602,1,C,213,6
46.9402029757226,72,38.918879404664,8.02132357105859,1,I,214,6
161.866363769976,72,38.9385054493323,33.0614945506677,0,C,215,6
72.9413713449701,72,39.0190314827487,32.9809685172513,0,I,216,6
41.2455988032835,72,39.1761738527566,2.06942495052687,1,C,217,6
67.644570088178,72,39.3501527002081,28.2944173879699,1,I,218,6
49.0503802964377,72,39.393485407345,9.65689488909266,1,C,219,6
74.6617658064224,72,39.4206362357363,32.5793637642637,0,I,220,6
71.3061328291694,72,39.5445858221501,31.7615470070193,1,C,221,6
81.937991189279,72,39.6590696135536,32.3409303864464,0,I,222,6
40.6114518944916,72,40.287358649075,0.324093245416528,1,C,223,6
84.231913058613,72,40.9609720576555,31.0390279423446,0,I,224,6
137.736530294642,72,40.9967317152768,31.0032682847232,0,C,225,6
44.6172068089904,72,41.2807009695098,3.33650583948065,1,I,226,6
80.3994258081205,72,41.4049602812156,30.5950397187844,0,C,227,6
48.3173080692267,72,41.5129328984767,6.80437517074993,1,I,228,6
139.594477150156,72,41.5709079382941,30.4290920617059,0,C,229,6
51.7228654477653,72,42.2316124616191,9.49125298614622,1,I,230,6
100.327401496931,72,42.2923996858299,29.7076003141701,0,C,231,6
74.9900956864855,72,42.452357984148,29.547642015852,0,I,232,6
44.3106016411556,72,42.7599233016372,1.55067833951838,1,C,233,6
86.1248700550597,72,42.842051256448,29.157948743552,0,I,234,6
53.8069542829918,72,43.0205917311832,10.7863625518086,1,C,235,6
76.1113883860744,72,43.0791621375829,28.9208378624171,0,I,236,6
67.5789173428525,72,43.4344044467434,24.1445128961091,1,C,237,6
64.5165144875664,72,43.4807606739923,21.0357538135741,1,I,238,6
108.556758830198,72,43.6087801214308,28.3912198785692,0,C,239,6
49.52520139136,72,43.7539456039667,5.77125578739332,1,I,240,6
47.947152329679,72,43.9365879865363,4.01056434314269,1,C,241,6
44.4348657355094,72,44.30252938997,0.132336345539345,1,I,242,6
51.8070371959039,72,44.4433091813698,7.36372801453401,1,C,243,6
54.9951047845648,72,44.6314938878641,10.3636108967007,1,I,244,6
114.759013316084,72,44.7363873291761,27.2636126708239,0,C,245,6
50.9138797440786,72,44.7960420744494,6.11783766962928,1,I,246,6
101.821748020455,72,45.2544700540602,26.7455299459398,0,C,247,6
66.287953366801,72,45.4654132761061,20.8225400906949,1,I,248,6
60.7479073897363,72,45.8732274547219,14.8746799350144,1,C,249,6
55.6601192113244,72,45.9042725572363,9.75584665408815,1,I,250,6
67.4490075587504,72,46.0440736217424,21.404933937008,1,C,251,6
54.9198271373129,72,46.8188056536019,8.10102148371105,1,I,252,6
71.210651088738,66.4476597304544,46.8688208051026,19.5788389253518,0,C,253,6
54.6430017821571,72,47.0584964565933,7.58450532556383,1,I,254,6
58.0295299358184,56.0764517833507,47.1415102109313,8.93494157241938,0,C,255,6
48.0019642977056,72,47.5670115184039,0.434952779301669,1,I,256,6
89.7391842527571,60.4545186060275,47.6302632177249,12.8242553883027,0,C,257,6
55.3686198970775,72,47.6499525038526,7.71866739322498,1,I,258,6
82.2901826240948,72,47.7944710850716,24.2055289149284,0,C,259,6
104.688476059097,72,47.8946574870497,24.1053425129503,0,I,260,6
70.3290929469855,72,48.8508203113452,21.4782726356404,1,C,261,6
147.296104584989,72,48.8840706227347,23.1159293772653,0,I,262,6
87.1537159217715,72,48.9289189316332,23.0710810683668,0,C,263,6
118.765376251598,72,49.1369782481343,22.8630217518657,0,I,264,6
58.6492457780676,56.9359946671456,49.2075083451346,7.72848632201107,0,C,265,6
64.6670065026513,72,49.2164043802768,15.4506021223745,1,I,266,6
52.136570157458,72,49.4602252822369,2.67634487522109,1,C,267,6
62.4097701330108,72,49.5500649372116,12.8597051957992,1,I,268,6
73.0284981323938,72,49.6957392990589,22.3042607009411,0,C,269,6
63.8276980486773,72,49.920868864283,13.9068291843944,1,I,270,6
116.448807664597,72,50.240618227981,21.759381772019,0,C,271,6
107.072073063377,72,50.5738440714777,21.4261559285224,0,I,272,6
87.0064159469852,72,51.058404436335,20.941595563665,0,C,273,6
61.5166001207435,72,51.3504650909454,10.1661350297982,1,I,274,6
63.2237317452979,72,52.0694539183751,11.1542778269228,1,C,275,6
125.207406362719,72,52.2181263193488,19.7818736806512,0,I,276,6
76.2731913393965,72,52.8285475261509,19.1714524738491,0,C,277,6
57.6147358632404,59.330723652231,52.8906009206548,4.72413494258558,1,I,278,6
86.1192150118978,72,53.4870420210064,18.5129579789937,0,C,279,6
59.7038581880586,72,53.6773988977075,6.02645929035117,1,I,280,6
131.415446871668,72,53.7086823536083,18.2913176463917,0,C,281,6
54.7747906106407,72,53.7435051519424,1.03128545869833,1,I,282,6
159.111417808065,72,54.1732020210475,17.8267979789525,0,C,283,6
111.80981719535,72,54.2797225434333,17.7202774565667,0,I,284,6
119.434814504596,72,54.3093038862571,17.6906961137429,0,C,285,6
78.9825906415501,72,54.3831276800484,17.6168723199517,0,I,286,6
76.5101911468665,72,54.4991224631667,17.5008775368333,0,C,287,6
54.7752149145525,72,54.5067446585745,0.268470255978018,1,I,288,6
70.6869399714448,72,54.5967301446945,16.0902098267503,1,C,289,6
90.166867947761,72,54.6375885140151,17.3624114859849,0,I,290,6
149.171525683735,72,54.6398071898148,17.3601928101853,0,C,291,6
58.2816244741466,72,54.6461586467922,3.63546582735439,1,I,292,6
66.6786074665505,72,54.9081379920244,11.7704694745261,1,C,293,6
100.87204505084,72,55.041318484582,16.958681515418,0,I,294,6
74.0877775808297,72,55.2948755817488,16.7051244182512,0,C,295,6
57.1221746892302,72,55.3752785269171,1.74689616231311,1,I,296,6
65.8307788894011,72,55.6828471412882,10.1479317481129,1,C,297,6
77.0405121299618,72,55.8189083542675,16.1810916457325,0,I,298,6
59.6814929152381,72,56.2239044671878,3.45758844805029,1,C,299,6
59.9866060554876,72,56.242747977376,3.74385807811163,1,I,300,6
63.6811421747802,72,56.4122043829411,7.26893779183909,1,C,301,6
158.145331070028,72,56.4860306633636,15.5139693366364,0,I,302,6
61.9920822691349,72,56.9705331791192,5.02154909001563,1,C,303,6
60.0266456158507,72,57.1000873250887,2.926558290762,1,I,304,6
59.3529148498137,72,57.2268460225314,2.12606882728228,1,C,305,6
78.2485243128254,72,57.7809263812378,14.2190736187622,0,I,306,6
91.7259087559121,60.3284071509169,57.8988463059068,2.42956084501015,0,C,307,6
90.0377952499382,72,57.9154255567119,14.0845744432881,0,I,308,6
90.7366130385922,72,58.0805274518207,13.9194725481793,0,C,309,6
99.779670012028,72,58.3546825032681,13.6453174967319,0,I,310,6
63.809363884681,72,58.8835792383179,4.9257846463631,1,C,311,6
80.513583715886,64.1732658152637,58.9128914102912,5.26037440497247,0,I,312,6
84.9449281026266,72,58.973169378005,13.026830621995,0,C,313,6
91.8527201597925,72,59.0282216621563,12.9717783378437,0,I,314,6
73.962007893741,72,59.1972880996764,12.8027119003236,0,C,315,6
63.1424696069947,72,59.3265920877457,3.81587751924905,1,I,316,6
87.962778492622,72,59.5505459513515,12.4494540486485,0,C,317,6
135.538520016402,72,59.8550223978236,12.1449776021764,0,I,318,6
0.878948061267444,72,0.225731902755797,0.653216158511647,1,I,1,7
15.8841358741829,72,0.527656464837492,15.3564794093454,1,C,2,7
18.5094362301371,72,0.823991359211505,17.6854448709256,1,I,3,7
69.6245249297141,72,1.15887688938528,68.4656480403288,1,C,4,7
5.92631287710336,72,1.65580478031188,4.27050809679148,1,I,5,7
30.6816811734585,72,1.68087382335216,29.0008073501063,1,C,6,7
13.8083990751216,72,1.93296127952635,11.8754377955953,1,I,7,7
64.2834735518918,72,2.09322335198522,62.1902501999066,1,C,8,7
73.3370690580809,72,2.14151356369257,69.8584864363074,0,I,9,7
15.3598031678606,9.26794176931735,2.24605425260961,7.02188751670774,0,C,10,7
7.99464117330891,72,2.30848009698093,5.68616107632798,1,I,11,7
5.26593656703573,72,2.37269361969084,2.8932429473449,1,C,12,7
45.4659875126658,72,2.451430731453,43.0145567812127,1,I,13,7
5.28941957693612,72,2.95669144950807,2.33272812742805,1,C,14,7
29.4141258065081,72,3.24334221426398,26.1707835922441,1,I,15,7
8.86050273718899,72,3.24915041215718,5.61135232503181,1,C,16,7
32.9601380142912,72,3.3731676125899,29.5869704017013,1,I,17,7
6.34947874433075,72,3.67033323738724,2.67914550694351,1,C,18,7
48.5419217328114,72,4.00856492109597,44.5333568117155,1,I,19,7
8.1641237109898,72,4.156016218476,4.00810749251381,1,C,20,7
18.4497673344178,72,4.3293025251478,14.1204648092701,1,I,21,7
29.8103151594464,72,4.33010471519083,25.4802104442556,1,C,22,7
8.18424338099692,9.50399119328151,4.35841372702271,3.82582965397421,1,I,23,7
35.178399967188,30.42711644454,4.86133493017405,25.5657815143659,0,C,24,7
49.0962477589602,72,4.95080195367336,44.1454458052868,1,I,25,7
34.0932116213863,52.6064248735523,5.02657416276634,29.06663745862,1,C,26,7
17.6024778477233,41.3418774960804,5.04451523534954,12.5579626123738,1,I,27,7
76.8925117871833,72,5.32789003103972,66.6721099689603,0,C,28,7
19.6138302183697,31.5420099265049,5.38620235864073,14.2276278597289,1,I,29,7
78.9641836005732,72,5.41203148663044,66.5879685133696,0,C,30,7
41.8000906295009,72,5.48922550398856,36.3108651255123,1,I,31,7
18.9343514590625,56.890400613795,5.55090228561312,13.3834491734494,1,C,32,7
23.2597590592951,72,5.56542336009443,17.6943356992007,1,I,33,7
14.8463707810553,72,5.98541087005287,8.86095991100246,1,C,34,7
27.9290213825018,72,6.04917672928423,21.8798446532176,1,I,35,7
32.1867886021639,72,6.08322548680008,26.1035631153638,1,C,36,7
54.8784330995752,53.9887145715124,6.08433710876852,47.9043774627439,0,I,37,7
69.9792156325125,72,6.10512376762927,63.8740918648832,1,C,38,7
12.7042045393181,72,6.23639929108322,6.4678052482349,1,I,39,7
7.13121726992995,72,6.51976738125086,0.611449888679091,1,C,40,7
35.2915381055295,32.0927054241134,6.66114232968539,25.431563094428,0,I,41,7
43.9929774217579,25.3713472747391,7.2931226156652,18.0782246590739,0,C,42,7
36.1940855209064,37.1795161402169,7.48785572592169,28.7062297949847,1,I,43,7
25.8174764465057,72,7.58499297313392,18.2324834733717,1,C,44,7
20.2355397069431,72,7.68149191047996,12.5540477964631,1,I,45,7
53.7995242992459,72,7.80629967804998,45.9932246211959,1,C,46,7
29.6592953468264,72,8.28877223655582,21.3705231102706,1,I,47,7
58.0826242792952,39.9545802702607,8.5898301936686,31.3647500765921,0,C,48,7
26.4288256072482,72,8.83953425567597,17.5892913515722,1,I,49,7
14.9613555259811,72,9.00373523589224,5.95762029008881,1,C,50,7
36.1400549824407,72,9.09100967925042,27.0490453031903,1,I,51,7
38.847390828704,11.8065754911706,9.47269775904715,2.33387773212346,0,C,52,7
23.7222639973105,72,9.85665620304644,13.865607794264,1,I,53,7
46.7849638630914,72,9.92806829977781,36.8568955633136,1,C,54,7
24.9846385149254,72,10.1156574022025,14.8689811127229,1,I,55,7
36.7085163039179,72,10.5575920734555,26.1509242304624,1,C,56,7
198.002791392722,72,10.6088072480634,61.3911927519366,0,I,57,7
50.5647866289114,72,10.7419243315235,39.8228622973879,1,C,58,7
22.15220003814,72,10.7430543098599,11.4091457282801,1,I,59,7
25.7455570177595,72,11.0720487730578,14.6735082447017,1,C,60,7
14.7560795944355,72,11.0737380478531,3.6823415465824,1,I,61,7
72.9327849810149,72,11.2172782374546,60.7827217625454,0,C,62,7
58.7596684930368,72,11.6584091400728,47.101259352964,1,I,63,7
30.0108270331448,72,11.9646154437214,18.0462115894234,1,C,64,7
130.185107833124,72,12.1929201018065,59.8070798981935,0,I,65,7
17.9662555284935,29.7392767896444,12.7142521413043,5.25200338718918,1,C,66,7
21.7343681736517,72,12.7518879203126,8.98248025333915,1,I,67,7
18.3139686323237,72,13.0750907678157,5.23887786450801,1,C,68,7
60.0118624010935,72,13.2861893903464,46.7256730107471,1,I,69,7
55.8342208281539,72,13.5544059053063,42.2798149228476,1,C,70,7
64.8283552666607,72,13.6052327882499,51.2231224784109,1,I,71,7
48.173605899602,72,13.6162068787962,34.5573990208058,1,C,72,7
22.0193718334465,41.2913967544517,13.6254198616371,8.39395197180947,1,I,73,7
68.0863886789641,72,13.64441444166,54.4419742373041,1,C,74,7
21.9418260260888,72,13.849866958335,8.09195906775374,1,I,75,7
56.7035454350339,15.2515120865124,14.062970476225,1.18854161028735,0,C,76,7
41.2596629107547,72,14.1168187558651,27.1428441548896,1,I,77,7
42.2499250755177,53.3318082015879,14.5451605506241,27.7047645248936,1,C,78,7
25.1505964999778,72,14.8022290505469,10.3483674494309,1,I,79,7
75.2864594861123,72,14.8976879892871,57.1023120107129,0,C,80,7
76.1281666356875,72,15.0849085813388,56.9150914186612,0,I,81,7
60.4513592904345,72,15.4125184100121,45.0388408804224,1,C,82,7
30.5124913990636,72,15.6970991240814,14.8153922749822,1,I,83,7
25.3691933766266,72,15.7412304729223,9.62796290370424,1,C,84,7
20.7269993681955,72,16.4545358810574,4.27246348713807,1,I,85,7
31.3326590267972,72,17.1427534008399,14.1899056259573,1,C,86,7
37.8798825849142,72,17.2826046170667,20.5972779678475,1,I,87,7
63.5182484878193,72,17.6597076701,45.8585408177193,1,C,88,7
35.3037083912225,72,17.9279852891341,17.3757231020884,1,I,89,7
43.5629581281068,72,18.3015282545239,25.2614298735829,1,C,90,7
41.190305711273,72,18.426908031106,22.763397680167,1,I,91,7
54.6906241919362,72,18.6662953672931,36.0243288246432,1,C,92,7
71.6133028723837,72,18.7402842985466,52.8730185738371,1,I,93,7
180.219000040816,72,19.5398953277618,52.4601046722382,0,C,94,7
33.8720942392856,72,19.5589113654569,14.3131828738288,1,I,95,7
33.9166457564007,72,19.6461493754759,14.2704963809248,1,C,96,7
21.0909424752132,72,20.5808739177883,0.510068557424904,1,I,97,7
46.1274659664875,65.6174718957433,20.6580996327102,25.4693663337773,1,C,98,7
37.489377530054,72,21.0142557509244,16.4751217791296,1,I,99,7
28.9786647046333,72,21.3059835322201,7.67268117241313,1,C,100,7
33.5497332214624,72,21.5688809473068,11.9808522741557,1,I,101,7
36.733739324947,46.1859336223994,21.6431100899354,15.0906292350117,1,C,102,7
145.438789044612,72,21.7187800537795,50.2812199462205,0,I,103,7
26.9193967833064,72,21.79081548471,5.1285812985964,1,C,104,7
31.2703239896894,72,21.7938095564023,9.47651443328712,1,I,105,7
162.439815247756,72,22.0992877660319,49.9007122339681,0,C,106,7
79.6091899128373,70.9059084902818,22.1533308411017,48.7525776491801,0,I,107,7
23.7998726023888,72,22.2382646519691,1.5616079504197,1,C,108,7
34.7883074464798,72,22.514571826905,12.2737356195748,1,I,109,7
46.5432868724567,72,22.9502084059641,23.5930784664926,1,C,110,7
32.9532944069762,72,22.9949661623687,9.95832824460755,1,I,111,7
47.7423548566901,52.1702126453993,23.0155703332275,24.7267845234626,1,C,112,7
30.4788789463898,72,23.0699781049043,7.40890084148555,1,I,113,7
34.1948621122097,72,23.318299530074,10.8765625821357,1,C,114,7
110.338398506859,72,23.3996689785272,48.6003310214728,0,I,115,7
42.7493312741882,72,23.9787669014186,18.7705643727696,1,C,116,7
37.7351343224944,72,24.0220341878012,13.7131001346932,1,I,117,7
53.9009727069281,72,24.038905100897,29.8620676060311,1,C,118,7
35.6886675536748,72,24.2274978803471,11.4611696733277,1,I,119,7
96.3071511908226,32.3659896566779,24.3354246206582,8.03056503601972,0,C,120,7
40.129832251789,72,24.3741293996573,15.7557028521318,1,I,121,7
35.0743813389155,72,24.5835516555235,10.4908296833921,1,C,122,7
25.4480334954149,72,25.4173429962248,0.030690499190157,1,I,123,7
31.142345832071,72,25.5119377886876,5.63040804338334,1,C,124,7
86.831605732617,72,25.642355424352,46.357644575648,0,I,125,7
49.5237760174368,72,26.0434403037652,23.4803357136716,1,C,126,7
78.3552212731872,72,26.1624681064859,45.8375318935141,0,I,127,7
36.7619344508677,61.8363944735311,26.1935902107507,10.568344240117,1,C,128,7
39.1122804005762,50.1344027883631,26.2492007156834,12.8630796848928,1,I,129,7
40.0703868371782,72,26.4115370158106,13.6588498213676,1,C,130,7
89.7806101865541,72,26.4880947489291,45.5119052510709,0,I,131,7
28.4783597102026,72,26.4895421918482,1.9888175183544,1,C,132,7
78.9846447855401,31.208415971626,26.5853848261759,4.62303114545011,0,I,133,7
65.970727487961,72,26.5919874608517,39.3787400271093,1,C,134,7
58.879297626628,72,26.9264517584816,31.9528458681465,1,I,135,7
46.6514132210324,72,27.0164637174457,19.6349495035867,1,C,136,7
40.7960465514203,69.1619814387658,27.1072937222198,13.6887528292005,1,I,137,7
116.5786537916,72,27.5255490699783,44.4744509300217,0,C,138,7
47.9904592544733,31.1820236279989,27.588036688976,3.59398693902287,0,I,139,7
73.2286674055203,72,27.6925332890824,44.3074667109177,0,C,140,7
41.0671294142622,46.8718017348781,27.9462338704616,13.1208955438006,1,I,141,7
49.1235316359822,72,28.6586926644668,20.4648389715154,1,C,142,7
34.4907390421047,72,28.7122296122834,5.77850942982125,1,I,143,7
30.8054621999404,72,28.7644428340718,2.04101936586855,1,C,144,7
75.5329991936159,72,28.8071361975744,43.1928638024256,0,I,145,7
35.6002888919052,72,28.8818145124242,6.718474379481,1,C,146,7
35.1400398999753,72,28.89397545252,6.24606444745531,1,I,147,7
36.8796634940166,72,29.1646573087201,7.71500618529656,1,C,148,7
140.174055973271,38.148665067599,29.1990360617638,8.94962900583525,0,I,149,7
77.046675058571,72,29.2254113545641,42.7745886454359,0,C,150,7
51.533116308075,61.3557374523287,29.6606875117868,21.8724287962881,1,I,151,7
36.6882545939994,72,29.6812497032806,7.00700489071876,1,C,152,7
39.7851707873601,72,29.7642585542053,10.0209122331548,1,I,153,7
38.1324475994781,72,29.8647653963417,8.26768220313646,1,C,154,7
77.1748810794669,72,30.0014959461987,41.9985040538013,0,I,155,7
31.8139116645056,53.2690293828345,30.1155770011246,1.69833466338099,1,C,156,7
107.207012423764,72,30.1706866035238,41.8293133964762,0,I,157,7
163.841412696861,72,30.2541481330991,41.7458518669009,0,C,158,7
37.8539344975377,39.8190897940214,30.4340536985546,7.41988079898302,1,I,159,7
150.17426358089,72,31.1001452570781,40.8998547429219,0,C,160,7
129.4195249901,72,31.1597724119201,40.8402275880799,0,I,161,7
73.9933934395063,72,31.4221224747598,40.5778775252402,0,C,162,7
99.9514579484143,72,31.4347615744919,40.5652384255081,0,I,163,7
137.846925994407,72,31.4656935911626,40.5343064088374,0,C,164,7
48.1731678215142,72,31.4804580481723,16.6927097733419,1,I,165,7
59.7343116029233,72,31.6130758356303,28.121235767293,1,C,166,7
51.9390687620675,35.675328142758,32.1938489517197,3.48147919103825,0,I,167,7
39.2998218422923,72,32.5707581592724,6.72906368301994,1,C,168,7
54.1762432949581,72,33.067725864239,21.108517430719,1,I,169,7
71.0642104108241,38.1538267762803,33.0680865515023,5.08574022477791,0,C,170,7
44.0374894556367,72,33.4856996918097,10.5517897638269,1,I,171,7
37.9736819663336,72,33.6255263071507,4.34815565918289,1,C,172,7
116.110434263419,72,33.83698948659,38.16301051341,0,I,173,7
36.5002274488959,72,34.4131505163386,2.08707693255726,1,C,174,7
76.6223327881469,72,34.4576430832967,37.5423569167033,0,I,175,7
80.0738791116276,72,34.5669693360105,37.4330306639895,0,C,176,7
42.9767365867393,72,35.0911522423849,7.88558434435449,1,I,177,7
42.8402781369275,72,35.1440842123702,7.69619392455729,1,C,178,7
87.4241252380518,72,35.4156142892316,36.5843857107684,0,I,179,7
54.8682234809936,72,35.4792353929952,19.3889880879984,1,C,180,7
41.0122145437816,38.4597451119889,35.542205167003,2.91753994498596,0,I,181,7
65.9330182589257,72,35.624763420783,30.3082548381427,1,C,182,7
35.8668174042326,72,35.6609359430149,0.205881461217674,1,I,183,7
70.2651969468134,72,35.755961718969,34.5092352278443,1,C,184,7
70.016703748664,72,35.7871119165793,34.2295918320846,1,I,185,7
54.0236755194401,72,35.838640127331,18.1850353921091,1,C,186,7
85.241344079195,72,36.3761968072504,35.6238031927496,0,I,187,7
41.9513353989986,71.9984123093045,36.6439661197364,5.3073692792622,1,C,188,7
47.7669854143129,72,36.9415472773835,10.8254381369294,1,I,189,7
39.7492105162943,72,37.0170431211591,2.73216739513522,1,C,190,7
40.4377980614304,47.6288831862178,37.0273111341521,3.41048692727825,1,I,191,7
93.1429664592954,72,37.2065537888557,34.7934462111443,0,C,192,7
51.0008013892289,72,37.690734914504,13.3100664747249,1,I,193,7
85.4661407225559,72,37.9990386217833,34.0009613782167,0,C,194,7
51.505743632291,72,38.0109591968358,13.4947844354553,1,I,195,7
59.5774910186087,57.5322754433482,38.0270281713456,19.5052472720026,0,C,196,7
65.9498889233846,72,38.2658625533804,27.6840263700042,1,I,197,7
40.4311949089071,72,38.7741047563031,1.65709015260398,1,C,198,7
68.6532572385721,72,39.0162874571979,29.6369697813742,1,I,199,7
66.8037198354458,72,39.0609120950103,27.7428077404355,1,C,200,7
90.6102262904272,72,39.3803731352091,32.6196268647909,0,I,201,7
56.4977990192121,69.827296934927,39.4736330676824,17.0241659515298,1,C,202,7
83.4779929099416,72,39.6606804337353,32.3393195662648,0,I,203,7
132.484454992778,72,40.0801995769143,31.9198004230857,0,C,204,7
79.3106203082193,72,40.4596408037469,31.5403591962531,0,I,205,7
41.8251490644075,72,41.4822303364053,0.342918728002143,1,C,206,7
60.5844055513132,52.5417591964381,41.6958375368267,10.8459216596114,0,I,207,7
105.147517690654,72,41.6992823733017,30.3007176266983,0,C,208,7
129.521502862532,72,41.7643072782084,30.2356927217916,0,I,209,7
73.9078496242698,72,41.8736995803192,30.1263004196808,0,C,210,7
47.6871695557586,72,41.9136762432754,5.77349331248316,1,I,211,7
90.8871131922718,72,42.033475167118,29.966524832882,0,C,212,7
79.9607716910336,72,42.4381974292919,29.5618025707081,0,I,213,7
84.2435542243456,72,42.7617504028603,29.2382495971397,0,C,214,7
103.715032902739,72,42.9746273718774,29.0253726281226,0,I,215,7
44.1199350555618,72,43.2048985781148,0.915036477447011,1,C,216,7
49.6533256969773,72,43.238430689089,6.41489500788832,1,I,217,7
91.1537744062698,72,43.630473590456,28.3695264095441,0,C,218,7
47.1605536835156,72,43.7064629886299,3.45409069488564,1,I,219,7
71.3348023219814,72,43.9245948381722,27.4102074838092,1,C,220,7
45.7650473992074,72,44.0412521967664,1.72379520244094,1,I,221,7
67.9634946727004,72,44.0761403879151,23.8873542847853,1,C,222,7
75.4100387568732,48.2464913344156,44.2115147598088,4.03497657460685,0,I,223,7
64.7229036122854,72,44.2652898235247,20.4576137887607,1,C,224,7
62.8509585655944,68.998364245455,44.5923646073788,18.2585939582155,1,I,225,7
63.2916740374838,72,44.9934400152415,18.2982340222422,1,C,226,7
85.1969318860782,72,45.2745665749535,26.7254334250465,0,I,227,7
65.2600661508357,72,45.2857353212312,19.9743308296045,1,C,228,7
65.8750850941382,72,45.6145319715142,20.2605531226239,1,I,229,7
80.208433283348,72,45.7024008594453,26.2975991405547,0,C,230,7
113.80638319346,72,45.9923664433882,26.0076335566118,0,I,231,7
74.9127732791915,72,46.0980910481885,25.9019089518115,0,C,232,7
73.9672848364872,70.2898428870331,46.1008219141513,24.1890209728818,0,I,233,7
57.5021523241621,72,46.245421199128,11.256731125034,1,C,234,7
47.481618911457,72,46.3584851939231,1.12313371753388,1,I,235,7
65.3999900704609,72,46.8310650112107,18.5689250592501,1,C,236,7
89.5090745863777,72,46.8907739594579,25.1092260405421,0,I,237,7
50.6156536393857,72,47.1067151008174,3.50893853856828,1,C,238,7
97.1319539194112,72,47.5363985588774,24.4636014411226,0,I,239,7
73.9975196891976,72,48.044073949568,23.955926050432,0,C,240,7
60.0369933620533,67.7059448982558,48.1608152529225,11.8761781091308,1,I,241,7
108.534559968186,72,48.2557604648173,23.7442395351827,0,C,242,7
76.5682612261883,72,48.338558874093,23.661441125907,0,I,243,7
75.3193447966072,72,48.6321874056011,23.3678125943989,0,C,244,7
67.6266290964282,72,48.9355787448585,18.6910503515697,1,I,245,7
51.2881248149098,72,49.0069733932614,2.28115142164834,1,C,246,7
60.8761154476663,72,49.0997883165255,11.7763271311408,1,I,247,7
83.6374115214053,72,49.1357722599059,22.8642277400941,0,C,248,7
54.4678818229783,72,49.1940380679444,5.27384375503396,1,I,249,7
103.776914940372,72,49.2190414806828,22.7809585193172,0,C,250,7
100.56965015381,72,49.3643004214391,22.6356995785609,0,I,251,7
243.371588166716,72,50.0485114194453,21.9514885805547,0,C,252,7
101.199409192137,72,50.1416088407859,21.8583911592141,0,I,253,7
128.733618770308,72,50.2000617887825,21.7999382112175,0,C,254,7
66.154757061388,72,50.3341932501644,15.8205638112236,1,I,255,7
57.1837741448433,72,50.3966522589326,6.78712188591072,1,C,256,7
60.2495420991341,56.0877585038519,50.453537623398,5.63422088045385,0,I,257,7
76.130421214795,72,50.6696777930483,21.3303222069517,0,C,258,7
54.7814801213398,52.5621567830725,50.8285622159019,1.73359456717061,0,I,259,7
57.6313443268379,72,51.3217482157052,6.30959611113272,1,C,260,7
98.7880040966576,72,51.3447977369651,20.6552022630349,0,I,261,7
64.2288994959341,72,51.6471538553014,12.5817456406327,1,C,262,7
85.7914907718221,72,51.8632421689108,20.1367578310892,0,I,263,7
84.3048375052772,72,52.432521013543,19.567478986457,0,C,264,7
54.4073122897869,72,52.6750816265121,1.7322306632748,1,I,265,7
89.0072166543118,72,52.8249797550961,19.1750202449039,0,C,266,7
54.7666784460139,72,52.8732640016824,1.89341444433151,1,I,267,7
60.6179507012973,72,53.008757326752,7.60919337454537,1,C,268,7
213.431262007879,72,53.0262955231592,18.9737044768408,0,I,269,7
55.4225015004583,72,53.4544851724058,1.96801632805242,1,C,270,7
53.7720959171026,72,53.7389445723966,0.0331513447059984,1,I,271,7
67.4134735942726,72,53.9257806306705,13.4876929636021,1,C,272,7
85.99387358753,72,53.9799911202863,18.0200088797137,0,I,273,7
80.9750532091871,72,54.1513807279989,17.8486192720011,0,C,274,7
73.9341665910898,72,54.4959814427421,17.504018557258,0,I,275,7
73.6933295229412,72,54.697481081821,17.302518918179,0,C,276,7
114.146671023854,72,54.8376477370039,17.1623522629961,0,I,277,7
71.3170853792019,72,54.9934041453525,16.3236812338494,1,C,278,7
84.8493357631569,62.6969671371902,55.0202149059624,7.67675223122785,0,I,279,7
79.3751493563942,72,55.1456923317164,16.8543076682836,0,C,280,7
65.6929811546027,72,55.2945742523298,10.3984069022729,1,I,281,7
60.6826185680489,72,55.3403845243156,5.34223404373328,1,C,282,7
77.9810467911587,72,55.4969278955832,16.5030721044168,0,I,283,7
122.50723983779,72,55.67047000397,16.32952999603,0,C,284,7
157.987574652941,72,55.921104750596,16.078895249404,0,I,285,7
105.617015003992,72,56.8241014843807,15.1758985156193,0,C,286,7
58.8217387623519,72,57.0937675517052,1.72797121064663,1,I,287,7
88.906803320372,72,57.1625905204564,14.8374094795436,0,C,288,7
72.6068311965733,72,57.6446702191606,14.3553297808394,0,I,289,7
63.1144488017218,72,57.7784116426483,5.33603715907349,1,C,290,7
107.184548535512,72,57.814346915111,14.1856530848891,0,I,291,7
82.9131532712627,72,57.9354547988623,14.0645452011377,0,C,292,7
59.6178909754278,72,58.1696362467483,1.44825472867955,1,I,293,7
63.0892566608112,72,58.4277826035395,4.66147405727171,1,C,294,7
79.4520685985339,72,58.5300521319732,13.4699478680268,0,I,295,7
128.113778818035,72,58.594929696992,13.405070303008,0,C,296,7
93.490989942413,72,58.9808794297278,13.0191205702722,0,I,297,7
185.200188602232,72,59.2643908783793,12.7356091216207,0,C,298,7
61.4759325784467,72,59.3843932449818,2.09153933346493,1,I,299,7
88.10415640814,72,59.4041037093848,12.5958962906152,0,C,300,7
79.2956400425288,72,59.4959766184911,12.5040233815089,0,I,301,7
66.8303908663663,72,59.5779469795525,7.25244388681379,1,C,302,7
96.7925983679716,72,59.7900511650369,12.2099488349631,0,I,303,7
73.9077270234541,72,59.8019436188042,12.1980563811958,0,C,304,7
105.29046564895,72,59.8984798416495,12.1015201583505,0,I,305,7
99.4423992930283,72,59.9958345713094,12.0041654286906,0,C,306,7
2.27711029418738,62.5817146627651,0.132482727058232,2.14462756712915,1,I,1,8
17.3697601643081,72,0.246208640746772,17.1235515235614,1,C,2,8
22.926296111917,12.6270469335952,0.247742529027164,12.379304404568,0,I,3,8
17.9883455657278,72,0.303577948361635,17.6847676173661,1,C,4,8
29.8409866270351,72,0.739377541467547,29.1016090855676,1,I,5,8
88.5431317094073,72,1.60428768955171,70.3957123104483,0,C,6,8
97.480754672384,50.6804475559303,1.61127631086856,49.0691712450618,0,I,7,8
1.66836231351196,11.958540720099,1.61943183280528,0.0489304807066876,1,C,8,8
39.2207709964989,72,1.81460912805051,37.4061618684484,1,I,9,8
4.26832329115146,37.0851867397114,1.83790499344468,2.43041829770677,1,C,10,8
6.94079347244821,72,2.04306218773127,4.89773128471694,1,I,11,8
42.6777498575411,65.7458264449714,2.05971908289939,40.6180307746417,1,C,12,8
22.8317050529926,72,2.17213025316596,20.6595747998266,1,I,13,8
34.0930454931408,72,2.30339460074902,31.7896508923918,1,C,14,8
52.9062433782541,56.2529694273016,2.75036829058081,50.1558750876733,1,I,15,8
13.2172751313907,72,2.76150024030358,10.4557748910871,1,C,16,8
67.0853148591218,72,2.8343718778342,64.2509429812876,1,I,17,8
41.3640192549875,72,2.84957888536155,38.514440369626,1,C,18,8
45.9825548092158,72,2.96666321810335,43.0158915911124,1,I,19,8
22.7803561847556,72,3.30386760178953,19.476488582966,1,C,20,8
22.2726340059376,72,3.39821553323418,18.8744184727034,1,I,21,8
53.5461416785908,72,3.45921136904508,50.0869303095457,1,C,22,8
80.815686180777,35.5531645194265,3.51515252608806,32.0380119933384,0,I,23,8
26.1125000819277,72,3.72339298948646,22.3891070924412,1,C,24,8
4.77690877136369,72,3.75137262046337,1.02553615090031,1,I,25,8
51.3562952933046,8.26677988332674,3.84322416968644,4.4235557136403,0,C,26,8
12.4681156410701,72,3.88312135823071,8.58499428283942,1,I,27,8
12.8409428134322,72,3.92707382328808,8.91386899014416,1,C,28,8
8.77747924901834,72,4.02331524062902,4.75416400838933,1,I,29,8
43.2238212764803,72,4.2289395025,38.9948817739803,1,C,30,8
14.1525609551151,72,4.32228745892644,9.83027349618867,1,I,31,8
9.83253490590069,61.160116942109,4.41226642113179,5.4202684847689,1,C,32,8
169.600581215197,72,4.77778977714479,67.2222102228552,0,I,33,8
25.3704957765699,72,4.93200302124023,20.4384927553297,1,C,34,8
189.741092780571,29.0806741051686,5.2315940335393,23.8490800716293,0,I,35,8
16.8538236514557,72,5.74949667323381,11.1043269782219,1,C,36,8
27.6789145508213,18.6627807179718,6.15539814345539,12.5073825745164,0,I,37,8
72.3024488502096,72,6.44406690727919,65.5559330927208,0,C,38,8
18.028649920244,52.5153201115561,6.48853034712374,11.5401195731203,1,I,39,8
26.0924442499264,72,6.87236253172159,19.2200817182048,1,C,40,8
7.71506883490775,72,6.92713467869908,0.787934156208673,1,I,41,8
57.0591140554534,72,7.16690015047789,49.8922139049755,1,C,42,8
23.1951148896217,69.8200376653124,7.17900148127228,16.0161134083494,1,I,43,8
24.3366655939078,72,7.24083468317986,17.0958309107279,1,C,44,8
25.9685680102433,72,7.45886463671923,18.5097033735241,1,I,45,8
7.8798492031878,72,7.4868580698967,0.392991133291098,1,C,46,8
34.5274400371829,72,7.53077672794461,26.9966633092383,1,I,47,8
16.866800665746,72,7.85276285838336,9.01403780736263,1,C,48,8
9.4945693775251,72,8.18417932838202,1.31039004914308,1,I,49,8
50.5108091699747,72,8.99083673022687,41.5199724397479,1,C,50,8
19.0034072190253,72,9.28953138180077,9.71387583722453,1,I,51,8
11.7159198311938,48.5972465083166,9.2906211828813,2.42529864831253,1,C,52,8
27.090645473615,72,9.30807780940086,17.7825676642142,1,I,53,8
55.5237300263339,72,9.52148105017841,46.0022489761555,1,C,54,8
52.1630995537239,72,9.62039702106267,42.5427025326612,1,I,55,8
37.5619615520144,72,10.1995373982936,27.3624241537208,1,C,56,8
51.8208079719368,40.3688465402364,10.3959743818268,29.9728721584095,0,I,57,8
99.8615164046281,72,11.0964053822681,60.9035946177319,0,C,58,8
32.3816558293265,72,11.2630241923034,21.1186316370231,1,I,59,8
39.8654478744079,72,11.370450546965,28.4949973274429,1,C,60,8
12.4583335246704,72,11.4700019080192,0.988331616651175,1,I,61,8
50.4073214027491,72,11.5826373361051,38.824684066644,1,C,62,8
21.4026869832032,72,11.5873260330409,9.81536095016234,1,I,63,8
70.7489448737269,14.3387165084862,12.4205368990079,1.91817960947832,0,C,64,8
28.2538473510994,72,12.4397391267121,15.8141082243873,1,I,65,8
139.005993191637,72,12.5576673354954,59.4423326645047,0,C,66,8
27.4724746983772,72,12.5771437492222,14.895330949155,1,I,67,8
32.5110955742734,49.48245315572,12.7926957048476,19.7183998694258,1,C,68,8
25.8494604735675,72,12.8226424986497,13.0268179749178,1,I,69,8
63.1272372158734,72,12.8655765904114,50.261660625462,1,C,70,8
99.0162947091512,72,13.4123132005334,58.5876867994666,0,I,71,8
28.3578649758935,72,13.6860283557326,14.671836620161,1,C,72,8
52.1887159681057,72,13.8595262216404,38.3291897464653,1,I,73,8
41.0670453243237,72,14.0353110618889,27.0317342624347,1,C,74,8
49.7506217365971,72,14.0825248835608,35.6680968530363,1,I,75,8
19.059508606034,72,14.2543209437281,4.80518766230592,1,C,76,8
71.4128074257093,72,14.3210597662255,57.0917476594838,1,I,77,8
23.5992881184387,42.1923333550064,14.5165761373937,9.08271198104498,1,C,78,8
93.4268816982913,72,14.7049042023718,57.2950957976282,0,I,79,8
28.8586327915215,72,14.7425038553774,14.1161289361441,1,C,80,8
35.713587107527,72,14.8219754034653,20.8916117040617,1,I,81,8
29.0331052748286,72,15.223312578164,13.8097926966645,1,C,82,8
54.5694026617323,72,15.4837821051478,39.0856205565844,1,I,83,8
113.152399375907,72,15.4952381132171,56.504761886783,0,C,84,8
51.8591900641259,72,15.5654109315947,36.2937791325312,1,I,85,8
70.2995737563893,57.9668294694624,15.8111737668514,42.1556557026109,0,C,86,8
27.1185875630806,24.8469777028089,15.8580068964511,8.98897080635773,0,I,87,8
32.2132067637808,72,16.0568091273308,16.1563976364501,1,C,88,8
17.4906776754881,64.228896841757,16.0936542972922,1.39702337819587,1,I,89,8
37.6392349315606,48.2210947399724,16.0940593387932,21.5451755927674,1,C,90,8
24.9184962385514,35.4249318560614,16.1196929169819,8.79880332156952,1,I,91,8
28.4899737019334,72,16.1660149600357,12.3239587418977,1,C,92,8
55.7209675402144,72,16.4715834707022,39.2493840695122,1,I,93,8
62.1818807822163,72,16.6267109429464,45.5551698392699,1,C,94,8
27.6351558183406,71.6289060303383,16.7572437180206,10.87791210032,1,I,95,8
27.824885810046,72,16.9179612910375,10.9069245190085,1,C,96,8
73.7122330302325,47.0853988337435,16.9579458329827,30.1274530007608,0,I,97,8
41.1415445721715,72,17.0327126327902,24.1088319393813,1,C,98,8
25.5906048903397,72,17.0451775286347,8.54542736170507,1,I,99,8
41.5013214596829,72,17.1447100723162,24.3566113873667,1,C,100,8
18.1015668604972,72,17.5639858050272,0.537581055469976,1,I,101,8
51.5270252600186,72,17.7529955701903,33.7740296898283,1,C,102,8
67.1016367813602,72,17.7977451542392,49.3038916271209,1,I,103,8
63.9668541080579,72,17.8199741709977,46.1468799370602,1,C,104,8
54.4436692409788,58.8059651359948,17.8229667758569,36.6207024651219,1,I,105,8
92.8533580884975,72,17.8748177736998,54.1251822263002,0,C,106,8
43.9574190834121,72,18.1021886179224,25.8552304654897,1,I,107,8
49.6614710146658,72,18.1179494736716,31.5435215409942,1,C,108,8
71.7969865091218,72,18.1201558560133,53.6768306531085,1,I,109,8
37.2129547644006,72,18.139895782806,19.0730589815946,1,C,110,8
24.1867472516654,72,18.2450658548623,5.94168139680306,1,I,111,8
32.3631409678611,72,18.3973668934777,13.9657740743834,1,C,112,8
19.0490540203919,72,18.4495858149603,0.599468205431608,1,I,113,8
43.7425413351065,72,18.7115309201181,25.0310104149884,1,C,114,8
29.6118728881134,72,18.7878297781572,10.8240431099562,1,I,115,8
160.435884807894,72,19.0393844945356,52.9606155054644,0,C,116,8
22.6125661213312,72,19.131096471101,3.48146965023018,1,I,117,8
30.8420512701385,44.7210062101922,19.6963608032092,11.1456904669293,1,C,118,8
42.1692496174861,72,19.8123118607327,22.3569377567533,1,I,119,8
92.9777679664511,72,19.9954788805917,52.0045211194083,0,C,120,8
82.8983039584347,61.8353011875713,20.1107314461842,41.7245697413871,0,I,121,8
54.8129332919346,72,20.3010889654979,34.5118443264367,1,C,122,8
20.8182640069854,72,20.4444963578135,0.373767649171946,1,I,123,8
25.5562089362968,72,21.0172761837021,4.53893275259474,1,C,124,8
81.2695017474844,42.6015853837028,21.0745024261996,21.5270829575032,0,I,125,8
80.123444962502,72,21.0897427657619,50.9102572342381,0,C,126,8
85.7532991416155,72,21.4995352132246,50.5004647867754,0,I,127,8
46.8043540200156,72,21.5433153742924,25.2610386457232,1,C,128,8
47.3504124999,72,21.6677528154105,25.6826596844895,1,I,129,8
23.5810689298326,72,22.1145279938355,1.46654093599707,1,C,130,8
81.2281143781707,72,22.140141511336,49.859858488664,0,I,131,8
24.8781252263935,29.6787445658214,22.2106477618217,2.66747746457176,1,C,132,8
62.0818159474219,72,22.4026687256992,39.6791472217227,1,I,133,8
42.7777541186668,72,22.5614540325478,20.216300086119,1,C,134,8
204.941838931835,72,22.6657669432461,49.3342330567539,0,I,135,8
69.2219912891043,72,22.8253433201462,46.3966479689581,1,C,136,8
68.4745484319436,72,23.0165647063404,45.4579837256031,1,I,137,8
26.1508279012176,72,23.156304792501,2.99452310871659,1,C,138,8
70.2929138899053,44.1244718175661,23.4274266287684,20.6970451887976,0,I,139,8
53.6849994036391,72,23.4528011502698,30.2321982533693,1,C,140,8
39.3987992386129,57.4696031381445,23.5672476701438,15.8315515684691,1,I,141,8
31.0555018670815,72,24.0085006831214,7.04700118396009,1,C,142,8
28.7617926317753,47.0925438597216,24.0104336338118,4.75135899796354,1,I,143,8
82.5826994733145,52.161262300093,24.3326798686758,27.8285824314172,0,C,144,8
140.343859762529,72,25.0654813321307,46.9345186678693,0,I,145,8
57.9593680874183,72,25.1520986901596,32.8072693972587,1,C,146,8
30.9468545719661,55.010207605929,25.1625288650394,5.7843257069268,1,I,147,8
34.9135637281702,72,25.3567712847143,9.55679244345588,1,C,148,8
54.4493234818071,72,25.576642351225,28.8726811305821,1,I,149,8
46.9149792635047,72,25.8594521228224,21.0555271406823,1,C,150,8
31.1757166637856,72,25.9322397876531,5.24347687613248,1,I,151,8
32.2859343314608,72,25.9992597671226,6.28667456433823,1,C,152,8
148.043316080449,58.0910565365809,26.2683556135744,31.8227009230065,0,I,153,8
27.5978675422085,72,26.6109497006983,0.986917841510225,1,C,154,8
36.1119417510632,72,26.6521020513028,9.45983969976037,1,I,155,8
34.1983972096208,72,26.6753816697747,7.52301553984616,1,C,156,8
58.7041204975538,72,26.8821215489879,31.8219989485659,1,I,157,8
78.5113741639453,65.0935698402188,26.9305986631662,38.1629711770527,0,C,158,8
30.4895348194326,72,27.535629873164,2.95390494626864,1,I,159,8
34.5992640571766,67.3966340649684,27.957350355573,6.64191370160358,1,C,160,8
106.977061930767,72,27.9722924111411,44.0277075888589,0,I,161,8
82.0470537760588,72,28.1790983257815,43.8209016742185,0,C,162,8
35.2425390477612,72,28.2178976945579,7.0246413532033,1,I,163,8
128.029446717903,72,28.3689631707966,43.6310368292034,0,C,164,8
84.3295296768126,72,28.4078949177638,43.5921050822362,0,I,165,8
52.4433708037936,37.8099653369115,28.5126941744238,9.29727116248766,0,C,166,8
75.669552630823,72,28.5378431668505,43.4621568331495,0,I,167,8
167.491926169372,72,28.564671697095,43.435328302905,0,C,168,8
60.4317881232471,72,28.7084116553888,31.7233764678584,1,I,169,8
38.0930060941229,72,29.2486977903172,8.84430830380561,1,C,170,8
51.3320256892084,72,29.6881875442341,21.6438381449743,1,I,171,8
60.9515742015926,71.3509017642456,29.7208386613056,31.230735540287,1,C,172,8
43.7652665167856,72,29.838973316364,13.9262932004217,1,I,173,8
43.2160707875165,72,30.1036214316264,13.1124493558901,1,C,174,8
38.8648538283326,72,30.3505111578852,8.51434267044745,1,I,175,8
40.3580157476197,72,30.4006258165464,9.95738993107334,1,C,176,8
37.8367356515638,72,30.5814901879057,7.25524546365809,1,I,177,8
49.7416964508073,72,30.6767354998738,19.0649609509335,1,C,178,8
79.4299023499399,72,30.7171031506732,41.2828968493268,0,I,179,8
40.2198902870695,72,30.835345541127,9.38454474594246,1,C,180,8
50.0577590635825,72,30.9737258451059,19.0840332184765,1,I,181,8
84.8660187891091,32.6989869714921,31.2729869736359,1.42599999785621,0,C,182,8
99.2334696394393,61.8905348275554,31.6378999315202,30.2526348960351,0,I,183,8
95.0500384929961,72,31.744620250538,40.255379749462,0,C,184,8
61.5861175735447,72,31.8415039032698,29.7446136702749,1,I,185,8
45.1549087179373,72,32.1895612450317,12.9653474729056,1,C,186,8
65.212346022919,51.413481184761,32.3271168675274,19.0863643172337,0,I,187,8
41.1525997285435,36.1243733737308,32.4044596217573,3.71991375197354,0,C,188,8
105.237136322231,43.4578875547469,33.1286710873246,10.3292164674223,0,I,189,8
65.1155745451615,61.3516774983251,33.2477593794465,28.1039181188786,0,C,190,8
40.7396982282997,45.9054250129192,33.4749999269843,7.26469830131542,1,I,191,8
63.5675565627484,72,33.4911461407319,30.0764104220166,1,C,192,8
55.9492174455216,72,33.7299537425861,22.2192637029355,1,I,193,8
64.9417481001285,72,33.7941047362983,31.1476433638302,1,C,194,8
71.8612827986329,72,33.7968233926222,38.0644594060107,1,I,195,8
56.3105616973366,72,33.8553813798353,22.4551803175012,1,C,196,8
67.297450511323,72,34.2614736082032,33.0359769031197,1,I,197,8
65.4493861486058,72,34.2782378895208,31.171148259085,1,C,198,8
35.1281511019189,72,34.7012656275183,0.426885474400643,1,I,199,8
73.3726713574288,72,34.8020291794091,37.1979708205909,0,C,200,8
38.6258495928089,72,35.0589656364173,3.56688395639168,1,I,201,8
90.1455763120875,72,35.1249222876504,36.8750777123496,0,C,202,8
58.5521917873884,61.5640911052356,35.1304663717747,23.4217254156137,1,I,203,8
43.6592372805237,72,35.2313152654097,8.42792201511407,1,C,204,8
61.2856356606356,72,35.273090028204,26.0125456324316,1,I,205,8
35.7824970644954,72,35.3913067420945,0.391190322400943,1,C,206,8
76.5156199874272,63.4596224504813,35.4516290919855,28.0079933584958,0,I,207,8
37.3945744120311,72,35.9319166420028,1.46265777002835,1,C,208,8
43.7031214874341,72,36.2444893084466,7.45863217898745,1,I,209,8
58.4400821975753,72,36.5226709702984,21.9174112272769,1,C,210,8
45.8056616588491,72,36.8441074155271,8.96155424332197,1,I,211,8
76.0396303552194,72,36.9068174064159,35.0931825935841,0,C,212,8
53.7833205443564,72,37.0691206259653,16.714199918391,1,I,213,8
66.9196700303176,72,37.2959160804749,29.6237539498427,1,C,214,8
52.5372248425386,72,37.3455490730703,15.1916757694683,1,I,215,8
42.6247792607356,72,37.8316895663738,4.79308969436174,1,C,216,8
79.7369237926434,72,38.2315976824611,33.7684023175389,0,I,217,8
44.8807686129119,72,38.4548234380782,6.42594517483373,1,C,218,8
48.0932611780371,72,38.45770847518,9.63555270285711,1,I,219,8
50.3104072732935,72,38.6301267659292,11.6802805073643,1,C,220,8
87.9354420988958,72,38.7061961553991,33.2938038446009,0,I,221,8
40.2578763076899,72,38.8609860185534,1.39689028913653,1,C,222,8
60.2677855333505,68.2129703602511,39.0795296430588,21.1882558902917,1,I,223,8
46.7527275560935,72,39.4309896882623,7.32173786783111,1,C,224,8
97.4715740057068,72,40.2476794738323,31.7523205261678,0,I,225,8
92.6557132838982,72,40.4242205712944,31.5757794287056,0,C,226,8
53.4982609984915,72,40.492195179686,13.0060658188056,1,I,227,8
42.8048284931299,72,40.5654739262536,2.23935456687626,1,C,228,8
67.2812300135341,72,40.6490577338263,26.6321722797077,1,I,229,8
41.0868582834209,72,40.6547537120059,0.432104571414939,1,C,230,8
88.6465463589142,72,41.0079390183091,30.9920609816909,0,I,231,8
159.961704470786,72,41.3450582837686,30.6549417162314,0,C,232,8
51.5205089207286,72,41.3953398820013,10.1251690387273,1,I,233,8
71.485872370299,72,41.4122089231387,30.0736634471603,1,C,234,8
43.8436276011728,72,41.4914214145392,2.35220618663354,1,I,235,8
84.5718145686362,72,41.7143980320543,30.2856019679457,0,C,236,8
55.730732597006,72,41.7924951994792,13.9382373975268,1,I,237,8
215.673311233719,72,42.6025380240753,29.3974619759247,0,C,238,8
53.9934900495114,72,43.0473733926192,10.9461166568922,1,I,239,8
65.0571340287352,72,43.1541273510084,21.9030066777269,1,C,240,8
106.119459064291,57.8800895395442,43.1830045999959,14.6970849395482,0,I,241,8
141.232275889562,72,43.6001526284963,28.3998473715037,0,C,242,8
80.2941925826498,72,43.6628096736968,28.3371903263032,0,I,243,8
50.7388018901598,72,43.6847184458748,7.05408344428505,1,C,244,8
73.0449729513148,50.5514320995981,43.9319665823132,6.61946551728496,0,I,245,8
94.2302106940255,72,44.1409123688936,27.8590876311064,0,C,246,8
44.4536048619051,72,44.1557724634185,0.29783239848657,1,I,247,8
52.5082418041195,72,44.6988568129018,7.80938499121767,1,C,248,8
62.4996809632243,72,44.8434043815359,17.6562765816883,1,I,249,8
67.9380822263908,72,45.1259544398636,22.8121277865272,1,C,250,8
63.7171631368962,72,45.1817591395229,18.5354039973733,1,I,251,8
101.786924556099,72,45.2710898732767,26.7289101267234,0,C,252,8
58.9647258615249,72,45.5058514606208,13.4588744009041,1,I,253,8
74.2975777111236,72,45.5293934186921,26.470606581308,0,C,254,8
79.7550614301772,72,45.5916306003928,26.4083693996072,0,I,255,8
71.9582659718661,72,45.9388500731438,26.0194158987223,1,C,256,8
89.7259933881389,72,46.0545128630474,25.9454871369526,0,I,257,8
80.3126605223092,72,46.3974705571309,25.6025294428691,0,C,258,8
164.860751830385,72,46.5263896621764,25.4736103378236,0,I,259,8
90.0027417582078,72,46.6903640236706,25.3096359763295,0,C,260,8
53.417461380343,72,47.2026784345508,6.21478294579224,1,I,261,8
224.351650619203,72,47.2793915122747,24.7206084877253,0,C,262,8
114.618865639725,72,47.3676486639306,24.6323513360694,0,I,263,8
54.4046769901732,72,47.4952985392883,6.90937845088489,1,C,264,8
57.9840115205952,72,47.5346267782152,10.4493847423801,1,I,265,8
66.6654663798035,72,47.605591379106,19.0598750006975,1,C,266,8
48.2756093572959,65.5474957094235,47.8814175585285,0.394191798767451,1,I,267,8
71.5058717100293,72,48.380865175277,23.1250065347523,1,C,268,8
58.9952061151099,72,48.4632714651525,10.5319346499574,1,I,269,8
115.723861739388,67.6601162114219,48.5461175115779,19.113998699844,0,C,270,8
50.4064360929946,72,48.6890832753852,1.71735281760939,1,I,271,8
61.8376340829765,72,49.1202089237049,12.7174251592716,1,C,272,8
94.8097556579349,72,49.4932967517525,22.5067032482475,0,I,273,8
52.2536162365325,72,49.5631763571873,2.69043987934514,1,C,274,8
50.0376361729768,72,49.7825439926237,0.255092180353075,1,I,275,8
75.0957966384241,72,49.8236197466031,22.1763802533969,0,C,276,8
72.2437284211772,72,49.8364502610639,22.1635497389361,0,I,277,8
66.7539035236035,72,50.0777862779796,16.6761172456238,1,C,278,8
86.6549610274206,72,50.3256872249767,21.6743127750233,0,I,279,8
84.8441766033756,72,50.8205421315506,21.1794578684494,0,C,280,8
59.7641694399361,72,50.8368926122785,8.92727682765759,1,I,281,8
52.5050137306155,72,50.952025023289,1.55298870732643,1,C,282,8
68.539827655429,72,51.1385858757421,17.4012417796869,1,I,283,8
108.530355155846,72,51.4569623954594,20.5430376045406,0,C,284,8
77.7867627048344,72,51.6268750838935,20.3731249161065,0,I,285,8
82.8839028310303,72,51.9664831040427,20.0335168959573,0,C,286,8
118.469645163463,72,52.0035461196676,19.9964538803324,0,I,287,8
109.693927112462,72,52.2644049720839,19.7355950279161,0,C,288,8
93.4389973627974,72,52.6672297809273,19.3327702190727,0,I,289,8
54.5124761718277,72,52.6756905438379,1.83678562798984,1,C,290,8
60.2198732730318,72,53.2982801785693,6.92159309446249,1,I,291,8
58.3277123261362,72,53.8825222989544,4.44519002718178,1,C,292,8
169.599898455788,72,54.1920332657173,17.8079667342827,0,I,293,8
72.298632039333,72,54.2023990117014,17.7976009882987,0,C,294,8
58.5485245003498,72,54.2202679719776,4.32825652837217,1,I,295,8
108.609436466513,72,54.2298449389637,17.7701550610364,0,C,296,8
62.2095933400003,72,54.351777783595,7.85781555640529,1,I,297,8
136.359235451348,72,54.63426834438,17.36573165562,0,C,298,8
137.838689545029,72,54.7380941128358,17.2619058871642,0,I,299,8
105.115601814652,72,54.8761983867735,17.1238016132265,0,C,300,8
125.894761549626,72,54.9289519898593,17.0710480101407,0,I,301,8
74.0225035985773,72,55.2694030478597,16.7305969521403,0,C,302,8
82.2098296308663,72,55.3423648327589,16.6576351672411,0,I,303,8
105.589919745094,63.2247338405963,55.4573146719486,7.76741916864777,0,C,304,8
55.8376493383962,72,55.6390854064375,0.198563931958658,1,I,305,8
92.3658597995472,72,56.3207267504185,15.6792732495815,0,C,306,8
60.143561010512,72,56.4896074309945,3.65395357951746,1,I,307,8
70.915947123102,72,56.6188123309985,14.2971347921035,1,C,308,8
82.2338129256261,72,56.993455211632,15.006544788368,0,I,309,8
91.8112843875253,72,57.1506213163957,14.8493786836043,0,C,310,8
62.0773590981178,72,58.0432145018131,4.03414459630474,1,I,311,8
91.2037895521056,72,58.2063956279308,13.7936043720692,0,C,312,8
104.911580886214,72,58.2485556649044,13.7514443350956,0,I,313,8
85.9361515169731,72,58.3202977152541,13.6797022847459,0,C,314,8
79.3107382794499,72,58.525907532312,13.474092467688,0,I,315,8
72.5952926199879,72,59.0267179068178,12.9732820931822,0,C,316,8
102.145262556121,62.199659045282,59.1175180161372,3.08214102914477,0,I,317,8
77.8624343581599,72,59.3538624979556,12.6461375020444,0,C,318,8
6.80013702168746,33.9103332083102,0.187729233875871,6.61240778781159,1,C,1,9
44.1885350075522,48.1704007318619,0.663334890268743,43.5252001172834,1,I,2,9
19.4498985630095,72,0.786391873843968,18.6635066891656,1,C,3,9
34.7841580930599,72,0.955058494582772,33.8290995984771,1,I,4,9
21.1230801804685,6.55795035733666,1.10683140344918,5.45111895388748,0,C,5,9
14.3891992761243,72,1.12407820299268,13.2651210731316,1,I,6,9
65.0247011866357,72,1.35363193228841,63.6710692543473,1,C,7,9
78.3607284752054,72,1.50940212886781,70.4905978711322,0,I,8,9
30.18597230703,72,1.5706291096285,28.6153431974015,1,C,9,9
45.2718888368022,72,2.42162842769176,42.8502604091105,1,I,10,9
41.0430401559551,14.1691101201332,2.4256636435166,11.7434464766166,0,C,11,9
7.20364343742946,72,2.56876344792545,4.63487998950402,1,I,12,9
67.4414658292265,72,2.62935522012413,64.8121106091024,1,C,13,9
44.2794195081114,72,2.6681086840108,41.6113108241006,1,I,14,9
46.1535723684395,72,2.84639229532331,43.3071800731162,1,C,15,9
7.2592785816214,46.4243161827064,3.731220792979,3.5280577886424,1,I,16,9
8.92013942453737,72,3.79823521245271,5.12190421208466,1,C,17,9
12.0328877577954,40.1756909680366,3.87220890261233,8.16067885518302,1,I,18,9
98.0776182876517,72,3.95542466081679,68.0445753391832,0,C,19,9
54.1585717512314,72,4.17465729173273,49.9839144594986,1,I,20,9
46.1108616484653,72,4.3132551619783,41.797606486487,1,C,21,9
22.3849834032443,72,4.35017621610314,18.0348071871412,1,I,22,9
56.3758048267046,72,4.80070105288178,51.5751037738228,1,C,23,9
82.394216939655,72,5.08159917779267,66.9184008222073,0,I,24,9
7.1780653931052,72,5.14873777516186,2.02932761794334,1,C,25,9
22.3176207389803,72,5.40081666782498,16.9168040711553,1,I,26,9
29.1459570475295,72,6.39278443995863,22.7531726075709,1,C,27,9
39.5406774894748,72,6.4378199307248,33.10285755875,1,I,28,9
54.4209354460589,72,6.61525631323457,47.8056791328243,1,C,29,9
19.9294008532199,72,6.69004859402776,13.2393522591921,1,I,30,9
24.0187286890636,72,6.74764016177505,17.2710885272885,1,C,31,9
28.3487241214537,72,7.03496569767594,21.3137584237778,1,I,32,9
14.9768697483441,72,7.09564299322665,7.88122675511744,1,C,33,9
67.5933870398255,72,7.44377619121224,60.1496108486133,1,I,34,9
17.7844065212555,72,7.53537126816809,10.2490352530874,1,C,35,9
15.7335105259942,33.872720692014,7.56059790495783,8.17291262103637,1,I,36,9
35.0073450259632,72,7.65522252302617,27.352122502937,1,C,37,9
57.6102677452805,72,7.68583426717669,49.9244334781038,1,I,38,9
71.9523762663119,72,7.75372558739036,64.1986506789216,1,C,39,9
110.040576892301,72,7.86131445318461,64.1386855468154,0,I,40,9
14.8749577580763,72,7.89997742045671,6.9749803376196,1,C,41,9
32.1441245648632,40.9245115579406,7.91140898130834,24.2327155835549,1,I,42,9
35.7992744302186,72,7.96328351832926,27.8359909118893,1,C,43,9
15.1622208891431,72,8.20619790349156,6.95602298565149,1,I,44,9
27.3432912685465,72,8.2324012555182,19.1108900130283,1,C,45,9
32.9603812392272,72,8.45336410682648,24.5070171324007,1,I,46,9
63.6000748901373,72,8.57420712243766,55.0258677676997,1,C,47,9
25.8092461392806,72,8.69194198865444,17.1173041506261,1,I,48,9
12.9813281029407,72,8.71513520367444,4.26619289926625,1,C,49,9
53.3980263068128,72,8.88458843808621,44.5134378687266,1,I,50,9
21.1378777324942,72,8.96681851241738,12.1710592200768,1,C,51,9
12.5558526857438,41.0040042434651,9.07005964312702,3.48579304261674,1,I,52,9
16.7351616415665,72,9.27309738937765,7.46206425218885,1,C,53,9
10.5040208081851,72,9.33281611651182,1.17120469167329,1,I,54,9
45.2590889412882,72,9.55915492493659,35.6999340163516,1,C,55,9
95.6989869887629,72,9.56181028392166,62.4381897160783,0,I,56,9
28.8857347271076,72,9.56481505651027,19.3209196705974,1,C,57,9
41.2557445732225,72,9.74767968524247,31.5080648879801,1,I,58,9
51.7343540432171,33.0488660067758,9.84885008074343,23.2000159260324,0,C,59,9
32.4507143486753,72,10.0228802952915,22.4278340533837,1,I,60,9
19.910966007981,53.950934192419,10.9841311583295,8.92683484965143,1,C,61,9
36.7935783264908,57.4421614741226,11.029720553197,25.7638577732938,1,I,62,9
49.5424141160559,72,11.1293576750904,38.4130564409655,1,C,63,9
29.4332823973588,72,11.3354283291847,18.0978540681741,1,I,64,9
23.0485220205636,72,11.5493111265823,11.4992108939812,1,C,65,9
28.1024522193967,72,11.5600202791393,16.5424319402574,1,I,66,9
13.3583482126074,72,11.6164540685713,1.74189414403608,1,C,67,9
26.7715046973659,72,11.6588567337021,15.1126479636638,1,I,68,9
21.1553918747292,72,11.7668127827346,9.38857909199453,1,C,69,9
21.0888480119599,72,11.8147581489757,9.27408986298427,1,I,70,9
36.9596623567553,72,11.9829710572958,24.9766912994595,1,C,71,9
16.104073954078,22.3617706401782,12.0456948922947,4.05837906178329,1,I,72,9
22.7416627982367,14.8433325308844,12.1826970297843,2.66063550110004,0,C,73,9
24.4523288139785,14.7483518689245,12.3400167329237,2.4083351360008,0,I,74,9
20.3525082255231,72,12.5253781070933,7.82713011842986,1,C,75,9
61.1940056263745,72,12.6632681814954,48.5307374448791,1,I,76,9
84.5980681613089,19.621998414312,12.9609082220122,6.6610901922998,0,C,77,9
20.8313306535375,55.2979826477106,13.1484496453777,7.68288100815985,1,I,78,9
58.7024157306302,72,13.6042819032446,45.0981338273856,1,C,79,9
22.1876604541874,72,14.3991878209636,7.78847263322387,1,I,80,9
21.6226698618213,72,14.5618692180142,7.06080064380712,1,C,81,9
27.4846752168993,72,14.9250720301643,12.559603186735,1,I,82,9
119.843070430087,72,15.0207133311778,56.9792866688222,0,C,83,9
28.4188147538804,72,15.3453404316679,13.0734743222126,1,I,84,9
46.7001353684933,72,15.6974459951743,31.0026893733189,1,C,85,9
35.4158808324268,24.1142066777223,15.7242980785668,8.38990859915555,0,I,86,9
60.9228360934803,72,15.7357974769548,45.1870386165255,1,C,87,9
127.645967063396,71.8263262899765,16.0303760971874,55.7959501927891,0,I,88,9
31.7775283989626,72,16.3807714730501,15.3967569259124,1,C,89,9
42.1633910744284,72,16.4542766427621,25.7091144316662,1,I,90,9
40.1042428106758,71.9768497159746,16.8315158039331,23.2727270067426,1,C,91,9
29.0696897681536,72,16.9863268872723,12.0833628808813,1,I,92,9
122.430142304768,72,17.1541604306549,54.8458395693451,0,C,93,9
23.5566063364182,72,17.4241642188281,6.13244211759013,1,I,94,9
72.7708118004074,72,17.4394158879295,54.5605841120705,0,C,95,9
85.6098247315368,72,17.4631581036374,54.5368418963626,0,I,96,9
53.0831228066482,72,17.613694681786,35.4694281248622,1,C,97,9
146.013267638739,72,17.8283898951486,54.1716101048514,0,I,98,9
29.3778703108929,27.092389570977,17.9566610930488,9.13572847792827,0,C,99,9
18.9830556334135,72,18.2525321748108,0.730523458602688,1,I,100,9
18.7591227273121,62.1968743656207,18.5155631275848,0.243559599727351,1,C,101,9
19.2471061993819,72,18.6580010689795,0.589105130402404,1,I,102,9
38.2728698153213,70.6081143995177,18.8907797494903,19.382090065831,1,C,103,9
249.983845636024,34.2827900348838,18.9249790459871,15.3578109888967,0,I,104,9
57.6576908126699,72,19.0266441274434,38.6310466852264,1,C,105,9
56.3337497831329,72,19.115740545094,37.2180092380389,1,I,106,9
48.4053169671014,72,19.1198694705963,29.2854474965051,1,C,107,9
91.2834351821647,24.0076725102239,19.5150644006208,4.49260810960316,0,I,108,9
24.5799382905344,72,19.5152824278921,5.06465586264236,1,C,109,9
24.0481666993818,72,19.5427073724568,4.50545932692503,1,I,110,9
25.689649642826,72,19.8982062377036,5.79144340512244,1,C,111,9
64.7680946384518,42.1144364877223,19.9628571700305,22.1515793176918,0,I,112,9
22.6042351244613,72,20.5213702423498,2.08286488211148,1,C,113,9
27.19672135912,72,20.5518710939214,6.64485026519866,1,I,114,9
23.0492949464122,40.7914738896553,20.7954703224823,2.25382462392988,1,C,115,9
47.812112874761,72,20.8048539049923,27.0072589697687,1,I,116,9
40.2537825508666,72,20.8530160272494,19.4007665236173,1,C,117,9
34.7824769059883,72,21.1015501851216,13.6809267208667,1,I,118,9
22.3739005627174,72,21.5569233801216,0.816977182595793,1,C,119,9
30.8413260934036,72,21.612493917346,9.22883217605763,1,I,120,9
39.3733470458015,72,21.6947529232129,17.6785941225885,1,C,121,9
51.0414369036818,72,21.8253175634891,29.2161193401927,1,I,122,9
48.7457446196175,72,21.894362680614,26.8513819390035,1,C,123,9
169.04607672828,72,22.7146525494754,49.2853474505246,0,I,124,9
34.1023415740621,58.0783528439036,22.8278460167348,11.2744955573273,1,C,125,9
24.0690776710802,72,23.0037770234048,1.06530064767532,1,I,126,9
58.4971210653495,72,23.0451093055308,35.4520117598187,1,C,127,9
32.3635690806115,72,23.2763936044648,9.0871754761467,1,I,128,9
73.6036817580586,72,23.5978420218453,48.4021579781547,0,C,129,9
27.7506332580713,72,24.0095527796075,3.74108047846384,1,I,130,9
55.4118481867951,72,24.1026963293552,31.3091518574399,1,C,131,9
74.5493339171433,72,24.3221981590614,47.6778018409386,0,I,132,9
36.8713260738157,72,24.3655034294352,12.5058226443806,1,C,133,9
122.763987610028,72,24.3825552798808,47.6174447201192,0,I,134,9
25.8813906516986,72,24.7358480701223,1.14554258157632,1,C,135,9
65.309468547891,70.2857955049831,24.8916274029762,40.4178411449148,1,I,136,9
151.773952459407,72,25.0212523480877,46.9787476519123,0,C,137,9
63.2212601536809,72,25.0834624702111,38.1377976834698,1,I,138,9
65.2617448846183,72,25.2857288299128,39.9760160547054,1,C,139,9
40.1796294193955,72,25.646206503734,14.5334229156615,1,I,140,9
61.9389907629557,72,25.7179691875353,36.2210215754203,1,C,141,9
135.956020022248,40.4208078064971,26.0784273874015,14.3423804190957,0,I,142,9
30.9254186218769,72,26.221354692243,4.70406392963389,1,C,143,9
28.2453711721781,72,26.3519261078909,1.89344506428718,1,I,144,9
141.084968572739,72,26.5526398457587,45.4473601542413,0,C,145,9
45.0432306051835,72,26.6128071444109,18.4304234607726,1,I,146,9
75.5471007414309,72,26.9107088400051,45.0892911599949,0,C,147,9
60.9281765830126,72,27.0289292000234,33.8992473829891,1,I,148,9
47.8187841221342,72,27.2795700235292,20.539214098605,1,C,149,9
43.061206041999,54.8913567603336,27.3947240877897,15.6664819542094,1,I,150,9
50.2707441797968,72,27.7212845860049,22.5494595937918,1,C,151,9
104.424825319339,36.3426472002219,27.7947265282273,8.54792067199458,0,I,152,9
40.7015978830291,72,27.8003445267677,12.9012533562613,1,C,153,9
34.0072213356512,72,27.8238418791443,6.18337945650689,1,I,154,9
83.1653311803159,72,27.881043003872,44.118956996128,0,C,155,9
104.441035293653,72,28.1868227245286,43.8131772754714,0,I,156,9
69.2092747947896,72,28.322263341397,40.8870114533926,1,C,157,9
43.4023114969106,72,28.3560056984425,15.0463057984682,1,I,158,9
36.8298144068229,66.7785438522062,28.5754311550409,8.25438325178201,1,C,159,9
64.2746884615478,72,28.6423623422161,35.6323261193317,1,I,160,9
86.4518288714058,72,28.7139928154647,43.2860071845353,0,C,161,9
37.2947550562284,72,28.8071464793757,8.48760857685275,1,I,162,9
42.6259746045253,72,28.8720939354971,13.7538806690281,1,C,163,9
39.6284308594991,72,30.0063783349469,9.62205252455213,1,I,164,9
36.1993917265727,72,30.0692260963842,6.13016563018844,1,C,165,9
62.3742036533081,72,30.149695747532,32.2245079057762,1,I,166,9
55.828315157944,72,30.1982402382419,25.6300749197022,1,C,167,9
171.340919793667,72,30.2650750754401,41.7349249245599,0,I,168,9
48.0679122580844,72,30.2718090405688,17.7961032175156,1,C,169,9
37.6270605317538,72,30.3772707469761,7.24978978477761,1,I,170,9
156.330968460083,72,30.5889989901334,41.4110010098666,0,C,171,9
51.8834694438356,72,31.0915823746473,20.7918870691884,1,I,172,9
80.9411248491999,72,31.413622610271,40.586377389729,0,C,173,9
64.2627532796043,72,31.8196735577658,32.4430797218385,1,I,174,9
32.0217695867314,72,31.982228695415,0.0395408913164848,1,C,175,9
67.1837223735789,72,33.1355375004932,34.0481848730857,1,I,176,9
47.6021830637173,72,33.1462397100404,14.4559433536769,1,C,177,9
57.410765376774,72,33.7252843659371,23.6854810108369,1,I,178,9
53.9215959267611,72,33.7537682102993,20.1678277164618,1,C,179,9
87.0453591640231,72,33.7569910101593,38.2430089898408,0,I,180,9
44.5731695774823,72,33.8482843246311,10.7248852528512,1,C,181,9
47.9960495486136,72,33.8917153934017,14.1043341552119,1,I,182,9
60.9232896343869,72,34.1838372079656,26.7394524264214,1,C,183,9
38.4878785006923,72,34.3667703587562,4.12110814193614,1,I,184,9
212.873210038531,72,34.5270191319287,37.4729808680713,0,C,185,9
63.0324394136131,72,34.9204115336761,28.112027879937,1,I,186,9
56.9503115435454,72,35.6936081266031,21.2567034169424,1,C,187,9
49.3214786978668,72,35.8259281609207,13.4955505369461,1,I,188,9
76.0073709505169,72,36.0062866425142,35.9937133574858,0,C,189,9
38.6710775789977,72,36.0116669721901,2.65941060680755,1,I,190,9
54.8954920985795,63.3262095470314,36.5893493453041,18.3061427532755,1,C,191,9
39.685697233048,65.1486801449797,36.8650915240869,2.82060570896108,1,I,192,9
135.697428733515,72,36.9843741226941,35.0156258773059,0,C,193,9
100.644903995549,72,37.1375022316352,34.8624977683649,0,I,194,9
48.3136165701975,72,37.264657728374,11.0489588418235,1,C,195,9
183.875315305296,72,37.3538762284443,34.6461237715557,0,I,196,9
55.4628126546344,72,37.3792068986222,18.0836057560122,1,C,197,9
43.8347325315331,72,37.4252878921106,6.40944463942247,1,I,198,9
55.8448697471921,72,37.6085132500157,18.2363564971764,1,C,199,9
55.9300050634006,72,38.5633340477943,17.3666710156063,1,I,200,9
77.3178420760144,72,39.3573339097202,32.6426660902798,0,C,201,9
54.7417636039906,72,39.6850130427629,15.0567505612277,1,I,202,9
57.835273950287,72,39.900219803676,17.935054146611,1,C,203,9
63.5587089513959,72,40.0916849076748,23.4670240437211,1,I,204,9
76.665823180087,72,40.7316237408668,31.2683762591332,0,C,205,9
95.5093983963017,72,40.7676960714161,31.2323039285839,0,I,206,9
50.394586510998,48.0770287315136,40.8543715858832,7.22265714563037,0,C,207,9
119.666826599876,72,40.8661418454722,31.1338581545278,0,I,208,9
42.9503159965001,49.0023219827059,41.3402742426842,1.61004175381588,1,C,209,9
53.9164385842384,72,41.6565447533503,12.2598938308881,1,I,210,9
85.3583221610084,72,42.1203620312735,29.8796379687265,0,C,211,9
118.176608766096,72,42.8001645812765,29.1998354187235,0,I,212,9
71.8441008559461,72,42.8756668930873,28.9684339628587,1,C,213,9
103.259340311238,72,42.9505059868097,29.0494940131903,0,I,214,9
72.3746156514183,72,42.9976968700066,29.0023031299934,0,C,215,9
66.3164413716387,72,43.0621624505147,23.254278921124,1,I,216,9
56.7080421961369,72,43.3840399794281,13.3240022167088,1,C,217,9
52.042610478253,72,43.4190595708787,8.6235509073743,1,I,218,9
65.7710439856506,72,43.5452650487423,22.2257789369083,1,C,219,9
53.2111152682237,72,43.5988361109048,9.61227915731884,1,I,220,9
83.6691357674103,72,43.7584626954049,28.2415373045951,0,C,221,9
57.8276998797132,72,44.4766597542912,13.351040125422,1,I,222,9
74.8845022197201,59.5007747554474,44.5918109128252,14.9089638426222,0,C,223,9
55.23320736572,72,44.6463481150568,10.5868592506632,1,I,224,9
48.6876918524309,72,44.6926060505211,3.99508580190972,1,C,225,9
96.5363851514534,72,44.7567833214998,27.2432166785002,0,I,226,9
56.6915880467882,72,45.2074298914522,11.484158155336,1,C,227,9
87.686402655817,72,45.527514712885,26.472485287115,0,I,228,9
57.9015819883926,66.1120252496622,45.7945147482678,12.1070672401248,1,C,229,9
60.4161209994214,72,46.0485597280785,14.3675612713428,1,I,230,9
52.5602194515441,72,46.4223512308672,6.13786822067688,1,C,231,9
46.6289155636805,72,46.5855328179896,0.0433827456908679,1,I,232,9
72.5647827391986,72,46.9609033176675,25.0390966823325,0,C,233,9
87.2602557165947,72,47.4026875616983,24.5973124383017,0,I,234,9
114.961532209918,72,47.5817280868068,24.4182719131932,0,C,235,9
70.9655324339449,72,47.8421617671847,23.1233706667601,1,I,236,9
76.6883569850056,72,48.0433690594509,23.9566309405491,0,C,237,9
168.731562642884,72,48.0753775499761,23.9246224500239,0,I,238,9
56.2483064887093,72,48.3138349978253,7.93447149088394,1,C,239,9
76.1825735858468,72,48.867920441553,23.132079558447,0,I,240,9
84.8718903976362,61.3969818202274,49.0892863227055,12.307695497522,0,C,241,9
69.6731786540972,72,49.1288242768496,20.5443543772476,1,I,242,9
54.7036739541615,67.9253160048541,49.1451308783144,5.55854307584708,1,C,243,9
75.7579388487249,72,49.3415293190628,22.6584706809372,0,I,244,9
100.730831870611,72,49.3605171376839,22.6394828623161,0,C,245,9
75.0322195746553,72,49.4561399845406,22.5438600154594,0,I,246,9
59.0689158431989,72,49.5566224772483,9.51229336595053,1,C,247,9
56.2956862137094,58.7461402031685,49.8551304917783,6.44055572193113,1,I,248,9
122.786641246158,72,50.1267961459234,21.8732038540766,0,C,249,9
54.8989195412435,72,50.1646380918101,4.73428144943343,1,I,250,9
104.705287668147,72,50.1879710610956,21.8120289389044,0,C,251,9
68.4061378078617,72,50.5611939216033,17.8449438862585,1,I,252,9
57.5281753030741,72,50.7089680060744,6.81920729699968,1,C,253,9
107.016032787421,72,50.7168108830228,21.2831891169772,0,I,254,9
64.704252764074,72,51.204173876904,13.50007888717,1,C,255,9
87.5307153384059,56.0871587466169,51.3335221912712,4.75363655534568,0,I,256,9
66.2704682197312,72,51.391647127457,14.8788210922743,1,C,257,9
60.0783995140045,72,51.7039077635855,8.374491750419,1,I,258,9
106.372246389923,72,52.0034313993529,19.9965686006472,0,C,259,9
89.6635977466137,53.894457652253,52.3632994573563,1.53115819489661,0,I,260,9
68.610391286427,72,52.6907095732167,15.9196817132103,1,C,261,9
135.180579203709,72,52.9519843356684,19.0480156643316,0,I,262,9
111.743130135511,72,53.1044441275299,18.8955558724701,0,C,263,9
95.7911325209109,72,53.1668482208625,18.8331517791376,0,I,264,9
63.9194395285755,72,53.2706164615229,10.6488230670527,1,C,265,9
64.6161055616195,72,53.5175572894514,11.0985482721681,1,I,266,9
135.161966215098,72,53.6852403497323,18.3147596502677,0,C,267,9
165.46007723343,72,53.7799857649952,18.2200142350048,0,I,268,9
127.364347134526,72,53.8509774953127,18.1490225046873,0,C,269,9
86.3362548520143,61.8404546952611,53.8642659410834,7.97618875417764,0,I,270,9
60.0016768984013,72,54.4626331469044,5.53904375149688,1,C,271,9
60.6881418531157,72,54.6421658433974,6.04597600971835,1,I,272,9
98.6459752368901,72,54.7586762951687,17.2413237048313,0,C,273,9
120.78742525762,61.8508557213603,54.7636143676937,7.08724135366668,0,I,274,9
67.4283907890389,72,54.7773328889161,12.6510579001228,1,C,275,9
90.7963437992183,72,54.8480644030497,17.1519355969504,0,I,276,9
96.176129438602,72,54.9677594611421,17.0322405388579,0,C,277,9
55.9788815606448,58.0978373352874,55.0046047987416,0.974276761903186,1,I,278,9
84.2303987831282,72,55.0351360347122,16.9648639652878,0,C,279,9
63.5060144909561,72,55.7225082814694,7.78350620948673,1,I,280,9
56.6933477458978,72,55.8089919621125,0.884355783785291,1,C,281,9
62.3779604978814,72,55.9280719701201,6.44988852776128,1,I,282,9
69.0391347576865,72,56.044295411557,12.9948393461295,1,C,283,9
72.4146649226664,72,56.0535377031192,15.9464622968808,0,I,284,9
120.840059795712,72,56.1104887537658,15.8895112462342,0,C,285,9
103.958784716891,72,57.0165883703157,14.9834116296843,0,I,286,9
75.0127348146796,60.0576861547146,57.0788141107187,2.97887204399589,0,C,287,9
70.9656980472888,72,57.6844826946035,13.2812153526853,1,I,288,9
115.559690434136,72,57.6987588498741,14.3012411501259,0,C,289,9
60.2201132901159,72,57.8369496809319,2.38316360918402,1,I,290,9
65.9767160153084,72,58.1417254870758,7.83499052823268,1,C,291,9
79.7828981670215,72,59.3708544457331,12.6291455542669,0,I,292,9
87.0954164822672,72,59.4110282091424,12.5889717908576,0,C,293,9
79.0821171692904,72,59.8886418202892,12.1113581797108,0,I,294,9
78.567661616406,72,59.9532384239137,12.0467615760863,0,C,295,9
111.76453781348,72,59.9625169113278,12.0374830886722,0,I,296,9
1.0323644067683,72,0.00595305114984512,1.02641135561845,1,I,1,10
72.6551231342066,72,0.0394316157326102,71.9605683842674,0,C,2,10
71.1193596101179,9.40980350687811,0.372967519797385,9.03683598708072,0,I,3,10
59.0685492960742,72,0.477677159942687,58.5908721361315,1,C,4,10
84.6535040950584,48.8191734440799,0.53078277502209,48.2883906690578,0,I,5,10
13.5173025516844,72,0.532459407113493,12.9848431445709,1,C,6,10
38.0806063966543,21.7546120310287,0.537773603573442,21.2168384274553,0,I,7,10
38.2424900885951,72,0.576338432729244,37.6661516558659,1,C,8,10
9.82086896408002,72,0.742388600483537,9.07848036359648,1,I,9,10
7.19938322234219,72,0.77642010524869,6.4229631170935,1,C,10,10
21.7301489393478,72,0.97402922809124,20.7561197112565,1,I,11,10
24.8378364720346,72,1.23237553518265,23.605460936852,1,C,12,10
164.437896966843,72,1.2332813674584,70.7667186325416,0,I,13,10
15.3053032596902,72,1.27711703069508,14.0281862289951,1,C,14,10
2.59610888161059,54.2661314352804,1.30383897107095,1.29226991053964,1,I,15,10
45.315481992126,72,1.46978352684528,43.8456984652807,1,C,16,10
3.40441486781717,19.5272553701831,1.63157441653311,1.77284045128406,1,I,17,10
15.3301792037125,23.5519301417007,1.68800789862871,13.6421713050837,1,C,18,10
72.1900147566278,72,1.69144129380584,70.3085587061942,0,I,19,10
19.3617989360196,72,1.83276761323214,17.5290313227875,1,C,20,10
20.6032322633366,72,1.88052888493985,18.7227033783968,1,I,21,10
50.7513578226169,42.1172137668536,1.93303639534861,40.184177371505,0,C,22,10
46.1056660265675,57.2610196345222,2.10609840229154,43.999567624276,1,I,23,10
24.725848449061,40.4974924559595,2.45963692199439,22.2662115270666,1,C,24,10
75.1214412640564,72,2.48484643176198,69.515153568238,0,I,25,10
31.2838835154435,72,2.56198130082339,28.7219022146201,1,C,26,10
60.2861920187557,72,2.83321826253086,57.4529737562248,1,I,27,10
9.13816201287409,72,2.91944101452827,6.21872099834581,1,C,28,10
20.9823067650431,72,3.10277929063886,17.8795274744042,1,I,29,10
14.6048191396344,72,3.20772462990135,11.3970945097331,1,C,30,10
91.7502653823228,17.6622423004902,3.22158630006015,14.44065600043,0,I,31,10
24.8457886318517,72,3.43772364780307,21.4080649840486,1,C,32,10
48.7430726462354,72,3.49030715413392,45.2527654921015,1,I,33,10
29.1534862743338,72,3.59971753321588,25.5537687411179,1,C,34,10
5.49229777576817,72,4.56869962625206,0.923598149516112,1,I,35,10
17.2757624775872,72,4.82388151343912,12.4518809641481,1,C,36,10
36.1084733519249,37.0139475267669,4.82811839785427,31.2803549540706,1,I,37,10
10.826196589193,50.7627974197503,4.94702157564461,5.87917501354842,1,C,38,10
16.3444561897605,72,5.00998391769826,11.3344722720623,1,I,39,10
22.5682416769902,41.6595321651005,5.18400952219963,17.3842321547906,1,C,40,10
38.3552777609688,13.2266917262339,5.19892752170563,8.02776420452828,0,I,41,10
17.3330884726183,72,5.38429160602391,11.9487968665944,1,C,42,10
85.7621666181952,72,5.3866500640288,66.6133499359712,0,I,43,10
5.53283184625342,72,5.40246387943626,0.130367966817168,1,C,44,10
10.4765800638397,72,5.43848021887243,5.03809984496732,1,I,45,10
13.3468571488797,72,5.48014365602285,7.86671349285683,1,C,46,10
12.3270010709214,11.8869802503834,5.7278596283868,6.15912062199661,0,I,47,10
103.720637583118,28.6912015300992,6.28271710127592,22.4084844288233,0,C,48,10
10.1331214108856,72,6.50581976864487,3.62730164224069,1,I,49,10
15.6457090106516,72,6.67100720107555,8.97470180957604,1,C,50,10
83.7672176449096,72,7.26227296516299,64.737727034837,0,I,51,10
49.1983399653835,72,7.30112803168595,41.8972119336976,1,C,52,10
11.8547579979269,72,7.39216016605496,4.46259783187197,1,I,53,10
28.906682333434,55.5184491832761,7.81499915756285,21.0916831758711,1,C,54,10
80.4299698961503,30.8257954973066,8.68823083117604,22.1375646661305,0,I,55,10
25.4366364337592,72,9.23382835462689,16.2028080791323,1,C,56,10
14.6107477027394,72,9.44721445441246,5.16353324832689,1,I,57,10
19.8746562667252,72,9.63092900812626,10.243727258599,1,C,58,10
38.3397516802643,72,10.3492617281154,27.9904899521489,1,I,59,10
48.4229008248645,72,10.4231192311272,37.9997815937373,1,C,60,10
64.8911741830075,72,10.786184608005,54.1049895750025,1,I,61,10
21.94165069339,72,10.7863987376913,11.1552519556986,1,C,62,10
18.5894309850428,72,10.9469771571457,7.64245382789711,1,I,63,10
227.159375777375,72,11.0732061881572,60.9267938118428,0,C,64,10
57.8909819113827,72,11.0927085299045,46.7982733814782,1,I,65,10
64.2921806324503,72,11.4963588723913,52.795821760059,1,C,66,10
93.0012474058406,72,11.7506384337321,60.2493615662679,0,I,67,10
22.1545277137118,72,11.9959819223732,10.1585457913386,1,C,68,10
52.1390582287181,72,12.0090833678842,40.129974860834,1,I,69,10
19.2588024104789,72,12.2465214505792,7.0122809598997,1,C,70,10
31.0045207876996,72,12.5723517592996,18.4321690284,1,I,71,10
68.4188681116513,72,12.6674136472866,55.7514544643647,1,C,72,10
43.6431970527748,72,13.5932826809585,30.0499143718163,1,I,73,10
15.0608116671709,68.7592144766216,13.627009280026,1.43380238714491,1,C,74,10
52.1191361538867,72,13.6798501107842,38.4392860431025,1,I,75,10
63.8808588222647,72,14.0604876866564,49.8203711356083,1,C,76,10
28.0003564146256,32.0944767490007,14.0685504768044,13.9318059378213,1,I,77,10
46.5781829633571,72,14.3123756255955,32.2658073377616,1,C,78,10
51.5790834583834,72,14.3982379697263,37.1808454886571,1,I,79,10
29.7320420116454,72,14.473063191399,15.2589788202464,1,C,80,10
65.8590237689808,72,14.5072463527322,51.3517774162486,1,I,81,10
29.0744081853461,72,14.6018673107028,14.4725408746433,1,C,82,10
26.2200001488474,72,14.8159457137808,11.4040544350666,1,I,83,10
42.5294325580496,72,15.0102066854015,27.5192258726481,1,C,84,10
24.2340428066307,48.9471557494828,15.029476499185,9.20456630744577,1,I,85,10
114.668719067176,72,15.076472517103,56.9235274828971,0,C,86,10
47.5135186070296,72,15.1079366449267,32.4055819621029,1,I,87,10
125.979730939609,72,15.6332301115617,56.3667698884383,0,C,88,10
80.8127991498914,72,15.826245713979,56.173754286021,0,I,89,10
51.5260110536401,30.7685697373308,15.9803590038791,14.7882107334516,0,C,90,10
27.9112198235236,72,16.2159913033247,11.6952285201989,1,I,91,10
32.8353425825195,72,16.432401034981,16.4029415475385,1,C,92,10
31.6628708609366,72,16.6315267095342,15.0313441514024,1,I,93,10
62.8092083693084,72,17.0084752840921,45.8007330852163,1,C,94,10
82.6943149015466,72,17.1109298150986,54.8890701849014,0,I,95,10
75.9050651114174,72,17.153159128502,54.846840871498,0,C,96,10
19.7188313780352,72,17.7165373088792,2.00229406915597,1,I,97,10
51.9861309386961,42.0336502350867,17.8006678260863,24.2329824090004,0,C,98,10
18.5416760242907,72,17.8677636897191,0.673912334571602,1,I,99,10
39.5335161285226,26.7097512231852,17.8766577132046,8.83309350998055,0,C,100,10
43.0646843257205,72,18.2677618833259,24.7969224423946,1,I,101,10
23.8132626915248,72,18.4309208253399,5.38234186618498,1,C,102,10
19.8182910594939,72,18.4888433525339,1.32944770695997,1,I,103,10
74.5225560124833,72,18.9381622569636,53.0618377430365,0,C,104,10
40.4766589143799,72,18.9542211312801,21.5224377830998,1,I,105,10
43.2023889916294,29.8896904758728,19.0236890455708,10.866001430302,0,C,106,10
21.9457320352808,72,19.0558526152745,2.88987942000631,1,I,107,10
95.7874317396345,72,19.1778050875291,52.8221949124709,0,C,108,10
27.7358597206086,72,19.3726853840053,8.3631743366033,1,I,109,10
41.6818357738133,72,19.4199864892289,22.2618492845844,1,C,110,10
25.6238601374718,72,19.5313299866393,6.09253015083252,1,I,111,10
47.8700945362072,70.9367532754355,19.7496758541092,28.120418682098,1,C,112,10
56.9215609781639,72,19.7632444510236,37.1583165271402,1,I,113,10
22.4480266415032,72,19.8609038209543,2.58712282054891,1,C,114,10
20.8805475026103,72,20.381831866689,0.498715635921263,1,I,115,10
33.7584547075295,72,20.3977106278762,13.3607440796533,1,C,116,10
36.1567926545583,72,20.6147720525041,15.5420206020542,1,I,117,10
68.4971722260777,46.134685555364,20.8699439512566,25.2647416041074,0,C,118,10
105.125207557731,72,21.1526262899861,50.8473737100139,0,I,119,10
68.7109189402927,34.3466860768054,21.1686475016177,13.1780385751878,0,C,120,10
23.6420055502328,48.0200331716058,21.3443245366216,2.29768101361123,1,I,121,10
24.3467664904031,72,21.4564051944762,2.89036129592681,1,C,122,10
38.292799211538,72,21.5014204289764,16.7913787825616,1,I,123,10
55.3381838795816,72,21.5741193993017,33.7640644802799,1,C,124,10
33.9049256819951,72,21.6114070639014,12.2935186180936,1,I,125,10
27.6383081673068,72,22.1251501562074,5.51315801109942,1,C,126,10
39.6226589659193,72,22.1474276203662,17.4752313455531,1,I,127,10
32.3497250282367,72,22.2968464717269,10.0528785565098,1,C,128,10
50.7015016816771,72,22.3255011951551,28.3760004865221,1,I,129,10
37.4372365142888,72,22.3301477730274,15.1070887412614,1,C,130,10
52.5214928551504,72,22.3749682819471,30.1465245732033,1,I,131,10
33.9653862950288,60.5931510378817,22.4259027605876,11.5394835344412,1,C,132,10
78.2545453321036,66.8401585762916,23.015246973373,43.8249116029186,0,I,133,10
50.4942772156963,72,23.111737081781,27.3825401339153,1,C,134,10
37.2808403514157,54.5359264697352,23.1818811642006,14.0989591872151,1,I,135,10
69.077696121637,72,23.5957020521164,45.4819940695206,1,C,136,10
72.4378277055569,72,23.6439621727914,48.3560378272086,0,I,137,10
54.8093049023648,72,23.7420891830698,31.067215719295,1,C,138,10
27.7563611624097,72,24.1011417098343,3.65521945257539,1,I,139,10
29.643115464147,72,24.1986864712089,5.44442899293804,1,C,140,10
31.1031457918826,72,24.252269002609,6.85087678927368,1,I,141,10
75.1735976176546,54.8734165687196,24.3567041214556,30.516712447264,0,C,142,10
37.0133966112545,72,24.9145054863766,12.0988911248779,1,I,143,10
61.2035917045223,34.317553342777,25.1811083173379,9.13644502543904,0,C,144,10
26.8758403162576,72,25.2447385853156,1.63110173094198,1,I,145,10
86.1494712801026,72,25.460620187223,46.539379812777,0,C,146,10
29.7441675001315,72,25.9240454016253,3.82012209850616,1,I,147,10
52.0148308021047,72,26.2526865396649,25.7621442624398,1,C,148,10
70.1192219791588,72,26.6009865514934,43.5182354276654,1,I,149,10
58.7806994974298,72,26.8246654747054,31.9560340227244,1,C,150,10
29.6535169790647,72,27.4189280066639,2.2345889724008,1,I,151,10
56.5490267961657,72,27.5621790345758,28.9868477615899,1,C,152,10
29.0438311227981,72,27.7206023689359,1.32322875386212,1,I,153,10
33.63987937895,46.8910352073917,28.049446712248,5.59043266670196,1,C,154,10
60.876621391043,72,28.2576183183119,32.6190030727311,1,I,155,10
53.7292027688694,72,28.4902748605236,25.2389279083457,1,C,156,10
46.5179852182639,72,28.865421814844,17.6525634034198,1,I,157,10
62.8036193981946,72,29.0207267878577,33.7828926103369,1,C,158,10
36.6409448020669,56.178091299622,29.1126835718751,7.52826123019179,1,I,159,10
63.7750470089078,72,29.1851303586736,34.5899166502341,1,C,160,10
77.0178900374952,72,29.2401555133984,42.7598444866017,0,I,161,10
62.9654424473701,72,29.3719269102439,33.5935155371261,1,C,162,10
95.844736125005,72,29.6255902340636,42.3744097659364,0,I,163,10
40.8131706171467,72,29.8422759957612,10.9708946213855,1,C,164,10
77.4299323963692,72,29.8545411648229,42.1454588351771,0,I,165,10
55.3621021645307,72,30.0345297390595,25.3275724254712,1,C,166,10
63.8199725210967,72,30.320735857822,33.4992366632747,1,I,167,10
147.817968533184,72,30.5055824294686,41.4944175705314,0,C,168,10
31.8256281551084,72,30.6797729339451,1.14585522116332,1,I,169,10
39.2872999935179,72,30.817015604116,8.4702843894019,1,C,170,10
55.2965390508476,72,30.8302967017517,24.466242349096,1,I,171,10
81.9767088108575,72,30.9652138408273,41.0347861591727,0,C,172,10
78.3842860166748,72,31.0995188914239,40.9004811085761,0,I,173,10
61.1735588595139,72,31.1828186921775,29.9907401673363,1,C,174,10
39.1660065358225,62.6572191134813,31.4850754290819,7.68093110674056,1,I,175,10
60.5403272169139,72,31.5353478770703,29.0049793398436,1,C,176,10
57.0933528020073,72,32.2919793007895,24.8013735012178,1,I,177,10
57.1807839846795,72,32.7009123098105,24.479871674869,1,C,178,10
119.933473331108,72,33.0053164483979,38.9946835516021,0,I,179,10
48.5256081021487,72,33.2395145623013,15.2860935398473,1,C,180,10
45.354614951237,72,33.2943419739604,12.0602729772766,1,I,181,10
59.5864994945656,72,33.3034580061212,26.2830414884444,1,C,182,10
56.0356424895532,72,33.3194347657263,22.7162077238269,1,I,183,10
51.3507197682868,35.3577601120451,33.4329752577469,1.92478485429825,0,C,184,10
67.4105200915259,72,33.6505052726716,33.7600148188543,1,I,185,10
45.0447954547952,72,34.0632870560512,10.981508398744,1,C,186,10
83.6674675596209,72,34.3964097462595,37.6035902537406,0,I,187,10
65.6718646678019,72,34.6960119763389,30.975852691463,1,C,188,10
50.882592128392,72,34.8927229782566,15.9898691501353,1,I,189,10
49.9207543686176,56.1207633944473,35.1262407610193,14.7945136075983,1,C,190,10
46.4714363504798,62.021601272611,35.136423362419,11.3350129880608,1,I,191,10
43.6414423973467,72,35.1527256192639,8.48871677808272,1,C,192,10
53.8682427989669,42.9904395588957,35.2758147474378,7.71462481145787,0,I,193,10
71.4785258544912,72,35.3071483690292,36.171377485462,1,C,194,10
49.5144323905375,72,35.4679950093851,14.0464373811524,1,I,195,10
42.6780251551424,72,35.4777309391648,7.20029421597767,1,C,196,10
118.220136815012,72,35.6045793788508,36.3954206211492,0,I,197,10
37.7427643330352,72,35.6713323807344,2.07143195230078,1,C,198,10
109.136915420401,72,36.4515673136339,35.5484326863661,0,I,199,10
42.9359053180754,72,36.4542256621644,6.48167965591102,1,C,200,10
144.334520182051,72,36.6374516347423,35.3625483652577,0,I,201,10
93.3587293752547,72,36.8526986986399,35.1473013013601,0,C,202,10
48.2678345188164,72,37.1224353136495,11.145399205167,1,I,203,10
76.2188930543264,72,37.1239684615284,34.8760315384716,0,C,204,10
43.4354199289245,72,37.1324218763039,6.3029980526206,1,I,205,10
66.5803228208337,72,37.4293240299448,29.1509987908889,1,C,206,10
43.6305877568538,72,37.5450330879539,6.08555466889985,1,I,207,10
55.875325420517,72,37.7068084152415,18.1685170052755,1,C,208,10
81.9937513233631,72,37.7116625849158,34.2883374150842,0,I,209,10
64.9136330337882,72,38.0051000369713,26.9085329968169,1,C,210,10
48.0776048317105,72,38.4647146426141,9.61289018909639,1,I,211,10
191.037924535401,72,38.606899548322,33.393100451678,0,C,212,10
45.2009473474801,72,38.9424091670662,6.25853818041387,1,I,213,10
44.1053483991369,72,39.1296058287844,4.9757425703525,1,C,214,10
79.0233295377825,72,39.142731372267,32.857268627733,0,I,215,10
65.7011207234597,72,39.2105462215841,26.4905745018756,1,C,216,10
80.9627804916246,72,39.2429519305006,32.7570480694994,0,I,217,10
43.4986243303025,72,39.3050749227405,4.19354940756205,1,C,218,10
61.8897954492141,72,39.3246379494667,22.5651574997474,1,I,219,10
74.8775141641227,72,39.5751499012113,32.4248500987887,0,C,220,10
88.4252897504095,72,40.036667981185,31.963332018815,0,I,221,10
79.7080839593839,72,40.4820330860093,31.5179669139907,0,C,222,10
100.309650984109,72,40.7179508032277,31.2820491967723,0,I,223,10
44.6928248815262,72,40.7413122709841,3.95151261054217,1,C,224,10
80.8232563113939,72,40.8197274617851,31.1802725382149,0,I,225,10
91.5547489501243,72,40.824774778448,31.175225221552,0,C,226,10
42.7857343771745,72,40.9183845994994,1.86734977767512,1,I,227,10
44.7218723026161,72,41.0098656825721,3.71200662004393,1,C,228,10
89.0368523438862,72,41.0225963126868,30.9774036873132,0,I,229,10
46.7055003301517,72,41.3907522708178,5.31474805933389,1,C,230,10
73.1722403667238,72,41.4232449699193,30.5767550300807,0,I,231,10
66.2916705316336,72,41.4661280158907,24.8255425157429,1,C,232,10
102.483036697938,72,41.6221968177706,30.3778031822294,0,I,233,10
61.4058529846875,72,41.9087189761922,19.4971340084953,1,C,234,10
43.1784499166987,72,41.9993876433,1.17906227339867,1,I,235,10
90.2658614866306,72,42.2970637120307,29.7029362879694,0,C,236,10
54.3329661196279,72,42.4509856849909,11.881980434637,1,I,237,10
150.798304447606,72,42.7074478240684,29.2925521759316,0,C,238,10
97.1329608223437,72,42.8822030313313,29.1177969686687,0,I,239,10
48.2272900969822,72,42.8905322402716,5.33675785671062,1,C,240,10
54.640946016881,72,43.6489114025608,10.9920346143202,1,I,241,10
88.2112197889556,72,43.676043022424,28.323956977576,0,C,242,10
117.394682931827,72,43.8329761242494,28.1670238757506,0,I,243,10
81.7091774088713,72,43.8650601636618,28.1349398363382,0,C,244,10
62.8502968764313,72,44.4880509423092,18.3622459341221,1,I,245,10
52.3838384287468,72,44.899806138128,7.48403229061872,1,C,246,10
86.5241467921692,72,44.9246450560167,27.0753549439833,0,I,247,10
131.152697776427,72,45.0453095370904,26.9546904629096,0,C,248,10
67.753611453459,72,45.0507536390796,22.7028578143793,1,I,249,10
58.5738190373195,72,45.0968563836068,13.4769626537127,1,C,250,10
52.283726095341,72,45.1251174509525,7.15860864438845,1,I,251,10
122.076107037689,72,45.1454086555168,26.8545913444832,0,C,252,10
77.2447566382017,72,45.2596448455006,26.7403551544994,0,I,253,10
73.8971436455265,72,45.2710703434423,26.7289296565577,0,C,254,10
91.2297867908113,72,45.6674313638359,26.3325686361641,0,I,255,10
196.223653466167,72,45.7973531261087,26.2026468738914,0,C,256,10
102.162709531301,66.0132100916506,46.081193885766,19.9320162058847,0,I,257,10
71.7309641018778,72,46.2093957513571,25.5215683505207,1,C,258,10
50.2994747148803,72,46.267808242701,4.03166647217935,1,I,259,10
50.2538722026344,72,46.2900381395593,3.96383406307504,1,C,260,10
63.2500438588974,72,46.3937118044123,16.8563320544851,1,I,261,10
58.2022723158485,72,46.4297470171005,11.772525298748,1,C,262,10
65.0470935487379,72,46.5288283070549,18.5182652416829,1,I,263,10
52.555076448727,72,46.5409332700074,6.01414317871967,1,C,264,10
100.388908607354,72,46.5905931126326,25.4094068873674,0,I,265,10
71.9686072501071,72,46.6142945783213,25.3543126717858,1,C,266,10
100.621311973581,56.948220676039,46.6352654574439,10.3129552185951,0,I,267,10
53.7903452373038,72,46.9133605342358,6.87698470306793,1,C,268,10
271.477351891006,72,47.2219550516456,24.7780449483544,0,I,269,10
116.916761517506,72,47.2400887543336,24.7599112456664,0,C,270,10
102.410767503783,72,47.8952852357179,24.1047147642821,0,I,271,10
74.1542244006959,72,47.9228572826833,24.0771427173168,0,C,272,10
72.4048154561415,72,48.0599449295551,23.9400550704449,0,I,273,10
75.1115506576258,72,48.463332625106,23.536667374894,0,C,274,10
103.596269988222,72,48.4809036646038,23.5190963353962,0,I,275,10
75.0958507554063,72,48.529130704701,23.4708692952991,0,C,276,10
57.8566576404354,72,49.0404501697049,8.81620747073055,1,I,277,10
87.4778533179313,72,49.1435074154288,22.8564925845712,0,C,278,10
131.557538721895,72,49.1550547163934,22.8449452836067,0,I,279,10
50.0069180042364,72,49.6919266087934,0.314991395442998,1,C,280,10
73.5537520853979,72,49.7357571031898,22.2642428968102,0,I,281,10
116.047133601843,72,50.1132569974288,21.8867430025712,0,C,282,10
64.6993773927548,72,50.1303161401302,14.5690612526246,1,I,283,10
112.774856052774,72,50.44416165445,21.55583834555,0,C,284,10
93.3113659088494,72,50.7460105977953,21.2539894022048,0,I,285,10
69.0326697533924,71.8110711024365,50.9374850057066,18.0951847476858,1,C,286,10
57.5159298792689,72,51.1506153456867,6.36531453358217,1,I,287,10
75.6744031652463,72,51.5360878268257,20.4639121731743,0,C,288,10
54.4324449039418,55.8789859159635,51.6866868222132,2.74575808172856,1,I,289,10
56.4915105150382,72,51.870547849685,4.62096266535321,1,C,290,10
94.356503338513,72,51.9074024213478,20.0925975786522,0,I,291,10
170.38501563909,72,52.0248567732051,19.9751432267949,0,C,292,10
62.158629150307,72,52.4480325914919,9.71059655881503,1,I,293,10
121.831419793534,72,52.5900528207421,19.4099471792579,0,C,294,10
53.61658314686,72,52.7479325607419,0.868650586118046,1,I,295,10
55.0610713119052,72,52.9930562060326,2.06801510587253,1,C,296,10
53.5272078236239,72,53.0004522576928,0.526755565931041,1,I,297,10
137.791590606184,72,53.3210446871817,18.6789553128183,0,C,298,10
139.71393136004,72,53.5850183246657,18.4149816753343,0,I,299,10
76.4352828320032,72,53.7139422493056,18.2860577506945,0,C,300,10
62.670005678679,72,53.7174396403134,8.95256603836562,1,I,301,10
82.217080427867,72,53.9063785644248,18.0936214355752,0,C,302,10
118.72035104984,72,54.1991078015417,17.8008921984583,0,I,303,10
57.1027531884566,72,54.2641971353442,2.83855605311242,1,C,304,10
62.6434216499758,72,54.3079503625631,8.33547128741266,1,I,305,10
72.0311320266206,72,55.1218409417197,16.8781590582803,0,C,306,10
80.5770898864388,72,55.2160151163116,16.7839848836884,0,I,307,10
78.4887825420061,72,55.2714874735102,16.7285125264898,0,C,308,10
65.9599917130571,72,55.5213236203417,10.4386680927154,1,I,309,10
86.5060471007697,72,55.6151292985305,16.3848707014695,0,C,310,10
136.183119362917,72,55.8962658466771,16.1037341533229,0,I,311,10
116.943559912866,72,55.922413780354,16.077586219646,0,C,312,10
62.4350272849741,72,56.1507583362982,6.28426894867592,1,I,313,10
56.7399161567542,72,56.3821665477008,0.357749609053461,1,C,314,10
69.8148563573958,72,56.6491793235764,13.1656770338194,1,I,315,10
63.5083903811393,72,57.064344920218,6.44404546092126,1,C,316,10
90.9125935370176,72,57.1528567420319,14.8471432579681,0,I,317,10
70.8728197638637,72,57.1880865795538,13.6847331843099,1,C,318,10
180.129897864214,72,57.2106552869082,14.7893447130919,0,I,319,10
89.2938685121002,72,57.236790410243,14.763209589757,0,C,320,10
117.858237039813,72,57.4017150280997,14.5982849719003,0,I,321,10
71.606888633352,66.556099149689,57.4452924029902,9.11080674669887,0,C,322,10
80.3910139427431,72,57.4762222822756,14.5237777177244,0,I,323,10
131.673131920484,72,58.0900012236089,13.9099987763911,0,C,324,10
66.5648773717062,72,58.161207055673,8.40367031603315,1,I,325,10
69.1430656088534,72,58.1789361219853,10.9641294868681,1,C,326,10
73.2758175724345,72,58.4133965615183,13.5866034384817,0,I,327,10
61.7717795818154,72,58.8078909600154,2.96388862180007,1,C,328,10
59.2810720551833,72,58.8997480971739,0.381323958009451,1,I,329,10
102.488966112289,72,59.4675790658221,12.5324209341779,0,C,330,10
75.7196794955402,72,59.5759291481227,12.4240708518773,0,I,331,10
60.9267918286581,72,59.7642457438633,1.16254608479482,1,C,332,10
102.690586883954,72,59.7909065382555,12.2090934617445,0,I,333,10
75.7989223417236,72,59.936489565298,12.063510434702,0,C,334,10
