t_cal_ev,t_cal_cens,t_acc,t,status,group,pat_id,sim_idx
214.661208749379,31.6658431143968,0.104261236265302,31.5615818781315,0,I,1,1
207.673148597816,72,0.180542422458529,71.8194575775415,0,C,2,1
65.8048348557799,72,0.326011469587684,65.4788233861922,1,I,3,1
50.2037585335241,72,0.34388265106827,49.8598758824558,1,C,4,1
69.7080386911035,72,0.374038447625935,69.3340002434775,1,I,5,1
4.39285770188671,72,0.697501050308347,3.69535665157836,1,C,6,1
225.899013278356,72,0.732977287843823,71.2670227121562,0,I,7,1
14.2001634450826,72,0.748100378550589,13.4520630665321,1,C,8,1
11.1754647288175,72,1.05008787475526,10.1253768540622,1,I,9,1
65.1121543445005,72,1.07188368681818,64.0402706576823,1,C,10,1
14.0637669648284,72,1.11126185394824,12.9525051108801,1,I,11,1
53.756796030178,72,1.30361517425627,52.4531808559217,1,C,12,1
87.7946993625456,72,1.37411691248417,70.6258830875158,0,I,13,1
54.0753015638313,4.55845743052375,1.47734137717634,3.0811160533474,0,C,14,1
302.932924372965,72,1.63678660523146,70.3632133947685,0,I,15,1
82.0531254432905,72,2.38330329302698,69.616696706973,0,C,16,1
264.293957999775,72,2.80511601828039,69.1948839817196,0,I,17,1
51.8854875722849,72,2.80810191761702,49.0773856546679,1,C,18,1
10.1259511946908,72,2.90613987017423,7.21981132451658,1,I,19,1
16.1138193487803,72,2.91744229383767,13.1963770549427,1,C,20,1
63.3417625463593,72,2.95711053069681,60.3846520156625,1,I,21,1
62.4905147243666,72,3.23776820674539,59.2527465176212,1,C,22,1
156.879394324572,72,3.33861307706684,68.6613869229332,0,I,23,1
14.6415825155429,72,3.48123283591121,11.1603496796317,1,C,24,1
65.6970794120598,72,3.56911004986614,62.1279693621937,1,I,25,1
5.8118520627313,72,3.57514687813818,2.23670518459311,1,C,26,1
312.211737178731,72,3.71306719724089,68.2869328027591,0,I,27,1
31.7656108219375,72,4.38554864376783,27.3800621781697,1,C,28,1
298.406573132952,50.3068022558994,4.59697476122528,45.7098274946741,0,I,29,1
53.1310829270859,72,4.60440892260522,48.5266740044806,1,C,30,1
13.6983878657482,72,4.6548229129985,9.04356495274973,1,I,31,1
149.722705977977,72,4.68854530714452,67.3114546928555,0,C,32,1
74.9481422828546,72,4.87640437670052,67.1235956232995,0,I,33,1
6.44006816187246,72,5.20112770143896,1.23894046043349,1,C,34,1
9.33900177029716,72,5.28149594552815,4.05750582476901,1,I,35,1
7.50322867199431,72,5.36895772442222,2.1342709475721,1,C,36,1
37.758275083917,72,6.06683237012476,31.6914427137922,1,I,37,1
67.2170363823777,72,6.18192750960589,61.0351088727719,1,C,38,1
93.7745299028747,72,6.26474955584854,65.7352504441515,0,I,39,1
26.6817677276374,72,6.60218906588852,20.0795786617489,1,C,40,1
37.8374018137555,72,6.63220681250095,31.2051950012546,1,I,41,1
43.701458908054,72,6.71361370012164,36.9878452079324,1,C,42,1
65.0303694301688,72,6.78891086485237,58.2414585653164,1,I,43,1
22.9340651845727,72,6.84533840976656,16.0887267748062,1,C,44,1
180.615010973628,72,7.3552056401968,64.6447943598032,0,I,45,1
12.1510954034401,72,7.7374037867412,4.41369161669888,1,C,46,1
138.97380707142,72,7.75197349023074,64.2480265097693,0,I,47,1
72.1334934509535,72,7.76438815053552,64.2356118494645,0,C,48,1
48.4314273667377,72,8.05008694063872,40.381340426099,1,I,49,1
25.3829785682857,72,8.23516166768968,17.147816900596,1,C,50,1
8.63129509972537,72,8.26212713029236,0.369167969433019,1,I,51,1
191.330465721102,72,9.02464650571346,62.9753534942865,0,C,52,1
163.811526249135,72,9.41811568569392,62.5818843143061,0,I,53,1
10.6392687969445,72,9.42654670681804,1.21272209012649,1,C,54,1
240.576479076888,72,9.49670028872788,62.5032997112721,0,I,55,1
47.773205995746,72,9.93871918413788,37.8344868116082,1,C,56,1
59.2530109945382,72,10.0098107010126,49.2432002935256,1,I,57,1
137.915757062905,72,10.1233329344541,61.8766670655459,0,C,58,1
18.2137629569895,72,10.4264134028926,7.78734955409685,1,I,59,1
277.649226438008,72,10.4391487268731,61.5608512731269,0,C,60,1
67.8654852749737,72,10.8234230289236,57.0420622460501,1,I,61,1
10.9819629222649,72,10.8866520551965,0.0953108670684023,1,C,62,1
63.1301649317151,72,11.5526299970225,51.5775349346927,1,I,63,1
291.34426391598,72,11.8117097765207,60.1882902234793,0,C,64,1
33.9130020096319,72,12.1047886367887,21.8082133728431,1,I,65,1
102.587749167683,72,12.1693658363074,59.8306341636926,0,C,66,1
105.758865427481,72,12.4229671759531,59.5770328240469,0,I,67,1
124.906234267013,72,12.5270692259073,59.4729307740927,0,C,68,1
160.005511796619,72,12.70238106139,59.29761893861,0,I,69,1
20.6788615071881,72,12.7901904238388,7.8886710833493,1,C,70,1
356.397493539346,72,12.9239343479276,59.0760656520724,0,I,71,1
36.1293431185058,72,13.018835708499,23.1105074100068,1,C,72,1
68.8663196749322,72,13.1288671586663,55.737452516266,1,I,73,1
100.353100180846,72,13.301934460178,58.698065539822,0,C,74,1
97.6161094559568,69.3868810821824,13.4439485287294,55.942932553453,0,I,75,1
82.9251313545361,72,13.460754272528,58.539245727472,0,C,76,1
15.8266088047915,72,13.7790514575318,2.04755734725974,1,I,77,1
17.6452020139212,72,13.803425473161,3.84177654076013,1,C,78,1
123.51383307085,72,14.1049036430195,57.8950963569805,0,I,79,1
147.480297738374,72,14.118779967539,57.881220032461,0,C,80,1
58.4896956719857,72,14.3643054971471,44.1253901748385,1,I,81,1
48.0193355696301,72,14.4253124669194,33.5940231027106,1,C,82,1
111.17289490085,60.9580727707857,14.4769765622914,46.4810962084943,0,I,83,1
167.983346662039,72,14.697856712155,57.302143287845,0,C,84,1
60.1891505694091,72,14.8223641980439,45.3667863713651,1,I,85,1
41.466016113282,72,15.4962656507269,25.9697504625552,1,C,86,1
27.5519979715832,55.5046348637151,15.7122693350539,11.8397286365293,1,I,87,1
36.2869437023754,72,15.882554766722,20.4043889356534,1,C,88,1
130.335932969748,72,15.9436629898846,56.0563370101154,0,I,89,1
52.7501743849249,72,16.1846538120881,36.5655205728368,1,C,90,1
123.984352383923,72,16.278756824322,55.721243175678,0,I,91,1
49.0812529637845,72,16.3536888174713,32.7275641463132,1,C,92,1
21.2178272676533,72,16.3752349186689,4.84259234898445,1,I,93,1
52.9597533979237,72,16.5642684604973,36.3954849374264,1,C,94,1
304.264650508677,72,16.8231247644871,55.1768752355129,0,I,95,1
20.1541402657468,72,17.2095466917381,2.94459357400874,1,C,96,1
64.1305281582918,72,17.2260918421671,46.9044363161247,1,I,97,1
36.6755167638391,72,17.3994971998036,19.2760195640355,1,C,98,1
305.099496166696,72,17.7221935847774,54.2778064152226,0,I,99,1
41.990369787292,72,18.2868672022596,23.7035025850324,1,C,100,1
91.4941993186134,72,18.3252219110727,53.6747780889273,0,I,101,1
25.5361656904504,72,18.3906843792647,7.14548131118568,1,C,102,1
204.812374732142,72,18.8308137981221,53.1691862018779,0,I,103,1
32.4549602778003,72,18.8516963738948,13.6032639039055,1,C,104,1
144.331251796428,72,19.1498049907386,52.8501950092614,0,I,105,1
40.2284312320698,72,19.2114608595148,21.016970372555,1,C,106,1
108.214106002943,72,19.2407075129449,52.7592924870551,0,I,107,1
155.9822925774,72,19.8154817009345,52.1845182990655,0,C,108,1
132.30188699662,72,19.830651730299,52.169348269701,0,I,109,1
217.837073042135,72,19.8536957614124,52.1463042385876,0,C,110,1
146.793629309172,72,19.9475624738261,52.0524375261739,0,I,111,1
52.5948824722191,72,20.2811738150194,32.3137086571996,1,C,112,1
292.502794825618,72,20.3067847061902,51.6932152938098,0,I,113,1
82.486713654184,72,20.3979879571125,51.6020120428875,0,C,114,1
310.552832508469,72,20.6319796806201,51.3680203193799,0,I,115,1
48.8932690758474,72,20.733833508566,28.1594355672814,1,C,116,1
270.237305000286,72,20.767394551076,51.232605448924,0,I,117,1
96.8882451896106,72,21.1065191449597,50.8934808550403,0,C,118,1
51.1074956523168,72,21.3977242726833,29.7097713796336,1,I,119,1
103.201864902967,72,21.4547005528584,50.5452994471416,0,C,120,1
213.036388792977,72,21.5211589867249,50.4788410132751,0,I,121,1
28.114306259546,72,21.5939070051536,6.52039925439244,1,C,122,1
103.693346614365,72,21.704061194323,50.295938805677,0,I,123,1
99.8309411935538,72,21.7306104116142,50.2693895883858,0,C,124,1
98.5356950965601,72,21.7362670088187,50.2637329911813,0,I,125,1
52.1754577164344,72,22.1990963257849,29.9763613906495,1,C,126,1
144.2716069946,72,22.2495587635785,49.7504412364215,0,I,127,1
61.2348809141595,72,22.2607802879065,38.974100626253,1,C,128,1
216.67128206637,72,22.3326127650216,49.6673872349784,0,I,129,1
168.189578469179,72,22.4189770314842,49.5810229685158,0,C,130,1
129.512693789364,72,22.6311887567863,49.3688112432137,0,I,131,1
43.053522985994,72,22.659678356722,20.393844629272,1,C,132,1
55.1297042289674,72,22.6959390565753,32.4337651723921,1,I,133,1
24.1781986150512,72,22.7603155374527,1.41788307759846,1,C,134,1
134.474707758231,72,23.2564093312249,48.7435906687751,0,I,135,1
26.7692147752011,46.637302184472,23.3412581216544,3.42795665354675,1,C,136,1
95.0897870403673,72,23.4550205105916,48.5449794894084,0,I,137,1
32.6497423665426,72,23.5230558877811,9.12668647876153,1,C,138,1
104.133931064038,72,23.5373091883957,48.4626908116043,0,I,139,1
33.4063517037469,72,24.0328325796872,9.37351912405969,1,C,140,1
83.5953434371923,72,24.0999811515212,47.9000188484788,0,I,141,1
51.7388079666265,72,24.3249769834802,27.4138309831463,1,C,142,1
90.3708900931178,72,24.5912825502455,47.4087174497545,0,I,143,1
176.619138981726,72,24.6841059532017,47.3158940467984,0,C,144,1
49.8425198782519,72,25.4269252019003,24.4155946763516,1,I,145,1
41.9083064594068,72,25.8280781004578,16.080228358949,1,C,146,1
214.409268035109,72,25.8769825519994,46.1230174480006,0,I,147,1
56.5864490292029,72,26.1490537645295,30.4373952646733,1,C,148,1
84.3838313983028,72,26.1575029604137,45.8424970395863,0,I,149,1
47.2372749418678,72,26.2680155178532,20.9692594240146,1,C,150,1
127.870806981018,72,26.3121350063011,45.6878649936989,0,I,151,1
58.7572258622909,72,26.8212844664231,31.9359413958678,1,C,152,1
421.316151676631,72,27.2789457812905,44.7210542187095,0,I,153,1
135.662951400615,72,27.4523977562785,44.5476022437215,0,C,154,1
72.5707135106791,72,27.5622080080211,44.4377919919789,0,I,155,1
49.1062130948204,72,27.6211623195559,21.4850507752645,1,C,156,1
289.402995545748,72,27.828157232143,44.171842767857,0,I,157,1
52.1347503808058,72,27.9573506209999,24.1773997598058,1,C,158,1
44.5087253441982,72,28.0871469760314,16.4215783681668,1,I,159,1
52.1431297714983,72,28.1517254468054,23.991404324693,1,C,160,1
181.204278774553,72,28.6019296897575,43.3980703102425,0,I,161,1
193.93470282664,72,28.8767743762583,43.1232256237418,0,C,162,1
30.1759815703024,72,29.0542587591335,1.12172281116889,1,I,163,1
50.592554423117,72,29.0584964957088,21.5340579274082,1,C,164,1
51.2479384621834,72,29.1390556097031,22.1088828524803,1,I,165,1
167.428881084373,72,29.4397498341277,42.5602501658723,0,C,166,1
109.561135424459,72,29.468927225098,42.531072774902,0,I,167,1
38.5611114281398,72,29.611563468352,8.94954795978781,1,C,168,1
79.9743664588455,72,29.92897819262,42.07102180738,0,I,169,1
146.227374058479,72,30.0101813161746,41.9898186838254,0,C,170,1
392.377720522204,72,30.2290387451649,41.7709612548351,0,I,171,1
60.2899561941815,72,30.5152237275615,29.7747324666199,1,C,172,1
80.3314748170663,72,30.5495715234429,41.4504284765571,0,I,173,1
61.8269951124302,72,30.7054411852732,31.121553927157,1,C,174,1
56.6917433209644,72,30.7565403683111,25.9352029526532,1,I,175,1
138.602817523207,72,30.8496707724407,41.1503292275593,0,C,176,1
75.3631407891201,72,30.9273836715147,41.0726163284853,0,I,177,1
32.2516471854985,72,31.0967767657712,1.15487041972725,1,C,178,1
76.0022705792041,72,31.1382505344227,40.8617494655773,0,I,179,1
118.42374847876,72,31.195074794814,40.804925205186,0,C,180,1
98.071685293158,72,31.4645180571824,40.5354819428176,0,I,181,1
37.6237380040313,72,31.6640779701993,5.95966003383197,1,C,182,1
44.8779266080893,72,31.729710646905,13.1482159611843,1,I,183,1
53.8789539867162,72,32.157637286,21.7213167007162,1,C,184,1
170.565290987325,72,32.2042302461341,39.7957697538659,0,I,185,1
49.226087317397,72,32.2185130510479,17.0075742663491,1,C,186,1
395.325359464393,72,32.2392061958089,39.7607938041911,0,I,187,1
111.422657477823,72,32.2728664241731,39.7271335758269,0,C,188,1
80.5314873347841,72,32.464864673093,39.535135326907,0,I,189,1
60.8373185797955,72,32.522817584686,28.3145009951095,1,C,190,1
299.868344872146,72,32.5433015311137,39.4566984688863,0,I,191,1
59.3956448482757,72,32.9593836050481,26.4362612432276,1,C,192,1
71.1938044982855,72,32.9894371563569,38.2043673419286,1,I,193,1
78.0840016266523,72,33.2172626629472,38.7827373370528,0,C,194,1
129.149811057919,72,33.3430904801935,38.6569095198065,0,I,195,1
36.8853299009757,72,33.3797524357215,3.50557746525423,1,C,196,1
112.638377482325,72,33.5294644860551,38.4705355139449,0,I,197,1
85.6253659522567,72,33.5985289514065,38.4014710485935,0,C,198,1
353.038126538149,72,33.6126127280295,38.3873872719705,0,I,199,1
228.816047477936,72,33.7070530001074,38.2929469998926,0,C,200,1
52.5469869962892,72,34.0172764984891,18.5297104978002,1,I,201,1
148.288272883232,72,34.1267304634675,37.8732695365325,0,C,202,1
324.820833508099,72,34.1679806029424,37.8320193970576,0,I,203,1
45.7106056900861,72,34.2951943958178,11.4154112942683,1,C,204,1
328.564666631361,72,34.3031411524862,37.6968588475138,0,I,205,1
115.713458874813,72,34.6361319394782,37.3638680605218,0,C,206,1
462.294592342663,72,34.7400598973036,37.2599401026964,0,I,207,1
57.5013024983401,72,34.7716604964808,22.7296420018593,1,C,208,1
192.108008242059,71.2509933429881,34.8724345536903,36.3785587892979,0,I,209,1
125.659563523452,72,35.2850208291784,36.7149791708216,0,C,210,1
208.832860976297,53.6930035096543,35.4347842326388,18.2582192770155,0,I,211,1
68.4743379876095,72,35.6247525941581,32.8495853934514,1,C,212,1
292.438484114401,72,35.6593140168116,36.3406859831885,0,I,213,1
65.1920069776824,72,35.8668228099123,29.3251841677701,1,C,214,1
129.250325654066,72,36.0535981273279,35.9464018726721,0,I,215,1
38.9339964846903,72,36.9827821757644,1.95121430892585,1,C,216,1
164.825805895596,72,37.0705192303285,34.9294807696715,0,I,217,1
48.7898844787647,72,37.2101762378588,11.5797082409059,1,C,218,1
75.7805381910191,72,37.2160069970414,34.7839930029586,0,I,219,1
40.7966254934627,72,37.9424004955217,2.85422499794101,1,C,220,1
92.2137004435453,72,38.0274224001914,33.9725775998086,0,I,221,1
277.840790035147,72,38.3372384123504,33.6627615876496,0,C,222,1
109.369981629939,72,38.5147800296545,33.4852199703455,0,I,223,1
116.065859029793,72,38.595599164255,33.404400835745,0,C,224,1
76.3814857138617,72,38.7579180160537,33.2420819839463,0,I,225,1
108.279624820176,72,39.1759417159483,32.8240582840517,0,C,226,1
234.530265029773,72,39.2211791686714,32.7788208313286,0,I,227,1
108.507320250731,72,39.2888664454222,32.7111335545778,0,C,228,1
82.4750142581592,72,39.4538435898721,32.5461564101279,0,I,229,1
155.058755342229,72,39.7081329161301,32.2918670838699,0,C,230,1
176.192732676178,72,39.9685924267396,32.0314075732604,0,I,231,1
220.683227020172,72,40.0592092517763,31.9407907482237,0,C,232,1
70.3919423574387,72,40.0595772592351,30.3323650982036,1,I,233,1
57.0619739727471,72,40.5172788910568,16.5446950816903,1,C,234,1
206.319831938793,72,40.9786459151655,31.0213540848345,0,I,235,1
73.9676378470363,72,41.0189608996734,30.9810391003266,0,C,236,1
204.723290835029,72,41.0588120436296,30.9411879563704,0,I,237,1
61.4696580296175,72,41.0629552323371,20.4067027972804,1,C,238,1
69.9319934327505,72,41.0732691781595,28.8587242545909,1,I,239,1
81.8529564096096,54.4285156870359,41.2024149857461,13.2261007012897,0,C,240,1
294.300602054253,72,41.285091843456,30.714908156544,0,I,241,1
96.5842510194111,72,41.3172924611717,30.6827075388283,0,C,242,1
95.6012949297682,72,41.371031482704,30.628968517296,0,I,243,1
49.2108600508428,72,41.9652617163956,7.24559833444717,1,C,244,1
244.122755576381,72,42.0906384615228,29.9093615384772,0,I,245,1
64.4242125849544,48.850605454804,42.3609141027555,6.48969135204855,0,C,246,1
43.1722646254507,72,42.6410281285644,0.531236496886332,1,I,247,1
106.218993390682,72,42.8524751029909,29.1475248970091,0,C,248,1
49.5000150595325,72,43.1877248128876,6.31229024664489,1,I,249,1
189.160174201333,72,43.2556680450216,28.7443319549784,0,C,250,1
72.6217178683868,72,43.6150870285928,28.3849129714072,0,I,251,1
65.9126692915144,72,43.6436441866681,22.2690251048463,1,C,252,1
438.627508304178,72,43.7358412938193,28.2641587061808,0,I,253,1
119.91709479161,72,44.0532192215323,27.9467807784677,0,C,254,1
79.9751509739648,72,44.0922016091645,27.9077983908355,0,I,255,1
204.285592896557,72,44.1741796536371,27.8258203463629,0,C,256,1
50.9650313954608,61.6558677881174,44.2062578955665,6.75877349989424,1,I,257,1
65.8415380549271,72,44.518587780185,21.322950274742,1,C,258,1
45.7631889681132,72,44.5342339854687,1.22895498264446,1,I,259,1
180.885164356924,72,44.8014655709267,27.1985344290733,0,C,260,1
65.9151980303923,72,44.8215629300103,21.093635100382,1,I,261,1
111.83025844785,72,45.1706426683813,26.8293573316187,0,C,262,1
243.08875385992,72,45.4828507779166,26.5171492220834,0,I,263,1
66.1945508239115,72,45.4930416494608,20.7015091744507,1,C,264,1
425.58916451059,72,45.4965955903754,26.5034044096246,0,I,265,1
73.1455025260527,72,45.5315273534507,26.4684726465493,0,C,266,1
49.8857074013529,72,45.6046144478023,4.28109295355054,1,I,267,1
46.8202391661959,72,45.6794318603352,1.14080730586071,1,C,268,1
55.9807797584671,72,45.7408929616213,10.2398867968458,1,I,269,1
87.4857308346918,72,45.8482349384576,26.1517650615424,0,C,270,1
98.8682748646502,72,45.8509894832969,26.1490105167031,0,I,271,1
81.3012793484415,72,46.2596363201737,25.7403636798263,0,C,272,1
363.697328506249,72,46.2951007112861,25.7048992887139,0,I,273,1
114.024753931377,72,46.2968215998262,25.7031784001738,0,C,274,1
74.9640056289419,72,46.7388837877661,25.2611162122339,0,I,275,1
51.9968723479092,72,46.7710055736825,5.22586677422668,1,C,276,1
113.576628800494,72,46.7923736153171,25.207626384683,0,I,277,1
66.7239195110754,72,46.9798518810421,19.7440676300333,1,C,278,1
87.0041685815895,72,47.0928976451978,24.9071023548022,0,I,279,1
147.087201326713,72,47.130799270235,24.869200729765,0,C,280,1
69.8904498010795,72,47.1873188205063,22.7031309805732,1,I,281,1
152.126251670775,72,47.3988868994638,24.6011131005362,0,C,282,1
72.4083895213316,72,47.4329066555947,24.5670933444053,0,I,283,1
49.8760127746097,72,47.4590708920732,2.41694188253649,1,C,284,1
72.4040727322073,72,47.5424677412957,24.4575322587043,0,I,285,1
55.0008435576335,72,47.5444122590125,7.45643129862099,1,C,286,1
55.6903024152471,72,47.7127463417128,7.97755607353428,1,I,287,1
230.938166481736,72,47.8485977975652,24.1514022024348,0,C,288,1
109.03536245751,72,48.0234152125195,23.9765847874805,0,I,289,1
80.1688990998377,72,48.3221615944058,23.6778384055942,0,C,290,1
72.689843200293,72,48.3329227706417,23.6670772293583,0,I,291,1
90.9981744045234,72,48.5106848459691,23.4893151540309,0,C,292,1
76.3158031145647,72,48.6017881007865,23.3982118992135,0,I,293,1
111.631879153048,72,49.2598509136587,22.7401490863413,0,C,294,1
160.240618780683,72,49.2910415260121,22.7089584739879,0,I,295,1
52.2867397713064,72,49.5311573334038,2.75558243790261,1,C,296,1
294.977513128123,72,49.9846483021975,22.0153516978025,0,I,297,1
89.2830073985149,72,50.0443056877703,21.9556943122298,0,C,298,1
166.875827365819,72,50.1127410773188,21.8872589226812,0,I,299,1
62.857478597792,72,50.1261417428032,12.7313368549888,1,C,300,1
91.6405196426824,72,50.2649107994512,21.7350892005488,0,I,301,1
64.1801917693131,72,50.5426184087992,13.6375733605139,1,C,302,1
342.955318872701,72,50.9007533965632,21.0992466034368,0,I,303,1
102.915999026319,72,51.0967681696639,20.9032318303362,0,C,304,1
223.028478091618,72,51.1223072838038,20.8776927161962,0,I,305,1
54.1729434082347,72,51.6251273872331,2.54781602100163,1,C,306,1
159.495525089206,72,51.6406408231705,20.3593591768295,0,I,307,1
53.6218267384785,72,51.8064030446112,1.81542369386726,1,C,308,1
98.3410170570121,72,51.8156998464838,20.1843001535162,0,I,309,1
114.328031417738,72,51.8209332833067,20.1790667166933,0,C,310,1
71.08850012835,72,52.0928082056344,18.9956919227157,1,I,311,1
98.7670278506536,72,52.2396850772202,19.7603149227798,0,C,312,1
129.436690863356,72,52.3906714562327,19.6093285437673,0,I,313,1
74.7321766766063,72,52.4833625089377,19.5166374910623,0,C,314,1
84.0684412120711,72,52.9140261467546,19.0859738532454,0,I,315,1
61.8920733157281,72,52.9460933525115,8.94597996321661,1,C,316,1
186.152929802025,72,54.1416584188119,17.8583415811881,0,I,317,1
64.9982756908119,72,54.2709568608552,10.7273188299567,1,C,318,1
82.9755992039705,72,54.3393605807796,17.6606394192204,0,I,319,1
75.8684103266982,72,54.4241466047242,17.5758533952758,0,C,320,1
56.979719719638,72,54.5388728845865,2.44084683505153,1,I,321,1
139.466569718989,72,54.7701206244528,17.2298793755472,0,C,322,1
63.7076120638501,72,54.9157043779269,8.79190768592321,1,I,323,1
56.561806535916,72,55.2804619492963,1.2813445866197,1,C,324,1
57.8206399895285,72,55.3894064482302,2.43123354129839,1,I,325,1
158.931778252698,72,55.4291206179187,16.5708793820813,0,C,326,1
132.056168226373,72,55.5741123575717,16.4258876424283,0,I,327,1
84.9350972239283,72,55.8773727994412,16.1226272005588,0,C,328,1
110.984049851666,72,56.0161112202331,15.9838887797669,0,I,329,1
74.4115050454023,72,56.0969964740798,15.9030035259202,0,C,330,1
108.789059716449,72,56.3662931788713,15.6337068211287,0,I,331,1
73.1980327073637,72,56.6814243653789,15.3185756346211,0,C,332,1
157.267598544745,72,56.8797390349209,15.1202609650791,0,I,333,1
89.7375287996369,72,57.0131644047797,14.9868355952203,0,C,334,1
280.338563958679,72,57.3161147441715,14.6838852558285,0,I,335,1
95.3698981363836,72,57.6927929045633,14.3072070954368,0,C,336,1
125.857174869675,72,57.788303475827,14.211696524173,0,I,337,1
151.003655643564,72,57.7927294699475,14.2072705300525,0,C,338,1
297.135449903889,61.0432927409337,57.8517106454819,3.19158209545179,0,I,339,1
77.7704710654323,72,58.0643848702312,13.9356151297688,0,C,340,1
251.848294128317,72,58.2100605452433,13.7899394547567,0,I,341,1
63.3629004020511,72,58.2232253160328,5.13967508601828,1,C,342,1
123.893688617764,72,58.4258299134672,13.5741700865328,0,I,343,1
61.3745886231716,72,58.8670356664807,2.50755295669096,1,C,344,1
372.755987770143,72,58.9237237628549,13.0762762371451,0,I,345,1
128.322430374373,72,59.1436062427238,12.8563937572762,0,C,346,1
69.4037173925382,72,59.3871284974739,10.0165888950643,1,I,347,1
67.7855741681419,63.5840202938643,59.4755405047908,4.10847978907341,0,C,348,1
100.668824574085,72,59.5581829547882,12.4418170452118,0,I,349,1
296.07078487971,72,59.5650078635663,12.4349921364337,0,C,350,1
533.133891603115,72,59.8018812714145,12.1981187285855,0,I,351,1
98.8474156935503,72,59.8565422184765,12.1434577815235,0,C,352,1
254.726515078936,72,0.0144103774800897,71.9855896225199,0,I,1,2
3.59936392273655,72,0.0226275064051151,3.57673641633144,1,C,2,2
212.458219341332,72,0.10138001292944,71.8986199870706,0,I,3,2
56.1945931783604,72,0.457734502851963,55.7368586755084,1,C,4,2
261.013934188945,72,0.54255532566458,71.4574446743354,0,I,5,2
10.7020339159639,72,0.559021169319749,10.1430127466441,1,C,6,2
101.581943574419,72,0.673779495991767,71.3262205040082,0,I,7,2
14.848273815729,72,0.773519254289568,14.0747545614395,1,C,8,2
46.8213382407343,72,0.814891140908003,46.0064470998263,1,I,9,2
326.304387800785,72,1.04032576549798,70.959674234502,0,C,10,2
13.2036823627214,72,1.1829946981743,12.0206876645471,1,I,11,2
125.213296197174,72,1.23551127500832,70.7644887249917,0,C,12,2
44.8914590135039,72,1.40805561561137,43.4834033978926,1,I,13,2
102.954265440184,72,1.5078554302454,70.4921445697546,0,C,14,2
163.164382466798,72,1.65256551001221,70.3474344899878,0,I,15,2
87.0556454137337,72,1.69471784960479,70.3052821503952,0,C,16,2
56.9284085869392,72,1.71524126082659,55.2131673261126,1,I,17,2
30.9266519797347,72,1.75440299324691,29.1722489864877,1,C,18,2
78.005992505467,72,1.78098132368177,70.2190186763182,0,I,19,2
4.73690240754482,72,1.87991978600621,2.85698262153861,1,C,20,2
76.8196411957867,39.3167597401513,1.89491981640458,37.4218399237467,0,I,21,2
35.3302744246634,72,2.35829451587051,32.9719799087929,1,C,22,2
141.856159969215,72,2.71460588090122,69.2853941190988,0,I,23,2
91.8191951012043,72,2.86118885502219,69.1388111449778,0,C,24,2
49.7403884428682,52.5833638502208,3.15658904146403,46.5837994014041,1,I,25,2
23.7905524230812,72,3.41914888937026,20.3714035337109,1,C,26,2
30.6334307139804,72,4.18450891971588,26.4489217942646,1,I,27,2
93.1055952840786,72,4.88828826695681,67.1117117330432,0,C,28,2
9.01915446760976,72,5.29761818703264,3.72153628057712,1,I,29,2
36.978767991603,52.7987111370676,5.47275493852794,31.506013053075,1,C,30,2
15.2398588158543,72,5.48125064000487,9.75860817584946,1,I,31,2
27.227083838345,72,5.56403433904052,21.6630494993045,1,C,32,2
59.7291761199811,72,5.67328875884414,54.055887361137,1,I,33,2
8.2628131519922,72,5.82912722602487,2.43368592596733,1,C,34,2
162.015613760114,72,5.96235061995685,66.0376493800432,0,I,35,2
14.4828333636711,72,6.19798673316836,8.28484663050277,1,C,36,2
35.7857871281596,72,6.34059151634574,29.4451956118138,1,I,37,2
7.29225070229768,72,6.40323364175856,0.889017060539118,1,C,38,2
299.392160652796,72,6.43580304924399,65.564196950756,0,I,39,2
18.8199751104207,72,6.48559056222439,12.3343845481963,1,C,40,2
37.2612979637712,28.593093996782,6.49410334881395,22.0989906479681,0,I,41,2
17.2020890712009,72,6.61895331926644,10.5831357519345,1,C,42,2
118.669430147631,72,6.74680753145367,65.2531924685463,0,I,43,2
8.07020096565463,72,7.06168944016099,1.00851152549364,1,C,44,2
88.1247507383607,72,7.20991618931294,64.7900838106871,0,I,45,2
100.434760377794,72,7.34735798556358,64.6526420144364,0,C,46,2
271.004195949756,16.9107115215636,7.72280399221927,9.18790752934434,0,I,47,2
96.7110234372176,72,7.82305522821844,64.1769447717816,0,C,48,2
54.9912544695784,72,8.09301041532308,46.8982440542553,1,I,49,2
11.6642249515108,72,8.46597129944712,3.19825365206372,1,C,50,2
40.4294136061951,72,8.6066714907065,31.8227421154886,1,I,51,2
11.9807438178486,72,9.00097566191107,2.97976815593756,1,C,52,2
108.335119099219,72,9.1680503077805,62.8319496922195,0,I,53,2
58.7920239948469,72,9.1757655562833,49.6162584385636,1,C,54,2
26.2190496977741,72,9.1828909702599,17.0361587275142,1,I,55,2
16.8597266988728,72,9.19375909958035,7.66596759929245,1,C,56,2
129.70237424305,72,9.40015914849937,62.5998408515006,0,I,57,2
64.2437190189419,72,9.41499799489975,54.8287210240421,1,C,58,2
92.1055923197223,72,9.53553259838372,62.4644674016163,0,I,59,2
74.1370153529594,72,9.725715466775,62.274284533225,0,C,60,2
248.962739426895,72,9.80423948261887,62.1957605173811,0,I,61,2
207.413059317769,72,9.89318469073623,62.1068153092638,0,C,62,2
798.017221138193,72,9.93628717493266,62.0637128250673,0,I,63,2
11.1383265751393,72,9.94408235885203,1.19424421628723,1,C,64,2
98.1667913676056,72,10.0155199924484,61.9844800075516,0,I,65,2
20.6308324499705,72,10.1307803532109,10.5000520967596,1,C,66,2
214.212272700736,72,10.3531118296087,61.6468881703913,0,I,67,2
22.6714590959498,72,10.4221124108881,12.2493466850617,1,C,68,2
27.4332257973775,46.3436429911093,10.9908646484837,16.4423611488938,1,I,69,2
98.6578594501056,72,11.1513237515464,60.8486762484536,0,C,70,2
235.077641666652,72,11.1823926027864,60.8176073972136,0,I,71,2
138.884676190042,72,11.2840531999245,60.7159468000755,0,C,72,2
182.559563245114,72,11.3536295061931,60.6463704938069,0,I,73,2
18.8764591370419,72,11.5211361693218,7.35532296772009,1,C,74,2
93.7990419745214,72,11.5886126831174,60.4113873168826,0,I,75,2
18.278304883356,72,11.6948135336861,6.58349134966989,1,C,76,2
27.3750049637712,72,11.855104258284,15.5199007054873,1,I,77,2
91.6265940195583,72,11.8948085093871,60.1051914906129,0,C,78,2
98.3573402500411,72,11.9029478123412,60.0970521876589,0,I,79,2
14.5709127969813,72,12.0766200777143,2.49429271926698,1,C,80,2
207.374761585835,72,12.2225140174851,59.7774859825149,0,I,81,2
31.2602665818265,72,12.7723047696054,18.4879618122211,1,C,82,2
90.0668261703348,72,12.8831165609881,59.1168834390119,0,I,83,2
18.4005750049518,72,13.0519790668041,5.34859593814776,1,C,84,2
44.172935359448,72,13.3655640436336,30.8073713158144,1,I,85,2
143.86374318077,43.1722719146456,13.3833050122485,29.7889669023972,0,C,86,2
124.752850874835,72,13.3911809278652,58.6088190721348,0,I,87,2
27.4204360103533,72,13.6760916374624,13.7443443728909,1,C,88,2
60.8588088074193,38.780624106249,13.967696428299,24.8129276779501,0,I,89,2
36.9228132493895,72,14.0083999978378,22.9144132515516,1,C,90,2
40.4846261846148,49.9862424028885,14.0437347628176,26.4408914217972,1,I,91,2
259.695404167147,72,14.1949983173981,57.8050016826019,0,C,92,2
158.913209432099,72,14.1980042355135,57.8019957644865,0,I,93,2
136.666273161347,72,14.2720120679587,57.7279879320413,0,C,94,2
172.596022994595,72,14.3440053937957,57.6559946062043,0,I,95,2
19.3168674867147,72,14.5164389815182,4.8004285051965,1,C,96,2
124.183622901898,72,14.5913373213261,57.4086626786739,0,I,97,2
85.4458370669251,72,14.5953523088247,57.4046476911753,0,C,98,2
65.3285377958816,72,14.7647896595299,50.5637481363516,1,I,99,2
167.930500578057,72,14.7684284392744,57.2315715607256,0,C,100,2
110.907568418803,72,15.4384994879365,56.5615005120635,0,I,101,2
107.16649239957,72,15.5094743007794,56.4905256992206,0,C,102,2
53.102571025473,72,15.6490194238722,37.4535516016008,1,I,103,2
53.7900916750049,72,15.6846666801721,38.1054249948329,1,C,104,2
59.5883709773791,72,16.2265033973381,43.361867580041,1,I,105,2
37.878961705461,72,16.4063312206417,21.4726304848193,1,C,106,2
126.11994533113,72,16.4168088510633,55.5831911489368,0,I,107,2
42.1783489545618,72,16.7187970876694,25.4595518668924,1,C,108,2
74.9616743739643,72,16.7321984656155,55.2678015343845,0,I,109,2
63.6365361570525,72,17.4146044487134,46.2219317083391,1,C,110,2
233.21466210824,72,17.5727494759485,54.4272505240515,0,I,111,2
18.5590324649541,72,18.056557844393,0.502474620561109,1,C,112,2
43.1700196460312,72,18.0781656363979,25.0918540096333,1,I,113,2
21.6797200077081,72,18.4434557240456,3.23626428366246,1,C,114,2
108.071273454775,72,18.6164965527132,53.3835034472868,0,I,115,2
55.9062361787481,72,18.7869453057647,37.1192908729835,1,C,116,2
67.8137209978086,72,18.7895537540317,49.0241672437769,1,I,117,2
304.285573607941,72,18.9193223649636,53.0806776350364,0,C,118,2
25.4787326768728,72,19.0989627689123,6.37976990796049,1,I,119,2
31.3969694162818,72,19.2048014514148,12.192167964867,1,C,120,2
42.9126485744793,72,19.2218767572194,23.6907718172598,1,I,121,2
190.796214110667,72,19.2864425573498,52.7135574426502,0,C,122,2
390.491679716103,72,19.6814334578812,52.3185665421188,0,I,123,2
96.419283187502,72,19.747408577241,52.252591422759,0,C,124,2
117.425541022486,72,19.7493882570416,52.2506117429584,0,I,125,2
36.7850689326637,72,19.770160834305,17.0149080983588,1,C,126,2
31.1195618257863,72,20.0607548933476,11.0588069324387,1,I,127,2
27.8757246871006,72,20.1136563112959,7.76206837580466,1,C,128,2
283.378365076286,72,20.5522325215861,51.4477674784139,0,I,129,2
42.5375043008951,72,20.8576978370547,21.6798064638404,1,C,130,2
157.317914039658,72,20.9441509237513,51.0558490762487,0,I,131,2
78.0249989145378,72,21.1736716004089,50.8263283995912,0,C,132,2
58.6796206060086,72,21.3628959842026,37.316724621806,1,I,133,2
81.6966324877398,72,21.4762106398121,50.523789360188,0,C,134,2
22.7333579305075,72,21.4820868847892,1.25127104571831,1,I,135,2
66.3136205198911,72,21.4971315348521,44.816488985039,1,C,136,2
196.24720360746,72,21.5970538789406,50.4029461210594,0,I,137,2
26.3245438498374,72,21.7515080887824,4.57303576105495,1,C,138,2
155.832040445965,72,21.8344178237021,50.1655821762979,0,I,139,2
33.1252556122012,72,21.9808490993455,11.1444065128556,1,C,140,2
73.8287065788937,72,22.2286747070029,49.7713252929971,0,I,141,2
183.468918319821,72,22.262897095643,49.737102904357,0,C,142,2
111.76453105712,72,22.6683379244059,49.3316620755941,0,I,143,2
32.7079089182234,72,22.9710752656683,9.73683365255506,1,C,144,2
46.8483745390286,72,23.12243913766,23.7259354013686,1,I,145,2
32.8551007310881,72,23.7865137169138,9.06858701417437,1,C,146,2
102.602355685899,72,23.8401839369908,48.1598160630092,0,I,147,2
78.2674429233462,72,23.9054764900357,48.0945235099644,0,C,148,2
349.828742275858,72,24.1002327762544,47.8997672237456,0,I,149,2
72.6773574534157,72,24.3735176045448,47.6264823954552,0,C,150,2
25.1008372785002,72,24.3863784894347,0.714458789065522,1,I,151,2
43.0808416635443,72,25.1056712167338,17.9751704468105,1,C,152,2
55.2617760747754,72,25.2500510774553,30.0117249973202,1,I,153,2
30.1944007421547,72,25.2503153169528,4.9440854252019,1,C,154,2
30.6951988547566,72,25.3222664957866,5.37293235897004,1,I,155,2
95.7718501896747,72,25.4825676558539,46.5174323441461,0,C,156,2
109.348281527255,72,25.5667879711837,46.4332120288163,0,I,157,2
64.0189428515071,72,25.7466201670468,38.2723226844603,1,C,158,2
450.013874735969,72,25.9233703091741,46.0766296908259,0,I,159,2
244.821479573266,72,26.0082529764622,45.9917470235378,0,C,160,2
172.598694788279,72,26.1227322695777,45.8772677304223,0,I,161,2
61.0921236264257,39.4787691696851,26.1472076363862,13.331561533299,0,C,162,2
103.299905436836,72,26.2484887428582,45.7515112571418,0,I,163,2
125.175977559879,72,26.2925924314186,45.7074075685814,0,C,164,2
76.7497786862642,72,26.3861398212612,45.6138601787388,0,I,165,2
99.4562651786368,72,26.4085126854479,45.5914873145521,0,C,166,2
51.8608383839859,72,26.7820207122713,25.0788176717146,1,I,167,2
100.003531700535,72,27.1281123301014,44.8718876698986,0,C,168,2
62.3949674592552,72,27.2604381060228,35.1345293532324,1,I,169,2
46.3758897613258,72,27.4282886087894,18.9476011525364,1,C,170,2
28.3481092615084,72,27.4816587986425,0.866450462865914,1,I,171,2
30.1009502070554,72,27.5995539966971,2.50139621035829,1,C,172,2
32.5775915142408,72,27.7316745417193,4.84591697252154,1,I,173,2
57.5373015184439,72,27.8367351181805,29.7005664002634,1,C,174,2
55.3024354431978,72,28.2639742037281,27.0384612394696,1,I,175,2
248.015316869964,72,28.3410048438236,43.6589951561764,0,C,176,2
78.0684104590939,72,28.4147017356008,43.5852982643992,0,I,177,2
42.2113990421274,72,29.0252324659377,13.1861665761896,1,C,178,2
64.6357780967641,72,29.0297858091071,35.6059922876569,1,I,179,2
87.8977985338011,72,29.5671631582081,42.4328368417919,0,C,180,2
69.6611218549905,53.5398689832757,29.7113260673359,23.8285429159398,0,I,181,2
130.03763202373,72,29.7406040411443,42.2593959588558,0,C,182,2
597.964911185775,72,29.7990677179769,42.2009322820231,0,I,183,2
129.18518189565,44.8474104380736,29.8291515558958,15.0182588821778,0,C,184,2
31.234348624519,72,30.0663952203468,1.16795340417222,1,I,185,2
48.6767173748518,72,30.306592527777,18.3701248470749,1,C,186,2
165.190670407185,72,30.6891370145604,41.3108629854396,0,I,187,2
57.6698956704778,72,30.776791437529,26.8931042329487,1,C,188,2
102.820257398426,72,30.8205215726048,41.1794784273952,0,I,189,2
157.948365765325,72,30.8916942123324,41.1083057876676,0,C,190,2
79.7381299341518,72,31.0371802188456,40.9628197811544,0,I,191,2
168.223068603182,72,31.0538228368387,40.9461771631613,0,C,192,2
162.14035051688,39.2224710437004,31.0621738946065,8.16029714909388,0,I,193,2
66.4628877662301,72,31.2475237157196,35.2153640505105,1,C,194,2
83.5942310821943,72,31.4071554969996,40.5928445030004,0,I,195,2
83.8463458291585,72,31.4358123578131,40.5641876421869,0,C,196,2
183.375035696141,72,31.4544147346169,40.5455852653831,0,I,197,2
73.7542245709776,72,31.6576626431197,40.3423373568803,0,C,198,2
267.166356730407,72,31.8590338295326,40.1409661704674,0,I,199,2
38.3095970126744,72,31.9978953246027,6.31170168807166,1,C,200,2
143.391986088278,72,32.3500916641206,39.6499083358794,0,I,201,2
59.3844798151192,72,32.4624336278066,26.9220461873126,1,C,202,2
373.71908064389,72,32.5450751697645,39.4549248302355,0,I,203,2
172.766037067276,72,32.7428272040561,39.2571727959439,0,C,204,2
217.418847008941,72,32.7525239624083,39.2474760375917,0,I,205,2
43.3566433080993,72,32.9733209917322,10.3833223163671,1,C,206,2
113.177809175359,72,33.1891733128577,38.8108266871423,0,I,207,2
84.3328509629608,72,33.1962443562225,38.8037556437776,0,C,208,2
99.4128380373255,72,33.3021075977013,38.6978924022988,0,I,209,2
52.3661387919286,62.8999324303146,33.527254764922,18.8388840270066,1,C,210,2
34.7754774220303,72,33.961862702854,0.813614719176313,1,I,211,2
50.0123132606949,72,33.9876046590507,16.0247086016442,1,C,212,2
389.872504973191,72,34.0394385159016,37.9605614840984,0,I,213,2
200.622206653872,72,34.2483834782615,37.7516165217385,0,C,214,2
128.526280339382,72,34.6770991338417,37.3229008661583,0,I,215,2
57.3137502867603,72,34.7047164151445,22.6090338716158,1,C,216,2
168.586336802456,72,34.7109941532835,37.2890058467165,0,I,217,2
47.7670437189588,72,34.7839028108865,12.9831409080723,1,C,218,2
58.8001631565012,72,34.9391549360007,23.8610082205005,1,I,219,2
58.6980304060611,72,34.9402681784704,23.7577622275907,1,C,220,2
405.102524010579,72,35.1034448063001,36.8965551936999,0,I,221,2
81.2541962938885,72,35.1146940328181,36.8853059671819,0,C,222,2
485.638282282194,72,35.2293876931071,36.7706123068929,0,I,223,2
52.3208582789706,72,35.4435443133116,16.877313965659,1,C,224,2
117.005286155263,72,35.6392222456634,36.3607777543366,0,I,225,2
62.0756383349027,72,35.6980634154752,26.3775749194275,1,C,226,2
233.609214011906,72,35.7328637922183,36.2671362077817,0,I,227,2
37.7443300299161,72,35.7976419338957,1.94668809602041,1,C,228,2
83.1109907067321,72,35.9180057700723,36.0819942299277,0,I,229,2
62.0719762317079,72,35.9195058932528,26.1524703384551,1,C,230,2
42.9031854845762,72,35.9696781914681,6.93350729310813,1,I,231,2
108.846300048609,72,36.4727754006162,35.5272245993838,0,C,232,2
566.658683161151,72,36.5106478566304,35.4893521433696,0,I,233,2
64.2160564156043,72,36.5472724847496,27.6687839308547,1,C,234,2
406.813392751956,72,36.6689573647454,35.3310426352546,0,I,235,2
69.4943545329233,72,36.694818274118,32.7995362588053,1,C,236,2
83.3791572452642,72,36.7278525838628,35.2721474161372,0,I,237,2
354.863194653524,72,36.9646020792425,35.0353979207575,0,C,238,2
68.1221825874177,72,37.1386233530939,30.9835592343238,1,I,239,2
60.5282313602948,72,37.1397833526135,23.3884480076814,1,C,240,2
186.552623238493,72,37.1456787502393,34.8543212497607,0,I,241,2
40.4444099824176,72,37.1641106670722,3.28029931534532,1,C,242,2
67.8996021148592,72,37.3055853741244,30.5940167407349,1,I,243,2
71.0975677938296,72,37.3580004600808,33.7395673337488,1,C,244,2
137.882762853749,72,37.7489824360237,34.2510175639764,0,I,245,2
58.4869512303064,72,37.8480327269062,20.6389185034002,1,C,246,2
140.255095815566,72,37.9626464098692,34.0373535901308,0,I,247,2
52.4920633882817,72,38.2035353081301,14.2885280801516,1,C,248,2
67.1194158390641,72,38.2677605934441,28.85165524562,1,I,249,2
79.2408366765111,72,38.2971107633784,33.7028892366216,0,C,250,2
147.292639572966,72,38.3630708931014,33.6369291068986,0,I,251,2
75.785248833978,72,38.860050723888,33.139949276112,0,C,252,2
184.652503756784,72,38.8906301697716,33.1093698302284,0,I,253,2
49.733052055339,72,38.8992844708264,10.8337675845126,1,C,254,2
71.0961184079177,72,38.9114381326363,32.1846802752815,1,I,255,2
235.610096506561,72,38.990963534452,33.009036465548,0,C,256,2
168.651836797041,72,39.109418336302,32.890581663698,0,I,257,2
85.071006851931,72,39.4919252302498,32.5080747697502,0,C,258,2
82.6656899647465,72,39.6560706244782,32.3439293755218,0,I,259,2
117.662969385493,72,39.7458320204169,32.2541679795831,0,C,260,2
152.763692106416,72,39.8145913565531,32.1854086434469,0,I,261,2
46.3567251937711,72,39.8550412477925,6.50168394597851,1,C,262,2
130.928487227581,72,40.1462109060958,31.8537890939042,0,I,263,2
49.5775954301222,72,40.5843255249783,8.99326990514384,1,C,264,2
307.85267208857,48.4850218176053,40.7439520955086,7.74106972209673,0,I,265,2
80.7920256952879,72,40.8108201948926,31.1891798051074,0,C,266,2
181.114626805176,72,40.9749486716464,31.0250513283536,0,I,267,2
53.4660580214105,72,41.1762423114851,12.2898157099254,1,C,268,2
170.748660877398,72,41.3319791061804,30.6680208938196,0,I,269,2
112.942564814485,72,41.3977415068075,30.6022584931925,0,C,270,2
63.6902934932771,72,41.538381529972,22.1519119633051,1,I,271,2
62.6635677313138,72,41.6431958321482,21.0203718991656,1,C,272,2
140.377560174601,72,41.6692883055657,30.3307116944343,0,I,273,2
58.0128990393398,72,41.8748026527464,16.1380963865934,1,C,274,2
224.509846520196,72,41.8994172010571,30.1005827989429,0,I,275,2
65.3067523743275,72,42.2754078777507,23.0313444965768,1,C,276,2
58.4226767947392,72,43.1235331809148,15.2991436138244,1,I,277,2
64.8145168486337,72,43.4808226302266,21.3336942184071,1,C,278,2
475.268447519893,72,43.4899766603485,28.5100233396515,0,I,279,2
108.214466487883,72,43.7988060666248,28.2011939333752,0,C,280,2
124.800604436785,72,44.1173791419715,27.8826208580285,0,I,281,2
81.5062351741094,72,44.3730573076755,27.6269426923245,0,C,282,2
92.7829851908407,72,44.4212309690192,27.5787690309808,0,I,283,2
99.1192082037693,72,44.43989333231,27.56010666769,0,C,284,2
306.321364516213,72,44.568551746197,27.431448253803,0,I,285,2
105.875366183395,72,44.6842862572521,27.3157137427479,0,C,286,2
53.3007784462511,72,44.9724897835404,8.32828866271071,1,I,287,2
84.7855439185233,72,45.2390146208927,26.7609853791073,0,C,288,2
275.081970351132,72,45.3019039984793,26.6980960015208,0,I,289,2
71.6944020309984,72,45.5639116605744,26.130490370424,1,C,290,2
455.710131454379,72,45.5997110763565,26.4002889236435,0,I,291,2
77.9172740817781,72,45.9042856190354,26.0957143809646,0,C,292,2
57.421393047208,72,45.9639161964878,11.4574768507202,1,I,293,2
84.2844634737874,72,46.0132904816419,25.9867095183581,0,C,294,2
934.942220795733,72,46.0308728087694,25.9691271912307,0,I,295,2
81.9555235659526,72,46.1032316135243,25.8967683864757,0,C,296,2
293.432522608471,72,46.1779577191919,25.8220422808081,0,I,297,2
87.4279486129666,72,46.4800289645791,25.5199710354209,0,C,298,2
86.6999577357745,72,46.7701596720144,25.2298403279856,0,I,299,2
106.518325350814,72,46.8101485446096,25.1898514553905,0,C,300,2
95.4679864227467,72,46.8539397558197,25.1460602441803,0,I,301,2
107.330834659235,72,46.8932827049866,25.1067172950134,0,C,302,2
57.1396636828577,72,47.1495995856822,9.99006409717555,1,I,303,2
86.2266349973725,72,47.3709949012846,24.6290050987154,0,C,304,2
210.548976160981,72,47.6128350337967,24.3871649662033,0,I,305,2
63.8322677288141,72,47.7272695396096,16.1049981892046,1,C,306,2
150.933196920481,72,48.4727674908936,23.5272325091064,0,I,307,2
61.1682181588748,72,48.502881671302,12.6653364875728,1,C,308,2
256.916501086689,72,48.5307813249528,23.4692186750472,0,I,309,2
67.3357138202279,72,48.6444734036923,18.6912404165356,1,C,310,2
77.5355830355548,72,48.7087695579976,23.2912304420024,0,I,311,2
66.8268044238452,72,48.7832806399092,18.043523783936,1,C,312,2
93.4057195924911,72,48.8074284698814,23.1925715301186,0,I,313,2
237.102883786357,72,48.8320934632793,23.1679065367207,0,C,314,2
99.7818889434447,72,48.9123356854543,23.0876643145457,0,I,315,2
87.1458298797298,72,48.9655339624733,23.0344660375267,0,C,316,2
72.8686402981968,72,49.2168037220836,22.7831962779164,0,I,317,2
50.3390706325239,72,49.4045300222933,0.934540610230533,1,C,318,2
81.7692331144858,72,49.4674994889647,22.5325005110353,0,I,319,2
82.7695296814334,72,49.5703764958307,22.4296235041693,0,C,320,2
92.9203176299141,72,49.7359080333263,22.2640919666737,0,I,321,2
89.9580924139803,72,49.7402544273064,22.2597455726936,0,C,322,2
88.03727606541,72,50.4333334229887,21.5666665770113,0,I,323,2
88.6700606287403,72,50.8334361528978,21.1665638471022,0,C,324,2
252.571670310648,72,51.1499460786581,20.8500539213419,0,I,325,2
142.182686260772,72,51.5210563782603,20.4789436217397,0,C,326,2
373.707753818286,72,51.5782242827117,20.4217757172883,0,I,327,2
64.9658436082235,72,51.7367953760549,13.2290482321685,1,C,328,2
98.9768648995921,72,51.8391777388752,20.1608222611249,0,I,329,2
73.0454895001681,72,51.9987628888339,20.0012371111661,0,C,330,2
211.242351659407,72,52.2183659439907,19.7816340560094,0,I,331,2
82.7545078030098,72,52.2744883177802,19.7255116822198,0,C,332,2
173.867745456017,72,52.3376950621605,19.6623049378395,0,I,333,2
139.358741128124,72,52.4455847404897,19.5544152595103,0,C,334,2
107.924934773277,72,52.5073698861525,19.4926301138476,0,I,335,2
161.539902908196,72,52.5253565283492,19.4746434716508,0,C,336,2
231.243992810129,72,52.649643807672,19.350356192328,0,I,337,2
60.8625124935849,72,52.9349167551845,7.92759573840032,1,C,338,2
219.644954515797,72,53.1738789891824,18.8261210108176,0,I,339,2
83.1877635546468,72,53.2815924379975,18.7184075620025,0,C,340,2
541.918574104248,72,53.2839805539697,18.7160194460303,0,I,341,2
129.36627140387,72,53.7499120412394,18.2500879587606,0,C,342,2
94.7757130425775,72,53.9698318764567,18.0301681235433,0,I,343,2
87.9980255622391,72,54.071267908439,17.928732091561,0,C,344,2
133.556972803603,72,54.1332140984014,17.8667859015986,0,I,345,2
82.7175805461097,72,54.1549450764433,17.8450549235567,0,C,346,2
194.798992726067,72,54.1613691486418,17.8386308513582,0,I,347,2
55.1260519358303,72,54.3784513045102,0.747600631320081,1,C,348,2
127.70325801102,72,54.444511346519,17.555488653481,0,I,349,2
85.669033357904,58.8934566601013,54.9525376036763,3.940919056425,0,C,350,2
89.0494760714194,72,54.9670533556491,17.0329466443509,0,I,351,2
106.047968517721,72,55.286098360084,16.713901639916,0,C,352,2
81.5055286470058,72,55.4109344724566,16.5890655275434,0,I,353,2
83.8217400692865,72,55.6747857900336,16.3252142099664,0,C,354,2
178.028309761171,72,55.7052493840456,16.2947506159544,0,I,355,2
112.26488615746,72,56.2756985379383,15.7243014620617,0,C,356,2
69.8381875140993,72,56.3662410294637,13.4719464846356,1,I,357,2
75.0884071062956,72,56.9435856398195,15.0564143601805,0,C,358,2
75.8787334831639,72,57.3316403059289,14.6683596940711,0,I,359,2
174.343161566012,72,57.4433192471042,14.5566807528958,0,C,360,2
130.152990041858,72,57.4573800573126,14.5426199426875,0,I,361,2
126.118242745093,72,57.5380105571821,14.4619894428179,0,C,362,2
178.808641026316,67.0920072176213,57.5833401968703,9.50866702075098,0,I,363,2
73.4695554440784,72,57.9075989266858,14.0924010733143,0,C,364,2
188.902667939679,72,58.3729645656422,13.6270354343578,0,I,365,2
257.287886408774,72,58.3749228157103,13.6250771842897,0,C,366,2
98.5383338872092,72,58.3823609864339,13.6176390135661,0,I,367,2
163.735877009999,72,58.5285335266963,13.4714664733037,0,C,368,2
87.896023975935,72,58.6392097827047,13.3607902172953,0,I,369,2
65.6112105379106,72,58.6713321413845,6.93987839652616,1,C,370,2
314.798586415723,72,58.9035084564239,13.0964915435761,0,I,371,2
96.2499925657205,72,59.1130708297715,12.8869291702285,0,C,372,2
272.352846714626,72,59.4583451002836,12.5416548997164,0,I,373,2
27.2912923307105,72,0.080160666257143,27.2111316644534,1,C,1,3
15.1977295894247,72,0.127662615850568,15.0700669735741,1,I,2,3
11.2606605181886,72,0.315280021168292,10.9453804970203,1,C,3,3
110.306198711384,72,0.782390884123743,71.2176091158763,0,I,4,3
35.1727788697195,52.8303270526123,0.89461246971041,34.2781664000091,1,C,5,3
18.0197805518978,72,1.42048289068043,16.5992976612174,1,I,6,3
64.697217483793,72,1.77756157703698,62.919655906756,1,C,7,3
139.707315919345,72,1.81331309024245,70.1866869097576,0,I,8,3
28.7435997153762,72,1.89985839184374,26.8437413235325,1,C,9,3
79.1379616029234,72,2.03800668474287,69.9619933152571,0,I,10,3
76.5522200333598,72,2.05315715633333,69.9468428436667,0,C,11,3
127.895183856251,72,2.09725490771234,69.9027450922877,0,I,12,3
51.1995751948881,72,2.32186158187687,48.8777136130112,1,C,13,3
93.3098518257415,72,2.37887715920806,69.6211228407919,0,I,14,3
340.698680132725,72,2.48517857864499,69.514821421355,0,C,15,3
241.904862710316,72,2.50956520903856,69.4904347909615,0,I,16,3
57.1895196902671,72,2.8308637579903,54.3586559322768,1,C,17,3
61.0303757926527,72,2.87074231076986,58.1596334818828,1,I,18,3
53.808410856721,72,2.9213250707835,50.8870857859375,1,C,19,3
176.601789644444,72,3.21024413220584,68.7897558677942,0,I,20,3
7.91069543364643,72,3.26592243276536,4.64477300088107,1,C,21,3
101.27878890336,72,3.53197643067688,68.4680235693231,0,I,22,3
80.2050337805723,72,3.66988403722644,68.3301159627736,0,C,23,3
56.8077622584214,72,3.69151774328202,53.1162445151394,1,I,24,3
55.2640337016237,72,3.82088142447174,51.4431522771519,1,C,25,3
16.328822693278,72,3.90796024817973,12.4208624450983,1,I,26,3
53.9937808191392,72,3.94625374116004,50.0475270779792,1,C,27,3
142.986477727046,72,4.11608061287552,67.8839193871245,0,I,28,3
9.46284905695774,72,4.62138711009175,4.841461946866,1,C,29,3
6.29556210453098,72,4.83999035786837,1.45557174666261,1,I,30,3
39.5513463151728,72,5.12442911043763,34.4269172047351,1,C,31,3
119.205496695655,72,5.31696222256869,66.6830377774313,0,I,32,3
168.30186757758,72,5.38046688772738,66.6195331122726,0,C,33,3
26.7648603260071,72,5.61927226837724,21.1455880576299,1,I,34,3
27.2912716274886,72,5.65737002994865,21.63390159754,1,C,35,3
48.2555970885035,72,5.72858431376517,42.5270127747383,1,I,36,3
74.2121939815184,72,5.93920270912349,66.0607972908765,0,C,37,3
66.7622810130427,72,6.61976398900151,60.1425170240411,1,I,38,3
194.737367739795,72,6.65041343774647,65.3495865622535,0,C,39,3
12.0453282395765,72,6.70077442657203,5.34455381300448,1,I,40,3
53.7109560299897,72,6.72453719191253,46.9864188380771,1,C,41,3
248.804767009616,72,6.73015055246651,65.2698494475335,0,I,42,3
35.346485229546,72,6.7694688308984,28.5770163986476,1,C,43,3
206.939762946381,72,6.8881849385798,65.1118150614202,0,I,44,3
81.6119974513468,72,7.02616281341761,64.9738371865824,0,C,45,3
103.867937606066,72,7.18195041641593,64.8180495835841,0,I,46,3
39.9978583073279,72,7.35175109468401,32.6461072126439,1,C,47,3
193.650526424958,72,7.50426627695561,64.4957337230444,0,I,48,3
85.6140220439179,72,7.52409621141851,64.4759037885815,0,C,49,3
178.561525642716,72,7.62358578387648,64.3764142161235,0,I,50,3
122.424037489961,72,7.77380274608731,64.2261972539127,0,C,51,3
346.706378941222,63.386256250649,7.81355453655124,55.5727017140978,0,I,52,3
36.5433398342062,72,7.85195822361857,28.6913816105876,1,C,53,3
498.424520286941,72,7.89028835948557,64.1097116405144,0,I,54,3
41.2712379096864,41.4789801735565,7.90876781567931,33.3624700940071,1,C,55,3
139.200608465912,72,8.32543873228133,63.6745612677187,0,I,56,3
146.580065910024,72,8.34776013158262,63.6522398684174,0,C,57,3
17.5554846898266,72,8.56053009163588,8.9949545981907,1,I,58,3
25.1933605247966,72,8.57639826368541,16.6169622611112,1,C,59,3
120.073713278383,72,8.57843169942498,63.421568300575,0,I,60,3
108.492628480917,72,8.59110583551228,63.4088941644877,0,C,61,3
174.76836924948,72,8.61804743763059,63.3819525623694,0,I,62,3
8.75956273186519,72,8.65699142217636,0.102571309688833,1,C,63,3
60.8746324364356,72,8.69797458406538,52.1766578523703,1,I,64,3
21.4986855953697,72,8.81566624157131,12.6830193537984,1,C,65,3
75.7192747461416,72,9.06641216017306,62.9335878398269,0,I,66,3
27.9746594400734,72,9.30968100205064,18.6649784380227,1,C,67,3
265.307616979895,72,9.38710771501064,62.6128922849894,0,I,68,3
26.0421843303014,72,9.44097636267543,16.601207967626,1,C,69,3
48.6572956810252,72,9.46299665607512,39.19429902495,1,I,70,3
64.2726738837976,72,9.66672799084336,54.6059458929543,1,C,71,3
82.3406462205398,72,9.77731169667095,62.2226883033291,0,I,72,3
106.347516269323,72,9.91893579717726,62.0810642028228,0,C,73,3
21.6642185605835,72,10.108426194638,11.5557923659455,1,I,74,3
28.4602265824011,72,10.4067365080118,18.0534900743893,1,C,75,3
227.452067589195,72,10.4256601911038,61.5743398088962,0,I,76,3
25.4113694443179,72,10.4468666994944,14.9645027448235,1,C,77,3
91.373894053933,72,10.5365874012932,61.4634125987068,0,I,78,3
20.716558578843,72,10.6536009907722,10.0629575880708,1,C,79,3
108.507456771116,72,10.6747225485742,61.3252774514258,0,I,80,3
35.7050311628865,72,10.7412572158501,24.9637739470365,1,C,81,3
65.1937360808652,72,11.1225200537592,54.071216027106,1,I,82,3
46.3481269524469,72,11.3470218004659,35.001105151981,1,C,83,3
41.920139279306,72,11.8302596127614,30.0898796665445,1,I,84,3
13.0512383662329,72,11.8473624391481,1.20387592708473,1,C,85,3
220.3126712758,72,11.8558034067974,60.1441965932027,0,I,86,3
26.8332073381015,72,12.2305743349716,14.6026330031299,1,C,87,3
56.5027100960763,72,12.5311397993937,43.9715702966826,1,I,88,3
17.0599573496624,72,12.5847896793857,4.47516767027667,1,C,89,3
82.1695411905466,72,12.9226808343083,59.0773191656917,0,I,90,3
17.4599840586918,72,13.205041307956,4.25494275073581,1,C,91,3
42.0529403088452,72,13.4161306684837,28.6368096403615,1,I,92,3
55.3531853667581,72,13.4779617609456,41.8752236058125,1,C,93,3
122.739226434721,72,13.6443885834888,58.3556114165112,0,I,94,3
58.4897257539229,72,14.0459343418479,44.443791412075,1,C,95,3
56.440711206957,72,14.1145756607875,42.3261355461695,1,I,96,3
29.1785744175142,72,14.4623590121046,14.7162154054097,1,C,97,3
64.1397849088782,72,14.633378405124,49.5064065037543,1,I,98,3
132.201949594294,72,14.6824779175222,57.3175220824778,0,C,99,3
105.064319592914,72,14.8770356923342,57.1229643076658,0,I,100,3
28.923833850505,72,15.0027788523585,13.9210549981466,1,C,101,3
29.1825458044164,72,15.1138762850314,14.0686695193849,1,I,102,3
94.5058532826649,72,15.1228202087805,56.8771797912195,0,C,103,3
269.920827170482,72,15.4584445478395,56.5415554521605,0,I,104,3
57.0785915845887,72,15.7593835238367,41.319208060752,1,C,105,3
96.1026585960717,72,15.9274693205953,56.0725306794047,0,I,106,3
17.9655054477617,72,16.209692498669,1.75581294909263,1,C,107,3
23.9685048310092,72,16.4012916292995,7.56721320170971,1,I,108,3
36.5750997557467,72,16.4222404221073,20.1528593336395,1,C,109,3
71.3422967432671,72,16.4690474141389,54.8732493291282,1,I,110,3
19.6712417638905,72,16.6849494539201,2.98629230997041,1,C,111,3
68.6152933267683,72,16.8555626319721,51.7597306947962,1,I,112,3
158.918147018192,72,17.012246302329,54.987753697671,0,C,113,3
62.169469250358,72,17.1859210124239,44.9835482379341,1,I,114,3
84.1353573250563,72,17.5773396575823,54.4226603424177,0,C,115,3
79.6633839738019,72,17.7526352321729,54.2473647678271,0,I,116,3
100.898240186248,45.5871691665739,17.8977294126526,27.6894397539214,0,C,117,3
35.9523445578943,72,17.9708401439711,17.9815044139231,1,I,118,3
82.3304806259203,72,18.0851830495521,53.9148169504479,0,C,119,3
165.436967537224,72,18.2430639630184,53.7569360369816,0,I,120,3
42.430981480144,72,18.5000907629728,23.9308907171711,1,C,121,3
218.991624596461,72,18.7347166612744,53.2652833387256,0,I,122,3
21.4361276236048,72,19.2250610282645,2.21106659534033,1,C,123,3
33.0196576825154,72,19.2264811322093,13.7931765503061,1,I,124,3
134.82246164077,37.7547889494684,19.2477013589814,18.5070875904869,0,C,125,3
51.1269813084749,72,19.7017659293488,31.4252153791262,1,I,126,3
116.814430314374,72,20.167812500149,51.832187499851,0,C,127,3
116.565040714814,72,20.7508587744087,51.2491412255913,0,I,128,3
208.794596273695,72,21.1592180840671,50.8407819159329,0,C,129,3
26.493968520232,72,21.293477746658,5.20049077357399,1,I,130,3
37.6378795991856,72,21.3915594667196,16.2463201324659,1,C,131,3
49.1011393517887,72,21.41830871813,27.6828306336587,1,I,132,3
69.3159935165186,72,21.4696212764829,47.8463722400356,1,C,133,3
189.09259677628,72,21.5889150090516,50.4110849909484,0,I,134,3
91.4220957964011,72,22.1508310502395,49.8491689497605,0,C,135,3
32.7728446704753,72,22.4598683975637,10.3129762729116,1,I,136,3
29.0394128298023,72,22.6767224259675,6.36269040383481,1,C,137,3
32.4170826943129,72,22.7378125442192,9.67927015009367,1,I,138,3
88.2507299599467,72,22.8669007122517,49.1330992877483,0,C,139,3
105.848228322976,72,23.3515821537003,48.6484178462997,0,I,140,3
26.8693075632303,72,23.3777771377936,3.49153042543672,1,C,141,3
92.8447501954192,72,24.0446348581463,47.9553651418537,0,I,142,3
26.7987479305362,72,24.1334405355155,2.66530739502061,1,C,143,3
27.4009160125193,72,24.163284022361,3.23763199015826,1,I,144,3
94.3629387822435,72,24.9344391888008,47.0655608111993,0,C,145,3
160.14270808486,72,24.9927332159132,47.0072667840868,0,I,146,3
25.7394415169988,72,25.0820380775258,0.657403439473042,1,C,147,3
27.2594008360734,72,25.1097913412377,2.14960949483568,1,I,148,3
162.847185135883,72,25.2168609201908,46.7831390798092,0,C,149,3
347.364081598096,72,25.370787656866,46.629212343134,0,I,150,3
59.9559280070055,72,25.4712112667039,34.4847167403016,1,C,151,3
103.858941078528,72,25.6349237496033,46.3650762503967,0,I,152,3
44.2411871036722,72,25.6562971975654,18.5848899061068,1,C,153,3
90.2037064303439,72,25.7817843044177,46.2182156955823,0,I,154,3
74.3123259761391,72,25.8293584361672,46.1706415638328,0,C,155,3
160.617140346428,65.3976949017694,25.91990981251,39.4777850892594,0,I,156,3
131.922095185739,72,26.0262745013461,45.973725498654,0,C,157,3
128.366044647416,72,26.1516910605133,45.8483089394867,0,I,158,3
27.0117532645205,72,26.2218494759873,0.789903788533211,1,C,159,3
33.9726496844408,72,26.2748036440462,7.69784604039459,1,I,160,3
195.955020362056,72,26.3075773464516,45.6924226535484,0,C,161,3
63.3086108635415,72,26.372865526937,36.9357453366045,1,I,162,3
89.9043276471006,72,26.7242563795298,45.2757436204702,0,C,163,3
90.7619015639388,72,26.8900563195348,45.1099436804652,0,I,164,3
149.797600169318,72,27.1717503340915,44.8282496659085,0,C,165,3
349.416154426796,68.1209529365256,27.341566728428,40.7793862080976,0,I,166,3
136.371483252869,72,27.6356475194916,44.3643524805084,0,C,167,3
110.057139820939,72,27.7915668021888,44.2084331978113,0,I,168,3
41.0435138488749,72,28.1071574985981,12.9363563502768,1,C,169,3
41.4867066509582,72,28.4815822681412,13.005124382817,1,I,170,3
67.6696613386301,72,28.6402768129483,39.0293845256818,1,C,171,3
356.497292120804,45.8791299019671,28.8464838545769,17.0326460473902,0,I,172,3
52.0508137107196,72,29.034375725314,23.0164379854056,1,C,173,3
195.878741259127,72,29.0483285766095,42.9516714233905,0,I,174,3
50.8221971724267,72,29.2987296357751,21.5234675366516,1,C,175,3
38.2236878417546,72,29.3107998138294,8.91288802792519,1,I,176,3
39.763518670549,72,29.4379479624331,10.3255707081159,1,C,177,3
359.43870797793,72,29.5090100588277,42.4909899411723,0,I,178,3
47.6248702847934,72,30.3832914400846,17.2415788447089,1,C,179,3
372.121669242224,72,30.6393637089059,41.3606362910941,0,I,180,3
63.8178455376886,72,30.7101740688086,33.10767146888,1,C,181,3
64.3154719408575,72,30.7575647067279,33.5579072341296,1,I,182,3
125.659104588142,72,30.9586117789149,41.0413882210851,0,C,183,3
250.179410174077,72,31.0046381363645,40.9953618636355,0,I,184,3
38.1730371335656,72,31.2447676481679,6.9282694853977,1,C,185,3
162.143333510882,72,31.3062687311322,40.6937312688679,0,I,186,3
40.0178426847538,72,31.3160229055211,8.70181977923272,1,C,187,3
40.5774796491576,72,31.3819725438952,9.19550710526236,1,I,188,3
155.017354110553,72,31.508169779554,40.491830220446,0,C,189,3
240.73871525319,72,31.5944137237966,40.4055862762034,0,I,190,3
68.0020458698548,72,31.7271559266374,36.2748899432175,1,C,191,3
92.4120909967279,72,31.9806644786149,40.0193355213851,0,I,192,3
91.5959533380877,72,32.1973414393142,39.8026585606858,0,C,193,3
212.169007977709,72,32.5116235669702,39.4883764330298,0,I,194,3
41.5511588382094,72,33.0678394529969,8.48331938521251,1,C,195,3
112.675711485954,72,33.279295549728,38.720704450272,0,I,196,3
67.4383620443852,72,33.3485615579411,34.089800486444,1,C,197,3
82.457498383648,72,33.399765654467,38.600234345533,0,I,198,3
88.3084388056959,72,33.5763953346759,38.4236046653241,0,C,199,3
137.672855477963,72,33.5950975120068,38.4049024879932,0,I,200,3
74.0443846175994,72,33.7592169363052,38.2407830636948,0,C,201,3
63.7113584367948,72,33.8645379943773,29.8468204424174,1,I,202,3
40.347527570483,72,34.0343429055065,6.31318466497647,1,C,203,3
45.0221567140401,72,34.2480177618563,10.7741389521838,1,I,204,3
46.7415838468649,72,34.3029442895204,12.4386395573445,1,C,205,3
370.778728854019,72,34.4452865654603,37.5547134345397,0,I,206,3
53.8975259455301,72,34.4528541807085,19.4446717648216,1,C,207,3
129.639698756314,72,34.7652536211535,37.2347463788465,0,I,208,3
78.3962716793269,72,34.7686504432932,37.2313495567069,0,C,209,3
155.444698997994,72,34.8826509201899,37.1173490798101,0,I,210,3
90.3546561589542,72,35.0737725337967,36.9262274662033,0,C,211,3
134.712706105842,72,35.2623579651117,36.7376420348883,0,I,212,3
79.3185502427336,72,35.6671984819695,36.3328015180305,0,C,213,3
212.502527956185,72,35.8979621669278,36.1020378330722,0,I,214,3
44.4259323314334,72,36.0023094713688,8.42362286006464,1,C,215,3
163.291111786383,72,36.0250333417207,35.9749666582793,0,I,216,3
146.821256965982,72,36.1863284697756,35.8136715302244,0,C,217,3
231.075473765439,72,36.3097015488893,35.6902984511107,0,I,218,3
129.865229331308,72,36.6632911842316,35.3367088157684,0,C,219,3
55.7516669403227,72,36.9502937793732,18.8013731609495,1,I,220,3
69.9636511493501,72,37.4728113273159,32.4908398220342,1,C,221,3
158.938890519057,72,37.6844148756936,34.3155851243064,0,I,222,3
48.2070839118869,72,37.7094706892967,10.4976132225901,1,C,223,3
210.190548649977,72,37.7780084777623,34.2219915222377,0,I,224,3
41.9677205663333,72,37.9769746866077,3.99074587972562,1,C,225,3
39.8419557463959,72,37.9789631953463,1.86299255104959,1,I,226,3
101.172156354806,72,37.9831019137055,34.0168980862945,0,C,227,3
194.360977366802,72,38.2204967038706,33.7795032961294,0,I,228,3
72.6679125096,72,38.2794953556731,33.7205046443269,0,C,229,3
115.789994954294,72,38.3449797984213,33.6550202015787,0,I,230,3
58.2804117336067,72,38.4201578143984,19.8602539192083,1,C,231,3
153.509618415852,72,38.6855527991429,33.3144472008571,0,I,232,3
56.3980723812805,72,38.8122916454449,17.5857807358355,1,C,233,3
171.270544886953,72,38.8377541350201,33.1622458649799,0,I,234,3
147.71229223363,72,38.9238279126585,33.0761720873416,0,C,235,3
152.603534543213,72,38.9598375605419,33.0401624394581,0,I,236,3
61.1385634312583,72,38.9620725531131,22.1764908781452,1,C,237,3
207.121518611055,72,39.3582882871851,32.6417117128149,0,I,238,3
42.1664084674705,72,39.427390624769,2.73901784270142,1,C,239,3
205.592799499812,72,39.6444635745138,32.3555364254862,0,I,240,3
115.716549942133,72,40.2907975483686,31.7092024516314,0,C,241,3
102.015283901082,72,40.9539621463046,31.0460378536955,0,I,242,3
82.9639013186663,72,41.3060060469434,30.6939939530566,0,C,243,3
98.816911752639,72,41.6184108238667,30.3815891761333,0,I,244,3
50.988669158674,72,41.7971611116082,9.19150804706589,1,C,245,3
171.907220480914,72,42.1004532650113,29.8995467349887,0,I,246,3
88.3817694861187,72,42.1504960907623,29.8495039092377,0,C,247,3
48.0424945744693,72,42.2634217422456,5.77907283222377,1,I,248,3
132.958957763101,68.269082112761,42.4231472611427,25.8459348516182,0,C,249,3
65.5025588859984,72,42.9321514768526,22.5704074091458,1,I,250,3
47.0064474026421,72,43.1372315296903,3.86921587295174,1,C,251,3
97.4254752299242,72,43.2546168984845,28.7453831015155,0,I,252,3
205.421548861238,72,43.4938200004399,28.5061799995601,0,C,253,3
101.502764631544,72,43.605377166532,28.394622833468,0,I,254,3
149.566335483007,72,43.9178869407624,28.0821130592376,0,C,255,3
138.32205565419,72,44.1204485110939,27.8795514889061,0,I,256,3
299.546330348491,72,44.3130554258823,27.6869445741177,0,C,257,3
109.605405021631,72,44.5171798439696,27.4828201560304,0,I,258,3
45.0262513167633,72,44.9110894650221,0.115161851741187,1,C,259,3
64.561224603509,72,45.0473706889898,19.5138539145193,1,I,260,3
87.0242506917852,72,45.3909764997661,26.6090235002339,0,C,261,3
104.668895654211,72,45.4007389582694,26.5992610417306,0,I,262,3
94.9268669880607,72,45.6527385860682,26.3472614139319,0,C,263,3
85.7818888570363,72,45.8592625614256,26.1407374385744,0,I,264,3
80.5068699809922,72,45.96985692624,26.03014307376,0,C,265,3
249.471378752276,72,46.0994915664196,25.9005084335804,0,I,266,3
64.7721843711678,72,47.1057470608503,17.6664373103176,1,C,267,3
221.060506912435,72,47.2750081680715,24.7249918319285,0,I,268,3
137.412122433409,72,47.4861226743087,24.5138773256913,0,C,269,3
276.283489693198,72,47.6134323282167,24.3865676717833,0,I,270,3
286.362677329894,72,47.8125194180757,24.1874805819243,0,C,271,3
75.4566284885052,72,47.8223418071866,24.1776581928134,0,I,272,3
162.047339361826,72,47.9662651754916,24.0337348245084,0,C,273,3
150.302583361955,72,47.9945970559493,24.0054029440507,0,I,274,3
71.5090561017362,72,48.0010986607522,23.5079574409841,1,C,275,3
116.935465728429,72,48.0218773987144,23.9781226012856,0,I,276,3
176.293435752248,72,48.1667552283034,23.8332447716966,0,C,277,3
192.375264135761,72,48.2780652539805,23.7219347460195,0,I,278,3
74.4623467339914,72,48.3337217895314,23.6662782104686,0,C,279,3
237.237017056546,72,48.5387154808268,23.4612845191732,0,I,280,3
73.4318653725202,72,48.6712832003832,23.3287167996168,0,C,281,3
55.0529670736012,72,48.8800768693909,6.17289020421024,1,I,282,3
57.0817455219464,72,48.9075148198754,8.17423070207107,1,C,283,3
109.926346010065,72,48.9589641150087,23.0410358849913,0,I,284,3
95.5533334078437,72,49.2425697343424,22.7574302656576,0,C,285,3
574.577613481897,72,49.4381981296465,22.5618018703535,0,I,286,3
65.4988283397589,72,49.4405849184841,16.0582434212748,1,C,287,3
185.073160981195,72,49.452887638472,22.547112361528,0,I,288,3
121.952572786563,72,49.8297605803236,22.1702394196764,0,C,289,3
76.6239297493789,72,49.8981605703011,22.1018394296989,0,I,290,3
152.336704333099,72,49.9867487372831,22.013251262717,0,C,291,3
314.906366304922,72,50.1729076355696,21.8270923644304,0,I,292,3
122.607015361828,72,50.3088030824438,21.6911969175562,0,C,293,3
100.103885752996,72,50.5742173176259,21.4257826823741,0,I,294,3
71.0875757206309,72,50.6166922627017,20.4708834579293,1,C,295,3
110.529294766162,72,50.6365835526958,21.3634164473042,0,I,296,3
67.6290128939389,72,51.027185744606,16.601827149333,1,C,297,3
170.205527253369,72,51.1901582172141,20.809841782786,0,I,298,3
89.8242376779943,72,51.2088231509551,20.7911768490449,0,C,299,3
223.631146084763,72,51.61311943084,20.38688056916,0,I,300,3
58.8500120153593,72,51.8498755339533,7.00013648140594,1,C,301,3
106.345814956791,72,51.9241181574762,20.0758818425238,0,I,302,3
178.720316925455,72,51.9866092968732,20.0133907031268,0,C,303,3
84.3693549514259,72,52.0742989657447,19.9257010342553,0,I,304,3
179.736401487586,72,52.0960752479732,19.9039247520268,0,C,305,3
202.786671840442,72,52.3447948694229,19.6552051305771,0,I,306,3
89.5582673881573,72,52.3988956259564,19.6011043740436,0,C,307,3
68.5097563850377,72,52.5240041222423,15.9857522627953,1,I,308,3
65.2566128358718,72,52.7483454812318,12.50826735464,1,C,309,3
111.320435547657,72,52.7689273143187,19.2310726856813,0,I,310,3
75.5715141548553,72,52.8824127791449,19.1175872208551,0,C,311,3
187.433419512248,72,53.2030237605795,18.7969762394205,0,I,312,3
153.130398377963,72,53.4861254319549,18.5138745680451,0,C,313,3
189.561112099321,72,53.5962075646967,18.4037924353033,0,I,314,3
124.722326339253,72,53.6164021259174,18.3835978740826,0,C,315,3
253.849560306841,72,53.6813658149913,18.3186341850087,0,I,316,3
62.986681581951,72,54.3990594148636,8.58762216708741,1,C,317,3
80.7122995387582,72,54.6124720713124,17.3875279286876,0,I,318,3
92.503624503445,72,54.8590233922005,17.1409766077995,0,C,319,3
74.2972041721133,72,55.0593107426539,16.9406892573461,0,I,320,3
89.4031812558385,72,55.3181771468371,16.6818228531629,0,C,321,3
125.021591705929,72,55.388369075954,16.611630924046,0,I,322,3
57.6073255732164,72,55.5294354306534,2.07789014256303,1,C,323,3
97.9485669156153,72,55.6128889136016,16.3871110863984,0,I,324,3
68.4207509812786,72,55.6899386364967,12.730812344782,1,C,325,3
300.957929457277,72,56.3425109675154,15.6574890324846,0,I,326,3
116.448180627415,72,56.5991731127724,15.4008268872276,0,C,327,3
199.102431852549,72,57.0286394935101,14.9713605064899,0,I,328,3
164.421310787167,72,57.2363917389885,14.7636082610115,0,C,329,3
133.817525194444,72,57.516302363947,14.483697636053,0,I,330,3
95.4686958441617,72,57.5883469730616,14.4116530269384,0,C,331,3
127.566624147202,72,57.6001538895071,14.3998461104929,0,I,332,3
89.1420548742313,72,57.81950364355,14.18049635645,0,C,333,3
65.7521235147867,72,58.3289235737175,7.42319994106925,1,I,334,3
146.732962758384,72,59.0523815201595,12.9476184798405,0,C,335,3
329.430649566533,72,59.0685481438413,12.9314518561587,0,I,336,3
94.2106759251639,72,59.1472217487171,12.8527782512829,0,C,337,3
133.707812793172,72,59.2382266698405,12.7617733301595,0,I,338,3
149.591241567275,72,59.4744239933789,12.5255760066211,0,C,339,3
129.105693958928,72,59.5810865890235,12.4189134109765,0,I,340,3
127.157672795313,72,59.6244933083654,12.3755066916347,0,C,341,3
339.682617011099,72,59.8535691574216,12.1464308425784,0,I,342,3
26.5845260434524,72,0.0155487935990095,26.5689772498534,1,I,1,4
23.7087057351356,72,0.0368070183321834,23.6718987168035,1,C,2,4
30.13454563063,72,0.373876914381981,29.7606687162481,1,I,3,4
26.6374075031604,72,0.384285799227655,26.2531217039327,1,C,4,4
99.4802355291837,72,0.523981810547411,71.4760181894526,0,I,5,4
35.820317809559,72,0.581965916790068,35.2383518927689,1,C,6,4
62.4469397276893,72,0.64801256172359,61.7989271659657,1,I,7,4
3.78582534001643,72,0.661536790430546,3.12428854958588,1,C,8,4
353.803477113467,72,0.726133463904262,71.2738665360957,0,I,9,4
32.7907439032198,72,0.894550206139684,31.8961936970801,1,C,10,4
42.7588486974334,72,1.08394084498286,41.6749078524505,1,I,11,4
28.7536276471347,72,1.36074952315539,27.3928781239793,1,C,12,4
75.1449334009249,72,1.42604139167815,70.5739586083219,0,I,13,4
4.93251049930597,72,1.47065217141062,3.46185832789535,1,C,14,4
175.451227109238,72,1.5085452189669,70.4914547810331,0,I,15,4
45.2826735417887,64.9518917500795,1.51197266299278,43.7707008787959,1,C,16,4
211.285893710962,72,2.10298966616392,69.8970103338361,0,I,17,4
41.688890767708,72,2.21361068543047,39.4752800822775,1,C,18,4
36.7160008128223,72,2.36095821484923,34.355042597973,1,I,19,4
66.2406957047952,72,2.65159278642386,63.5891029183713,1,C,20,4
21.4891072679534,31.4918947827614,2.85137150902301,18.6377357589304,1,I,21,4
48.9030903726398,72,2.93275480158627,45.9703355710535,1,C,22,4
19.3674767268548,10.5800779682844,3.01157936453819,7.56849860374619,0,I,23,4
155.087187207171,44.8683977275985,3.25621386989951,41.612183857699,0,C,24,4
153.267891838993,72,3.36117911618203,68.638820883818,0,I,25,4
126.653406846121,72,3.38988225907087,68.6101177409291,0,C,26,4
109.715476553979,72,3.485326487571,68.514673512429,0,I,27,4
65.9161841367425,72,3.57896730769426,62.3372168290483,1,C,28,4
71.8831900139688,17.9916791186542,3.59000915195793,14.4016699666963,0,I,29,4
74.3256216373765,72,3.69838500861079,68.3016149913892,0,C,30,4
33.6286168675797,72,4.11579582374543,29.5128210438343,1,I,31,4
90.7096148538627,72,4.23433074261993,67.7656692573801,0,C,32,4
19.9733318831679,72,4.61747263558209,15.3558592475859,1,I,33,4
150.026962250011,72,4.75608915556222,67.2439108444378,0,C,34,4
75.5689965164441,72,4.92894269060344,67.0710573093966,0,I,35,4
85.82967834315,72,5.69343442562968,66.3065655743703,0,C,36,4
84.3859452556685,72,5.87868162430823,66.1213183756918,0,I,37,4
23.6005616284533,72,5.88549605570734,17.715065572746,1,C,38,4
40.2713383139304,72,6.29569702316076,33.9756412907697,1,I,39,4
77.4439555284479,72,6.44387190230191,65.5561280976981,0,C,40,4
48.8687669168558,72,6.47920964285731,42.3895572739984,1,I,41,4
27.5279045960282,72,6.82089810725302,20.7070064887752,1,C,42,4
44.5016276199447,72,6.8255573278293,37.6760702921154,1,I,43,4
35.233935860795,72,6.93670197855681,28.2972338822381,1,C,44,4
78.920812457288,72,6.95101370103657,65.0489862989634,0,I,45,4
67.5378687163387,72,7.10105270147324,60.4368160148655,1,C,46,4
80.1621412430722,72,7.30929175391793,64.6907082460821,0,I,47,4
30.1733224865616,72,7.45037604589015,22.7229464406714,1,C,48,4
77.6513729315357,72,7.66421995125711,64.3357800487429,0,I,49,4
102.202730033282,72,7.78219970874488,64.2178002912551,0,C,50,4
335.532606374438,72,7.87263573613018,64.1273642638698,0,I,51,4
188.241709107667,72,7.9071278963238,64.0928721036762,0,C,52,4
406.853003434582,72,7.91688276920468,64.0831172307953,0,I,53,4
51.8259954558226,72,8.3901205798611,43.4358748759614,1,C,54,4
334.39394078999,72,8.42204659245908,63.5779534075409,0,I,55,4
165.580582674465,72,8.62711940892041,63.3728805910796,0,C,56,4
114.552544589751,72,8.71791563462466,63.2820843653753,0,I,57,4
16.8953856206279,72,8.72406964190304,8.17131597872484,1,C,58,4
88.1530932024183,72,8.78226534929127,63.2177346507087,0,I,59,4
185.290825297422,72,8.78971051890403,63.210289481096,0,C,60,4
31.55691468169,72,8.95134036429226,22.6055743173977,1,I,61,4
28.7892933463817,72,8.97872214205563,19.8105712043261,1,C,62,4
181.615493002702,72,9.15839301422238,62.8416069857776,0,I,63,4
16.3612630807937,72,9.23621920868754,7.12504387210614,1,C,64,4
143.772912128073,72,9.90905388258398,62.090946117416,0,I,65,4
57.3709612820571,21.6858477828729,10.1625405577943,11.5233072250787,0,C,66,4
235.98659798245,72,10.3589548682794,61.6410451317206,0,I,67,4
69.9318158391536,36.67979099036,10.4524159384891,26.2273750518708,0,C,68,4
66.3825633622486,72,10.7541279774159,55.6284353848327,1,I,69,4
76.872879033296,72,10.8663221122697,61.1336778877303,0,C,70,4
443.088885898491,29.1283763492292,10.9837387595326,18.1446375896966,0,I,71,4
118.515205710811,72,11.0733837168664,60.9266162831336,0,C,72,4
66.9385619228064,72,11.1093003256246,55.8292615971817,1,I,73,4
140.66983094936,72,11.1521903146058,60.8478096853942,0,C,74,4
173.07642618501,72,11.3208153750747,60.6791846249253,0,I,75,4
26.3767435961508,72,11.9945134688169,14.3822301273339,1,C,76,4
312.620829977643,72,12.3198370356113,59.6801629643887,0,I,77,4
37.4604503159426,72,12.6187273627147,24.8417229532279,1,C,78,4
323.665915806587,72,12.6834025327116,59.3165974672884,0,I,79,4
22.1291347984011,72,12.7172460732982,9.41188872510291,1,C,80,4
31.8436559940539,72,13.192279972136,18.6513760219179,1,I,81,4
103.895072860732,72,13.2065639365464,58.7934360634536,0,C,82,4
178.77143576605,72,13.2375005213544,58.7624994786456,0,I,83,4
106.154896010593,72,13.4659901540726,58.5340098459274,0,C,84,4
15.101272716101,72,13.6621250957251,1.43914762037593,1,I,85,4
35.6485327299982,72,13.6702999798581,21.9782327501401,1,C,86,4
236.596711180796,72,13.6998139740899,58.3001860259101,0,I,87,4
58.6320941206251,72,13.9401328470558,44.6919612735694,1,C,88,4
161.40845856937,72,14.076861217618,57.923138782382,0,I,89,4
20.6475454692082,72,14.1926589142531,6.45488655495506,1,C,90,4
40.0205457221825,72,14.2043945845217,25.8161511376608,1,I,91,4
22.8873677920884,72,14.4194142054766,8.46795358661179,1,C,92,4
15.9593679001204,72,14.7757785301656,1.18358936995486,1,I,93,4
96.3224310596501,72,14.7838842915371,57.2161157084629,0,C,94,4
199.93435230666,72,14.8937471257523,57.1062528742477,0,I,95,4
57.551790465328,72,15.1565713388845,42.3952191264434,1,C,96,4
202.585170144962,72,15.2569258818403,56.7430741181597,0,I,97,4
30.938249730557,72,15.4024105891585,15.5358391413985,1,C,98,4
221.29039634324,72,15.4551663575694,56.5448336424306,0,I,99,4
27.9796199108523,72,15.4810896003619,12.4985303104904,1,C,100,4
130.621025082138,72,15.6119146663696,56.3880853336304,0,I,101,4
165.721055519088,72,15.6224486511201,56.3775513488799,0,C,102,4
482.006097219071,72,15.8897704817355,56.1102295182645,0,I,103,4
50.9777188962331,72,15.9299198817462,35.0477990144869,1,C,104,4
78.4918174084344,72,16.0604700632393,55.9395299367607,0,I,105,4
24.7079837974973,72,16.0900957742706,8.61788802322674,1,C,106,4
77.9024011079396,72,16.1742737330496,55.8257262669504,0,I,107,4
22.6649626249869,72,16.2657096236944,6.39925300129246,1,C,108,4
82.4139881430259,72,16.699304538779,55.300695461221,0,I,109,4
29.9614070092458,72,16.7117849132046,13.2496220960412,1,C,110,4
113.945278396264,72,16.7169811762869,55.2830188237131,0,I,111,4
28.2566986268116,72,16.7727737361565,11.4839248906551,1,C,112,4
68.5018963194867,72,16.8461481481791,51.6557481713076,1,I,113,4
107.56409341597,72,17.6643080636859,54.3356919363141,0,C,114,4
83.8492343956353,72,17.7145683718845,54.2854316281155,0,I,115,4
22.9005591863648,72,17.7730531012639,5.12750608510086,1,C,116,4
39.0648707906331,72,17.8120859060436,21.2527848845895,1,I,117,4
40.1874394653331,72,17.9927580663934,22.1946813989396,1,C,118,4
206.142473479149,72,18.0038870824501,53.9961129175499,0,I,119,4
43.4556276229952,72,18.2277466496453,25.2278809733499,1,C,120,4
186.818720543406,72,18.2537574833259,53.7462425166741,0,I,121,4
212.81195954848,72,18.6368453269824,53.3631546730176,0,C,122,4
32.6811909258128,72,18.7308951700106,13.9502957558021,1,I,123,4
50.3891261930431,72,19.281268841587,31.1078573514561,1,C,124,4
25.5267376654006,72,19.3274842808023,6.19925338459832,1,I,125,4
22.8991174323376,72,19.379942798987,3.51917463335052,1,C,126,4
264.631909433978,72,19.4160804105923,52.5839195894077,0,I,127,4
31.292484765341,72,19.676726013422,11.615758751919,1,C,128,4
155.380900222588,72,19.7139894962311,52.2860105037689,0,I,129,4
82.1641079945518,72,20.1814814424142,51.8185185575858,0,C,130,4
124.411282702864,72,20.2424646774307,51.7575353225693,0,I,131,4
86.5161633504981,72,20.2779668709263,51.7220331290737,0,C,132,4
268.97913993529,72,20.7485106121749,51.2514893878251,0,I,133,4
144.796008453947,72,20.8116195257753,51.1883804742247,0,C,134,4
46.0005087519755,72,20.9402802586555,25.0602284933199,1,I,135,4
66.7025481541283,72,21.1322610871866,45.5702870669417,1,C,136,4
33.8579379702193,72,21.1864266358316,12.6715113343877,1,I,137,4
68.2370402524583,72,21.2961780885234,46.9408621639349,1,C,138,4
52.5754992965438,72,21.3060756353661,31.2694236611776,1,I,139,4
80.4613478413143,72,21.7646732507274,50.2353267492727,0,C,140,4
105.488903656983,72,21.8552991561592,50.1447008438408,0,I,141,4
31.8687342588355,72,22.1139428811148,9.75479137772068,1,C,142,4
188.974287316714,72,22.1259667631239,49.8740332368761,0,I,143,4
68.758397271726,72,22.2371868789196,46.5212103928064,1,C,144,4
23.1228810431267,72,22.2794244065881,0.843456636538571,1,I,145,4
60.8538123905618,72,22.3287934809923,38.5250189095695,1,C,146,4
273.484572815634,72,22.7871006773785,49.2128993226215,0,I,147,4
26.9749200194846,72,23.356592617929,3.61832740155563,1,C,148,4
57.9422378724415,72,23.4441394312307,34.4980984412108,1,I,149,4
106.832486614138,72,23.5171354981139,48.4828645018861,0,C,150,4
26.9216362189924,72,23.6477491166443,3.27388710234817,1,I,151,4
35.5206391795489,72,24.0516046481207,11.4690345314282,1,C,152,4
142.954465310837,72,24.1550384648144,47.8449615351856,0,I,153,4
123.384016967617,72,24.5299798669294,47.4700201330707,0,C,154,4
145.232496663078,72,24.7538333153352,47.2461666846648,0,I,155,4
25.7083974220741,72,24.8014046391472,0.90699278292687,1,C,156,4
68.9070661199582,72,24.9527936428785,43.9542724770797,1,I,157,4
25.8049614033661,72,25.0846944423392,0.72026696102687,1,C,158,4
139.391648725099,72,25.4899439681321,46.5100560318679,0,I,159,4
89.3702595267772,72,25.5785881401971,46.4214118598029,0,C,160,4
239.663729009494,72,25.5971429077908,46.4028570922092,0,I,161,4
54.4872386399346,72,25.9149891184643,28.5722495214703,1,C,162,4
31.317038724888,72,26.1199630005285,5.19707572435944,1,I,163,4
72.9421484835258,72,26.2035469757393,45.7964530242607,0,C,164,4
64.7108000826359,72,26.2174950633198,38.4933050193161,1,I,165,4
212.062460489105,59.8081270418893,26.255296356976,33.5528306849133,0,C,166,4
158.850081535017,72,26.5104060759768,45.4895939240232,0,I,167,4
33.9084893934686,72,26.5274712117389,7.3810181817297,1,C,168,4
326.439730246305,72,26.6757620126009,45.3242379873991,0,I,169,4
47.0303448993103,72,26.8742588767782,20.1560860225321,1,C,170,4
124.594463086644,72,27.6842105342075,44.3157894657925,0,I,171,4
185.53645263604,72,28.1614587642252,43.8385412357748,0,C,172,4
146.666497957325,72,28.3011202840135,43.6988797159866,0,I,173,4
57.6169600573507,72,28.5842637671158,29.0326962902349,1,C,174,4
257.944631384632,72,28.6879166727886,43.3120833272114,0,I,175,4
63.8095638127204,72,28.7174687767401,35.0920950359802,1,C,176,4
220.146676913272,72,28.7359944311902,43.2640055688098,0,I,177,4
32.638430325174,72,28.9325564866886,3.70587383848547,1,C,178,4
95.0952918205436,72,29.1110616736114,42.8889383263886,0,I,179,4
140.624098086501,72,29.1305142408237,42.8694857591763,0,C,180,4
219.294089860957,72,29.1741182841361,42.8258817158639,0,I,181,4
37.5570882181865,72,29.406552426517,8.15053579166946,1,C,182,4
45.3400958362101,72,29.4439230719581,15.896172764252,1,I,183,4
95.5921158258549,72,29.6008148929104,42.3991851070896,0,C,184,4
40.6701938878013,72,29.7177903167903,10.952403571011,1,I,185,4
56.7022510122776,72,30.1903554378077,26.5118955744699,1,C,186,4
37.7250073836837,50.6458876411111,30.4015641007572,7.32344328292647,1,I,187,4
65.1026328109321,72,30.7643480831757,34.3382847277564,1,C,188,4
100.783013670562,72,31.1278046155348,40.8721953844652,0,I,189,4
78.1846216225413,72,31.1437780503184,40.8562219496816,0,C,190,4
245.137770371131,72,31.2563552800566,40.7436447199434,0,I,191,4
67.8049491207375,72,31.4186550909653,36.3862940297722,1,C,192,4
294.139421222414,72,31.4761490933597,40.5238509066403,0,I,193,4
100.328351957513,72,31.5686017507687,40.4313982492313,0,C,194,4
81.585548505668,72,31.6931395651773,40.3068604348227,0,I,195,4
68.7160044262971,40.3876191516791,32.2382154129446,8.14940373873449,0,C,196,4
41.7956468335946,72,32.2969496855512,9.49869714804333,1,I,197,4
106.576492652074,34.8340733618017,32.3577030468732,2.47637031492847,0,C,198,4
81.7703291280297,72,32.695778911002,39.304221088998,0,I,199,4
51.002325522536,72,32.7196910697967,18.2826344527393,1,C,200,4
88.1411524150179,72,32.7681911503896,39.2318088496104,0,I,201,4
39.1822854896272,72,32.9392169695348,6.24306852009245,1,C,202,4
87.4725542611544,72,33.0881259636953,38.9118740363047,0,I,203,4
88.1004294863842,72,34.069959204644,37.930040795356,0,C,204,4
342.005956411895,72,34.7056279191747,37.2943720808253,0,I,205,4
39.9627304394432,55.8805291881485,34.8928966652602,5.06983377418302,1,C,206,4
125.871289853662,72,35.1196401519701,36.8803598480299,0,I,207,4
145.083459846369,72,35.1232834160328,36.8767165839672,0,C,208,4
440.570284939832,72,35.2275853045285,36.7724146954715,0,I,209,4
52.2832924648052,72,35.3750864462927,16.9082060185124,1,C,210,4
58.0562526415799,72,36.41155062709,21.6447020144898,1,I,211,4
69.6993401421597,72,36.5686617605388,33.1306783816209,1,C,212,4
50.1050086049696,72,36.6420052293688,13.4630033756008,1,I,213,4
138.677704483146,72,36.8012355454266,35.1987644545734,0,C,214,4
81.6392322917369,72,36.8691319786012,35.1308680213988,0,I,215,4
119.843138963637,72,37.017300655134,34.982699344866,0,C,216,4
84.0204605721091,72,37.0346618117765,34.9653381882235,0,I,217,4
62.3808080029038,72,37.0645910874009,25.3162169155028,1,C,218,4
183.274964475624,72,37.5721670826897,34.4278329173103,0,I,219,4
72.5856243633067,72,37.6926886243746,34.3073113756254,0,C,220,4
180.523925246084,72,37.9414923582226,34.0585076417774,0,I,221,4
88.7067019592134,72,38.3713021036238,33.6286978963763,0,C,222,4
278.909658498277,72,38.4575382806361,33.5424617193639,0,I,223,4
85.846224487369,72,38.8674556324258,33.1325443675742,0,C,224,4
165.231044869485,72,39.0207166783512,32.9792833216488,0,I,225,4
108.313175126945,72,39.0941748255864,32.9058251744136,0,C,226,4
353.594290355695,72,39.4646170875058,32.5353829124942,0,I,227,4
131.947171340392,72,39.4846586370841,32.5153413629159,0,C,228,4
176.1265006088,72,39.4868079107255,32.5131920892745,0,I,229,4
66.3269969195303,72,39.4895665626973,26.837430356833,1,C,230,4
258.822170983741,68.5041666354133,39.8847865546122,28.6193800808011,0,I,231,4
116.185362675359,72,40.2595481229946,31.7404518770054,0,C,232,4
125.556560825369,72,40.2999171707779,31.7000828292221,0,I,233,4
86.0655071975875,72,40.3795859729871,31.6204140270129,0,C,234,4
76.70903893195,72,40.6108936993405,31.3891063006595,0,I,235,4
195.030480811678,72,40.8060032408685,31.1939967591316,0,C,236,4
168.191098171712,72,40.9994165506214,31.0005834493786,0,I,237,4
121.063837524099,72,41.3780952896923,30.6219047103077,0,C,238,4
49.7672849197619,72,41.5529433684424,8.21434155131958,1,I,239,4
121.040319957551,72,41.6574676986784,30.3425323013216,0,C,240,4
68.013663831956,72,41.7214459693059,26.2922178626501,1,I,241,4
46.3117107304262,72,41.7510045832023,4.56070614722392,1,C,242,4
294.156077204351,72,42.0623040804639,29.9376959195361,0,I,243,4
79.8485145833555,72,42.122673955746,29.877326044254,0,C,244,4
55.6523326946902,72,42.3254341632128,13.3268985314774,1,I,245,4
101.043466278543,72,42.6742411963642,29.3257588036358,0,C,246,4
330.813053356387,72,42.9853778611869,29.0146221388131,0,I,247,4
66.8435204009466,72,43.2073113368824,23.6362090640642,1,C,248,4
153.094663468961,72,43.614755300805,28.385244699195,0,I,249,4
171.626381770358,72,43.7273413874209,28.2726586125791,0,C,250,4
135.071066323843,72,43.7315113563091,28.2684886436909,0,I,251,4
159.813996797756,72,44.0396619541571,27.9603380458429,0,C,252,4
141.757953341715,72,44.0785029390827,27.9214970609173,0,I,253,4
166.787081735881,72,44.1907196072862,27.8092803927138,0,C,254,4
115.723268126214,72,44.2391781695187,27.7608218304813,0,I,255,4
94.3015420290664,72,44.3829386914149,27.6170613085851,0,C,256,4
108.305106855065,72,44.4685960002244,27.5314039997757,0,I,257,4
75.3232664258951,72,44.7149254661053,27.2850745338947,0,C,258,4
45.4937468940558,72,44.8306088335812,0.66313806047459,1,I,259,4
73.0948858957493,72,44.9250161508098,27.0749838491902,0,C,260,4
630.561612947132,72,45.1204962283373,26.8795037716627,0,I,261,4
96.2509644694843,72,45.2217991836369,26.7782008163631,0,C,262,4
126.228132052786,72,45.3506450587884,26.6493549412116,0,I,263,4
58.4918806320473,72,45.3614246612415,13.1304559708058,1,C,264,4
48.7243138812703,72,45.3935433877632,3.33077049350708,1,I,265,4
46.0527165459334,72,45.4566508485004,0.596065697432991,1,C,266,4
187.340930313136,72,45.5226067313924,26.4773932686076,0,I,267,4
53.941794522365,72,45.585110289976,8.35668423238895,1,C,268,4
138.259062734245,72,45.6263376167044,26.3736623832956,0,I,269,4
54.9770666722265,72,45.6503212591633,9.3267454130632,1,C,270,4
172.068716512061,72,45.6879466585815,26.3120533414185,0,I,271,4
120.760654045893,72,45.6881922762841,26.3118077237159,0,C,272,4
55.6686446002769,72,45.7014936301857,9.96715097009113,1,I,273,4
82.4920329124937,72,46.1262272810563,25.8737727189437,0,C,274,4
196.705491601584,72,46.2023058487102,25.7976941512898,0,I,275,4
50.8690769141251,72,46.6463939566165,4.22268295750859,1,C,276,4
177.044604199175,72,46.6820764867589,25.3179235132411,0,I,277,4
93.4352812583123,72,46.946000251919,25.053999748081,0,C,278,4
139.246807873229,72,47.400075676851,24.599924323149,0,I,279,4
101.339316217838,52.4861990895181,47.7342424029484,4.75195668656966,0,C,280,4
97.7196706541339,72,48.4790815366432,23.5209184633568,0,I,281,4
86.5416179385683,72,48.8184667378664,23.1815332621336,0,C,282,4
166.838236412796,72,48.8865924021229,23.1134075978771,0,I,283,4
79.3954076793801,72,48.9031852874905,23.0968147125095,0,C,284,4
156.132876894433,72,49.0339277079329,22.9660722920671,0,I,285,4
64.0509113994705,72,49.3758960999548,14.6750152995156,1,C,286,4
54.5900977396798,72,49.534729141742,5.0553685979378,1,I,287,4
174.221728113558,72,49.6378198591992,22.3621801408008,0,C,288,4
910.201769343299,72,49.6603657538071,22.3396342461929,0,I,289,4
66.6156577009654,72,49.766903417185,16.8487542837805,1,C,290,4
295.801336141668,72,49.8900201637298,22.1099798362702,0,I,291,4
51.6940292200354,72,49.961442318745,1.73258690129039,1,C,292,4
237.049648994374,72,49.9844463961199,22.0155536038801,0,I,293,4
51.7680381660977,72,50.1737087219954,1.59432944410233,1,C,294,4
236.455105205001,72,50.3073952998966,21.6926047001034,0,I,295,4
58.7465501163442,72,50.3959796391428,8.35057047720145,1,C,296,4
54.9681216812867,72,50.5224807187915,4.44564096249517,1,I,297,4
110.888445209526,72,50.5389519268647,21.4610480731353,0,C,298,4
135.808362373666,72,50.5755258724093,21.4244741275907,0,I,299,4
57.9775895427945,72,50.8869999367744,7.0905896060201,1,C,300,4
262.374945108631,72,51.0680816788226,20.9319183211774,0,I,301,4
105.153224366936,72,51.1244870536029,20.8755129463971,0,C,302,4
51.2321298572462,72,51.2302055815235,0.00192427572273638,1,I,303,4
90.6004716096598,72,51.6758672241122,20.3241327758878,0,C,304,4
604.130862272589,72,51.9564744411036,20.0435255588964,0,I,305,4
109.114845983278,72,52.0999298896641,19.9000701103359,0,C,306,4
221.888818157954,63.2112300830251,52.2001450276002,11.0110850554248,0,I,307,4
87.8940839996559,72,52.5605769641697,19.4394230358303,0,C,308,4
93.5642261977053,72,52.9207192920148,19.0792807079852,0,I,309,4
152.134361287329,72,52.9443667363375,19.0556332636625,0,C,310,4
192.731276956582,72,53.0331938853487,18.9668061146513,0,I,311,4
165.283854960006,72,53.3163078082725,18.6836921917275,0,C,312,4
119.989065847727,72,53.3689295500517,18.6310704499483,0,I,313,4
218.795836086918,72,53.6242172727361,18.3757827272639,0,C,314,4
260.308914798446,72,53.6433323705569,18.3566676294431,0,I,315,4
67.1274075680848,72,53.6518518067896,13.4755557612951,1,C,316,4
284.745905402217,72,53.769343723543,18.230656276457,0,I,317,4
76.5332681842984,72,53.9538788236678,18.0461211763322,0,C,318,4
65.3644321540595,72,54.210894475691,11.1535376783685,1,I,319,4
55.6229503380666,72,54.2460547573865,1.37689558068013,1,C,320,4
351.682611675189,72,54.4416982261464,17.5583017738536,0,I,321,4
65.5884832485134,72,54.45659392979,11.1318893187234,1,C,322,4
87.9882785493442,72,54.7128249378875,17.2871750621125,0,I,323,4
62.3135540913328,72,54.7231985908002,7.59035550053262,1,C,324,4
623.566599709262,72,54.7289244504646,17.2710755495355,0,I,325,4
82.017410068127,72,55.1483056833968,16.8516943166032,0,C,326,4
158.058637863008,59.7221048315976,55.6157552869991,4.10634954459856,0,I,327,4
157.423942491679,72,55.7875638082624,16.2124361917377,0,C,328,4
62.9863198390477,72,56.2378096673638,6.74851017168389,1,I,329,4
137.627447507452,72,56.3440340291709,15.6559659708291,0,C,330,4
175.297303608697,72,56.609699469991,15.390300530009,0,I,331,4
86.7673594721788,72,56.8255755538121,15.1744244461879,0,C,332,4
186.229336181604,72,56.930466061458,15.069533938542,0,I,333,4
59.9584474229736,72,57.0148297213018,2.94361770167183,1,C,334,4
220.094426399214,72,57.1235413989052,14.8764586010948,0,I,335,4
69.8729369002307,72,57.8470459068194,12.0258909934113,1,C,336,4
88.9167457908008,72,57.9083283897489,14.0916716102511,0,I,337,4
85.503202818988,72,58.0825496139005,13.9174503860995,0,C,338,4
80.1430530259481,72,58.0891098640859,13.9108901359141,0,I,339,4
218.439732494133,72,58.4823460131884,13.5176539868116,0,C,340,4
401.062667980846,72,58.4911411441863,13.5088588558137,0,I,341,4
117.57148684772,72,58.8159685023129,13.1840314976871,0,C,342,4
149.245202415586,72,58.8568985229358,13.1431014770642,0,I,343,4
90.9468421771147,72,58.9320309553295,13.0679690446705,0,C,344,4
98.3856323308889,72,58.940887064673,13.059112935327,0,I,345,4
78.8154280204824,72,58.9517041482031,13.0482958517969,0,C,346,4
94.2184248768224,72,58.9633041853085,13.0366958146915,0,I,347,4
107.38544423978,72,59.0542806498706,12.9457193501294,0,C,348,4
130.184614749982,72,59.1989037953317,12.8010962046683,0,I,349,4
232.489669409639,72,59.6806277381256,12.3193722618744,0,C,350,4
197.918155791325,72,0.152093935757875,71.8479060642421,0,I,1,5
45.2337470806127,72,0.269046016037464,44.9647010645752,1,C,2,5
36.6103812620018,72,0.595853431150317,36.0145278308515,1,I,3,5
17.0875826038199,72,0.665255701169372,16.4223269026506,1,C,4,5
635.014552447374,22.4118716829061,0.672136838547885,21.7397348443582,0,I,5,5
4.5461297143153,72,0.737639497965574,3.80849021634973,1,C,6,5
142.021534183443,72,0.950735611841083,71.0492643881589,0,I,7,5
29.6779554253448,44.9429342266142,0.978237264789641,28.6997181605551,1,C,8,5
300.378558691245,72,1.00712387356907,70.9928761264309,0,I,9,5
6.27966455485596,72,1.08635389711708,5.19331065773888,1,C,10,5
105.078760332777,72,1.10876660328358,70.8912333967164,0,I,11,5
187.726907118666,64.6078162247192,1.24374873004854,63.3640674946706,0,C,12,5
64.4907652264768,72,1.26208830624819,63.2286769202286,1,I,13,5
168.055993229944,72,1.27485120669007,70.7251487933099,0,C,14,5
56.8345837313663,72,1.2811156315729,55.5534680997934,1,I,15,5
74.6237004718553,72,1.38450889382511,70.6154911061749,0,C,16,5
5.9952403298985,72,1.5195376239717,4.4757027059268,1,I,17,5
11.0806094719836,72,1.60689117852598,9.47371829345766,1,C,18,5
391.400418951909,72,1.62185263819993,70.3781473618001,0,I,19,5
8.48771796701938,72,2.30349109042436,6.18422687659502,1,C,20,5
13.8456010916064,72,2.32224945444614,11.5233516371602,1,I,21,5
13.5331583415842,72,3.04525775369257,10.4879005878917,1,C,22,5
204.329974251444,69.4565297754171,3.20568559225649,66.2508441831606,0,I,23,5
63.1288059180561,72,3.56900216080248,59.5598037572536,1,C,24,5
7.49834015465964,72,3.80083884112537,3.69750131353427,1,I,25,5
94.19887042372,72,3.99804961401969,68.0019503859803,0,C,26,5
10.2963007972739,72,4.07921807840467,6.21708271886925,1,I,27,5
86.8183820870909,59.2199591411806,4.29993698839098,54.9200221527896,0,C,28,5
631.393356046317,72,4.30838837753981,67.6916116224602,0,I,29,5
168.822734168456,72,4.57505414262414,67.4249458573759,0,C,30,5
53.3773969783851,72,4.58181709516794,48.7955798832172,1,I,31,5
43.9831990797079,26.5120112919234,4.86125095747411,21.6507603344493,0,C,32,5
500.578332885033,72,4.96721494942904,67.032785050571,0,I,33,5
5.56175055963453,72,5.04380073398352,0.517949825651009,1,C,34,5
73.1302514350149,72,5.07237754762173,66.9276224523783,0,I,35,5
39.4359134594809,72,5.38446744438261,34.0514460150983,1,C,36,5
75.3899805363262,72,5.72755617555231,66.2724438244477,0,I,37,5
40.6026910179706,72,5.91242885682732,34.6902621611433,1,C,38,5
132.452959926216,72,6.24923423398286,65.7507657660171,0,I,39,5
322.440018013602,72,6.31564275361598,65.684357246384,0,C,40,5
18.8349340460128,72,6.3801470445469,12.4547870014659,1,I,41,5
71.0900295658745,72,6.42643504310399,64.6635945227705,1,C,42,5
9.47510813114958,72,6.66817519348115,2.80693293766843,1,I,43,5
68.4442025038299,72,6.78523612674326,61.6589663770867,1,C,44,5
36.5177758644686,72,6.8399666575715,29.6778092068971,1,I,45,5
14.5849258393567,72,6.93594323471189,7.64898260464479,1,C,46,5
68.0155696920092,72,7.21043578349054,60.8051339085187,1,I,47,5
10.5341883597798,72,7.33568685594946,3.19850150383031,1,C,48,5
30.3929412568291,72,7.71543868817389,22.6775025686553,1,I,49,5
20.5993170679906,72,7.80905299354345,12.7902640744471,1,C,50,5
53.5122680647906,72,8.05245037190616,45.4598176928844,1,I,51,5
29.4520865494542,72,8.15111224539578,21.3009743040584,1,C,52,5
221.26103404191,72,8.24538323096931,63.7546167690307,0,I,53,5
94.6485704695448,72,8.3971482468769,63.6028517531231,0,C,54,5
49.875547454464,72,8.40163171291351,41.4739157415504,1,I,55,5
57.547500592372,72,8.44689765013754,49.1006029422344,1,C,56,5
38.5321048770201,72,9.03931898530573,29.4927858917143,1,I,57,5
51.3220244740717,72,9.41424773074687,41.9077767433249,1,C,58,5
206.289621807464,72,9.54508926719427,62.4549107328057,0,I,59,5
91.343940154089,72,9.57471933681518,62.4252806631848,0,C,60,5
19.8454316533415,72,9.8801760468632,9.9652556064783,1,I,61,5
12.6575521734135,72,10.0116165122017,2.64593566121178,1,C,62,5
61.8136273172866,72,10.2905420819297,51.5230852353569,1,I,63,5
66.724181837704,72,10.3461683448404,56.3780134928636,1,C,64,5
211.467115024939,72,10.3843197366223,61.6156802633777,0,I,65,5
68.0621639034356,72,10.6576357455924,57.4045281578432,1,C,66,5
35.414023825893,72,10.7585584837943,24.6554653420986,1,I,67,5
49.3596167750324,72,11.0806208336726,38.2789959413598,1,C,68,5
12.1607872305781,72,11.8073595967144,0.353427633863726,1,I,69,5
88.1256822288188,72,12.6083277119324,59.3916722880676,0,C,70,5
38.8055841416554,72,12.8077687975019,25.9978153441535,1,I,71,5
121.440369290252,72,12.8089961316437,59.1910038683564,0,C,72,5
155.026035809146,72,12.8633603453636,59.1366396546364,0,I,73,5
44.2119547947678,72,12.8755029849708,31.336451809797,1,C,74,5
95.7895381581076,72,12.9290412319824,59.0709587680176,0,I,75,5
69.3774565331437,72,12.9840833600611,56.3933731730826,1,C,76,5
153.720337948236,72,13.7697057891637,58.2302942108363,0,I,77,5
76.2524432044015,72,14.1471831779927,57.8528168220073,0,C,78,5
83.1448769453765,72,14.4656111067161,57.5343888932839,0,I,79,5
69.5464477345134,72,14.553102767095,54.9933449674184,1,C,80,5
62.7897414207433,72,14.7129203472286,48.0768210735146,1,I,81,5
58.3939805018911,72,14.7181933186948,43.6757871831963,1,C,82,5
244.254964851042,72,14.794780081138,57.205219918862,0,I,83,5
19.1524788360217,72,14.8244646191597,4.32801421686204,1,C,84,5
97.7961036647626,72,14.9574277130887,57.0425722869113,0,I,85,5
24.9596675443877,72,15.0394253432751,9.92024220111262,1,C,86,5
72.0536129915558,72,15.044765342027,56.9552346579731,0,I,87,5
41.0840495358827,72,15.358898146078,25.7251513898048,1,C,88,5
45.0592872641682,72,15.4081664420664,29.6511208221018,1,I,89,5
105.761419977662,72,15.4208495188504,56.5791504811496,0,C,90,5
118.943959794709,72,15.7488825917244,56.2511174082756,0,I,91,5
84.5682458381483,72,16.3507110765204,55.6492889234796,0,C,92,5
112.570353522823,72,16.4939965121448,55.5060034878552,0,I,93,5
36.5250094895996,72,16.5841480158269,19.9408614737727,1,C,94,5
54.7187941859301,72,16.6522758733481,38.066518312582,1,I,95,5
21.2944882206697,72,16.9076961977407,4.38679202292897,1,C,96,5
90.5901559021937,72,17.5278437230736,54.4721562769264,0,I,97,5
64.8797237943101,72,18.4947446733713,46.3849791209387,1,C,98,5
43.2515066074771,72,18.8011504942551,24.4503561132219,1,I,99,5
121.766328361201,72,19.016151856631,52.983848143369,0,C,100,5
111.47524542782,72,19.1364959394559,52.8635040605441,0,I,101,5
23.2612373156404,72,19.4263082183898,3.83492909725062,1,C,102,5
162.120592923533,72,19.7337542613968,52.2662457386032,0,I,103,5
66.3251921366778,72,19.7696133563295,46.5555787803483,1,C,104,5
86.2799429265801,72,19.7697846684605,52.2302153315395,0,I,105,5
72.9758270923076,72,20.3068222571164,51.6931777428836,0,C,106,5
227.277599498807,72,20.8639042591676,51.1360957408324,0,I,107,5
266.875637724937,72,22.1383336465806,49.8616663534194,0,C,108,5
73.3993299768946,72,22.2215161984786,49.7784838015214,0,I,109,5
97.3840177297941,72,22.2949636727571,49.7050363272429,0,C,110,5
113.168485257559,72,22.3672849405557,49.6327150594443,0,I,111,5
125.726935848741,60.5172868282324,22.4299297621474,38.087357066085,0,C,112,5
77.5278831367994,72,22.5174058740959,49.4825941259041,0,I,113,5
123.121636794747,72,22.7471362520009,49.2528637479991,0,C,114,5
49.7945349197462,72,22.9272818053141,26.867253114432,1,I,115,5
88.2946781131783,72,23.4937481023371,48.5062518976629,0,C,116,5
42.706118919974,72,23.5271166684106,19.1790022515633,1,I,117,5
49.3923868681163,72,23.6383971758187,25.7539896922976,1,C,118,5
70.4545509815477,72,23.7616685405374,46.6928824410103,1,I,119,5
64.9588273850225,72,23.9267538534477,41.0320735315748,1,C,120,5
75.2556658920912,72,23.9489395078272,48.0510604921728,0,I,121,5
65.6419006212598,72,24.4829279277474,41.1589726935124,1,C,122,5
31.2381879582468,72,24.5529570803046,6.6852308779422,1,I,123,5
97.5285372787215,72,24.6324898581952,47.3675101418048,0,C,124,5
48.8590496640883,72,24.6586452936754,24.2004043704129,1,I,125,5
54.2470239949866,72,24.8767151869833,29.3703088080033,1,C,126,5
119.969225057291,72,25.4722670931369,46.5277329068631,0,I,127,5
61.4775398731337,72,25.488405986689,35.9891338864446,1,C,128,5
394.470018935109,72,25.5251673096791,46.4748326903209,0,I,129,5
75.5700225889063,45.8168842045354,25.6618342967704,20.155049907765,0,C,130,5
32.3884156300475,72,26.2045340007171,6.18388162933044,1,I,131,5
203.600290866012,72,26.2299205502495,45.7700794497505,0,C,132,5
140.472199606781,72,26.2574918987229,45.7425081012771,0,I,133,5
72.9903576098695,72,26.6099390666932,45.3900609333068,0,C,134,5
194.193622945745,70.2651231174791,26.7229876946658,43.5421354228133,0,I,135,5
48.3278555504992,72,26.9280076632276,21.3998478872716,1,C,136,5
156.27659116771,72,26.935252812691,45.064747187309,0,I,137,5
37.9645596818066,72,26.9721319992095,10.9924276825971,1,C,138,5
60.8294643225312,72,26.9869376113638,33.8425267111674,1,I,139,5
167.360988890802,72,27.1661857422441,44.8338142577559,0,C,140,5
92.0608930583218,72,27.1962955500931,44.8037044499069,0,I,141,5
50.0070193504063,72,27.251094407402,22.7559249430043,1,C,142,5
73.9771418481464,72,27.4316344549879,44.5683655450121,0,I,143,5
81.0698514257829,72,27.4863450229168,44.5136549770832,0,C,144,5
136.566976596791,72,27.8557436401024,44.1442563598976,0,I,145,5
30.89889930033,72,27.8688402101398,3.03005909019024,1,C,146,5
31.2655080113116,72,27.9965111101046,3.26899690120694,1,I,147,5
54.9494144262254,72,28.0734982341528,26.8759161920726,1,C,148,5
238.096033173611,72,28.3676390536129,43.6323609463871,0,I,149,5
78.9428595827488,72,28.3751813136041,43.6248186863959,0,C,150,5
29.276129901607,72,28.7316112965345,0.544518605072459,1,I,151,5
77.9918491113418,72,29.3570946995169,42.6429053004831,0,C,152,5
51.3535329165357,72,29.8637532396242,21.4897796769115,1,I,153,5
51.8324127463756,64.0547813942522,29.9244635738432,21.9079491725323,1,C,154,5
57.8844158192241,72,30.096535035409,27.787880783815,1,I,155,5
164.335418365804,72,30.1055004168302,41.8944995831698,0,C,156,5
164.52754046755,72,30.1578027941287,41.8421972058713,0,I,157,5
35.8008274262605,72,30.2121631382033,5.58866428805716,1,C,158,5
230.81186948331,72,30.3745258972049,41.6254741027951,0,I,159,5
83.1851929905057,72,30.3837006306276,41.6162993693724,0,C,160,5
51.2180795358907,72,30.401715086773,20.8163644491177,1,I,161,5
62.431498241102,72,30.4707477847114,31.9607504563906,1,C,162,5
75.8619443434054,72,30.5613337503746,41.4386662496254,0,I,163,5
48.0778926967112,72,30.8287964947522,17.249096201959,1,C,164,5
157.623514136553,72,30.9262084309012,41.0737915690988,0,I,165,5
67.0754416560562,72,31.0600640438497,36.0153776122065,1,C,166,5
119.022982919525,72,31.0950921708718,40.9049078291282,0,I,167,5
67.8412214815997,72,31.2054489506409,36.6357725309588,1,C,168,5
53.3120785522988,72,31.2097214721143,22.1023570801845,1,I,169,5
172.461312739657,72,31.2152543384582,40.7847456615418,0,C,170,5
211.88046252628,72,31.3632543152198,40.6367456847802,0,I,171,5
37.2355478050816,72,31.3840113440529,5.85153646102879,1,C,172,5
366.391450306668,72,31.5916797704995,40.4083202295005,0,I,173,5
47.5974972170063,72,31.7139514954761,15.8835457215302,1,C,174,5
183.24421742951,72,31.7364463303238,40.2635536696762,0,I,175,5
121.359397235969,72,32.1290037687868,39.8709962312132,0,C,176,5
111.093984346834,72,32.5198759976774,39.4801240023226,0,I,177,5
54.6138493522303,72,32.5779766961932,22.0358726560371,1,C,178,5
171.819004853895,72,32.5922441203147,39.4077558796853,0,I,179,5
70.5767056672964,72,32.9096284601837,37.6670772071127,1,C,180,5
116.125113943783,72,32.9968737624586,39.0031262375414,0,I,181,5
246.487232358495,72,33.1177612580359,38.8822387419641,0,C,182,5
62.3265033795957,72,33.2529306784272,29.0735727011685,1,I,183,5
92.1541784817219,72,33.3549621608108,38.6450378391892,0,C,184,5
35.9471194534113,72,33.7435626424849,2.20355681092639,1,I,185,5
45.966432542805,72,33.7605270277709,12.2059055150341,1,C,186,5
361.871933713693,72,33.8138516200706,38.1861483799294,0,I,187,5
35.4461973916535,72,33.9580053370446,1.48819205460891,1,C,188,5
49.4365415564564,72,34.0084697585553,15.4280717979011,1,I,189,5
44.3641862580724,72,34.1390994004905,10.2250868575818,1,C,190,5
98.5108818004875,72,34.1622911766171,37.8377088233829,0,I,191,5
60.4194552923731,72,34.2910152627155,26.1284400296576,1,C,192,5
166.256468228821,72,34.5820148661733,37.4179851338267,0,I,193,5
53.1473652862212,72,34.5991388848051,18.5482264014161,1,C,194,5
109.881444550133,72,35.2341765956953,36.7658234043047,0,I,195,5
35.5498337638538,72,35.2346661128104,0.315167651043384,1,C,196,5
78.1770523213104,72,35.2861740114167,36.7138259885833,0,I,197,5
70.8191405942115,72,35.3434893395752,35.4756512546363,1,C,198,5
217.534650612295,72,35.5982095655054,36.4017904344946,0,I,199,5
42.7680858493012,72,35.6577919609845,7.11029388831674,1,C,200,5
246.489703078237,72,35.8056019200012,36.1943980799988,0,I,201,5
111.928358459283,72,35.8894860651344,36.1105139348656,0,C,202,5
101.726411122555,72,36.3529951544479,35.6470048455522,0,I,203,5
139.487440228299,72,36.4760326361284,35.5239673638716,0,C,204,5
112.196281076233,72,36.5555757656693,35.4444242343307,0,I,205,5
55.9470186485617,72,36.73145997338,19.2155586751817,1,C,206,5
145.258264206976,72,36.7382709123194,35.2617290876806,0,I,207,5
120.610468624084,72,36.8238096311688,35.1761903688312,0,C,208,5
48.7785276122255,72,36.8392557324842,11.9392718797413,1,I,209,5
77.2519510911571,72,36.9682775018737,35.0317224981263,0,C,210,5
151.784154918269,72,37.0029162615538,34.9970837384462,0,I,211,5
144.648181821414,72,37.0189318573102,34.9810681426898,0,C,212,5
41.4740473698615,72,37.1496309293434,4.32441644051814,1,I,213,5
90.2718550311996,72,37.2290438739583,34.7709561260417,0,C,214,5
43.7645435874824,72,37.3934612888843,6.37108229859809,1,I,215,5
39.8230279306571,72,37.525300369598,2.29772756105913,1,C,216,5
44.4655996847729,72,37.6663529220969,6.79924676267605,1,I,217,5
83.1438127007262,72,38.1022104620934,33.8977895379067,0,C,218,5
284.482794403078,72,38.2521834690124,33.7478165309876,0,I,219,5
96.4939860949304,72,38.2549876905978,33.7450123094022,0,C,220,5
354.653175765027,72,38.5816667648032,33.4183332351968,0,I,221,5
201.896323710756,72,38.6028501810506,33.3971498189494,0,C,222,5
81.63496836746,72,38.6468463717029,33.3531536282972,0,I,223,5
356.208097187851,72,38.6485275719315,33.3514724280685,0,C,224,5
46.1779377023024,72,39.1671755723655,7.01076212993685,1,I,225,5
96.2650072273155,72,39.1876142006367,32.8123857993633,0,C,226,5
154.496826442552,72,39.5052377320826,32.4947622679174,0,I,227,5
53.8234572841047,72,39.6767370169982,14.1467202671065,1,C,228,5
75.0543654924206,72,39.7363401576877,32.2636598423123,0,I,229,5
142.508090541654,72,39.8057371331379,32.1942628668621,0,C,230,5
43.7325698083985,72,40.13340159785,3.59916821054852,1,I,231,5
43.2280600581218,72,40.2824647771195,2.94559528100236,1,C,232,5
182.025808708526,72,40.3703091759235,31.6296908240765,0,I,233,5
200.586209789816,72,40.4610766097903,31.5389233902097,0,C,234,5
69.367256149216,72,40.575366569683,28.7918895795331,1,I,235,5
60.2295671191665,72,40.6187386298552,19.6108284893113,1,C,236,5
49.8122360166247,72,40.6983439950272,9.1138920215975,1,I,237,5
106.551482902078,72,40.7843474904075,31.2156525095925,0,C,238,5
147.747122335404,72,40.8225768478587,31.1774231521413,0,I,239,5
95.0880661127,72,40.9942501410842,31.0057498589158,0,C,240,5
97.128021571999,72,41.146086207591,30.853913792409,0,I,241,5
148.206878357593,72,41.5524240676314,30.4475759323686,0,C,242,5
275.262599331274,72,41.6269632568583,30.3730367431417,0,I,243,5
70.0819854967382,72,41.8232423113659,28.2587431853723,1,C,244,5
236.094393675415,72,41.8409898877144,30.1590101122856,0,I,245,5
123.922372927047,72,41.9034112337977,30.0965887662023,0,C,246,5
66.2821940231621,72,41.9513314962387,24.3308625269234,1,I,247,5
84.7852902525503,72,42.0758293010294,29.9241706989706,0,C,248,5
282.402127646541,55.8784548434375,42.6293965475634,13.2490582958741,0,I,249,5
65.4650025437126,72,42.6363410521299,22.8286614915827,1,C,250,5
54.1875854872555,72,42.7012554975227,11.4863299897328,1,I,251,5
274.168250050597,72,42.9401402408257,29.0598597591743,0,C,252,5
57.1232751650389,72,43.0101480474696,14.1131271175693,1,I,253,5
126.852046810551,72,43.0465967115015,28.9534032884985,0,C,254,5
73.650211479724,72,43.3170620212331,28.6829379787669,0,I,255,5
92.0190795216979,72,43.5759408026934,28.4240591973066,0,C,256,5
249.008416735109,72,43.5763765359297,28.4236234640703,0,I,257,5
62.3136797742911,72,43.7251535849646,18.5885261893265,1,C,258,5
79.3232428073566,72,44.1161884786561,27.8838115213439,0,I,259,5
61.9796483059785,72,44.2523594386876,17.727288867291,1,C,260,5
69.0068589773085,72,44.3627912225202,24.6440677547883,1,I,261,5
69.2119557188701,72,44.8128371033818,24.3991186154883,1,C,262,5
54.9927010681521,72,45.0155528727919,9.9771481953602,1,I,263,5
622.435268903257,72,45.0947971874848,26.9052028125152,0,C,264,5
73.8988137607144,72,45.207371301949,26.792628698051,0,I,265,5
75.3640490315889,72,45.4431666294113,26.5568333705887,0,C,266,5
58.3340018390246,72,45.4498409014195,12.8841609376051,1,I,267,5
122.831950630107,72,45.8760597277433,26.1239402722567,0,C,268,5
66.857705722707,72,45.9506791876629,20.9070265350441,1,I,269,5
273.89563577215,72,45.9692444046959,26.0307555953041,0,C,270,5
68.1696170093366,72,45.9763715788722,22.1932454304644,1,I,271,5
47.3512283594087,72,46.0853177960962,1.26591056331247,1,C,272,5
56.166170659468,72,46.2394101871178,9.92676047235021,1,I,273,5
69.3591328781815,72,46.2593583762646,23.099774501917,1,C,274,5
312.026813149367,72,46.3328751828522,25.6671248171479,0,I,275,5
50.554904439689,72,46.3397866208106,4.21511781887832,1,C,276,5
149.410921953304,72,46.678717341274,25.321282658726,0,I,277,5
69.2695825390043,72,46.6789546469227,22.5906278920817,1,C,278,5
82.1999229611768,72,46.7578068282455,25.2421931717545,0,I,279,5
174.380459832913,72,46.8050719890744,25.1949280109257,0,C,280,5
361.718220924328,72,46.9990038592368,25.0009961407632,0,I,281,5
113.034607399062,72,47.1187790343538,24.8812209656462,0,C,282,5
109.202516307418,72,47.2412433894351,24.7587566105649,0,I,283,5
207.219978935372,72,47.3657211894169,24.6342788105831,0,C,284,5
106.690210693602,72,47.7772762952372,24.2227237047628,0,I,285,5
92.2989688848222,72,48.1036673393101,23.89633266069,0,C,286,5
118.341887125233,72,48.1537145795301,23.8462854204699,0,I,287,5
73.3045941205244,72,48.4004835784435,23.5995164215565,0,C,288,5
102.842650876877,71.6088016284726,48.4010217245668,23.2077799039058,0,I,289,5
139.417453499822,72,48.4040147205815,23.5959852794185,0,C,290,5
78.1007596002673,72,48.4829331608489,23.5170668391511,0,I,291,5
70.8724418734527,72,48.5906275967136,22.2818142767391,1,C,292,5
103.633749750932,72,48.8134657451883,23.1865342548117,0,I,293,5
74.2541203760672,72,49.5218594837934,22.4781405162066,0,C,294,5
234.395594843168,72,49.9407160514966,22.0592839485034,0,I,295,5
53.4436957380446,72,50.1382357953116,3.30545994273292,1,C,296,5
86.2491493499086,72,50.3058334439993,21.6941665560007,0,I,297,5
114.978712694294,54.3142944956685,50.3640131559223,3.95028133974625,0,C,298,5
665.253838960933,72,50.672082756646,21.327917243354,0,I,299,5
53.1124710854182,72,50.9932453930378,2.1192256923804,1,C,300,5
120.448606288448,72,51.017616391182,20.9823836088181,0,I,301,5
214.970234294254,72,51.0524308355525,20.9475691644475,0,C,302,5
108.586945161543,72,51.0637600533664,20.9362399466336,0,I,303,5
99.5950405899684,72,51.176472203806,20.823527796194,0,C,304,5
60.9768664009164,72,51.2029991811141,9.77386721980228,1,I,305,5
61.614270295322,72,51.5181008493528,10.0961694459692,1,C,306,5
58.518893389543,72,51.6644371161237,6.85445627341921,1,I,307,5
255.790454351517,72,51.7039779061452,20.2960220938548,0,C,308,5
296.618517297178,72,51.7512764269486,20.2487235730514,0,I,309,5
72.742918064005,72,51.8068224750459,20.1931775249541,0,C,310,5
95.0824177952544,72,51.9304883200675,20.0695116799325,0,I,311,5
81.080131322731,72,52.0773265091702,19.9226734908298,0,C,312,5
177.851516756107,72,52.1356286387891,19.8643713612109,0,I,313,5
87.7039721092163,72,52.2954210871831,19.7045789128169,0,C,314,5
75.1121066764292,72,52.4104008637369,19.5895991362631,0,I,315,5
63.8570307587115,72,52.9416384827346,10.9153922759769,1,C,316,5
354.141746133628,72,52.9755768366158,19.0244231633842,0,I,317,5
94.4280257494835,72,53.0229060351849,18.9770939648151,0,C,318,5
82.1919365430577,72,53.1404578126967,18.8595421873033,0,I,319,5
143.489936172938,72,53.2411211449653,18.7588788550347,0,C,320,5
135.397247674312,72,53.3153348928317,18.6846651071683,0,I,321,5
273.721541614789,72,53.3225330756977,18.6774669243023,0,C,322,5
60.9684048807312,72,53.3895470201969,7.57885786053426,1,I,323,5
87.6937852952257,72,53.5488658910617,18.4511341089383,0,C,324,5
235.926193506578,72,53.5491237184033,18.4508762815967,0,I,325,5
209.24381220168,72,53.6900972994044,18.3099027005956,0,C,326,5
149.551914838337,72,53.7309850752354,18.2690149247646,0,I,327,5
56.2458607075095,72,53.8400845695287,2.40577613798084,1,C,328,5
68.4827673426205,72,53.9691102644429,14.5136570781776,1,I,329,5
88.8998285170669,72,53.9835808239877,18.0164191760123,0,C,330,5
110.853581890788,72,54.0974617609754,17.9025382390246,0,I,331,5
185.725630696354,72,54.1033074539155,17.8966925460845,0,C,332,5
200.31110066672,72,54.2339129559696,17.7660870440304,0,I,333,5
153.911210020059,72,54.9212604342029,17.0787395657972,0,C,334,5
108.505376042664,72,55.109099233523,16.890900766477,0,I,335,5
89.2624119938148,72,55.3268880955875,16.6731119044125,0,C,336,5
87.5291546588594,72,55.3552194451913,16.6447805548087,0,I,337,5
160.204863492131,72,55.3762028552592,16.6237971447408,0,C,338,5
222.137069657343,72,55.5237317690626,16.4762682309374,0,I,339,5
100.311299238042,72,55.7068127626553,16.2931872373447,0,C,340,5
132.023805189093,72,55.7473803218454,16.2526196781546,0,I,341,5
89.1888120842929,72,55.9866524767131,16.0133475232869,0,C,342,5
76.2524804208243,72,56.0227514477447,15.9772485522553,0,I,343,5
147.349641672702,72,56.1418989859521,15.8581010140479,0,C,344,5
131.91869149142,72,56.3630744023249,15.6369255976751,0,I,345,5
106.354301913788,72,56.3958446541801,15.6041553458199,0,C,346,5
71.2430989164363,72,56.5415669186041,14.7015319978322,1,I,347,5
95.3988044425137,72,56.6765286494046,15.3234713505954,0,C,348,5
99.7436039010984,72,56.711152321659,15.288847678341,0,I,349,5
116.551493703702,72,56.765570207499,15.234429792501,0,C,350,5
173.643907398123,72,56.8021698435769,15.1978301564232,0,I,351,5
59.4931297129299,72,57.1229531010613,2.37017661186856,1,C,352,5
77.9101351219814,72,57.1875283308327,14.8124716691673,0,I,353,5
59.8545879208891,72,57.2018880257383,2.65269989515083,1,C,354,5
144.578222200863,72,57.2245573997498,14.7754426002502,0,I,355,5
118.304440302062,72,57.3700328869745,14.6299671130255,0,C,356,5
89.3249145263187,72,57.5978734670207,14.4021265329793,0,I,357,5
190.848095485949,72,57.6041993033141,14.3958006966859,0,C,358,5
283.149414872185,72,57.8418389009312,14.1581610990688,0,I,359,5
105.614690249916,72,57.9912122804672,14.0087877195328,0,C,360,5
193.994967752546,71.289003335613,58.2365143904463,13.0524889451668,0,I,361,5
151.629510530501,72,58.318457454443,13.681542545557,0,C,362,5
205.612385882667,72,58.3710583532229,13.6289416467771,0,I,363,5
209.511028389138,72,58.4174022870138,13.5825977129862,0,C,364,5
231.381125574476,72,58.6179353250191,13.3820646749809,0,I,365,5
108.142638839941,72,59.0194649202749,12.9805350797251,0,C,366,5
79.539438446004,72,59.0761372447014,12.9238627552986,0,I,367,5
108.309874233142,72,59.2721714777872,12.7278285222128,0,C,368,5
195.761634703277,72,59.2830308759585,12.7169691240415,0,I,369,5
73.7483888329098,72,59.653142709285,12.346857290715,0,C,370,5
65.5273378047404,72,59.6631903480738,5.8641474566666,1,I,371,5
66.9583197315387,72,59.7153206868097,7.24299904472901,1,C,372,5
119.69300522444,72,59.7269140603021,12.2730859396979,0,I,373,5
116.03331481165,72,59.8631462780759,12.1368537219241,0,C,374,5
23.7947014200376,72,0.0188602600246668,23.775841160013,1,C,1,6
36.5893947087471,72,0.360675221309066,36.228719487438,1,I,2,6
34.7020649012422,72,0.488198683597148,34.2138662176451,1,C,3,6
36.3676003677033,72,0.587805141694844,35.7797952260084,1,I,4,6
39.5636393289056,72,0.655407831072807,38.9082314978328,1,C,5,6
209.221202451279,72,0.809545707888901,71.1904542921111,0,I,6,6
18.5378737014225,72,1.13435116130859,17.4035225401139,1,C,7,6
143.343525314784,72,1.25082816928625,70.7491718307138,0,I,8,6
69.0032779852616,72,1.69594617560506,67.3073318096565,1,C,9,6
64.7819691786429,72,1.73826333135366,63.0437058472893,1,I,10,6
57.0843425548991,72,1.94604298565537,55.1382995692438,1,C,11,6
76.5903072070151,72,2.02043888624758,69.9795611137524,0,I,12,6
36.6576418813649,72,2.326550334692,34.3310915466729,1,C,13,6
198.576045519723,72,2.58369587827474,69.4163041217253,0,I,14,6
63.9374363312457,72,2.83852828200907,61.0989080492366,1,C,15,6
13.4341492384006,63.7647900322836,3.12821775209159,10.305931486309,1,I,16,6
18.5911415842742,72,3.49937151186168,15.0917700724125,1,C,17,6
89.8355378025571,72,3.65726485848427,68.3427351415157,0,I,18,6
8.11698574113301,72,3.83908860851079,4.27789713262222,1,C,19,6
77.7321174993257,72,3.92725618556142,68.0727438144386,0,I,20,6
41.2307872676717,72,3.93546593841165,37.29532132926,1,C,21,6
14.3105396527197,72,3.95147067960352,10.3590689731161,1,I,22,6
109.853534345728,72,4.02568444143981,67.9743155585602,0,C,23,6
19.0559929009249,72,4.02927981689572,15.0267130840291,1,I,24,6
61.5856074970781,72,4.12593673914671,57.4596707579314,1,C,25,6
115.894922983894,72,4.26793924067169,67.7320607593283,0,I,26,6
22.1860498287053,72,4.35693760402501,17.8291122246803,1,C,27,6
112.312964237037,72,4.37495106831193,67.6250489316881,0,I,28,6
41.99030895193,72,4.51614952180535,37.4741594301247,1,C,29,6
49.4642547633702,72,4.5788915315643,44.8853632318059,1,I,30,6
56.8900821736078,72,4.73048175685108,52.1596004167567,1,C,31,6
115.697231285894,72,4.73778863903135,67.2622113609687,0,I,32,6
128.98407821468,72,4.7767878184095,67.2232121815905,0,C,33,6
349.746442095013,72,4.94771549943835,67.0522845005617,0,I,34,6
173.047816534193,72,5.31349478289485,66.6865052171052,0,C,35,6
227.666542921997,7.61917246418769,5.32147788908333,2.29769457510437,0,I,36,6
109.595826114022,72,5.49854115117341,66.5014588488266,0,C,37,6
72.5845577454523,72,5.996815552935,66.003184447065,0,I,38,6
41.1976192111402,72,6.01490098983049,35.1827182213097,1,C,39,6
21.3422444496281,72,6.01943761110306,15.322806838525,1,I,40,6
31.8757633081038,72,6.15700668655336,25.7187566215504,1,C,41,6
113.939050075902,72,6.2428166018799,65.7571833981201,0,I,42,6
157.369613812686,72,6.26914420165122,65.7308557983488,0,C,43,6
267.703001222018,72,6.57292011659592,65.4270798834041,0,I,44,6
25.4359638742207,72,6.62192459218204,18.8140392820386,1,C,45,6
74.2408648762853,72,6.80291972123087,65.1970802787691,0,I,46,6
37.1269046970444,72,7.08813715260476,30.0387675444396,1,C,47,6
21.1864383592436,72,7.18808895908296,13.9983494001606,1,I,48,6
23.5370461731636,72,7.31648785527796,16.2205583178857,1,C,49,6
619.902994172826,72,7.43631504010409,64.5636849598959,0,I,50,6
13.1454179589054,72,7.61877307668328,5.52664488222212,1,C,51,6
13.6081964146613,72,7.78360501863062,5.82459139603069,1,I,52,6
19.6341404534492,72,8.01539564039558,11.6187448130536,1,C,53,6
94.702357721292,72,8.03244853857905,63.967551461421,0,I,54,6
16.2328715681656,72,8.20637593511492,8.02649563305065,1,C,55,6
34.9741510893528,72,8.2640821672976,26.7100689220552,1,I,56,6
11.8416746683563,72,8.44334442168474,3.39833024667159,1,C,57,6
258.808461818521,72,8.77872195560485,63.2212780443952,0,I,58,6
63.0300685170244,72,8.96054451819509,54.0695239988293,1,C,59,6
43.0549767299797,72,9.13333247881383,33.9216442511659,1,I,60,6
61.3835409513232,72,9.18571839574724,52.1978225555759,1,C,61,6
164.203121998344,72,9.26811602432281,62.7318839756772,0,I,62,6
17.3867851039665,72,9.51336034107953,7.87342476288693,1,C,63,6
190.698714010932,72,9.88068006467074,62.1193199353293,0,I,64,6
51.4434232128349,72,9.92989735677838,41.5135258560565,1,C,65,6
135.891122834679,72,9.982676259242,62.017323740758,0,I,66,6
33.7360259314948,72,10.1359461899847,23.6000797415101,1,C,67,6
36.0054178522686,72,10.3578959405422,25.6475219117263,1,I,68,6
55.7887477361756,72,10.374343469739,45.4144042664366,1,C,69,6
15.7197377864756,72,10.5810193531215,5.1387184333541,1,I,70,6
48.0175958442992,72,10.8769061230123,37.1406897212869,1,C,71,6
25.9166037501449,72,11.1435117200017,14.7730920301432,1,I,72,6
27.9816952389365,56.7635134339569,11.1711063282564,16.8105889106801,1,C,73,6
274.701545703684,72,11.7509701615199,60.2490298384801,0,I,74,6
63.5911119852328,72,11.7606011638418,51.8305108213911,1,C,75,6
40.9650190767868,72,12.0790423778817,28.8859766989051,1,I,76,6
139.783969101443,72,12.2498278878629,59.7501721121371,0,C,77,6
62.809416143081,72,12.5697520980611,50.2396640450199,1,I,78,6
73.8790194427573,72,12.7361665153876,59.2638334846124,0,C,79,6
45.5870115743717,19.2082120099936,12.8267871262506,6.38142488374308,0,I,80,6
135.997328411904,72,12.870381125249,59.129618874751,0,C,81,6
211.021334380725,72,13.6740795336664,58.3259204663336,0,I,82,6
197.887147848154,53.1702447960532,13.7340277992189,39.4362169968343,0,C,83,6
43.2323567701364,72,13.7496602442116,29.4826965259248,1,I,84,6
54.4835169876023,72,14.1277037188411,40.3558132687612,1,C,85,6
84.1427685571337,72,14.1391600202769,57.8608399797231,0,I,86,6
45.1717220374411,72,14.2103809956461,30.9613410417949,1,C,87,6
211.226738539543,72,14.2416279902682,57.7583720097318,0,I,88,6
34.6718143245573,72,14.2765597114339,20.3952546131234,1,C,89,6
303.597002571525,72,14.7424733592197,57.2575266407803,0,I,90,6
151.24225466102,72,14.8798060230911,57.1201939769089,0,C,91,6
21.7070553178611,72,15.0996373733506,6.60741794451056,1,I,92,6
40.2753526933218,72,15.1967115327716,25.0786411605502,1,C,93,6
36.4099484127769,72,15.5934044066817,20.8165440060953,1,I,94,6
108.721989125467,72,15.9719083970413,56.0280916029587,0,C,95,6
34.7776208969004,72,16.051282742992,18.7263381539084,1,I,96,6
32.6881881015968,72,16.110132210888,16.5780558907089,1,C,97,6
66.7991384427003,72,16.1779165221378,50.6212219205625,1,I,98,6
86.6689996591418,72,16.4539972599596,55.5460027400404,0,C,99,6
204.599520263547,72,16.5083802910522,55.4916197089478,0,I,100,6
23.8250742076753,72,16.6043057106435,7.22076849703181,1,C,101,6
52.5921111162624,72,16.609501359053,35.9826097572094,1,I,102,6
88.3754567868584,72,16.653054705821,55.346945294179,0,C,103,6
99.8863938442376,72,17.4776930082589,54.5223069917411,0,I,104,6
131.560728143473,72,17.5325790653005,54.4674209346995,0,C,105,6
124.562108777554,72,17.5608144002035,54.4391855997965,0,I,106,6
64.4217184389448,72,18.1816444639117,46.2400739750332,1,C,107,6
165.984481796001,72,18.2711752178147,53.7288247821853,0,I,108,6
87.8912185237633,72,18.5412142938003,53.4587857061997,0,C,109,6
105.707983830817,72,18.7401781417429,53.2598218582571,0,I,110,6
51.3763186010277,72,18.8589465804398,32.5173720205878,1,C,111,6
82.7830222944782,66.2674409931464,18.8644827716053,47.4029582215412,0,I,112,6
23.1003164838243,72,18.9558077137917,4.14450877003257,1,C,113,6
27.7944354505402,72,18.9759496087208,8.81848584181935,1,I,114,6
145.46244338634,72,19.1045139776543,52.8954860223457,0,C,115,6
25.7837259264579,72,19.1438966291025,6.63982929735533,1,I,116,6
67.0790705990876,72,19.1515518492088,47.9275187498788,1,C,117,6
19.1932166242411,72,19.175710324198,0.0175063000431172,1,I,118,6
19.7209519643852,72,19.2397563764825,0.481195587902641,1,C,119,6
47.6978540713365,72,19.3045571353287,28.3932969360079,1,I,120,6
42.1909065290577,72,19.5424767583609,22.6484297706968,1,C,121,6
46.8590259718965,72,19.5741829974577,27.2848429744388,1,I,122,6
21.6552112403105,72,19.641717444174,2.01349379613646,1,C,123,6
135.351514222753,72,19.9633606011048,52.0366393988952,0,I,124,6
81.3803115460573,32.539053417008,20.1417113374919,12.3973420795161,0,C,125,6
116.689296577802,72,20.4447393491864,51.5552606508136,0,I,126,6
189.415080549196,72,20.6065111001953,51.3934888998047,0,C,127,6
140.489115850454,72,20.6150479288772,51.3849520711228,0,I,128,6
32.7532984900419,72,20.7163674384356,12.0369310516064,1,C,129,6
164.629059374107,72,20.815669214353,51.184330785647,0,I,130,6
109.632809886015,72,20.9094316000119,51.0905683999881,0,C,131,6
168.098432308296,72,20.9106496302411,51.0893503697589,0,I,132,6
137.015526832079,72,21.0401630261913,50.9598369738087,0,C,133,6
32.5675545361613,72,21.2183006247506,11.3492539114107,1,I,134,6
105.30067704894,72,21.4837503153831,50.5162496846169,0,C,135,6
44.7308186017894,72,21.5854727709666,23.1453458308228,1,I,136,6
38.1187011442709,72,21.5994017897174,16.5192993545536,1,C,137,6
54.0335035972874,72,21.7486387537792,32.2848648435082,1,I,138,6
57.9798389684564,72,21.9224047847092,36.0574341837472,1,C,139,6
132.863267874904,72,22.1848921570927,49.8151078429073,0,I,140,6
36.0493920692469,72,22.3307467298582,13.7186453393887,1,C,141,6
169.600713888764,72,22.3725284216926,49.6274715783075,0,I,142,6
49.0812118412974,72,22.3937007598579,26.6875110814395,1,C,143,6
134.767724163704,72,22.4073264934123,49.5926735065878,0,I,144,6
86.9016217784374,72,22.4539185874164,49.5460814125836,0,C,145,6
94.2695970109918,72,22.7156652230769,49.2843347769231,0,I,146,6
121.405168619306,72,22.7468270435929,49.2531729564071,0,C,147,6
42.3853116725545,72,22.7541614603251,19.6311502122294,1,I,148,6
109.767055021422,72,23.0733513040468,48.9266486959532,0,C,149,6
23.5480330967363,72,23.0978858890012,0.45014720773514,1,I,150,6
65.4533179430284,72,23.5192100331187,41.9341079099097,1,C,151,6
58.7848866091377,72,23.5326625267044,35.2522240824333,1,I,152,6
180.878122009323,72,23.5360939521343,48.4639060478658,0,C,153,6
44.5348280238262,72,23.7247661082074,20.8100619156187,1,I,154,6
64.7998776745489,72,23.745070360601,41.054807313948,1,C,155,6
94.954522055476,72,24.1258450085297,47.8741549914703,0,I,156,6
62.3984893380709,72,24.4223477644846,37.9761415735863,1,C,157,6
57.8238629506736,72,24.6389724919572,33.1848904587164,1,I,158,6
25.2330091628082,72,24.8288591019809,0.404150060827296,1,C,159,6
52.6344469709311,72,25.0785084581003,27.5559385128308,1,I,160,6
40.682186672247,72,25.1323366910219,15.5498499812251,1,C,161,6
51.0894754341372,72,25.2904866496101,25.7989887845271,1,I,162,6
67.5526815272795,72,25.8260901505128,41.7265913767668,1,C,163,6
27.3091063481383,72,25.8295976137742,1.47950873436409,1,I,164,6
83.1425327972835,72,26.2154735857621,45.7845264142379,0,C,165,6
52.5850489079393,72,26.3297026511282,26.2553462568112,1,I,166,6
48.3106882609936,72,26.5942318271846,21.716456433809,1,C,167,6
220.040263414222,72,26.853888630867,45.146111369133,0,I,168,6
37.213479464404,72,26.8960604863241,10.3174189780799,1,C,169,6
362.176723702229,72,27.424376453273,44.575623546727,0,I,170,6
44.1766035578531,72,27.7350419573486,16.4415616005045,1,C,171,6
264.730866503446,72,27.8871724102646,44.1128275897354,0,I,172,6
76.4786569986938,72,27.8890152135864,44.1109847864136,0,C,173,6
80.481515091373,72,27.9256932204589,44.0743067795411,0,I,174,6
136.267775493612,72,28.0197236593813,43.9802763406187,0,C,175,6
71.7815905911082,72,28.0388050200418,43.7427855710664,1,I,176,6
28.1303197197335,72,28.0443303426728,0.085989377060741,1,C,177,6
75.5525636918095,72,28.2479452947155,43.7520547052845,0,I,178,6
93.9411851595085,72,28.3014041371644,43.6985958628356,0,C,179,6
220.686422287575,72,28.5055069159716,43.4944930840284,0,I,180,6
43.033302424999,72,28.7605493562296,14.2727530687694,1,C,181,6
63.5301910997969,72,28.9496888313442,34.5805022684527,1,I,182,6
141.714247788221,72,29.0303888032213,42.9696111967787,0,C,183,6
277.344602044109,72,29.0687374491245,42.9312625508755,0,I,184,6
119.726927815891,72,29.1059271013364,42.8940728986636,0,C,185,6
45.3235362032278,72,29.2542081233114,16.0693280799164,1,I,186,6
32.7768579474713,72,29.2699900595471,3.50686788792413,1,C,187,6
50.0806073130913,72,29.5813724957407,20.4992348173506,1,I,188,6
33.9841641026578,72,29.7343457071111,4.24981839554673,1,C,189,6
33.2871679811576,72,29.7792105283588,3.50795745279883,1,I,190,6
66.5432827705987,72,29.9160300381482,36.6272527324505,1,C,191,6
225.64108339179,62.8123094512338,29.9502369901165,32.8620724611173,0,I,192,6
57.5874097065325,72,30.1282204175368,27.4591892889957,1,C,193,6
114.008190400132,72,30.332163842395,41.6678361576051,0,I,194,6
62.4651018252156,72,30.4708546539769,31.9942471712387,1,C,195,6
31.4870078179225,72,30.5737958382815,0.913211979641023,1,I,196,6
125.384493092656,72,31.0455819312483,40.9544180687517,0,C,197,6
152.046685168263,72,31.1924643209204,40.8075356790796,0,I,198,6
76.6811732532099,72,31.2621193611994,40.7378806388006,0,C,199,6
43.6771170092622,72,31.3109391136095,12.3661778956527,1,I,200,6
72.3443954882374,72,31.4200921542943,40.5799078457058,0,C,201,6
187.328664417928,72,31.4336719410494,40.5663280589506,0,I,202,6
64.0596013708643,72,31.5409642551094,32.5186371157549,1,C,203,6
37.5583976700758,72,31.6162626771256,5.94213499295013,1,I,204,6
45.8706592569211,72,31.7281740205362,14.1424852363848,1,C,205,6
103.975494667702,72,31.7893870314583,40.2106129685417,0,I,206,6
33.7542244542794,72,32.2198876412585,1.53433681302081,1,C,207,6
45.0218603751479,72,32.2869820380583,12.7348783370896,1,I,208,6
59.7341228737439,72,32.3859274154529,27.348195458291,1,C,209,6
378.219757941573,72,32.4217080418021,39.578291958198,0,I,210,6
32.5333711352355,72,32.5028985226527,0.0304726125828332,1,C,211,6
43.0974612789988,72,33.1426598411053,9.9548014378935,1,I,212,6
69.8822375654316,72,33.4278689604253,36.4543686050063,1,C,213,6
103.298672237187,72,33.6773446993902,38.3226553006098,0,I,214,6
179.917454505249,72,33.6865973286331,38.3134026713669,0,C,215,6
142.976616762855,72,33.7111314246431,38.2888685753569,0,I,216,6
38.5301933710594,72,33.7803503824398,4.74984298861959,1,C,217,6
174.719235854428,72,33.8105355156586,38.1894644843414,0,I,218,6
76.1885661405433,72,34.0519471652806,37.9480528347194,0,C,219,6
107.55113171143,72,34.075539750047,37.924460249953,0,I,220,6
111.275758999108,72,34.1178889945149,37.8821110054851,0,C,221,6
145.944714458051,72,34.2909107822925,37.7090892177075,0,I,222,6
49.0347256475805,72,34.4146199757233,14.6201056718572,1,C,223,6
47.4149767113606,72,34.4351214542985,12.9798552570621,1,I,224,6
57.7375423547042,72,34.7332871519029,23.0042552028013,1,C,225,6
292.557697940226,61.9595078688176,35.1173478551209,26.8421600136967,0,I,226,6
35.377871229112,72,35.3562429361045,0.0216282930074824,1,C,227,6
130.578735439009,72,35.3673386480659,36.6326613519341,0,I,228,6
43.9441942202293,72,36.4212755486369,7.52291867159235,1,C,229,6
90.5325226917618,72,36.4929323131219,35.5070676868781,0,I,230,6
110.04779560569,72,36.710469215177,35.289530784823,0,C,231,6
120.061288135424,72,36.8584275897592,35.1415724102408,0,I,232,6
97.8732722101362,72,36.9025488803163,35.0974511196837,0,C,233,6
294.461790345435,72,37.3768834630027,34.6231165369973,0,I,234,6
81.3078703416844,72,37.5433400971815,34.4566599028185,0,C,235,6
240.900369394025,63.866778078981,37.8374846465886,26.0292934323924,0,I,236,6
135.359439638165,72,37.9434829764068,34.0565170235932,0,C,237,6
145.778282370994,72,37.9680201597512,34.0319798402488,0,I,238,6
118.64499244521,72,38.2326992880553,33.7673007119447,0,C,239,6
193.192361316983,72,38.4423135593534,33.5576864406467,0,I,240,6
53.969846537536,72,38.4503786824644,15.5194678550717,1,C,241,6
295.792705233067,72,38.6179715814069,33.3820284185931,0,I,242,6
54.0632784639103,72,38.7927320133895,15.2705464505209,1,C,243,6
59.0202485890004,72,38.918879404664,20.1013691843364,1,I,244,6
63.3644228823226,72,38.9385054493323,24.4259174329903,1,C,245,6
89.3627550519354,72,39.0190314827487,32.9809685172513,0,I,246,6
146.928001992703,72,39.1761738527566,32.8238261472434,0,C,247,6
201.125235587089,72,39.3501527002081,32.6498472997919,0,I,248,6
123.362318744118,52.5462371806046,39.393485407345,13.1527517732596,0,C,249,6
217.168450578464,72,39.4206362357363,32.5793637642637,0,I,250,6
342.200142293529,72,39.5445858221501,32.4554141778499,0,C,251,6
112.288986506289,72,39.6590696135536,32.3409303864464,0,I,252,6
45.0194705614353,72,40.287358649075,4.73211191236031,1,C,253,6
342.786664595325,72,40.9609720576555,31.0390279423446,0,I,254,6
77.1892772385548,72,40.9967317152768,31.0032682847232,0,C,255,6
64.9839695066139,72,41.2807009695098,23.7032685371041,1,I,256,6
69.471051574794,72,41.4049602812156,28.0660912935784,1,C,257,6
60.2380138549949,72,41.4782747626305,18.7597390923644,1,I,258,6
55.626893409169,72,41.5129328984767,14.1139605106922,1,C,259,6
156.972010862338,72,41.5709079382941,30.4290920617059,0,I,260,6
65.4220867029944,72,41.9261740660295,23.4959126369649,1,C,261,6
53.7674143450875,72,42.1216424787417,11.6457718663458,1,I,262,6
84.8011208986836,72,42.2316124616191,29.7683875383809,0,C,263,6
113.232720526057,72,42.2923996858299,29.7076003141701,0,I,264,6
67.4641783976383,72,42.452357984148,25.0118204134903,1,C,265,6
135.398277803363,72,42.7599233016372,29.2400766983628,0,I,266,6
133.36109046043,72,42.842051256448,29.157948743552,0,C,267,6
55.6410510062175,72,43.0205917311832,12.6204592750343,1,I,268,6
113.45448681232,72,43.0791621375829,28.9208378624171,0,C,269,6
160.513890170468,72,43.3716922067106,28.6283077932894,0,I,270,6
46.114028535703,72,43.4344044467434,2.67962408895961,1,C,271,6
109.122507330556,72,43.4804281778634,28.5195718221366,0,I,272,6
49.2233214367031,72,43.4807606739923,5.74256076271071,1,C,273,6
47.4082102364778,72,43.6087801214308,3.79943011504699,1,I,274,6
81.9793570165115,72,43.7539456039667,28.2460543960333,0,C,275,6
81.8902414628289,72,43.7648346740752,28.2351653259248,0,I,276,6
111.343802917919,72,43.9365879865363,28.0634120134637,0,C,277,6
135.465954932398,72,44.30252938997,27.69747061003,0,I,278,6
73.6641660930292,72,44.4126090081409,27.5873909918591,0,C,279,6
54.3205269580154,51.2853794404586,44.4433091813698,6.84207025908879,0,I,280,6
68.5371976997101,72,44.6314938878641,23.905703811846,1,C,281,6
109.898381543513,69.199540693712,44.7363873291761,24.4631533645359,0,I,282,6
52.8390699402139,72,44.7960420744494,8.04302786576454,1,C,283,6
120.619746639234,72,45.2544700540602,26.7455299459398,0,I,284,6
190.389412137834,72,45.4654132761061,26.5345867238939,0,C,285,6
78.3589653826527,72,45.8732274547219,26.1267725452781,0,I,286,6
110.127492981173,72,45.9042725572363,26.0957274427638,0,C,287,6
470.145477576129,72,46.0440736217424,25.9559263782576,0,I,288,6
120.41983268267,72,46.8188056536019,25.1811943463981,0,C,289,6
282.531755553041,72,46.8688208051026,25.1311791948974,0,I,290,6
93.0691807298634,72,47.0584964565933,24.9415035434067,0,C,291,6
335.01895264807,72,47.1415102109313,24.8584897890687,0,I,292,6
75.3729686728629,72,47.5670115184039,24.4329884815961,0,C,293,6
301.810668230559,72,47.6302632177249,24.3697367822751,0,I,294,6
223.379554376445,72,47.6499525038526,24.3500474961475,0,C,295,6
348.647707334745,72,47.7944710850716,24.2055289149284,0,I,296,6
110.30985648922,55.0266801265618,47.8946574870497,7.13202263951212,0,C,297,6
117.276708776934,72,48.8417475577444,23.1582524422556,0,I,298,6
75.6541867668879,72,48.8508203113452,23.1491796886548,0,C,299,6
144.181771874615,72,48.8840706227347,23.1159293772653,0,I,300,6
147.082587554992,72,48.9289189316332,23.0710810683668,0,C,301,6
260.477075196788,72,49.1369782481343,22.8630217518657,0,I,302,6
72.4410699085463,72,49.2075083451346,22.7924916548654,0,C,303,6
90.6261219884213,72,49.2164043802768,22.7835956197232,0,I,304,6
85.3914103431898,72,49.4602252822369,22.5397747177631,0,C,305,6
74.2834904579641,72,49.5500649372116,22.4499350627884,0,I,306,6
70.7624424799675,72,49.5819081785157,21.1805343014517,1,C,307,6
214.891308212078,72,49.5877470541745,22.4122529458255,0,I,308,6
56.7979342764709,72,49.6957392990589,7.10219497741194,1,C,309,6
333.5134355332,72,49.920868864283,22.079131135717,0,I,310,6
81.4433608505307,72,50.240618227981,21.759381772019,0,C,311,6
151.249394709768,72,50.5738440714777,21.4261559285224,0,I,312,6
54.899465203991,72,51.058404436335,3.841060767656,1,C,313,6
715.719453792806,72,51.3504650909454,20.6495349090546,0,I,314,6
122.386047069864,72,52.0694539183751,19.9305460816249,0,C,315,6
91.739208457068,72,52.2181263193488,19.7818736806512,0,I,316,6
67.0177320782432,72,52.8285475261509,14.1891845520922,1,C,317,6
92.6343365154595,72,52.8906009206548,19.1093990793452,0,I,318,6
73.4635273469569,72,52.943198424764,19.056801575236,0,C,319,6
140.041252962831,72,53.4870420210064,18.5129579789937,0,I,320,6
78.2399200478844,72,53.6773988977075,18.3226011022925,0,C,321,6
362.439679961853,72,53.7086823536083,18.2913176463917,0,I,322,6
94.6191919891653,72,53.7435051519424,18.2564948480576,0,C,323,6
484.79161524583,72,53.7594285886735,18.2405714113265,0,I,324,6
87.4062875768532,72,54.1732020210475,17.8267979789525,0,C,325,6
76.5669397984843,72,54.2797225434333,17.7202774565667,0,I,326,6
62.6816380909265,72,54.3093038862571,8.37233420466942,1,C,327,6
253.448163831821,72,54.3831276800484,17.6168723199517,0,I,328,6
238.776113985596,72,54.4991224631667,17.5008775368333,0,C,329,6
289.383442805591,72,54.5067446585745,17.4932553414255,0,I,330,6
76.6111430269517,72,54.5967301446945,17.4032698553056,0,C,331,6
341.478434453857,72,54.6375885140151,17.3624114859849,0,I,332,6
59.2855345987618,72,54.6398071898148,4.64572740894704,1,C,333,6
344.45076161715,72,54.6461586467922,17.3538413532078,0,I,334,6
137.978329761763,72,54.9081379920244,17.0918620079756,0,C,335,6
707.48212882845,72,55.041318484582,16.958681515418,0,I,336,6
94.4617356683906,72,55.2948755817488,16.7051244182512,0,C,337,6
95.5856735092686,72,55.3752785269171,16.6247214730829,0,I,338,6
133.184703047212,72,55.6828471412882,16.3171528587118,0,C,339,6
147.870478120405,72,55.8189083542675,16.1810916457325,0,I,340,6
399.863588820471,59.426701887953,55.9765830589458,3.45011882900717,0,C,341,6
268.894068455092,72,56.2239044671878,15.7760955328122,0,I,342,6
62.9163485137889,72,56.242747977376,6.6736005364129,1,C,343,6
100.640431458945,72,56.4122043829411,15.5877956170589,0,I,344,6
84.3386366410333,72,56.4860306633636,15.5139693366364,0,C,345,6
234.317727592349,72,56.9705331791192,15.0294668208808,0,I,346,6
107.503763678306,72,57.1000873250887,14.8999126749113,0,C,347,6
191.245760685671,72,57.2268460225314,14.7731539774686,0,I,348,6
92.1650056305731,72,57.7809263812378,14.2190736187622,0,C,349,6
618.295847067939,72,57.7960157068446,14.2039842931554,0,I,350,6
84.0108917948141,72,57.8988463059068,14.1011536940932,0,C,351,6
82.0709078244728,72,57.9154255567119,14.0845744432881,0,I,352,6
129.582964706357,72,58.0805274518207,13.9194725481793,0,C,353,6
87.9366390144994,72,58.3546825032681,13.6453174967319,0,I,354,6
116.32845238571,72,58.8835792383179,13.1164207616821,0,C,355,6
211.251590493915,72,58.9128914102912,13.0871085897088,0,I,356,6
98.6413528380577,72,58.973169378005,13.026830621995,0,C,357,6
71.9904918836802,72,59.0282216621563,12.9622702215239,1,I,358,6
85.3648093939568,72,59.1972880996764,12.8027119003236,0,C,359,6
97.0054310041364,72,59.3265920877457,12.6734079122543,0,I,360,6
248.150801236694,72,59.5505459513515,12.4494540486485,0,C,361,6
141.896591173827,72,59.6362242707983,12.3637757292017,0,I,362,6
62.6113011131511,72,59.8550223978236,2.75627871532749,1,C,363,6
83.8130588503107,72,59.9335364392027,12.0664635607973,0,I,364,6
40.9790652029787,72,0.225731902755797,40.7533333002229,1,I,1,7
26.3205925725477,72,0.228652856312692,26.091939716235,1,C,2,7
421.366061524406,72,0.527656464837492,71.4723435351625,0,I,3,7
39.5526042859367,72,0.823991359211505,38.7286129267252,1,C,4,7
33.3936079741854,72,1.15887688938528,32.2347310848001,1,I,5,7
10.1948865365805,72,1.65580478031188,8.53908175626861,1,C,6,7
197.119205022214,72,1.68087382335216,70.3191261766478,0,I,7,7
108.631655177053,72,1.79907591082156,70.2009240891784,0,C,8,7
43.6825486291959,72,1.93296127952635,41.7495873496696,1,I,9,7
80.0843173886183,72,2.09322335198522,69.9067766480148,0,C,10,7
36.0151529992574,72,2.14151356369257,33.8736394355648,1,I,11,7
52.9863299814206,72,2.24605425260961,50.740275728811,1,C,12,7
27.5101434237781,72,2.30848009698093,25.2016633267971,1,I,13,7
10.9018702118818,72,2.37269361969084,8.52917659219101,1,C,14,7
298.176888327561,72,2.451430731453,69.548569268547,0,I,15,7
42.8813011901555,72,2.95669144950807,39.9246097406474,1,C,16,7
49.888983741287,72,3.24334221426398,46.645641527023,1,I,17,7
10.7000984151675,72,3.24915041215718,7.45094800301033,1,C,18,7
42.3587804070225,72,3.3731676125899,38.9856127944326,1,I,19,7
114.789975579272,72,3.67033323738724,68.3296667626128,0,C,20,7
57.6021987477388,72,4.00856492109597,53.5936338266428,1,I,21,7
205.453088567142,72,4.156016218476,67.843983781524,0,C,22,7
4.43369744748105,72,4.3293025251478,0.104394922333256,1,I,23,7
50.2045636770497,72,4.33010471519083,45.8744589618588,1,C,24,7
212.496019895715,72,4.35841372702271,67.6415862729773,0,I,25,7
16.4537157160551,72,4.86133493017405,11.5923807858811,1,C,26,7
182.486474457301,72,4.95080195367336,67.0491980463266,0,I,27,7
27.5734032126498,72,5.02657416276634,22.5468290498835,1,C,28,7
48.7987792618381,72,5.04451523534954,43.7542640264886,1,I,29,7
68.3796841690795,72,5.32789003103972,63.0517941380398,1,C,30,7
220.678146371932,28.9761851623695,5.38620235864073,23.5899828037287,0,I,31,7
27.706213652917,72,5.41203148663044,22.2941821662865,1,C,32,7
183.727338865543,72,5.48922550398856,66.5107744960114,0,I,33,7
46.5896944863656,72,5.55090228561312,41.0387922007524,1,C,34,7
114.254266837801,72,5.56542336009443,66.4345766399056,0,I,35,7
14.6326708714913,72,5.98541087005287,8.64726000143845,1,C,36,7
52.6119999531515,24.3882463615137,6.04917672928423,18.3390696322295,0,I,37,7
208.676153154252,72,6.08322548680008,65.9167745131999,0,C,38,7
75.483968113091,72,6.08433710876852,65.9156628912315,0,I,39,7
22.5239030964288,72,6.10512376762927,16.4187793287995,1,C,40,7
50.8676339526925,72,6.23639929108322,44.6312346616093,1,I,41,7
19.3983049923988,72,6.51976738125086,12.8785376111479,1,C,42,7
26.3169660877312,72,6.66114232968539,19.6558237580459,1,I,43,7
7.94221773636637,72,7.22975632175803,0.71246141460834,1,C,44,7
166.232956347354,72,7.2931226156652,64.7068773843348,0,I,45,7
176.14976138053,72,7.48785572592169,64.5121442740783,0,C,46,7
28.8312232426544,53.2523457780543,7.58499297313392,21.2462302695204,1,I,47,7
119.661843448429,72,7.68149191047996,64.31850808952,0,C,48,7
385.292130482292,72,7.80629967804998,64.19370032195,0,I,49,7
57.2399713852874,72,8.28877223655582,48.9511991487316,1,C,50,7
82.9897443586517,72,8.5898301936686,63.4101698063314,0,I,51,7
48.6405336878653,72,8.83953425567597,39.8009994321893,1,C,52,7
43.0902565337954,72,9.00373523589224,34.0865212979031,1,I,53,7
100.904610856181,72,9.09100967925042,62.9089903207496,0,C,54,7
169.934795383178,72,9.47269775904715,62.5273022409529,0,I,55,7
27.7857228173018,72,9.77630083914846,18.0094219781533,1,C,56,7
271.898703841769,57.7457646989573,9.85665620304644,47.8891084959109,0,I,57,7
27.6435711846611,72,9.92806829977781,17.7155028848833,1,C,58,7
35.3546694799296,72,10.1156574022025,25.2390120777271,1,I,59,7
66.2761561457186,72,10.5575920734555,55.7185640722632,1,C,60,7
344.843163467784,72,10.6088072480634,61.3911927519366,0,I,61,7
48.0791899944773,72,10.7419243315235,37.3372656629539,1,C,62,7
243.805252228782,72,10.7430543098599,61.2569456901401,0,I,63,7
61.4374077310033,72,11.0720487730578,50.3653589579455,1,C,64,7
67.8546372284861,28.8387133777209,11.0737380478531,17.7649753298678,0,I,65,7
15.7058388613046,72,11.2172782374546,4.48856062385002,1,C,66,7
78.822539504411,72,11.6584091400728,60.3415908599272,0,I,67,7
145.271325872644,72,11.9646154437214,60.0353845562786,0,C,68,7
83.9943601532224,72,12.1929201018065,59.8070798981935,0,I,69,7
163.433695811126,72,12.4635013891384,59.5364986108616,0,C,70,7
48.6065739326959,72,12.7142521413043,35.8923217913915,1,I,71,7
140.066266073954,72,12.7518879203126,59.2481120796874,0,C,72,7
292.931401489574,72,13.0750907678157,58.9249092321843,0,I,73,7
170.474511800865,72,13.0899426760152,58.9100573239848,0,C,74,7
156.711015414532,72,13.2861893903464,58.7138106096536,0,I,75,7
47.0139985001664,72,13.5544059053063,33.4595925948601,1,C,76,7
40.428353522801,72,13.6052327882499,26.8231207345511,1,I,77,7
17.0377874653748,72,13.6162068787962,3.42158058657861,1,C,78,7
190.53438532127,28.5127773044149,13.6254198616371,14.8873574427778,0,I,79,7
45.32538366954,72,13.64441444166,31.6809692278799,1,C,80,7
32.4563158307641,72,13.849866958335,18.606448872429,1,I,81,7
41.3530474716107,72,14.062970476225,27.2900769953857,1,C,82,7
14.7702725450181,72,14.0699587762356,0.700313768782537,1,I,83,7
109.220269307162,72,14.1168187558651,57.8831812441349,0,C,84,7
130.978443654588,72,14.5451605506241,57.4548394493759,0,I,85,7
66.2420488220082,72,14.7960163000971,51.4460325219111,1,C,86,7
181.018921149639,72,14.8022290505469,57.1977709494531,0,I,87,7
41.472447942778,72,14.8976879892871,26.574759953491,1,C,88,7
51.7852646691307,69.0588548473875,14.9621173320338,36.8231473370969,1,I,89,7
114.213919580271,72,15.0849085813388,56.9150914186612,0,C,90,7
27.013421858529,72,15.4125184100121,11.6009034485169,1,I,91,7
92.4814320626162,72,15.6970991240814,56.3029008759186,0,C,92,7
61.015937386944,72,15.7412304729223,45.2747069140217,1,I,93,7
121.394631711292,72,15.9695457341149,56.0304542658851,0,C,94,7
62.0577698978367,72,16.1547376820818,45.903032215755,1,I,95,7
112.56198150975,72,16.4545358810574,55.5454641189426,0,C,96,7
110.875269869026,72,16.7069813422859,55.2930186577141,0,I,97,7
73.0500480359718,72,17.1427534008399,54.8572465991601,0,C,98,7
118.093905839299,72,17.2826046170667,54.7173953829333,0,I,99,7
102.631753923381,72,17.6597076701,54.3402923299,0,C,100,7
192.188316088782,72,17.9279852891341,54.0720147108659,0,I,101,7
51.5615765010248,72,18.3015282545239,33.2600482465009,1,C,102,7
167.473194455558,72,18.426908031106,53.573091968894,0,I,103,7
75.0768699466032,72,18.6662953672931,53.3337046327069,0,C,104,7
150.893396661121,72,18.7402842985466,53.2597157014534,0,I,105,7
91.2000747493572,72,19.5398953277618,52.4601046722382,0,C,106,7
83.8091074486521,72,19.5589113654569,52.4410886345431,0,I,107,7
50.1352392487893,72,19.6461493754759,30.4890898733134,1,C,108,7
318.900221975374,72,20.3907203720883,51.6092796279118,0,I,109,7
81.2639079129873,72,20.5808739177883,51.4191260822117,0,C,110,7
40.2968608732428,72,20.6580996327102,19.6387612405325,1,I,111,7
28.3173416646538,72,21.0142557509244,7.30308591372949,1,C,112,7
148.940473982432,72,21.3059835322201,50.6940164677799,0,I,113,7
249.466246761568,72,21.5688809473068,50.4311190526933,0,C,114,7
228.253953354368,72,21.6431100899354,50.3568899100646,0,I,115,7
57.6612280104113,72,21.7187800537795,35.9424479566318,1,C,116,7
43.6113294481737,72,21.79081548471,21.8205139634636,1,I,117,7
28.5279649198962,72,21.7938095564023,6.73415536349395,1,C,118,7
33.8485111198265,72,22.0992877660319,11.7492233537946,1,I,119,7
47.5834120349326,72,22.1533308411017,25.4300811938309,1,C,120,7
28.1018208346908,42.8275760828694,22.2382646519691,5.8635561827217,1,I,121,7
58.8340350903415,72,22.514571826905,36.3194632634365,1,C,122,7
129.073196807219,72,22.9502084059641,49.0497915940359,0,I,123,7
110.970790200495,72,22.9949661623687,49.0050338376314,0,C,124,7
85.1228852508578,72,23.0155703332275,48.9844296667725,0,I,125,7
41.6826305331914,72,23.0699781049043,18.6126524282871,1,C,126,7
159.115772233007,72,23.318299530074,48.681700469926,0,I,127,7
99.8085110502125,72,23.3996689785272,48.6003310214728,0,C,128,7
92.8958234979914,72,23.9787669014186,48.0212330985814,0,I,129,7
58.4434811019023,72,24.0220341878012,34.4214469141011,1,C,130,7
254.710911048599,72,24.038905100897,47.9610948991031,0,I,131,7
41.0065512374614,72,24.2274978803471,16.7790533571143,1,C,132,7
119.124278150053,72,24.3354246206582,47.6645753793418,0,I,133,7
91.9819271536071,72,24.3741293996573,47.6258706003428,0,C,134,7
28.4039345201142,72,24.5835516555235,3.82038286459068,1,I,135,7
75.5350558192769,72,24.9016395024955,47.0983604975045,0,C,136,7
170.385144150451,72,25.4173429962248,46.5826570037752,0,I,137,7
58.9978662247374,72,25.5119377886876,33.4859284360498,1,C,138,7
194.263329963255,72,25.562126445584,46.437873554416,0,I,139,7
38.8355157362711,72,25.6198086636141,13.215707072657,1,C,140,7
66.0396354958423,72,25.642355424352,40.3972800714903,1,I,141,7
133.499863173366,72,26.0434403037652,45.9565596962348,0,C,142,7
122.186894632695,72,26.1624681064859,45.8375318935141,0,I,143,7
76.5162223808773,72,26.1935902107507,45.8064097892493,0,C,144,7
89.827532814136,72,26.2492007156834,45.7507992843166,0,I,145,7
70.0228303074148,72,26.4115370158106,43.6112932916042,1,C,146,7
66.5457278492972,72,26.4880947489291,40.057633100368,1,I,147,7
100.956793337217,72,26.4895421918482,45.5104578081518,0,C,148,7
44.5245687343044,72,26.5853848261759,17.9391839081285,1,I,149,7
121.757236054565,72,26.5919874608517,45.4080125391483,0,C,150,7
200.954969119034,72,26.7779876617715,45.2220123382285,0,I,151,7
33.3349553174074,72,26.8527481891215,6.48220712828596,1,C,152,7
200.601538278274,72,26.9264517584816,45.0735482415184,0,I,153,7
291.202799121133,72,27.0164637174457,44.9835362825543,0,C,154,7
80.9215546147469,55.8570835247661,27.1072937222198,28.7497898025464,0,I,155,7
72.4246021633987,72,27.5255490699783,44.4744509300217,0,C,156,7
60.8844439462943,36.4089837652317,27.5629551010206,8.8460286642111,0,I,157,7
56.5892364803539,72,27.588036688976,29.0011997913779,1,C,158,7
41.1385367304427,72,27.6925332890824,13.4460034413604,1,I,159,7
75.0446743163781,72,27.9462338704616,44.0537661295384,0,C,160,7
190.038597646566,72,28.6586926644668,43.3413073355332,0,I,161,7
237.74194191816,72,28.7122296122834,43.2877703877166,0,C,162,7
144.172695266156,72,28.7644428340718,43.2355571659282,0,I,163,7
111.273055546145,72,28.8071361975744,43.1928638024256,0,C,164,7
34.7740642420686,72,28.8818145124242,5.89224972964446,1,I,165,7
97.0754013753499,72,28.89397545252,43.1060245474801,0,C,166,7
35.6051799159263,72,29.1646573087201,6.44052260720629,1,I,167,7
29.7868185576716,72,29.1990360617638,0.587782495907789,1,C,168,7
574.849120968624,72,29.2254113545641,42.7745886454359,0,I,169,7
39.5761722526478,72,29.6606875117868,9.91548474086098,1,C,170,7
29.7940152870003,72,29.6812497032806,0.112765583719656,1,I,171,7
67.6171490301407,72,29.7642585542053,37.8528904759354,1,C,172,7
138.761227231207,72,29.8647653963417,42.1352346036583,0,I,173,7
97.4213553069929,72,30.0014959461987,41.9985040538013,0,C,174,7
96.2353170642653,72,30.1155770011246,41.8844229988754,0,I,175,7
60.7745849578193,72,30.1706866035238,30.6038983542955,1,C,176,7
231.996089224682,69.4263811173784,30.2541481330991,39.1722329842793,0,I,177,7
107.82998782378,72,30.4340536985546,41.5659463014454,0,C,178,7
131.965624647375,72,30.5007140943781,41.499285905622,0,I,179,7
71.8937637817252,72,31.1001452570781,40.7936185246471,1,C,180,7
66.5303564557445,72,31.1597724119201,35.3705840438243,1,I,181,7
133.883338760408,72,31.3123273523524,40.6876726476476,0,C,182,7
107.902724217076,72,31.4221224747598,40.5778775252402,0,I,183,7
112.93015991299,72,31.4347615744919,40.5652384255081,0,C,184,7
378.648746309386,72,31.4656935911626,40.5343064088374,0,I,185,7
40.5085912375543,72,31.4804580481723,9.02813318938204,1,C,186,7
37.490836872095,72,31.6130758356303,5.8777610364647,1,I,187,7
53.5371801070901,72,31.7899557994679,21.7472243076222,1,C,188,7
83.0882193396612,72,32.1938489517197,39.8061510482803,0,I,189,7
129.048892409856,72,32.529048230499,39.470951769501,0,C,190,7
200.505412196829,72,32.5707581592724,39.4292418407276,0,I,191,7
38.635443127353,72,33.067725864239,5.567717263114,1,C,192,7
37.9943811348033,72,33.0680865515023,4.92629458330092,1,I,193,7
102.298310656382,72,33.4856996918097,38.5143003081903,0,C,194,7
104.792576101577,72,33.6255263071507,38.3744736928493,0,I,195,7
70.8069234761187,72,33.83698948659,36.9699339895286,1,C,196,7
151.800628783205,72,34.4131505163386,37.5868494836614,0,I,197,7
55.304435630912,72,34.4576430832967,20.8467925476153,1,C,198,7
41.6814214314671,72,34.5669693360105,7.11445209545656,1,I,199,7
66.9851416815664,72,35.0911522423849,31.8939894391816,1,C,200,7
102.493406638508,72,35.1440842123702,36.8559157876298,0,I,201,7
104.571634531528,72,35.4156142892316,36.5843857107684,0,C,202,7
161.326026573404,72,35.4604283161461,36.5395716838539,0,I,203,7
44.5048183745074,72,35.4698003735393,9.03501800096802,1,C,204,7
189.881834175918,72,35.4792353929952,36.5207646070048,0,I,205,7
322.048251042529,72,35.542205167003,36.457794832997,0,C,206,7
153.578314610711,72,35.5713167320937,36.4286832679063,0,I,207,7
55.4209270939036,72,35.624763420783,19.7961636731206,1,C,208,7
161.001922322073,72,35.6609359430149,36.3390640569851,0,I,209,7
66.6961918311269,72,35.755961718969,30.9402301121578,1,C,210,7
267.05352658144,72,35.7871119165793,36.2128880834207,0,I,211,7
118.496033204637,72,35.7978370366618,36.2021629633382,0,C,212,7
170.242526571497,72,35.838640127331,36.161359872669,0,I,213,7
140.913312442274,72,36.3761968072504,35.6238031927496,0,C,214,7
56.0458305926927,72,36.6439661197364,19.4018644729563,1,I,215,7
79.1869243335072,72,36.9415472773835,35.0584527226165,0,C,216,7
78.5047951102559,72,37.0170431211591,34.9829568788409,0,I,217,7
50.8493915858047,72,37.0273111341521,13.8220804516525,1,C,218,7
155.574126882045,72,37.2065537888557,34.7934462111443,0,I,219,7
51.3204929168197,72,37.690734914504,13.6297580023157,1,C,220,7
174.909141998001,72,37.9990386217833,34.0009613782167,0,I,221,7
43.3528477776081,72,38.0109591968358,5.34188858077236,1,C,222,7
264.6568028756,72,38.0270281713456,33.9729718286544,0,I,223,7
86.1975227366521,72,38.2658625533804,33.7341374466196,0,C,224,7
83.7010247678841,72,38.5669289063662,33.4330710936338,0,I,225,7
200.072206738239,72,38.6284078890458,33.3715921109542,0,C,226,7
220.824694901899,72,38.7741047563031,33.2258952436969,0,I,227,7
197.910710580048,72,39.0162874571979,32.9837125428021,0,C,228,7
41.4284292951119,72,39.0609120950103,2.36751720010157,1,I,229,7
63.3555180452783,72,39.2093440610915,24.1461739841868,1,C,230,7
291.911417452674,72,39.3091781158,32.6908218842,0,I,231,7
92.070093174098,72,39.3803731352091,32.6196268647909,0,C,232,7
204.234415751555,72,39.4345852453262,32.5654147546738,0,I,233,7
42.5573786430377,72,39.4736330676824,3.08374557535532,1,C,234,7
434.16532839541,72,39.6606804337353,32.3393195662648,0,I,235,7
42.6250567137409,72,39.7344401618466,2.8906165518943,1,C,236,7
134.725207625232,72,40.0801995769143,31.9198004230857,0,I,237,7
121.75992400299,72,40.4596408037469,31.5403591962531,0,C,238,7
58.9434800152184,72,41.3092045113444,17.6342755038739,1,I,239,7
79.0117441229195,72,41.3140115188435,30.6859884811565,0,C,240,7
199.154387775206,72,41.4822303364053,30.5177696635947,0,I,241,7
46.3678181967418,72,41.6958375368267,4.67198065991504,1,C,242,7
42.9481613632593,72,41.6992823733017,1.24887898995762,1,I,243,7
81.4331771108409,72,41.7643072782084,30.2356927217916,0,C,244,7
212.804307230835,72,41.8736995803192,30.1263004196808,0,I,245,7
53.9500285583216,72,41.9136762432754,12.0363523150462,1,C,246,7
199.562821474066,72,42.033475167118,29.966524832882,0,I,247,7
49.389432738858,72,42.1557869715616,7.23364576729642,1,C,248,7
129.476217228842,72,42.4381974292919,29.5618025707081,0,I,249,7
48.4555308064003,72,42.7441151160747,5.71141569032566,1,C,250,7
109.920609588569,72,42.7617504028603,29.2382495971397,0,I,251,7
46.3895068791936,72,42.9746273718774,3.4148795073162,1,C,252,7
71.461323129852,72,43.2048985781148,28.2564245517371,1,I,253,7
52.2723043125851,72,43.238430689089,9.03387362349606,1,C,254,7
183.674510550283,72,43.630473590456,28.3695264095441,0,I,255,7
57.6629891327783,72,43.7064629886299,13.9565261441483,1,C,256,7
124.232501500354,72,43.9245948381722,28.0754051618278,0,I,257,7
67.9936921129139,52.8034129061807,44.0412521967664,8.76216070941428,0,C,258,7
131.746555459423,72,44.0761403879151,27.9238596120849,0,I,259,7
57.460059537746,72,44.1132833668962,13.3467761708498,1,C,260,7
45.6523725033951,72,44.2115147598088,1.44085774358636,1,I,261,7
104.834495851245,72,44.2652898235247,27.7347101764754,0,C,262,7
84.9326494187529,72,44.5923646073788,27.4076353926212,0,I,263,7
67.8736109561947,72,44.9934400152415,22.8801709409532,1,C,264,7
103.217728728481,72,45.2745665749535,26.7254334250465,0,I,265,7
100.488090260529,72,45.2857353212312,26.7142646787688,0,C,266,7
314.222395208521,58.0983363273827,45.3704858478159,12.7278504795668,0,I,267,7
83.9882079895928,72,45.6145319715142,26.3854680284858,0,C,268,7
113.18129206722,72,45.7024008594453,26.2975991405547,0,I,269,7
152.340016080145,72,45.9410518035293,26.0589481964707,0,C,270,7
61.5567301731357,72,45.9923664433882,15.5643637297475,1,I,271,7
51.007356942476,72,46.0980910481885,4.90926589428745,1,C,272,7
240.020335622104,72,46.1008219141513,25.8991780858487,0,I,273,7
91.2678257129939,72,46.245421199128,25.754578800872,0,C,274,7
110.772289431883,72,46.3584851939231,25.6415148060769,0,I,275,7
117.972044801284,72,46.7517583351582,25.2482416648418,0,C,276,7
77.9051586626978,72,46.8310650112107,25.1689349887893,0,I,277,7
260.488428100093,72,46.8907739594579,25.1092260405421,0,C,278,7
176.456708267007,72,47.1067151008174,24.8932848991826,0,I,279,7
133.284961900332,72,47.1732962457463,24.8267037542537,0,C,280,7
324.067886209099,72,47.5363985588774,24.4636014411226,0,I,281,7
80.2287432518727,72,48.044073949568,23.955926050432,0,C,282,7
80.7055714589518,72,48.1608152529225,23.8391847470775,0,I,283,7
65.3545125116412,72,48.2557604648173,17.0987520468239,1,C,284,7
694.453553950741,72,48.338558874093,23.661441125907,0,I,285,7
69.6648627936496,72,48.6321874056011,21.0326753880485,1,C,286,7
92.2404450640501,72,48.9355787448585,23.0644212551415,0,I,287,7
99.2918685191319,72,49.0069733932614,22.9930266067386,0,C,288,7
87.9223963684571,64.6569203164837,49.0997883165255,15.5571319999582,0,I,289,7
88.7537594707449,72,49.1357722599059,22.8642277400941,0,C,290,7
243.9403494111,72,49.1940380679444,22.8059619320557,0,I,291,7
86.5925645892945,72,49.2190414806828,22.7809585193172,0,C,292,7
169.057591898143,72,49.3643004214391,22.6356995785609,0,I,293,7
52.0280984662996,72,49.5064297970384,2.52166866926119,1,C,294,7
194.612216203343,72,50.0485114194453,21.9514885805547,0,I,295,7
129.274666268945,72,50.1416088407859,21.8583911592141,0,C,296,7
345.003839938388,72,50.2000617887825,21.7999382112175,0,I,297,7
106.740392835612,72,50.3341932501644,21.6658067498356,0,C,298,7
97.8254470383602,72,50.3966522589326,21.6033477410674,0,I,299,7
297.405250705872,72,50.453537623398,21.546462376602,0,C,300,7
79.6914538021546,72,50.6696777930483,21.3303222069517,0,I,301,7
112.791942594754,72,50.6700647296384,21.3299352703616,0,C,302,7
139.332630913232,72,50.8285622159019,21.1714377840981,0,I,303,7
51.7911987769859,72,51.3217482157052,0.469450561280731,1,C,304,7
79.831335420889,72,51.3447977369651,20.6552022630349,0,I,305,7
74.8654627409618,72,51.6471538553014,20.3528461446986,0,C,306,7
70.1005790375701,72,51.8632421689108,18.2373368686593,1,I,307,7
94.6938226892995,72,52.432521013543,19.567478986457,0,C,308,7
99.5167906183008,72,52.6750816265121,19.3249183734879,0,I,309,7
238.834900238011,72,52.8249797550961,19.1750202449039,0,C,310,7
77.17931490135,72,52.8445458272472,19.1554541727528,0,I,311,7
253.864400263056,72,52.847617235966,19.152382764034,0,C,312,7
119.367668441641,72,52.8732640016824,19.1267359983176,0,I,313,7
80.2399373535551,72,53.008757326752,18.9912426732481,0,C,314,7
342.616610624168,72,53.0262955231592,18.9737044768408,0,I,315,7
81.2772669694875,72,53.4544851724058,18.5455148275942,0,C,316,7
337.774585186065,72,53.55074794963,18.44925205037,0,I,317,7
82.0437747722422,72,53.7389445723966,18.2610554276034,0,C,318,7
249.591236953406,72,53.7796234153211,18.2203765846789,0,I,319,7
144.485437237576,72,53.9257806306705,18.0742193693295,0,C,320,7
180.701639520917,72,53.9799911202863,18.0200088797137,0,I,321,7
192.916667954872,72,54.1513807279989,17.8486192720011,0,C,322,7
195.099066267351,72,54.4959814427421,17.504018557258,0,I,323,7
92.2586237887605,72,54.697481081821,17.302518918179,0,C,324,7
211.451700048048,72,54.8376477370039,17.1623522629961,0,I,325,7
60.5858467647614,72,54.9934041453525,5.5924426194089,1,C,326,7
189.91282187429,72,55.0202149059624,16.9797850940377,0,I,327,7
95.7645137343629,72,55.1456923317164,16.8543076682836,0,C,328,7
61.6091471131048,72,55.2945742523298,6.31457286077506,1,I,329,7
62.8821990817939,72,55.3403845243156,7.54181455747825,1,C,330,7
151.822354567209,72,55.4969278955832,16.5030721044168,0,I,331,7
101.967928663823,72,55.67047000397,16.32952999603,0,C,332,7
62.2365294220525,72,55.921104750596,6.31542467145651,1,I,333,7
95.3095620745761,72,56.8241014843807,15.1758985156193,0,C,334,7
138.040527095274,72,57.0937675517052,14.9062324482948,0,I,335,7
120.962091739598,72,57.1625905204564,14.8374094795436,0,C,336,7
88.3459110612386,72,57.6446702191606,14.3553297808394,0,I,337,7
76.1566742379651,72,57.7784116426483,14.2215883573517,0,C,338,7
68.8448165397122,72,57.814346915111,11.0304696246013,1,I,339,7
114.230651011314,72,57.9354547988623,14.0645452011377,0,C,340,7
253.350743206291,72,58.1696362467483,13.8303637532517,0,I,341,7
88.1119330391405,72,58.4277826035395,13.5722173964605,0,C,342,7
104.254617548754,72,58.5300521319732,13.4699478680268,0,I,343,7
59.741185203172,72,58.594929696992,1.14625550617996,1,C,344,7
264.094193843354,72,58.8463068148121,13.1536931851879,0,I,345,7
116.567542771779,72,58.9808794297278,13.0191205702722,0,C,346,7
66.6757040966389,72,59.0972173400223,7.57848675661655,1,I,347,7
116.915596808811,72,59.2643908783793,12.7356091216207,0,C,348,7
124.855757479313,72,59.3843932449818,12.6156067550182,0,I,349,7
99.6963550751382,72,59.4041037093848,12.5958962906152,0,C,350,7
134.561816988247,72,59.4959766184911,12.5040233815089,0,I,351,7
68.3818633639893,72,59.5779469795525,8.80391638443681,1,C,352,7
178.051580289909,72,59.7900511650369,12.2099488349631,0,I,353,7
61.8148619165366,72,59.8019436188042,2.01291829773235,1,C,354,7
102.473406175252,72,59.8984798416495,12.1015201583505,0,I,355,7
131.049027790486,72,59.9958345713094,12.0041654286906,0,C,356,7
35.1424735283045,72,0.132482727058232,35.0099908012463,1,C,1,8
29.3138109694763,72,0.246208640746772,29.0676023287295,1,I,2,8
156.303930958715,47.689012108303,0.247742529027164,47.4412695792758,0,C,3,8
2.07772417290603,72,0.249121380038559,1.82860279286747,1,I,4,8
11.5788973658907,72,0.303577948361635,11.2753194175291,1,C,5,8
168.156334069128,72,0.447236043401063,71.5527639565989,0,I,6,8
80.8026263641512,72,0.739377541467547,71.2606224585325,0,C,7,8
126.171026273647,72,1.60428768955171,70.3957123104483,0,I,8,8
14.0938774773992,72,1.61127631086856,12.4826011665306,1,C,9,8
89.5670002196658,72,1.61943183280528,70.3805681671947,0,I,10,8
38.2777484456001,72,1.81460912805051,36.4631393175496,1,C,11,8
184.42172457901,72,1.83790499344468,70.1620950065553,0,I,12,8
92.3785527202893,72,2.04306218773127,69.9569378122687,0,C,13,8
22.2705786099787,72,2.05971908289939,20.2108595270793,1,I,14,8
48.1554914540178,72,2.17213025316596,45.9833612008519,1,C,15,8
4.34250893250155,72,2.30339460074902,2.03911433175254,1,I,16,8
44.3400698631234,72,2.75036829058081,41.5897015725426,1,C,17,8
39.5799023390903,72,2.76150024030358,36.8184020987867,1,I,18,8
57.04475980192,10.1108349535053,2.8343718778342,7.27646307567111,0,C,19,8
14.6919328167675,72,2.84957888536155,11.8423539314059,1,I,20,8
72.1976125748527,72,2.96666321810335,69.0333367818967,0,C,21,8
79.3518577717975,72,3.30386760178953,68.6961323982105,0,I,22,8
286.432332889986,72,3.39821553323418,68.6017844667658,0,C,23,8
217.033572453803,72,3.45921136904508,68.5407886309549,0,I,24,8
14.5163468015972,22.4539628501915,3.47232533153147,11.0440214700658,1,C,25,8
4.78653766923044,72,3.51515252608806,1.27138514314238,1,I,26,8
34.1888929213239,72,3.72339298948646,30.4654999318374,1,C,27,8
208.506995527089,72,3.75137262046337,68.2486273795366,0,I,28,8
40.8064720914308,72,3.84322416968644,36.9632479217443,1,C,29,8
222.444789363781,72,3.88312135823071,68.1168786417693,0,I,30,8
111.304670062427,72,3.92707382328808,68.0729261767119,0,C,31,8
91.3838774283435,72,4.02331524062902,67.976684759371,0,I,32,8
24.5566024755656,72,4.2289395025,20.3276629730656,1,C,33,8
205.31231698054,72,4.32228745892644,67.6777125410736,0,I,34,8
8.71269315309108,72,4.41226642113179,4.30042673195929,1,C,35,8
139.681367785938,72,4.71121083945036,67.2887891605496,0,I,36,8
45.1730968474683,72,4.77778977714479,40.3953070703235,1,C,37,8
624.95112556984,72,4.93200302124023,67.0679969787598,0,I,38,8
31.8868710902501,72,5.2315940335393,26.6552770567108,1,C,39,8
160.376589932855,72,5.74949667323381,66.2505033267662,0,I,40,8
60.1642728016426,72,5.78054606448859,54.383726737154,1,C,41,8
165.444774653035,72,6.03000357281417,65.9699964271858,0,I,42,8
8.63771124128348,72,6.15539814345539,2.48231309782809,1,C,43,8
60.2957030818815,72,6.44406690727919,53.8516361746023,1,I,44,8
97.7152274365671,72,6.48853034712374,65.5114696528763,0,C,45,8
23.0342942910102,72,6.87236253172159,16.1619317592886,1,I,46,8
56.3458558691928,72,6.92713467869908,49.4187211904937,1,C,47,8
399.290771723239,72,7.16690015047789,64.8330998495221,0,I,48,8
98.9749394288774,72,7.17900148127228,64.8209985187277,0,C,49,8
26.9164427331963,72,7.24083468317986,19.6756080500165,1,I,50,8
10.3948016469188,72,7.45886463671923,2.93593701019953,1,C,51,8
105.698401828255,72,7.4868580698967,64.5131419301033,0,I,52,8
14.6360141161833,72,7.53077672794461,7.10523738823865,1,C,53,8
25.6886526511317,72,7.85276285838336,17.8358897927483,1,I,54,8
37.1093840345855,72,8.18417932838202,28.9252047062035,1,C,55,8
423.109512887213,72,8.88726575765759,63.1127342423424,0,I,56,8
95.9117342657707,72,8.99083673022687,63.0091632697731,0,C,57,8
41.4675427143196,72,9.28953138180077,32.1780113325189,1,I,58,8
139.920647861212,72,9.2906211828813,62.7093788171187,0,C,59,8
117.55184041949,72,9.30807780940086,62.6919221905992,0,I,60,8
89.8246594105603,72,9.52148105017841,62.4785189498216,0,C,61,8
19.6682191674172,72,9.62039702106267,10.0478221463545,1,I,62,8
40.1746858989382,72,10.1995373982936,29.9751485006445,1,C,63,8
279.133759546405,72,10.3959743818268,61.6040256181732,0,I,64,8
91.1271513392182,72,10.9946805657819,61.0053194342181,0,C,65,8
34.9909951686027,72,11.0964053822681,23.8945897863346,1,I,66,8
68.8779350147047,72,11.2630241923034,57.6149108224013,1,C,67,8
201.590058290977,72,11.370450546965,60.629549453035,0,I,68,8
34.3226889806449,72,11.4700019080192,22.8526870726257,1,C,69,8
171.902973556084,72,11.5826373361051,60.4173626638949,0,I,70,8
66.9892858251328,72,11.5873260330409,55.4019597920919,1,C,71,8
120.328831319088,72,12.4205368990079,59.5794631009921,0,I,72,8
65.183112433776,72,12.4397391267121,52.743373307064,1,C,73,8
86.1800215415428,72,12.5576673354954,59.4423326645047,0,I,74,8
56.7186080601431,72,12.5771437492222,44.141464310921,1,C,75,8
60.1635217067406,72,12.7926957048476,47.370826001893,1,I,76,8
34.5107916593388,72,12.8226424986497,21.6881491606891,1,C,77,8
41.8274431372142,72,12.8655765904114,28.9618665468028,1,I,78,8
42.9966045311339,72,13.4123132005334,29.5842913306005,1,C,79,8
38.1908326979347,72,13.5118340933695,24.6789986045651,1,I,80,8
61.5717984712431,72,13.6860283557326,47.8857701155105,1,C,81,8
179.558000447628,72,13.8595262216404,58.1404737783596,0,I,82,8
127.695128202533,72,14.0353110618889,57.9646889381111,0,C,83,8
78.9976034329213,72,14.0825248835608,57.9174751164392,0,I,84,8
72.9018682596848,72,14.2543209437281,57.7456790562719,0,C,85,8
244.250009634645,72,14.3210597662255,57.6789402337745,0,I,86,8
120.776286820084,72,14.5165761373937,57.4834238626063,0,C,87,8
115.882360284185,72,14.7049042023718,57.2950957976282,0,I,88,8
88.4525504940257,72,14.7425038553774,57.2574961446226,0,C,89,8
126.682356765052,72,14.8219754034653,57.1780245965347,0,I,90,8
50.1657344102653,72,15.223312578164,34.9424218321013,1,C,91,8
260.763520995242,72,15.4837821051478,56.5162178948522,0,I,92,8
45.2008527407811,72,15.4952381132171,29.7056146275641,1,C,93,8
40.2765637297736,72,15.5654109315947,24.711152798179,1,I,94,8
40.1016114045832,72,15.8111737668514,24.2904376377318,1,C,95,8
91.4376934371642,68.5649931087969,15.8580068964511,52.7069862123458,0,I,96,8
69.3416796200602,72,16.0568091273308,53.2848704927294,1,C,97,8
145.571388065217,72,16.0936542972922,55.9063457027078,0,I,98,8
70.8043790352747,72,16.0940593387932,54.7103196964815,1,C,99,8
128.492848584339,72,16.1196929169819,55.8803070830181,0,I,100,8
34.0160462169521,72,16.1660149600357,17.8500312569164,1,C,101,8
17.923650954816,72,16.4715834707022,1.45206748411387,1,I,102,8
67.9181275598133,72,16.6267109429464,51.2914166168669,1,C,103,8
28.8392125191972,72,16.7063185153529,12.1328940038443,1,I,104,8
142.88885472786,72,16.7572437180206,55.2427562819794,0,C,105,8
96.5878679459943,72,16.9179612910375,55.0820387089625,0,I,106,8
31.0375165188249,72,16.9429456070066,14.0945709118183,1,C,107,8
105.440627856574,72,16.9579458329827,55.0420541670173,0,I,108,8
53.2975449904419,72,17.0327126327902,36.2648323576516,1,C,109,8
156.72593389763,72,17.0451775286347,54.9548224713653,0,I,110,8
82.8226951569566,72,17.1447100723162,54.8552899276838,0,C,111,8
42.8861805969342,72,17.5153541984037,25.3708263985306,1,I,112,8
76.1860058404782,72,17.5639858050272,54.4360141949728,0,C,113,8
48.2360696127558,72,17.7529955701903,30.4830740425656,1,I,114,8
43.3599095599871,72,17.7977451542392,25.5621644057479,1,C,115,8
74.6739729128154,72,17.8199741709977,54.1800258290023,0,I,116,8
65.6709977840819,72,17.8229667758569,47.8480310082249,1,C,117,8
69.549891621123,72,17.8748177736998,51.6750738474233,1,I,118,8
99.5914221060091,72,18.1021886179224,53.8978113820776,0,C,119,8
159.299924678512,72,18.1179494736716,53.8820505263284,0,I,120,8
129.843593258367,72,18.1201558560133,53.8798441439867,0,C,121,8
50.9156017047016,72,18.139895782806,32.7757059218956,1,I,122,8
207.022279939408,72,18.2450658548623,53.7549341451377,0,C,123,8
185.85255473364,72,18.3973668934777,53.6026331065223,0,I,124,8
112.429641581882,72,18.4495858149603,53.5504141850397,0,C,125,8
90.7580007026343,72,18.6853271909058,53.3146728090942,0,I,126,8
61.9577285797221,72,18.7115309201181,43.246197659604,1,C,127,8
213.425795094263,72,18.7765002669767,53.2234997330234,0,I,128,8
138.009200524342,72,18.7878297781572,53.2121702218428,0,C,129,8
63.280021396619,72,19.0393844945356,44.2406369020834,1,I,130,8
21.4319419801039,72,19.131096471101,2.30084550900287,1,C,131,8
109.793806055354,72,19.2034399788827,52.7965600211173,0,I,132,8
112.654219073308,72,19.6963608032092,52.3036391967908,0,C,133,8
181.782150415392,72,19.7375814244151,52.2624185755849,0,I,134,8
83.3107586887664,72,19.8123118607327,52.1876881392673,0,C,135,8
54.4366337428763,72,19.9954788805917,34.4411548622846,1,I,136,8
41.7878935034087,72,20.1107314461842,21.6771620572244,1,C,137,8
28.3022094635368,72,20.3010889654979,8.00112049803892,1,I,138,8
96.6736899664344,72,20.4010783368722,51.5989216631278,0,C,139,8
67.8559510090289,72,20.4444963578135,47.4114546512154,1,I,140,8
88.8517835537946,60.418909051762,20.7840290665627,39.6348799851994,0,C,141,8
58.2509161830642,72,21.0172761837021,37.2336399993621,1,I,142,8
25.8663901513446,72,21.0745024261996,4.79188772514494,1,C,143,8
235.170531579967,72,21.0897427657619,50.9102572342381,0,I,144,8
64.6755886218107,72,21.4995352132246,43.1760534085861,1,C,145,8
146.146383901975,72,21.5433153742924,50.4566846257076,0,I,146,8
86.6873393467225,72,21.6677528154105,50.3322471845895,0,C,147,8
121.143547363916,72,22.1145279938355,49.8854720061645,0,I,148,8
28.3475975865603,72,22.140141511336,6.20745607522432,1,C,149,8
23.2237362070662,72,22.2106477618217,1.01308844524447,1,I,150,8
35.8200437964705,72,22.4026687256992,13.4173750707713,1,C,151,8
82.6199630525311,56.3386605470032,22.5614540325478,33.7772065144554,0,I,152,8
98.7041922088499,72,22.6657669432461,49.3342330567539,0,C,153,8
85.874238313092,72,22.8253433201462,49.1746566798538,0,I,154,8
82.0931792535451,72,23.0165647063404,48.9834352936596,0,C,155,8
68.9371876341216,72,23.156304792501,45.7808828416206,1,I,156,8
26.9003333315028,72,23.4274266287684,3.47290670273436,1,C,157,8
139.661035040996,72,23.4528011502698,48.5471988497302,0,I,158,8
25.7552272447249,72,23.5672476701438,2.18797957458109,1,C,159,8
172.558734074483,72,24.0085006831214,47.9914993168786,0,I,160,8
34.1890742031791,72,24.0104336338118,10.1786405693673,1,C,161,8
426.851598553043,72,24.3326798686758,47.6673201313242,0,I,162,8
83.4258448174356,72,25.0654813321307,46.9345186678693,0,C,163,8
46.2919237195323,72,25.1520986901596,21.1398250293727,1,I,164,8
144.875661865848,72,25.1625288650394,46.8374711349607,0,C,165,8
254.021103782808,72,25.2634830772877,46.7365169227123,0,I,166,8
72.0807085900251,72,25.3567712847143,46.6432287152857,0,C,167,8
61.1206294936998,72,25.576642351225,35.5439871424748,1,I,168,8
26.4750596579021,72,25.8594521228224,0.615607535079677,1,C,169,8
27.2730984671343,72,25.9322397876531,1.34085867948126,1,I,170,8
76.4009284030435,72,25.9992597671226,46.0007402328774,0,C,171,8
62.0931394657004,72,26.2683556135744,35.8247838521261,1,I,172,8
27.3900173619134,72,26.6109497006983,0.779067661215097,1,C,173,8
32.4937442123605,72,26.6521020513028,5.84164216105775,1,I,174,8
265.121357805573,72,26.6753816697747,45.3246183302254,0,C,175,8
181.027812650889,72,26.8821215489879,45.1178784510121,0,I,176,8
165.530736009575,72,26.8945890152827,45.1054109847173,0,C,177,8
27.7983046001332,72,26.9305986631662,0.867705936967,1,I,178,8
77.3630229819984,72,27.535629873164,44.464370126836,0,C,179,8
104.176575358434,72,27.957350355573,44.042649644427,0,I,180,8
39.6342833211369,72,27.9722924111411,11.6619909099958,1,C,181,8
151.754531020146,72,28.1790983257815,43.8209016742185,0,I,182,8
35.9973221763038,72,28.2178976945579,7.77942448174588,1,C,183,8
58.7354412556394,72,28.3689631707966,30.3664780848428,1,I,184,8
108.151314212331,72,28.4078949177638,43.5921050822362,0,C,185,8
87.7036924321266,72,28.5126941744238,43.4873058255762,0,I,186,8
89.6693728857573,72,28.5378431668505,43.4621568331495,0,C,187,8
117.548543204493,72,28.564671697095,43.435328302905,0,I,188,8
106.872987204719,72,28.7084116553888,43.2915883446112,0,C,189,8
255.335709424748,72,29.2486977903172,42.7513022096828,0,I,190,8
44.0347795000263,72,29.6881875442341,14.3465919557922,1,C,191,8
168.407586104761,72,29.7208386613056,42.2791613386944,0,I,192,8
65.3708792504895,72,29.838973316364,35.5319059341256,1,C,193,8
53.6476885724618,72,30.1036214316264,23.5440671408354,1,I,194,8
169.662055961209,72,30.3505111578852,41.6494888421148,0,C,195,8
422.964951620288,72,30.4006258165464,41.5993741834536,0,I,196,8
122.97552475073,72,30.5777282780036,41.4222717219964,0,C,197,8
45.3042225005406,72,30.5814901879057,14.7227323126349,1,I,198,8
102.107003688661,72,30.6767354998738,41.3232645001262,0,C,199,8
57.4457672769012,72,30.7171031506732,26.728664126228,1,I,200,8
32.0226528949206,72,30.835345541127,1.18730735379357,1,C,201,8
313.64362157536,72,30.9737258451059,41.0262741548941,0,I,202,8
61.4081984984889,62.7882932602776,31.2729869736359,30.1352115248531,1,C,203,8
273.0308512617,72,31.6378999315202,40.3621000684798,0,I,204,8
126.551082889205,72,31.6457221470773,40.3542778529227,0,C,205,8
123.135342946552,72,31.744620250538,40.255379749462,0,I,206,8
87.3788297977066,72,31.8415039032698,40.1584960967302,0,C,207,8
32.7042816688749,72,32.0288587594405,0.675422909434401,1,I,208,8
113.685766192106,72,32.1895612450317,39.8104387549683,0,C,209,8
44.6747751839055,72,32.2457104828209,12.4290647010846,1,I,210,8
199.922817668119,72,32.3271168675274,39.6728831324726,0,C,211,8
118.260514516462,72,32.4044596217573,39.5955403782427,0,I,212,8
48.3990647853654,72,32.4688717676327,15.9301930177328,1,C,213,8
46.8509702654177,72,33.1286710873246,13.722299178093,1,I,214,8
116.548979631661,72,33.2477593794465,38.7522406205535,0,C,215,8
192.201088532794,72,33.4749999269843,38.5250000730157,0,I,216,8
45.2841941275138,72,33.4911461407319,11.7930479867819,1,C,217,8
104.430360996086,72,33.7299537425861,38.2700462574139,0,I,218,8
48.0080693062321,72,33.7941047362983,14.2139645699338,1,C,219,8
180.157363884168,72,33.7968233926222,38.2031766073778,0,I,220,8
105.99029293315,72,33.8553813798353,38.1446186201647,0,C,221,8
86.4078882482469,72,34.2381966859102,37.7618033140898,0,I,222,8
42.7890229808429,72,34.2614736082032,8.52754937263966,1,C,223,8
107.68362521616,50.0055067719183,34.2782378895208,15.7272688823975,0,I,224,8
106.886706783052,72,34.6113712806255,37.3886287193745,0,C,225,8
269.383383638797,72,34.7012656275183,37.2987343724817,0,I,226,8
105.487485814987,72,34.8020291794091,37.1979708205909,0,C,227,8
92.5288901378427,72,35.0589656364173,36.9410343635827,0,I,228,8
37.9132064532092,72,35.1249222876504,2.78828416555878,1,C,229,8
136.71909837304,72,35.1304663717747,36.8695336282253,0,I,230,8
55.9925635815296,72,35.2313152654097,20.7612483161199,1,C,231,8
139.277769495315,72,35.273090028204,36.726909971796,0,I,232,8
37.4980595016856,72,35.367554789409,2.13050471227658,1,C,233,8
168.245546606101,72,35.3913067420945,36.6086932579055,0,I,234,8
36.2314436570362,72,35.4516290919855,0.779814565050629,1,C,235,8
40.2891868317885,72,35.9319166420028,4.35727018978574,1,I,236,8
69.44939634109,72,36.2444893084466,33.2049070326434,1,C,237,8
163.051616756602,72,36.5226709702984,35.4773290297017,0,I,238,8
123.729103159549,72,36.8441074155271,35.1558925844729,0,C,239,8
139.145719630965,72,36.9068174064159,35.0931825935841,0,I,240,8
53.0594091854688,72,37.0691206259653,15.9902885595035,1,C,241,8
45.7266954607968,72,37.2741118306294,8.4525836301674,1,I,242,8
163.510371419285,72,37.2959160804749,34.7040839195252,0,C,243,8
82.0181557841091,72,37.3455490730703,34.6544509269297,0,I,244,8
98.5860203795257,72,37.4985856097192,34.5014143902808,0,C,245,8
70.6901437969768,72,37.8316895663738,32.858454230603,1,I,246,8
81.3215067607486,72,38.2315976824611,33.7684023175389,0,C,247,8
48.453165147998,72,38.4548234380782,9.99834170991979,1,I,248,8
96.5868047293992,72,38.45770847518,33.54229152482,0,C,249,8
124.828025765483,72,38.5367353493348,33.4632646506652,0,I,250,8
49.9991857091375,72,38.6301267659292,11.3690589432084,1,C,251,8
38.8462718680347,72,38.7061961553991,0.140075712635659,1,I,252,8
80.4457094708518,72,38.8609860185534,33.1390139814466,0,C,253,8
143.318288068306,72,39.0795296430588,32.9204703569412,0,I,254,8
106.909912034524,72,39.4309896882623,32.5690103117377,0,C,255,8
104.839915456234,72,40.2476794738323,31.7523205261678,0,I,256,8
95.8980582252837,72,40.4242205712944,31.5757794287056,0,C,257,8
68.7032756289236,72,40.492195179686,28.2110804492376,1,I,258,8
55.1287294539862,72,40.5654739262536,14.5632555277326,1,C,259,8
207.346090272741,72,40.6490577338263,31.3509422661737,0,I,260,8
43.7415711943949,72,40.6547537120059,3.08681748238903,1,C,261,8
166.051296120859,72,40.7375225611031,31.2624774388969,0,I,262,8
54.3671198046782,72,41.0079390183091,13.3591807863691,1,C,263,8
93.3022305915593,72,41.3450582837686,30.6549417162314,0,I,264,8
94.8345560306465,72,41.3953398820013,30.6046601179987,0,C,265,8
84.7828323879921,72,41.4122089231387,30.5877910768613,0,I,266,8
88.9357203813001,72,41.4914214145392,30.5085785854608,0,C,267,8
64.0756709864056,72,41.7143980320543,22.3612729543512,1,I,268,8
59.8491448787331,72,41.7924951994792,18.056649679254,1,C,269,8
342.461347250427,72,42.5780389923602,29.4219610076398,0,I,270,8
89.8558058214962,72,42.6025380240753,29.3974619759247,0,C,271,8
111.114576242539,72,42.9332813434303,29.0667186565697,0,I,272,8
66.7665775848027,72,43.0473733926192,23.7192041921835,1,C,273,8
116.499843037954,72,43.1541273510084,28.8458726489916,0,I,274,8
345.195029474406,72,43.1830045999959,28.8169954000041,0,C,275,8
102.134533897081,72,43.4243931854144,28.5756068145856,0,I,276,8
51.9322475793212,72,43.6001526284963,8.33209495082487,1,C,277,8
374.376640365199,72,43.6628096736968,28.3371903263032,0,I,278,8
46.5541309242329,72,43.6847184458748,2.86941247835813,1,C,279,8
155.957256769978,72,43.9319665823132,28.0680334176868,0,I,280,8
46.1649305762206,72,44.1409123688936,2.024018207327,1,C,281,8
122.447169825113,72,44.1557724634185,27.8442275365815,0,I,282,8
50.3465210034047,72,44.6457112720236,5.70080973138112,1,C,283,8
96.7943257786657,72,44.6988568129018,27.3011431870982,0,I,284,8
51.2503862063325,72,44.7978527331725,6.45253347316001,1,C,285,8
335.351706406111,72,44.8177135270089,27.1822864729911,0,I,286,8
135.114225360541,72,44.8434043815359,27.1565956184641,0,C,287,8
177.678628533333,72,44.9531072610989,27.0468927389011,0,I,288,8
76.9195044254912,72,45.1259544398636,26.8740455601364,0,C,289,8
157.891128996521,72,45.1817591395229,26.8182408604771,0,I,290,8
49.713962632098,72,45.2710898732767,4.44287275882137,1,C,291,8
59.7281092667675,72,45.5058514606208,14.2222578061468,1,I,292,8
106.331280426285,72,45.5293934186921,26.470606581308,0,C,293,8
69.6550544729828,72,45.5916306003928,24.06342387259,1,I,294,8
64.1608211377902,72,45.9388500731438,18.2219710646463,1,C,295,8
47.6236490845436,72,46.0545128630474,1.56913622149615,1,I,296,8
161.773230602082,72,46.1925488803536,25.8074511196464,0,C,297,8
92.0434612284419,72,46.3974705571309,25.6025294428691,0,I,298,8
67.2434625964821,72,46.4870385406539,20.7564240558282,1,C,299,8
187.42522308199,72,46.5263896621764,25.4736103378236,0,I,300,8
49.8807310927096,72,46.6903640236706,3.190367069039,1,C,301,8
112.689468900157,72,47.2026784345508,24.7973215654492,0,I,302,8
108.99449995328,72,47.2793915122747,24.7206084877253,0,C,303,8
300.324181666201,72,47.3676486639306,24.6323513360694,0,I,304,8
64.3542138806343,72,47.4952985392883,16.8589153413459,1,C,305,8
79.9980993285215,72,47.5346267782152,24.4653732217848,0,I,306,8
99.5721632152629,72,47.605591379106,24.394408620894,0,C,307,8
348.342903938734,72,47.8814175585285,24.1185824414715,0,I,308,8
106.479650804666,72,48.380865175277,23.619134824723,0,C,309,8
87.75821722405,72,48.4632714651525,23.5367285348475,0,I,310,8
84.1262882840602,72,48.5461175115779,23.4538824884221,0,C,311,8
556.777977871494,72,48.6890832753852,23.3109167246148,0,I,312,8
209.621790439057,72,49.1202089237049,22.8797910762951,0,C,313,8
76.7707111377924,72,49.4932967517525,22.5067032482475,0,I,314,8
228.433989939101,72,49.5631763571873,22.4368236428127,0,C,315,8
99.566350748037,72,49.7825439926237,22.2174560073763,0,I,316,8
68.0530143196986,72,49.8236197466031,18.2293945730955,1,C,317,8
100.52450589984,72,49.8364502610639,22.1635497389361,0,I,318,8
154.460550711452,72,50.0777862779796,21.9222137220204,0,C,319,8
345.900257652792,72,50.3256872249767,21.6743127750233,0,I,320,8
71.3578468944579,72,50.8205421315506,20.5373047629073,1,C,321,8
265.927507093138,72,50.8368926122785,21.1631073877215,0,I,322,8
82.1647661769275,72,50.952025023289,21.047974976711,0,C,323,8
74.9924813095783,72,51.1385858757421,20.8614141242579,0,I,324,8
58.1942223144898,72,51.4569623954594,6.7372599190304,1,C,325,8
55.4273469002129,72,51.6268750838935,3.80047181631933,1,I,326,8
69.9464792538249,72,51.8715114053339,18.074967848491,1,C,327,8
120.376126661776,72,51.9664831040427,20.0335168959573,0,I,328,8
55.2551310507447,72,52.0035461196676,3.25158493107707,1,C,329,8
98.2234757735399,72,52.0933324098587,19.9066675901413,0,I,330,8
128.982336264577,72,52.2644049720839,19.7355950279161,0,C,331,8
143.279128312317,72,52.6672297809273,19.3327702190727,0,I,332,8
72.2621213397753,72,52.6756905438379,19.3243094561622,0,C,333,8
187.743483041626,72,53.2982801785693,18.7017198214307,0,I,334,8
108.703140851689,72,53.8825222989544,18.1174777010456,0,C,335,8
65.2478298956408,72,54.1920332657173,11.0557966299235,1,I,336,8
54.7876660725235,72,54.2023990117014,0.585267060822169,1,C,337,8
78.6126672697055,72,54.2202679719776,17.7797320280224,0,I,338,8
58.6816473532393,72,54.2298449389637,4.45180241427564,1,C,339,8
66.8370114381478,72,54.351777783595,12.4852336545528,1,I,340,8
109.335899858804,72,54.63426834438,17.36573165562,0,C,341,8
71.2608884847939,72,54.7380941128358,16.522794371958,1,I,342,8
80.4767397732039,72,54.8761983867735,17.1238016132265,0,C,343,8
110.748486955317,72,54.9289519898593,17.0710480101407,0,I,344,8
172.525942448772,72,55.2694030478597,16.7305969521403,0,C,345,8
111.554991341786,72,55.3423648327589,16.6576351672411,0,I,346,8
216.722910513671,72,55.4573146719486,16.5426853280515,0,C,347,8
301.387572235143,72,55.6390854064375,16.3609145935625,0,I,348,8
66.659093404675,72,56.2946771224961,10.3644162821789,1,C,349,8
205.47573564474,72,56.3207267504185,15.6792732495815,0,I,350,8
100.81086362755,72,56.4896074309945,15.5103925690055,0,C,351,8
288.815170721683,72,56.6188123309985,15.3811876690015,0,I,352,8
78.197214397248,72,56.993455211632,15.006544788368,0,C,353,8
58.0100955333272,72,57.1506213163957,0.859474216931502,1,I,354,8
90.2992888637635,72,57.5596015295014,14.4403984704986,0,C,355,8
225.608270669231,72,57.7080081962049,14.2919918037951,0,I,356,8
160.533522374068,72,58.0432145018131,13.9567854981869,0,C,357,8
388.860826745137,72,58.1986781023443,13.8013218976557,0,I,358,8
62.7691377078332,72,58.2063956279308,4.56274207990248,1,C,359,8
149.230472296698,72,58.2485556649044,13.7514443350956,0,I,360,8
121.302263920011,72,58.2630713749677,13.7369286250323,0,C,361,8
116.169507340855,72,58.3202977152541,13.6797022847459,0,I,362,8
136.152228119337,72,58.525907532312,13.474092467688,0,C,363,8
128.833573793517,72,58.6111449077725,13.3888550922275,0,I,364,8
87.8990297560335,72,59.0267179068178,12.9732820931822,0,C,365,8
112.599562772266,72,59.1175180161372,12.8824819838628,0,I,366,8
127.958294041323,72,59.3538624979556,12.6461375020444,0,C,367,8
57.4901312679861,72,0.0525378668680787,57.437593401118,1,C,1,9
436.213558381411,72,0.187729233875871,71.8122707661241,0,I,2,9
15.912512397475,72,0.663334890268743,15.2491775072062,1,C,3,9
3.27129572799528,72,0.786391873843968,2.48490385415131,1,I,4,9
3.5285657678119,72,0.955058494582772,2.57350727322913,1,C,5,9
3.11069533389334,72,1.10683140344918,2.00386393044416,1,I,6,9
70.2360776960126,72,1.12407820299268,69.1119994930199,1,C,7,9
787.309320779902,72,1.35363193228841,70.6463680677116,0,I,8,9
47.8128444593456,72,1.50940212886781,46.3034423304778,1,C,9,9
128.169129829016,72,1.5706291096285,70.4293708903715,0,I,10,9
49.1308804486319,72,2.17451178934425,46.9563686592876,1,C,11,9
246.544522855114,45.232890855314,2.42162842769176,42.8112624276222,0,I,12,9
23.7228856142845,72,2.4256636435166,21.2972219707679,1,C,13,9
17.8942579469146,72,2.56876344792545,15.3254944989891,1,I,14,9
38.1552685150768,72,2.62935522012413,35.5259132949527,1,C,15,9
155.074860254186,72,2.6681086840108,69.3318913159892,0,I,16,9
66.6400219865082,72,2.84639229532331,63.7936296911849,1,C,17,9
25.4812445019981,72,2.87852881941944,22.6027156825786,1,I,18,9
52.1513696613009,72,3.731220792979,48.4201488683219,1,C,19,9
95.6644732007667,72,3.79823521245271,68.2017647875473,0,I,20,9
10.2579950749409,72,3.87220890261233,6.38578617232859,1,C,21,9
50.4916270739043,72,3.95542466081679,46.5362024130875,1,I,22,9
22.531053620974,72,4.17465729173273,18.3563963292413,1,C,23,9
35.7054854504703,72,4.3132551619783,31.392230288492,1,I,24,9
23.7022368232832,72,4.35017621610314,19.35206060718,1,C,25,9
104.016897698111,72,4.6371355606243,67.3628644393757,0,I,26,9
14.6115326481475,72,4.80070105288178,9.81083159526576,1,C,27,9
502.833609251333,72,5.08159917779267,66.9184008222073,0,I,28,9
46.0742415753119,72,5.14873777516186,40.92550380015,1,C,29,9
9.02447810410752,72,5.40081666782498,3.62366143628254,1,I,30,9
113.728408986862,72,6.02783813606948,65.9721618639305,0,C,31,9
37.02143408503,72,6.11105455085635,30.9103795341736,1,I,32,9
52.1792273028596,72,6.39278443995863,45.786442862901,1,C,33,9
19.1632501549731,29.3622919308182,6.4378199307248,12.7254302242483,1,I,34,9
19.297797025377,72,6.61525631323457,12.6825407121424,1,C,35,9
177.539597309368,72,6.69004859402776,65.3099514059722,0,I,36,9
63.9429219758413,72,6.74764016177505,57.1952818140663,1,C,37,9
341.683220309126,72,7.03496569767594,64.9650343023241,0,I,38,9
15.9804753277586,72,7.09564299322665,8.88483233453199,1,C,39,9
144.92662914378,72,7.44377619121224,64.5562238087878,0,I,40,9
89.6462098721561,72,7.53537126816809,64.4646287318319,0,C,41,9
137.287794665712,72,7.56059790495783,64.4394020950422,0,I,42,9
22.8597699233307,72,7.65522252302617,15.2045474003045,1,C,43,9
57.1218355233386,72,7.68583426717669,49.4360012561619,1,I,44,9
123.893968158106,72,7.75372558739036,64.2462744126096,0,C,45,9
381.614203847657,72,7.86131445318461,64.1386855468154,0,I,46,9
95.0410161374107,72,7.89997742045671,64.1000225795433,0,C,47,9
14.3520357434804,72,7.91140898130834,6.44062676217209,1,I,48,9
18.8631744900343,72,7.96328351832926,10.899890971705,1,C,49,9
70.897997532917,72,8.20619790349156,62.6917996294255,1,I,50,9
29.8110659845276,72,8.2324012555182,21.5786647290094,1,C,51,9
123.762967765472,72,8.45336410682648,63.5466358931735,0,I,52,9
32.3566675507414,72,8.57420712243766,23.7824604283037,1,C,53,9
61.9820874734686,72,8.69194198865444,53.2901454848142,1,I,54,9
95.6188074118439,72,8.71513520367444,63.2848647963256,0,C,55,9
269.544839094859,72,8.88458843808621,63.1154115619138,0,I,56,9
34.4130012460887,72,8.96681851241738,25.4461827336713,1,C,57,9
30.1030644867274,72,9.07005964312702,21.0330048436004,1,I,58,9
103.001775280173,72,9.27309738937765,62.7269026106224,0,C,59,9
268.714475222609,72,9.33281611651182,62.6671838834882,0,I,60,9
26.5803430707964,72,9.55915492493659,17.0211881458598,1,C,61,9
60.7424025415174,72,9.56181028392166,51.1805922575958,1,I,62,9
139.79805038501,46.4199329439023,9.56481505651027,36.8551178873921,0,C,63,9
130.952417826937,72,9.74767968524247,62.2523203147575,0,I,64,9
127.353375039623,48.9460503248621,9.84885008074343,39.0972002441187,0,C,65,9
38.8938097867152,72,10.0228802952915,28.8709294914236,1,I,66,9
18.8931208450697,72,10.0394564308226,8.85366441424707,1,C,67,9
43.7139157005531,72,10.9841311583295,32.7297845422236,1,I,68,9
81.1796298715222,72,11.029720553197,60.970279446803,0,C,69,9
120.742270101416,72,11.1293576750904,60.8706423249096,0,I,70,9
31.5570091936844,72,11.3354283291847,20.2215808644998,1,C,71,9
491.424263997377,72,11.5493111265823,60.4506888734177,0,I,72,9
77.4279020303834,72,11.5600202791393,60.4399797208607,0,C,73,9
36.2768949700025,72,11.6164540685713,24.6604409014312,1,I,74,9
58.3248645243774,72,11.6588567337021,46.6660077906753,1,C,75,9
82.4912223891409,72,11.7668127827346,60.2331872172654,0,I,76,9
13.2283215154534,72,11.8147581489757,1.41356336647774,1,C,77,9
122.339363986192,55.6005231169319,11.9829710572958,43.6175520596361,0,I,78,9
32.8167795504711,72,12.0456948922947,20.7710846581764,1,C,79,9
127.998917332714,72,12.1826970297843,59.8173029702157,0,I,80,9
115.804427810861,72,12.3400167329237,59.6599832670763,0,C,81,9
93.0924596404279,72,12.5253781070933,59.4746218929067,0,I,82,9
41.329031202717,72,12.6632681814954,28.6657630212216,1,C,83,9
194.223357562449,72,12.9609082220122,59.0390917779878,0,I,84,9
105.63395687834,72,13.1484496453777,58.8515503546223,0,C,85,9
61.5575113850448,72,13.5810721758753,47.9764392091695,1,I,86,9
26.1278112230898,72,13.6042819032446,12.5235293198452,1,C,87,9
27.6232130908426,72,13.6051040422171,14.0181090486254,1,I,88,9
58.4315380621198,72,14.1805275483057,44.2510105138141,1,C,89,9
110.02334006993,72,14.3991878209636,57.6008121790364,0,I,90,9
44.3153544051581,72,14.5618692180142,29.7534851871439,1,C,91,9
60.8307101698287,72,14.9250720301643,45.9056381396644,1,I,92,9
16.9966212638358,72,15.0207133311778,1.97590793265795,1,C,93,9
24.3914286699117,72,15.3453404316679,9.04608823824383,1,I,94,9
99.9758441490165,72,15.6974459951743,56.3025540048257,0,C,95,9
25.318697703522,72,15.7242980785668,9.59439962495518,1,I,96,9
60.3064342541408,72,15.7357974769548,44.570636777186,1,C,97,9
232.001891466496,72,15.9790032869205,56.0209967130795,0,I,98,9
76.5361157715759,72,16.0303760971874,55.9696239028126,0,C,99,9
514.779124585878,72,16.3807714730501,55.6192285269499,0,I,100,9
23.6051286417527,72,16.4542766427621,7.15085199899061,1,C,101,9
38.2572949885924,72,16.4553206646815,21.8019743239109,1,I,102,9
18.5927725070087,72,16.7887671897188,1.8040053172899,1,C,103,9
75.9049202679075,72,16.8315158039331,55.1684841960669,0,I,104,9
199.265179508337,72,16.9863268872723,55.0136731127277,0,C,105,9
68.3702809535394,72,17.1541604306549,51.2161205228846,1,I,106,9
58.9904476779638,72,17.4185413308442,41.5719063471196,1,C,107,9
97.2481559127337,72,17.4241642188281,54.5758357811719,0,I,108,9
134.998946402255,72,17.4394158879295,54.5605841120705,0,C,109,9
203.669179947344,72,17.4631581036374,54.5368418963626,0,I,110,9
102.179025515087,72,17.613694681786,54.386305318214,0,C,111,9
285.871972822001,72,17.8283898951486,54.1716101048514,0,I,112,9
241.416338959915,72,17.9566610930488,54.0433389069513,0,C,113,9
59.9550361438566,72,18.2525321748108,41.7025039690459,1,I,114,9
53.1487672069925,72,18.5155631275848,34.6332040794077,1,C,115,9
275.053897000022,72,18.6580010689795,53.3419989310205,0,I,116,9
39.04340906809,72,18.8907797494903,20.1526293185997,1,C,117,9
224.067816127212,72,18.9249790459871,53.0750209540129,0,I,118,9
34.5033328177927,72,19.0266441274434,15.4766886903493,1,C,119,9
98.2160714600499,72,19.115740545094,52.884259454906,0,I,120,9
106.303494703126,72,19.1198694705963,52.8801305294037,0,C,121,9
48.848406997438,72,19.5150644006208,29.3333425968172,1,I,122,9
97.7660217452976,72,19.5152824278921,52.4847175721079,0,C,123,9
52.2392474272925,72,19.5427073724568,32.6965400548357,1,I,124,9
48.772976499187,72,19.8982062377036,28.8747702614834,1,C,125,9
65.3769375447356,72,19.9628571700305,45.4140803747051,1,I,126,9
22.3342367490667,72,20.5213702423498,1.81286650671687,1,C,127,9
56.5634831038217,72,20.5518710939214,36.0116120099003,1,I,128,9
91.0216225895602,72,20.7954703224823,51.2045296775177,0,C,129,9
196.935176125967,72,20.8048539049923,51.1951460950077,0,I,130,9
63.0377771615374,72,20.8530160272494,42.184761134288,1,C,131,9
164.506641291308,72,21.1015501851216,50.8984498148784,0,I,132,9
34.3791022342777,72,21.5569233801216,12.8221788541561,1,C,133,9
70.4843103627811,72,21.612493917346,48.8718164454351,1,I,134,9
95.6359937474568,72,21.6947529232129,50.3052470767871,0,C,135,9
21.9728856541526,72,21.8253175634891,0.147568090663512,1,I,136,9
31.3729178801931,72,21.894362680614,9.47855519957908,1,C,137,9
157.528776422551,72,21.9517137575895,50.0482862424105,0,I,138,9
106.204194008351,72,22.4307153420523,49.5692846579477,0,C,139,9
101.369693964172,72,22.7146525494754,49.2853474505246,0,I,140,9
35.600535973739,72,22.8278460167348,12.7726899570041,1,C,141,9
433.420466362912,72,23.0037770234048,48.9962229765952,0,I,142,9
81.784484305652,38.2454266041782,23.0451093055308,15.2003172986475,0,C,143,9
116.188244789763,72,23.2763936044648,48.7236063955352,0,I,144,9
188.406521797837,72,23.5195766296238,48.4804233703762,0,C,145,9
93.4802595840691,72,23.5978420218453,48.4021579781547,0,I,146,9
34.5280936017599,72,24.0095527796075,10.5185408221524,1,C,147,9
113.95913705017,72,24.1026963293552,47.8973036706448,0,I,148,9
40.0028994901496,72,24.3221981590614,15.6807013310882,1,C,149,9
111.363529295874,72,24.3655034294352,47.6344965705648,0,I,150,9
71.1607807724851,72,24.3825552798808,46.7782254926043,1,C,151,9
46.6436479468231,72,24.7358480701223,21.9077998767008,1,I,152,9
38.0119091975782,72,24.8916274029762,13.120281794602,1,C,153,9
41.125094164251,72,25.0212523480877,16.1038418161633,1,I,154,9
33.5818436495281,72,25.0834624702111,8.49838117931696,1,C,155,9
85.985996997748,72,25.2857288299128,46.7142711700872,0,I,156,9
29.7696318657773,72,25.646206503734,4.12342536204332,1,C,157,9
217.221954238951,72,25.7179691875353,46.2820308124647,0,I,158,9
61.2177187717482,72,26.0784273874015,35.1392913843468,1,C,159,9
149.347509919099,72,26.221354692243,45.778645307757,0,I,160,9
29.4999116997547,72,26.3519261078909,3.14798559186375,1,C,161,9
55.038798068492,72,26.5526398457587,28.4861582227334,1,I,162,9
48.8045721507141,72,26.6128071444109,22.1917650063032,1,C,163,9
153.789118956031,72,26.9107088400051,45.0892911599949,0,I,164,9
71.4372375835828,72,27.0289292000234,44.4083083835594,1,C,165,9
306.983322042491,72,27.2795700235292,44.7204299764708,0,I,166,9
100.274334144548,72,27.3947240877897,44.6052759122103,0,C,167,9
172.709439436262,72,27.7212845860049,44.2787154139951,0,I,168,9
101.621273567789,72,27.7947265282273,44.2052734717727,0,C,169,9
65.5524865726187,72,27.8003445267677,37.752142045851,1,I,170,9
173.641944598376,72,27.8238418791443,44.1761581208557,0,C,171,9
407.765202032386,72,27.881043003872,44.118956996128,0,I,172,9
32.3948378958437,72,27.8983538411558,4.4964840546879,1,C,173,9
138.398513739382,72,27.9437850834802,44.0562149165198,0,I,174,9
37.2471689929188,35.5025902274069,28.1868227245286,7.31576750287833,0,C,175,9
48.8878850359996,72,28.322263341397,20.5656216946025,1,I,176,9
43.500491367446,72,28.3560056984425,15.1444856690036,1,C,177,9
253.157982494252,72,28.5754311550409,43.4245688449591,0,I,178,9
97.1917153195054,72,28.6423623422161,43.3576376577839,0,C,179,9
150.993458272344,72,28.7139928154647,43.2860071845353,0,I,180,9
204.836941633846,72,28.8071464793757,43.1928535206243,0,C,181,9
32.1861340969096,53.1285181445672,28.8720939354971,3.31404016141253,1,I,182,9
61.1351649281167,72,28.9602629933506,32.174901934766,1,C,183,9
55.6732403475607,72,29.1973423445597,26.475898003001,1,I,184,9
58.1873437913177,72,30.0063783349469,28.1809654563708,1,C,185,9
52.0087718737871,37.8822808543968,30.0692260963842,7.81305475801261,0,I,186,9
40.3566036839092,72,30.149695747532,10.2069079363772,1,C,187,9
85.8512485124422,72,30.1982402382419,41.8017597617582,0,I,188,9
165.966386490622,72,30.2650750754401,41.7349249245599,0,C,189,9
189.947509047589,72,30.2718090405688,41.7281909594312,0,I,190,9
47.0594497405345,72,30.3772707469761,16.6821789935583,1,C,191,9
75.76556769448,72,30.5889989901334,41.4110010098666,0,I,192,9
39.8087805870467,72,30.8064481755719,9.00233241147486,1,C,193,9
39.1980057451736,72,31.0915823746473,8.10642337052629,1,I,194,9
73.7659209234687,72,31.413622610271,40.586377389729,0,C,195,9
101.252031296357,72,31.8196735577658,40.1803264422342,0,I,196,9
234.156315619785,72,31.8436374608427,40.1563625391573,0,C,197,9
97.2695788929269,72,31.982228695415,40.017771304585,0,I,198,9
125.653846791018,72,33.1355375004932,38.8644624995068,0,C,199,9
209.352821273895,69.3103702120412,33.1462397100404,36.1641305020008,0,I,200,9
35.215792916083,72,33.4166199993342,1.79917291674873,1,C,201,9
44.0340467714144,72,33.7252843659371,10.3087624054773,1,I,202,9
55.7829401617808,72,33.7537682102993,22.0291719514814,1,C,203,9
173.887533548601,49.5408566276046,33.7569910101593,15.7838656174453,0,I,204,9
97.1963665730959,72,33.8482843246311,38.1517156753689,0,C,205,9
62.5395147776628,72,33.8917153934017,28.6477993842611,1,I,206,9
255.034589840655,72,34.1838372079656,37.8161627920345,0,C,207,9
181.060446679721,72,34.3667703587562,37.6332296412438,0,I,208,9
50.3895614085535,72,34.5270191319287,15.8625422766248,1,C,209,9
511.386360385766,72,34.9204115336761,37.0795884663239,0,I,210,9
43.0861621452966,72,35.0376654462889,8.04849669900768,1,C,211,9
350.214859332462,72,35.1033853786066,36.8966146213934,0,I,212,9
207.192193304309,72,35.6936081266031,36.3063918733969,0,C,213,9
68.9201423425083,72,35.8259281609207,33.0942141815876,1,I,214,9
78.5173756932773,72,36.0062866425142,35.9937133574858,0,C,215,9
131.752734895446,72,36.0116669721901,35.9883330278099,0,I,216,9
141.981578213293,72,36.0738576203585,35.9261423796415,0,C,217,9
169.502390778627,72,36.2894796906039,35.7105203093961,0,I,218,9
141.677467169211,72,36.5893493453041,35.4106506546959,0,C,219,9
317.873153923473,72,36.6955433646217,35.3044566353783,0,I,220,9
85.4806905543059,72,36.8650915240869,35.1349084759131,0,C,221,9
128.129033721746,72,36.9843741226941,35.0156258773059,0,I,222,9
116.029679271605,72,37.1375022316352,34.8624977683649,0,C,223,9
156.328145790655,72,37.264657728374,34.735342271626,0,I,224,9
64.5249750190157,72,37.3538762284443,27.1710987905714,1,C,225,9
59.6987318739595,72,37.3792068986222,22.3195249753373,1,I,226,9
134.771824083767,72,37.4252878921106,34.5747121078894,0,C,227,9
244.15537735014,72,37.6085132500157,34.3914867499843,0,I,228,9
147.0094956884,72,38.2886174228042,33.7113825771958,0,C,229,9
59.6946945696357,72,38.5633340477943,21.1313605218413,1,I,230,9
80.7163828689239,72,39.3573339097202,32.6426660902798,0,C,231,9
47.2386022013756,72,39.6850130427629,7.55358915861274,1,I,232,9
72.1685839704493,72,39.900219803676,32.099780196324,0,C,233,9
66.1310830800685,72,40.0916849076748,26.0393981723937,1,I,234,9
56.9601905310645,72,40.4499956499785,16.510194881086,1,C,235,9
192.838619160622,72,40.480989147909,31.519010852091,0,I,236,9
44.785633633406,72,40.6810684455559,4.10456518785012,1,C,237,9
53.720383742687,72,40.7316237408668,12.9887600018202,1,I,238,9
98.5983419107769,72,40.7676960714161,31.2323039285839,0,C,239,9
137.977909022975,72,40.8543715858832,31.1456284141168,0,I,240,9
49.8757009933849,72,40.8661418454722,9.00955914791269,1,C,241,9
212.218504412081,72,41.3071902142838,30.6928097857162,0,I,242,9
84.1994614546463,72,41.3402742426842,30.6597257573158,0,C,243,9
161.463771436003,72,41.6565447533503,30.3434552466497,0,I,244,9
127.51595265288,72,41.8600275926292,30.1399724073708,0,C,245,9
148.584057888786,72,41.8960617436096,30.1039382563904,0,I,246,9
111.589797068632,72,42.1203620312735,29.8796379687265,0,C,247,9
159.075497807752,72,42.8001645812765,29.1998354187235,0,I,248,9
185.545337733867,72,42.8756668930873,29.1243331069127,0,C,249,9
90.2791456683011,72,42.9505059868097,29.0494940131903,0,I,250,9
163.32258829344,72,42.9976968700066,29.0023031299934,0,C,251,9
69.9092987989299,72,43.0621624505147,26.8471363484152,1,I,252,9
59.1188228220243,72,43.3840399794281,15.7347828425962,1,C,253,9
67.0968249805234,72,43.4190595708787,23.6777654096446,1,I,254,9
73.9110053942094,72,43.5452650487423,28.4547349512577,0,C,255,9
79.4469990111558,72,43.5988361109048,28.4011638890952,0,I,256,9
78.967275959524,72,43.7584626954049,28.2415373045951,0,C,257,9
624.531650182884,72,44.4766597542912,27.5233402457088,0,I,258,9
72.6338183263709,72,44.5918109128252,27.4081890871748,0,C,259,9
111.736251380385,72,44.6463481150568,27.3536518849433,0,I,260,9
48.5841473641944,72,44.6926060505211,3.89154131367329,1,C,261,9
47.0490491983555,72,44.7567833214998,2.29226587685564,1,I,262,9
54.8402729283486,72,45.2074298914522,9.63284303689645,1,C,263,9
88.4862383306981,72,45.527514712885,26.472485287115,0,I,264,9
106.826587886333,72,45.5445790383965,26.4554209616035,0,C,265,9
82.4298124860024,72,45.7945147482678,26.2054852517322,0,I,266,9
72.2980429633807,72,46.0485597280785,25.9514402719215,0,C,267,9
112.720831315397,72,46.4223512308672,25.5776487691328,0,I,268,9
88.6108828553602,72,46.5855328179896,25.4144671820104,0,C,269,9
506.311840074722,72,46.9609033176675,25.0390966823325,0,I,270,9
203.775965091629,72,47.0599254732952,24.9400745267049,0,C,271,9
52.4573565083533,72,47.077040662989,5.38031584536428,1,I,272,9
113.480761116472,72,47.4026875616983,24.5973124383017,0,C,273,9
63.1709900228416,72,47.5817280868068,15.5892619360347,1,I,274,9
110.20210156497,72,47.6007480081171,24.3992519918829,0,C,275,9
229.534692008932,72,47.750377189368,24.249622810632,0,I,276,9
234.192138889801,72,47.8421617671847,24.1578382328153,0,C,277,9
186.00062248266,49.7270516365679,48.0433690594509,1.683682577117,0,I,278,9
49.5808232981062,72,48.0753775499761,1.50544574813013,1,C,279,9
163.936899987194,72,48.3138349978253,23.6861650021747,0,I,280,9
65.4951238011094,72,48.7932167993859,16.7019070017236,1,C,281,9
378.779815066848,72,48.867920441553,23.132079558447,0,I,282,9
56.4199177199366,72,49.0892863227055,7.33063139723112,1,C,283,9
105.497409352147,72,49.1288242768496,22.8711757231504,0,I,284,9
93.2689044586636,72,49.1451308783144,22.8548691216856,0,C,285,9
154.297794240191,72,49.3415293190628,22.6584706809372,0,I,286,9
55.3172246770635,72,49.3605171376839,5.95670753937953,1,C,287,9
67.5709378631716,72,49.4561399845406,18.1147978786309,1,I,288,9
161.940834233293,72,49.5566224772483,22.4433775227517,0,C,289,9
139.433437382354,72,49.8551304917783,22.1448695082217,0,I,290,9
81.0673129319672,72,50.0023760274053,21.9976239725947,0,C,291,9
57.5141793469558,72,50.1267961459234,7.38738320103234,1,I,292,9
70.5280898431364,72,50.1646380918101,20.3634517513263,1,C,293,9
50.9569390362814,72,50.1879710610956,0.76896797518578,1,I,294,9
72.671553342803,72,50.5611939216033,21.4388060783967,0,C,295,9
203.550310753856,72,50.7089680060744,21.2910319939256,0,I,296,9
75.1185053633788,72,50.7168108830228,21.2831891169772,0,C,297,9
236.791955678937,72,51.204173876904,20.7958261230961,0,I,298,9
62.7533005052365,72,51.3335221912712,11.4197783139653,1,C,299,9
189.053990107392,70.4529898089888,51.391647127457,19.0613426815319,0,I,300,9
81.4088763078581,72,51.7039077635855,20.2960922364146,0,C,301,9
144.504771512629,72,52.0034313993529,19.9965686006472,0,I,302,9
59.9208419744454,72,52.2783554764465,7.64248649799897,1,C,303,9
178.629242513616,72,52.3632994573563,19.6367005426437,0,I,304,9
53.1640989553336,72,52.6907095732167,0.473389382116896,1,C,305,9
124.896144859153,72,52.9519843356684,19.0480156643316,0,I,306,9
59.5469177803074,58.9784966559067,53.1044441275299,5.87405252837682,0,C,307,9
350.820817151683,72,53.1668482208625,18.8331517791376,0,I,308,9
56.8613628209014,72,53.1818790268153,3.67948379408608,1,C,309,9
153.298183992822,72,53.2706164615229,18.7293835384771,0,I,310,9
54.9351508757174,72,53.5175572894514,1.41759358626604,1,C,311,9
411.127164791407,72,53.6852403497323,18.3147596502677,0,I,312,9
104.431461994386,72,53.7799857649952,18.2200142350048,0,C,313,9
112.403162981018,72,53.8509774953127,18.1490225046873,0,I,314,9
152.612682776513,72,53.8642659410834,18.1357340589166,0,C,315,9
221.441881737564,72,54.0268103359267,17.9731896640733,0,I,316,9
148.285735309501,72,54.094723155722,17.905276844278,0,C,317,9
200.399347717136,72,54.4626331469044,17.5373668530956,0,I,318,9
58.725347035783,72,54.6421658433974,4.08318119238565,1,C,319,9
181.96394922568,72,54.7586762951687,17.2413237048313,0,I,320,9
68.7747522944194,72,54.7636143676937,14.0111379267257,1,C,321,9
416.266581602098,72,54.7773328889161,17.2226671110839,0,I,322,9
106.12571781911,72,54.8480644030497,17.1519355969504,0,C,323,9
56.3282471577284,72,54.9677594611421,1.36048769658627,1,I,324,9
106.847276488228,72,55.0046047987416,16.9953952012584,0,C,325,9
58.7408846497002,72,55.0351360347122,3.70574861498797,1,I,326,9
155.897272813891,72,55.7225082814694,16.2774917185307,0,C,327,9
97.6947205157877,72,55.8089919621125,16.1910080378875,0,I,328,9
95.085737106007,72,55.9280719701201,16.0719280298799,0,C,329,9
73.9663986994652,72,56.044295411557,15.955704588443,0,I,330,9
77.0216876991201,72,56.0535377031192,15.9464622968808,0,C,331,9
145.800625948419,72,56.1104887537658,15.8895112462342,0,I,332,9
63.9369896919405,72,57.0165883703157,6.92040132162474,1,C,333,9
215.086256980755,72,57.0788141107187,14.9211858892813,0,I,334,9
75.1089204609999,72,57.6844826946035,14.3155173053965,0,C,335,9
81.2129982621726,72,57.6987588498741,14.3012411501259,0,I,336,9
138.091626441717,71.8090789327864,57.8369496809319,13.9721292518545,0,C,337,9
65.0984763596822,72,57.9472403973341,7.15123596234811,1,I,338,9
64.6178609195031,72,58.1417254870758,6.47613543242729,1,C,339,9
374.273809134619,72,59.3708544457331,12.6291455542669,0,I,340,9
77.9713202305473,72,59.4110282091424,12.5889717908576,0,C,341,9
244.86181780986,72,59.8886418202892,12.1113581797108,0,I,342,9
62.7109126470437,72,59.9532384239137,2.75767422313001,1,C,343,9
138.111560632139,72,59.9625169113278,12.0374830886722,0,I,344,9
28.4536146522094,72,0.00595305114984512,28.4476616010595,1,I,1,10
123.00624993078,72,0.0394316157326102,71.9605683842674,0,C,2,10
21.0969449294957,72,0.372967519797385,20.7239774096984,1,I,3,10
46.225481936622,72,0.469272402115166,45.7562095345068,1,C,4,10
126.873130809958,72,0.477677159942687,71.5223228400573,0,I,5,10
240.973726004655,72,0.53078277502209,71.4692172249779,0,C,6,10
2.22885996924831,72,0.532459407113493,1.69640056213482,1,I,7,10
41.3317105425471,72,0.537773603573442,40.7939369389737,1,C,8,10
53.4431238049815,72,0.576338432729244,52.8667853722522,1,I,9,10
7.07822167252669,72,0.742388600483537,6.33583307204316,1,C,10,10
286.412409446888,72,0.77642010524869,71.2235798947513,0,I,11,10
19.791354560678,72,0.97402922809124,18.8173253325868,1,C,12,10
9.04802654419164,72,1.23237553518265,7.81565100900898,1,I,13,10
10.8463495850957,72,1.2332813674584,9.61306821763731,1,C,14,10
58.3936426698738,72,1.27711703069508,57.1165256391787,1,I,15,10
41.8304327155634,72,1.30383897107095,40.5265937444925,1,C,16,10
43.2866635126202,72,1.46978352684528,41.8168799857749,1,I,17,10
12.6238173874286,72,1.63157441653311,10.9922429708955,1,C,18,10
61.1306845319167,72,1.68800789862871,59.442676633288,1,I,19,10
113.063350566003,72,1.69144129380584,70.3085587061942,0,C,20,10
98.3548329131332,72,1.83276761323214,70.1672323867679,0,I,21,10
43.8090154629774,72,1.88052888493985,41.9284865780376,1,C,22,10
104.477607988582,72,1.93303639534861,70.0669636046514,0,I,23,10
44.7008837628258,72,2.10609840229154,42.5947853605342,1,C,24,10
190.358250957986,72,2.45963692199439,69.5403630780056,0,I,25,10
44.9493645812404,72,2.48484643176198,42.4645181494784,1,C,26,10
50.5201373480575,72,2.56198130082339,47.9581560472341,1,I,27,10
64.1072304182762,72,2.83321826253086,61.2740121557453,1,C,28,10
168.893665515447,72,2.91944101452827,69.0805589854717,0,I,29,10
3.60626477184201,72,3.10277929063886,0.503485481203148,1,C,30,10
15.6410952472485,72,3.20772462990135,12.4333706173471,1,I,31,10
108.610971756368,72,3.22158630006015,68.7784136999399,0,C,32,10
26.741246536095,72,3.43772364780307,23.303522888292,1,I,33,10
103.12032917023,72,3.49030715413392,68.5096928458661,0,C,34,10
44.7545645584878,72,3.59971753321588,41.1548470252719,1,I,35,10
33.242488227739,72,4.31895910296589,28.9235291247731,1,C,36,10
10.1169553735531,72,4.56869962625206,5.54825574730106,1,I,37,10
43.4068126328937,72,4.82388151343912,38.5829311194545,1,C,38,10
17.8224117557481,72,4.82811839785427,12.9942933578939,1,I,39,10
12.3094611049263,72,4.92326692678034,7.38619417814597,1,C,40,10
152.975985829459,72,4.94702157564461,67.0529784243554,0,I,41,10
194.198077319618,72,5.00998391769826,66.9900160823017,0,C,42,10
12.7850505080481,72,5.18400952219963,7.60104098584842,1,I,43,10
115.875039548292,72,5.19892752170563,66.8010724782944,0,C,44,10
9.86302901859618,72,5.36201513372362,4.50101388487257,1,I,45,10
8.68982818822567,72,5.38429160602391,3.30553658220176,1,C,46,10
116.341453088481,72,5.3866500640288,66.6133499359712,0,I,47,10
140.421051925972,72,5.40246387943626,66.5975361205638,0,C,48,10
65.48435871908,72,5.43848021887243,60.0458785002076,1,I,49,10
41.7981677746542,72,5.48014365602285,36.3180241186313,1,C,50,10
31.1109846684879,72,5.50331235397607,25.6076723145119,1,I,51,10
50.9799762167383,72,5.7278596283868,45.2521165883515,1,C,52,10
168.692111228059,72,6.17429573088884,65.8257042691112,0,I,53,10
10.8198942464276,72,6.28271710127592,4.53717714515172,1,C,54,10
231.752810683555,72,6.50581976864487,65.4941802313551,0,I,55,10
33.6989917170084,72,6.67100720107555,27.0279845159329,1,C,56,10
168.756167243898,72,6.92663029767573,65.0733697023243,0,I,57,10
44.2240976777637,72,7.1133348159492,37.1107628618145,1,C,58,10
121.211224659227,72,7.26227296516299,64.737727034837,0,I,59,10
56.6774882735068,72,7.30112803168595,49.3763602418209,1,C,60,10
11.2245948930738,72,7.32692395336926,3.89767093970452,1,I,61,10
104.917919153406,72,7.3810925334692,64.6189074665308,0,C,62,10
90.6150316480427,72,7.39216016605496,64.607839833945,0,I,63,10
8.38682980649598,72,7.81499915756285,0.571830648933125,1,C,64,10
169.38314039231,72,8.54217260610312,63.4578273938969,0,I,65,10
18.9884592714607,72,8.68823083117604,10.3002284402846,1,C,66,10
34.822043992488,72,8.69505917653441,26.1269848159536,1,I,67,10
31.1076464084467,72,9.23382835462689,21.8738180538198,1,C,68,10
93.8100475375602,72,9.44721445441246,62.5527855455875,0,I,69,10
60.8712918484543,72,9.63092900812626,51.2403628403281,1,C,70,10
306.038756060421,72,10.3492617281154,61.6507382718846,0,I,71,10
33.0591600747849,72,10.4231192311272,22.6360408436577,1,C,72,10
51.8096705076558,72,10.786184608005,41.0234858996508,1,I,73,10
128.402430487532,72,10.7863987376913,61.2136012623087,0,C,74,10
88.1473264107196,72,10.8772655250505,61.1227344749495,0,I,75,10
28.4721543224007,72,10.9469771571457,17.525177165255,1,C,76,10
125.909204884268,72,11.0732061881572,60.9267938118428,0,I,77,10
15.8302185399187,72,11.0927085299045,4.73751001001421,1,C,78,10
179.093771408219,72,11.4963588723913,60.5036411276087,0,I,79,10
80.5164652864121,72,11.7506384337321,60.2493615662679,0,C,80,10
66.3861414862378,72,11.9959819223732,54.3901595638646,1,I,81,10
13.8673089683028,72,12.0090833678842,1.85822560041859,1,C,82,10
50.5718566019851,72,12.0153706613928,38.5564859405923,1,I,83,10
37.6011968957899,72,12.2465214505792,25.3546754452108,1,C,84,10
75.8152162822892,72,12.5723517592996,59.4276482407004,0,I,85,10
32.4687613418051,72,12.6674136472866,19.8013476945185,1,C,86,10
60.8194834167445,72,13.0399823281914,47.7795010885531,1,I,87,10
72.2644765998431,72,13.5932826809585,58.4067173190415,0,C,88,10
294.647029470273,72,13.627009280026,58.372990719974,0,I,89,10
22.8030468158234,72,13.6798501107842,9.1231967050392,1,C,90,10
261.30251602112,72,14.0604876866564,57.9395123133436,0,I,91,10
24.7361292876486,72,14.0685504768044,10.6675788108442,1,C,92,10
380.648127835238,72,14.3123756255955,57.6876243744046,0,I,93,10
59.8778471118333,72,14.3982379697263,45.479609142107,1,C,94,10
52.3845705014429,72,14.473063191399,37.9115073100439,1,I,95,10
40.4750203523684,72,14.5072463527322,25.9677739996363,1,C,96,10
36.0417594445206,72,14.6018673107028,21.4398921338178,1,I,97,10
40.0639564741537,72,14.8159457137808,25.2480107603729,1,C,98,10
35.630115510536,72,14.92986547295,20.700250037586,1,I,99,10
88.5679594160369,72,15.0102066854015,56.9897933145985,0,C,100,10
165.656717390958,54.3949622408545,15.029476499185,39.3654857416695,0,I,101,10
162.994749101085,72,15.076472517103,56.9235274828971,0,C,102,10
47.8065551480328,72,15.1079366449267,32.6986185031062,1,I,103,10
29.1063688510823,72,15.6316951895133,13.4746736615691,1,C,104,10
36.9218902671308,72,15.6332301115617,21.2886601555691,1,I,105,10
48.2821196331557,72,15.826245713979,32.4558739191767,1,C,106,10
151.635759142435,72,15.9803590038791,56.0196409961209,0,I,107,10
77.8303032510362,72,16.2159913033247,55.7840086966753,0,C,108,10
158.136549082787,72,16.2249354785308,55.7750645214692,0,I,109,10
21.3230330059565,72,16.432401034981,4.89063197097553,1,C,110,10
93.3877844044015,72,16.6315267095342,55.3684732904658,0,I,111,10
91.8594909769677,72,17.0084752840921,54.9915247159079,0,C,112,10
181.706701950066,72,17.1109298150986,54.8890701849014,0,I,113,10
18.9589290023458,72,17.153159128502,1.80576987384382,1,C,114,10
220.420014809989,72,17.7165373088792,54.2834626911208,0,I,115,10
46.9501267831447,72,17.8006678260863,29.1494589570584,1,C,116,10
153.941317314107,72,17.8677636897191,54.1322363102809,0,I,117,10
85.4009274575384,72,17.8766577132046,54.1233422867954,0,C,118,10
24.5544700975452,72,18.2026074640453,6.35186263349986,1,I,119,10
61.0269487217333,72,18.2677618833259,42.7591868384074,1,C,120,10
181.753273394753,72,18.4309208253399,53.5690791746602,0,I,121,10
48.9849648715625,72,18.4888433525339,30.4961215190286,1,C,122,10
126.933600456656,72,18.9381622569636,53.0618377430365,0,I,123,10
39.4336191207521,72,18.9542211312801,20.479397989472,1,C,124,10
226.044194416317,72,19.0236890455708,52.9763109544292,0,I,125,10
190.303778832634,72,19.0558526152745,52.9441473847255,0,C,126,10
23.1513276998449,72,19.1407016851008,4.01062601474409,1,I,127,10
83.0279020093068,72,19.1778050875291,52.8221949124709,0,C,128,10
59.7897022905605,72,19.3726853840053,40.4170169065552,1,I,129,10
68.4171101250331,72,19.4199864892289,48.9971236358042,1,C,130,10
204.067384972978,72,19.5313299866393,52.4686700133607,0,I,131,10
69.9287346015367,72,19.6575649129227,50.271169688614,1,C,132,10
57.1395075651049,72,19.7496758541092,37.3898317109956,1,I,133,10
20.1375525331025,72,19.7632444510236,0.374308082078862,1,C,134,10
270.083900237439,72,19.8609038209543,52.1390961790457,0,I,135,10
54.9217222595459,72,19.8702087812126,35.0515134783333,1,C,136,10
82.8417229971535,72,20.381831866689,51.618168133311,0,I,137,10
28.8291491966069,66.8875065476476,20.3977106278762,8.43143856873071,1,C,138,10
162.117089298637,72,20.6147720525041,51.3852279474959,0,I,139,10
88.6678230585654,72,20.8699439512566,51.1300560487434,0,C,140,10
98.377276941325,72,21.1526262899861,50.8473737100139,0,I,141,10
50.6287672746135,72,21.1686475016177,29.4601197729958,1,C,142,10
45.6946092555089,72,21.3443245366216,24.3502847188874,1,I,143,10
109.329804762237,72,21.4564051944762,50.5435948055238,0,C,144,10
130.300017699445,72,21.5014204289764,50.4985795710236,0,I,145,10
32.0651597889612,72,21.5741193993017,10.4910403896595,1,C,146,10
176.593524710419,72,21.6114070639014,50.3885929360986,0,I,147,10
102.977722750357,72,22.1251501562074,49.8748498437926,0,C,148,10
212.910876395569,72,22.1474276203662,49.8525723796338,0,I,149,10
33.6336332422668,72,22.2968464717269,11.3367867705399,1,C,150,10
36.0393709380017,72,22.3255011951551,13.7138697428467,1,I,151,10
91.8961224939692,72,22.3301477730274,49.6698522269726,0,C,152,10
79.7124349926846,72,22.3749682819471,49.6250317180529,0,I,153,10
54.7362584530003,72,22.3950797785074,32.341178674493,1,C,154,10
85.4164996118807,72,22.4259027605876,49.5740972394124,0,I,155,10
79.6365063828738,72,22.9004440549761,49.0995559450239,0,C,156,10
206.012301955543,72,23.015246973373,48.984753026627,0,I,157,10
31.4569383424972,72,23.111737081781,8.34520126071621,1,C,158,10
206.817510490791,72,23.1818811642006,48.8181188357994,0,I,159,10
54.5709508146724,72,23.5957020521164,30.975248762556,1,C,160,10
786.45738501105,72,23.6439621727914,48.3560378272086,0,I,161,10
25.5338381588653,72,23.679301799275,1.85453635959027,1,C,162,10
209.178614736878,72,23.7420891830698,48.2579108169302,0,I,163,10
30.6000127481386,72,24.1011417098343,6.49887103830422,1,C,164,10
107.008706995452,72,24.1986864712089,47.8013135287911,0,I,165,10
53.8891455525132,72,24.252269002609,29.6368765499042,1,C,166,10
211.83375853732,72,24.3567041214556,47.6432958785445,0,I,167,10
90.1879566597646,72,24.5613385224715,47.4386614775285,0,C,168,10
54.9031768494009,72,24.9145054863766,29.9886713630244,1,I,169,10
228.959240392555,72,25.1811083173379,46.8188916826621,0,C,170,10
305.539981244014,72,25.2447385853156,46.7552614146844,0,I,171,10
35.6205005669684,72,25.460620187223,10.1598803797455,1,C,172,10
106.941878343845,72,25.9240454016253,46.0759545983747,0,I,173,10
47.7613339735814,72,26.1117575224489,21.6495764511325,1,C,174,10
75.8099129800866,72,26.2526865396649,45.7473134603351,0,I,175,10
44.2179930287484,72,26.6009865514934,17.617006477255,1,C,176,10
171.612371085244,72,26.8246654747054,45.1753345252946,0,I,177,10
45.9197166556704,72,27.4189280066639,18.5007886490065,1,C,178,10
49.2140430933127,72,27.5621790345758,21.6518640587369,1,I,179,10
153.75052849626,72,27.7206023689359,44.2793976310641,0,C,180,10
37.3892492326285,72,28.049446712248,9.33980252038042,1,I,181,10
31.4949726687621,72,28.2576183183119,3.23735435045024,1,C,182,10
172.882536645084,72,28.4902748605236,43.5097251394764,0,I,183,10
45.30474166806,72,28.7117893947288,16.5929522733312,1,C,184,10
61.8963923209281,72,28.865421814844,33.0309705060841,1,I,185,10
31.8133527986377,72,29.0207267878577,2.79262601077997,1,C,186,10
32.0674322030611,72,29.1126835718751,2.95474863118597,1,I,187,10
128.619687565687,72,29.1851303586736,42.8148696413264,0,C,188,10
31.0319349840828,72,29.2401555133984,1.79177947068445,1,I,189,10
41.5258131075694,46.7601984717983,29.3719269102439,12.1538861973255,1,C,190,10
322.596425646848,72,29.6255902340636,42.3744097659364,0,I,191,10
55.704942530294,72,29.8422759957612,25.8626665345328,1,C,192,10
60.3070414799127,72,29.8545411648229,30.4525003150899,1,I,193,10
77.2645360945008,72,30.0345297390595,41.9654702609405,0,C,194,10
249.792245135569,72,30.320735857822,41.679264142178,0,I,195,10
72.7857167207074,72,30.5055824294686,41.4944175705314,0,C,196,10
59.0332015396163,52.0718554049853,30.6797729339451,21.3920824710403,0,I,197,10
65.8061180297993,72,30.817015604116,34.9891024256832,1,C,198,10
117.096975340998,72,30.8302967017517,41.1697032982484,0,I,199,10
39.0263493497094,72,30.9652138408273,8.06113550888203,1,C,200,10
66.6070529347659,72,31.0995188914239,35.507534043342,1,I,201,10
49.6517606558686,72,31.1828186921775,18.4689419636911,1,C,202,10
304.583918992287,72,31.4850754290819,40.5149245709181,0,I,203,10
112.21492494268,68.8001533966097,31.5353478770703,37.2648055195394,0,C,204,10
53.0229210815246,72,31.6467367205769,21.3761843609477,1,I,205,10
87.2894964379334,72,32.2919793007895,39.7080206992105,0,C,206,10
77.1593934174362,72,32.375832782127,39.624167217873,0,I,207,10
60.255971388139,72,32.7009123098105,27.5550590783285,1,C,208,10
147.840369435546,72,33.0053164483979,38.9946835516021,0,I,209,10
84.9042962272357,72,33.2395145623013,38.7604854376987,0,C,210,10
451.408909046102,72,33.2943419739604,38.7056580260396,0,I,211,10
164.699341518951,72,33.3034580061212,38.6965419938788,0,C,212,10
238.964637238542,72,33.3194347657263,38.6805652342737,0,I,213,10
100.166248727911,72,33.4329752577469,38.5670247422531,0,C,214,10
111.596057114476,72,33.6505052726716,38.3494947273284,0,I,215,10
41.4391893689398,72,34.0632870560512,7.37590231288862,1,C,216,10
62.978349784974,72,34.3929395405576,28.5854102444164,1,I,217,10
163.005270015507,72,34.3964097462595,37.6035902537406,0,C,218,10
85.2463278024742,72,34.691226775758,37.308773224242,0,I,219,10
48.1307287866165,72,34.6960119763389,13.4347168102775,1,C,220,10
36.1898111987367,72,34.8927229782566,1.29708822048009,1,I,221,10
80.7132117349698,72,35.1262407610193,36.8737592389807,0,C,222,10
90.0500157821419,72,35.136423362419,36.863576637581,0,I,223,10
59.081374554355,72,35.1527256192639,23.928648935091,1,C,224,10
181.190699949952,72,35.2657747780904,36.7342252219096,0,I,225,10
47.0291836194284,72,35.2758147474378,11.7533688719906,1,C,226,10
188.10196516778,72,35.3071483690292,36.6928516309708,0,I,227,10
58.453946779003,72,35.4679950093851,22.9859517696179,1,C,228,10
110.451478729853,72,35.4777309391648,36.5222690608352,0,I,229,10
48.7750443375596,72,35.6045793788508,13.1704649587089,1,C,230,10
93.4582595889276,72,35.6713323807344,36.3286676192656,0,I,231,10
68.1983013558488,72,36.239623920992,31.9586774348568,1,C,232,10
105.810848380411,72,36.4515673136339,35.5484326863661,0,I,233,10
71.730241183726,72,36.4542256621644,35.2760155215616,1,C,234,10
82.4518282974752,72,36.6374516347423,35.3625483652577,0,I,235,10
118.639794642439,72,36.8526986986399,35.1473013013601,0,C,236,10
117.209630340858,72,37.1224353136495,34.8775646863505,0,I,237,10
40.6519985744511,72,37.1239684615284,3.52803011292272,1,C,238,10
110.180741627855,72,37.1324218763039,34.8675781236962,0,I,239,10
151.887022725245,72,37.4293240299448,34.5706759700552,0,C,240,10
91.7309986986834,72,37.5450330879539,34.4549669120461,0,I,241,10
49.0389552175239,53.3110819400051,37.7068084152415,11.3321468022823,1,C,242,10
512.286592727229,72,37.7116625849158,34.2883374150842,0,I,243,10
72.8312981525819,72,38.0051000369713,33.9948999630287,0,C,244,10
142.403158451208,72,38.3812570525333,33.6187429474667,0,I,245,10
50.1287138392788,72,38.4647146426141,11.6639991966647,1,C,246,10
44.4005347737764,72,38.606899548322,5.7936352254544,1,I,247,10
122.322543210605,72,38.9424091670662,33.0575908329338,0,C,248,10
166.820142795116,72,39.1296058287844,32.8703941712156,0,I,249,10
60.4692210685812,72,39.142731372267,21.3264896963142,1,C,250,10
136.027962395617,72,39.2105462215841,32.7894537784159,0,I,251,10
155.278264641105,72,39.2429519305006,32.7570480694994,0,C,252,10
110.168160066687,72,39.3050749227405,32.6949250772595,0,I,253,10
65.9282134674651,72,39.3246379494667,26.6035755179984,1,C,254,10
348.956505492066,72,39.5751499012113,32.4248500987887,0,I,255,10
103.045557216609,72,39.6563354786485,32.3436645213515,0,C,256,10
154.211426993982,72,40.036667981185,31.963332018815,0,I,257,10
63.7724548033835,72,40.4820330860093,23.2904217173741,1,C,258,10
52.2478543012172,72,40.7179508032277,11.5299034979895,1,I,259,10
72.4848823113566,72,40.7413122709841,31.258687729016,0,C,260,10
163.867850334072,72,40.8197274617851,31.1802725382149,0,I,261,10
41.5240220817602,72,40.824774778448,0.699247303312165,1,C,262,10
98.563440665551,72,40.9183845994994,31.0816154005006,0,I,263,10
92.4602685346128,72,41.0098656825721,30.9901343174279,0,C,264,10
278.940960619115,72,41.0225963126868,30.9774036873132,0,I,265,10
176.198954131583,72,41.3907522708178,30.6092477291822,0,C,266,10
76.346592478704,72,41.4232449699193,30.5767550300807,0,I,267,10
55.8003159700099,72,41.4661280158907,14.3341879541192,1,C,268,10
156.071804570265,72,41.6221968177706,30.3778031822294,0,I,269,10
83.5989186451459,72,41.9087189761922,30.0912810238078,0,C,270,10
49.0129845656415,72,41.9993876433,7.01359692234149,1,I,271,10
59.6665797602516,72,42.2970637120307,17.369516048221,1,C,272,10
50.9538904550911,72,42.3821937013418,8.57169675374937,1,I,273,10
130.253580747885,72,42.4509856849909,29.5490143150091,0,C,274,10
319.118629019305,72,42.7074478240684,29.2925521759316,0,I,275,10
51.635248385966,72,42.7505839895457,8.88466439642032,1,C,276,10
76.9529089299313,72,42.8390915784985,29.1609084215015,0,I,277,10
66.4274717428251,72,42.8822030313313,23.5452687114938,1,C,278,10
60.6067815496195,72,42.8905322402716,17.716249309348,1,I,279,10
60.5533949639101,72,43.6489114025608,16.9044835613493,1,C,280,10
74.1235471157421,72,43.676043022424,28.323956977576,0,I,281,10
58.6174815752405,72,43.8329761242494,14.7845054509911,1,C,282,10
126.989544243071,72,43.8650601636618,28.1349398363382,0,I,283,10
49.3167542384192,72,44.4880509423092,4.82870329611003,1,C,284,10
45.0650907607811,72,44.899806138128,0.165284622653029,1,I,285,10
46.2900980870762,72,44.9246450560167,1.36545303105948,1,C,286,10
82.2974139364941,72,45.0453095370904,26.9546904629096,0,I,287,10
100.641665738767,72,45.0507536390796,26.9492463609204,0,C,288,10
229.785501311225,72,45.0968563836068,26.9031436163932,0,I,289,10
45.5312151119061,72,45.1251174509525,0.406097660953541,1,C,290,10
81.4786895534986,72,45.1454086555168,26.8545913444832,0,I,291,10
78.0505060433525,72,45.2596448455006,26.7403551544994,0,C,292,10
68.751328936031,72,45.2710703434423,23.4802585925887,1,I,293,10
51.2441558185979,72,45.6387916021049,5.60536421649302,1,C,294,10
143.300693910849,72,45.6674313638359,26.3325686361641,0,I,295,10
53.7082955340191,72,45.7973531261087,7.91094240791044,1,C,296,10
54.4938511129711,72,45.8101503225043,8.68370079046674,1,I,297,10
75.2050041383775,72,46.081193885766,25.918806114234,0,C,298,10
241.077454994048,72,46.2093957513571,25.7906042486429,0,I,299,10
48.4768906620569,72,46.267808242701,2.20908241935592,1,C,300,10
121.74151985183,72,46.2900381395593,25.7099618604407,0,I,301,10
73.766913517971,72,46.3937118044123,25.6062881955877,0,C,302,10
170.569547124527,72,46.4297470171005,25.5702529828996,0,I,303,10
60.9221948665159,72,46.5288283070549,14.393366559461,1,C,304,10
177.685454155178,72,46.5409332700074,25.4590667299926,0,I,305,10
61.5129427849075,72,46.5905931126326,14.9223496722749,1,C,306,10
122.955765822888,72,46.6142945783213,25.3857054216787,0,I,307,10
69.6044612371626,72,46.6352654574439,22.9691957797187,1,C,308,10
150.766380848148,72,46.9133605342358,25.0866394657642,0,I,309,10
69.0442278431502,72,47.2219550516456,21.8222727915046,1,C,310,10
457.952458093832,72,47.2400887543336,24.7599112456664,0,I,311,10
78.4695382949026,72,47.8077891748399,24.1922108251602,0,C,312,10
67.9870284828593,72,47.8952852357179,20.0917432471414,1,I,313,10
52.7629241548262,72,47.9228572826833,4.84006687214293,1,C,314,10
192.285457178756,72,48.0599449295551,23.9400550704449,0,I,315,10
59.6853335033052,72,48.463332625106,11.2220008781992,1,C,316,10
186.693034984051,72,48.4809036646038,23.5190963353962,0,I,317,10
203.034805406791,72,48.529130704701,23.4708692952991,0,C,318,10
49.807795743735,72,49.0404501697049,0.767345574030153,1,I,319,10
52.449371287738,72,49.1435074154288,3.30586387230923,1,C,320,10
110.00114452289,72,49.1550547163934,22.8449452836067,0,I,321,10
58.9552096716678,72,49.313548556529,9.64166111513876,1,C,322,10
55.8067480136386,72,49.6919266087934,6.11482140484511,1,I,323,10
108.737438784307,72,49.7357571031898,22.2642428968102,0,C,324,10
277.631724344393,72,50.1132569974288,21.8867430025712,0,I,325,10
198.469713241322,72,50.1303161401302,21.8696838598698,0,C,326,10
182.074523501687,72,50.44416165445,21.55583834555,0,I,327,10
63.9311478407633,72,50.7460105977953,13.1851372429681,1,C,328,10
459.522632011029,72,50.9374850057066,21.0625149942935,0,I,329,10
59.4126688277635,72,51.1506153456867,8.26205348207686,1,C,330,10
115.005628692701,72,51.4633198454976,20.5366801545024,0,I,331,10
111.027650858452,72,51.5360878268257,20.4639121731743,0,C,332,10
91.0583424310128,72,51.6555458726361,20.3444541273639,0,I,333,10
87.6807672987201,72,51.6866868222132,20.3133131777868,0,C,334,10
247.203578224567,72,51.870547849685,20.129452150315,0,I,335,10
85.0043227696594,72,51.9074024213478,20.0925975786522,0,C,336,10
169.804687346422,72,52.0248567732051,19.9751432267949,0,I,337,10
62.8875791693888,72,52.4480325914919,10.4395465778969,1,C,338,10
202.234088772408,72,52.5467452732846,19.4532547267154,0,I,339,10
72.4165394182086,72,52.5900528207421,19.4099471792579,0,C,340,10
159.953997902372,72,52.7479325607419,19.2520674392581,0,I,341,10
63.6945644043273,72,52.9930562060326,10.7015081982947,1,C,342,10
221.848975923665,72,53.0004522576928,18.9995477423072,0,I,343,10
77.4743597953405,63.6082714026194,53.3210446871817,10.2872267154377,0,C,344,10
172.738879133854,72,53.5850183246657,18.4149816753343,0,I,345,10
164.754572607185,72,53.7139422493056,18.2860577506945,0,C,346,10
55.5212903647167,72,53.7174396403134,1.80385072440325,1,I,347,10
54.3962543785616,72,53.8676759926602,0.528578385901367,1,C,348,10
97.4788020044102,72,53.9063785644248,18.0936214355752,0,I,349,10
90.5650314211734,72,54.1991078015417,17.8008921984583,0,C,350,10
144.467518535324,72,54.2641971353442,17.7358028646559,0,I,351,10
59.5351040941861,72,54.3079503625631,5.22715373162299,1,C,352,10
277.325299533891,72,55.1218409417197,16.8781590582803,0,I,353,10
78.7467911336395,72,55.2160151163116,16.7839848836884,0,C,354,10
182.588316204604,72,55.2714874735102,16.7285125264898,0,I,355,10
113.553236263414,72,55.5213236203417,16.4786763796583,0,C,356,10
161.826700608756,72,55.6151292985305,16.3848707014695,0,I,357,10
82.0778092198569,72,55.8962658466771,16.1037341533229,0,C,358,10
71.4413743678008,72,55.922413780354,15.5189605874468,1,I,359,10
68.2251376180815,72,56.1507583362982,12.0743792817834,1,C,360,10
307.414368480775,72,56.3821665477008,15.6178334522992,0,I,361,10
97.5072925013818,72,56.5333399549127,15.4666600450873,0,C,362,10
87.9424911003569,72,56.6491793235764,15.3508206764236,0,I,363,10
90.4726071721785,72,56.9202167680487,15.0797832319513,0,C,364,10
299.371607271767,72,57.064344920218,14.935655079782,0,I,365,10
93.5182465853329,72,57.1528567420319,14.8471432579681,0,C,366,10
128.819001542026,72,57.1880865795538,14.8119134204462,0,I,367,10
106.466515288249,72,57.2106552869082,14.7893447130919,0,C,368,10
95.790227268963,72,57.236790410243,14.763209589757,0,I,369,10
78.2241769659161,72,57.4017150280997,14.5982849719003,0,C,370,10
188.385372101138,72,57.4452924029902,14.5547075970098,0,I,371,10
130.371701093617,72,57.4762222822756,14.5237777177244,0,C,372,10
80.948848826024,72,57.67532880418,14.32467119582,0,I,373,10
139.071620774759,72,57.7390971360728,14.2609028639272,0,C,374,10
58.8907341432223,72,58.0900012236089,0.80073291961346,1,I,375,10
60.082609015479,72,58.161207055673,1.92140195980598,1,C,376,10
133.877628536222,72,58.1789361219853,13.8210638780147,0,I,377,10
167.125675833981,72,58.1971641629934,13.8028358370066,0,C,378,10
237.066025839681,72,58.3752813516185,13.6247186483815,0,I,379,10
65.8713447570853,72,58.4133965615183,7.45794819556695,1,C,380,10
156.99104187466,72,58.8078909600154,13.1921090399846,0,I,381,10
297.071231790117,72,58.8101186044514,13.1898813955486,0,C,382,10
240.789429934929,72,58.8997480971739,13.1002519028261,0,I,383,10
89.7621983208661,72,59.4675790658221,12.5324209341779,0,C,384,10
71.3585523286725,72,59.5759291481227,11.7826231805498,1,I,385,10
105.229589098579,72,59.7642457438633,12.2357542561367,0,C,386,10
117.35468667754,72,59.7909065382555,12.2090934617445,0,I,387,10
77.9413956160426,72,59.936489565298,12.063510434702,0,C,388,10
