t_cal_ev,t_cal_cens,t_acc,t,status,group,pat_id,sim_idx
53.9128866509089,72,0.0330429011955857,53.8798437497133,1,I,1,1
3.98602500844231,72,0.104261236265302,3.88176377217701,1,C,2,1
28.3038291672175,39.8433349692884,0.180542422458529,28.123286744759,1,I,3,1
49.635162355423,72,0.208201878704131,49.4269604767189,1,C,4,1
61.5072134111835,72,0.224139816127718,61.2830735950558,1,I,5,1
159.57291772988,72,0.29887673445046,71.7011232655495,0,C,6,1
14.6807581762998,72,0.320752146653831,14.3600060296459,1,I,7,1
43.5096883707676,72,0.326011469587684,43.1836769011799,1,C,8,1
16.6027844336434,25.8954841682859,0.331659642979503,16.2711247906639,1,I,9,1
10.3464564746856,72,0.36174044944346,9.9847160252421,1,C,10,1
63.6480015653093,72,0.417068037204444,63.2309335281049,1,I,11,1
31.1926296604158,72,0.451981066726148,30.7406485936897,1,C,12,1
9.55333417585069,72,0.458578839898109,9.09475533595258,1,I,13,1
50.4538902096346,72,0.697501050308347,49.7563891593262,1,C,14,1
73.923606911788,72,0.698168459348381,71.3018315406516,0,I,15,1
0.952728574361784,72,0.738192717544735,0.21453585681705,1,C,16,1
9.80632827404809,72,0.748100378550589,9.0582278954975,1,I,17,1
30.5344362504644,37.1437885223779,0.790235507301986,29.7442007431624,1,C,18,1
98.0752231016956,65.4136283698868,0.837126555852592,64.5765018140342,0,I,19,1
15.6778908229271,72,0.959188551642001,14.7187022712851,1,C,20,1
170.592115334445,72,0.962149989791214,71.0378500102088,0,I,21,1
39.8060705892842,45.3897363503874,1.02838107850403,38.7776895107802,1,C,22,1
41.4043164948579,72,1.11126185394824,40.2930546409097,1,I,23,1
70.1197009193523,72,1.25792934559286,68.8617715737594,1,C,24,1
65.1110670606554,72,1.26612131483853,63.8449457458168,1,I,25,1
3.29485394254691,72,1.28811767790467,2.00673626464225,1,C,26,1
25.766965405377,72,1.30361517425627,24.4633502311208,1,I,27,1
24.0425830986963,72,1.37411691248417,22.6684661862121,1,C,28,1
1.53905223168422,72,1.43095145467669,0.108100777007527,1,I,29,1
23.9687827182748,72,1.47734137717634,22.4914413410985,1,C,30,1
81.9774970664368,1.6416905726261,1.4792693965137,0.162421176112401,0,I,31,1
14.0933750266629,72,1.51102022733539,12.5823547993275,1,C,32,1
29.5012008171158,43.3569000985931,1.59398165065795,27.9072191664578,1,I,33,1
5.0233511454831,72,1.60770047921687,3.41565066626622,1,C,34,1
26.1812970945103,68.3934711249265,1.63678660523146,24.5445104892789,1,I,35,1
91.2565439948561,33.5333459596639,1.90360651351511,31.6297394461488,0,C,36,1
6.09044234611174,72,1.91787269432098,4.17256965179076,1,I,37,1
16.9052853257386,72,1.97766729164869,14.9276180340899,1,C,38,1
42.6077145140882,72,1.98473777621984,40.6229767378684,1,I,39,1
2.56216954831296,72,1.99111397378147,0.571055574531493,1,C,40,1
19.9588987109535,72,1.99319693259895,17.9657017783545,1,I,41,1
197.684254987986,53.9815172337366,2.02245860360563,51.959058630131,0,C,42,1
35.395925804663,72,2.08670756779611,33.3092182368669,1,I,43,1
7.7610094427262,72,2.09383831825107,5.66717112447513,1,C,44,1
12.979456838463,72,2.1663981070742,10.8130587313888,1,I,45,1
6.0843819604576,49.0161827083854,2.22396378871053,3.86041817174706,1,C,46,1
6.02504433575021,60.6912186503866,2.24085954017937,3.78418479557083,1,I,47,1
66.1804468509552,72,2.29701203294098,63.8834348180143,1,C,48,1
29.8919701367912,72,2.41145010106266,27.4805200357286,1,I,49,1
108.655075261146,72,2.4237489933148,69.5762510066852,0,C,50,1
5.5411560276262,29.1230022627742,2.4757579062134,3.0653981214128,1,I,51,1
13.5468604035619,72,2.51348270103335,11.0333777025286,1,C,52,1
27.6057209441642,48.2519425037772,2.53415695857257,25.0715639855917,1,I,53,1
42.6654014498077,72,2.59527986403555,40.0701215857722,1,C,54,1
40.6564500386715,28.3895961135884,2.64431864954531,25.745277464043,0,I,55,1
8.38026192025063,72,2.64640582725406,5.73385609299658,1,C,56,1
110.400617376527,72,2.73116542026401,69.268834579736,0,I,57,1
28.9434684405401,72,2.78721679933369,26.1562516412064,1,C,58,1
28.9282358637369,52.0467791648105,2.80276391655207,26.1254719471848,1,I,59,1
7.58462301617219,72,2.80511601828039,4.7795069978918,1,C,60,1
80.1364888248449,14.6645892286894,2.80810191761702,11.8564873110724,0,I,61,1
37.1518957584161,72,2.89474766235799,34.2571480960581,1,C,62,1
35.8220846018442,72,2.91744229383767,32.9046423080066,1,I,63,1
17.4297193499503,72,2.95711053069681,14.4726088192535,1,C,64,1
85.5761968973425,72,2.98334664199501,69.016653358005,0,I,65,1
67.1715474648261,72,3.05575118400157,64.1157962808245,1,C,66,1
23.9878520547769,72,3.06826090905815,20.9195911457187,1,I,67,1
70.4508766418512,72,3.08548615314066,67.3653904887106,1,C,68,1
117.475846775799,43.1298615452769,3.16051819827408,39.9693433470028,0,I,69,1
5.02710234513829,72,3.28508347738534,1.74201886775295,1,C,70,1
5.80236897487849,72,3.32522117067128,2.47714780420721,1,I,71,1
3.81766974061471,59.270782188069,3.32598202396184,0.491687716652864,1,C,72,1
45.9885092362682,47.3799436796253,3.33861307706684,42.6498961592014,1,I,73,1
47.1846847043539,72,3.381328121759,43.8033565825949,1,C,74,1
10.1096462469169,72,3.41427896171808,6.69536728519879,1,I,75,1
12.9982648274555,24.5710050582344,3.46930925734341,9.52895557011212,1,C,76,1
35.0504561712632,72,3.47914206795394,31.5713141033092,1,I,77,1
67.5098471956621,72,3.48123283591121,64.0286143597509,1,C,78,1
133.737031466687,54.9077399023742,3.54353712871671,51.3642027736575,0,I,79,1
4.24321929504268,20.2070184639393,3.55753418058157,0.68568511446111,1,C,80,1
37.5110926715533,72,3.56911004986614,33.9419826216872,1,I,81,1
16.5824292607266,72,3.57514687813818,13.0072823825884,1,C,82,1
188.114737335071,72,3.68098142556846,68.3190185744315,0,I,83,1
21.0991504498221,72,3.71306719724089,17.3860832525812,1,C,84,1
31.4286418442789,72,3.72098478488624,27.7076570593927,1,I,85,1
54.8137402274994,72,3.74663850758225,51.0671017199171,1,C,86,1
44.538866041547,72,3.76892041414976,40.7699456273973,1,I,87,1
73.1020681751491,72,3.86535552330315,68.1346444766969,0,C,88,1
5.21567471860842,72,3.90566841233522,1.3100063062732,1,I,89,1
32.4434355063766,72,3.94033974967897,28.5030957566976,1,C,90,1
19.7780049639935,72,3.97970259189606,15.7983023720974,1,I,91,1
62.8509813538047,72,3.98962439037859,58.8613569634261,1,C,92,1
36.8461821587239,72,4.00690196547657,32.8392801932473,1,I,93,1
16.3006724785946,72,4.04463544953614,12.2560370290585,1,C,94,1
87.0694388883946,20.7334636307581,4.04976569116116,16.6836979395969,0,I,95,1
6.75220524832803,72,4.17834313586354,2.57386211246449,1,C,96,1
94.5305910621862,72,4.19089910108596,67.809100898914,0,I,97,1
163.177257787317,72,4.19264629483223,67.8073537051678,0,C,98,1
12.8671475478176,72,4.27681848406792,8.59032906374971,1,I,99,1
29.3818003517554,8.35562442191093,4.31283437646925,4.04279004544167,0,C,100,1
10.5403306275056,72,4.3554149614647,6.18491566604089,1,I,101,1
82.0485048546222,72,4.38500605523586,67.6149939447641,0,C,102,1
77.0458322848967,72,4.38554864376783,67.6144513562322,0,I,103,1
20.1215705517612,72,4.48272313456982,15.6388474171913,1,C,104,1
131.358018504361,72,4.54324072692543,67.4567592730746,0,I,105,1
49.575483873999,41.0908506236581,4.54932762309909,36.541523000559,0,C,106,1
58.2161477873221,72,4.56482115201652,53.6513266353056,1,I,107,1
41.3974443903807,72,4.58625739440322,36.8111869959775,1,C,108,1
74.9847765564948,72,4.6044042147696,67.3955957852304,0,I,109,1
25.9685252330805,18.0837906189096,4.60440892260522,13.4793816963044,0,C,110,1
103.369763076489,72,4.61077441927046,67.3892255807296,0,I,111,1
17.0212316132144,72,4.6548229129985,12.3664087002159,1,C,112,1
62.2842631086631,72,4.66219460126013,57.622068507403,1,I,113,1
18.3668686186394,72,4.67555979732424,13.6913088213151,1,C,114,1
145.118304536422,72,4.68854530714452,67.3114546928555,0,I,115,1
5.87121281406134,72,4.69290230423212,1.17831050982922,1,C,116,1
108.850245069315,72,4.73317948635668,67.2668205136433,0,I,117,1
36.266200934991,72,4.76355122867972,31.5026497063112,1,C,118,1
96.0727695097824,72,4.76969526149333,67.2303047385067,0,I,119,1
47.2581807121288,72,4.77707249578089,42.4811082163479,1,C,120,1
12.9461219027824,72,4.84234515577555,8.10377674700686,1,I,121,1
54.8739734515131,72,4.86787745263428,50.0060959988788,1,C,122,1
37.7947300973386,72,4.87061000894755,32.9241200883911,1,I,123,1
26.1319743020567,72,4.87640437670052,21.2555699253562,1,C,124,1
25.9533941614581,16.4968187785707,5.02511164639145,11.4717071321793,0,I,125,1
27.5721442491468,72,5.03696270752698,22.5351815416199,1,C,126,1
5.95505301580751,72,5.28149594552815,0.673557070279363,1,I,127,1
15.0705670724979,72,5.29812186956406,9.7724452029338,1,C,128,1
22.6898822229972,72,5.32122794073075,17.3686542822665,1,I,129,1
41.2674244767633,72,5.36895772442222,35.8984667523411,1,C,130,1
17.6119693886127,11.6235639814626,5.43976357206702,6.18380040939558,0,I,131,1
46.923869667524,72,5.52912492770702,41.394744739817,1,C,132,1
22.2959922920407,72,5.56153700686991,16.7344552851708,1,I,133,1
40.6640530751809,26.3848094410366,5.57340744417161,20.811401996865,0,C,134,1
108.642490031801,72,5.61347616836429,66.3865238316357,0,I,135,1
8.92838989863384,72,5.65755895804614,3.2708309405877,1,C,136,1
83.1085118201002,61.3067724946095,5.73036496527493,55.5764075293346,0,I,137,1
92.3613181268668,72,5.80336196813732,66.1966380318627,0,C,138,1
97.3105884175662,10.7570580979391,5.97519622184336,4.78186187609572,0,I,139,1
51.9148539193126,72,6.06683237012476,45.8480215491879,1,C,140,1
72.5799057266017,72,6.07574458234012,65.9242554176599,0,I,141,1
59.4575280805114,15.1521509117021,6.10240613110364,9.04974478059848,0,C,142,1
17.2979975096668,72,6.10699346289039,11.1910040467765,1,I,143,1
19.9996039632243,72,6.18192750960589,13.8176764536184,1,C,144,1
53.2194565310127,72,6.2623438378796,46.9571126931331,1,I,145,1
32.2755448855429,27.7312471952607,6.26474955584854,21.4664976394122,0,C,146,1
62.0045607261466,10.8521318811846,6.36356061324477,4.48857126793984,0,I,147,1
17.5007187114729,14.8198448706726,6.37274424545467,8.44710062521797,0,C,148,1
37.1022879699898,72,6.38300991151482,30.719278058475,1,I,149,1
8.20068474697564,72,6.41311027575284,1.78757447122279,1,C,150,1
52.7571952892061,72,6.50506687816232,46.2521284110438,1,I,151,1
19.2981397992126,72,6.52250467333943,12.7756351258732,1,C,152,1
19.8760512195161,56.3391748806367,6.57631935551763,13.2997318639985,1,I,153,1
13.9293736451251,72,6.58323587849736,7.3461377666277,1,C,154,1
76.9105367988313,72,6.60218906588852,65.3978109341115,0,I,155,1
128.421831205197,72,6.63220681250095,65.3677931874991,0,C,156,1
49.9535507090839,49.3329757238858,6.64288799744099,42.6900877264448,0,I,157,1
44.7761782765053,56.5809195818134,6.71361370012164,38.0625645763837,1,C,158,1
12.196229302069,72,6.72469756565988,5.47153173640913,1,I,159,1
53.3339255684016,46.1536903254882,6.78325414191932,39.3704361835689,0,C,160,1
33.9132638304108,72,6.78891086485237,27.1243529655584,1,I,161,1
8.35447007589234,72,6.84533840976656,1.50913166612578,1,C,162,1
29.8494134867825,72,6.88592010643333,22.9634933803491,1,I,163,1
29.8043213830182,65.3299221433241,6.91194773185998,22.8923736511582,1,C,164,1
25.9014680003143,72,7.02423000242561,18.8772379978887,1,I,165,1
144.086390025755,38.1013859005279,7.05387932248414,31.0475065780438,0,C,166,1
16.4922275105999,72,7.13598749600351,9.3562400145964,1,I,167,1
54.0713861555913,72,7.1812746534124,46.8901115021789,1,C,168,1
116.288866594496,72,7.29374504182488,64.7062549581751,0,I,169,1
9.20247979116218,72,7.3552056401968,1.84727415096538,1,C,170,1
53.3591238620191,72,7.37889331765473,45.9802305443644,1,I,171,1
10.9359359178225,72,7.41469995584339,3.52123596197914,1,C,172,1
28.6804744104273,72,7.42327793966979,21.2571964707575,1,I,173,1
23.280959049916,72,7.42530707269907,15.8556519772169,1,C,174,1
65.2312839461468,72,7.7374037867412,57.4938801594056,1,I,175,1
8.85432055800713,72,7.76438815053552,1.08993240747161,1,C,176,1
15.9535002966937,72,7.77548887766898,8.17801141902472,1,I,177,1
31.9277291438116,72,7.80283726751804,24.1248918762936,1,C,178,1
74.0997605833643,17.4851153154881,7.83009690698236,9.65501840850573,0,I,179,1
104.999320171139,72,7.84094121772796,64.159058782272,0,C,180,1
30.9169983044639,55.9310358618809,7.92329823598266,22.9937000684812,1,I,181,1
41.4616689622333,72,7.96575205866247,33.4959169035708,1,C,182,1
138.3330427406,72,7.9670630581677,64.0329369418323,0,I,183,1
59.9002156870794,51.7631206793194,8.01041733473539,43.752703344584,0,C,184,1
10.2830729912371,46.7361207174926,8.02159510552883,2.26147788570822,1,I,185,1
56.6278996732919,72,8.05008694063872,48.5778127326532,1,C,186,1
44.9547922998854,72,8.08117460925132,36.8736176906341,1,I,187,1
11.1292469894871,72,8.0865054577589,3.04274153172821,1,C,188,1
22.3772170756437,72,8.09011470526457,14.2871023703791,1,I,189,1
49.5961574901461,24.1668458601737,8.22137469425798,15.9454711659158,0,C,190,1
77.7826478138719,72,8.23214578907937,63.7678542109206,0,I,191,1
50.0862411988755,72,8.26212713029236,41.8241140685831,1,C,192,1
26.5220324846111,54.9835398904641,8.27855842653662,18.2434740580745,1,I,193,1
132.972991505727,72,8.30675579141825,63.6932442085818,0,C,194,1
77.8669177467855,72,8.38820126373321,63.6117987362668,0,I,195,1
53.8944836633925,72,8.44240395817906,45.4520797052135,1,C,196,1
12.793316789083,72,8.48150411155075,4.31181267753223,1,I,197,1
41.7462364432983,72,8.4844637895003,33.261772653798,1,C,198,1
17.0471998148056,72,8.51193505804986,8.53526475675574,1,I,199,1
41.2194039856125,72,8.54679993353784,32.6726040520747,1,C,200,1
22.5498243360845,72,8.55835690163076,13.9914674344537,1,I,201,1
29.5423496813186,72,8.67765680886805,20.8646928724506,1,C,202,1
11.7108141765011,72,8.7554994598031,2.95531471669798,1,I,203,1
15.9958159077035,10.1373214526187,9.02464650571346,1.1126749469052,0,C,204,1
88.8318207688249,22.3399811321605,9.11099121440202,13.2289899177585,0,I,205,1
16.2660707551263,72,9.12405679933727,7.14201395578899,1,C,206,1
19.7706307596599,15.1103309076983,9.12792914081365,5.98240176688467,0,I,207,1
42.9538930842572,72,9.20299664139748,33.7508964428598,1,C,208,1
24.1661218101063,72,9.34391583781689,14.8222059722894,1,I,209,1
54.8659337315097,18.6274310579257,9.35233163181692,9.27509942610873,0,C,210,1
78.173300546435,23.3513685080491,9.41811568569392,13.9332528223552,0,I,211,1
44.6205617058014,72,9.42654670681804,35.1940149989834,1,C,212,1
67.1661615722567,72,9.49670028872788,57.6694612835288,1,I,213,1
36.5178264137477,72,9.53438489232212,26.9834415214256,1,C,214,1
56.419483350119,72,9.57237955648452,46.8471037936345,1,I,215,1
29.6186992689493,53.9437673073944,9.5730914734304,20.0456077955189,1,C,216,1
32.0356594980158,72,9.7804937325418,22.255165765474,1,I,217,1
238.707441187133,72,9.78161594364792,62.2183840563521,0,C,218,1
41.2696331085408,72,9.79724127799273,31.4723918305481,1,I,219,1
48.9642407317442,27.7390958047835,9.88387668505311,17.8552191197304,0,C,220,1
54.9057124615425,72,9.93871918413788,44.9669932774046,1,I,221,1
32.2669244973909,72,10.0098107010126,22.2571137963783,1,C,222,1
69.5616886405312,72,10.1233329344541,59.4383557060771,1,I,223,1
38.0784595473032,15.9579114686909,10.1806886354461,5.7772228332448,0,C,224,1
10.6367274554098,72,10.2169621316716,0.41976532373819,1,I,225,1
45.398605182299,60.8928693205164,10.2673822827637,35.1312228995353,1,C,226,1
44.135017798838,72,10.4391487268731,33.6958690719649,1,I,227,1
14.6372370498029,72,10.6021817447618,4.03505530504109,1,C,228,1
11.8665016959852,72,10.6722691236064,1.19423257237879,1,I,229,1
17.777498627653,72,10.6822066241875,7.09529200346545,1,C,230,1
21.5851153988373,52.7204063866947,10.6953687826172,10.8897466162201,1,I,231,1
28.2862890201037,72,10.7096932874992,17.5765957326044,1,C,232,1
75.2059282101938,72,10.8334667421877,61.1665332578123,0,I,233,1
24.5599198679891,72,10.8886229200289,13.6712969479603,1,C,234,1
23.9945850224305,72,10.9698647120968,13.0247203103338,1,I,235,1
51.6635826545234,72,10.9813463967294,40.6822362577941,1,C,236,1
19.0348354621518,18.8012515291283,11.0219309432432,7.77932058588511,0,I,237,1
26.2708422494045,72,11.0375910345465,15.233251214858,1,C,238,1
49.2500384025543,72,11.0487634129822,38.2012749895721,1,I,239,1
27.4925338756888,12.8748867692132,11.1665156995878,1.7083710696254,0,C,240,1
84.0403837779647,63.6338765438876,11.1672787880525,52.4665977558351,0,I,241,1
39.2687809103711,72,11.1763863964006,28.0923945139705,1,C,242,1
52.9694102041533,72,11.2556416913867,41.7137685127666,1,I,243,1
30.5755038785542,72,11.3172998232767,19.2582040552775,1,C,244,1
25.7671783743919,40.4183037510199,11.3272345159203,14.4399438584716,1,I,245,1
37.4620936571432,65.3062105835531,11.3757571438327,26.0863365133105,1,C,246,1
27.1989272223851,72,11.4371829852462,15.7617442371389,1,I,247,1
102.977146187255,72,11.5526299970225,60.4473700029776,0,C,248,1
16.7420803275576,72,11.5528792049736,5.18920112258399,1,I,249,1
68.806559586309,15.0585458719545,11.7371422844008,3.32140358755379,0,C,250,1
53.8679860195756,72,11.7519907001406,42.115995319435,1,I,251,1
55.5280820822759,72,11.8132657790557,43.7148163032203,1,C,252,1
15.2522147665933,72,11.84968826361,3.40252650298327,1,I,253,1
16.5108885703642,22.8596710006967,11.8888664944097,4.62202207595446,1,C,254,1
35.8991873466494,72,12.0171344233677,23.8820529232817,1,I,255,1
28.9742697976301,72,12.1047886367887,16.8694811608414,1,C,256,1
104.402349496314,72,12.1693658363074,59.8306341636926,0,I,257,1
15.5769668087853,72,12.4210054334253,3.15596137536001,1,C,258,1
90.5927275365423,72,12.4229671759531,59.5770328240469,0,I,259,1
26.6446523597672,72,12.5179942930117,14.1266580667555,1,C,260,1
41.9041112429865,72,12.5270692259073,29.3770420170791,1,I,261,1
18.5992250899261,28.6159558444728,12.5920614274219,6.00716366250422,1,C,262,1
55.5579562473116,72,12.70238106139,42.8555751859215,1,I,263,1
20.9624529037997,72,12.7901904238388,8.17226247996089,1,C,264,1
40.5676183502722,72,12.9239343479276,27.6436840023447,1,I,265,1
16.8291109586772,72,12.9250023001805,3.90410865849669,1,C,266,1
22.809928884396,72,12.9258272470906,9.88410163730536,1,I,267,1
63.5393263834447,72,12.9359106346965,50.6034157487482,1,C,268,1
14.8213966045101,72,13.018835708499,1.80256089601113,1,I,269,1
17.4293268783061,22.0782905941104,13.1212341925129,4.30809268579314,1,C,270,1
53.4931792798519,72,13.1690702168271,40.3241090630248,1,I,271,1
59.8354046402539,72,13.1863023340702,46.6491023061837,1,C,272,1
23.9715084465383,72,13.2022440014407,10.7692644450976,1,I,273,1
23.9460293964486,72,13.2856920920312,10.6603373044174,1,C,274,1
16.5494413630018,72,13.2961662439629,3.2532751190389,1,I,275,1
14.6035948804422,66.1244671313929,13.3593295002356,1.24426538020656,1,C,276,1
18.7097534011099,72,13.3744373638183,5.3353160372916,1,I,277,1
23.1936011083107,72,13.4439485287294,9.74965257958133,1,C,278,1
63.6133235924934,72,13.5877925902605,50.0255310022329,1,I,279,1
65.1665426134762,72,13.6305252369493,51.5360173765269,1,C,280,1
64.8438727244037,72,13.6380085581914,51.2058641662123,1,I,281,1
16.7325792758658,72,13.6991232912987,3.03345598456701,1,C,282,1
22.3741704572633,72,13.7705296184868,8.60364083877654,1,I,283,1
63.6558424244421,72,13.7790514575318,49.8767909669104,1,C,284,1
41.8281423309169,72,13.803425473161,28.0247168577559,1,I,285,1
77.8732202950647,72,14.0385516174138,57.9614483825862,0,C,286,1
21.7848705224915,72,14.0419011376798,7.7429693848117,1,I,287,1
37.889342098826,72,14.0928666573018,23.7964754415243,1,C,288,1
25.9065271320354,72,14.1049036430195,11.8016234890159,1,I,289,1
84.4601712095539,72,14.118779967539,57.881220032461,0,C,290,1
15.7395953962527,72,14.1304971417412,1.60909825451146,1,I,291,1
28.233346932684,72,14.1480998788029,14.0852470538811,1,C,292,1
25.5773786883751,72,14.1706312866882,11.4067474016869,1,I,293,1
129.139979281237,72,14.2073886003345,57.7926113996655,0,C,294,1
23.621020098536,55.4505328841966,14.2928150296211,9.32820506891491,1,I,295,1
36.9265947506071,72,14.3431790079921,22.583415742615,1,C,296,1
47.044052861726,47.4750040364475,14.3569124490023,32.6871404127237,1,I,297,1
39.5447399940207,72,14.3643054971471,25.1804344968735,1,C,298,1
21.2501075457285,72,14.3845735676587,6.86553397806984,1,I,299,1
47.4870472647065,72,14.459648639895,33.0273986248115,1,C,300,1
33.4888250007112,72,14.4769765622914,19.0118484384198,1,I,301,1
20.9278695161358,72,14.5034647453576,6.42440477077818,1,C,302,1
14.7199210793218,72,14.6232755575329,0.0966455217888968,1,I,303,1
54.2189273174279,72,14.6381823532283,39.5807449641996,1,C,304,1
54.3820922522101,72,14.6605606516823,39.7215316005278,1,I,305,1
15.5263164525544,72,14.697856712155,0.828459740399388,1,C,306,1
37.7273758405314,72,14.7378356941044,22.9895401464269,1,I,307,1
26.5820715370564,72,14.7769688162953,11.8051027207612,1,C,308,1
70.3075500226229,72,14.8223641980439,55.4851858245789,1,I,309,1
80.9478518191652,63.5782930227701,14.9183325469494,48.6599604758207,0,C,310,1
17.1100770347149,61.5368434449367,15.0744086271152,2.03566840759975,1,I,311,1
106.792663493414,72,15.1317614782602,56.8682385217398,0,C,312,1
29.4608485088384,72,15.1865141373128,14.2743343715256,1,I,313,1
45.3588389806493,72,15.2479748334736,30.1108641471758,1,C,314,1
69.9685582450448,72,15.2785711130127,54.689987132032,1,I,315,1
25.8958754378622,72,15.3915534261614,10.5043220117008,1,C,316,1
17.1216244028943,72,15.4230857128277,1.69853869006654,1,I,317,1
24.5954904961431,72,15.4246250772849,9.17086541885827,1,C,318,1
20.573673401114,72,15.568394260481,5.00527914063296,1,I,319,1
25.9500663068201,72,15.6116489041597,10.3384174026604,1,C,320,1
75.6338538409318,63.181238700092,15.6763819791377,47.5048567209544,0,I,321,1
24.5379077302628,72,15.6848172750324,8.85309045523039,1,C,322,1
56.9292472933782,72,15.6957496795803,41.2334976137979,1,I,323,1
98.1904993306996,51.2032861935216,15.7005602912977,35.5027259022238,0,C,324,1
28.961211675606,72,15.7122693350539,13.2489423405521,1,I,325,1
63.3047478962917,19.9185282634111,15.7540948782116,4.16443338519944,0,C,326,1
38.336691568854,72,15.7870925730094,22.5495989958446,1,I,327,1
106.353713697393,21.5693363124136,15.8139630267397,5.75537328567397,0,C,328,1
38.5628710540718,72,15.8536658668891,22.7092051871828,1,I,329,1
48.2136813289563,72,15.882554766722,32.3311265622343,1,C,330,1
68.2747755916019,72,15.9436629898846,52.3311126017173,1,I,331,1
34.4729867189514,69.2001036308445,15.9811820229515,18.4918046959999,1,C,332,1
22.0916852744821,72,15.996544403024,6.09514087145809,1,I,333,1
18.5608057099513,72,16.1634760675952,2.39732964235613,1,C,334,1
101.952324602071,64.8730052907799,16.1846538120881,48.6883514786918,0,I,335,1
20.7236512716513,72,16.2650197651237,4.45863150652759,1,C,336,1
58.4205944585373,72,16.278756824322,42.1418376342153,1,I,337,1
36.044155840258,72,16.3318347092718,19.7123211309862,1,C,338,1
76.1763346929773,72,16.3490177784115,55.6509822215885,0,I,339,1
21.1534791047323,72,16.3752349186689,4.77824418606344,1,C,340,1
98.9391472290812,72,16.4755017450079,55.5244982549921,0,I,341,1
90.2606227297076,72,16.4880176307634,55.5119823692367,0,C,342,1
32.0970745058743,72,16.5634468523785,15.5336276534958,1,I,343,1
30.7794767326827,72,16.5635902667418,14.2158864659409,1,C,344,1
48.3649925917291,72,16.5642684604973,31.8007241312319,1,I,345,1
22.469604159882,49.2057997284256,16.5758008975536,5.89380326232842,1,C,346,1
33.1585043756879,72,16.5989779494703,16.5595264262176,1,I,347,1
28.4483337629679,72,16.8679643701762,11.5803693927917,1,C,348,1
54.2776003063406,72,16.9228104874492,37.3547898188915,1,I,349,1
105.481316736494,72,16.93129805848,55.06870194152,0,C,350,1
37.0376712727443,72,17.0290995156392,20.0085717571051,1,I,351,1
17.9451233498561,72,17.0301515422761,0.914971807579911,1,C,352,1
34.9509754603274,72,17.0886436058208,17.8623318545066,1,I,353,1
20.7875926150371,72,17.130759106949,3.65683350808817,1,C,354,1
74.2537003772477,72,17.2095466917381,54.7904533082619,0,I,355,1
48.6339388440268,72,17.2260918421671,31.4078470018597,1,C,356,1
28.9805257889561,72,17.2993794316426,11.6811463573135,1,I,357,1
25.1211979443655,72,17.3707764409482,7.75042150341728,1,C,358,1
23.5085213236865,72,17.3994971998036,6.10902412388291,1,I,359,1
33.1588752126594,72,17.4731761403382,15.6856990723213,1,C,360,1
18.8064129095552,72,17.5372808100656,1.26913209948961,1,I,361,1
40.5274384461854,72,17.5623568659648,22.9650815802205,1,C,362,1
64.4095446713401,30.7245098588074,17.6498031942174,13.07470666459,0,I,363,1
21.6020641846653,72,17.6636880403385,3.93837614432682,1,C,364,1
50.4044836721876,72,17.7221935847774,32.6822900874102,1,I,365,1
48.4400578321104,72,17.7428094903007,30.6972483418096,1,C,366,1
91.963383383399,72,17.7804662520066,54.2195337479934,0,I,367,1
49.2870962548154,72,17.9095623269677,31.3775339278477,1,C,368,1
20.2972943403249,72,18.0186434090137,2.27865093131119,1,I,369,1
41.0001871126994,72,18.0911914771423,22.9089956355571,1,C,370,1
87.616879406335,72,18.1266276771203,53.8733723228797,0,I,371,1
95.1989066329554,72,18.1767264660448,53.8232735339552,0,C,372,1
36.574033287455,72,18.2378075458109,18.3362257416441,1,I,373,1
75.816273137681,72,18.2471217820421,53.7528782179579,0,C,374,1
130.896987218678,72,18.2868672022596,53.7131327977404,0,I,375,1
59.7868328579243,72,18.3906843792647,41.3961484786596,1,C,376,1
54.7561152308595,72,18.3945961017162,36.3615191291433,1,I,377,1
52.9514958738452,72,18.4677395503968,34.4837563234484,1,C,378,1
19.1506637598372,72,18.5622274875641,0.588436272273086,1,I,379,1
79.5915197021564,72,18.5831312695518,53.4168687304482,0,C,380,1
39.4090860802529,72,18.6356494529173,20.7734366273356,1,I,381,1
79.366624381,72,18.76524659805,53.23475340195,0,C,382,1
109.734982421002,26.2561042621184,18.8124378444627,7.44366641765574,0,I,383,1
80.5749464337532,72,18.8308137981221,53.1691862018779,0,C,384,1
127.51773925823,72,18.8391700387001,53.1608299612999,0,I,385,1
178.407671020719,72,18.8516963738948,53.1483036261052,0,C,386,1
48.1502966072272,72,18.9118050551042,29.238491552123,1,I,387,1
29.6368924098053,72,18.9313586521894,10.7055337576159,1,C,388,1
57.9579713120763,72,18.9875221811235,38.9704491309528,1,I,389,1
76.7701139246224,72,18.9887517504394,53.0112482495606,0,C,390,1
42.9297114607099,72,19.0624018292874,23.8673096314225,1,I,391,1
38.9729192011902,49.9171862538797,19.1498049907386,19.8231142104516,1,C,392,1
37.9686347065915,72,19.1971623664722,18.7714723401193,1,I,393,1
33.5550817267395,72,19.2114608595148,14.3436208672247,1,C,394,1
91.9958264880694,72,19.2407075129449,52.7592924870551,0,I,395,1
61.425746652784,50.3297939913411,19.2859846819192,31.0438093094219,0,C,396,1
51.7702933601387,25.6066661508538,19.2926597781479,6.31400637270589,0,I,397,1
178.541595037539,34.572224017242,19.3510338105261,15.2211902067158,0,C,398,1
47.1002762822096,22.2670663081073,19.3988561723381,2.86821013576916,0,I,399,1
95.6773392462872,72,19.4952852744609,52.5047147255391,0,C,400,1
46.2007696599161,72,19.5581268612295,26.6426427986865,1,I,401,1
42.8742267832439,72,19.6486545028165,23.2255722804274,1,C,402,1
44.026166948231,72,19.6545309992507,24.3716359489803,1,I,403,1
34.7456241582377,72,19.760625413619,14.9849987446187,1,C,404,1
30.7982571269966,41.4343543824873,19.8053815634921,10.9928755635045,1,I,405,1
69.3309682430548,72,19.830651730299,49.5003165127558,1,C,406,1
34.1710583517503,72,19.8536957614124,14.3173625903379,1,I,407,1
29.5306841419117,25.1190240046923,19.9359015701339,5.18312243455845,0,C,408,1
23.9624991202449,72,19.9475624738261,4.01493664641877,1,I,409,1
35.9516256215483,72,20.0195044185966,15.9321212029517,1,C,410,1
31.9082653317143,72,20.0955676753074,11.8126976564069,1,I,411,1
53.238488933506,72,20.1539443060756,33.0845446274304,1,C,412,1
70.2599323494638,72,20.1547167124227,50.1052156370411,1,I,413,1
21.0410484863728,72,20.2522708894685,0.788777596904341,1,C,414,1
70.4667211017616,72,20.2811738150194,50.1855472867421,1,I,415,1
22.530871978062,72,20.4609651491046,2.06990682895739,1,C,416,1
150.629581802949,72,20.4995949519798,51.5004050480202,0,I,417,1
37.6401666186279,72,20.5697202589363,17.0704463596916,1,C,418,1
27.3174943507665,72,20.6058263406158,6.7116680101507,1,I,419,1
39.0883175956202,72,20.6305531226099,18.4577644730104,1,C,420,1
160.710059278036,72,20.6319796806201,51.3680203193799,0,I,421,1
52.2945841117432,72,20.6580763449892,31.6365077667539,1,C,422,1
53.2863467791262,72,20.733833508566,32.5525132705602,1,I,423,1
34.5873130679538,72,20.767394551076,13.8199185168778,1,C,424,1
33.8532171379168,72,20.7862240215763,13.0669931163404,1,I,425,1
21.4912342508357,72,20.7876157388091,0.703618512026592,1,C,426,1
59.0239782417921,72,20.8337267953902,38.1902514464018,1,I,427,1
68.0109459535292,30.9348853290812,20.8539199875668,10.0809653415144,0,C,428,1
55.4332958635199,72,20.8827842166647,34.5505116468551,1,I,429,1
36.7693073387716,22.2154314660348,20.9925575600937,1.22287390594113,0,C,430,1
47.6194744361406,72,21.1065191449597,26.5129552911808,1,I,431,1
40.1217170049497,72,21.1386022064835,18.9831147984662,1,C,432,1
30.7723422160274,72,21.2360222171992,9.53631999882816,1,I,433,1
54.3818042666629,29.4351127174437,21.3977242726833,8.03738844476039,0,C,434,1
165.485210617755,72,21.4497224148363,50.5502775851637,0,I,435,1
44.4093914661983,72,21.4547005528584,22.9546909133399,1,C,436,1
115.878181388929,72,21.4696242799982,50.5303757200018,0,I,437,1
23.6184783968685,37.0385398542886,21.5211589867249,2.09731941014361,1,C,438,1
60.8204215214896,70.1053066102411,21.5518076671287,39.2686138543609,1,I,439,1
40.5843362726451,72,21.6295312950388,18.9548049776063,1,C,440,1
77.0798202457287,72,21.704061194323,50.295938805677,0,I,441,1
25.6935440156822,72,21.7306104116142,3.96293360406802,1,C,442,1
70.2810447086893,72,21.7362670088187,48.5447776998707,1,I,443,1
58.5875520190496,69.0431070654504,21.8357117800042,36.7518402390454,1,C,444,1
78.7721492889318,72,21.8617671495304,50.1382328504697,0,I,445,1
43.6875640249846,72,21.8741007428616,21.813463282123,1,C,446,1
25.7932862105444,44.8511084234242,21.9574062293395,3.83587998120488,1,I,447,1
26.5421966491177,72,22.064102506265,4.47809414285261,1,C,448,1
28.6033401750638,72,22.0822904258966,6.52104974916716,1,I,449,1
50.9812613776873,72,22.1514995768666,28.8297618008207,1,C,450,1
43.0383389289918,72,22.1635351097211,20.8748038192707,1,I,451,1
44.7260914114077,54.1731899303587,22.1990963257849,22.5269950856228,1,C,452,1
109.776833640079,50.7800596536596,22.2059170715511,28.5741425821085,0,I,453,1
63.0696367576115,72,22.2377119073644,40.8319248502471,1,C,454,1
76.4041792385993,72,22.2495587635785,49.7504412364215,0,I,455,1
22.8589620916158,72,22.2607802879065,0.598181803709299,1,C,456,1
39.1745330308906,72,22.2637189272791,16.9108141036115,1,I,457,1
84.0982705875156,72,22.3326127650216,49.6673872349784,0,C,458,1
43.2457219718341,55.9087191282582,22.3899076553062,20.855814316528,1,I,459,1
195.002004154372,72,22.4189770314842,49.5810229685158,0,C,460,1
23.958604038508,37.7302540942005,22.4560957029462,1.50250833556182,1,I,461,1
39.9328559570226,59.0493449831009,22.4758416926488,17.4570142643737,1,C,462,1
61.7382741119487,72,22.5380566343665,39.2002174775822,1,I,463,1
29.7476862140966,72,22.5440493877977,7.20363682629885,1,C,464,1
45.712387191562,72,22.5620643328875,23.1503228586745,1,I,465,1
36.6136630895568,63.9481603430346,22.6228880882263,13.9907750013305,1,C,466,1
52.7127864079797,72,22.6311887567863,30.0815976511934,1,I,467,1
74.770471985975,72,22.659678356722,49.340321643278,0,C,468,1
228.812830075511,72,22.6959390565753,49.3040609434247,0,I,469,1
143.730067614758,72,22.703301650472,49.296698349528,0,C,470,1
54.5684024418074,34.4299077125439,22.716630846262,11.7132768662819,0,I,471,1
34.1070093087606,72,22.7219887403771,11.3850205683834,1,C,472,1
73.6605925608019,72,22.7566740615293,49.2433259384707,0,I,473,1
42.6435281000598,72,22.8029549634084,19.8405731366514,1,C,474,1
45.5110749579207,72,22.8911558585241,22.6199190993966,1,I,475,1
48.7685475278322,72,22.9760716902092,25.792475837623,1,C,476,1
55.5203137920434,72,23.0065181292594,32.513795662784,1,I,477,1
37.8421269880892,72,23.0300524597988,14.8120745282905,1,C,478,1
49.3277046324878,72,23.0651026871055,26.2626019453822,1,I,479,1
63.6131500348901,72,23.2440879475325,40.3690620873575,1,C,480,1
118.531895948916,26.4262408139572,23.3412581216544,3.08498269230284,0,I,481,1
55.4387000337282,72,23.3804484643042,32.058251569424,1,C,482,1
39.3311454305764,72,23.410968077369,15.9201773532074,1,I,483,1
62.0594356473442,72,23.5117468005046,38.5476888468396,1,C,484,1
53.1648641699927,72,23.5230558877811,29.6418082822116,1,I,485,1
44.3656066709863,72,23.5373091883957,20.8282974825905,1,C,486,1
28.9255240367694,72,23.5801581339911,5.34536590277829,1,I,487,1
87.9124937197024,72,23.5866002412513,48.4133997587487,0,C,488,1
118.715147040402,72,23.6082849511877,48.3917150488123,0,I,489,1
37.0118123166478,72,23.6322320485488,13.379580268099,1,C,490,1
52.5990909925299,72,23.6349688796327,28.9641221128973,1,I,491,1
35.9959284058976,72,23.6617185361683,12.3342098697292,1,C,492,1
95.0322421467652,70.8961532103784,23.6939994664863,47.2021537438921,0,I,493,1
49.3347584309014,30.0950681287072,23.7405703682452,6.35449776046198,0,C,494,1
45.1424950793655,72,23.7558601610363,21.3866349183292,1,I,495,1
73.6268322648275,37.2693039238913,23.7990728812292,13.4702310426621,0,C,496,1
118.747091428371,26.9405456448212,23.8557938765734,3.08475176824771,0,I,497,1
52.8608746176283,72,23.9746281132102,28.8862465044181,1,C,498,1
59.6630687386747,72,23.9880919083953,35.6749768302794,1,I,499,1
33.9016571864797,72,24.0226216753945,9.87903551108523,1,C,500,1
113.146359898024,72,24.0328325796872,47.9671674203128,0,I,501,1
54.2332228905319,72,24.0874796546996,30.1457432358324,1,C,502,1
230.78122872076,72,24.088536221534,47.911463778466,0,I,503,1
48.751926487864,72,24.0999811515212,24.6519453363428,1,C,504,1
35.5557952587652,72,24.2603650549427,11.2954302038225,1,I,505,1
118.548726347204,72,24.3249769834802,47.6750230165199,0,C,506,1
24.8267215322634,72,24.3364858115092,0.490235720754157,1,I,507,1
34.3025899576865,72,24.340156163089,9.96243379459748,1,C,508,1
68.7591754592896,62.6091622347398,24.367368221283,38.2417940134568,0,I,509,1
35.0068778379346,72,24.5912825502455,10.4155952876891,1,C,510,1
65.8386313910361,55.3747449094789,24.6836972935125,30.6910476159663,0,I,511,1
31.7601012613121,72,24.6841059532017,7.07599530811047,1,C,512,1
52.7238378793267,72,24.6864377288148,28.037400150512,1,I,513,1
71.9646728276031,72,24.7028082981706,47.2618645294326,1,C,514,1
64.6337005551723,72,24.8142094351351,39.8194911200372,1,I,515,1
121.290496953029,72,24.9568313034251,47.0431686965749,0,C,516,1
67.1657876747275,72,25.0424784980714,42.123309176656,1,I,517,1
82.3769947190273,72,25.2437237324193,46.7562762675807,0,C,518,1
44.6698666170631,72,25.2583009935915,19.4115656234716,1,I,519,1
61.7354949173182,72,25.3338185185567,36.4016763987615,1,C,520,1
45.3009530194407,65.0597070329285,25.4269252019003,19.8740278175403,1,I,521,1
87.4667587569701,72,25.7262490130961,46.2737509869039,0,C,522,1
104.039616025873,72,25.7750779855996,46.2249220144004,0,I,523,1
30.478814518865,72,25.7879462884739,4.69086823039108,1,C,524,1
75.0857964951678,72,25.8280781004578,46.1719218995422,0,I,525,1
30.4981250761787,34.3911550054276,25.8662833459675,4.63184173021116,1,C,526,1
172.438185948192,72,25.8769825519994,46.1230174480006,0,I,527,1
52.1371147921744,72,25.9237332176417,26.2133815745327,1,C,528,1
39.2615969048074,72,25.9510250017047,13.3105719031027,1,I,529,1
64.4009260603825,72,25.9761272929609,38.4247987674216,1,C,530,1
66.831853980553,33.713329670094,25.9825921989977,7.73073747109628,0,I,531,1
108.233760696064,72,26.0504299588501,45.9495700411499,0,C,532,1
98.352679796008,72,26.148247551173,45.851752448827,0,I,533,1
140.41243957467,72,26.1490537645295,45.8509462354705,0,C,534,1
108.894861037338,41.1090223266015,26.1575029604137,14.9515193661878,0,I,535,1
88.4841518288867,72,26.1915696552023,45.8084303447977,0,C,536,1
105.261405008895,72,26.198066174984,45.801933825016,0,I,537,1
30.0114571091805,72,26.2680155178532,3.7434415913273,1,C,538,1
69.351199294574,72,26.3121350063011,43.0390642882729,1,I,539,1
164.590326168427,47.2464808221741,26.3566588656977,20.8898219564764,0,C,540,1
27.7761109663208,72,26.3686833623797,1.4074276039411,1,I,541,1
30.2338084620087,72,26.4837501151487,3.75005834686,1,C,542,1
37.8662458091682,72,26.5430561313406,11.3231896778277,1,I,543,1
47.8999175604649,71.2187202720451,26.5753543702886,21.3245631901764,1,C,544,1
116.97511262295,72,26.6157566243783,45.3842433756217,0,I,545,1
47.63687109701,72,26.7568028066307,20.8800682903793,1,C,546,1
49.6035793115845,72,26.7638997640461,22.8396795475384,1,I,547,1
41.6773328311424,72,26.7837013117969,14.8936315193455,1,C,548,1
108.270024483173,38.8695345520411,26.8212844664231,12.048250085618,0,I,549,1
36.8227538885611,47.1600041738463,26.8990624090657,9.92369147949543,1,C,550,1
45.1842628153081,72,27.1082650590688,18.0759977562393,1,I,551,1
31.4691835199402,72,27.2072445228696,4.26193899707061,1,C,552,1
36.426021162821,72,27.2288512811065,9.19716988171454,1,I,553,1
86.8826835479342,72,27.2789457812905,44.7210542187095,0,C,554,1
30.4955819412708,72,27.3891233699396,3.10645857133114,1,I,555,1
38.5374515963139,72,27.4523977562785,11.0850538400354,1,C,556,1
34.0365421055055,52.1192332019432,27.5127258477733,6.52381625773228,1,I,557,1
125.04957039055,72,27.5384725118056,44.4615274881944,0,C,558,1
43.894025544447,72,27.5622080080211,16.3318175364258,1,I,559,1
114.478685021628,72,27.5744064152241,44.4255935847759,0,C,560,1
29.4306892599762,72,27.6211623195559,1.80952694042035,1,I,561,1
113.81783025233,72,27.6626465655863,44.3373534344137,0,C,562,1
49.332188090065,72,27.7098090201616,21.6223790699034,1,I,563,1
39.1122652081337,72,27.7698393445462,11.3424258635875,1,C,564,1
35.9879257356555,72,27.828157232143,8.15976850351252,1,I,565,1
53.4349083004321,72,27.848055632785,25.5868526676471,1,C,566,1
31.7744919810501,72,27.8521235380322,3.92236844301788,1,I,567,1
51.1942679208297,72,27.9293260211125,23.2649418997172,1,C,568,1
66.8487675639176,72,27.9573506209999,38.8914169429176,1,I,569,1
149.736950716775,72,28.0871469760314,43.9128530239686,0,C,570,1
63.4675397200068,72,28.1253890460357,35.3421506739711,1,I,571,1
58.2443710589974,48.5648035652378,28.1517254468054,20.4130781184324,0,C,572,1
47.6956631399118,72,28.1750184344128,19.520644705499,1,I,573,1
80.3884476546162,72,28.1964122643694,43.8035877356306,0,C,574,1
64.3541392429027,72,28.4397336887196,35.9144055541832,1,I,575,1
35.0725494032199,72,28.6019296897575,6.47061971346241,1,C,576,1
34.8685181465864,72,28.6637172661722,6.2048008804142,1,I,577,1
103.821770939625,72,28.7293964624405,43.2706035375595,0,C,578,1
42.210196068688,72,28.752528084442,13.4576679842459,1,I,579,1
93.9127521837544,72,28.7558616092429,43.2441383907571,0,C,580,1
44.1322895303381,72,28.7781188590452,15.3541706712929,1,I,581,1
98.6078550652808,72,28.8677976513281,43.1322023486719,0,C,582,1
66.9661876205794,72,28.8767743762583,38.0894132443212,1,I,583,1
51.2759511333412,72,28.924508811906,22.3514423214352,1,C,584,1
160.345208440079,34.767700649399,29.0477404883131,5.71996016108588,0,I,585,1
35.4130459851003,72,29.0542587591335,6.35878722596681,1,C,586,1
113.985827728709,72,29.0581132750958,42.9418867249042,0,I,587,1
121.416141465928,72,29.0671778004617,42.9328221995384,0,C,588,1
88.7738214306735,72,29.0732357650995,42.9267642349005,0,I,589,1
43.9129829684919,72,29.2854372505099,14.627545717982,1,C,590,1
178.897114883429,72,29.3096192926168,42.6903807073832,0,I,591,1
55.0127469094372,72,29.3941649794579,25.6185819299794,1,C,592,1
60.1133692136624,72,29.468927225098,30.6444419885644,1,I,593,1
67.1463344600477,72,29.611563468352,37.5347709916957,1,C,594,1
30.540844409518,72,29.6684730565175,0.872371353000503,1,I,595,1
79.5854711052193,72,29.6877242485061,42.3122757514939,0,C,596,1
43.4483805797641,72,29.6897266851738,13.7586538945903,1,I,597,1
83.0634296492475,41.691977065902,29.7103129746392,11.9816640912627,0,C,598,1
54.4894096177646,72,29.7524713911116,24.7369382266529,1,I,599,1
65.56960652444,72,29.7767426306382,35.7928638938018,1,C,600,1
55.1352872990463,51.0003076556957,29.7995286108926,21.2007790448031,0,I,601,1
46.6256492977924,72,29.9361364496872,16.6895128481052,1,C,602,1
37.8188683190407,72,30.0566725758836,7.76219574315713,1,I,603,1
42.8773028344976,72,30.0804660050198,12.7968368294777,1,C,604,1
45.8680338559599,72,30.1608472410589,15.707186614901,1,I,605,1
77.0972400969588,72,30.1636177673936,41.8363822326064,0,C,606,1
30.6961237218782,72,30.3986404649913,0.297483256886879,1,I,607,1
107.780030682855,72,30.4007115354762,41.5992884645239,0,C,608,1
39.42480748496,72,30.4399386746809,8.98486881027915,1,I,609,1
86.1836597885425,72,30.4603252932429,41.5396747067571,0,C,610,1
72.0584783913006,72,30.49490891397,41.50509108603,0,I,611,1
79.730917468295,72,30.5495715234429,41.4504284765571,0,C,612,1
32.3893407154004,72,30.5857946304604,1.80354608493991,1,I,613,1
60.5161830518738,72,30.5873386748135,29.9288443770603,1,C,614,1
32.8634938814484,72,30.6033784942701,2.26011538717829,1,I,615,1
53.6472019177996,72,30.6693917373195,22.9778101804801,1,C,616,1
69.8838050920683,72,30.7539011863992,39.1299039056692,1,I,617,1
45.0791796790972,72,30.7545628538355,14.3246168252617,1,C,618,1
86.3382633713338,72,30.7565403683111,41.2434596316889,0,I,619,1
115.508858919061,72,30.7957289926708,41.2042710073292,0,C,620,1
40.1505492884269,72,30.8496707724407,9.30087851598613,1,I,621,1
83.9625989956953,72,30.9273836715147,41.0726163284853,0,C,622,1
54.4701327205879,72,31.1382505344227,23.3318821861652,1,I,623,1
51.5033676928828,72,31.195074794814,20.3082928980688,1,C,624,1
89.8506289811202,72,31.2484415061772,40.7515584938228,0,I,625,1
93.1578063431741,72,31.2723662378266,40.7276337621734,0,C,626,1
92.4279523274746,69.3509025479109,31.3460850901902,38.0048174577208,0,I,627,1
41.1315917677764,72,31.4104303624481,9.72116140532834,1,C,628,1
32.0815628835014,72,31.4625030197203,0.619059863781045,1,I,629,1
43.789457356442,72,31.4645180571824,12.3249392992596,1,C,630,1
82.4240381623546,72,31.6021884698421,40.3978115301579,0,I,631,1
54.32595792099,72,31.6579185286537,22.6680393923363,1,C,632,1
117.76404532643,72,31.6640779701993,40.3359220298007,0,I,633,1
47.3614068146027,72,31.8809168972075,15.4804899173952,1,C,634,1
217.179702463429,72,31.8882307223976,40.1117692776024,0,I,635,1
49.4065707661196,72,31.9084127247334,17.4981580413862,1,C,636,1
51.9243076502628,72,32.0851838914678,19.8391237587951,1,I,637,1
49.0737400209521,72,32.1256173681468,16.9481226528053,1,C,638,1
144.365621470537,72,32.1540552657098,39.8459447342902,0,I,639,1
54.5525952869622,72,32.157637286,22.3949580009623,1,C,640,1
116.455060433511,72,32.2042302461341,39.7957697538659,0,I,641,1
51.8570226439805,56.3401547230442,32.2185130510479,19.6385095929325,1,C,642,1
42.9028996710076,72,32.2260256949812,10.6768739760263,1,I,643,1
66.3413387369616,72,32.2397298831493,34.1016088538123,1,C,644,1
78.052081041465,72,32.3044910375029,39.6955089624971,0,I,645,1
64.9527173522117,72,32.3766068648547,32.576110487357,1,C,646,1
35.2104475848773,72,32.4813791178167,2.72906846706064,1,I,647,1
115.219303612337,72,32.5134601956233,39.4865398043767,0,C,648,1
42.8107464626487,72,32.5264052627608,10.2843411998879,1,I,649,1
122.185426381449,72,32.5433015311137,39.4566984688863,0,C,650,1
33.9782934655726,72,32.5734259234741,1.40486754209841,1,I,651,1
47.0052660075306,72,32.6272351574153,14.3780308501153,1,C,652,1
52.3511197927312,72,32.6474196324125,19.7037001603187,1,I,653,1
42.3643733821279,72,32.6493622222915,9.71501115983632,1,C,654,1
85.2820316211026,72,32.7367610810325,39.2632389189675,0,I,655,1
46.762539118404,42.8531385836513,32.8288156259805,10.0243229576708,0,C,656,1
61.0400760869674,72,32.8296999866143,28.2103761003531,1,I,657,1
68.7586347866914,72,32.8996357647702,35.8589990219212,1,C,658,1
75.6375533321744,42.5618561572945,32.9593836050481,9.60247255224645,0,I,659,1
35.7670016671115,72,33.1006670091301,2.66633465798141,1,C,660,1
94.1704006110362,72,33.13155928161,38.8684407183901,0,I,661,1
70.1479391222254,72,33.1865626154467,36.9613765067787,1,C,662,1
46.3743139439464,72,33.2172626629472,13.1570512809992,1,I,663,1
82.6401557537313,72,33.2784871151671,38.7215128848329,0,C,664,1
39.0271576103123,72,33.3142400532961,5.71291755701618,1,I,665,1
104.86163711826,72,33.3430904801935,38.6569095198065,0,C,666,1
120.50542965028,72,33.3633675752208,38.6366324247792,0,I,667,1
102.276587641782,72,33.3797524357215,38.6202475642785,0,C,668,1
102.896199705921,72,33.4737095329911,38.526290467009,0,I,669,1
129.771153344565,72,33.4743177518249,38.5256822481751,0,C,670,1
61.6058855652568,67.6732740050895,33.5261562885717,28.0797292766851,1,I,671,1
63.4110860731879,72,33.5294644860551,29.8816215871328,1,C,672,1
44.7682888801788,72,33.5593253094703,11.2089635707085,1,I,673,1
107.669608206236,72,33.5985289514065,38.4014710485935,0,C,674,1
169.569774459888,72,33.6126127280295,38.3873872719705,0,I,675,1
33.8239037082379,72,33.6371145397425,0.186789168495453,1,C,676,1
47.4356426290177,72,33.652453715913,13.7831889131047,1,I,677,1
54.050189123573,72,33.7070530001074,20.3431361234656,1,C,678,1
71.4853122727029,72,33.7694720411673,37.7158402315356,1,I,679,1
96.1543500737343,72,33.8583442568779,38.1416557431221,0,C,680,1
36.267135898883,72,33.8615883886814,2.40554751020156,1,I,681,1
77.0182681561596,72,33.8713805889711,38.1286194110289,0,C,682,1
73.3864972607605,72,34.0677840868011,37.9322159131989,0,I,683,1
81.412273762714,72,34.1267304634675,37.8732695365325,0,C,684,1
86.3091953642862,72,34.2951943958178,37.7048056041822,0,I,685,1
70.9430767311315,72,34.3031411524862,36.6399355786453,1,C,686,1
90.5183264200499,72,34.361104820855,37.638895179145,0,I,687,1
40.0750163975836,72,34.4901784323156,5.58483796526805,1,C,688,1
132.381912923677,72,34.577452512458,37.422547487542,0,I,689,1
77.8138901759621,72,34.5908467518166,37.4091532481834,0,C,690,1
66.7870942896039,72,34.6361319394782,32.1509623501257,1,I,691,1
81.9849099002138,72,34.6757385972887,37.3242614027113,0,C,692,1
38.9989179455134,72,34.7400598973036,4.25885804820984,1,I,693,1
51.3698915269331,38.3187339502222,34.7404543496668,3.57827960055533,0,C,694,1
53.9434832311015,72,34.7716604964808,19.1718227346208,1,I,695,1
69.4531525483331,72,34.7797069838271,34.673445564506,1,C,696,1
92.5666623869568,72,34.8643738310784,37.1356261689216,0,I,697,1
60.3053698623447,72,34.9172929069027,25.3880769554419,1,C,698,1
100.615988603663,72,34.9531144788489,37.0468855211511,0,I,699,1
134.228888749304,72,34.9816049309447,37.0183950690553,0,C,700,1
104.171904217469,72,35.0154063943774,36.9845936056227,0,I,701,1
64.4541585516764,56.2036127347054,35.0370089057833,21.1666038289221,0,C,702,1
97.0218683786091,72,35.1018985826522,36.8981014173478,0,I,703,1
79.1143250165257,72,35.1064158417285,36.8935841582716,0,C,704,1
66.4071749063942,72,35.1139073073864,31.2932675990078,1,I,705,1
35.15305215879,72,35.1361884595826,0.016863699207344,1,C,706,1
38.5529147222736,72,35.1935844216496,3.35933030062397,1,I,707,1
85.2032809640302,49.2448546997048,35.2060305140913,14.0388241856135,0,C,708,1
69.4490257255621,51.1159258268139,35.256077167578,15.8598486592358,0,I,709,1
52.2957166759639,72,35.2850208291784,17.0106958467855,1,C,710,1
66.4389896810279,72,35.3939772723243,31.0450124087037,1,I,711,1
55.2140892631497,72,35.3995371144265,19.8145521487232,1,C,712,1
70.8037550068444,43.0045051114007,35.4395361291245,7.56496898227619,0,I,713,1
50.1976811441267,47.4560799523604,35.5204567685723,11.9356231837881,0,C,714,1
57.6223856575151,66.205806203555,35.5307393521071,22.0916463054081,1,I,715,1
46.9588318082549,41.9207910916466,35.5418730620295,6.3789180296171,0,C,716,1
151.90653362502,41.8339376194906,35.5715289898217,6.2624086296689,0,I,717,1
64.5511476912644,72,35.6247525941581,28.9263950971063,1,C,718,1
55.7781619224609,72,35.6593140168116,20.1188479056494,1,I,719,1
104.907894651094,72,35.6756872544065,36.3243127455935,0,C,720,1
58.055173723202,72,35.8308753557503,22.2242983674517,1,I,721,1
47.4074874200598,72,35.8375051757321,11.5699822443277,1,C,722,1
83.3189845250264,72,35.8666131226346,36.1333868773654,0,I,723,1
86.0078869560088,72,35.9042086685076,36.0957913314924,0,C,724,1
65.0542286501478,72,35.9697360405698,29.0844926095779,1,I,725,1
95.6902562534696,72,36.0380837833509,35.9619162166491,0,C,726,1
45.4733294074024,72,36.0535981273279,9.41973128007451,1,I,727,1
81.0636099520545,72,36.0607206774876,35.9392793225125,0,C,728,1
57.6853732158518,72,36.0687246406451,21.6166485752067,1,I,729,1
118.536581378077,72,36.0734935384244,35.9265064615756,0,C,730,1
235.931105142737,61.8468689850961,36.0992759233341,25.747593061762,0,I,731,1
114.796161591077,72,36.2520353263244,35.7479646736756,0,C,732,1
61.9185697138555,72,36.2711062515155,25.64746346234,1,I,733,1
56.4296538541551,72,36.3426182605326,20.0870355936225,1,C,734,1
38.8795715916771,72,36.3958786055446,2.4836929861325,1,I,735,1
47.7214927199619,52.185542533925,36.4487278042361,11.2727649157258,1,C,736,1
41.6426856548109,39.612611398531,36.5120102092624,3.10060118926867,0,I,737,1
122.316924664396,72,36.6103161871433,35.3896838128567,0,C,738,1
49.0002627589937,72,36.6991818090901,12.3010809499036,1,I,739,1
115.68850667416,72,36.7503408389166,35.2496591610834,0,C,740,1
40.0764787537618,45.0399893012486,36.7914765514433,3.28500220231843,1,I,741,1
91.4360761125812,72,36.8570081563666,35.1429918436334,0,C,742,1
41.5025992344369,72,36.8666127277538,4.63598650668306,1,I,743,1
48.5370130905291,72,36.9566295063123,11.5803835842168,1,C,744,1
40.4510011170683,72,36.9827821757644,3.46821894130387,1,I,745,1
66.8483001278721,72,37.0189286442474,29.8293714836248,1,C,746,1
155.526235118997,49.3153488373152,37.0705192303285,12.2448296069867,0,I,747,1
39.6977346419589,72,37.1153418067843,2.58239283517464,1,C,748,1
101.649617720737,46.6552919835311,37.1473640855402,9.50792789799095,0,I,749,1
56.8129651456695,66.7762006398705,37.2101762378588,19.6027889078107,1,C,750,1
40.5166154013816,72,37.2160069970414,3.30060840434014,1,I,751,1
48.7037141554523,72,37.2183445561677,11.4853695992845,1,C,752,1
49.3352589979342,72,37.2452873876318,12.0899716103024,1,I,753,1
55.6779972681146,38.9578586667747,37.355354949832,1.60250371694276,0,C,754,1
98.6488614121194,72,37.3697151616216,34.6302848383784,0,I,755,1
53.7002888488491,72,37.4891853891313,16.2111034597178,1,C,756,1
97.5662293049031,47.8361400706547,37.5336650619283,10.3024750087264,0,I,757,1
54.2249766033663,72,37.5700406217948,16.6549359815715,1,C,758,1
45.5687264763392,72,37.5805482873693,7.98817818896988,1,I,759,1
60.0819216109613,72,37.6104091247544,22.4715124862069,1,C,760,1
60.0362953495112,72,37.7533936919644,22.2829016575468,1,I,761,1
39.0297693747182,72,37.9424004955217,1.08736887919643,1,C,762,1
68.2705999878818,72,37.9500310868025,30.3205689010793,1,I,763,1
40.0983915195404,52.2507188561033,37.9645833140239,2.13380820551647,1,C,764,1
72.2894505010023,72,38.0274224001914,33.9725775998086,0,I,765,1
100.479729725217,38.3156657418492,38.1460950057954,0.169570736053849,0,C,766,1
145.049328870989,72,38.2313562417403,33.7686437582597,0,I,767,1
87.8921948982331,72,38.2735347468406,33.7264652531594,0,C,768,1
46.6884894960747,72,38.3372384123504,8.35125108372432,1,I,769,1
45.1821348405551,72,38.378058867529,6.80407597302611,1,C,770,1
81.536634775967,72,38.4061383130029,33.5938616869971,0,I,771,1
39.5183117929408,72,38.4495596168563,1.06875217608452,1,C,772,1
48.1781696844309,72,38.4725781530142,9.70559153141674,1,I,773,1
40.9300548928618,72,38.4875498805195,2.44250501234228,1,C,774,1
39.9454225899526,72,38.5147800296545,1.43064256029814,1,I,775,1
82.2855976128458,72,38.5260514682159,33.4739485317841,0,C,776,1
39.0055375418545,72,38.5292718932033,0.476265648651236,1,I,777,1
106.489148330214,72,38.5992123791948,33.4007876208052,0,C,778,1
74.1922141740715,72,38.6123014753684,33.3876985246316,0,I,779,1
56.410780620392,72,38.6854025954381,17.7253780249539,1,C,780,1
44.7183401413457,72,38.7466399278492,5.97170021349648,1,I,781,1
50.779010063799,72,38.7579180160537,12.0210920477453,1,C,782,1
49.0011704839566,72,38.7655156385154,10.2356548454413,1,I,783,1
89.4422802211413,72,38.8359511177987,33.1640488822013,0,C,784,1
47.3948792708278,72,39.019191772677,8.37568749815075,1,I,785,1
72.2764392572918,72,39.0404324093834,32.9595675906166,0,C,786,1
42.3700121919426,72,39.0525109833106,3.31750120863193,1,I,787,1
106.962417448865,72,39.1747783636674,32.8252216363326,0,C,788,1
76.7296751788087,72,39.2211791686714,32.7788208313286,0,I,789,1
70.6836577530669,72,39.2888664454222,31.3947913076448,1,C,790,1
54.6458999841549,72,39.3179100891575,15.3279898949973,1,I,791,1
223.092650488959,72,39.3748506344855,32.6251493655145,0,C,792,1
72.4392134506318,56.3180463039745,39.4056426454335,16.912403658541,0,I,793,1
69.3923507374925,72,39.4224183959886,29.9699323415039,1,C,794,1
94.4146902626026,72,39.4378867791966,32.5621132208034,0,I,795,1
54.4480880145664,72,39.4538435898721,14.9942444246942,1,C,796,1
114.191635743127,69.0123754363345,39.656126475893,29.3562489604415,0,I,797,1
148.300132743579,72,39.6710331737995,32.3289668262005,0,C,798,1
40.1396308707731,72,39.7455361671746,0.394094703598566,1,I,799,1
52.6164162597401,72,39.8081234190613,12.8082928406788,1,C,800,1
131.358412696308,43.1787447132948,39.8248036159202,3.35394109737454,0,I,801,1
117.935997215502,72,39.853754080832,32.146245919168,0,C,802,1
76.1270240659269,46.7556885287659,39.9569528969005,6.79873563186546,0,I,803,1
83.3177364771329,72,39.9685924267396,32.0314075732604,0,C,804,1
49.5390289570868,72,40.0592092517763,9.47981970531051,1,I,805,1
79.6489737208848,72,40.0595772592351,31.9404227407649,0,C,806,1
83.878748619235,72,40.0620799558237,31.9379200441763,0,I,807,1
48.0036313675938,72,40.1996420323849,7.80398933520894,1,C,808,1
42.760068804094,57.7874373536421,40.2018245821819,2.55824422191208,1,I,809,1
40.5028617136886,72,40.2384773036465,0.264384410042045,1,C,810,1
204.700533262745,72,40.2690076455474,31.7309923544526,0,I,811,1
110.491162723377,72,40.3305383725092,31.6694616274908,0,C,812,1
58.5865640126695,67.140466333177,40.3599514067173,18.2266126059522,1,I,813,1
117.598659900139,72,40.3635048028082,31.6364951971918,0,C,814,1
63.1316589977319,72,40.3814364597201,22.7502225380117,1,I,815,1
66.5798087989806,59.4769161813694,40.4842744907364,18.992641690633,0,C,816,1
61.6001744217681,72,40.490068285726,21.1101061360421,1,I,817,1
41.1425192293136,72,40.5172788910568,0.625240338256831,1,C,818,1
57.1215387049321,72,40.5262301489711,16.595308555961,1,I,819,1
85.5082763441182,72,40.5412203026935,31.4587796973065,0,C,820,1
68.8556682630903,72,40.5688696168363,28.286798646254,1,I,821,1
105.583411450849,72,40.5902454676107,31.4097545323893,0,C,822,1
41.8200239053576,65.9420733928782,40.5939149111509,1.22610899420663,1,I,823,1
107.608925002612,72,40.6015991745517,31.3984008254483,0,C,824,1
49.5714353406708,72,40.6262730807066,8.94516225996423,1,I,825,1
44.5550906468451,59.0665388433191,40.6413310859352,3.91375956090983,1,C,826,1
88.7203330805753,41.5889063085481,40.6932176789269,0.895688629621162,0,I,827,1
42.0187933103283,54.2703554120666,40.8037279034033,1.21506540692491,1,C,828,1
111.41217886624,72,40.8290514210239,31.1709485789761,0,I,829,1
58.4994838309124,72,40.9786459151655,17.5208379157468,1,C,830,1
72.4498746519392,72,41.0129756480455,30.9870243519545,0,I,831,1
77.5882395915834,72,41.0534913931042,30.9465086068958,0,C,832,1
73.112608876463,72,41.0552578372881,30.9447421627119,0,I,833,1
219.551139211826,72,41.0588120436296,30.9411879563704,0,C,834,1
46.2915867817966,72,41.0629552323371,5.22863154945944,1,I,835,1
152.134942279685,72,41.063308515586,30.936691484414,0,C,836,1
72.2026959466995,41.7993397813914,41.0732691781595,0.726070603231861,0,I,837,1
95.917479440585,72,41.1993386456743,30.8006613543257,0,C,838,1
108.434939842765,72,41.2024149857461,30.7975850142539,0,I,839,1
231.606357777708,72,41.2101385323331,30.7898614676669,0,C,840,1
80.2814811186918,72,41.2517160829157,30.7482839170843,0,I,841,1
167.662823597601,72,41.285091843456,30.714908156544,0,C,842,1
67.4524714520269,72,41.3024595798925,26.1500118721345,1,I,843,1
45.9624537179099,72,41.3039796380326,4.65847407987732,1,C,844,1
78.2180141551891,72,41.3172924611717,30.6827075388283,0,I,845,1
65.8249221099343,57.3994970108602,41.371031482704,16.0284655281562,0,C,846,1
47.8709636673844,67.7931003978114,41.5624776855111,6.30848598187328,1,I,847,1
49.2078379010615,72,41.5918426355347,7.61599526552677,1,C,848,1
53.3588019285538,72,41.7641045199707,11.5946974085831,1,I,849,1
66.2481179818171,72,41.7960255313665,24.4520924504506,1,C,850,1
54.9853447710782,72,41.8124300893396,13.1729146817385,1,I,851,1
53.0885702783531,72,41.8929081643,11.195662114053,1,C,852,1
76.3626712870644,72,41.9257951620966,30.0742048379034,0,I,853,1
81.4833487640188,72,41.9575938116759,30.0424061883241,0,C,854,1
87.7657718642204,72,41.9652617163956,30.0347382836044,0,I,855,1
53.2867991015826,72,42.0168038550764,11.2699952465062,1,C,856,1
58.3496459428174,72,42.0906384615228,16.2590074812946,1,I,857,1
134.137556575339,72,42.1607311908156,29.8392688091844,0,C,858,1
125.423369746465,72,42.2384331934154,29.7615668065846,0,I,859,1
80.8868691303772,72,42.3342627100647,29.6657372899354,0,C,860,1
83.5428219351931,72,42.3609141027555,29.6390858972445,0,I,861,1
162.753708755427,72,42.6821523578838,29.3178476421163,0,C,862,1
66.0685298100903,72,42.6908107521012,23.3777190579891,1,I,863,1
95.9808758558032,72,42.8353916527703,29.1646083472297,0,C,864,1
70.4969449707357,67.6847026265409,42.8447171626613,24.8399854638797,0,I,865,1
75.1851286216929,72,42.9604234546423,29.0395765453577,0,C,866,1
52.3895594192187,72,42.9704129789025,9.41914644031623,1,I,867,1
92.5787274109016,72,43.0632283911109,28.9367716088891,0,C,868,1
126.722269253491,56.6196735348131,43.0733500421047,13.5463234927083,0,I,869,1
65.8714580713838,72,43.0783293396235,22.7931287317604,1,C,870,1
127.960018253408,72,43.143722852692,28.856277147308,0,I,871,1
47.9264065450872,72,43.178960303776,4.74744624131126,1,C,872,1
139.839619950019,72,43.1877248128876,28.8122751871124,0,I,873,1
100.336527228083,72,43.1890452699736,28.8109547300264,0,C,874,1
203.804028499777,60.2163510725759,43.2237232849002,16.9926277876757,0,I,875,1
63.7195369946812,72,43.2556680450216,20.4638689496596,1,C,876,1
133.380492292794,72,43.5722274100408,28.4277725899592,0,I,877,1
53.5418871257147,72,43.5900889802724,9.9517981454423,1,C,878,1
53.7875486405159,72,43.6150870285928,10.172461611923,1,I,879,1
104.459530676396,72,43.6182583495975,28.3817416504026,0,C,880,1
162.589387079614,72,43.726942925714,28.273057074286,0,I,881,1
237.991032684778,72,43.7321568187326,28.2678431812674,0,C,882,1
177.531306951699,72,43.7358412938193,28.2641587061808,0,I,883,1
54.228048058138,72,43.797635184601,10.430412873537,1,C,884,1
52.0344364350746,72,43.850956899114,8.18347953596064,1,I,885,1
49.2445311986704,72,43.9075716398656,5.33695955880479,1,C,886,1
131.802946413333,57.7673352036665,44.0532192215323,13.7141159821342,0,I,887,1
105.052711052339,63.5366989028296,44.0922016091645,19.4444972936651,0,C,888,1
46.4175706029668,72,44.1102005587891,2.30737004417775,1,I,889,1
75.7490303838857,72,44.1332445060834,27.8667554939166,0,C,890,1
121.429850238281,72,44.2062578955665,27.7937421044335,0,I,891,1
108.021517031586,72,44.3144104443491,27.685589555651,0,C,892,1
69.977598887135,72,44.4328366080299,25.5447622791051,1,I,893,1
88.4625163330495,72,44.4741930719465,27.5258069280535,0,C,894,1
90.626373916828,72,44.4857950787991,27.5142049212009,0,I,895,1
75.3757431916181,53.3270179585891,44.4928257493302,8.83419220925891,0,C,896,1
132.396399870852,72,44.5015899650753,27.4984100349247,0,I,897,1
123.239059401406,72,44.518587780185,27.481412219815,0,C,898,1
49.1470878148121,72,44.5342339854687,4.61285382934338,1,I,899,1
76.9686847451197,72,44.5550118153915,27.4449881846085,0,C,900,1
83.932373976264,72,44.5950447209179,27.4049552790821,0,I,901,1
138.891247851882,72,44.8014655709267,27.1985344290733,0,C,902,1
122.904603902818,72,44.8215629300103,27.1784370699897,0,I,903,1
68.6398005780873,72,44.8333926871419,23.8064078909454,1,C,904,1
75.1684034311233,72,44.9646174162626,27.0353825837374,0,I,905,1
108.489445227958,72,44.9800691055134,27.0199308944866,0,C,906,1
66.1832171843087,72,44.9919454660267,21.1912717182821,1,I,907,1
65.3128505149586,72,45.031824382022,20.2810261329365,1,C,908,1
66.9795901222696,50.0013548796127,45.0324559025466,4.96889897706602,0,I,909,1
80.2293209005457,72,45.0575183238834,26.9424816761166,0,C,910,1
121.619976309206,72,45.1491551008076,26.8508448991925,0,I,911,1
74.6169188877497,72,45.1922857761383,26.8077142238617,0,C,912,1
50.7413337036186,72,45.192709621042,5.54862408257659,1,I,913,1
137.894405048927,72,45.282911779359,26.717088220641,0,C,914,1
58.0075237321234,72,45.3948348714039,12.6126888607196,1,I,915,1
47.5428495993072,72,45.4102264344692,2.13262316483797,1,C,916,1
46.1376608737384,72,45.4316126648337,0.706048208904759,1,I,917,1
97.7692877991878,72,45.4426942812279,26.5573057187721,0,C,918,1
70.1247540160092,53.2231114786109,45.4828507779166,7.74026070069431,0,I,919,1
134.028244004193,72,45.4868036415428,26.5131963584572,0,C,920,1
86.6623757990869,72,45.4930416494608,26.5069583505392,0,I,921,1
52.8687373709927,72,45.4965955903754,7.37214178061737,1,C,922,1
54.6404121899703,72,45.5315273534507,9.10888483651963,1,I,923,1
56.8734076239343,72,45.6046144478023,11.268793176132,1,C,924,1
84.4358402560945,72,45.6794318603352,26.3205681396648,0,I,925,1
58.2349695407142,72,45.6804823502898,12.5544871904244,1,C,926,1
60.0310081189888,72,45.680527612567,14.3504805064218,1,I,927,1
206.728532153764,72,45.6812552316114,26.3187447683886,0,C,928,1
104.266098362512,72,45.6812838697806,26.3187161302194,0,I,929,1
83.6242244221267,72,45.7007561484352,26.2992438515648,0,C,930,1
55.3109175438618,53.4576255659794,45.7408929616213,7.71673260435809,0,I,931,1
112.572280869687,72,45.8328430680558,26.1671569319442,0,C,932,1
86.4892760031489,72,46.0302127897739,25.9697872102261,0,I,933,1
48.760266757605,72,46.13203370478,2.62823305282497,1,C,934,1
67.4397151472914,72,46.2596363201737,21.1800788271176,1,I,935,1
76.1632622535204,72,46.2813121033832,25.7186878966168,0,C,936,1
66.817795135475,72,46.2951007112861,20.522694424189,1,I,937,1
122.520518537296,72,46.2968215998262,25.7031784001738,0,C,938,1
72.5490514360015,72,46.3670894410461,25.6329105589539,0,I,939,1
89.6251139945527,72,46.3744836207479,25.6255163792521,0,C,940,1
65.1744101486978,72,46.4394797058776,18.7349304428202,1,I,941,1
54.5494059790563,72,46.4917094400153,8.05769653904099,1,C,942,1
49.899979716447,72,46.5603746334091,3.33960508303792,1,I,943,1
50.870438893616,72,46.5665443288162,4.3038945647998,1,C,944,1
140.366359244582,72,46.5900893742219,25.4099106257781,0,I,945,1
47.589508341875,72,46.6267667384818,0.962741603393211,1,C,946,1
55.3363213800073,72,46.6306301392615,8.70569124074585,1,I,947,1
135.867948462995,72,46.717501860112,25.2824981398881,0,C,948,1
61.2758573292089,72,46.7212675279006,14.5545898013082,1,I,949,1
48.6178657898963,72,46.7388837877661,1.87898200213016,1,C,950,1
57.9744620980503,72,46.7710055736825,11.2034565243678,1,I,951,1
86.4266329795733,47.8452693152836,46.8089206237346,1.03634869154902,0,C,952,1
57.9476516117674,72,46.8098927708343,11.1377588409332,1,I,953,1
49.6325732316293,72,46.8182862689719,2.81428696265741,1,C,954,1
75.9373906450712,72,46.8856302509084,25.1143697490916,0,I,955,1
89.3212130661893,72,46.9186854036525,25.0813145963475,0,C,956,1
278.316270636864,72,46.9252629065886,25.0747370934114,0,I,957,1
62.5997017193457,72,46.9439353840426,15.6557663353031,1,C,958,1
92.8212239925523,72,46.9798518810421,25.0201481189579,0,I,959,1
54.4567559890534,72,47.0954940514639,7.36126193758951,1,C,960,1
48.1662186506466,55.3740045474235,47.1873188205063,0.978899830140234,1,I,961,1
166.380837061974,62.8858056478635,47.2165415575728,15.6692640902907,0,C,962,1
163.316552359713,72,47.3516461998224,24.6483538001776,0,I,963,1
154.565049380151,72,47.3880050098524,24.6119949901477,0,C,964,1
54.2191694686201,72,47.3988868994638,6.8202825691563,1,I,965,1
51.3780298734373,72,47.4498546402901,3.92817523314717,1,C,966,1
152.157901879836,72,47.4590708920732,24.5409291079268,0,I,967,1
98.88748121231,72,47.5424677412957,24.4575322587043,0,C,968,1
50.3971094502352,72,47.5444122590125,2.85269719122273,1,I,969,1
86.8705316665116,72,47.5445995526388,24.4554004473612,0,C,970,1
48.902734088643,68.1721849438183,47.7127463417128,1.18998774693017,1,I,971,1
104.186618826739,72,47.7249816432595,24.2750183567405,0,C,972,1
56.9174564634257,72,47.7521047415212,9.16535172190452,1,I,973,1
92.3960968183881,72,47.833236772567,24.166763227433,0,C,974,1
55.643017033985,72,47.8485977975652,7.79441923641984,1,I,975,1
232.574237588701,72,47.8940501064062,24.1059498935938,0,C,976,1
120.947520269044,72,47.9495883174241,24.0504116825759,0,I,977,1
61.961757071488,58.7499050904154,48.0234152125195,10.7264898778959,0,C,978,1
157.614501375593,72,48.1410230509937,23.8589769490063,0,I,979,1
99.0756153651751,72,48.1854354869574,23.8145645130426,0,C,980,1
60.9514241027345,72,48.221067013219,12.7303570895155,1,I,981,1
115.457918910912,72,48.2360582146794,23.7639417853206,0,C,982,1
48.4304964168321,72,48.2840805407614,0.146415876070729,1,I,983,1
61.6813001772793,72,48.3221615944058,13.3591385828735,1,C,984,1
107.251677990512,72,48.3766113594174,23.6233886405826,0,I,985,1
120.212677633877,72,48.4726239508018,23.5273760491982,0,C,986,1
56.5462233535513,72,48.4974822448567,8.04874110869467,1,I,987,1
119.04491249958,72,48.5106848459691,23.4893151540309,0,C,988,1
56.2044068881893,72,48.5246351826936,7.67977170549566,1,I,989,1
157.276916607016,72,48.609825912863,23.390174087137,0,C,990,1
64.0954605082991,72,48.7018720339984,15.3935884743008,1,I,991,1
124.378867645539,72,48.7304294155911,23.2695705844089,0,C,992,1
250.378977338683,72,48.7553315749392,23.2446684250608,0,I,993,1
112.534996202927,72,48.7755753099918,23.2244246900082,0,C,994,1
52.6078040334195,72,48.7798366975039,3.82796733591555,1,I,995,1
49.8145518182416,72,48.7909467704594,1.02360504778214,1,C,996,1
103.946187985466,72,48.9930514153093,23.0069485846907,0,I,997,1
127.942502005152,72,49.1495108278468,22.8504891721532,0,C,998,1
245.850327993848,72,49.2034048726782,22.7965951273218,0,I,999,1
69.3654545195642,72,49.2910415260121,20.074412993552,1,C,1000,1
97.4950199719868,72,49.4376077083871,22.5623922916129,0,I,1001,1
50.0543435041203,55.3693654926653,49.4595623016357,0.594781202484532,1,C,1002,1
116.539869371289,72,49.4605647213757,22.5394352786243,0,I,1003,1
64.1738780120489,72,49.5311573334038,14.6427206786451,1,C,1004,1
88.2180058860326,72,49.5370348216966,22.4629651783034,0,I,1005,1
54.9195350247261,72,49.5386061491445,5.38092887558166,1,C,1006,1
125.379975339737,72,49.5896769454703,22.4103230545297,0,I,1007,1
139.845259450581,72,49.5910129090771,22.4089870909229,0,C,1008,1
191.98656672369,72,49.9002856342122,22.0997143657878,0,I,1009,1
76.4769913668919,72,49.9249051278457,22.0750948721543,0,C,1010,1
66.6407248380709,72,50.0045547774062,16.6361700606648,1,I,1011,1
127.017891267838,72,50.0443056877703,21.9556943122298,0,C,1012,1
77.4399189594454,67.0484001234725,50.0661641545594,16.9822359689132,0,I,1013,1
93.0333868089592,72,50.0933278910816,21.9066721089184,0,C,1014,1
86.7322329753166,72,50.1127410773188,21.8872589226812,0,I,1015,1
71.0614392636038,62.3605494181614,50.1147982198745,12.2457511982869,0,C,1016,1
52.4417535690644,72,50.1261417428032,2.31561182626124,1,I,1017,1
53.8620453510065,72,50.1800894876942,3.68195586331226,1,C,1018,1
81.6932952495355,72,50.2030964987353,21.7969035012648,0,I,1019,1
62.5404989312911,72,50.2464018529281,12.294097078363,1,C,1020,1
73.6136698740128,72,50.2649107994512,21.7350892005488,0,I,1021,1
57.8555414372835,51.6595659438752,50.3160120081157,1.34355393575959,0,C,1022,1
95.0671551960967,72,50.4025213234127,21.5974786765873,0,I,1023,1
74.32287725486,72,50.5426184087992,21.4573815912008,0,C,1024,1
60.1967209335014,72,50.6343969097361,9.56232402376531,1,I,1025,1
193.51986976389,72,50.8014587312937,21.1985412687063,0,C,1026,1
75.4789874180944,72,50.8048294158652,21.1951705841348,0,I,1027,1
60.9847366726545,72,50.823297360912,10.1614393117425,1,C,1028,1
70.5487746222417,72,50.8234935253859,19.7252810968559,1,I,1029,1
60.2697691711157,72,50.9007533965632,9.36901577455245,1,C,1030,1
61.0000532680307,72,51.0308576049283,9.9691956631024,1,I,1031,1
82.0284162846837,72,51.0489200614393,20.9510799385607,0,C,1032,1
54.3128965294377,72,51.0967681696639,3.21612835977386,1,I,1033,1
86.6074586001348,54.6620032977919,51.1223072838038,3.53969601398811,0,C,1034,1
66.5745999003898,72,51.1491002328694,15.4254996675205,1,I,1035,1
154.901659429439,72,51.2241111136973,20.7758888863027,0,C,1036,1
87.0777296209493,72,51.2342353770509,20.7657646229491,0,I,1037,1
124.526230531029,72,51.4091939432547,20.5908060567454,0,C,1038,1
57.6642264545479,72,51.4734641415998,6.19076231294803,1,I,1039,1
64.2501883077456,72,51.520267277956,12.7299210297896,1,C,1040,1
213.901246266964,67.35716101539,51.5243742847815,15.8327867306085,0,I,1041,1
71.4780269354996,72,51.6251273872331,19.8528995482665,1,C,1042,1
62.2077471999107,72,51.6406408231705,10.5671063767402,1,I,1043,1
88.1216971269735,72,51.6432998562232,20.3567001437768,0,C,1044,1
56.8519816693005,72,51.8135857908055,5.03839587849492,1,I,1045,1
148.896891037152,72,51.8156998464838,20.1843001535162,0,C,1046,1
70.7722516391423,72,51.8209332833067,18.9513183558356,1,I,1047,1
130.9279175215,72,51.9796099048108,20.0203900951892,0,C,1048,1
64.3065061574582,72,52.0162787893787,12.2902273680795,1,I,1049,1
118.970638495227,72,52.0928082056344,19.9071917943656,0,C,1050,1
114.374191140922,72,52.2317222133279,19.7682777866721,0,I,1051,1
70.3384131845397,56.488505818854,52.2954915929586,4.19301422589541,0,C,1052,1
52.9160239313195,72,52.3906714562327,0.525352475086833,1,I,1053,1
54.4323342100357,72,52.395104910247,2.03722929978867,1,C,1054,1
55.8494328135972,72,52.4160214466974,3.43341136689974,1,I,1055,1
119.31271729179,72,52.4368986859918,19.5631013140082,0,C,1056,1
104.925825290498,72,52.4833625089377,19.5166374910623,0,I,1057,1
208.203135769554,72,52.5346116861329,19.4653883138672,0,C,1058,1
84.8983715659454,72,52.5406617997214,19.4593382002786,0,I,1059,1
63.7241215765167,72,52.7142473123968,11.00987426412,1,C,1060,1
54.5120630584326,71.3513923826982,52.7505619917065,1.76150106672613,1,I,1061,1
78.0838599710963,72,52.8112409077585,19.1887590922415,0,C,1062,1
53.3828967038098,72,52.9140261467546,0.468870557055145,1,I,1063,1
99.390949143454,72,52.9246872151271,19.075312784873,0,C,1064,1
87.5848218476843,72,52.9354702262208,19.0645297737792,0,I,1065,1
72.9682655606446,72,53.10201079119,18.89798920881,0,C,1066,1
82.958585736906,72,53.1488149613142,18.8511850386858,0,I,1067,1
73.6234447310394,72,53.2149037672207,18.7850962327793,0,C,1068,1
159.602654367442,72,53.4031161898747,18.5968838101253,0,I,1069,1
83.9768206900254,72,53.4332045121118,18.5667954878882,0,C,1070,1
99.8863449330581,72,53.4391551604495,18.5608448395506,0,I,1071,1
57.6261502714606,72,53.461432736367,4.16471753509364,1,C,1072,1
151.358320331467,72,53.4878444485366,18.5121555514634,0,I,1073,1
74.6222226512335,72,53.5487185232341,18.4512814767659,0,C,1074,1
70.8543741747752,72,53.5793942352757,17.2749799394995,1,I,1075,1
55.8768278977035,72,53.7059029564261,2.17092494127739,1,C,1076,1
69.7355676099814,72,53.7279614154249,16.0076061945564,1,I,1077,1
129.516099957396,72,53.7496655015275,18.2503344984725,0,C,1078,1
110.502395116743,72,53.8183622108772,18.1816377891228,0,I,1079,1
58.1056485661504,72,53.8503166520968,4.25533191405359,1,C,1080,1
62.2445648980104,72,53.8785767136142,8.3659881843962,1,I,1081,1
57.4534182019333,72,54.1029160888866,3.35050211304678,1,C,1082,1
79.4734148910911,72,54.1416584188119,17.8583415811881,0,I,1083,1
58.6015402721094,72,54.3393605807796,4.26217969132976,1,C,1084,1
59.9693238680547,72,54.4241466047242,5.54517726333041,1,I,1085,1
70.0439697000859,72,54.4437480624765,15.6002216376094,1,C,1086,1
55.8579413697451,72,54.4467740412802,1.4111673284649,1,I,1087,1
90.9366677249603,72,54.4975271634758,17.5024728365243,0,C,1088,1
155.199394911081,72,54.5310782874003,17.4689217125997,0,I,1089,1
140.243773326421,72,54.5388728845865,17.4611271154135,0,C,1090,1
205.949727922522,66.7086326935672,54.5492457970977,12.1593868964695,0,I,1091,1
96.3181151471542,72,54.5669249072671,17.4330750927329,0,C,1092,1
94.0271260424027,72,54.5740466471762,17.4259533528239,0,I,1093,1
64.7408031894184,72,54.7252195933834,10.0155835960351,1,C,1094,1
133.048039454485,72,54.7701206244528,17.2298793755472,0,I,1095,1
83.3254336611782,72,54.8585143312812,17.1414856687188,0,C,1096,1
206.252055297004,72,54.8645614692941,17.1354385307059,0,I,1097,1
135.017575698236,72,54.9157043779269,17.0842956220731,0,C,1098,1
107.84167440973,72,54.9194862507284,17.0805137492716,0,I,1099,1
232.502054244002,72,54.9717174097896,17.0282825902104,0,C,1100,1
87.8616541129726,72,55.1594709372148,16.8405290627852,0,I,1101,1
68.904583038704,72,55.2722326526418,13.6323503860622,1,C,1102,1
60.3007955219305,72,55.2804619492963,5.02033357263419,1,I,1103,1
167.469141959604,72,55.4291206179187,16.5708793820813,0,C,1104,1
55.9567894737052,72,55.4410993074998,0.515690166205317,1,I,1105,1
56.8157128046698,72,55.5631484789774,1.25256432569239,1,C,1106,1
95.408337790748,72,55.5741123575717,16.4258876424283,0,I,1107,1
59.9441830323442,72,55.6394636398181,4.30471939252609,1,C,1108,1
69.8045533794066,72,55.6850426830351,14.1195106963715,1,I,1109,1
56.1669257649757,67.4500894227459,55.758642652072,0.408283112903728,1,C,1110,1
110.685755455721,72,55.8631857857108,16.1368142142892,0,I,1111,1
69.8485324376258,72,55.9599385969341,13.8885938406917,1,C,1112,1
104.38295584317,72,56.0154929151759,15.9845070848241,0,I,1113,1
204.261622045223,72,56.0161112202331,15.9838887797669,0,C,1114,1
89.3395452842327,72,56.022851835005,15.977148164995,0,I,1115,1
93.6822664847507,72,56.0446358285844,15.9553641714156,0,C,1116,1
127.395642394499,72,56.0530235571787,15.9469764428213,0,I,1117,1
80.266272149176,72,56.0913458419964,15.9086541580036,0,C,1118,1
104.564647240599,72,56.0969964740798,15.9030035259202,0,I,1119,1
104.473093951917,72,56.1298823263496,15.8701176736504,0,C,1120,1
67.1167495952914,72,56.2135208118707,10.9032287834207,1,I,1121,1
73.0205728318996,72,56.2947169784457,15.7052830215544,0,C,1122,1
104.423056789029,72,56.3316917605698,15.6683082394302,0,I,1123,1
88.9128681711794,72,56.3662931788713,15.6337068211287,0,C,1124,1
94.4801401781731,72,56.4376173354685,15.5623826645315,0,I,1125,1
289.145208117587,72,56.4405028196052,15.5594971803948,0,C,1126,1
103.4793398585,72,56.4766197139397,15.5233802860603,0,I,1127,1
69.2314022182374,72,56.4973344700411,12.7340677481963,1,C,1128,1
217.495603140685,72,56.5533363400027,15.4466636599973,0,I,1129,1
133.371407857957,72,56.5590864792466,15.4409135207534,0,C,1130,1
145.761287468443,72,56.6814243653789,15.3185756346211,0,I,1131,1
115.207840867333,72,56.779499812983,15.220500187017,0,C,1132,1
66.4676801299111,72,56.7801774200052,9.68750270990584,1,I,1133,1
86.2380475916286,72,56.802990459837,15.197009540163,0,C,1134,1
98.5369364764863,72,56.8389426218346,15.1610573781654,0,I,1135,1
187.222972943058,67.6561769536128,56.8415172910318,10.8146596625811,0,C,1136,1
61.144670480104,72,56.8797390349209,4.26493144518302,1,I,1137,1
59.1512057213935,72,56.8985241791233,2.25268154227018,1,C,1138,1
200.078750973606,72,56.9310169201344,15.0689830798656,0,I,1139,1
80.4681151701112,72,56.9520601350814,15.0479398649186,0,C,1140,1
90.274908687195,72,56.964031686075,15.035968313925,0,I,1141,1
71.6059667447393,72,57.0029882155359,14.6029785292035,1,C,1142,1
122.188549793873,72,57.0131644047797,14.9868355952203,0,I,1143,1
124.585518399925,72,57.1356973377988,14.8643026622012,0,C,1144,1
99.3622174757664,72,57.1896037599072,14.8103962400928,0,I,1145,1
145.974889898302,72,57.1905624680221,14.8094375319779,0,C,1146,1
61.7654651926453,72,57.2022350784391,4.56323011420621,1,I,1147,1
108.234516410594,72,57.2236439818516,14.7763560181484,0,C,1148,1
64.4593706516339,72,57.2521982202306,7.2071724314033,1,I,1149,1
68.1290916079497,72,57.266503572464,10.8625880354857,1,C,1150,1
91.1890811532339,72,57.3630755161867,14.6369244838133,0,I,1151,1
58.3152410547431,72,57.5140698580071,0.801171196736001,1,C,1152,1
92.9936941643493,72,57.5556535413489,14.4443464586511,0,I,1153,1
126.49336178368,72,57.6378092961386,14.3621907038614,0,C,1154,1
59.9960277024823,72,57.6498462259769,2.34618147650539,1,I,1155,1
92.0807714741808,72,57.665389738977,14.334610261023,0,C,1156,1
58.8827190162527,72,57.6913040969521,1.19141491930065,1,I,1157,1
122.295943777211,72,57.6927929045633,14.3072070954368,0,C,1158,1
101.28956240128,72,57.788303475827,14.211696524173,0,I,1159,1
162.293271377437,59.5292884980149,57.7969517698512,1.73233672816372,0,C,1160,1
89.5510471843652,72,57.8517106454819,14.1482893545181,0,I,1161,1
68.6960811876988,72,57.8620167542249,10.8340644334739,1,C,1162,1
125.99876267899,72,57.9099813150242,14.0900186849758,0,I,1163,1
61.6290728984438,72,57.918139337562,3.71093356088181,1,C,1164,1
89.4483692981481,72,57.983281170018,14.016718829982,0,I,1165,1
83.4209408894237,72,58.0083068227395,13.9916931772605,0,C,1166,1
72.0382734128766,72,58.0935092736036,13.9064907263964,0,I,1167,1
155.655042584691,72,58.1321136374027,13.8678863625973,0,C,1168,1
72.6078018596433,72,58.2100605452433,13.7899394547567,0,I,1169,1
145.809831822712,72,58.212111890316,13.787888109684,0,C,1170,1
93.1335996064489,72,58.2232253160328,13.7767746839672,0,I,1171,1
70.3339310038309,72,58.267411175184,12.0665198286469,1,C,1172,1
88.3030113142944,72,58.3805774012581,13.6194225987419,0,I,1173,1
72.3225766123552,72,58.4258299134672,13.5741700865328,0,C,1174,1
199.13138151538,72,58.4387154970318,13.5612845029682,0,I,1175,1
130.546417505312,72,58.4925942588598,13.5074057411402,0,C,1176,1
76.9807559145625,72,58.5872783744708,13.4127216255292,0,I,1177,1
136.324430378846,72,58.5991968540475,13.4008031459525,0,C,1178,1
71.6519397186624,72,58.6334936739877,13.0184460446747,1,I,1179,1
88.4462510277888,72,58.6620867205784,13.3379132794216,0,C,1180,1
68.2166503088475,72,58.7240967527032,9.49255355614428,1,I,1181,1
76.5526212204644,72,58.7252275273204,13.2747724726796,0,C,1182,1
92.1347344325704,72,58.732190891169,13.267809108831,0,I,1183,1
60.3013417172329,72,58.7338517513126,1.56748996592025,1,C,1184,1
95.0852861798365,72,58.7387857027352,13.2612142972648,0,I,1185,1
112.05634908985,72,58.7405866384506,13.2594133615494,0,C,1186,1
98.7372509324793,72,58.8670356664807,13.1329643335193,0,I,1187,1
73.7893939721688,72,58.9360434003174,13.0639565996826,0,C,1188,1
76.2845447119319,72,58.9685728400946,13.0314271599054,0,I,1189,1
61.4719599625902,72,59.0144967287779,2.45746323381232,1,C,1190,1
82.3061221589188,72,59.0165109280497,12.9834890719503,0,I,1191,1
76.4211730648015,72,59.0291973156855,12.9708026843145,0,C,1192,1
73.9869050868026,72,59.0574803436175,12.9425196563825,0,I,1193,1
89.9615915655641,72,59.1436062427238,12.8563937572762,0,C,1194,1
91.1948880092349,72,59.1445716843009,12.8554283156991,0,I,1195,1
149.373062923469,72,59.3591249501333,12.6408750498667,0,C,1196,1
76.9879871255418,72,59.3871284974739,12.6128715025261,0,I,1197,1
88.6474770452565,70.8412519915741,59.4147707009688,11.4264812906053,0,C,1198,1
65.1780462923445,72,59.4650130718947,5.71303322044984,1,I,1199,1
72.2706518147239,72,59.4755405047908,12.5244594952092,0,C,1200,1
103.541602840138,62.3538125047167,59.6186982421204,2.7351142625962,0,I,1201,1
136.105874538387,72,59.722126275301,12.277873724699,0,C,1202,1
92.7045080707397,72,59.8018812714145,12.1981187285855,0,I,1203,1
118.520728101068,72,59.8067627241835,12.1932372758165,0,C,1204,1
99.3676657936893,72,59.840599601157,12.159400398843,0,I,1205,1
61.7556603643277,63.7187628030577,59.847382963635,1.9082774006927,1,C,1206,1
71.605869830985,72,59.8565422184765,11.7493276125085,1,I,1207,1
91.3795851739479,72,59.8716891836375,12.1283108163625,0,C,1208,1
167.517779728644,72,59.8937541525811,12.1062458474189,0,I,1209,1
0.302061677116114,72,0.0144103774800897,0.287651299636024,1,C,1,2
22.828034064087,72,0.0226275064051151,22.8054065576819,1,I,2,2
75.073142069387,72,0.0253993319347501,71.9746006680653,0,C,3,2
32.7861040184124,27.9131815232752,0.0613004341721535,27.851881089103,0,I,4,2
70.8684054410425,72,0.10138001292944,70.7670254281131,1,C,5,2
52.7437580772373,72,0.141700878739357,52.6020571984979,1,I,6,2
98.7778655940992,72,0.15372552908957,71.8462744709104,0,C,7,2
6.81603151936724,66.2374442908534,0.162500557489693,6.65353096187754,1,I,8,2
12.6561253855043,72,0.276918187737465,12.3792071977669,1,C,9,2
7.56869818764475,72,0.297564184293151,7.2711340033516,1,I,10,2
52.4488477830547,72,0.401442088186741,52.047405694868,1,C,11,2
49.7226144780038,72,0.418812031857669,49.3038024461461,1,I,12,2
33.6490233310618,72,0.452529550530016,33.1964937805318,1,C,13,2
152.808537503165,72,0.495341964997351,71.5046580350027,0,I,14,2
62.8343790022009,53.8264531633887,0.556647162884474,53.2698060005042,0,C,15,2
60.0100778977427,72,0.559021169319749,59.451056728423,1,I,16,2
2.16812519882757,72,0.563134239055216,1.60499095977235,1,C,17,2
9.91114128047822,72,0.583838727325201,9.32730255315302,1,I,18,2
17.9592531948976,72,0.593631486408413,17.3656217084892,1,C,19,2
228.162079284012,5.46754328694417,0.624497383832932,4.84304590311124,0,I,20,2
21.1061824886477,72,0.673779495991767,20.4324029926559,1,C,21,2
6.59532536736538,72,0.695089953951538,5.90023541341385,1,I,22,2
104.377534302384,2.72279396661747,0.740257543511689,1.98253642310578,0,C,23,2
63.2495393602425,9.31326720125725,0.78718304168433,8.52608415957292,0,I,24,2
12.8892575574194,72,0.814891140908003,12.0743664165114,1,C,25,2
12.5367739407388,27.4891569680051,0.839135753922164,11.6976381868166,1,I,26,2
77.1780490986195,72,0.864960830658674,71.1350391693413,0,C,27,2
14.8186963616516,72,0.969821875914931,13.8488744857367,1,I,28,2
14.1742531415421,72,1.00948037579656,13.1647727657455,1,C,29,2
14.1618623852834,72,1.02577441837639,13.136087966907,1,I,30,2
83.0977916197741,72,1.04032576549798,70.959674234502,0,C,31,2
127.081901329321,42.117194899783,1.09252288006246,41.0246720197206,0,I,32,2
7.18155350787105,39.4902773049217,1.17191172670573,6.00964178116532,1,C,33,2
141.322517901025,72,1.1829946981743,70.8170053018257,0,I,34,2
4.6297953553592,72,1.26700427848846,3.36279107687074,1,C,35,2
44.3917004754782,72,1.37909911572933,43.0126013597489,1,I,36,2
6.11573489572069,72,1.40805561561137,4.70767928010931,1,C,37,2
11.2405059396208,29.7538732870999,1.44558254163712,9.79492339798364,1,I,38,2
97.5273724088033,33.5921665660554,1.47492703981698,32.1172395262384,0,C,39,2
14.0865723451929,72,1.48332433775067,12.6032480074422,1,I,40,2
22.1219987934738,72,1.48512528743595,20.6368735060378,1,C,41,2
2.98998954884658,72,1.52409994974732,1.46588959909926,1,I,42,2
17.8879079051132,72,1.54984293971211,16.3380649654011,1,C,43,2
74.6850138509196,27.0240576809309,1.59181701019406,25.4322406707368,0,I,44,2
25.9567496828762,72,1.60761997103691,24.3491297118393,1,C,45,2
18.324303506736,72,1.60947881173342,16.7148246950026,1,I,46,2
54.5680165206944,72,1.6665699519217,52.9014465687727,1,C,47,2
50.1523249075693,72,1.69471784960479,48.4576070579645,1,I,48,2
15.0762878745717,18.5328123086689,1.71524126082659,13.3610466137451,1,C,49,2
68.2470773049253,72,1.73343851231039,66.5136387926149,1,I,50,2
3.9994402491222,57.3697569082518,1.75440299324691,2.24503725587528,1,C,51,2
19.0701123511523,72,1.80504886899143,17.2650634821609,1,I,52,2
51.2063360722091,72,1.81012064684182,49.3962154253673,1,C,53,2
19.7483130122975,72,1.87991978600621,17.8683932262913,1,I,54,2
66.8238703265229,72,1.89491981640458,64.9289505101184,1,C,55,2
9.89257045365618,60.9120249785533,2.13675384409726,7.75581660955892,1,I,56,2
28.0005853336538,39.552485351539,2.34943668823689,25.6511486454169,1,C,57,2
11.2063083447924,72,2.35829451587051,8.84801382892192,1,I,58,2
99.7656232852806,72,2.36314533278346,69.6368546672165,0,C,59,2
75.6577717883682,72,2.36614875029773,69.6338512497023,0,I,60,2
13.6500410425242,72,2.3807610059157,11.2692800366085,1,C,61,2
14.7748635163593,72,2.40001038182527,12.374853134534,1,I,62,2
220.529604128019,72,2.45140639599413,69.5485936040059,0,C,63,2
70.0335599043999,72,2.47210398316383,67.5614559212361,1,I,64,2
14.6972495871195,23.8804872103794,2.67793871462345,12.019310872496,1,C,65,2
81.846138980996,72,2.71984279621393,69.2801572037861,0,I,66,2
26.8576661011103,72,2.72230067756027,24.13536542355,1,C,67,2
17.8662371537637,72,2.86118885502219,15.0050482987415,1,I,68,2
180.919291992324,43.5189857264149,2.93661096598953,40.5823747604254,0,C,69,2
16.7571604623768,72,2.97571543604136,13.7814450263354,1,I,70,2
14.0854386652928,72,2.99418145325035,11.0912572120425,1,C,71,2
14.8594694019185,72,3.04327546153218,11.8161939403863,1,I,72,2
51.2556970309402,72,3.04389938246459,48.2117976484756,1,C,73,2
52.9133287225347,54.00969979361,3.19554814137518,49.7177805811596,1,I,74,2
15.0700198198507,72,3.25776541605592,11.8122544037948,1,C,75,2
32.7490226072977,72,3.29098897520453,29.4580336320932,1,I,76,2
48.3874688827781,55.2875861307906,3.39374117553234,44.9937277072457,1,C,77,2
12.5680061718291,72,3.41914888937026,9.14885728245882,1,I,78,2
34.5497111976144,72,3.43483412638307,31.1148770712314,1,C,79,2
8.69799021167104,72,3.4427885664627,5.25520164520834,1,I,80,2
27.9888865760865,72,3.47728043328971,24.5116061427968,1,C,81,2
17.9241623124659,72,3.48372923210263,14.4404330803633,1,I,82,2
29.5105898309884,72,3.56452092994005,25.9460689010483,1,C,83,2
6.29625135934515,72,3.59502702020109,2.70122433914406,1,I,84,2
22.9386621187022,72,3.62304033245891,19.3156217862433,1,C,85,2
77.9088403830595,72,3.63791829440743,68.3620817055926,0,I,86,2
6.48441558555533,72,3.65652701351792,2.82788857203742,1,C,87,2
57.1608599763543,72,3.80147648043931,53.359383495915,1,I,88,2
33.8657016954903,17.5362936447315,3.81127164233476,13.7250220023968,0,C,89,2
94.5508971161512,72,3.86322614271194,68.1367738572881,0,I,90,2
9.03948943578243,72,3.92864710651338,5.11084232926905,1,C,91,2
25.9170444508304,72,4.00628962554038,21.91075482529,1,I,92,2
21.8253727624364,72,4.18450891971588,17.6408638427205,1,C,93,2
77.2399937566255,72,4.22522954642773,67.7747704535723,0,I,94,2
43.0012325340513,72,4.32757389731705,38.6736586367343,1,C,95,2
77.1190623357657,72,4.43963220342994,67.5603677965701,0,I,96,2
38.3756542466523,72,4.44021091796458,33.9354433286877,1,C,97,2
83.2293414997473,56.5888251566176,4.59624226670712,51.9925828899105,0,I,98,2
50.0895874300931,72,4.63886149227619,45.450725937817,1,C,99,2
25.2535499562836,72,4.67535921838135,20.5781907379023,1,I,100,2
41.0346645414423,72,4.68160894699395,36.3530555944484,1,C,101,2
28.3295630316513,58.4784267579611,4.84786299057305,23.4817000410783,1,I,102,2
14.1264146776515,6.96013661736164,4.87904745619744,2.0810891611642,0,C,103,2
35.2896087848283,72,5.1053003501147,30.1843084347136,1,I,104,2
94.1191318202123,72,5.13964767102152,66.8603523289785,0,C,105,2
41.7011139228338,72,5.30167177319527,36.3994421496385,1,I,106,2
63.5670301268451,72,5.36630172282457,58.2007284040205,1,C,107,2
66.0357866460073,72,5.4450222523883,60.590764393619,1,I,108,2
14.0097941457881,72,5.4685064451769,8.54128770061118,1,C,109,2
23.8720575852341,26.5065422231832,5.47275493852794,18.3993026467061,1,I,110,2
20.3312772593945,72,5.48125064000487,14.8500266193896,1,C,111,2
87.3298872519055,72,5.5052070133388,66.4947929866612,0,I,112,2
43.9074597357871,72,5.56403433904052,38.3434253967466,1,C,113,2
70.5967334218896,72,5.57399283628911,65.0227405856005,1,I,114,2
33.7536786260764,72,5.593321043998,28.1603575820784,1,C,115,2
34.6668253869243,72,5.62764098402113,29.0391844029031,1,I,116,2
10.0222068640388,72,5.65018423832953,4.37202262570923,1,C,117,2
79.1889451555563,72,5.67328875884414,66.3267112411559,0,I,118,2
44.6672285091634,72,5.81434214953333,38.8528863596301,1,C,119,2
74.9281835553943,70.4201429065576,5.96235061995685,64.4577922866007,0,I,120,2
43.720586619701,72,5.97723784390837,37.7433487757927,1,C,121,2
27.5899789257299,72,5.98311276175082,21.6068661639791,1,I,122,2
334.847249488985,72,6.01208218373358,65.9879178162664,0,C,123,2
63.3629419352023,72,6.0360464360565,57.3268954991458,1,I,124,2
23.5749156379421,28.6535848751409,6.09292332082987,17.4819923171122,1,C,125,2
92.7032477979696,72,6.1615308187902,65.8384691812098,0,I,126,2
29.6129357476879,72,6.16191160865128,23.4510241390366,1,C,127,2
16.9283564416601,20.5629465420993,6.16767816245556,10.7606782792046,1,I,128,2
19.0822836354796,72,6.18854362517595,12.8937400103036,1,C,129,2
34.1359367279978,34.5548087710168,6.19798673316836,27.9379499948295,1,I,130,2
47.4878609252777,32.5552569847726,6.22694418299943,26.3283128017732,0,C,131,2
8.09425797234024,72,6.28609066363424,1.808167308706,1,I,132,2
57.7408170956854,72,6.34059151634574,51.4002255793397,1,C,133,2
229.308117308129,12.0915974016682,6.4075651858002,5.68403221586797,0,I,134,2
23.3567816142385,72,6.41291119158268,16.9438704226558,1,C,135,2
18.1079118682838,72,6.43580304924399,11.6721088190398,1,I,136,2
18.0027039477317,72,6.47954469546676,11.5231592522649,1,C,137,2
43.2513852132096,72,6.48559056222439,36.7657946509852,1,I,138,2
70.412514362329,72,6.56132183969021,63.8511925226388,1,C,139,2
15.4097760993884,58.4760129089331,6.66380310896784,8.74597299042051,1,I,140,2
17.6142846974924,72,6.6925528133288,10.9217318841636,1,C,141,2
20.236508692551,72,6.74001063220203,13.4964980603489,1,I,142,2
59.1900170867482,72,6.74680753145367,52.4432095552945,1,C,143,2
48.3468549354189,46.6266460343547,6.7620574682951,39.8645885660596,0,I,144,2
77.6457915029421,72,6.82476152200252,65.1752384779975,0,C,145,2
105.52046704226,68.8396353629434,6.91584262065589,61.9237927422875,0,I,146,2
96.9773123734787,39.1697697434338,6.92834755405784,32.241422189376,0,C,147,2
14.8695170399385,72,7.06168944016099,7.80782759977755,1,I,148,2
30.084490034073,72,7.14296917431057,22.9415208597624,1,C,149,2
85.9605927869596,72,7.20185754820705,64.798142451793,0,I,150,2
57.376061200459,65.6974761035626,7.24449197296053,50.1315692274985,1,C,151,2
36.1790889325721,9.99968506169047,7.25007112137973,2.74961394031074,0,I,152,2
10.7857595525212,72,7.42281868122518,3.362940871296,1,C,153,2
28.8407726913267,72,7.62566481716931,21.2151078741574,1,I,154,2
59.1698927556236,72,7.67686106264591,51.4930316929777,1,C,155,2
103.037586872003,72,7.69305327907205,64.306946720928,0,I,156,2
20.364611322032,72,7.72280399221927,12.6418073298128,1,C,157,2
55.8392151939049,72,7.82305522821844,48.0161599656864,1,I,158,2
18.536427136171,72,7.90256041567773,10.6338667204933,1,C,159,2
141.467341663398,44.4935113778225,7.9468736378476,36.5466377399749,0,I,160,2
104.388805887245,72,7.97129350248724,64.0287064975128,0,C,161,2
13.5081909807064,72,7.97393957152963,5.53425140917677,1,I,162,2
10.9668370369945,72,8.05673468392342,2.91010235307108,1,C,163,2
29.6359450031603,72,8.09301041532308,21.5429345878372,1,I,164,2
51.1874698747029,72,8.1357802497223,43.0516896249806,1,C,165,2
118.468148829078,38.75749011432,8.14247692935169,30.6150131849683,0,I,166,2
21.5277152351396,60.2316153928047,8.31264810170978,13.2150671334299,1,C,167,2
14.255423337705,72,8.32842498086393,5.9269983568411,1,I,168,2
31.4541477489711,36.0205144989847,8.36658887565136,23.0875588733197,1,C,169,2
13.6691835577347,40.8636424795324,8.38174088392407,5.28744267381061,1,I,170,2
14.2495077195179,72,8.46597129944712,5.78353642007081,1,C,171,2
160.237009212145,72,8.48186489660293,63.5181351033971,0,I,172,2
41.5886933541904,72,8.48231047857553,33.1063828756148,1,C,173,2
57.6028319591955,72,8.52183822076768,49.0809937384278,1,I,174,2
32.2945681090206,72,8.53215883020312,23.7624092788174,1,C,175,2
164.074238108205,30.6993921547528,8.95553102251142,21.7438611322414,0,I,176,2
82.3085879647564,72,8.95556351635605,63.044436483644,0,C,177,2
27.3863321439285,58.9037759989224,8.98045391310006,18.4058782308284,1,I,178,2
27.8581671432316,72,9.00097566191107,18.8571914813205,1,C,179,2
54.1950827060995,72,9.09676217939705,45.0983205267025,1,I,180,2
47.4288278861188,72,9.11615981720388,38.312668068915,1,C,181,2
129.093578943652,21.6395163859446,9.12895455490798,12.5105618310366,0,I,182,2
46.573776770201,72,9.1680503077805,37.4057264624205,1,C,183,2
86.3518136912979,72,9.1757655562833,62.8242344437167,0,I,184,2
71.1884070433915,72,9.1828909702599,62.0055160731316,1,C,185,2
90.8448996397385,72,9.20626087579876,62.7937391242012,0,I,186,2
34.6133106765912,72,9.23563852440566,25.3776721521856,1,C,187,2
45.9279590966019,72,9.25406173802912,36.6738973585728,1,I,188,2
44.4827172051159,72,9.29328080266714,35.1894364024488,1,C,189,2
25.301999637503,72,9.30732899811119,15.9946706393918,1,I,190,2
10.1270517153213,72,9.33766046538949,0.789391249931856,1,C,191,2
46.3321226307946,72,9.38163327053189,36.9504893602627,1,I,192,2
72.2274286017843,72,9.40015914849937,62.5998408515006,0,C,193,2
10.6827764559,72,9.45732689928263,1.22544955661736,1,I,194,2
60.246944704958,72,9.54081347677857,50.7061312281794,1,C,195,2
143.270720308487,72,9.55278442706913,62.4472155729309,0,I,196,2
85.9111108902176,72,9.6706915134564,62.3293084865436,0,C,197,2
13.7672145027039,36.6158270615201,9.67757751233876,4.08963699036511,1,I,198,2
75.6348192568462,72,9.71288956236094,62.2871104376391,0,C,199,2
99.4383585976696,72,9.77572019677609,62.2242798032239,0,I,200,2
22.4906635009683,72,9.78968527168036,12.7009782292879,1,C,201,2
55.1908351888957,67.3810004234607,9.84083244111389,45.3500027477818,1,I,202,2
57.3512318197531,36.7661970512811,9.84290080145001,26.9232962498311,0,C,203,2
44.3534188385242,72,9.89318469073623,34.460234147788,1,I,204,2
36.7814538841074,28.355933195769,10.0155199924484,18.3404132033206,0,C,205,2
100.09504527606,72,10.0319711957127,61.9680288042873,0,I,206,2
28.1854623687401,72,10.1047665718943,18.0806957968458,1,C,207,2
12.5043203422474,72,10.1188094727695,2.38551086947793,1,I,208,2
22.4266717096939,64.3891752891161,10.1307803532109,12.295891356483,1,C,209,2
17.9115049179004,72,10.2313295379281,7.68017537997226,1,I,210,2
19.5077754757314,18.5219321591365,10.2970276633278,8.2249044958087,0,C,211,2
105.040670268511,69.9530144038027,10.3222913201898,59.6307230836129,0,I,212,2
32.9692235544176,72,10.3531118296087,22.616111724809,1,C,213,2
41.8544357240904,72,10.4552005743608,31.3992351497296,1,I,214,2
62.6984764314159,72,10.5026741651818,52.1958022662341,1,C,215,2
42.847401368688,72,10.6265625357628,32.2208388329253,1,I,216,2
38.8614008779939,72,10.6274018855765,28.2339989924174,1,C,217,2
134.403559106499,72,10.6470783194527,61.3529216805473,0,I,218,2
108.718837140234,72,10.6812982214615,61.3187017785385,0,C,219,2
39.2187890702072,72,10.7237510941923,28.4950379760149,1,I,220,2
21.5226637772361,72,10.8397128246725,10.6829509525636,1,C,221,2
68.7543406880791,72,10.8468596963212,57.9074809917579,1,I,222,2
21.4910073531337,72,10.9035556297749,10.5874517233588,1,C,223,2
18.1185328825281,72,10.9130048705265,7.20552801200163,1,I,224,2
12.0775605297986,72,10.9908646484837,1.08669588131495,1,C,225,2
51.8048920002428,22.8654557444688,11.0122923413292,11.8531634031396,0,I,226,2
29.5974807021371,72,11.0160516668111,18.581429035326,1,C,227,2
12.921850094045,72,11.1168805556372,1.80496953840786,1,I,228,2
145.17379000833,72,11.1423995811492,60.8576004188508,0,C,229,2
40.7319184548747,72,11.1514451913536,29.5804732635212,1,I,230,2
43.9906510056814,72,11.1992229195312,32.7914280861502,1,C,231,2
14.099416420534,72,11.2840531999245,2.81536322060947,1,I,232,2
23.3657306497847,72,11.3536295061931,12.0121011435916,1,C,233,2
96.789164287928,23.1694275841052,11.474694237113,11.6947333469922,0,I,234,2
19.9352705003572,48.2437538207808,11.4896483626217,8.4456221377355,1,C,235,2
59.0302541977778,72,11.5110021689907,47.5192520287871,1,I,236,2
29.4715072716862,72,11.5211361693218,17.9503711023643,1,C,237,2
62.089366683988,72,11.5326174348593,50.5567492491287,1,I,238,2
21.9129416974726,28.5476900067681,11.5788279566914,10.3341137407812,1,C,239,2
46.5524897491045,72,11.5886126831174,34.9638770659871,1,I,240,2
66.4955342416347,72,11.603470640257,54.8920636013777,1,C,241,2
32.3179491357608,72,11.6338346293196,20.6841145064411,1,I,242,2
67.4230455811924,72,11.6475239954889,55.7755215857035,1,C,243,2
39.1563899763178,12.2184573742261,11.6496385121718,0.568818862054254,0,I,244,2
102.207254191652,72,11.6674194345251,60.3325805654749,0,C,245,2
70.2973291054842,72,11.7614791961387,58.5358499093455,1,I,246,2
54.9140998626113,72,11.7886197008193,43.1254801617921,1,C,247,2
142.706150293223,72,11.855104258284,60.144895741716,0,I,248,2
136.566377978733,72,11.8948085093871,60.1051914906129,0,C,249,2
85.7656630321769,72,11.9029478123412,60.0970521876589,0,I,250,2
50.1640388065831,72,11.919416366145,38.2446224404381,1,C,251,2
20.1349100356586,72,11.9498146791011,8.18509535655746,1,I,252,2
97.0187704642161,72,12.0351076684892,59.9648923315108,0,C,253,2
19.2612688487489,72,12.0766200777143,7.18464877103461,1,I,254,2
114.584390546135,72,12.0932429004461,59.9067570995539,0,C,255,2
110.324090263609,72,12.166427699849,59.833572300151,0,I,256,2
61.4133757873825,56.0629471638065,12.2225140174851,43.8404331463214,0,C,257,2
97.4501243418096,72,12.2684736270458,59.7315263729543,0,I,258,2
23.3165301088346,66.8075526811139,12.3558956617489,10.9606344470857,1,C,259,2
51.6418978138437,72,12.3881615605205,39.2537362533232,1,I,260,2
18.8217449005001,72,12.3951865872368,6.42655831326325,1,C,261,2
23.2285684174199,72,12.4242388084531,10.8043296089668,1,I,262,2
31.1980417361975,72,12.6009619329125,18.5970798032851,1,C,263,2
32.1506315788692,72,12.6474460540339,19.5031855248352,1,I,264,2
18.1557045386549,25.7811019651809,12.7723047696054,5.38339976904952,1,C,265,2
46.5008046330661,48.9246691686362,12.8831165609881,33.617688072078,1,I,266,2
71.9074564357515,25.9480440929226,12.8933217236772,13.0547223692454,0,C,267,2
25.2979673547984,72,12.9731336608529,12.3248336939455,1,I,268,2
66.2809491108686,72,13.0428211251274,53.2381279857412,1,C,269,2
16.2706013398285,38.8698032607294,13.0519790668041,3.21862227302441,1,I,270,2
17.7383459993327,62.961871918908,13.1434827810153,4.59486321831737,1,C,271,2
67.9033691517971,72,13.1478122714907,54.7555568803064,1,I,272,2
58.4573704680895,72,13.2325902208686,45.2247802472209,1,C,273,2
49.4095551971321,72,13.2552232174203,36.1543319797119,1,I,274,2
94.1388510736435,72,13.2987741474062,58.7012258525938,0,C,275,2
13.3877332742547,72,13.3646847261116,0.0230485481431337,1,I,276,2
70.7681955425165,72,13.3655640436336,57.4026314988829,1,C,277,2
120.443745587293,72,13.3833050122485,58.6166949877516,0,I,278,2
45.3212076914019,29.1138823994786,13.3911809278652,15.7227014716134,0,C,279,2
319.081054601112,72,13.4413221711293,58.5586778288707,0,I,280,2
13.9048220834274,55.9553284895684,13.5351231973618,0.369698886065621,1,C,281,2
99.356038036921,72,13.5776348412037,58.4223651587963,0,I,282,2
20.9216812573019,72,13.6223035259172,7.29937773138462,1,C,283,2
33.8090949577397,72,13.7042022775859,20.1048926801539,1,I,284,2
26.8933431916521,41.1773289272687,13.8511834759265,13.0421597157255,1,C,285,2
25.4750515697771,72,13.9258536463603,11.5491979234168,1,I,286,2
36.9420361379003,72,13.967696428299,22.9743397096013,1,C,287,2
41.8327714227905,62.7647654781444,14.0091020939872,27.8236693288033,1,I,288,2
51.4326884275831,72,14.0096073411405,37.4230810864426,1,C,289,2
36.6340675715558,72,14.0147927356884,22.6192748358674,1,I,290,2
48.7918245083827,72,14.0342313051224,34.7575932032603,1,C,291,2
81.664699798385,47.1406693851909,14.0437347628176,33.0969346223733,0,I,292,2
21.654256693897,72,14.0898169437423,7.56443975015466,1,C,293,2
33.3599162431373,72,14.098909618333,19.2610066248043,1,I,294,2
44.2626281636469,72,14.1796169383451,30.0830112253018,1,C,295,2
77.3128816979687,72,14.1980042355135,57.8019957644865,0,I,296,2
46.4141894016536,72,14.2720120679587,32.1421773336949,1,C,297,2
25.3379868951521,72,14.3440053937957,10.9939815013564,1,I,298,2
157.290274025595,72,14.3530264310539,57.6469735689461,0,C,299,2
53.3477200474692,72,14.3971236236393,38.9505964238298,1,I,300,2
51.0016887436398,72,14.4198879785836,36.5818007650563,1,C,301,2
59.5695134769226,72,14.4485751120374,45.1209383648853,1,I,302,2
24.7821304128815,72,14.5164389815182,10.2656914313633,1,C,303,2
28.5054367636236,72,14.5277010463178,13.9777357173058,1,I,304,2
96.4313520512719,72,14.5326847862452,57.4673152137548,0,C,305,2
55.7622745388161,31.1949201234921,14.5641277357936,16.6307923876985,0,I,306,2
46.7888392376065,38.6535533253901,14.5913373213261,24.0622160040639,0,C,307,2
48.6139026356865,46.9981340350157,14.5953523088247,32.402781726191,0,I,308,2
41.4700836018466,64.9069047166319,14.6295236935839,26.8405599082626,1,C,309,2
22.4813430918293,72,14.7057118825614,7.77563120926786,1,I,310,2
53.2430556474968,72,14.7647896595299,38.4782659879669,1,C,311,2
89.2683023101177,72,14.7684284392744,57.2315715607256,0,I,312,2
28.6352578495926,72,14.8953753523529,13.7398824972397,1,C,313,2
24.9490635783249,72,14.951034905389,9.99802867293589,1,I,314,2
20.9412913572146,72,14.9993222532794,5.94196910393524,1,C,315,2
24.5981855337506,25.4251235427048,15.0522282952443,9.54595723850633,1,I,316,2
84.4974740665927,47.8882539279822,15.0743676396087,32.8138862883735,0,C,317,2
30.3904179271964,72,15.2622745838016,15.1281433433947,1,I,318,2
19.3282278056282,72,15.3442211123183,3.98400669330989,1,C,319,2
56.7109650316254,72,15.3522593295202,41.3587057021052,1,I,320,2
21.8838180743997,72,15.3806347260252,6.50318334837452,1,C,321,2
34.6766901068866,72,15.4251606808975,19.2515294259891,1,I,322,2
24.2274616952196,54.0055943580473,15.4384994879365,8.78896220728311,1,C,323,2
95.4036000919625,72,15.4746712138876,56.5253287861124,0,I,324,2
306.696382390696,72,15.5094743007794,56.4905256992206,0,C,325,2
66.6294023699031,72,15.5422576144338,51.0871447554693,1,I,326,2
39.5207365504009,72,15.6197705212981,23.9009660291029,1,C,327,2
40.9212080873659,22.4057828689678,15.6490194238722,6.75676344509555,0,I,328,2
102.448040206566,72,15.8623345009983,56.1376654990017,0,C,329,2
16.9748373559475,72,15.9084478486329,1.06638950731456,1,I,330,2
74.9163805188165,45.0424183860227,15.9329536277801,29.1094647582427,0,C,331,2
116.300123813058,72,15.9701591357589,56.0298408642411,0,I,332,2
19.8543821464463,72,16.0684678098187,3.78591433662757,1,C,333,2
17.0207271217599,72,16.0882207704708,0.93250635128906,1,I,334,2
24.1747562976176,31.096539753816,16.1220931028947,8.05266319472291,1,C,335,2
136.188254972671,72,16.1579358251765,55.8420641748235,0,I,336,2
88.7735727775588,72,16.2265033973381,55.7734966026619,0,C,337,2
17.9271012753202,42.0884957667704,16.2370318779722,1.69006939734797,1,I,338,2
70.2082454194266,72,16.2617379147559,53.9465075046706,1,C,339,2
96.5950067395261,72,16.2661336921155,55.7338663078845,0,I,340,2
56.0440371295193,72,16.3100844249129,39.7339527046064,1,C,341,2
37.0988800763683,72,16.3663516100496,20.7325284663186,1,I,342,2
17.1325197643677,72,16.4063312206417,0.726188543725996,1,C,343,2
16.5158995335964,72,16.4168088510633,0.0990906825331307,1,I,344,2
30.7164516810821,72,16.6060516331345,14.1104000479477,1,C,345,2
80.8809083053784,72,16.6835988359526,55.3164011640474,0,I,346,2
41.9244516139154,32.4060392647192,16.7053318675607,15.7007073971584,0,C,347,2
51.6745783402006,72,16.7187970876694,34.9557812525312,1,I,348,2
36.5293712459059,72,16.7321984656155,19.7971727802904,1,C,349,2
53.063981847945,72,16.7613367270678,36.3026451208772,1,I,350,2
72.1611788464507,72,16.775465416722,55.224534583278,0,C,351,2
24.8139740145837,72,16.7880260339007,8.02594798068301,1,I,352,2
21.4397284735977,72,16.8246115464717,4.61511692712595,1,C,353,2
32.2998265490791,39.6707624789743,16.9422714225948,15.3575551264843,1,I,354,2
52.1964805563578,62.471907345532,17.2412851592526,34.9551953971052,1,C,355,2
94.8342987785823,72,17.3263260629028,54.6736739370972,0,I,356,2
55.8224257743916,72,17.4146044487134,38.4078213256782,1,C,357,2
93.5239975595878,72,17.4469936452806,54.5530063547194,0,I,358,2
33.1363673190402,20.1595627316534,17.5568114966154,2.60275123503797,0,C,359,2
31.6939018191785,39.2828749660168,17.6333691319451,14.0605326872334,1,I,360,2
24.2791920043244,22.6840204896948,17.7803503442556,4.90367014543922,0,C,361,2
40.8666123443401,60.668651230682,17.7878344617784,23.0787778825617,1,I,362,2
58.5999833971502,72,17.8737176628783,40.7262657342719,1,C,363,2
84.8342519563044,72,17.9720918275416,54.0279081724584,0,I,364,2
80.5126587822761,72,18.0781656363979,53.9218343636021,0,C,365,2
31.8187155524548,72,18.110942132771,13.7077734196838,1,I,366,2
60.4910038872819,72,18.1124107260257,42.3785931612562,1,C,367,2
81.5332841799147,72,18.1460242532194,53.8539757467806,0,I,368,2
108.007176166002,72,18.2232807856053,53.7767192143947,0,C,369,2
59.5678917696622,72,18.2829050347209,41.2849867349413,1,I,370,2
45.671380486718,72,18.2949308305979,27.3764496561202,1,C,371,2
19.3291950994757,72,18.3048693090677,1.02432579040794,1,I,372,2
76.7339913583749,72,18.4434557240456,53.5565442759544,0,C,373,2
36.4780285187981,42.1158377428068,18.4516763174906,18.0263522013075,1,I,374,2
44.4799822451953,72,18.5238599963486,25.9561222488467,1,C,375,2
31.7116797950431,72,18.6056043114513,13.1060754835918,1,I,376,2
25.7401539708846,72,18.6164965527132,7.12365741817136,1,C,377,2
20.213811854541,67.6427160262082,18.6254948750138,1.58831697952716,1,I,378,2
216.783507395497,72,18.6986935744062,53.3013064255938,0,C,379,2
46.2271404470175,56.0338689686736,18.7869453057647,27.4401951412528,1,I,380,2
23.4671728142597,72,18.7889164499939,4.67825636426588,1,C,381,2
23.9155820258656,72,18.7985039642081,5.11707806165758,1,I,382,2
22.3146803518392,72,18.8789658341557,3.43571451768351,1,C,383,2
22.0115597834181,72,18.9193223649636,3.09223741845447,1,I,384,2
76.2045722015813,72,19.023139080964,52.976860919036,0,C,385,2
44.7276156626666,72,19.0388998109847,25.6887158516819,1,I,386,2
32.1437408739863,72,19.0863456157967,13.0573952581896,1,C,387,2
162.12532589883,72,19.146678512916,52.853321487084,0,I,388,2
60.990820430789,72,19.1780384257436,41.8127820050454,1,C,389,2
44.4566116982872,72,19.1867090156302,25.269902682657,1,I,390,2
22.7251547237389,72,19.2048014514148,3.52035327232409,1,C,391,2
38.3437834458335,72,19.2218767572194,19.1219066886141,1,I,392,2
56.58357998712,72,19.2301300400868,37.3534499470332,1,C,393,2
62.816888406419,72,19.2554695531726,43.5614188532464,1,I,394,2
49.4781000012592,72,19.3442025594413,30.1338974418179,1,C,395,2
129.326372067695,72,19.3654676573351,52.6345323426649,0,I,396,2
47.9681758902774,72,19.5014807302505,28.4666951600269,1,C,397,2
27.3448145845026,41.2698719586955,19.5046641211957,7.84015046330695,1,I,398,2
33.5174097008262,72,19.5803790539503,13.9370306468759,1,C,399,2
26.4532571381214,72,19.6814334578812,6.77182368024016,1,I,400,2
70.0291309633485,72,19.747408577241,50.2817223861075,1,C,401,2
28.5531174581053,72,19.7677800944075,8.78533736369783,1,I,402,2
23.6553247041037,72,19.8634997801855,3.79182492391819,1,C,403,2
59.7927663288588,72,19.8848189692944,39.9079473595643,1,I,404,2
39.3708200714791,72,20.0607548933476,19.3100651781314,1,C,405,2
68.6398139729142,72,20.1136563112959,48.5261576616183,1,I,406,2
26.7513484799505,72,20.1201974507421,6.63115102920835,1,C,407,2
21.4162963962178,72,20.1244432618842,1.29185313433365,1,I,408,2
39.2323580246931,72,20.2719797613099,18.9603782633832,1,C,409,2
75.6831020838667,29.5403886434935,20.2806886425242,9.25970000096931,0,I,410,2
43.8097346206151,72,20.2854908164591,23.524243804156,1,C,411,2
56.4938414386346,72,20.3256189962849,36.1682224423497,1,I,412,2
93.6898050746456,72,20.4295712336898,51.5704287663102,0,C,413,2
48.7650921165186,72,20.5503555759788,28.2147365405399,1,I,414,2
27.2193071210269,70.8413346013381,20.6038114707917,6.61549565023517,1,C,415,2
106.084877013587,72,20.7470789831132,51.2529210168868,0,I,416,2
33.2800092433956,72,20.7957831490785,12.4842260943171,1,C,417,2
37.2667746285072,62.7038256104372,20.8024005359039,16.4643740926033,1,I,418,2
178.838991460789,72,20.8327602082863,51.1672397917137,0,C,419,2
21.6724324364128,72,20.8463173359633,0.82611510044957,1,I,420,2
50.0390754356575,72,20.8576978370547,29.1813775986027,1,C,421,2
32.8813633012265,72,20.8627608977258,12.0186024035007,1,I,422,2
29.9880326994714,72,20.9441509237513,9.04388177572011,1,C,423,2
41.900095607264,72,20.9708711318672,20.9292244753968,1,I,424,2
43.3394531089397,48.05326952707,21.1736716004089,22.1657815085309,1,C,425,2
21.4046198884404,72,21.1832134332508,0.221406455189663,1,I,426,2
21.7218531017475,72,21.2828414049,0.439011696847534,1,C,427,2
56.3247004800891,72,21.3628959842026,34.9618044958865,1,I,428,2
23.394463219293,72,21.4762106398121,1.91825257948092,1,C,429,2
83.1472534135755,72,21.4820868847892,50.5179131152108,0,I,430,2
111.587199176239,72,21.4971315348521,50.5028684651479,0,C,431,2
25.5578561568129,72,21.5093236137182,4.04853254309478,1,I,432,2
32.2031976171166,72,21.5801284695044,10.6230691476121,1,C,433,2
54.2793121688131,72,21.5839817142114,32.6953304546017,1,I,434,2
48.7739861779261,72,21.5970538789406,27.1769322989855,1,C,435,2
58.8791589315042,72,21.6452984372154,37.2338604942888,1,I,436,2
34.6083604069935,72,21.7055181367323,12.9028422702612,1,C,437,2
113.970526243132,43.4944193240363,21.7515080887824,21.7429112352539,0,I,438,2
77.3843866622229,72,21.8339851638302,50.1660148361698,0,C,439,2
41.7291144437352,72,22.047752905637,19.6813615380982,1,I,440,2
91.5547492090593,72,22.0783295715228,49.9216704284772,0,C,441,2
65.9514383220923,72,22.1702733915299,43.7811649305624,1,I,442,2
69.2988580133349,52.1373747240058,22.1737093571574,29.9636653668485,0,C,443,2
82.9452952638508,72,22.3625229438767,49.6374770561233,0,I,444,2
45.523637416171,72,22.498583458364,23.025053957807,1,C,445,2
27.0318029439664,72,22.564004631713,4.46779831225339,1,I,446,2
210.874848363181,72,22.5861717341468,49.4138282658532,0,C,447,2
121.709911507119,72,22.5884245382622,49.4115754617378,0,I,448,2
28.2161216588556,72,22.6408360758796,5.57528558297597,1,C,449,2
67.6980090774669,72,22.6660794066265,45.0319296708403,1,I,450,2
45.1264761771149,72,22.6683379244059,22.4581382527089,1,C,451,2
49.3420343918994,72,22.6748769544065,26.6671574374929,1,I,452,2
59.7230157869567,72,22.7189008612186,37.0041149257381,1,C,453,2
53.8452677712886,72,22.7383242314681,31.1069435398204,1,I,454,2
114.171639600406,72,22.8315341938287,49.1684658061713,0,C,455,2
45.0108457362971,72,22.8438534541056,22.1669922821916,1,I,456,2
43.9286967604112,71.1399017242839,22.9350725468248,20.9936242135863,1,C,457,2
47.3264659343626,72,22.9710752656683,24.3553906686943,1,I,458,2
36.3406716261248,72,23.0058829765767,13.3347886495481,1,C,459,2
49.4540342752553,72,23.0281778192148,26.4258564560405,1,I,460,2
116.65920679336,72,23.0965864285827,48.9034135714173,0,C,461,2
83.0812181914091,72,23.1593708507717,48.8406291492283,0,I,462,2
64.0212647963507,56.0260744511611,23.1619179155678,32.8641565355934,0,C,463,2
45.306108147333,72,23.1835790583864,22.1225290889466,1,I,464,2
47.4611823282049,72,23.3456941880286,24.1154881401763,1,C,465,2
37.9747206910833,72,23.4805831080303,14.494137583053,1,I,466,2
54.6962334043056,72,23.6222004331648,31.0740329711408,1,C,467,2
65.4789506849932,72,23.6803028779104,41.7986478070827,1,I,468,2
174.132799906178,72,23.7296208925545,48.2703791074455,0,C,469,2
138.345184152953,43.0919502339886,23.7865137169138,19.3054365170749,0,I,470,2
68.6116729217482,72,23.8401839369908,44.7714889847574,1,C,471,2
180.979694058071,72,23.8483624113724,48.1516375886276,0,I,472,2
114.962950227486,72,23.9054764900357,48.0945235099644,0,C,473,2
51.9001311579113,72,23.9086313825101,27.9914997754012,1,I,474,2
91.8443713143437,37.4058670894127,24.0977796725929,13.3080874168198,0,C,475,2
25.6290830389635,72,24.1002327762544,1.52885026270905,1,I,476,2
57.2885155278211,72,24.1052610240877,33.1832545037334,1,C,477,2
36.3467464776303,72,24.1137302247807,12.2330162528496,1,I,478,2
188.314366478849,27.1704225732818,24.3735176045448,2.79690496873709,0,C,479,2
26.9155770534915,72,24.4283716566861,2.48720539680547,1,I,480,2
52.1659772077961,72,24.4375373236835,27.7284398841126,1,C,481,2
135.487939508622,72,24.5089242467657,47.4910757532343,0,I,482,2
47.9218936193922,72,24.5449254149571,23.3769682044351,1,C,483,2
54.6421487693716,72,24.795642318204,29.8465064511676,1,I,484,2
80.3532514996341,64.4290800052824,24.8316075978801,39.5974724074023,0,C,485,2
35.8110258710707,60.0312578357243,24.8436235589907,10.9674023120801,1,I,486,2
78.4493027419389,72,24.9494900275022,47.0505099724978,0,C,487,2
194.730341436691,72,25.0123010901734,46.9876989098266,0,I,488,2
30.5826999150609,72,25.0589003087953,5.52379960626558,1,C,489,2
146.981168337947,72,25.0741439312696,46.9258560687304,0,I,490,2
28.0681029028384,72,25.0933392718434,2.974763630995,1,C,491,2
35.7438791776879,72,25.0981134641916,10.6457657134963,1,I,492,2
37.4476916091528,72,25.1056712167338,12.3420203924191,1,C,493,2
141.807299513438,72,25.1737373974174,46.8262626025826,0,I,494,2
162.6220934483,72,25.1783904153854,46.8216095846146,0,C,495,2
63.9571441804714,72,25.1971074705943,38.760036709877,1,I,496,2
123.62071075343,72,25.2244799444452,46.7755200555548,0,C,497,2
37.7375041882904,72,25.2503153169528,12.4871888713377,1,I,498,2
35.1638761810605,72,25.3222664957866,9.84160968527388,1,C,499,2
47.0806442927787,72,25.3258079476655,21.7548363451133,1,I,500,2
84.5940469805519,60.6923580038975,25.341268396005,35.3510896078924,0,C,501,2
26.6871088209599,72,25.4021562729031,1.28495254805683,1,I,502,2
41.0547536927826,72,25.4411225533113,15.6136311394713,1,C,503,2
44.5885371625357,51.6918175314895,25.4754263302311,19.1131108323046,1,I,504,2
72.4696435699214,72,25.4825676558539,46.5174323441461,0,C,505,2
28.1624441981024,72,25.5552478367463,2.60719636135609,1,I,506,2
61.8746606091669,72,25.5667879711837,36.3078726379832,1,C,507,2
34.8780627131166,60.0383202233653,25.5793719319627,9.29869078115392,1,I,508,2
29.4574234616384,59.208150853808,25.6613218551502,3.79610160648825,1,C,509,2
31.4364439847085,72,25.7076355442405,5.72880844046804,1,I,510,2
59.7892093312873,72,25.8785572601482,33.9106520711391,1,C,511,2
76.7991023820064,72,25.9081464260817,46.0918535739183,0,I,512,2
38.1389796968107,72,25.9136535041034,12.2253261927072,1,C,513,2
40.1266683099048,72,25.9631070820615,14.1635612278434,1,I,514,2
72.0621402002907,72,26.0082529764622,45.9917470235378,0,C,515,2
34.4691787119814,72,26.0528811207041,8.41629759127729,1,I,516,2
48.9287332453712,72,26.0747832013294,22.8539500440418,1,C,517,2
87.2589207571619,72,26.1227322695777,45.8772677304223,0,I,518,2
75.8667290133473,72,26.1472076363862,45.8527923636139,0,C,519,2
90.9073309346346,72,26.1686683399603,45.8313316600397,0,I,520,2
35.789081337561,72,26.2484887428582,9.54059259470287,1,C,521,2
61.2847467893842,72,26.2489831773564,35.0357636120277,1,I,522,2
102.465536877959,72,26.2492268113419,45.7507731886581,0,C,523,2
35.8588575353144,43.4318624360552,26.3143578870222,9.54449964829216,1,I,524,2
117.282294435754,72,26.3861398212612,45.6138601787388,0,C,525,2
185.808175913776,46.9914367637878,26.3963992148638,20.595037548924,0,I,526,2
33.8207601538716,72,26.4045510208234,7.41620913304816,1,C,527,2
33.1908621881016,72,26.4085126854479,6.78234950265366,1,I,528,2
32.4871945757859,72,26.4242742676288,6.06292030815706,1,C,529,2
82.9571911799159,42.9353184812787,26.5054229646921,16.4298955165866,0,I,530,2
63.9159489627006,42.5619660202163,26.5427294047549,16.0192366154614,0,C,531,2
57.9484213659461,72,26.5818438353017,31.3665775306444,1,I,532,2
70.874840038441,72,26.6559790587053,44.2188609797358,1,C,533,2
39.5365591198091,57.7409308393668,26.6846965625882,12.8518625572209,1,I,534,2
65.4316108373318,72,26.7820207122713,38.6495901250604,1,C,535,2
102.342979037159,72,27.0333869336173,44.9666130663827,0,I,536,2
37.5660819721783,72,27.0545456791297,10.5115362930486,1,C,537,2
40.1557881295504,30.3623480560815,27.0609350502491,3.30141300583235,0,I,538,2
70.953270121595,53.109740288729,27.0982405403629,26.0114997483661,0,C,539,2
45.8211678231157,47.7564523282379,27.1281123301014,18.6930554930143,1,I,540,2
36.866844619899,72,27.1419885708019,9.72485604909705,1,C,541,2
46.6461969535269,49.3117677714648,27.2143775783479,19.431819375179,1,I,542,2
69.435565622533,72,27.2604381060228,42.1751275165103,1,C,543,2
50.4082374370897,72,27.4275102932006,22.9807271438891,1,I,544,2
112.095297379521,49.8595773682778,27.4282886087894,22.4312887594884,0,C,545,2
142.254518850665,72,27.4586631730199,44.5413368269801,0,I,546,2
113.956427807416,72,27.5301607092842,44.4698392907158,0,C,547,2
28.2505081267692,72,27.5448352424428,0.705672884326422,1,I,548,2
179.914539161895,72,27.6357180112973,44.3642819887027,0,C,549,2
37.740341948425,72,27.65861494001,10.081727008415,1,I,550,2
82.4766931388596,72,27.7304772706702,44.2695227293298,0,C,551,2
43.9026194428226,72,27.7316745417193,16.1709449011033,1,I,552,2
70.5971989759645,72,27.7412848128006,42.8559141631639,1,C,553,2
28.4208635603231,72,27.77320896741,0.647654592913104,1,I,554,2
66.446039608033,72,27.8402955411002,38.6057440669328,1,C,555,2
79.4788039674613,72,27.8496687859297,44.1503312140703,0,I,556,2
127.501015185892,72,27.9367141518742,44.0632858481258,0,C,557,2
76.9916520436522,72,28.005602248013,43.994397751987,0,I,558,2
71.7422380386602,72,28.0196451907977,43.7225928478625,1,C,559,2
60.0497555912734,72,28.0218303529546,32.0279252383188,1,I,560,2
52.756444423612,72,28.1880833068863,24.5683611167258,1,C,561,2
79.7492145475297,72,28.2639742037281,43.7360257962719,0,I,562,2
42.7938559706787,72,28.4026361396536,14.3912198310251,1,C,563,2
65.354536006064,72,28.4147017356008,36.9398342704632,1,I,564,2
56.3334022537925,72,28.514781142585,27.8186211112075,1,C,565,2
50.0868280203932,72,28.5278902435675,21.5589377768256,1,I,566,2
42.4896840655968,72,28.6220986163244,13.8675854492724,1,C,567,2
85.7473357011775,72,28.7128032417968,43.2871967582032,0,I,568,2
29.9560510671513,72,28.7594136921689,1.19663737498244,1,C,569,2
81.6161862105278,72,28.776580542326,43.223419457674,0,I,570,2
65.0652967725694,72,28.825350352563,36.2399464200064,1,C,571,2
82.4067903348459,72,28.8492227252573,43.1507772747427,0,I,572,2
219.787650459975,45.8479518909809,28.8541927188635,16.9937591721174,0,C,573,2
32.6763051206711,72,28.8551615830511,3.82114353762006,1,I,574,2
60.4739591229012,72,28.9165272004902,31.5574319224109,1,C,575,2
41.0073383365222,72,28.9572055265307,12.0501328099914,1,I,576,2
42.1240266274441,72,29.0252324659377,13.0987941615064,1,C,577,2
74.781397199075,43.0354880903208,29.1312778042629,13.9042102860579,0,I,578,2
59.6447326601339,59.6430842188674,29.161254116334,30.4818301025334,0,C,579,2
48.1463912579227,47.881486508889,29.2530368780717,18.6284496308173,0,I,580,2
68.9808619969117,72,29.4489835621789,39.5318784347328,1,C,581,2
32.7448370767599,72,29.4496131548658,3.29522392189412,1,I,582,2
67.4650749786461,72,29.4696677941829,37.9954071844632,1,C,583,2
38.6108131965518,68.6449031198125,29.4812076771632,9.12960551938866,1,I,584,2
37.2042465309274,72,29.499421720393,7.70482481053435,1,C,585,2
30.4868448184427,72,29.5405208040029,0.946324014439842,1,I,586,2
38.1487984803056,72,29.5671631582081,8.58163532209746,1,C,587,2
103.228785041871,72,29.5860924571753,42.4139075428247,0,I,588,2
46.5963445942247,46.1159468940433,29.629690758884,16.4862561351594,0,C,589,2
132.46331392224,72,29.6410931227729,42.3589068772271,0,I,590,2
34.9456279887381,72,29.6460300078616,5.29959798087655,1,C,591,2
40.3913117087204,51.2894469648365,29.661133387126,10.7301783215943,1,I,592,2
33.2563139044288,72,29.6885465271771,3.56776737725166,1,C,593,2
125.692832507689,72,29.7113260673359,42.2886739326641,0,I,594,2
66.5692136454617,72,29.7366119222716,36.8326017231901,1,C,595,2
44.5213818251312,58.0228330847402,29.7406040411443,14.780777783987,1,I,596,2
39.0740645893072,40.5362421159089,29.7581827780232,9.315881811284,1,C,597,2
32.2377104715342,72,29.7597913630307,2.47791910850353,1,I,598,2
161.670487385809,72,29.7718429891393,42.2281570108607,0,C,599,2
90.8034884683028,72,29.7990677179769,42.2009322820231,0,I,600,2
30.261046129294,72,29.8265100829303,0.434536046363682,1,C,601,2
50.3550693697667,72,29.8291515558958,20.5259178138709,1,I,602,2
148.924274435637,72,29.8634365014732,42.1365634985268,0,C,603,2
45.2965987776954,72,29.9740959098563,15.3225028678391,1,I,604,2
76.1241577792029,72,30.0663952203468,41.9336047796533,0,C,605,2
85.6142827030513,72,30.0773534690961,41.9226465309039,0,I,606,2
60.1131524186596,72,30.079447478056,30.0337049406036,1,C,607,2
75.9571051681364,72,30.0872159795836,41.9127840204164,0,I,608,2
49.2910256297544,72,30.1478779502213,19.1431476795331,1,C,609,2
111.60717104016,72,30.1960033318028,41.8039966681972,0,I,610,2
65.9086806983309,72,30.1992142014205,35.7094664969104,1,C,611,2
31.5265925165992,72,30.2316450560465,1.29494746055268,1,I,612,2
42.2179233523137,72,30.2397320279852,11.9781913243285,1,C,613,2
51.9984240989093,72,30.306592527777,21.6918315711323,1,I,614,2
43.1945469424344,72,30.3197320690379,12.8748148733966,1,C,615,2
324.295539225911,72,30.4021409712732,41.5978590287268,0,I,616,2
71.9102103160586,72,30.5665802489966,41.343630067062,1,C,617,2
121.115791316274,40.1698711797996,30.601935214363,9.56793596543658,0,I,618,2
131.13809709308,72,30.6639516586438,41.3360483413562,0,C,619,2
205.32326137871,72,30.6891370145604,41.3108629854396,0,I,620,2
41.6455099606365,72,30.7510379143059,10.8944720463305,1,C,621,2
48.6415108292983,72,30.776791437529,17.8647193917693,1,I,622,2
101.30812132619,41.3270540774183,30.8044938370585,10.5225602403597,0,C,623,2
58.9090891855024,72,30.8205215726048,28.0885676128977,1,I,624,2
103.82703356928,72,30.8237175922841,41.1762824077159,0,C,625,2
72.8054799743512,72,30.8452154137194,41.1547845862806,0,I,626,2
63.9300227600982,72,30.8913124445826,33.0387103155156,1,C,627,2
34.1087840840228,72,30.8916942123324,3.21708987169048,1,I,628,2
99.878386783989,72,30.9061806695536,41.0938193304464,0,C,629,2
38.9139749988109,72,30.9566146926954,7.95736030611541,1,I,630,2
169.429640541691,72,31.0538228368387,40.9461771631613,0,C,631,2
76.8440892319328,72,31.0611461056396,40.9388538943604,0,I,632,2
87.5955790732041,72,31.0621738946065,40.9378261053935,0,C,633,2
45.4071669831137,72,31.1279208166525,14.2792461664612,1,I,634,2
137.385856216929,31.6944205691071,31.1578238988295,0.536596670277547,0,C,635,2
50.3914974916663,72,31.1715071741492,19.2199903175171,1,I,636,2
50.7790727400148,72,31.1759348865598,19.603137853455,1,C,637,2
56.0406253122528,72,31.2335793999955,24.8070459122573,1,I,638,2
41.8727243912989,72,31.2461453257129,10.626579065586,1,C,639,2
58.0550681139795,72,31.2475237157196,26.8075443982599,1,I,640,2
41.0245385093003,72,31.3024243013933,9.72211420790694,1,C,641,2
60.5148645347434,72,31.3286654558033,29.1861990789401,1,I,642,2
48.6784450935118,72,31.3597621768713,17.3186829166405,1,C,643,2
43.7337952378845,72,31.3799378089607,12.3538574289238,1,I,644,2
67.3060086613118,72,31.4071554969996,35.8988531643122,1,C,645,2
33.3891814923588,72,31.4358123578131,1.95336913454566,1,I,646,2
66.0056689434492,72,31.4514198806137,34.5542490628355,1,C,647,2
91.905762711447,52.5122707270835,31.4544147346169,21.0578559924667,0,I,648,2
87.8752611328781,72,31.5156780090183,40.4843219909817,0,C,649,2
45.6049765459933,72,31.633095452562,13.9718810934314,1,I,650,2
50.6301211513241,72,31.6576626431197,18.9724585082044,1,C,651,2
55.1020544710376,72,31.6589340101928,23.4431204608448,1,I,652,2
46.18124496635,72,31.6663515055552,14.5148934607948,1,C,653,2
40.4817197415179,72,31.7891370551661,8.69258268635184,1,I,654,2
33.6294876677848,72,31.8931590020657,1.73632866571911,1,C,655,2
33.7125660684928,72,31.9274602783844,1.78510579010838,1,I,656,2
41.1265753535268,33.8644874245363,31.9656014163047,1.89888600823163,0,C,657,2
44.9013866154942,72,31.9830230483785,12.9183635671156,1,I,658,2
62.7217510055193,72,31.9978953246027,30.7238556809166,1,C,659,2
117.868209363009,72,32.0387889258564,39.9612110741437,0,I,660,2
145.351262808548,72,32.1446485072374,39.8553514927626,0,C,661,2
86.2021847824477,72,32.1711959503591,39.8288040496409,0,I,662,2
37.1607468404839,72,32.362375035882,4.79837180460187,1,C,663,2
152.383200016345,72,32.4564593285322,39.5435406714678,0,I,664,2
33.361056836488,72,32.4624336278066,0.898623208681402,1,C,665,2
44.1184450607473,72,32.4993743374944,11.6190707232529,1,I,666,2
39.8221345141007,72,32.5315391086042,7.29059540549648,1,C,667,2
198.796101057749,72,32.6037554210052,39.3962445789948,0,I,668,2
50.1091026740731,72,32.6244769664481,17.484625707625,1,C,669,2
193.928842637109,72,32.6396305533126,39.3603694466874,0,I,670,2
64.5643095053171,72,32.6402917178348,31.9240177874823,1,C,671,2
46.9594622064381,72,32.7020891010761,14.257373105362,1,I,672,2
39.984790772126,72,32.7582722855732,7.22651848655277,1,C,673,2
123.957406207918,72,32.888476154767,39.111523845233,0,I,674,2
57.6317686791942,72,32.9199770791456,24.7117916000486,1,C,675,2
39.2151316744984,72,32.9733209917322,6.24181068276619,1,I,676,2
36.1094209222101,65.3322888391305,33.0841252533719,3.02529566883825,1,C,677,2
99.6755676443871,35.032476785364,33.1904207915068,1.84205599385719,0,I,678,2
76.0214648043164,72,33.1962443562225,38.8037556437776,0,C,679,2
37.7704306222693,72,33.2533753383905,4.51705528387888,1,I,680,2
42.6035341456158,72,33.3021075977013,9.30142654791452,1,C,681,2
127.825315800235,36.575201717509,33.3226436935365,3.25255802397246,0,I,682,2
102.740021429581,72,33.3974959468469,38.6025040531531,0,C,683,2
64.335602184718,72,33.527254764922,30.808347419796,1,I,684,2
63.4105769579771,72,33.5362420370802,29.8743349208968,1,C,685,2
77.9390693525982,72,33.5550735890865,38.4449264109135,0,I,686,2
47.503911257495,56.292249645231,33.6719054169953,13.8320058404997,1,C,687,2
58.828574800592,72,33.8330166880041,24.9955581125878,1,I,688,2
46.0419783720305,72,33.8914318056777,12.1505465663527,1,C,689,2
48.6056502273755,72,33.9876046590507,14.6180455683248,1,I,690,2
34.2596845537069,72,34.0394385159016,0.220246037805351,1,C,691,2
68.888760016761,72,34.0407923189923,34.8479676977687,1,I,692,2
71.2388966068751,44.4560184979603,34.0811108238995,10.3749076740608,0,C,693,2
46.7372887373332,72,34.1362593183294,12.6010294190038,1,I,694,2
59.0860882688321,72,34.2483834782615,24.8377047905706,1,C,695,2
37.7930985197695,72,34.2759871250019,3.51711139476763,1,I,696,2
42.3484601936572,72,34.3796285474673,7.96883164618991,1,C,697,2
69.9570056027709,72,34.4059825222939,35.551023080477,1,I,698,2
38.6345522437403,72,34.537778031081,4.09677421265929,1,C,699,2
70.2068662108362,62.6734623551722,34.5727461855859,28.1007161695863,0,I,700,2
37.0240584214253,72,34.662109175697,2.36194924572837,1,C,701,2
39.735383993593,72,34.6770991338417,5.05828485975127,1,I,702,2
50.9590993233846,72,34.7047164151445,16.2543829082401,1,C,703,2
40.2485564924944,72,34.7109941532835,5.53756233921085,1,I,704,2
216.303635927951,72,34.8780250456184,37.1219749543816,0,C,705,2
189.422658653716,72,34.878756897524,37.121243102476,0,I,706,2
74.6582967010717,72,34.9391549360007,37.0608450639993,0,C,707,2
42.2040626638978,72,35.0632281415164,7.14083452238137,1,I,708,2
92.5336950240664,72,35.097803324461,36.902196675539,0,C,709,2
78.1181080880047,72,35.1034448063001,36.8965551936999,0,I,710,2
117.008962052461,72,35.1062971819192,36.8937028180808,0,C,711,2
90.8964048291801,72,35.1146940328181,36.8853059671819,0,I,712,2
37.1878014662183,58.5634288212657,35.2293876931071,1.95841377311117,1,C,713,2
89.9202132779381,72,35.276390039362,36.723609960638,0,I,714,2
67.7394557625816,67.6882204681526,35.4435443133116,32.244676154841,0,C,715,2
53.7521767233406,72,35.4714763071388,18.2807004162018,1,I,716,2
59.2170905030018,72,35.5501230480149,23.6669674549869,1,C,717,2
104.060399980024,72,35.5714439414442,36.4285560585558,0,I,718,2
38.1091675386576,72,35.6392222456634,2.46994529299422,1,C,719,2
84.3727863779814,72,35.6685857428238,36.3314142571762,0,I,720,2
55.426061519265,46.5143880175031,35.6980634154752,10.8163246020279,0,C,721,2
60.0170005789432,72,35.7156599219888,24.3013406569543,1,I,722,2
90.0963434365446,72,35.7328637922183,36.2671362077817,0,C,723,2
68.8791102657212,72,35.7647926127538,33.1143176529674,1,I,724,2
51.4985656749339,45.1530042214728,35.7851710868999,9.3678331345729,0,C,725,2
86.1922824542353,72,35.7976419338957,36.2023580661044,0,I,726,2
74.3586205128202,72,35.8490969287232,36.1509030712768,0,C,727,2
129.823229553849,72,35.8545650588349,36.1454349411652,0,I,728,2
79.1043985215903,72,35.8676342759281,36.1323657240719,0,C,729,2
37.7814055646402,72,35.9180057700723,1.86339979456786,1,I,730,2
51.2164438740818,72,35.9195058932528,15.296937980829,1,C,731,2
85.7791565295338,72,35.9696781914681,36.0303218085319,0,I,732,2
87.4626573178557,72,36.0725014284253,35.9274985715747,0,C,733,2
51.4010026476869,72,36.231522615999,15.1694800316879,1,I,734,2
82.1265985125486,72,36.3050273247063,35.6949726752937,0,C,735,2
56.0191095160034,43.7021561248389,36.3261083420366,7.37604778280233,0,I,736,2
52.0454881963985,72,36.3570849504322,15.6884032459663,1,C,737,2
189.714064550786,72,36.3691593892872,35.6308406107128,0,I,738,2
39.8920632518924,72,36.3887379644439,3.5033252874485,1,C,739,2
129.155559012341,61.7133753899455,36.5106478566304,25.2027275333151,0,I,740,2
60.9503699861927,44.6497792216308,36.5329166734591,8.11686254817168,0,C,741,2
108.557250795764,72,36.5472724847496,35.4527275152504,0,I,742,2
45.8012960654377,72,36.6394670214504,9.1618290439873,1,C,743,2
114.2339602597,72,36.6689573647454,35.3310426352546,0,I,744,2
89.2579090681306,72,36.690028840676,35.3099711593241,0,C,745,2
46.4942649592177,72,36.694818274118,9.79944668509964,1,I,746,2
70.4536700427638,72,36.7392531037331,33.7144169390307,1,C,747,2
53.2109196850763,72,36.8039792217314,16.4069404633449,1,I,748,2
38.7062360611571,72,36.8587109679356,1.84752509322146,1,C,749,2
91.8266539983319,72,36.8862881418318,35.1137118581682,0,I,750,2
75.6522868482145,72,36.8933617556468,35.1066382443532,0,C,751,2
46.3401306792413,72,36.9084440404549,9.43168663878641,1,I,752,2
39.808434873462,54.94461444635,36.9646020792425,2.84383279421953,1,C,753,2
65.9763751327749,72,36.9698065565899,29.006568576185,1,I,754,2
50.2375443160821,72,37.0358951808885,13.2016491351936,1,C,755,2
40.258543667899,72,37.0442679617554,3.2142757061436,1,I,756,2
37.7139117300744,72,37.1397833526135,0.574128377460936,1,C,757,2
159.621941920996,72,37.1438308060169,34.8561691939831,0,I,758,2
108.253105759718,60.4148190793104,37.1633243467659,23.2514947325446,0,C,759,2
106.963756474953,72,37.1641106670722,34.8358893329278,0,I,760,2
43.9378592082244,72,37.3718093940988,6.56604981412556,1,C,761,2
83.643300111566,43.9040606559331,37.4123171344399,6.49174352149313,0,I,762,2
113.953404910745,72,37.6280628237873,34.3719371762127,0,C,763,2
80.0027065548858,54.6583092022427,37.6307075796649,17.0276016225778,0,I,764,2
75.93099547443,72,37.7489824360237,34.2510175639764,0,C,765,2
59.2078825855628,72,37.8223143098876,21.3855682756752,1,I,766,2
59.4673771115093,72,37.8401302266866,21.6272468848227,1,C,767,2
54.0749043308484,72,37.8480327269062,16.2268716039422,1,I,768,2
58.7070060177171,72,38.0282691819593,20.6787368357578,1,C,769,2
38.3038425529901,72,38.0881135677919,0.215728985198215,1,I,770,2
74.6044590074407,59.401160062914,38.1851504696533,21.2160095932607,0,C,771,2
51.8100512462101,72,38.2035353081301,13.60651593808,1,I,772,2
140.752398653805,72,38.2238414604217,33.7761585395783,0,C,773,2
70.1584201458817,72,38.2677605934441,31.8906595524376,1,I,774,2
82.2522251026084,72,38.2971107633784,33.7028892366216,0,C,775,2
61.1657702357999,72,38.3058637334034,22.8599065023965,1,I,776,2
56.994230036323,72,38.3630708931014,18.6311591432216,1,C,777,2
42.4824929530516,72,38.4117406513542,4.07075230169745,1,I,778,2
88.3985705796966,72,38.4686037758365,33.5313962241635,0,C,779,2
146.96824300913,72,38.5715350834653,33.4284649165347,0,I,780,2
73.4523751352818,67.5363270039838,38.573362310417,28.9629646935668,0,C,781,2
41.3192913149403,72,38.6390391318128,2.68025218312749,1,I,782,2
184.416973179868,72,38.8391768513247,33.1608231486753,0,C,783,2
66.9083652512042,72,38.860050723888,28.0483145273162,1,I,784,2
39.7552383315583,72,38.8604958029464,0.894742528611876,1,C,785,2
51.6824311775832,72,38.8714722823352,12.810958895248,1,I,786,2
39.4027592284561,72,38.8794785225764,0.523280705879705,1,C,787,2
119.926495538808,72,38.8906301697716,33.1093698302284,0,I,788,2
94.1679678327128,72,38.8992844708264,33.1007155291736,0,C,789,2
169.90959348896,72,38.9114381326363,33.0885618673638,0,I,790,2
47.1771916832671,72,38.9476435817778,8.22954810148925,1,C,791,2
69.4428864382446,72,38.990963534452,30.4519229037926,1,I,792,2
49.9119152408942,72,39.0939432056621,10.8179720352321,1,C,793,2
51.7140804790659,43.79524911655,39.0979445027187,4.69730461383127,0,I,794,2
83.2789273544168,72,39.109418336302,32.890581663698,0,C,795,2
43.52075957062,55.2687285968662,39.1174787236378,4.40328084698225,1,I,796,2
49.1159126078778,72,39.1830504359677,9.93286217191007,1,C,797,2
57.0082899478613,72,39.2045122990385,17.8037776488229,1,I,798,2
39.7334662954218,72,39.2342941649258,0.499172130495973,1,C,799,2
98.0287867385584,72,39.234957494773,32.765042505227,0,I,800,2
218.881829510842,72,39.2468688217923,32.7531311782077,0,C,801,2
57.5686830464889,72,39.3208835832775,18.2477994632114,1,I,802,2
82.4893480610088,72,39.4061890477315,32.5938109522685,0,C,803,2
170.821191127687,72,39.4856779323891,32.5143220676109,0,I,804,2
43.5556710884174,72,39.4919252302498,4.06374585816763,1,C,805,2
40.2150005047635,54.7471286530191,39.5251038344577,0.689896670305793,1,I,806,2
50.2140116839386,54.2897692628198,39.5574279874563,10.6565836964823,1,C,807,2
193.711492584085,72,39.6404965594411,32.3595034405589,0,I,808,2
78.8339847994425,72,39.6560706244782,32.3439293755218,0,C,809,2
93.1926154160354,72,39.6604242967442,32.3395757032558,0,I,810,2
51.1868566488917,72,39.7191214514896,11.4677351974021,1,C,811,2
186.98286736319,72,39.724517413415,32.275482586585,0,I,812,2
134.031966188654,72,39.7437167912722,32.2562832087278,0,C,813,2
43.3440242078845,72,39.7458320204169,3.59819218746763,1,I,814,2
86.7887819420107,72,39.8145913565531,32.1854086434469,0,C,815,2
42.6790529154817,72,39.8269585333765,2.85209438210523,1,I,816,2
49.9939293765095,72,39.8294405126944,10.1644888638151,1,C,817,2
55.0379869045261,72,39.8550412477925,15.1829456567336,1,I,818,2
70.8762981518223,72,39.9129889626056,30.9633091892167,1,C,819,2
40.3700817678287,72,39.9318133061752,0.438268461653565,1,I,820,2
76.4303706047802,72,39.9365392327309,32.0634607672691,0,C,821,2
88.9022073629044,72,39.9803967447951,32.0196032552049,0,I,822,2
42.5629065680625,72,40.0152947567403,2.54761181132212,1,C,823,2
58.5954652805103,72,40.0174864009023,18.5779788796081,1,I,824,2
84.0732031404798,72,40.0742464419454,31.9257535580546,0,C,825,2
133.187126219121,72,40.0930156186223,31.9069843813777,0,I,826,2
74.807292242595,72,40.1055105775595,31.8944894224405,0,C,827,2
85.442739921692,72,40.1385261397809,31.8614738602191,0,I,828,2
137.480168137081,72,40.1462109060958,31.8537890939042,0,C,829,2
116.278870090682,72,40.2391349337995,31.7608650662005,0,I,830,2
130.338699433544,72,40.2477718144655,31.7522281855345,0,C,831,2
59.9978331377083,72,40.3518888261169,19.6459443115914,1,I,832,2
42.2066343032408,72,40.3665854316205,1.84004887162031,1,C,833,2
60.4719675436441,72,40.4035669611767,20.0684005824674,1,I,834,2
57.6278805262524,72,40.5677920393646,17.0600884868878,1,C,835,2
240.31777820541,72,40.5843255249783,31.4156744750217,0,I,836,2
48.3241935511998,72,40.5876781186089,7.73651543259091,1,C,837,2
65.0085065635521,72,40.6354647735134,24.3730417900387,1,I,838,2
46.0530688520614,72,40.8100034622476,5.24306538981383,1,C,839,2
59.5660068532355,49.2901856370585,40.8108201948926,8.47936544216593,0,I,840,2
56.2432593576635,72,40.8765996946022,15.3666596630613,1,C,841,2
64.3678707124631,72,40.8796933991835,23.4881773132797,1,I,842,2
63.5823516728017,72,40.9067716123536,22.6755800604481,1,C,843,2
77.4635141944087,72,40.9749486716464,31.0250513283536,0,I,844,2
41.6123043836114,72,41.0332690598443,0.579035323767127,1,C,845,2
88.278147194537,72,41.0768691077828,30.9231308922172,0,I,846,2
70.3882399262849,49.1137001990205,41.0804477613419,8.03325243767854,0,C,847,2
95.9087132382655,72,41.1406140262261,30.8593859737739,0,I,848,2
58.3125245598091,72,41.1762423114851,17.136282248324,1,C,849,2
114.64946241054,63.4209371263975,41.2034973688424,22.2174397575551,0,I,850,2
55.1414256126112,72,41.3319791061804,13.8094465064308,1,C,851,2
154.784026745072,72,41.3977415068075,30.6022584931925,0,I,852,2
63.8416209180569,72,41.4212801679969,22.42034075006,1,C,853,2
99.6454776864272,53.480618570742,41.4580491604283,12.0225694103137,0,I,854,2
77.8797321528599,72,41.4779737964273,30.5220262035728,0,C,855,2
60.1587417796182,72,41.538381529972,18.6203602496463,1,I,856,2
42.1556874365852,72,41.6281767329201,0.527510703665073,1,C,857,2
148.817485315639,72,41.6692883055657,30.3307116944343,0,I,858,2
237.831827444531,72,41.7408718401566,30.2591281598434,0,C,859,2
62.5314106606599,72,41.7981727235019,20.7332379371579,1,I,860,2
49.9804970497415,72,41.8748026527464,8.10569439699506,1,C,861,2
171.160026541949,72,41.8938831612468,30.1061168387532,0,I,862,2
116.99291250767,72,41.8994172010571,30.1005827989429,0,C,863,2
72.3569368971273,72,42.0046185236424,29.9953814763576,0,I,864,2
219.524101308954,48.664801432164,42.0486143091694,6.6161871229946,0,C,865,2
50.2970781271149,72,42.0913873426616,8.20569078445326,1,I,866,2
166.758801507601,72,42.1826209919527,29.8173790080473,0,C,867,2
57.0574660723556,72,42.2438392415643,14.8136268307913,1,I,868,2
110.231012101592,72,42.2667461726815,29.7332538273186,0,C,869,2
79.0782710762462,72,42.267984780483,29.7320152195171,0,I,870,2
60.1818281798256,72,42.2754078777507,17.9064203020749,1,C,871,2
116.24438389059,72,42.3200139915571,29.6799860084429,0,I,872,2
115.481893685255,72,42.3274097079411,29.6725902920589,0,C,873,2
48.4821346655835,72,42.3841899912804,6.0979446743031,1,I,874,2
46.8750813558972,72,42.5349523779005,4.34012897799671,1,C,875,2
224.527092314826,72,42.5447065103799,29.4552934896201,0,I,876,2
92.6222797249892,72,42.6380332466215,29.3619667533785,0,C,877,2
83.3523302957641,72,42.6412043720484,29.3587956279516,0,I,878,2
105.003842196643,72,42.6913023646921,29.3086976353079,0,C,879,2
157.315563874376,72,42.7112862607464,29.2887137392536,0,I,880,2
59.5008499401458,72,42.8170435549691,16.6838063851766,1,C,881,2
51.0502706198043,72,42.8745086817071,8.17576193809716,1,I,882,2
47.2427027423827,72,42.8977723326534,4.3449304097293,1,C,883,2
51.5666734471394,72,42.9523322358727,8.61434121126666,1,I,884,2
87.2985975165243,72,43.0203869752586,28.9796130247414,0,C,885,2
52.2461885982796,72,43.0448951991275,9.20129339915205,1,I,886,2
151.030933838433,72,43.0596784735099,28.9403215264902,0,C,887,2
111.848032596345,72,43.1964521901682,28.8035478098318,0,I,888,2
290.743641666666,72,43.253255202435,28.746744797565,0,C,889,2
54.0039537867127,72,43.2753715943545,10.7285821923582,1,I,890,2
86.0334574062959,72,43.3034514728934,28.6965485271066,0,C,891,2
71.5523453756744,72,43.3049999317154,28.2473454439589,1,I,892,2
61.9289924281116,72,43.3320872252807,18.5969052028309,1,C,893,2
46.7778598342791,72,43.3802455756813,3.39761425859773,1,I,894,2
53.4110013902794,72,43.4808226302266,9.93017876005283,1,C,895,2
65.0823737863386,72,43.4899766603485,21.5923971259901,1,I,896,2
60.6486571395523,72,43.6191559676081,17.0295011719442,1,C,897,2
98.6627910388965,72,43.7261932622641,28.2738067377359,0,I,898,2
118.479926579363,72,43.8382145063952,28.1617854936048,0,C,899,2
62.0478898398928,72,43.883477258496,18.1644125813968,1,I,900,2
53.8058853240897,72,43.9572079153731,9.84867740871659,1,C,901,2
50.0681557103836,72,44.048829828389,6.01932588199457,1,I,902,2
64.6677129728922,72,44.1173791419715,20.5503338309207,1,C,903,2
157.03928389083,72,44.1386710759252,27.8613289240748,0,I,904,2
127.559362847616,72,44.154407652095,27.845592347905,0,C,905,2
60.9166799635663,72,44.2589083872736,16.6577715762928,1,I,906,2
50.3080923523495,72,44.3730573076755,5.935035044674,1,C,907,2
121.722572034868,65.3006290614393,44.3765469174832,20.9240821439561,0,I,908,2
71.1975972337072,72,44.4212309690192,26.776366264688,1,C,909,2
92.7186150499942,72,44.43989333231,27.56010666769,0,I,910,2
51.862169665201,72,44.4449739670381,7.41719569816288,1,C,911,2
212.318662591878,72,44.4723369693384,27.5276630306616,0,I,912,2
69.0129566744431,72,44.4850137038156,24.5279429706274,1,C,913,2
135.031890613584,57.2396776705251,44.5008720131591,12.738805657366,0,I,914,2
57.6508409934857,72,44.5158657850698,13.134975208416,1,C,915,2
46.8102901669895,72,44.5387841435149,2.2715060234746,1,I,916,2
94.6809553690723,72,44.5463260961697,27.4536739038304,0,C,917,2
64.6814440498801,72,44.568551746197,20.112892303683,1,I,918,2
57.0771122754494,72,44.6842862572521,12.3928260181973,1,C,919,2
57.8760328859648,72,44.6887143747881,13.1873185111767,1,I,920,2
56.3203189695991,72,44.9236946180463,11.3966243515528,1,C,921,2
114.789384287739,72,44.9724897835404,27.0275102164596,0,I,922,2
54.7568708766449,72,44.9845968000591,9.77227407658583,1,C,923,2
70.8995236682445,72,45.0277384696528,25.8717851985916,1,I,924,2
53.3026205653612,72,45.062104370445,8.24051619491621,1,C,925,2
81.308247142831,72,45.0828214175999,26.9171785824001,0,I,926,2
192.180693185738,72,45.1057569449768,26.8942430550233,0,C,927,2
85.3102892797819,72,45.1761014247313,26.8238985752687,0,I,928,2
64.6329486227928,72,45.2390146208927,19.3939340019001,1,C,929,2
73.6337660010627,72,45.2448786282912,26.7551213717088,0,I,930,2
48.5856126092722,72,45.2911797305569,3.29443287871531,1,C,931,2
224.006624060115,72,45.4096689680591,26.5903310319409,0,I,932,2
138.549323946848,68.1913720452392,45.4346463549882,22.756725690251,0,C,933,2
55.2338684698284,49.3093521579439,45.5186107428744,3.79074141506945,0,I,934,2
64.3181034482932,72,45.5639116605744,18.7541917877188,1,C,935,2
126.40702369646,72,45.5782769154757,26.4217230845243,0,I,936,2
97.4182824001607,72,45.5997110763565,26.4002889236435,0,C,937,2
50.4754611897774,72,45.7690361235291,4.70642506624832,1,I,938,2
90.8213230753361,72,45.7796845212579,26.2203154787421,0,C,939,2
84.9914001958659,72,45.8125056372955,26.1874943627045,0,I,940,2
96.5699526121033,72,45.8395538292825,26.1604461707175,0,C,941,2
78.3832890680509,72,45.8556494163349,26.1443505836651,0,I,942,2
78.8417197883562,72,45.8891183556989,26.1108816443011,0,C,943,2
46.4715144355934,72,45.925092631951,0.546421803642453,1,I,944,2
84.8349991265064,72,45.9394935518503,26.0605064481497,0,C,945,2
60.4709169814086,72,45.9494926035404,14.5214243778682,1,I,946,2
96.1854420752458,72,45.9639161964878,26.0360838035122,0,C,947,2
140.726878461123,72,46.000172845088,25.9998271549121,0,I,948,2
72.9408589815393,72,46.0308728087694,25.9691271912307,0,C,949,2
51.8640099012769,72,46.0402669245377,5.8237429767392,1,I,950,2
65.4623195784935,72,46.1332472646609,19.3290723138326,1,C,951,2
51.6978583147651,72,46.1593600781634,5.53849823660161,1,I,952,2
201.272864841895,72,46.1779577191919,25.8220422808081,0,C,953,2
164.251023268422,72,46.1833958281204,25.8166041718796,0,I,954,2
87.0895718006251,72,46.3146275421605,25.6853724578396,0,C,955,2
55.4292913929006,72,46.3884328957647,9.04085849713589,1,I,956,2
68.4200398168612,72,46.4080260135233,22.0120138033379,1,C,957,2
72.4341514560458,72,46.4648553868756,25.5351446131244,0,I,958,2
60.770707213139,72,46.4680235786364,14.3026836345026,1,C,959,2
54.6318451714157,72,46.5685922093689,8.0632529620467,1,I,960,2
92.7671752830928,72,46.6296469420195,25.3703530579805,0,C,961,2
66.9128686074281,72,46.6397699061781,20.27309870125,1,I,962,2
54.8323220916234,72,46.6741830250248,8.15813906659859,1,C,963,2
66.3835586392982,72,46.782277263701,19.6012813755972,1,I,964,2
179.673019252935,72,46.8539397558197,25.1460602441803,0,C,965,2
92.1306906823899,72,46.8645371915773,25.1354628084227,0,I,966,2
131.023133312793,69.0194520037925,46.8932827049866,22.1261692988059,0,C,967,2
118.6199641865,72,46.9154241867364,25.0845758132637,0,I,968,2
130.58173526348,72,46.9248847151175,25.0751152848825,0,C,969,2
49.5989026606326,72,46.9528493285179,2.64605333211464,1,I,970,2
60.1068794392342,72,47.1296700043604,12.9772094348738,1,C,971,2
96.2282044950713,72,47.1304465038702,24.8695534961298,0,I,972,2
116.862875814189,62.0484502316701,47.1495995856822,14.8988506459879,0,C,973,2
150.227729895137,55.9646521216186,47.2606104332954,8.70404168832327,0,I,974,2
75.0807984852564,72,47.3709949012846,24.6290050987154,0,C,975,2
73.2001261609503,72,47.3743228800595,24.6256771199405,0,I,976,2
171.337431080465,72,47.4097963795066,24.5902036204934,0,C,977,2
101.630777800177,72,47.5052826851606,24.4947173148394,0,I,978,2
62.8345779153259,68.713803595481,47.5868262955919,15.247751619734,1,C,979,2
68.4268993365843,72,47.6128350337967,20.8140643027875,1,I,980,2
53.0621976038644,71.9947455919475,47.6189986243844,5.44319897947999,1,C,981,2
131.010298025685,50.2932103681104,47.6223401678726,2.67087020023777,0,I,982,2
51.6137269406682,72,47.6914921123534,3.9222348283148,1,C,983,2
74.399427775373,72,47.7024629758671,24.2975370241329,0,I,984,2
232.328573040948,72,47.7272695396096,24.2727304603905,0,C,985,2
150.710612986048,72,47.742013768293,24.257986231707,0,I,986,2
54.4231342165447,72,47.7530639106408,6.67007030590386,1,C,987,2
67.8194677489537,72,47.766662305221,20.0528054437327,1,I,988,2
82.7373861206171,72,47.7713666064665,24.2286333935335,0,C,989,2
65.4776023597441,72,47.7779547544196,17.6996476053244,1,I,990,2
134.645348164313,72,47.8122681425884,24.1877318574116,0,C,991,2
62.2495270880332,72,47.8287819307298,14.4207451573035,1,I,992,2
127.109034668138,72,47.8501640958712,24.1498359041289,0,C,993,2
193.418010665788,72,47.8532455628738,24.1467544371262,0,I,994,2
104.989506517163,72,48.0142150400206,23.9857849599794,0,C,995,2
71.4181622629298,72,48.0918330838904,23.3263291790395,1,I,996,2
64.3830635195496,72,48.1182863982394,16.2647771213101,1,C,997,2
180.145187925422,72,48.1870338181034,23.8129661818966,0,I,998,2
65.7708434954322,72,48.1925232382491,17.578320257183,1,C,999,2
50.4877549176754,72,48.3132997574285,2.17445516024691,1,I,1000,2
185.459664640252,72,48.4727674908936,23.5272325091064,0,C,1001,2
104.271371039784,72,48.502881671302,23.497118328698,0,I,1002,2
54.8174283555493,72,48.5217047017068,6.29572365384249,1,C,1003,2
69.3786799119852,72,48.5307813249528,20.8478985870323,1,I,1004,2
94.4208606492049,71.0106188869355,48.5410080989823,22.4696107879532,0,C,1005,2
101.655964057908,72,48.6073065362871,23.3926934637129,0,I,1006,2
63.3347563256013,72,48.6325428122655,14.7022135133359,1,C,1007,2
52.384098056943,72,48.7050003279001,3.6790977290429,1,I,1008,2
57.663633151962,72,48.7080933339894,8.95553981797258,1,C,1009,2
122.400551250535,72,48.7087695579976,23.2912304420024,0,I,1010,2
89.5611403017069,72,48.7656163098291,23.2343836901709,0,C,1011,2
84.0941459737027,72,48.7697881087661,23.2302118912339,0,I,1012,2
49.8267301003135,72,48.780602440238,1.04612766007548,1,C,1013,2
52.2134301268486,72,48.7972013605759,3.41622876627278,1,I,1014,2
54.2156456528822,72,48.8074284698814,5.40821718300082,1,C,1015,2
52.3191526899626,72,48.8210683269426,3.49808436301997,1,I,1016,2
118.769985784948,72,48.8320934632793,23.1679065367207,0,C,1017,2
52.5951767100279,72,48.9123356854543,3.68284102457354,1,I,1018,2
86.032497317408,72,49.0522769093514,22.9477230906487,0,C,1019,2
166.031308893903,72,49.0523182461038,22.9476817538962,0,I,1020,2
94.1937054936165,49.6473354483478,49.2168037220836,0.430531726264242,0,C,1021,2
64.1337375741303,72,49.2814637208358,14.8522738532946,1,I,1022,2
58.8966669924118,53.8914572073243,49.2981382040307,4.59331900329361,0,C,1023,2
85.7330792465061,72,49.3576607108116,22.6423392891884,0,I,1024,2
51.5733046318528,72,49.3980924412608,2.17521219059202,1,C,1025,2
90.4352172284695,72,49.4045300222933,22.5954699777067,0,I,1026,2
94.9079899642662,72,49.4409694103524,22.5590305896476,0,C,1027,2
53.9707942126609,72,49.4649140350521,4.50588017760881,1,I,1028,2
81.5534675358727,72,49.4723621523008,22.5276378476992,0,C,1029,2
60.1880196964973,61.589597041343,49.490856975317,10.6971627211803,1,I,1030,2
103.685906593474,72,49.529474680312,22.470525319688,0,C,1031,2
136.787193653547,72,49.5724620390683,22.4275379609317,0,I,1032,2
110.283606849656,72,49.6864489233121,22.3135510766879,0,C,1033,2
140.138515725598,72,49.716867422685,22.283132577315,0,I,1034,2
111.344049515978,72,49.7402544273064,22.2597455726936,0,C,1035,2
172.014995535235,72,49.8546182736754,22.1453817263246,0,I,1036,2
62.5769806221513,72,50.06315252278,12.5138280993713,1,C,1037,2
61.269963174642,72,50.1386686926708,11.1312944819713,1,I,1038,2
63.4338774063826,72,50.2085681213066,13.225309285076,1,C,1039,2
128.812963399068,72,50.4762077517808,21.5237922482193,0,I,1040,2
92.1441753958586,72,50.5525173665956,21.4474826334044,0,C,1041,2
88.73677130242,72,50.6125753233209,21.3874246766791,0,I,1042,2
124.247966093094,72,50.6779846921563,21.3220153078437,0,C,1043,2
105.691222480945,72,50.6891306955367,21.3108693044633,0,I,1044,2
114.376857911308,72,50.6962370825931,21.3037629174069,0,C,1045,2
94.1175443307718,72,50.7601727871224,21.2398272128776,0,I,1046,2
61.5511322246892,72,50.8132601436228,10.7378720810665,1,C,1047,2
61.2870158130701,72,50.8334361528978,10.4535796601723,1,I,1048,2
68.5802024647132,72,50.838141082786,17.7420613819271,1,C,1049,2
90.6575749344095,72,50.929335267283,21.070664732717,0,I,1050,2
193.168161936417,72,51.0231070546433,20.9768929453567,0,C,1051,2
70.044114710414,51.8864245293673,51.1401009606198,0.74632356874757,0,I,1052,2
55.5846185146954,72,51.2230405211449,4.36157799355056,1,C,1053,2
74.9942904497322,72,51.4332776097581,20.5667223902419,0,I,1054,2
116.745250878971,72,51.5210563782603,20.4789436217397,0,C,1055,2
52.913239431825,72,51.5216211089864,1.39161832283853,1,I,1056,2
63.9402189021674,72,51.5782242827117,12.3619946194557,1,C,1057,2
178.006629158544,72,51.7012145323679,20.2987854676321,0,I,1058,2
59.7542748418625,72,51.7223027441651,8.03197209769746,1,C,1059,2
72.7333812669718,72,51.7760958848521,20.2239041151479,0,I,1060,2
116.411165873235,72,51.8631798354909,20.1368201645091,0,C,1061,2
110.43863980632,72,51.9357097987086,20.0642902012914,0,I,1062,2
67.3744626225142,72,51.9608607329428,15.4136018895714,1,C,1063,2
83.6588383019302,72,51.9701711833477,20.0298288166523,0,I,1064,2
62.7188467012957,72,51.9987628888339,10.7200838124618,1,C,1065,2
71.118915986148,72,52.0031520584598,19.1157639276882,1,I,1066,2
59.8769340412989,72,52.0286030508578,7.8483309904411,1,C,1067,2
78.3059895687137,72,52.2183659439907,19.7816340560094,0,I,1068,2
58.1631564720453,72,52.2270002681762,5.93615620386911,1,C,1069,2
58.5658767233081,72,52.2744883177802,6.29138840552794,1,I,1070,2
75.1002806221427,61.988951399898,52.3300175042823,9.65893389561573,0,C,1071,2
166.033575240954,72,52.3376950621605,19.6623049378395,0,I,1072,2
108.870267366938,72,52.3907712427899,19.6092287572101,0,C,1073,2
171.491620616333,72,52.4466995475814,19.5533004524186,0,I,1074,2
68.3161988493189,72,52.4919301969931,15.8242686523258,1,C,1075,2
74.5359048589714,72,52.5253565283492,19.4746434716508,0,I,1076,2
77.2487920180428,72,52.6468085730448,19.3531914269552,0,C,1077,2
58.3873726950583,72,52.649643807672,5.73772888738637,1,I,1078,2
66.9807606032514,72,52.6593854371458,14.3213751661056,1,C,1079,2
53.1647744586876,55.1903478264513,52.735848929733,0.428925528954596,1,I,1080,2
95.6251593558634,72,52.8921051789075,19.1078948210925,0,C,1081,2
75.9344366248805,72,52.9176486376673,19.0823513623327,0,I,1082,2
62.7988105176348,72,52.9349167551845,9.86389376245023,1,C,1083,2
113.447340765188,72,53.0075295036659,18.9924704963341,0,I,1084,2
61.4687089646635,72,53.0102036660537,8.45850529860982,1,C,1085,2
72.4874936159788,72,53.0401214584708,18.9598785415292,0,I,1086,2
71.2586114055276,72,53.0864964751527,18.1721149303749,1,C,1087,2
56.9923184777553,72,53.1673148553819,3.82500362237345,1,I,1088,2
66.4853529895596,72,53.2815924379975,13.2037605515621,1,C,1089,2
125.945464855358,72,53.2839805539697,18.7160194460303,0,I,1090,2
82.507779075383,72,53.3367527648807,18.6632472351193,0,C,1091,2
55.0219998583427,72,53.3554752543569,1.66652460398587,1,I,1092,2
91.2935940117191,72,53.5189022077248,18.4810977922753,0,C,1093,2
94.7618048050053,72,53.5273629147559,18.4726370852441,0,I,1094,2
59.4186720165202,72,53.5319636017084,5.88670841481178,1,C,1095,2
91.5173687855065,72,53.5938633140177,18.4061366859823,0,I,1096,2
168.399236727194,72,53.6943306075409,18.3056693924591,0,C,1097,2
74.7159322279682,72,53.7499120412394,18.2500879587606,0,I,1098,2
65.0313374484856,72,53.8433330878615,11.188004360624,1,C,1099,2
148.518018967036,72,53.8958563422784,18.1041436577216,0,I,1100,2
90.5586958974862,72,53.9667815901339,18.0332184098661,0,C,1101,2
67.8638199686724,72,54.0174343110994,13.8463856575731,1,I,1102,2
73.4535822660735,72,54.0485922759399,17.9514077240601,0,C,1103,2
54.7826187318168,72,54.071267908439,0.711350823377708,1,I,1104,2
155.076355276359,67.7220521675603,54.0881807589904,13.6338714085699,0,C,1105,2
59.3121283839625,72,54.1175113013014,5.19461708266103,1,I,1106,2
147.875799521427,67.9140020052974,54.1549450764433,13.7590569288541,0,C,1107,2
92.6062006341582,72,54.1613691486418,17.8386308513582,0,I,1108,2
152.902053757765,72,54.2365360446274,17.7634639553726,0,C,1109,2
87.1917714509117,72,54.2839298676699,17.7160701323301,0,I,1110,2
112.201271725057,72,54.3196390243247,17.6803609756753,0,C,1111,2
61.7000938076622,72,54.3272968567908,7.37279695087137,1,I,1112,2
114.811612519047,72,54.3784513045102,17.6215486954898,0,C,1113,2
141.531868214071,72,54.4733636174351,17.5266363825649,0,I,1114,2
75.4294456994315,72,54.603407070972,17.396592929028,0,C,1115,2
100.183009819997,72,54.6888184407726,17.3111815592274,0,I,1116,2
86.6212071715528,64.9950634594995,54.6994709037244,10.295592555775,0,C,1117,2
143.765038710552,72,54.7297715255991,17.2702284744009,0,I,1118,2
62.2095493617516,72,54.7697451431304,7.43980421862114,1,C,1119,2
113.251902377919,72,54.8761689662933,17.1238310337067,0,I,1120,2
99.8733600470566,72,54.9525376036763,17.0474623963237,0,C,1121,2
74.5464232161928,72,54.9844599980861,17.0155400019139,0,I,1122,2
67.7795202886034,72,55.0285597890616,12.7509604995418,1,C,1123,2
86.2954753260695,72,55.0957774976268,16.9042225023732,0,I,1124,2
223.520000377025,72,55.1087005762383,16.8912994237617,0,C,1125,2
103.183753211579,72,55.1433923095465,16.8566076904535,0,I,1126,2
69.4034553255363,72,55.286098360084,14.1173569654523,1,C,1127,2
79.8728989394507,72,55.3899367433041,16.6100632566959,0,I,1128,2
83.1268190770603,72,55.4060587333515,16.5939412666485,0,C,1129,2
80.1675872010769,72,55.4109344724566,16.5890655275434,0,I,1130,2
60.3702148732703,72,55.6667112093419,4.70350366392843,1,C,1131,2
67.8921356507679,72,55.6747857900336,12.2173498607342,1,I,1132,2
115.342319253153,72,55.7052493840456,16.2947506159544,0,C,1133,2
138.414655835762,72,55.7886990951374,16.2113009048626,0,I,1134,2
89.8004344453236,72,55.8088641380891,16.1911358619109,0,C,1135,2
71.3219579261863,72,55.9040590189397,15.4178989072465,1,I,1136,2
195.574964568894,72,56.1391870491207,15.8608129508793,0,C,1137,2
78.6542468657644,72,56.1936203436926,15.8063796563074,0,I,1138,2
73.9052473122905,72,56.2391907116398,15.7608092883602,0,C,1139,2
72.710133224355,72,56.2756985379383,15.7243014620617,0,I,1140,2
84.8808708365217,57.6436839557995,56.3662410294637,1.27744292633583,0,C,1141,2
60.3952668376502,72,56.4494995772839,3.94576726036636,1,I,1142,2
133.354452004393,72,56.4727958338335,15.5272041661665,0,C,1143,2
62.3057269679843,72,56.495741866529,5.80998510145526,1,I,1144,2
95.4352824058636,72,56.535688242875,15.464311757125,0,C,1145,2
70.3360757198138,72,56.6684508696199,13.6676248501939,1,I,1146,2
67.3914484682475,72,56.6790050128475,10.7124434554,1,C,1147,2
57.1955446126996,72,56.7406777711585,0.45486684154103,1,I,1148,2
237.728390358178,72,56.7467072792351,15.2532927207649,0,C,1149,2
65.4735295248135,72,56.7658488079906,8.70768071682296,1,I,1150,2
80.3130619800344,72,56.860140748322,15.139859251678,0,C,1151,2
178.955476791174,72,56.8956065643579,15.1043934356421,0,I,1152,2
77.7408955961178,72,56.9435856398195,15.0564143601805,0,C,1153,2
75.9445209569741,72,57.0445804484189,14.9554195515811,0,I,1154,2
76.8735164931128,72,57.2481575002894,14.7518424997106,0,C,1155,2
93.7109655325028,72,57.2730601904914,14.7269398095086,0,I,1156,2
60.057602643484,72,57.2806259756908,2.77697666779322,1,C,1157,2
80.4179713385283,72,57.296965601854,14.703034398146,0,I,1158,2
57.6388091732619,72,57.3316403059289,0.307168867333019,1,C,1159,2
64.2863853929797,69.3443355584012,57.3452177038416,6.94116768913807,1,I,1160,2
124.375354166541,72,57.4433192471042,14.5566807528958,0,C,1161,2
60.945484060912,72,57.4573800573126,3.48810400359944,1,I,1162,2
118.214562271374,72,57.5105820922181,14.4894179077819,0,C,1163,2
82.3576930746657,72,57.5123990513384,14.4876009486616,0,I,1164,2
204.212918369014,72,57.5380105571821,14.4619894428179,0,C,1165,2
136.470993962393,72,57.5833401968703,14.4166598031297,0,I,1166,2
147.416611415097,72,57.6788946473971,14.3211053526029,0,C,1167,2
62.9664158027018,72,57.683774465695,5.28264133700677,1,I,1168,2
171.096884589691,72,57.8668869892135,14.1331130107865,0,C,1169,2
68.9970705303664,72,57.9075989266858,11.0894716036807,1,I,1170,2
72.6157643263954,72,58.05581248831,13.94418751169,0,C,1171,2
66.7606601387613,59.8743935655459,58.0802390724421,1.79415449310382,0,I,1172,2
129.147840068265,72,58.3101318636909,13.6898681363091,0,C,1173,2
133.94191257212,72,58.3213616162539,13.6786383837461,0,I,1174,2
72.7576613001681,72,58.3729645656422,13.6270354343578,0,C,1175,2
63.9136775892865,72,58.3749228157103,5.53875477357621,1,I,1176,2
84.7658216829561,72,58.3823609864339,13.6176390135661,0,C,1177,2
79.7452665194706,72,58.5201781522483,13.4798218477517,0,I,1178,2
67.583501357839,72,58.5285335266963,9.0549678311427,1,C,1179,2
66.8267707242991,72,58.5426771780476,8.28409354625153,1,I,1180,2
59.5236204391125,72,58.5984202846885,0.925200154424013,1,C,1181,2
107.703259847037,72,58.6392097827047,13.3607902172953,0,I,1182,2
139.601886344718,72,58.6713321413845,13.3286678586155,0,C,1183,2
67.8598403217532,72,58.6822465667501,9.17759375500305,1,I,1184,2
60.5514847957504,72,58.805574872531,1.74590992321937,1,C,1185,2
75.6166810419008,72,58.8852710276842,13.1147289723158,0,I,1186,2
263.463815156902,72,58.9032818377018,13.0967181622982,0,C,1187,2
76.2028737236797,72,58.9035084564239,13.0964915435761,0,I,1188,2
60.5084693571788,72,58.9663241012022,1.54214525597659,1,C,1189,2
61.6913755786684,72,59.0162616362795,2.67511394238885,1,I,1190,2
100.172839646208,72,59.0540842339397,12.9459157660604,0,C,1191,2
81.4695729065683,72,59.0668612299487,12.9331387700513,0,I,1192,2
71.0178195047913,72,59.171659774147,11.8461597306443,1,C,1193,2
78.6818127457609,72,59.3475510785356,12.6524489214644,0,I,1194,2
149.586121839636,72,59.3907739687711,12.6092260312289,0,C,1195,2
181.519163839965,72,59.4419911270961,12.5580088729039,0,I,1196,2
59.9505285310809,72,59.4583451002836,0.492183430797306,1,C,1197,2
75.1474441204299,72,59.4954115105793,12.5045884894207,0,I,1198,2
81.9624549036726,72,59.5474486006424,12.4525513993576,0,C,1199,2
98.3241512136502,72,59.5749469846487,12.4250530153513,0,I,1200,2
88.8819436589994,72,59.6265870099887,12.3734129900113,0,C,1201,2
94.4840768387051,72,59.87208197359,12.12791802641,0,I,1202,2
98.5533786085371,72,59.8756936239079,12.1243063760921,0,C,1203,2
63.5615769669772,72,59.9169966951013,3.64458027187597,1,I,1204,2
1.54720495814206,67.2704529572074,0.00514331739395857,1.5420616407481,1,C,1,3
33.1867115446295,60.8898084902024,0.080160666257143,33.1065508783723,1,I,2,3
30.2373417110536,72,0.111376871354878,30.1259648396988,1,C,3,3
98.481176773077,72,0.127662615850568,71.8723373841494,0,I,4,3
99.9965459274177,72,0.315280021168292,71.6847199788317,0,C,5,3
48.2383172535548,72,0.404135975986719,47.8341812775681,1,I,6,3
8.92463661908269,33.6456697369895,0.483091380447149,8.44154523863554,1,C,7,3
24.5999542499101,72,0.521110212430358,24.0788440374797,1,I,8,3
31.1123624086174,70.4071981339676,0.539139183238149,30.5732232253792,1,C,9,3
48.9336901186255,72,0.566172720864415,48.3675173977611,1,I,10,3
1.74293560519676,72,0.580589007586241,1.16234659761052,1,C,11,3
14.6098105211695,72,0.609958246350288,13.9998522748192,1,I,12,3
5.05474867575314,26.2858413811209,0.623860666528344,4.4308880092248,1,C,13,3
26.0711873668022,72,0.710656405426562,25.3605309613756,1,I,14,3
4.13204598869272,72,0.720756291411817,3.4112896972809,1,C,15,3
4.18611185212832,72,0.782390884123743,3.40372096800457,1,I,16,3
9.75606551594547,72,0.82532174885273,8.93074376709274,1,C,17,3
33.3717134520017,25.0607409062051,0.89461246971041,24.1661284364947,0,I,18,3
165.342988986126,72,0.924837808124721,71.0751621918753,0,C,19,3
32.1397337849326,72,0.987159730866551,31.1525740540661,1,I,20,3
44.6402837120599,72,1.07796222902834,43.5623214830316,1,C,21,3
34.8228526229402,72,1.28053670749068,33.5423159154495,1,I,22,3
75.138729111525,72,1.36012814473361,70.6398718552664,0,C,23,3
36.0621976822231,72,1.36708538979292,34.6951122924302,1,I,24,3
68.8866733351529,72,1.42048289068043,67.4661904444725,1,C,25,3
8.34742303102347,72,1.77756157703698,6.5698614539865,1,I,26,3
24.6499239983418,72,1.78674501366913,22.8631789846726,1,C,27,3
13.1456307987461,72,1.81331309024245,11.3323177085036,1,I,28,3
44.9683879253539,6.48389644897962,1.81631910614669,4.66757734283293,0,C,29,3
152.278443551947,72,1.83163530193269,70.1683646980673,0,I,30,3
3.74650742205276,72,1.89985839184374,1.84664903020902,1,C,31,3
48.1520329325805,72,2.03800668474287,46.1140262478376,1,I,32,3
38.7268920340867,4.77491641477041,2.04054232221097,2.73437409255944,0,C,33,3
50.6504326261309,72,2.05315715633333,48.5972754697976,1,I,34,3
93.8966991280935,72,2.09725490771234,69.9027450922877,0,C,35,3
113.357480511159,72,2.11152261123061,69.8884773887694,0,I,36,3
46.3501703642684,60.3603461530223,2.32186158187687,44.0283087823916,1,C,37,3
4.46146194705185,38.2060741728026,2.32937214430422,2.13208980274763,1,I,38,3
3.78943733867913,72,2.34941373579204,1.44002360288709,1,C,39,3
37.3909002090884,55.2997429796799,2.37887715920806,35.0120230498804,1,I,40,3
3.02178517329917,72,2.48517857864499,0.536606594654182,1,C,41,3
19.7294890304121,72,2.50956520903856,17.2199238213735,1,I,42,3
59.566060833253,72,2.55921393167228,57.0068469015807,1,C,43,3
12.9955773833153,72,2.58218178525567,10.4133955980596,1,I,44,3
10.3977684159342,44.6964687240293,2.66346822492778,7.73430019100646,1,C,45,3
29.5551463079313,72,2.82869797199965,26.7264483359317,1,I,46,3
32.5986975347875,72,2.84898261073977,29.7497149240477,1,C,47,3
33.7279141638098,27.854973219095,2.87074231076986,24.9842309083251,0,I,48,3
49.9264181700767,72,2.87186309695244,47.0545550731243,1,C,49,3
20.2416262219151,19.5900227056811,2.90018028113991,16.6898424245412,0,I,50,3
11.0980366562429,72,2.9213250707835,8.17671158545938,1,C,51,3
144.219397732938,72,2.92317159008235,69.0768284099177,0,I,52,3
15.3580749020095,16.6691710566501,2.93031121138483,12.4277636906246,1,C,53,3
35.1905272102642,61.1173827945631,2.95426687225699,32.2362603380072,1,I,54,3
97.72426164261,72,3.03571030497551,68.9642896950245,0,C,55,3
85.9212160633267,49.6360058854248,3.10518260579556,46.5308232796293,0,I,56,3
7.05742591090313,72,3.17540951538831,3.88201639551482,1,C,57,3
8.48607201020198,72,3.19947374984622,5.28659826035576,1,I,58,3
21.9548571916547,72,3.21024413220584,18.7446130594489,1,C,59,3
32.4070444994723,72,3.21751729119569,29.1895272082766,1,I,60,3
86.7986657542245,72,3.26592243276536,68.7340775672346,0,C,61,3
155.55165998927,72,3.29214166849852,68.7078583315015,0,I,62,3
38.8499126435437,15.4526931053828,3.32366772461683,12.1290253807659,0,C,63,3
158.21142415374,72,3.3581593958661,68.6418406041339,0,I,64,3
99.0470357379434,72,3.42570106498897,68.574298935011,0,C,65,3
33.4125278657178,20.4246636778887,3.44326981343329,16.9813938644554,0,I,66,3
9.44722389412502,72,3.52231342345476,5.92491047067026,1,C,67,3
8.31285086013475,72,3.5967533569783,4.71609750315645,1,I,68,3
47.4538189165253,72,3.59930922277272,43.8545096937526,1,C,69,3
63.4522630061752,35.0182192265746,3.65011589135975,31.3681033352149,0,I,70,3
91.3011638055881,72,3.66988403722644,68.3301159627736,0,C,71,3
44.8191666186051,72,3.69151774328202,41.1276488753231,1,I,72,3
77.732609477746,19.4093775505634,3.78932156134397,15.6200559892195,0,C,73,3
37.0749045057007,72,3.82088142447174,33.2540230812289,1,I,74,3
101.531864396048,72,3.90796024817973,68.0920397518203,0,C,75,3
103.573622451141,72,3.90945017337799,68.090549826622,0,I,76,3
67.7735206796974,72,3.94336771219969,63.8301529674977,1,C,77,3
88.7808946457699,8.64895530068839,3.94625374116004,4.70270155952836,0,I,78,3
66.6735345440932,72,4.11608061287552,62.5574539312176,1,C,79,3
156.266781108675,72,4.22558984253556,67.7744101574645,0,I,80,3
6.1192578590589,72,4.28689348977059,1.8323643692883,1,C,81,3
20.0082402037246,72,4.46949927136302,15.5387409323616,1,I,82,3
5.95668486668462,72,4.50529216323048,1.45139270345414,1,C,83,3
35.6847141111626,72,4.58997201640159,31.094742094761,1,I,84,3
7.457993400372,72,4.62138711009175,2.83660629028026,1,C,85,3
46.8777360110772,72,4.64164093136787,42.2360950797093,1,I,86,3
19.9458391997248,72,4.71213428769261,15.2337049120322,1,C,87,3
27.7255188578496,72,4.80286094360054,22.922657914249,1,I,88,3
5.07238866813019,72,4.83671999070793,0.235668677422253,1,C,89,3
43.6531681961367,50.8261051196334,4.83999035786837,38.8131778382684,1,I,90,3
33.1083072221216,51.7240549006019,4.88972257822752,28.218584643894,1,C,91,3
40.6240347060337,72,5.01725189387798,35.6067828121557,1,I,92,3
38.2506525128101,72,5.0598303694278,33.1908221433823,1,C,93,3
20.3402309811725,72,5.12442911043763,15.2158018707348,1,I,94,3
57.2964884187554,72,5.20269327331334,52.0937951454421,1,C,95,3
41.0587301948044,30.6391343593307,5.31696222256869,25.322172136762,0,I,96,3
42.1097701484184,72,5.38046688772738,36.729303260691,1,C,97,3
66.2041297725773,14.5041315097182,5.53887282963842,8.96525868007975,0,I,98,3
6.56279460690919,72,5.5507972324267,1.01199737448249,1,C,99,3
8.523309894768,72,5.58919305447489,2.93411684029311,1,I,100,3
28.8258141551837,37.5685799233479,5.59590350836515,23.2299106468186,1,C,101,3
55.7390539533983,72,5.59697009157389,50.1420838618244,1,I,102,3
12.846090951618,72,5.61927226837724,7.22681868324076,1,C,103,3
13.4810388414033,72,5.65137765370309,7.82966118770019,1,I,104,3
35.2242927865237,45.1400142462468,5.65737002994865,29.566922756575,1,C,105,3
46.7736126674169,27.9694563161804,5.68421913776547,22.285237178415,0,I,106,3
78.7464127907252,72,5.72858431376517,66.2714156862348,0,C,107,3
255.410298561406,72,5.82774155773222,66.1722584422678,0,I,108,3
60.646957907727,72,5.91705000959337,54.7299078981336,1,C,109,3
9.17373878007466,72,5.93628115486354,3.23745762521113,1,I,110,3
93.9809377227867,24.8523278844638,5.93920270912349,18.9131251753403,0,C,111,3
19.7077927254958,72,6.03290790226311,13.6748848232327,1,I,112,3
48.7954059469181,72,6.03547601960599,42.7599299273122,1,C,113,3
48.5514971699213,57.5639809740502,6.0952629474923,42.456234222429,1,I,114,3
8.52972829264866,72,6.13543263170868,2.39429566093997,1,C,115,3
48.9869199833881,72,6.14876001141965,42.8381599719685,1,I,116,3
62.0588454375415,72,6.33610944729298,55.7227359902485,1,C,117,3
24.0846538950199,72,6.41148626804352,17.6731676269764,1,I,118,3
23.4296880426623,72,6.42878435086459,17.0009036917977,1,C,119,3
163.036015361948,24.042469058084,6.49369908962399,17.54876996846,0,I,120,3
22.2668496461921,37.6941444167067,6.56744041945785,15.6994092267342,1,C,121,3
27.8809652814084,72,6.64390688762069,21.2370583937877,1,I,122,3
53.4314824347171,72,6.65041343774647,46.7810689969706,1,C,123,3
43.4048974069761,72,6.65808944497258,36.7468079620035,1,I,124,3
16.4278735538117,72,6.72453719191253,9.70333636189917,1,C,125,3
93.5768283903953,16.3802124351212,6.73015055246651,9.6500618826547,0,I,126,3
16.4435204992184,20.239776539493,6.73411235678941,9.70940814242896,1,C,127,3
57.2827491334202,72,6.74657661002129,50.5361725233989,1,I,128,3
59.9422931295305,72,6.74907786771655,53.1932152618139,1,C,129,3
113.921897152806,72,6.7694688308984,65.2305311691016,0,I,130,3
21.4279027793301,72,6.8881849385798,14.5397178407503,1,C,131,3
77.021385231711,44.2720005431174,6.99077515862882,37.2812253844886,0,I,132,3
32.4445209618666,72,6.99501457158476,25.4495063902818,1,C,133,3
18.8480963015847,39.2914698216481,7.02616281341761,11.8219334881671,1,I,134,3
42.6905333143801,72,7.07718252204359,35.6133507923365,1,C,135,3
53.7388203365868,72,7.11631131358445,46.6225090230024,1,I,136,3
118.887150810926,72,7.12626786902547,64.8737321309745,0,C,137,3
13.0477808081097,26.3957522621631,7.15594641398639,5.89183439412331,1,I,138,3
15.8665346345357,66.184606585699,7.18195041641593,8.68458421811972,1,C,139,3
13.4666587639854,72,7.19202825799584,6.27463050598954,1,I,140,3
56.9286321098739,72,7.23606540821493,49.692566701659,1,C,141,3
23.8765251025792,72,7.26655051577836,16.6099745868008,1,I,142,3
114.696617624104,72,7.3015138367191,64.6984861632809,0,C,143,3
64.7737263615797,39.5792869405897,7.35175109468401,32.2275358459056,0,I,144,3
30.960041113586,72,7.36612798646092,23.593913127125,1,C,145,3
23.1263992101354,72,7.38810265436769,15.7382965557677,1,I,146,3
42.241985142298,72,7.40747559349984,34.8345095487981,1,C,147,3
100.806502134917,72,7.48812336008996,64.51187663991,0,I,148,3
28.7042808314227,11.671986068548,7.52270019147545,4.14928587707255,0,C,149,3
40.2070777028742,72,7.62358578387648,32.5834919189977,1,I,150,3
73.1735083682486,72,7.66799616627395,64.3320038337261,0,C,151,3
52.6378971975411,72,7.72760767489672,44.9102895226444,1,I,152,3
58.1272220486973,72,7.7313100732863,50.3959119754111,1,C,153,3
46.8798008951448,72,7.81355453655124,39.0662463585935,1,I,154,3
13.4275857351708,72,7.82941035926342,5.59817537590737,1,C,155,3
14.4833556534839,72,7.84208358731121,6.64127206617273,1,I,156,3
47.569998942168,72,7.84591710660607,39.724081835562,1,C,157,3
15.9295533916704,19.393348565182,7.85195822361857,8.07759516805185,1,I,158,3
38.7261696898311,65.3972651541838,7.89028835948557,30.8358813303456,1,C,159,3
21.9903363827953,72,7.90876781567931,14.081568567116,1,I,160,3
26.1477651526066,57.1340011037673,7.93442018330097,18.2133449693056,1,C,161,3
43.356303348733,24.8227449363058,7.93585320934653,16.8868917269593,0,I,162,3
77.793134101707,72,7.9396760975942,64.0603239024058,0,C,163,3
20.1612550405476,72,7.94362338725478,12.2176316532928,1,I,164,3
26.2582818741977,72,7.97173722647131,18.2865446477264,1,C,165,3
11.101252148981,72,7.99718198832125,3.10407016065978,1,I,166,3
68.0328714670044,12.3621212465017,8.00897415261716,4.3531470938845,0,C,167,3
118.219598993358,72,8.07155911345035,63.9284408865497,0,I,168,3
58.8099863714733,12.3577046842861,8.13525994308293,4.22244474120314,0,C,169,3
38.5082869280225,72,8.17605100572109,30.3322359223014,1,I,170,3
23.8129563692966,72,8.18685594946146,15.6261004198352,1,C,171,3
41.6815812164564,72,8.2678802870214,33.413700929435,1,I,172,3
23.3848805370136,50.3155016905855,8.32471422851086,15.0601663085027,1,C,173,3
101.579064159685,72,8.32543873228133,63.6745612677187,0,I,174,3
9.17112375992828,72,8.34776013158262,0.823363628345658,1,C,175,3
29.826690224641,72,8.36618275847286,21.4605074661681,1,I,176,3
54.9921782037505,72,8.37140437681228,46.6207738269383,1,C,177,3
159.554354271446,60.0440207080724,8.37440840899944,51.6696122990729,0,I,178,3
41.3078030266331,72,8.39687251020223,32.9109305164309,1,C,179,3
15.0991585023978,72,8.41151542961597,6.68764307278182,1,I,180,3
54.3136150416508,72,8.41301907319576,45.900595968455,1,C,181,3
57.9013070492102,72,8.43250240199268,49.4688046472175,1,I,182,3
17.9439040984965,72,8.56053009163588,9.38337400686064,1,C,183,3
11.433572952254,72,8.57639826368541,2.85717468856861,1,I,184,3
73.2149926991052,58.0610860999604,8.57843169942498,49.4826544005355,0,C,185,3
21.5952111177192,72,8.59110583551228,13.004105282207,1,I,186,3
18.5443996564197,72,8.60813434235752,9.93626531406214,1,C,187,3
23.2850680245805,60.0013861181345,8.65699142217636,14.6280766024041,1,I,188,3
74.5663612025359,72,8.69274009950459,63.3072599004954,0,C,189,3
112.51093211581,39.8696854455394,8.70150166098028,31.1681837845591,0,I,190,3
58.8624510858023,26.9897646541584,8.79792126361281,18.1918433905456,0,C,191,3
15.2998525407988,72,8.81566624157131,6.48418629922745,1,I,192,3
44.6434756247623,72,8.83903970941901,35.8044359153433,1,C,193,3
37.570502264979,72,8.94519796594977,28.6253042990292,1,I,194,3
65.7721005122946,72,9.00653854943812,56.7655619628565,1,C,195,3
90.3798517108571,23.8791227734285,9.06641216017306,14.8127106132554,0,I,196,3
83.9456743225344,72,9.10734058823436,62.8926594117656,0,C,197,3
132.242051390054,26.9306121297918,9.30968100205064,17.6209311277412,0,I,198,3
46.4011750202964,72,9.34343938250095,37.0577356377954,1,C,199,3
54.4418480710225,72,9.36188054736704,45.0799675236555,1,I,200,3
81.5234029844481,72,9.38710771501064,62.6128922849894,0,C,201,3
24.4222347365918,72,9.40677164588124,15.0154630907105,1,I,202,3
15.2756046448823,72,9.44097636267543,5.83462828220685,1,C,203,3
13.0283725638265,44.154564757835,9.45484387222677,3.5735286915997,1,I,204,3
99.580862237277,12.4994655969726,9.46299665607512,3.0364689408975,0,C,205,3
57.1749741698214,72,9.58404078148305,47.5909333883383,1,I,206,3
35.0528740011696,72,9.58759361878037,25.4652803823892,1,C,207,3
60.7001471549013,46.591005798429,9.64872012846172,36.9422856699673,0,I,208,3
19.6420869337561,72,9.66672799084336,9.97535894291272,1,C,209,3
15.5521118590301,72,9.69204196706414,5.86006989196598,1,I,210,3
29.9715275290833,21.7826077525957,9.70685295760632,12.0757547949894,0,C,211,3
122.830646041836,35.4627353043711,9.77731169667095,25.6854236077001,0,I,212,3
39.0317998726691,29.0175867580874,9.80012223590165,19.2174645221858,0,C,213,3
30.6880910477463,72,9.91893579717726,20.7691552505691,1,I,214,3
102.576666094802,35.6686829357798,9.94601632934064,25.7226666064391,0,C,215,3
39.3491111605062,72,9.98377182986587,29.3653393306403,1,I,216,3
16.9353783266732,72,9.98642400372773,6.94895432294547,1,C,217,3
22.4145211759095,72,10.038411221467,12.3761099544425,1,I,218,3
20.6205329564848,72,10.108426194638,10.5121067618468,1,C,219,3
25.1118665021879,72,10.1478827325627,14.9639837696251,1,I,220,3
113.43434167166,72,10.1871213549748,61.8128786450252,0,C,221,3
88.8988431003241,72,10.2165776118636,61.7834223881364,0,I,222,3
70.0418994591496,54.4995856092697,10.2367634000257,44.2628222092441,0,C,223,3
54.7022655474106,72,10.2528439695016,44.4494215779091,1,I,224,3
46.7193321673196,72,10.3125424962491,36.4067896710706,1,C,225,3
16.2695040364495,56.8523644952658,10.3566537145525,5.91285032189703,1,I,226,3
42.6305219830277,72,10.4067365080118,32.2237854750159,1,C,227,3
15.9401634921791,72,10.4256601911038,5.51450330107532,1,I,228,3
114.32737935235,50.3592316338129,10.4278907412663,39.9313408925466,0,C,229,3
17.5875044880507,72,10.4359774198383,7.15152706821236,1,I,230,3
23.8080821674851,72,10.4466171422973,13.3614650251877,1,C,231,3
30.1045177320025,72,10.5365874012932,19.5679303307092,1,I,232,3
19.127316092208,72,10.5578327039257,8.56948338828234,1,C,233,3
26.8115503457664,72,10.6039538886398,16.2075964571266,1,I,234,3
36.7510114288116,47.6660709601435,10.6236356310546,26.1273757977569,1,C,235,3
65.9517184441752,72,10.6536009907722,55.2981174534029,1,I,236,3
19.5386406040168,56.4183231191195,10.6543669151142,8.88427368890261,1,C,237,3
28.7399410322408,52.3106317822328,10.6747225485742,18.0652184836665,1,I,238,3
84.8016340724486,72,10.7412572158501,61.25874278415,0,C,239,3
15.4005455363048,51.7722023392736,10.9404397476465,4.46010578865838,1,I,240,3
51.4731337656744,72,11.050048051402,40.4230857142724,1,C,241,3
37.3079855985895,45.5933483740922,11.1225200537592,26.1854655448303,1,I,242,3
35.8003746965616,51.4566567632135,11.1429206002504,24.6574540963112,1,C,243,3
51.2616404247255,72,11.2300775013864,40.0315629233391,1,I,244,3
22.9383739870112,72,11.2699961196631,11.6683778673481,1,C,245,3
100.256146935179,72,11.2909344909713,60.7090655090287,0,I,246,3
13.2319772450559,66.1258248736372,11.3098816433921,1.92209560166372,1,C,247,3
133.108356669767,72,11.3449789769948,60.6550210230053,0,I,248,3
49.1535227504138,72,11.3470218004659,37.8065009499479,1,C,249,3
37.7753927141712,49.7427847216651,11.5361320367083,26.2392606774629,1,I,250,3
37.552922499448,72,11.555169923231,25.997752576217,1,C,251,3
23.4684172548209,72,11.655042283237,11.8133749715839,1,I,252,3
76.3489279960838,72,11.6948214545846,60.3051785454154,0,C,253,3
157.230759652921,72,11.7352555179968,60.2647444820032,0,I,254,3
22.6337664629075,72,11.7505283514038,10.8832381115037,1,C,255,3
132.533319277643,72,11.7962768906727,60.2037231093273,0,I,256,3
25.6959950203988,72,11.7971088923514,13.8988861280475,1,C,257,3
32.4342996619733,14.4003688245882,11.8302596127614,2.57010921182672,0,I,258,3
53.901479077035,60.3438316359964,11.8473624391481,42.0541166378868,1,C,259,3
41.7368735567637,72,11.8846548255533,29.8522187312104,1,I,260,3
26.8511427443212,72,11.9594433763996,14.8916993679217,1,C,261,3
28.4234681695332,72,12.0762930717319,16.3471750978013,1,I,262,3
91.8589997464953,72,12.0991862146184,59.9008137853816,0,C,263,3
17.7433623724458,72,12.2305743349716,5.51278803747421,1,I,264,3
107.814541521078,72,12.3376931156963,59.6623068843037,0,C,265,3
15.1471034584403,72,12.4844549736008,2.66264848483953,1,I,266,3
74.5319900927372,72,12.5311397993937,59.4688602006063,0,C,267,3
18.9665947775434,72,12.5847896793857,6.38180509815768,1,I,268,3
97.9583232500402,57.9635273456207,12.6588634913787,45.304663854242,0,C,269,3
18.470161145899,72,12.6668772893026,5.80328385659633,1,I,270,3
19.4319648605322,72,12.7902928506956,6.64167200983667,1,C,271,3
34.5369108670927,72,12.8189622564241,21.7179486106686,1,I,272,3
84.8599124732564,72,12.8219691105187,59.1780308894813,0,C,273,3
40.7415862154456,17.0592567959488,12.9226808343083,4.1365759616405,0,I,274,3
16.2670798095967,72,13.0018484825268,3.26523132706982,1,C,275,3
17.919262875184,72,13.1089292513207,4.81033362386335,1,I,276,3
24.1740519476638,72,13.1417379062623,11.0323140414015,1,C,277,3
15.5102234250098,30.781610378835,13.1870549032465,2.32316852176337,1,I,278,3
20.9756281378223,72,13.205041307956,7.77058682986634,1,C,279,3
145.046183185119,16.1899168422225,13.2785589108244,2.91135793139816,0,I,280,3
65.2865625543933,36.4289763128417,13.290295349434,23.1386809634077,0,C,281,3
24.5062766757571,21.9808553443488,13.2936878409237,8.68716750342517,0,I,282,3
25.9684947722095,72,13.2983906613663,12.6701041108433,1,C,283,3
83.2241142454239,72,13.300349120982,58.699650879018,0,I,284,3
64.6455241477762,72,13.3021322172135,51.3433919305627,1,C,285,3
118.562763838018,22.5793033358123,13.346278402023,9.23302493378932,0,I,286,3
19.7755271689445,47.2911728490644,13.3687664754689,6.40676069347565,1,C,287,3
21.7729762897373,72,13.392929029651,8.38004726008632,1,I,288,3
41.701994640553,72,13.4161306684837,28.2858639720693,1,C,289,3
65.6185457338524,72,13.4478093869984,52.170736346854,1,I,290,3
70.6416525361856,43.3892124521429,13.4549967432395,29.9342157089034,0,C,291,3
31.5623107680333,17.6116882888106,13.472835291177,4.13885299763354,0,I,292,3
55.8743758977108,72,13.4779617609456,42.3964141367651,1,C,293,3
57.2327640877725,72,13.5118643939495,43.720899693823,1,I,294,3
77.9842348545368,72,13.5263327183202,58.4736672816798,0,C,295,3
59.9215247174193,72,13.6443885834888,46.2771361339305,1,I,296,3
31.6448679353442,72,13.7024709954858,17.9423969398584,1,C,297,3
64.3296418735125,64.3216995739945,13.7109333509579,50.6107662230366,0,I,298,3
28.2869817219507,69.8158763579876,13.7488277675584,14.5381539543923,1,C,299,3
27.6464322835762,72,13.8518156530336,13.7946166305426,1,I,300,3
34.503972376762,72,13.8832666072994,20.6207057694625,1,C,301,3
14.119392761394,72,13.9651836734265,0.154209087967531,1,I,302,3
27.8858247267416,72,14.0446182712913,13.8412064554503,1,C,303,3
21.5281782466481,21.6145394348036,14.0459343418479,7.48224390480023,1,I,304,3
36.7336533581482,72,14.0484214760363,22.6852318821118,1,C,305,3
17.3345227146486,72,14.0732383914292,3.26128432321939,1,I,306,3
30.2246598924743,72,14.1130934888497,16.1115664036246,1,C,307,3
42.5499290916838,72,14.2747766152024,28.2751524764813,1,I,308,3
30.7490991017758,72,14.4162346143276,16.3328644874482,1,C,309,3
68.943304685173,72,14.4565963139758,54.4867083711973,1,I,310,3
184.989746729192,72,14.4623590121046,57.5376409878954,0,C,311,3
57.8391325177536,72,14.633378405124,43.2057541126296,1,I,312,3
53.9342249683564,22.0398115239583,14.6824779175222,7.35733360643611,0,C,313,3
38.9086424712118,72,14.7442549606785,24.1643875105333,1,I,314,3
31.5041841384314,72,14.7579271858558,16.7462569525756,1,C,315,3
44.2432048726446,72,14.7803487908095,29.4628560818351,1,I,316,3
70.7165402806491,72,14.8769917432219,55.8395485374273,1,C,317,3
176.54766634932,72,14.8770356923342,57.1229643076658,0,I,318,3
15.379820874306,72,14.9574023298919,0.42241854441405,1,C,319,3
84.8425730735882,72,14.9902335740626,57.0097664259374,0,I,320,3
71.2710756435514,72,15.0144405383617,56.2566351051897,1,C,321,3
130.28751093643,72,15.0439093541354,56.9560906458646,0,I,322,3
19.2987982136627,72,15.1138762850314,4.18492192863127,1,C,323,3
123.331665611106,72,15.1228202087805,56.8771797912195,0,I,324,3
25.9032128710291,36.5790675981857,15.2690591895953,10.6341536814338,1,C,325,3
58.4945611222037,54.5152825744194,15.3325315285474,39.182751045872,0,I,326,3
47.4894128056745,72,15.4584445478395,32.0309682578351,1,C,327,3
80.3088609434669,58.1009932755281,15.4956293245778,42.6053639509503,0,I,328,3
58.7608699036751,36.6636481451614,15.5315417144448,21.1321064307167,0,C,329,3
69.8333178704924,72,15.5394438933581,54.2938739771343,1,I,330,3
104.842628485485,40.1525958305119,15.5885223811492,24.5640734493627,0,C,331,3
24.2873175821709,72,15.6211905693635,8.66612701280733,1,I,332,3
61.2500201553971,72,15.6416606437415,45.6083595116556,1,C,333,3
46.3431870213891,72,15.6927610281855,30.6504259932036,1,I,334,3
46.5889597338679,72,15.7359115686268,30.8530481652412,1,C,335,3
32.4294250726352,50.4980101455635,15.7593835238367,16.6700415487985,1,I,336,3
42.8020862042146,72,15.7696054223925,27.0324807818221,1,C,337,3
22.6657210587356,72,15.9715590951964,6.69416196353917,1,I,338,3
54.6794133947458,72,15.9923240169883,38.6870893777575,1,C,339,3
34.4518197325492,72,16.1153407534584,18.3364789790908,1,I,340,3
148.918765398527,40.6957591947254,16.199662880972,24.4960963137534,0,C,341,3
21.9960852009727,72,16.209692498669,5.78639270230367,1,I,342,3
23.3371375536349,72,16.2175795342773,7.11955801935761,1,C,343,3
25.6194463562624,49.0138708831283,16.2300617108122,9.38938464545027,1,I,344,3
30.5207329234581,19.3477413953735,16.4012916292995,2.94644976607398,0,C,345,3
33.7844238936102,72,16.4393601939082,17.345063699702,1,I,346,3
17.0172456754822,72,16.4616069104522,0.555638765029985,1,C,347,3
29.7854354570664,72,16.4990213233978,13.2864141336687,1,I,348,3
156.966122292803,72,16.5020491741598,55.4979508258402,0,C,349,3
32.0283344086242,33.328058926019,16.5069784037769,15.5213560048473,1,I,350,3
66.9247348250723,22.008886752543,16.5075279632583,5.50135878928462,0,C,351,3
62.0429605865761,56.0268794943596,16.5473322244361,39.4795472699235,0,I,352,3
28.9380195577994,72,16.5792631404474,12.358756417352,1,C,353,3
44.9883721121096,38.3543028475763,16.6197745548561,21.7345282927202,0,I,354,3
185.495708152931,72,16.6849494539201,55.3150505460799,0,C,355,3
64.9472885311952,72,16.8555626319721,48.091725899223,1,I,356,3
17.327224045269,72,16.857372270897,0.469851774371976,1,C,357,3
42.1473934267817,72,17.012246302329,25.1351471244527,1,I,358,3
46.054648628089,72,17.0210463227704,29.0336023053186,1,C,359,3
34.0312616593568,72,17.0340103469789,16.9972513123779,1,I,360,3
24.8782002248738,72,17.090881979093,7.78731824578087,1,C,361,3
93.9056169534975,72,17.1708841435611,54.8291158564389,0,I,362,3
22.0300336274213,72,17.1859210124239,4.8441126149974,1,C,363,3
30.0671479488237,72,17.2986046504229,12.7685432984008,1,I,364,3
239.27180997403,72,17.3370100557804,54.6629899442196,0,C,365,3
27.5667883771464,72,17.3378615453839,10.2289268317624,1,I,366,3
214.181959646098,72,17.3422178439796,54.6577821560204,0,C,367,3
135.005280212279,46.2123295366873,17.4036251474172,28.8087043892701,0,I,368,3
25.1074451904694,72,17.5052029173821,7.60224227308727,1,C,369,3
68.2359773829132,72,17.5141583103687,50.7218190725446,1,I,370,3
108.215971230242,72,17.5259033264592,54.4740966735408,0,C,371,3
27.6982437307168,72,17.5350540596992,10.1631896710176,1,I,372,3
87.0074541589286,72,17.5773396575823,54.4226603424177,0,C,373,3
41.3415010631355,72,17.6688326569274,23.6726684062081,1,I,374,3
83.943922826196,67.0323606556458,17.7569219749421,49.2754386807037,0,C,375,3
32.2320525332348,49.1364422710022,17.7789362473413,14.4531162858934,1,I,376,3
37.090222152226,62.2486523145738,17.7878013951704,19.3024207570556,1,C,377,3
57.6197532513329,72,17.8300307644531,39.7897224868798,1,I,378,3
37.6673335185561,72,17.8977294126526,19.7696041059035,1,C,379,3
100.525807768253,72,17.9708401439711,54.0291598560289,0,I,380,3
54.2295189357065,72,17.9828039836138,36.2467149520926,1,C,381,3
57.1635051502365,72,18.0851830495521,39.0783221006844,1,I,382,3
59.7729059395819,72,18.1684076227248,41.6044983168571,1,C,383,3
24.7198645920774,72,18.2136484142393,6.50621617783812,1,I,384,3
27.5183725794214,72,18.2430639630184,9.27530861640307,1,C,385,3
50.7569715916671,48.9929305320663,18.2885024137795,30.7044281182868,0,I,386,3
56.4189696818626,72,18.343659681268,38.0753100005946,1,C,387,3
65.4068518165983,72,18.4097798913717,46.9970719252266,1,I,388,3
58.3248493004962,72,18.4191981470212,39.905651153475,1,C,389,3
48.5052751401642,72,18.4242215473205,30.0810535928437,1,I,390,3
46.67062704903,72,18.4922109497711,28.1784160992589,1,C,391,3
50.7528459817638,72,18.5000907629728,32.2527552187909,1,I,392,3
65.5147375543309,72,18.5287836240605,46.9859539302705,1,C,393,3
21.8428257867759,72,18.5318790189922,3.31094676778375,1,I,394,3
48.5766988927131,72,18.5677991621196,30.0088997305935,1,C,395,3
30.8301393014403,72,18.6218372918665,12.2083020095738,1,I,396,3
64.8143137478495,72,18.7347166612744,46.079597086575,1,C,397,3
22.9808279092357,72,18.7656910764053,4.21513683283035,1,I,398,3
40.9042580274649,54.0113533826244,18.8271772395819,22.0770807878829,1,C,399,3
45.5890518086482,60.0257194715363,18.8617576193064,26.7272941893418,1,I,400,3
92.1270030621149,72,19.1202327422798,52.8797672577202,0,C,401,3
28.2802304868591,72,19.1266001528129,9.15363033404623,1,I,402,3
24.9424145327337,72,19.2250610282645,5.71735350446926,1,C,403,3
43.8842883816717,72,19.2264811322093,24.6578072494624,1,I,404,3
89.8389290483284,72,19.2477013589814,52.7522986410186,0,C,405,3
34.4303933516056,72,19.2995709506795,15.1308224009261,1,I,406,3
63.1399325984964,72,19.3372173048556,43.8027152936408,1,C,407,3
62.9678309011734,72,19.3994528101757,43.5683780909977,1,I,408,3
102.753976117981,72,19.4991760840639,52.5008239159361,0,C,409,3
24.9949741896053,72,19.7017659293488,5.29320826025658,1,I,410,3
32.5990932521607,72,19.7160801803693,12.8830130717914,1,C,411,3
79.035901693805,72,19.7328271670267,52.2671728329733,0,I,412,3
21.2164084034031,72,19.8206024849787,1.39580591842437,1,C,413,3
50.8673954745061,72,19.8819005023688,30.9854949721372,1,I,414,3
71.0456667289067,72,19.9826829973608,51.0629837315459,1,C,415,3
20.218836084236,72,19.9876065272838,0.231229556952182,1,I,416,3
38.1184953866807,72,20.107181193307,18.0113141933736,1,C,417,3
24.5930719647294,72,20.1144666178152,4.47860534691418,1,I,418,3
28.5606590813252,72,20.1838499307632,8.37680915056195,1,C,419,3
26.0859597973771,72,20.2637240476906,5.82223574968649,1,I,420,3
93.4548006154103,72,20.2913930732757,51.7086069267243,0,C,421,3
22.4418030026707,72,20.3127372823656,2.12906572030514,1,I,422,3
117.760893992671,72,20.3163290536031,51.6836709463969,0,C,423,3
24.5173268965654,72,20.3481565928087,4.16917030375676,1,I,424,3
52.2309164142308,53.2539353271881,20.3614887641743,31.8694276500565,1,C,425,3
59.5942621097318,72,20.4015362262726,39.1927258834592,1,I,426,3
130.271746967771,72,20.5991739314049,51.4008260685951,0,C,427,3
212.921337337072,72,20.6571887293831,51.342811270617,0,I,428,3
71.6995390526345,72,20.797098018229,50.9024410344055,1,C,429,3
32.7686146401471,72,20.8123361505568,11.9562784895903,1,I,430,3
100.739697603625,33.9003644182977,20.9233120176941,12.9770524006036,0,C,431,3
39.1313572807044,72,21.1357946461067,17.9955626345978,1,I,432,3
46.281348242241,72,21.1689643375576,25.1123839046835,1,C,433,3
54.395647285563,72,21.208010148257,33.1876371373059,1,I,434,3
45.7226509832638,57.4188642460173,21.2136748339981,24.5089761492657,1,C,435,3
62.7694939651589,72,21.2230134196579,41.546480545501,1,I,436,3
23.8981623956011,72,21.293477746658,2.6046846489431,1,C,437,3
47.8223961766043,72,21.3240837771446,26.4983123994598,1,I,438,3
24.2619157074,72,21.3404075894505,2.92150811794949,1,C,439,3
131.419834599589,72,21.3915594667196,50.6084405332804,0,I,440,3
130.062121989064,72,21.41830871813,50.58169128187,0,C,441,3
40.8227908562509,72,21.4640656393021,19.3587252169487,1,I,442,3
65.2348526567702,72,21.5016334690154,43.7332191877548,1,C,443,3
38.9970131677354,72,21.5736256632954,17.4233875044401,1,I,444,3
65.7906598007127,72,21.5889150090516,44.2017447916611,1,C,445,3
42.0929240537062,72,21.675125984475,20.4177980692312,1,I,446,3
29.9622097740104,65.8332660443243,21.6842462215573,8.27796355245316,1,C,447,3
29.9201011128919,72,21.7351515730843,8.18494953980759,1,I,448,3
91.8170296433133,36.5066328487852,21.8353292997926,14.6713035489925,0,C,449,3
47.4984216970918,72,21.9991295132786,25.4992921838131,1,I,450,3
49.8452919185557,72,22.0786490896717,27.7666428288841,1,C,451,3
55.2119213080808,35.8521981926854,22.0801926311106,13.7720055615748,0,I,452,3
137.970128458101,72,22.1218108618632,49.8781891381368,0,C,453,3
35.9737045159296,67.6876507358979,22.1797038428485,13.794000673081,1,I,454,3
24.572196094148,72,22.1873462805524,2.38484981359557,1,C,455,3
156.964387001198,57.2691590757244,22.2272060997784,35.041952975946,0,I,456,3
43.3084774356645,72,22.3020266275853,21.0064508080792,1,C,457,3
40.2025634074114,62.3595716811356,22.4208511831239,17.7817122242875,1,I,458,3
33.8123049073502,72,22.4598683975637,11.3524365097865,1,C,459,3
34.1234768497264,72,22.5378342345357,11.5856426151907,1,I,460,3
31.6697180799296,52.2997239993998,22.6484192814678,9.02129879846176,1,C,461,3
34.8487362031111,72,22.6767224259675,12.1720137771437,1,I,462,3
28.4074867431604,72,22.6915357355028,5.71595100765757,1,C,463,3
49.8490921070048,72,22.6960556209087,27.1530364860961,1,I,464,3
27.8137158720316,72,22.7140850247815,5.09963084725008,1,C,465,3
24.37761188747,72,22.7378125442192,1.63979934325075,1,I,466,3
40.738512452059,39.564260778448,22.7648747619242,16.7993860165239,0,C,467,3
72.886421556842,72,22.8656281437725,49.1343718562275,0,I,468,3
54.0120051638539,64.9575779427161,22.8669007122517,31.1451044516022,1,C,469,3
85.9487583206084,72,22.8953503724188,49.1046496275812,0,I,470,3
29.5127633465467,72,22.9598198505119,6.5529434960348,1,C,471,3
42.5153787723654,72,22.9600451560691,19.5553336162963,1,I,472,3
29.0660858657428,72,23.03390360903,6.03218225671282,1,C,473,3
37.3095716080657,72,23.0419611744583,14.2676104336075,1,I,474,3
112.620127184367,72,23.0518014729023,48.9481985270977,0,C,475,3
49.9738317500364,72,23.1284931208938,26.8453386291425,1,I,476,3
34.5965297558147,72,23.2672682963312,11.3292614594835,1,C,477,3
37.3745754335337,72,23.2913988037035,14.0831766298302,1,I,478,3
50.5331739077676,72,23.2922857208177,27.2408881869498,1,C,479,3
31.8342403577756,72,23.3234427776188,8.51079758015681,1,I,480,3
57.3145675712732,64.1965305737235,23.3483481081203,33.9662194631529,1,C,481,3
42.6534049707929,72,23.3515821537003,19.3018228170926,1,I,482,3
26.4616220129301,72,23.3777771377936,3.08384487513649,1,C,483,3
145.963481380537,72,23.5069744940847,48.4930255059153,0,I,484,3
90.7818055149511,53.2560477056669,23.5145407682285,29.7415069374385,0,C,485,3
28.4584034755724,72,23.5403657052666,4.91803777030581,1,I,486,3
33.8277816404746,72,23.5792707139626,10.248510926512,1,C,487,3
66.8669297660316,72,23.6111332895234,43.2557964765082,1,I,488,3
53.4526068909442,72,23.63084344659,29.8217634443542,1,C,489,3
36.6750544485812,72,23.6578736873344,13.0171807612468,1,I,490,3
29.0826035977415,72,23.9158607460558,5.16674285168569,1,C,491,3
80.6577149649236,72,24.0005695726723,47.9994304273278,0,I,492,3
80.0161527992403,72,24.0446348581463,47.9553651418537,0,C,493,3
129.484388489691,72,24.1225229110569,47.8774770889431,0,I,494,3
44.6836683627528,72,24.1563202254474,20.5273481373053,1,C,495,3
30.2238300510383,66.5234752914403,24.163284022361,6.06054602867721,1,I,496,3
25.7089789654788,72,24.1649917233735,1.54398724210522,1,C,497,3
94.168283711521,72,24.1781422588974,47.8218577411026,0,I,498,3
54.6969377058713,72,24.3562729563564,30.3406647495149,1,C,499,3
62.2258301624185,72,24.3738922197372,37.8519379426814,1,I,500,3
62.3935843007344,72,24.3988912459463,37.9946930547881,1,C,501,3
24.7043961453964,72,24.5415933569893,0.162802788407067,1,I,502,3
63.4820947134845,72,24.5616807695478,38.9204139439367,1,C,503,3
33.4543180502676,72,24.6185909025371,8.83572714773045,1,I,504,3
93.4367158825911,72,24.6281286561862,47.3718713438138,0,C,505,3
53.7868363403676,72,24.6463079564273,29.1405283839403,1,I,506,3
42.740060541089,72,24.7028522752225,18.0372082658665,1,C,507,3
50.9334950466923,72,24.7600858379155,26.1734092087768,1,I,508,3
118.170080843629,72,24.8635508771986,47.1364491228014,0,C,509,3
121.700759066059,72,24.9847214855254,47.0152785144746,0,I,510,3
157.541510016481,72,24.9927332159132,47.0072667840868,0,C,511,3
38.8586936109369,72,25.0003608735278,13.8583327374091,1,I,512,3
73.3783428066171,72,25.0435973145068,46.9564026854932,0,C,513,3
43.078436347315,35.7087343512611,25.0820380775258,10.6266962737353,0,I,514,3
133.293445442523,72,25.1097913412377,46.8902086587623,0,C,515,3
90.4244944908228,72,25.1149224489927,46.8850775510073,0,I,516,3
54.4919064190479,25.5333352642696,25.1621185708791,0.371216693390501,0,C,517,3
43.7204058050297,67.9813826668509,25.3602301888168,18.360175616213,1,I,518,3
194.279173033687,72,25.370787656866,46.629212343134,0,C,519,3
42.1629043700739,69.8658893656075,25.3977440111339,16.76516035894,1,I,520,3
35.7992736966703,72,25.4218263505027,10.3774473461676,1,C,521,3
52.9743586998459,72,25.5203065183014,27.4540521815445,1,I,522,3
126.638951656208,72,25.5394741287455,46.4605258712545,0,C,523,3
180.270340941346,41.25549230132,25.602271668613,15.653220632707,0,I,524,3
34.8068645973863,72,25.6349237496033,9.17194084778297,1,C,525,3
142.496692142847,72,25.6562971975654,46.3437028024346,0,I,526,3
28.5099094536787,72,25.745911099948,2.76399835373066,1,C,527,3
42.1682592586164,50.2268141777312,25.7773148221895,16.3909444364269,1,I,528,3
47.6829135534312,47.0328453544537,25.8293584361672,21.2034869182864,0,C,529,3
64.4519997035418,72,25.9088947903365,38.5431049132053,1,I,530,3
80.4709338724599,72,25.9744337573648,46.0255662426353,0,C,531,3
68.4717716314668,72,26.0262745013461,42.4454971301208,1,I,532,3
106.350165364337,72,26.0304580070078,45.9695419929922,0,C,533,3
114.152103763447,72,26.113875224255,45.886124775745,0,I,534,3
44.3813693469164,72,26.1780275031924,18.203341843724,1,C,535,3
136.287980899795,72,26.1886007711291,45.8113992288709,0,I,536,3
105.323898429869,72,26.2561200885102,45.7438799114898,0,C,537,3
60.853767356764,72,26.2748036440462,34.5789637127178,1,I,538,3
92.9313570426196,72,26.3075773464516,45.6924226535484,0,C,539,3
70.3398055582225,72,26.3430252112448,43.9967803469777,1,I,540,3
44.6427870431637,72,26.428783996962,18.2140030462017,1,C,541,3
96.0128756551083,63.4589423821824,26.5293106483296,36.9296317338528,0,I,542,3
38.0378948429462,72,26.5640799561515,11.4738148867946,1,C,543,3
27.780446021577,72,26.5999285457656,1.18051747581144,1,I,544,3
93.0153474244374,72,26.6372090298682,45.3627909701318,0,C,545,3
36.4166016541108,72,26.645885752514,9.77071590159681,1,I,546,3
100.537293646366,72,26.6576465405524,45.3423534594476,0,C,547,3
108.063298140173,58.643628760976,26.6861691232771,31.9574596376989,0,I,548,3
48.4110470111669,72,26.7186473077163,21.6923997034506,1,C,549,3
31.2863842828082,72,26.7220897274092,4.56429455539905,1,I,550,3
88.8121537434864,72,26.7242563795298,45.2757436204702,0,C,551,3
48.1296253610607,72,26.8900563195348,21.2395690415259,1,I,552,3
141.952473393284,72,27.1067448612303,44.8932551387698,0,C,553,3
67.0529874538495,72,27.1289807651192,39.9240066887303,1,I,554,3
39.4819084817153,72,27.1717503340915,12.3101581476238,1,C,555,3
36.5225412480094,72,27.28346969001,9.23907155799941,1,I,556,3
168.488185062077,48.174761646863,27.3180985171348,20.8566631297282,0,C,557,3
52.910612728037,68.2413864380853,27.3931474098936,25.5174653181434,1,I,558,3
77.3442922105492,72,27.5406304886565,44.4593695113435,0,C,559,3
103.160836725081,45.418299643986,27.6356475194916,17.7826521244944,0,I,560,3
89.4084429107786,72,27.6521552167833,44.3478447832167,0,C,561,3
43.4927844077692,72,27.6648182747886,15.8279661329806,1,I,562,3
97.1071516983521,72,27.7878564409912,44.2121435590088,0,C,563,3
95.6985999052863,72,27.8268577437848,44.1731422562152,0,I,564,3
153.510619119197,72,27.8720948332921,44.1279051667079,0,C,565,3
41.4038049724515,72,27.9461272526532,13.4576777197982,1,I,566,3
97.3115061002925,72,28.1071574985981,43.8928425014019,0,C,567,3
203.345912996535,72,28.1609071372077,43.8390928627923,0,I,568,3
75.7385812959468,72,28.2054055854678,43.7945944145322,0,C,569,3
83.9408018798749,28.464977272595,28.3110086526722,0.153968619922811,0,I,570,3
29.7922738653385,72,28.3119308436289,1.48034302170952,1,C,571,3
29.5341390228398,72,28.367097848095,1.16704117474483,1,I,572,3
77.4636843648737,72,28.4281813586131,43.5718186413869,0,C,573,3
57.0431100076126,72,28.5298979049549,28.5132121026577,1,I,574,3
38.0964758721572,72,28.6402768129483,9.4561990592089,1,C,575,3
108.069376611005,72,28.8464838545769,43.1535161454231,0,I,576,3
31.1739668930745,72,29.034375725314,2.13959116776045,1,C,577,3
38.8220981638007,72,29.0373115008697,9.78478666293103,1,I,578,3
45.7301445397192,72,29.0483285766095,16.6818159631097,1,C,579,3
62.0232636501689,72,29.1799668688327,32.8432967813362,1,I,580,3
31.8663107718224,72,29.2389446916059,2.62736608021649,1,C,581,3
44.9873293134949,72,29.2617002176121,15.7256290958828,1,I,582,3
50.448877148204,72,29.2987296357751,21.1501475124289,1,C,583,3
46.0812273924997,72,29.3589783227071,16.7222490697926,1,I,584,3
33.848392633106,72,29.4244092749432,4.42398335816282,1,C,585,3
72.3201704996138,72,29.4379479624331,42.5620520375669,0,I,586,3
113.223706598404,72,29.4704052340239,42.5295947659761,0,C,587,3
79.4856844980644,71.294373875367,29.5090100588277,41.7853638165392,0,I,588,3
33.3835143462478,72,29.606142193079,3.77737215316876,1,C,589,3
50.5358376588483,72,29.6459105378017,20.8899271210466,1,I,590,3
97.7148582074114,41.7104184003834,29.6644175285473,12.046000871836,0,C,591,3
92.780624235432,72,29.7779289493337,42.2220710506663,0,I,592,3
121.220777199702,72,29.7947458410636,42.2052541589364,0,C,593,3
54.04411703122,72,29.8116191150621,24.2324979161579,1,I,594,3
57.7768982471523,72,29.8980853753164,27.8788128718359,1,C,595,3
83.3999395460056,72,29.9375703278929,42.0624296721071,0,I,596,3
68.4243115549973,43.9774413957355,29.981258274056,13.9961831216794,0,C,597,3
66.593400346839,72,30.0647998508066,36.5286004960324,1,I,598,3
56.1268730397843,72,30.2899802522734,25.8368927875109,1,C,599,3
74.1922190798344,72,30.3522637998685,41.6477362001315,0,I,600,3
75.6217029130738,72,30.3832914400846,41.6167085599154,0,C,601,3
104.284177031973,72,30.3903621202335,41.6096378797665,0,I,602,3
106.282066420371,72,30.4294262034819,41.5705737965182,0,C,603,3
48.0174161322498,72,30.4665997484699,17.5508163837799,1,I,604,3
116.870507860001,72,30.4968669405207,41.5031330594793,0,C,605,3
46.4688507618067,72,30.5633704690263,15.9054802927804,1,I,606,3
52.3627625594005,72,30.5889587430283,21.7738038163721,1,C,607,3
122.102835125366,72,30.6516263913363,41.3483736086637,0,I,608,3
33.2787555850899,72,30.6981047429144,2.58065084217542,1,C,609,3
62.6200433197528,72,30.7101740688086,31.9098692509442,1,I,610,3
77.1143130149571,72,30.8031975757331,41.1968024242669,0,C,611,3
74.1762066317983,72,30.8262248011306,41.1737751988694,0,I,612,3
31.9363047422097,72,30.8381733996794,1.09813134253038,1,C,613,3
31.9301217500995,72,30.846370481886,1.0837512682135,1,I,614,3
140.77787624099,72,30.9586117789149,41.0413882210851,0,C,615,3
83.1868398084986,72,30.9958833502606,41.0041166497394,0,I,616,3
105.565485560615,72,31.0046381363645,40.9953618636355,0,C,617,3
34.3481375561349,72,31.0281278053299,3.32000975080507,1,I,618,3
98.8076439582282,72,31.1845631757751,40.8154368242249,0,C,619,3
131.604095637675,72,31.2447676481679,40.7552323518321,0,I,620,3
38.8785501263183,72,31.2596852146089,7.61886491170938,1,C,621,3
56.7698209752603,72,31.2959486665204,25.4738723087399,1,I,622,3
48.6245116661832,59.4495616456544,31.3001686893404,17.3243429768428,1,C,623,3
35.7758609135262,72,31.3062687311322,4.46959218239407,1,I,624,3
114.529536644884,72,31.3094005873427,40.6905994126573,0,C,625,3
71.2649078376288,72,31.3819725438952,39.8829352937336,1,I,626,3
67.3002159593761,35.7629033504577,31.401096121408,4.3618072290496,0,C,627,3
135.077579430243,60.1070175722152,31.508169779554,28.5988477926612,0,I,628,3
75.1747469421276,72,31.5671992627904,40.4328007372096,0,C,629,3
66.0612023707309,67.6285963157576,31.5944137237966,34.4667886469343,1,I,630,3
52.1621571850101,72,31.5979122044519,20.5642449805582,1,C,631,3
70.5640260413365,72,31.6144844563678,38.9495415849687,1,I,632,3
40.0291670450804,72,31.6318918811157,8.3972751639647,1,C,633,3
64.6879155799087,72,31.6545458883047,33.033369691604,1,I,634,3
44.8779850940631,37.6491025562653,31.7195088788867,5.9295936773786,0,C,635,3
43.3199782773469,72,31.825901241973,11.4940770353738,1,I,636,3
65.4589144925077,44.2754484011624,31.8308082455769,12.4446401555855,0,C,637,3
48.5473637316966,72,31.8336473638192,16.7137163678774,1,I,638,3
43.3256494430612,72,32.0538514014334,11.2717980416278,1,C,639,3
38.5482508812949,72,32.1850753203034,6.36317556099147,1,I,640,3
52.922605416836,72,32.1973414393142,20.7252639775218,1,C,641,3
77.444284891512,72,32.2642419766635,39.7357580233365,0,I,642,3
45.8628491888092,72,32.3356003314257,13.5272488573835,1,C,643,3
48.5997804325021,72,32.4174744822085,16.1823059502936,1,I,644,3
47.9145512519848,72,32.4446565052494,15.4698947467353,1,C,645,3
250.80887316259,72,32.4455558834597,39.5544441165403,0,I,646,3
110.753283015649,72,32.4819053476676,39.5180946523324,0,C,647,3
53.4632770866921,72,32.5116235669702,20.9516535197218,1,I,648,3
51.2329577606989,35.5081097093804,32.5563380168751,2.95177169250532,0,C,649,3
51.4008147591976,72,32.5964040309191,18.8044107282785,1,I,650,3
76.7123880518699,72,32.6490018423647,39.3509981576353,0,C,651,3
87.0845075415285,72,32.6507411431521,39.3492588568479,0,I,652,3
37.9913469895663,72,32.6512784091756,5.34006858039073,1,C,653,3
45.6498887490244,72,32.6822820771486,12.9676066718759,1,I,654,3
85.0084155912641,72,32.696908665821,39.303091334179,0,C,655,3
33.4794651392231,72,32.7381209470332,0.741344192189883,1,I,656,3
35.9027041006814,72,32.7616974944249,3.14100660625652,1,C,657,3
145.335533350234,72,32.7834116108716,39.2165883891285,0,I,658,3
102.927023347412,72,32.7914490038529,39.2085509961471,0,C,659,3
63.5975480906308,72,32.8195190615952,30.7780290290356,1,I,660,3
80.5885168955868,45.9509877765098,32.8572437586263,13.0937440178835,0,C,661,3
66.390996269798,72,32.8898390522227,33.5011572175754,1,I,662,3
40.5111744022078,58.2582770182098,32.9092322196811,7.60194218252667,1,C,663,3
169.663585368001,72,32.9277804214507,39.0722195785493,0,I,664,3
42.155268195386,72,32.9368095612153,9.2184586341707,1,C,665,3
107.465341091381,72,32.9905835492536,39.0094164507464,0,I,666,3
117.296360287383,72,33.0678394529969,38.9321605470032,0,C,667,3
74.6570125116151,72,33.279295549728,38.720704450272,0,I,668,3
39.5019576539671,72,33.3357279701158,6.16622968385122,1,C,669,3
277.873139119228,72,33.3485615579411,38.6514384420589,0,I,670,3
60.930394826355,72,33.399765654467,27.530629171888,1,C,671,3
54.3989015188356,72,33.4146293113008,20.9842722075348,1,I,672,3
45.2244929387915,43.7195514042381,33.5116269718856,10.2079244323525,0,C,673,3
66.5356990919578,72,33.5127723170444,33.0229267749133,1,I,674,3
48.5910796878885,72,33.571494743228,15.0195849446605,1,C,675,3
94.2150065479965,72,33.5763953346759,38.4236046653241,0,I,676,3
39.9352496809461,34.6364616930071,33.5950975120068,1.04136418100038,0,C,677,3
93.4957331356542,72,33.6077699856833,38.3922300143167,0,I,678,3
46.693254840035,38.3876030320535,33.6308005219325,4.75680251012098,0,C,679,3
48.1172297613669,72,33.7592169363052,14.3580128250617,1,I,680,3
51.561352333267,72,33.7857641978189,17.7755881354481,1,C,681,3
51.6305390629355,72,33.8513373350725,17.7792017278631,1,I,682,3
91.4329197554376,56.1191129840553,33.8645379943773,22.254574989678,0,C,683,3
69.5130772589046,72,33.9741028519347,35.5389744069699,1,I,684,3
195.378285405858,72,34.0343429055065,37.9656570944935,0,C,685,3
75.3096691578145,64.4430129935228,34.1724841017276,30.2705288917952,0,I,686,3
50.2198123637143,72,34.3029442895204,15.9168680741939,1,C,687,3
168.765750930332,72,34.3371334578842,37.6628665421158,0,I,688,3
51.2193298542728,72,34.3993902951479,16.8199395591249,1,C,689,3
104.412953451967,72,34.4005129253492,37.5994870746508,0,I,690,3
38.3874406120853,72,34.4679295504466,3.91951106163871,1,C,691,3
154.641321421008,64.8729142449919,34.4815292023122,30.3913850426796,0,I,692,3
71.4097846801914,55.68470895749,34.5415089000016,21.1432000574883,0,C,693,3
84.0935032286073,72,34.5518811838701,37.4481188161299,0,I,694,3
47.6483434690911,72,34.572056690231,13.0762867788601,1,C,695,3
81.9482139425285,72,34.5935064554215,37.4064935445786,0,I,696,3
184.516487406052,72,34.7652536211535,37.2347463788465,0,C,697,3
46.1487831782636,72,34.7686504432932,11.3801327349704,1,I,698,3
56.0366041891455,72,34.8275258671492,21.2090783219963,1,C,699,3
53.8208970722483,72,34.882151959464,18.9387451127844,1,I,700,3
100.94962368677,72,34.8826509201899,37.1173490798101,0,C,701,3
62.2398580988752,72,34.900187831372,27.3396702675032,1,I,702,3
75.2374557623426,72,34.9306124215946,37.0693875784054,0,C,703,3
43.5350349380828,72,34.9505735188723,8.58446141921055,1,I,704,3
95.2334005332118,38.5378632704957,35.1908445591107,3.34701871138503,0,C,705,3
40.0356420604235,42.7645292706105,35.1920368149877,4.84360524543583,1,I,706,3
50.0105003171261,72,35.2195050800219,14.7909952371041,1,C,707,3
134.291711784651,72,35.2197429584339,36.7802570415661,0,I,708,3
59.7056349276242,72,35.2219797112048,24.4836552164194,1,C,709,3
61.4715792652846,72,35.2623579651117,26.2092213001729,1,I,710,3
68.5166541284729,68.3524495466845,35.2669577719644,33.0854917747201,0,C,711,3
57.6547862645624,72,35.3850715979934,22.269714666569,1,I,712,3
64.2203826967315,72,35.4053961206228,28.8149865761088,1,C,713,3
41.382641805275,72,35.4692457709461,5.91339603432881,1,I,714,3
74.9191184894903,72,35.4745145514607,36.5254854485393,0,C,715,3
52.2750942776376,72,35.4861903609708,16.7889039166668,1,I,716,3
179.944834103536,72,35.5154197895899,36.4845802104101,0,C,717,3
58.606872270206,72,35.5492740869522,23.0575981832538,1,I,718,3
131.013870342359,72,35.5520337028429,36.4479662971571,0,C,719,3
37.9087985437356,72,35.5969287408516,2.31186980288398,1,I,720,3
82.1150348155325,72,35.6671984819695,36.3328015180305,0,C,721,3
39.4139274075017,72,35.7465859875083,3.66734141999345,1,I,722,3
66.4455262779373,72,35.7523814868182,30.6931447911191,1,C,723,3
93.7401454959427,72,35.7885938649997,36.2114061350003,0,I,724,3
109.801608396492,72,35.8979621669278,36.1020378330722,0,C,725,3
36.0336862549454,72,35.9105009771884,0.12318527775708,1,I,726,3
118.474347556564,72,35.9711381234229,36.0288618765771,0,C,727,3
94.8574416577338,43.9467063118755,36.0023094713688,7.94439684050673,0,I,728,3
42.931177693314,72,36.013960163109,6.91721753020499,1,C,729,3
77.70680454709,72,36.081890151836,35.918109848164,0,I,730,3
47.0330267283865,72,36.0945227835327,10.9385039448538,1,C,731,3
269.769352090491,72,36.1153210652992,35.8846789347008,0,I,732,3
107.938199420505,72,36.1741767916828,35.8258232083172,0,C,733,3
50.280012406178,72,36.1773291695863,14.1026832365917,1,I,734,3
41.904086957677,72,36.1863284697756,5.71775848790141,1,C,735,3
89.5807703160025,72,36.3050083257258,35.6949916742742,0,I,736,3
75.6170724240469,72,36.3381886202842,35.6618113797158,0,C,737,3
36.5947016210082,72,36.3899406557903,0.204760965217926,1,I,738,3
42.0464438199516,72,36.3989373994991,5.64750642045249,1,C,739,3
54.2134182825105,72,36.4221551734954,17.7912631090151,1,I,740,3
105.581139701214,48.2619342567952,36.6632911842316,11.5986430725636,0,C,741,3
81.3765370268986,72,36.8471497111022,35.1528502888978,0,I,742,3
40.9644038413399,39.3225265385766,36.9097243482247,2.41280219035193,0,C,743,3
56.4846815087827,72,36.9415495824069,19.5431319263758,1,I,744,3
51.0017571449134,42.7613353287972,36.9502937793732,5.81104154942402,0,C,745,3
142.390136956024,72,36.9849000871182,35.0150999128819,0,I,746,3
84.1909084830981,62.0392998613756,37.0407480653375,24.998551796038,0,C,747,3
38.6905260870853,56.0198842766853,37.0495212357491,1.64100485133618,1,I,748,3
55.3311423320204,72,37.1070342790335,18.2241080529869,1,C,749,3
83.102916659509,72,37.1105977334082,34.8894022665918,0,I,750,3
102.118052487081,50.9570765409491,37.1385200601071,13.8185564808419,0,C,751,3
69.8667426993643,72,37.1460638428107,32.7206788565536,1,I,752,3
138.258016420388,54.8008524607625,37.1519726794213,17.6488797813412,0,C,753,3
70.6897083061327,72,37.2157893748954,33.4739189312373,1,I,754,3
52.649416100436,72,37.2898083832115,15.3596077172244,1,C,755,3
109.600354328178,72,37.2929206537083,34.7070793462917,0,I,756,3
42.4358600297267,72,37.3320654407144,5.10379458901233,1,C,757,3
70.8459555405182,72,37.3747506458312,33.471204894687,1,I,758,3
61.1541019428866,72,37.407306348905,23.7467955939816,1,C,759,3
42.3750407977466,72,37.4728113273159,4.90222947043068,1,I,760,3
42.0271172455146,72,37.5356694823131,4.49144776320152,1,C,761,3
41.0919090280683,72,37.5863716285676,3.50553739950068,1,I,762,3
64.2185151208071,72,37.6140773948282,26.6044377259789,1,C,763,3
128.952283162544,72,37.6218823296949,34.3781176703051,0,I,764,3
39.6065665242198,72,37.6844148756936,1.92215164852615,1,C,765,3
190.239424705464,57.064243673233,37.7179382834584,19.3463053897747,0,I,766,3
69.0605467777324,72,37.7207619650289,31.3397848127035,1,C,767,3
78.6737300962447,72,37.748056682758,34.251943317242,0,I,768,3
51.9945451712049,72,37.7780084777623,14.2165366934426,1,C,769,3
48.7705389520596,72,37.8586352616549,10.9119036904048,1,I,770,3
56.1975525115334,72,37.8607217408717,18.3368307706617,1,C,771,3
65.1396057623575,72,37.9769746866077,27.1626310757497,1,I,772,3
41.8018291564313,72,37.9831019137055,3.81872724272587,1,C,773,3
118.43851355544,72,38.0317310895771,33.9682689104229,0,I,774,3
119.722775505556,72,38.1705387867987,33.8294612132013,0,C,775,3
71.9132383163703,72,38.2204967038706,33.6927416124997,1,I,776,3
47.7334255790209,72,38.2779575558379,9.45546802318293,1,C,777,3
57.4850358228802,72,38.2794953556731,19.205540467207,1,I,778,3
229.506380114714,72,38.2799075217918,33.7200924782082,0,C,779,3
45.6402828301098,72,38.3449797984213,7.29530303168855,1,I,780,3
48.249566991426,72,38.3539510751143,9.89561591631168,1,C,781,3
55.0667984785844,72,38.4201578143984,16.646640664186,1,I,782,3
69.9554501445209,72,38.4493798529729,31.506070291548,1,C,783,3
41.0289375943806,72,38.5821135062724,2.44682408810811,1,I,784,3
144.303084208562,72,38.658721880056,33.341278119944,0,C,785,3
57.1062456838306,72,38.6602901760489,18.4459555077817,1,I,786,3
52.4831814174525,72,38.6855527991429,13.7976286183096,1,C,787,3
61.4040758829764,72,38.7529598688707,22.6511160141057,1,I,788,3
54.3184964051108,72,38.7696961127222,15.5488002923886,1,C,789,3
102.155726997626,72,38.8122916454449,33.1877083545551,0,I,790,3
47.2968729136483,72,38.8377541350201,8.45911877862819,1,C,791,3
44.4710107727981,72,38.875461271964,5.59554950083411,1,I,792,3
54.9974384247682,72,38.9216418145224,16.0757966102457,1,C,793,3
46.1161062813682,72,38.9238279126585,7.19227836870969,1,I,794,3
55.6800727554472,43.7080795017066,38.9295540098101,4.77852549189651,0,C,795,3
43.6753378713694,72,38.9598375605419,4.71550031082748,1,I,796,3
131.910352522646,72,38.9620725531131,33.0379274468869,0,C,797,3
106.244794101872,72,38.972296169959,33.027703830041,0,I,798,3
58.2502473086509,72,39.0824787179008,19.1677685907501,1,C,799,3
66.0025205217749,72,39.0920465765521,26.9104739452228,1,I,800,3
83.7524639416126,72,39.1087836027145,32.8912163972855,0,C,801,3
49.2230232596836,46.9689879617151,39.3422414828092,7.62674647890592,0,I,802,3
44.3397649581199,72,39.3475616583601,4.99220329975978,1,C,803,3
68.5788084936089,72,39.3582882871851,29.2205202064237,1,I,804,3
160.761506467885,72,39.4157176371664,32.5842823628336,0,C,805,3
81.4788430218715,72,39.427390624769,32.572609375231,0,I,806,3
64.3287148037577,72,39.5010663522407,24.8276484515169,1,C,807,3
43.8360756486795,72,39.5717955892906,4.26428005938896,1,I,808,3
59.8954145268869,72,39.6104880888015,20.2849264380854,1,C,809,3
151.311133535261,72,39.6444635745138,32.3555364254862,0,I,810,3
112.944797909143,72,39.6826345799491,32.3173654200509,0,C,811,3
126.970366501615,72,39.6901214495301,32.3098785504699,0,I,812,3
114.075442653207,72,39.7244215663523,32.2755784336478,0,C,813,3
300.386742577461,72,39.9339750828221,32.0660249171779,0,I,814,3
79.3339800352878,72,39.9695193395019,32.0304806604981,0,C,815,3
64.3407478942853,72,40.0726859550923,24.268061939193,1,I,816,3
204.596545375875,72,40.1272542122751,31.8727457877249,0,C,817,3
78.8152627268167,72,40.209742365405,31.790257634595,0,I,818,3
52.1407033273208,45.5361227760146,40.2790218824521,5.25710089356256,0,C,819,3
63.4018316080208,72,40.2907975483686,23.1110340596523,1,I,820,3
60.044425726242,72,40.3562056040391,19.6882201222028,1,C,821,3
131.370446839566,72,40.4988992633298,31.5011007366702,0,I,822,3
202.437546350822,72,40.6428350089118,31.3571649910882,0,C,823,3
57.638250058178,72,40.6783140962943,16.9599359618837,1,I,824,3
52.4073445603358,72,40.7032563490793,11.7040882112565,1,C,825,3
115.870983646943,41.6197770275314,40.8054413739592,0.814335653572186,0,I,826,3
113.75922099212,72,40.8586086658761,31.1413913341239,0,C,827,3
45.041958467433,72,40.9090240113437,4.1329344560893,1,I,828,3
42.2227934043035,72,40.9793378971517,1.24345550715177,1,C,829,3
47.257028434871,72,40.9901077207178,6.26692071415321,1,I,830,3
107.139064311295,55.1904372925078,41.0045249853283,14.1859123071795,0,C,831,3
61.2349006638193,72,41.1959675280377,20.0389331357815,1,I,832,3
105.275525999394,72,41.2026009242982,30.7973990757018,0,C,833,3
65.535389333454,72,41.2477340362966,24.2876552971574,1,I,834,3
72.1506675914725,52.7185188292778,41.2617182079703,11.4568006213076,0,C,835,3
46.5731644111205,72,41.275786603801,5.29737780731952,1,I,836,3
69.6974031646387,72,41.3505349494517,28.3468682151871,1,C,837,3
88.2938419561438,72,41.3776216283441,30.6223783716559,0,I,838,3
92.1525324785683,72,41.4468586631119,30.5531413368881,0,C,839,3
112.050110618509,72,41.4503147592768,30.5496852407232,0,I,840,3
67.9131832091386,72,41.4530655322596,26.4601176768789,1,C,841,3
109.123790353422,72,41.4727781200781,30.5272218799219,0,I,842,3
129.116682108697,72,41.5317573258653,30.4682426741347,0,C,843,3
70.3322393188217,72,41.6184108238667,28.713828494955,1,I,844,3
89.5932675526657,72,41.7905674176291,30.2094325823709,0,C,845,3
65.6371500816561,72,41.794516062364,23.8426340192921,1,I,846,3
105.47491863152,72,41.7971611116082,30.2028388883919,0,C,847,3
79.5052801558709,59.0081357513949,41.9546082615852,17.0535274898096,0,I,848,3
45.2016461104361,72,42.0722980611026,3.12934804933346,1,C,849,3
78.5310137500198,72,42.0906158303842,29.9093841696158,0,I,850,3
56.0679217038438,72,42.1261921199039,13.9417295839399,1,C,851,3
77.8613972698099,47.8279977903009,42.1504960907623,5.67750169953852,0,I,852,3
54.2029273093464,72,42.2482233960181,11.9547039133283,1,C,853,3
54.2882230027808,72,42.3300623428077,11.9581606599731,1,I,854,3
137.393097586032,53.1894649056043,42.4048933340237,10.7845715715806,0,C,855,3
115.294077088349,72,42.4167584767565,29.5832415232435,0,I,856,3
73.8603002140773,60.523590530271,42.468092716299,18.055497813972,0,C,857,3
66.5144294767906,72,42.5950670102611,23.9193624665295,1,I,858,3
45.4346130886546,72,42.6003175741062,2.83429551454845,1,C,859,3
64.6521451263306,72,42.8898229915649,21.7623221347657,1,I,860,3
91.738743957658,72,43.0373783502728,28.9626216497272,0,C,861,3
82.5523482725238,72,43.1191038060933,28.8808961939067,0,I,862,3
59.3875622596565,72,43.1372315296903,16.2503307299661,1,C,863,3
126.577657357793,72,43.199630076997,28.800369923003,0,I,864,3
270.715895478627,72,43.2546168984845,28.7453831015155,0,C,865,3
88.5815802570546,72,43.2644709153101,28.7355290846899,0,I,866,3
185.055669709558,72,43.2963426969945,28.7036573030055,0,C,867,3
76.0747020450823,72,43.4207893861458,28.5792106138542,0,I,868,3
46.8179897240897,72,43.4494036668912,3.36858605719856,1,C,869,3
148.072474964529,72,43.4695428377017,28.5304571622983,0,I,870,3
79.5455724550556,72,43.4938200004399,28.5061799995601,0,C,871,3
115.034442374314,72,43.5422748187557,28.4577251812443,0,I,872,3
63.2636556278545,58.1093257416779,43.5675848415121,14.5417409001658,0,C,873,3
136.591790473997,72,43.605377166532,28.394622833468,0,I,874,3
69.5458880143619,72,43.6469771666452,25.8989108477167,1,C,875,3
81.1135744023384,72,43.7277688505128,28.2722311494872,0,I,876,3
109.089144247619,72,43.7602590909228,28.2397409090772,0,C,877,3
64.0808913114145,72,43.7765806401148,20.3043106712997,1,I,878,3
54.4109686397188,72,43.7819894263521,10.6289792133667,1,C,879,3
45.3943286053875,72,43.8386317994446,1.55569680594297,1,I,880,3
87.0239735530923,72,43.9178869407624,28.0821130592376,0,C,881,3
170.041908680786,72,44.0117339696735,27.9882660303265,0,I,882,3
79.7320910502064,72,44.0383795369417,27.9616204630584,0,C,883,3
70.5744296471523,72,44.0509637771174,26.5234658700349,1,I,884,3
57.3846169531841,72,44.063363308087,13.3212536450971,1,C,885,3
69.1414843794499,72,44.0638706507161,25.0776137287338,1,I,886,3
44.5546758222839,72,44.1011497518048,0.453526070479156,1,C,887,3
63.6953985083114,50.9852889962181,44.3127879314125,6.67250106480564,0,I,888,3
57.0287324997769,72,44.3130554258823,12.7156770738946,1,C,889,3
52.541276856585,72,44.3556205043569,8.18565635222809,1,I,890,3
57.5063560746873,72,44.4776696478948,13.0286864267925,1,C,891,3
127.184904615033,72,44.5110188657418,27.4889811342582,0,I,892,3
72.7582630324571,72,44.5171798439696,27.4828201560304,0,C,893,3
87.3868646363973,72,44.6387662505731,27.3612337494269,0,I,894,3
61.8749466034249,72,44.7012088308111,17.1737377726138,1,C,895,3
110.213525583167,48.954455313897,44.7509619640186,4.20349334987836,0,I,896,3
75.3380685546224,72,44.8223906708881,27.1776093291119,0,C,897,3
98.3974770777898,72,44.9110894650221,27.0889105349779,0,I,898,3
69.2167305320006,72,45.0473706889898,24.1693598430109,1,C,899,3
70.9175804651057,72,45.2475187322125,25.6700617328932,1,I,900,3
47.130126124208,72,45.264917886816,1.86520823739204,1,C,901,3
82.3646152963675,72,45.4255719389767,26.5744280610234,0,I,902,3
101.707551175103,72,45.4550712648779,26.5449287351221,0,C,903,3
82.9820711592956,72,45.5927434656769,26.4072565343231,0,I,904,3
81.5347022934414,72,45.6064825784415,26.3935174215585,0,C,905,3
100.02691152231,72,45.6105181295425,26.3894818704575,0,I,906,3
63.405953522253,72,45.63578564208,17.770167880173,1,C,907,3
46.6710841086052,56.6020466110715,45.6527385860682,1.01834552253706,1,I,908,3
110.948481936916,72,45.697906119749,26.3020938802511,0,C,909,3
72.7209154840529,72,45.7322747725993,26.2677252274007,0,I,910,3
82.8074010939651,72,45.7602626597509,26.2397373402491,0,C,911,3
46.8723713740385,71.2617619266231,45.8144603809342,1.05791099310431,1,I,912,3
113.095802357563,72,45.8592625614256,26.1407374385744,0,C,913,3
62.7511711555255,72,45.96985692624,16.7813142292855,1,I,914,3
52.3876177208653,60.4303332581227,46.0616388358176,6.32597888504774,1,C,915,3
56.7704083357061,72,46.0994915664196,10.6709167692865,1,I,916,3
48.443212850836,72,46.1108196387067,2.3323932121292,1,C,917,3
196.671827933707,72,46.1278476146981,25.8721523853019,0,I,918,3
75.9597115519041,72,46.1342779453844,25.8657220546156,0,C,919,3
103.235196286922,72,46.2259213021025,25.7740786978975,0,I,920,3
143.595599605367,72,46.3155808858573,25.6844191141427,0,C,921,3
84.4873881015117,72,46.3476157793775,25.6523842206225,0,I,922,3
71.9447701832966,72,46.3667685957626,25.5780015875341,1,C,923,3
65.7209712775769,72,46.6366358008236,19.0843354767533,1,I,924,3
60.5474529406528,59.3308864313697,46.7024780809879,12.6284083503817,0,C,925,3
49.2743784070227,72,46.7172687593848,2.55710964763799,1,I,926,3
116.874314472794,72,46.7703715665266,25.2296284334734,0,C,927,3
78.3424899264063,72,46.8135866057128,25.1864133942872,0,I,928,3
153.575709775112,72,46.8892390932888,25.1107609067112,0,C,929,3
50.4352426974961,72,47.0630315691233,3.37221112837287,1,I,930,3
85.7265648655278,72,47.1057470608503,24.8942529391497,0,C,931,3
66.8993712848063,72,47.1083289245144,19.791042360292,1,I,932,3
101.269040103947,72,47.1283156145364,24.8716843854636,0,C,933,3
67.554375569787,72,47.1714665461332,20.3829090236538,1,I,934,3
112.645137388672,72,47.1824807440862,24.8175192559138,0,C,935,3
83.3194657981545,72,47.28378073778,24.71621926222,0,I,936,3
53.326623137192,72,47.3085657740012,6.01805736319085,1,C,937,3
109.52049590637,72,47.3521080426872,24.6478919573128,0,I,938,3
77.3139269778361,72,47.3804105306044,24.6195894693956,0,C,939,3
181.508724905552,72,47.3942097416148,24.6057902583852,0,I,940,3
56.4133773420412,72,47.4861226743087,8.9272546677325,1,C,941,3
84.4986574138236,72,47.5039420556277,24.4960579443723,0,I,942,3
78.4227093717848,72,47.5484708184376,24.4515291815624,0,C,943,3
49.1830771372425,72,47.6100740488619,1.57300308838067,1,I,944,3
125.690060533305,72,47.6134323282167,24.3865676717833,0,C,945,3
87.4713889858932,72,47.7358478447422,24.2641521552578,0,I,946,3
75.8240414427388,72,47.7644780371338,24.2355219628662,0,C,947,3
63.9349970683926,72,47.7647354314104,16.1702616369822,1,I,948,3
51.3732434406165,72,47.8223418071866,3.55090163342987,1,C,949,3
66.3954402255703,72,47.8610630705953,18.5343771549751,1,I,950,3
73.9666731843279,72,47.9625158803538,24.0374841196463,0,C,951,3
71.8980119766618,72,47.9945970559493,23.9034149207125,1,I,952,3
49.0219036183867,72,48.0010986607522,1.02080495763449,1,C,953,3
53.0133479841691,72,48.0218773987144,4.99147058545467,1,I,954,3
236.086514806803,72,48.0429666442797,23.9570333557203,0,C,955,3
59.2120311701555,72,48.0638248566538,11.1482063135017,1,I,956,3
107.382959747003,72,48.1667552283034,23.8332447716966,0,C,957,3
53.2730716223441,72,48.2692606234923,5.00381099885178,1,I,958,3
101.754738285816,72,48.308171723038,23.691828276962,0,C,959,3
112.976102792632,72,48.3337217895314,23.6662782104686,0,I,960,3
68.0993489299273,72,48.5015763156116,19.5977726143157,1,C,961,3
140.956324059337,72,48.5062686447054,23.4937313552946,0,I,962,3
90.4234883111109,55.991498106243,48.5160777624697,7.47542034377339,0,C,963,3
53.5071377138692,72,48.5387154808268,4.96842223304239,1,I,964,3
57.9633312392144,72,48.6149866227061,9.3483446165083,1,C,965,3
153.831711802268,72,48.6379992635921,23.3620007364079,0,I,966,3
127.656790459643,72,48.6712832003832,23.3287167996168,0,C,967,3
98.6477968493961,72,48.7224452197552,23.2775547802448,0,I,968,3
105.585073865614,72,48.8800768693909,23.1199231306091,0,C,969,3
118.595636722496,72,48.9075148198754,23.0924851801246,0,I,970,3
55.2788428012722,72,48.9506169548258,6.32822584644639,1,C,971,3
53.4374200345696,72,48.9548085071147,4.48261152745497,1,I,972,3
76.7301277501922,51.2697264043657,49.0003438247368,2.26938257962895,0,C,973,3
59.2580536297974,72,49.1985872481018,10.0594663816956,1,I,974,3
52.7843167987222,56.5582376071407,49.2425697343424,3.54174706437984,1,C,975,3
97.0385381496654,72,49.2605015728623,22.7394984271377,0,I,976,3
138.398825809203,72,49.2734944727272,22.7265055272728,0,C,977,3
102.408960050074,72,49.3461905093864,22.6538094906136,0,I,978,3
60.2477173551051,72,49.3598992098123,10.8878181452928,1,C,979,3
78.3227844860591,72,49.3936381163076,22.6063618836924,0,I,980,3
107.758830363401,72,49.4359312159941,22.5640687840059,0,C,981,3
73.311702317193,72,49.4381981296465,22.5618018703535,0,I,982,3
57.3573533034921,72,49.4405849184841,7.91676838500801,1,C,983,3
97.23025252087,72,49.452887638472,22.547112361528,0,I,984,3
141.135481776825,66.1610793350469,49.5180633477867,16.6430159872603,0,C,985,3
53.1323412428756,72,49.5659286109731,3.5664126319025,1,I,986,3
113.356791985043,72,49.7604697057977,22.2395302942023,0,C,987,3
93.0820209969708,72,49.8297605803236,22.1702394196764,0,I,988,3
87.0310245581812,72,49.8449922166765,22.1550077833235,0,C,989,3
103.868456089657,72,49.8776375921443,22.1223624078557,0,I,990,3
103.033609828706,72,49.9340399634093,22.0659600365907,0,C,991,3
91.2786771498557,72,49.9649024102837,22.0350975897163,0,I,992,3
78.7669211899566,72,49.9867487372831,22.013251262717,0,C,993,3
65.5835924045315,72,50.1729076355696,15.4106847689619,1,I,994,3
71.5031195213079,72,50.1854476192966,21.3176719020113,1,C,995,3
67.5460080775476,72,50.2662976831198,17.2797103944279,1,I,996,3
50.7650528411807,72,50.3088030824438,0.456249758736915,1,C,997,3
54.6115922593807,72,50.3171892324463,4.29440302693449,1,I,998,3
52.1161398964724,69.1173933981894,50.3783186059445,1.73782129052784,1,C,999,3
75.7316420256638,72,50.4099994618446,21.5900005381554,0,I,1000,3
352.215744221758,72,50.4223149642348,21.5776850357652,0,C,1001,3
107.753372891183,72,50.4789343848825,21.5210656151176,0,I,1002,3
186.503118643895,72,50.5507478350774,21.4492521649227,0,C,1003,3
115.255438078789,72,50.5734001798555,21.4265998201445,0,I,1004,3
72.9301431160256,72,50.5742173176259,21.4257826823741,0,C,1005,3
69.6085188548705,72,50.5938981240615,19.014620730809,1,I,1006,3
62.3269394588909,72,50.6924650305882,11.6344744283027,1,C,1007,3
61.0426699994453,72,50.7144077774137,10.3282622220316,1,I,1008,3
55.0790734907237,72,50.7160456571728,4.36302783355092,1,C,1009,3
51.6246424751474,72,50.7192785153166,0.905363959830861,1,I,1010,3
58.0562113620415,72,50.9098637290299,7.14634763301156,1,C,1011,3
190.563148932093,72,51.027185744606,20.972814255394,0,I,1012,3
97.4635672702735,72,51.0360195022076,20.9639804977924,0,C,1013,3
53.1684061535862,66.935732768512,51.1224083695561,2.04599778403007,1,I,1014,3
125.151431932479,72,51.1445116018876,20.8554883981124,0,C,1015,3
75.0168408351085,72,51.2088231509551,20.7911768490449,0,I,1016,3
96.1944671448997,72,51.2438047444448,20.7561952555552,0,C,1017,3
164.728527119099,72,51.2758955033496,20.7241044966504,0,I,1018,3
67.4042478669605,72,51.2970011774451,16.1072466895154,1,C,1019,3
53.180675597572,72,51.300720772706,1.87995482486602,1,I,1020,3
76.6685150016083,72,51.5391814475879,20.4608185524121,0,C,1021,3
57.8090455235131,72,51.5705369738862,6.23850854962687,1,I,1022,3
82.0946907558917,64.3102098425148,51.61311943084,12.6970904116748,0,C,1023,3
60.8245479126491,72,51.6427936870605,9.18175422558861,1,I,1024,3
97.3904835853044,72,51.6665365314111,20.3334634685889,0,C,1025,3
108.781915437395,72,51.7169126914814,20.2830873085186,0,I,1026,3
96.9308524209363,72,51.8498755339533,20.1501244660467,0,C,1027,3
60.8047874422778,72,51.8989521078765,8.90583533440124,1,I,1028,3
83.7413842526462,72,51.9241181574762,20.0758818425238,0,C,1029,3
61.8767589890347,72,51.9531421596184,9.92361682941622,1,I,1030,3
92.3660066252157,72,51.9866092968732,20.0133907031268,0,C,1031,3
63.537656754457,72,52.0097451657057,11.5279115887513,1,I,1032,3
203.56355515441,54.3769658013763,52.0473151467741,2.32965065460223,0,C,1033,3
98.0632976696989,72,52.0960752479732,19.9039247520268,0,I,1034,3
80.8221915530174,72,52.147783767432,19.852216232568,0,C,1035,3
71.1413987231802,69.2226048326024,52.1779403602704,17.044664472332,0,I,1036,3
68.2303678798616,72,52.1889694640413,16.0413984158203,1,C,1037,3
94.8017839957009,72,52.2643282217905,19.7356717782095,0,I,1038,3
55.564231191411,52.991778436063,52.2932996414602,0.698478794602792,0,C,1039,3
132.317096063605,72,52.3447948694229,19.6552051305771,0,I,1040,3
105.462260967773,72,52.4062341218814,19.5937658781186,0,C,1041,3
74.469024601036,72,52.4112316360697,19.5887683639303,0,I,1042,3
74.5304737668313,60.5462523236591,52.4682696210221,8.07798270263707,0,C,1043,3
67.2592412124525,72,52.5120023265481,14.7472388859044,1,I,1044,3
69.6628923276448,72,52.5240041222423,17.1388882054024,1,C,1045,3
53.9718401014994,72,52.5971079804003,1.37473212109903,1,I,1046,3
52.8897701306279,72,52.6767906127498,0.21297951787812,1,C,1047,3
87.0729176874832,72,52.7472343062982,19.2527656937018,0,I,1048,3
63.9597583721876,72,52.7483454812318,11.2114128909557,1,C,1049,3
68.8108979157321,72,52.7689273143187,16.0419706014134,1,I,1050,3
228.108496687313,72,52.9897507885471,19.0102492114529,0,C,1051,3
58.5080325134061,72,53.0168514652178,5.49118104818833,1,I,1052,3
224.799808328081,72,53.0454276362434,18.9545723637566,0,C,1053,3
63.2480657071424,72,53.0593673978001,10.1886983093423,1,I,1054,3
157.529710147849,72,53.1872499687597,18.8127500312403,0,C,1055,3
65.4345747140764,72,53.2030237605795,12.2315509534969,1,I,1056,3
55.2046974865776,72,53.2981723174453,1.90652516913229,1,C,1057,3
70.2910723233839,72,53.2996637793258,16.9914085440581,1,I,1058,3
81.974315902487,72,53.3049102220684,18.6950897779316,0,C,1059,3
55.4189600595456,72,53.3540039230138,2.06495613653174,1,I,1060,3
321.247956694832,58.0762767116128,53.389521567151,4.68675514446186,0,C,1061,3
60.7256209769561,72,53.422000897117,7.30362007983909,1,I,1062,3
204.600329039802,72,53.4445223445073,18.5554776554927,0,C,1063,3
139.875620828338,72,53.4731515310705,18.5268484689295,0,I,1064,3
71.610958236447,72,53.4861254319549,18.1248328044921,1,C,1065,3
122.669155197099,72,53.5547645576298,18.4452354423702,0,I,1066,3
79.7007824821517,72,53.5823062900454,18.4176937099546,0,C,1067,3
54.1850436592195,72,53.5962075646967,0.588836094522858,1,I,1068,3
85.7039369140763,72,53.6164021259174,18.3835978740826,0,C,1069,3
54.6914126038808,67.5148483333636,53.6335900286213,1.05782257525952,1,I,1070,3
74.4275560994424,72,53.7383619742468,18.2616380257532,0,C,1071,3
55.1176206068105,72,53.7715472700074,1.34607333680303,1,I,1072,3
54.4497797317523,72,53.8288782443851,0.620901487367207,1,C,1073,3
54.8026823931777,72,53.9758632984012,0.826819094776408,1,I,1074,3
54.454716601143,72,54.0237391646951,0.430977436447828,1,C,1075,3
101.359917405182,72,54.04197528027,17.95802471973,0,I,1076,3
57.0955679829102,72,54.2010543029755,2.8945136799347,1,C,1077,3
143.263283284001,72,54.2373151844367,17.7626848155633,0,I,1078,3
105.89570562797,72,54.3990594148636,17.6009405851364,0,C,1079,3
111.635862615783,72,54.4361529825255,17.5638470174745,0,I,1080,3
161.560017441049,72,54.5077064679936,17.4922935320064,0,C,1081,3
65.2799068472449,72,54.6090321103111,10.6708747369338,1,I,1082,3
74.6411723653169,72,54.6124720713124,17.3875279286876,0,C,1083,3
103.642058077782,72,54.7050939733163,17.2949060266838,0,I,1084,3
156.25741270639,72,54.7897206014022,17.2102793985978,0,C,1085,3
77.704638425949,72,54.8074216302484,17.1925783697516,0,I,1086,3
55.2179681333441,72,54.8295327695087,0.388435363835442,1,C,1087,3
71.6730588680098,72,54.834312829189,16.8387460388208,1,I,1088,3
105.109872068464,72,54.8590233922005,17.1409766077995,0,C,1089,3
121.156950031733,72,54.9471287475899,17.0528712524101,0,I,1090,3
198.761095283886,72,54.9923536973074,17.0076463026926,0,C,1091,3
90.7326578154646,72,55.035235946998,16.964764053002,0,I,1092,3
79.2932181003293,72,55.0593107426539,16.9406892573461,0,C,1093,3
91.1263792760437,72,55.0944113731384,16.9055886268616,0,I,1094,3
204.395120743776,62.0958028856201,55.1339865429327,6.96181634268737,0,C,1095,3
82.1732148121242,72,55.1429084781557,16.8570915218443,0,I,1096,3
85.0067083047948,72,55.2090834500268,16.7909165499732,0,C,1097,3
62.7512913513461,72,55.2712460886687,7.48004526267736,1,I,1098,3
61.1948419140811,72,55.297134029679,5.89770788440211,1,C,1099,3
67.0971300734602,72,55.3181771468371,11.7789529266231,1,I,1100,3
75.5512438844268,72,55.3616875503212,16.6383124496788,0,C,1101,3
68.9688932080158,72,55.3675399767235,13.6013532312923,1,I,1102,3
59.8998464746431,72,55.388369075954,4.51147739868917,1,C,1103,3
76.8800355851465,72,55.4356363601983,16.5643636398017,0,I,1104,3
60.5169666165798,70.2542060650128,55.4511201800779,5.06584643650192,1,C,1105,3
173.403200273584,72,55.4646535310894,16.5353464689106,0,I,1106,3
66.6900899041126,72,55.5044417269528,11.1856481771598,1,C,1107,3
87.8792498202725,72,55.5273898970336,16.4726101029664,0,I,1108,3
84.384600186215,72,55.5294354306534,16.4705645693466,0,C,1109,3
71.8071273923138,72,55.538488291204,16.2686391011098,1,I,1110,3
62.2477249907362,72,55.5587112391368,6.68901375159946,1,C,1111,3
85.7504915064364,72,55.6128889136016,16.3871110863984,0,I,1112,3
58.8437337730628,72,55.6899386364967,3.15379513656614,1,C,1113,3
137.269557236957,72,55.7086516963318,16.2913483036682,0,I,1114,3
195.64804026159,72,55.7657535234466,16.2342464765534,0,C,1115,3
70.1462097036071,72,55.78600758221,14.3602021213971,1,I,1116,3
104.049506857794,72,55.8346892846748,16.1653107153252,0,C,1117,3
86.6014353886342,72,55.9822240099311,16.0177759900689,0,I,1118,3
94.4892247868593,72,56.0968791414052,15.9031208585948,0,C,1119,3
122.449769461364,72,56.1055822251365,15.8944177748635,0,I,1120,3
67.2025483541322,72,56.1609491659328,11.0415991881993,1,C,1121,3
132.472941729631,72,56.2282061995938,15.7717938004062,0,I,1122,3
84.3358713518057,72,56.2316665425897,15.7683334574103,0,C,1123,3
97.4973826541604,72,56.2805042881519,15.7194957118481,0,I,1124,3
84.2117938922957,72,56.3090965803713,15.6909034196287,0,C,1125,3
83.3783053717166,72,56.3338592369109,15.6661407630891,0,I,1126,3
59.4298669286818,72,56.3425109675154,3.08735596116636,1,C,1127,3
84.5123317212574,65.582104323722,56.3632521545515,9.21885216917055,0,I,1128,3
102.951675456476,72,56.5580959618092,15.4419040381908,0,C,1129,3
93.4100240691497,66.5574922458255,56.5991731127724,9.95831913305312,0,I,1130,3
63.931139518421,72,56.6168073797599,7.31433213866114,1,C,1131,3
135.581235558029,72,56.6708251973614,15.3291748026386,0,I,1132,3
87.0412807912528,72,56.677944897674,15.322055102326,0,C,1133,3
104.047531464836,72,56.7589624738321,15.2410375261679,0,I,1134,3
66.1583192987731,72,56.8133846204728,9.34493467830035,1,C,1135,3
90.3336008233296,72,56.8449973175302,15.1550026824698,0,I,1136,3
69.8737885543576,72,56.8493828410283,13.0244057133293,1,C,1137,3
114.313661794632,72,56.8954244395718,15.1045755604282,0,I,1138,3
77.2943827264574,72,56.899254382588,15.100745617412,0,C,1139,3
84.4632861478851,72,57.0205491827801,14.9794508172199,0,I,1140,3
85.1567076173486,72,57.0286394935101,14.9713605064899,0,C,1141,3
77.1934788702911,72,57.0453503262252,14.9546496737748,0,I,1142,3
156.288767500912,72,57.0987589890137,14.9012410109863,0,C,1143,3
76.2173585107774,72,57.1660073893145,14.8339926106855,0,I,1144,3
72.0109174252538,72,57.2363917389885,14.7636082610115,0,C,1145,3
117.945200992945,72,57.237483705394,14.762516294606,0,I,1146,3
148.18112990293,72,57.262355312705,14.737644687295,0,C,1147,3
65.4772074835814,72,57.2808446316049,8.19636285197655,1,I,1148,3
58.6802292776495,72,57.3344845091924,1.34574476845705,1,C,1149,3
63.8221505082796,72,57.4611277878285,6.36102272045115,1,I,1150,3
96.1834698036531,72,57.4733689846471,14.5266310153529,0,C,1151,3
93.1667448175772,72,57.4961522547528,14.5038477452472,0,I,1152,3
132.031015869231,72,57.516302363947,14.483697636053,0,C,1153,3
83.1737486145882,72,57.5831001531333,14.4168998468667,0,I,1154,3
90.8667763268635,72,57.5883469730616,14.4116530269384,0,C,1155,3
102.493256511886,72,57.6001538895071,14.3998461104929,0,I,1156,3
131.045206504939,72,57.7258788608015,14.2741211391985,0,C,1157,3
95.2528271829257,72,57.8288185363635,14.1711814636365,0,I,1158,3
103.946949479209,72,57.9121880605817,14.0878119394183,0,C,1159,3
60.2000436976363,72,58.0726434895769,2.12740020805941,1,I,1160,3
62.836739678248,72,58.0974421883002,4.73929748994776,1,C,1161,3
60.6715562311224,72,58.098957776092,2.5725984550304,1,I,1162,3
60.050011149815,72,58.2660274207592,1.78398372905583,1,C,1163,3
99.7531387934752,72,58.300076960586,13.699923039414,0,I,1164,3
134.382251147112,72,58.3095392072573,13.6904607927427,0,C,1165,3
107.225645600033,72,58.3147272979841,13.6852727020159,0,I,1166,3
107.035249450198,72,58.3263451326639,13.6736548673362,0,C,1167,3
147.244978155959,72,58.3289235737175,13.6710764262825,0,I,1168,3
84.9501395867832,72,58.5011789761484,13.4988210238516,0,C,1169,3
119.325413206478,72,58.5425519524142,13.4574480475858,0,I,1170,3
68.5828231281001,72,58.6717372527346,9.91108587536553,1,C,1171,3
61.0353334010751,72,58.7409140355885,2.29441936548656,1,I,1172,3
188.054775339394,72,58.7516694283113,13.2483305716887,0,C,1173,3
100.80732686178,72,58.8835112191737,13.1164887808263,0,I,1174,3
92.7274139248385,72,58.9471187442541,13.0528812557459,0,C,1175,3
129.019979974798,72,59.0311686974019,12.9688313025981,0,I,1176,3
114.800997887029,72,59.0523815201595,12.9476184798405,0,C,1177,3
90.2340898232284,72,59.0685481438413,12.9314518561587,0,I,1178,3
78.7762863395399,62.2319750040408,59.1154598537833,3.11651515025758,0,C,1179,3
99.2767242574766,72,59.1251312987879,12.8748687012121,0,I,1180,3
78.9381821794939,72,59.1472217487171,12.8527782512829,0,C,1181,3
144.901953744801,72,59.1679261811078,12.8320738188922,0,I,1182,3
110.09016033508,72,59.2382266698405,12.7617733301595,0,C,1183,3
92.9831480216405,72,59.2416986078024,12.7583013921976,0,I,1184,3
102.799681007542,72,59.270988330245,12.729011669755,0,C,1185,3
68.7801178149007,72,59.5495569566265,9.23056085827424,1,I,1186,3
92.1905416764377,72,59.5810865890235,12.4189134109765,0,C,1187,3
136.893824818377,72,59.5818602107465,12.4181397892535,0,I,1188,3
138.521363346865,72,59.5926981512457,12.4073018487543,0,C,1189,3
88.7378350247734,72,59.6244933083654,12.3755066916347,0,I,1190,3
117.089555542427,72,59.6290606632829,12.3709393367171,0,C,1191,3
71.7600627112122,72,59.7179813403636,12.0420813708486,1,I,1192,3
89.0090006648952,72,59.750526510179,12.249473489821,0,C,1193,3
106.387065193665,72,59.7525343252346,12.2474656747654,0,I,1194,3
146.140659852628,72,59.8455480672419,12.1544519327581,0,C,1195,3
80.9395740340787,72,59.8716493556276,12.1283506443724,0,I,1196,3
150.652973451966,72,59.8846520762891,12.1153479237109,0,C,1197,3
72.505092507458,72,59.885668437928,12.114331562072,0,I,1198,3
24.2751025965829,72,0.0155487935990095,24.2595538029838,1,C,1,4
94.5474404188777,45.5299347110454,0.0201767776161432,45.5097579334293,0,I,2,4
47.0420569107396,72,0.0325449323281646,47.0095119784114,1,C,3,4
37.395525144757,25.8055722002942,0.101215909235179,25.704356291059,0,I,4,4
207.849288544484,40.9538428110712,0.161713231354952,40.7921295797162,0,C,5,4
0.388315502396175,72,0.180146796628833,0.208168705767342,1,I,6,4
9.29172833192756,72,0.295500867068768,8.99622746485879,1,C,7,4
31.683758382861,45.8191569986061,0.298721767030656,31.3850366158303,1,I,8,4
10.2290005532967,72,0.34568730276078,9.8833132505359,1,C,9,4
28.6690401101904,72,0.360131599009037,28.3089085111814,1,I,10,4
14.9700669276917,51.9761569103968,0.373876914381981,14.5961900133097,1,C,11,4
22.8669570207263,72,0.384285799227655,22.4826712214987,1,I,12,4
5.33491573919909,72,0.416360590606928,4.91855514859216,1,C,13,4
59.7306392609167,72,0.481620663776994,59.2490185971397,1,I,14,4
15.7840127857903,72,0.490429191850126,15.2935835939401,1,C,15,4
142.801230537985,72,0.523981810547411,71.4760181894526,0,I,16,4
4.58692271551636,72,0.550580327399075,4.03634238811729,1,C,17,4
21.4390416270497,72,0.581965916790068,20.8570757102596,1,I,18,4
73.7515966726593,72,0.644477242603898,71.3555227573961,0,C,19,4
2.92706544207486,72,0.661536790430546,2.26552865164432,1,I,20,4
51.4946458722045,72,0.703036417253315,50.7916094549512,1,C,21,4
24.8796860096583,72,0.726133463904262,24.153552545754,1,I,22,4
15.725195533163,72,0.762544479221106,14.9626510539419,1,C,23,4
31.3431916002533,6.21308230099796,0.801015780307353,5.41206652069061,0,I,24,4
12.1506868513881,72,0.894550206139684,11.2561366452484,1,C,25,4
19.7751331891982,42.0856899840575,0.976976808160543,18.7981563810377,1,I,26,4
106.143572743137,46.3084844300749,1.00129425991327,45.3071901701616,0,C,27,4
72.2799443404964,45.338166869589,1.02161386515945,44.3165530044295,0,I,28,4
51.8685754961902,72,1.05178752914071,50.8167879670495,1,C,29,4
2.24883455032275,72,1.08394084498286,1.16489370533989,1,I,30,4
15.4152631729033,72,1.14827109966427,14.266992073239,1,C,31,4
5.0519514653519,72,1.20741679798812,3.84453466736378,1,I,32,4
77.5780946945097,72,1.25422704499215,70.7457729550079,0,C,33,4
34.9105020740227,72,1.29397517535836,33.6165268986643,1,I,34,4
9.4851930808029,72,1.29817460663617,8.18701847416673,1,C,35,4
81.715595781566,72,1.31995538715273,70.6800446128473,0,I,36,4
9.43883851695442,72,1.36074952315539,8.07808899379903,1,C,37,4
51.1391233770942,72,1.37516805902123,49.763955318073,1,I,38,4
79.0132488056946,72,1.47065217141062,70.5293478285894,0,C,39,4
84.653386151259,72,1.50981654413044,70.4901834558696,0,I,40,4
233.269351254318,17.0423585765456,1.51197266299278,15.5303859135528,0,C,41,4
86.6273562336721,17.2804947499032,1.52677277103066,15.7537219788726,0,I,42,4
16.894288502495,72,1.59547255374491,15.2988159487501,1,C,43,4
29.8915982145683,72,1.62190413102508,28.2696940835433,1,I,44,4
78.1291423393259,72,1.6389740165323,70.3610259834677,0,C,45,4
12.9617362902329,72,1.65853866375983,11.3031976264731,1,I,46,4
93.2133409287726,46.8528735029894,1.66547843255103,45.1873950704384,0,C,47,4
96.6236956382782,72,1.73746700864285,70.2625329913572,0,I,48,4
12.7736975645316,35.8686518942357,1.75372442230582,11.0199731422258,1,C,49,4
6.18252043704704,72,1.83750651776791,4.34501391927914,1,I,50,4
9.28330218036022,51.1350015179685,1.85868596658111,7.42461621377912,1,C,51,4
21.5349292841177,72,1.89497445244342,19.6399548316743,1,I,52,4
28.8722823994262,72,1.93454907741398,26.9377333220123,1,C,53,4
95.6997268924216,72,1.97108091786504,70.028919082135,0,I,54,4
26.3389491054188,72,2.09796883631498,24.2409802691038,1,C,55,4
26.7721978227986,24.3190782149196,2.10298966616392,22.2160885487557,0,I,56,4
4.68380875071315,24.1301435439507,2.14764365460724,2.53616509610591,1,C,57,4
3.84361820517664,72,2.18248163815588,1.66113656702076,1,I,58,4
13.6111220962346,50.0762689953291,2.25298070814461,11.35814138809,1,C,59,4
27.365990372255,72,2.25999838672578,25.1059919855292,1,I,60,4
5.46896861877103,72,2.34731651376933,3.1216521050017,1,C,61,4
37.062760633386,72,2.36095821484923,34.7018024185367,1,I,62,4
140.722642980412,72,2.41309291217476,69.5869070878252,0,C,63,4
65.2869899648386,72,2.44084454141557,62.846145423423,1,I,64,4
24.3573746117495,72,2.49411393888295,21.8632606728665,1,C,65,4
57.6622798252924,20.1157744841494,2.51859311945736,17.597181364692,0,I,66,4
7.49523576203627,72,2.65159278642386,4.84364297561241,1,C,67,4
53.4689443078487,65.5339227247024,2.69898533821106,50.7699589696376,1,I,68,4
5.10601934868051,48.2135155804794,2.74320538155735,2.36281396712317,1,C,69,4
32.1059176133303,72,2.75294695515186,29.3529706581784,1,I,70,4
4.18990269077097,72,2.78133055195212,1.40857213881884,1,C,71,4
35.7118933362889,72,2.84468231722713,32.8672110190618,1,I,72,4
140.256913568508,72,2.93190417811275,69.0680958218873,0,C,73,4
15.0412927032601,72,2.93275480158627,12.1085379016739,1,I,74,4
45.5149929794393,53.1068672424563,2.99195862840861,42.5230343510307,1,C,75,4
70.3968063458992,72,3.00695438403636,67.3898519618628,1,I,76,4
24.9451616229092,72,3.01157936453819,21.933582258371,1,C,77,4
72.4070092674374,72,3.02713272627443,68.9728672737256,0,I,78,4
18.2715864474355,72,3.06451593060046,15.207070516835,1,C,79,4
19.6558331417905,72,3.21526563260704,16.4405675091835,1,I,80,4
16.3259957830483,72,3.24056748300791,13.0854283000404,1,C,81,4
13.5778126334927,8.47052301945257,3.25621386989951,5.21430914955306,0,I,82,4
9.80478985121932,72,3.36117911618203,6.44361073503729,1,C,83,4
50.8204762415225,26.9541091423389,3.38511435315013,23.5689947891887,0,I,84,4
63.5837250071711,72,3.38988225907087,60.1938427481002,1,C,85,4
36.4471082299058,72,3.4092582995072,33.0378499303986,1,I,86,4
38.6161994444553,63.3037406566458,3.4254268091172,35.1907726353381,1,C,87,4
32.2408474428574,72,3.4763282071799,28.7645192356775,1,I,88,4
49.8806876355277,72,3.485326487571,46.3953611479567,1,C,89,4
145.840475819955,72,3.56442474760115,68.4355752523989,0,I,90,4
58.5712109679093,14.6012076194147,3.57896730769426,11.0222403117204,0,C,91,4
90.4156912149347,41.8977421705238,3.59000915195793,38.3077330185658,0,I,92,4
7.88953752608514,72,3.64199745934457,4.24754006674057,1,C,93,4
52.4327692308793,72,3.68111813440919,48.7516510964701,1,I,94,4
37.2725123132721,72,3.70830774307251,33.5642045701996,1,C,95,4
19.0412589357669,72,3.82416179403663,15.2170971417303,1,I,96,4
72.0088187222544,72,3.82614331785589,68.1738566821441,0,C,97,4
5.54917115448976,58.8372802652558,3.85532333515584,1.69384781933392,1,I,98,4
10.8496950386684,72,3.96281649358571,6.88687854508268,1,C,99,4
165.455842801428,72,4.00947560090572,67.9905243990943,0,I,100,4
66.1016413381713,72,4.02687115129083,62.0747701868805,1,C,101,4
28.4314528229812,72,4.07849304378033,24.3529597792009,1,I,102,4
21.5463814541341,53.7776072479034,4.09239440225065,17.4539870518835,1,C,103,4
58.5425249179554,72,4.23433074261993,54.3081941753355,1,I,104,4
11.4553313853061,10.1484096655223,4.35050081927329,5.79790884624901,0,C,105,4
24.1242841745835,72,4.37096379697323,19.7533203776103,1,I,106,4
9.37526484552533,72,4.46839902084321,4.90686582468212,1,C,107,4
35.1432105639516,72,4.55276631284505,30.5904442511066,1,I,108,4
7.79207379398522,36.1731827111581,4.57316178828478,3.21891200570044,1,C,109,4
19.7829677410766,42.2617796947197,4.6118769608438,15.1710907802328,1,I,110,4
6.45940296648619,72,4.61501986719668,1.84438309928951,1,C,111,4
64.1764163688375,72,4.61747263558209,59.5589437332554,1,I,112,4
16.1988481774565,72,4.73903818521649,11.45980999224,1,C,113,4
6.2696231895035,72,4.75608915556222,1.51353403394128,1,I,114,4
87.2061109906752,72,4.77586361579597,67.224136384204,0,C,115,4
8.75726463979837,72,4.78689917363226,3.9703654661661,1,I,116,4
29.9870861110094,61.6968042182939,4.85147990752012,25.1356062034893,1,C,117,4
6.04701227429591,72,4.89962016697973,1.14739210731618,1,I,118,4
6.99204571268204,22.3272727337196,4.92894269060344,2.06310302207861,1,C,119,4
14.7291317764065,27.6169390834475,4.94993687141687,9.7791949049896,1,I,120,4
52.7537010790937,72,5.39744506124407,47.3562560178496,1,C,121,4
7.00144260661081,72,5.47142521943897,1.53001738717184,1,I,122,4
7.35806956290666,72,5.47969884239137,1.87837072051529,1,C,123,4
81.2418327229492,72,5.5623687710613,66.4376312289387,0,I,124,4
18.3355672182377,72,5.58517644647509,12.7503907717627,1,C,125,4
34.8732201902513,72,5.69343442562968,29.1797857646216,1,I,126,4
32.52859616392,72,5.87868162430823,26.6499145396118,1,C,127,4
33.4682904977901,28.2996841743247,5.91605545487255,22.3836287194521,0,I,128,4
109.510033418472,72,5.94088733196259,66.0591126680374,0,C,129,4
11.1313495699612,57.001102566224,5.98237805999816,5.14897150996302,1,I,130,4
9.91030679197535,72,5.98788659088314,3.92242020109221,1,C,131,4
73.2587478363382,64.6794718739771,6.04464237112552,58.6348295028515,0,I,132,4
26.3870566038393,45.8516022145061,6.06310984119773,20.3239467626416,1,C,133,4
141.661562215214,72,6.10496002715081,65.8950399728492,0,I,134,4
114.874384361051,72,6.13879781216383,65.8612021878362,0,C,135,4
51.236604785686,72,6.2575048673898,44.9790999182962,1,I,136,4
10.4988544224255,72,6.29345427732915,4.20540014509638,1,C,137,4
36.3470308962567,72,6.29569702316076,30.0513338730959,1,I,138,4
90.7782853921835,72,6.32954305037856,65.6704569496214,0,C,139,4
68.050376483174,72,6.44387190230191,61.6065045808721,1,I,140,4
6.85621980151724,72,6.46088061388582,0.395339187631421,1,C,141,4
42.9911947265183,72,6.53882668353617,36.4523680429822,1,I,142,4
136.620947947454,72,6.62950029596686,65.3704997040331,0,C,143,4
11.6760934768467,48.8385841050161,6.66675059124827,5.00934288559839,1,I,144,4
65.0802202459903,72,6.7108822055161,58.3693380404742,1,C,145,4
134.976447191874,72,6.75708106253296,65.242918937467,0,I,146,4
57.7778273915317,72,6.80330076254904,50.9745266289826,1,C,147,4
7.09415694927237,72,6.85710872523487,0.237048224037509,1,I,148,4
96.671630710938,72,6.93670197855681,65.0632980214432,0,C,149,4
130.241132696187,72,6.96910314727575,65.0308968527243,0,I,150,4
14.3698596216775,72,6.9974949862808,7.37236463539668,1,C,151,4
55.1164148064434,11.3604742364469,7.04014977905899,4.32032445738792,0,I,152,4
90.5930680551521,72,7.23580087535083,64.7641991246492,0,C,153,4
67.4133861904816,72,7.30929175391793,60.1040944365637,1,I,154,4
75.0515680734652,25.9226673116049,7.33938539866358,18.5832819129413,0,C,155,4
16.4322918918327,72,7.36971309408546,9.06257879774721,1,I,156,4
67.8292251467983,28.0535186764033,7.37823941744864,20.6752792589547,0,C,157,4
31.6042748008343,72,7.45037604589015,24.1538987549442,1,I,158,4
8.9830307488692,72,7.48031487688422,1.50271587198498,1,C,159,4
137.701054141091,72,7.51321735326201,64.486782646738,0,I,160,4
19.3227282669497,72,7.54653392359614,11.7761943433536,1,C,161,4
113.812762312562,72,7.65582826919854,64.3441717308015,0,I,162,4
134.047072143642,72,7.66421995125711,64.3357800487429,0,C,163,4
13.1079400260458,72,7.76481428649277,5.34312573955303,1,I,164,4
19.2048771842877,72,7.78219970874488,11.4226774755428,1,C,165,4
88.049149183172,72,7.86034420598298,64.139655794017,0,I,166,4
26.7990633468016,72,7.87263573613018,18.9264276106714,1,C,167,4
8.91190356201112,72,7.91688276920468,0.995020792806443,1,I,168,4
12.1396903787354,31.1358557494182,7.97293976414949,4.16675061458588,1,C,169,4
96.7289620674512,72,8.03133176174015,63.9686682382599,0,I,170,4
28.3727597403609,72,8.09301737230271,20.2797423680582,1,C,171,4
9.26773115549471,72,8.09366321191192,1.1740679435828,1,I,172,4
44.88587040439,72,8.1370856333524,36.7487847710376,1,C,173,4
23.7583193382962,57.9586542641024,8.18150337785482,15.5768159604414,1,I,174,4
92.8954937642407,72,8.22458659764379,63.7754134023562,0,C,175,4
111.046539148217,31.6935372418097,8.35443510208279,23.3391021397269,0,I,176,4
11.0025134716623,72,8.3901205798611,2.61239289180119,1,C,177,4
45.3621931024193,72,8.42204659245908,36.9401465099602,1,I,178,4
22.1558318770396,28.2881409369843,8.44689808320254,13.7089337938371,1,C,179,4
33.5606725005538,72,8.55618163011968,25.0044908704341,1,I,180,4
11.5752143860218,72,8.57869482133538,2.99651956468637,1,C,181,4
27.6588360053031,72,8.62150574102998,19.0373302642732,1,I,182,4
37.8257315196621,72,8.62711940892041,29.1986121107417,1,C,183,4
20.4907952643724,72,8.71791563462466,11.7728796297477,1,I,184,4
153.660988110522,72,8.72406964190304,63.275930358097,0,C,185,4
18.676791176867,72,8.78971051890403,9.88708065796297,1,I,186,4
75.1566665053054,37.2752457174319,8.8573936605826,28.4178520568493,0,C,187,4
12.8018655783999,33.7827187031514,8.86706474237144,3.9348008360285,1,I,188,4
13.8863491987061,72,8.95134036429226,4.93500883441386,1,C,189,4
31.1087204613511,72,8.95768334157765,22.1510371197734,1,I,190,4
21.4640665257207,72,8.97872214205563,12.4853443836651,1,C,191,4
67.1289152599884,72,9.01910691987723,58.1098083401112,1,I,192,4
9.03139725729949,31.9176274281865,9.02430481743068,0.0070924398688193,1,C,193,4
44.2004029217654,72,9.06468434259295,35.1357185791725,1,I,194,4
28.4698810943131,72,9.24251439515501,19.2273666991581,1,C,195,4
55.7642490381329,72,9.25748124718666,46.5067677909462,1,I,196,4
15.6000012104401,72,9.28446446545422,6.31553674498591,1,C,197,4
16.4875274485101,72,9.46810367982835,7.01942376868179,1,I,198,4
45.4530021710942,72,9.48657137341797,35.9664307976763,1,C,199,4
43.3304555678061,51.9499272771519,9.54602165613323,33.7844339116728,1,I,200,4
14.1488839699041,72,9.6087006200105,4.54018334989358,1,C,201,4
43.863478775248,72,9.64546605013311,34.2180127251149,1,I,202,4
32.963378354815,60.5140034086686,9.84264965169132,23.1207287031236,1,C,203,4
26.8404530677669,72,9.85071809962392,16.989734968143,1,I,204,4
17.9160574935347,72,9.85998373478651,8.05607375874814,1,C,205,4
20.4349099750683,41.1148853194176,9.86739418935031,10.567515785718,1,I,206,4
91.7673278103334,72,9.90112914238125,62.0988708576188,0,C,207,4
133.327590314592,72,9.90905388258398,62.090946117416,0,I,208,4
108.111329384048,10.5277693618447,9.93178483564407,0.595984526200587,0,C,209,4
11.8365970986715,72,10.0782973179594,1.75829978071208,1,I,210,4
86.3258340429286,72,10.3663694299757,61.6336305700243,0,C,211,4
27.9766451186346,72,10.4524159384891,17.5242291801454,1,I,212,4
120.265687567022,41.5396243450263,10.6356306094676,30.9039937355587,0,C,213,4
26.7105283220249,72,10.7047200948,16.0058082272249,1,I,214,4
116.669107309438,72,10.7055995520204,61.2944004479796,0,C,215,4
29.7607435026905,72,10.7507634954527,19.0099800072378,1,I,216,4
56.1583090927684,72,10.7541279774159,45.4041811153525,1,C,217,4
102.456176689548,64.9399446962603,10.7707776501775,54.1691670460828,0,I,218,4
16.7820403076685,58.7025369632499,10.9297910146415,5.852249293027,1,C,219,4
27.586870020271,72,10.9837387595326,16.6031312607384,1,I,220,4
35.9400824008863,72,11.0733837168664,24.86669868402,1,C,221,4
44.3945881241299,67.6019897902435,11.1113254632801,33.2832626608498,1,I,222,4
63.598313579634,72,11.1521903146058,52.4461232650281,1,C,223,4
38.1893387771229,72,11.1766568245366,27.0126819525863,1,I,224,4
38.1283442849782,72,11.265928898938,26.8624153860402,1,C,225,4
46.2780996692646,72,11.2754911836237,35.002608485641,1,I,226,4
34.1827910483506,72,11.3208153750747,22.8619756732758,1,C,227,4
80.3417176969995,72,11.3937090151012,60.6062909848988,0,I,228,4
46.0220640268246,72,11.4169862866402,34.6050777401844,1,C,229,4
12.1795365883979,72,11.4179088687524,0.761627719645477,1,I,230,4
30.1598133231889,72,11.5809693653137,18.5788439578752,1,C,231,4
100.734012779029,43.5598741076435,11.5926915546879,31.9671825529556,0,I,232,4
79.6003448053089,72,11.6750687733293,60.3249312266707,0,C,233,4
48.8821800714558,72,11.6817867290229,37.2003933424329,1,I,234,4
149.178372928978,72,11.7019345331937,60.2980654668063,0,C,235,4
55.6734620328652,72,11.736032855697,43.9374291771682,1,I,236,4
134.634281096075,72,11.796127455309,60.203872544691,0,C,237,4
14.532697429034,72,11.9107965705916,2.6219008584424,1,I,238,4
42.5307712746722,72,12.0168647915125,30.5139064831597,1,C,239,4
29.9280254768847,72,12.1422812948003,17.7857441820843,1,I,240,4
86.2019581512909,62.2980406393493,12.1713810972869,50.1266595420624,0,C,241,4
76.4120955877507,72,12.1861738013104,59.8138261986896,0,I,242,4
30.0480907619369,72,12.2693109232932,17.7787798386437,1,C,243,4
13.2591554632202,72,12.3198370356113,0.939318427608936,1,I,244,4
55.9993441885885,72,12.433881838806,43.5654623497826,1,C,245,4
165.88887377457,68.3331666514402,12.4417910864577,55.8913755649825,0,I,246,4
43.7537751266366,62.964127209618,12.562278136611,31.1914969900256,1,C,247,4
65.1000584317735,72,12.6834025327116,52.4166558990619,1,I,248,4
31.3950850686199,72,12.7199829882011,18.6751020804188,1,C,249,4
107.97405659946,72,12.7441322710365,59.2558677289635,0,I,250,4
84.0538643133092,65.7684677036921,12.8606670442969,52.9078006593952,0,C,251,4
19.1810216142077,22.3354870629454,12.9411895154044,6.23983209880331,1,I,252,4
72.8846520852984,72,13.004640089348,58.995359910652,0,C,253,4
76.0140419995163,72,13.1237003998831,58.8762996001169,0,I,254,4
18.8284174725926,72,13.172234329395,5.65618314319757,1,C,255,4
31.1709089587578,61.8444326198029,13.192279972136,17.9786289866218,1,I,256,4
68.3788816199118,72,13.2059796480462,55.1729019718656,1,C,257,4
19.4576729991536,72,13.2348755607381,6.22279743841542,1,I,258,4
77.5451394379659,72,13.2616875367239,58.7383124632761,0,C,259,4
28.3405911930449,72,13.2951714098454,15.0454197831995,1,I,260,4
73.7227727497639,72,13.3507546875626,58.6492453124374,0,C,261,4
59.0028464583213,72,13.4659901540726,45.5368563042487,1,I,262,4
65.6505178229074,72,13.5202341713011,52.1302836516062,1,C,263,4
32.5243289981659,72,13.6207129899412,18.9036160082247,1,I,264,4
59.4019027794867,72,13.6299039144069,45.7719988650798,1,C,265,4
95.8088134323879,72,13.6339717777446,58.3660282222554,0,I,266,4
75.197981367458,72,13.6522701848298,58.3477298151702,0,C,267,4
35.3671966818878,59.2915762059345,13.6621250957251,21.7050715861628,1,I,268,4
46.8662351135957,72,13.6702999798581,33.1959351337376,1,C,269,4
101.851257844873,72,13.673010058701,58.326989941299,0,I,270,4
53.8250912146049,72,13.6998139740899,40.125277240515,1,C,271,4
106.029806609666,72,13.7109794514254,58.2890205485746,0,I,272,4
101.973077263575,72,13.7400005897507,58.2599994102493,0,C,273,4
21.4888738480232,72,13.7551144463941,7.73375940162907,1,I,274,4
34.7888948245058,72,13.8306864257902,20.9582083987156,1,C,275,4
17.3220403316751,72,13.843908472918,3.4781318587571,1,I,276,4
60.2442678931571,72,13.8558461749926,46.3884217181644,1,C,277,4
24.3285621271129,72,13.9401328470558,10.3884292800571,1,I,278,4
76.3297392597799,72,13.9551805146039,58.0448194853962,0,C,279,4
48.6433803882504,72,13.962998567149,34.6803818211014,1,I,280,4
34.320922434519,63.0624553606566,14.035608144477,20.285314290042,1,C,281,4
35.3827299625264,39.1169537848247,14.076861217618,21.3058687449084,1,I,282,4
39.1594954983529,72,14.1242908872664,25.0352046110865,1,C,283,4
95.9257741686397,71.2201400111608,14.335772562772,56.8843674483887,0,I,284,4
92.981338484457,72,14.3401828967035,57.6598171032965,0,C,285,4
26.3428725582534,72,14.3539775395766,11.9888950186768,1,I,286,4
24.1957947592874,72,14.4194142054766,9.77638055381071,1,C,287,4
92.8334171880703,72,14.444189267233,57.555810732767,0,I,288,4
17.1159682360155,72,14.5983917405829,2.51757649543262,1,C,289,4
37.3704524018793,72,14.6213321853429,22.7491202165364,1,I,290,4
21.6727632186646,72,14.6413569431752,7.03140627548941,1,C,291,4
80.8312039803239,72,14.7152237780392,57.2847762219608,0,I,292,4
36.9947524390981,46.7028124863018,14.7757785301656,22.2189739089325,1,C,293,4
125.401810896178,72,14.7838842915371,57.2161157084629,0,I,294,4
40.9277154867596,72,14.8551992001012,26.0725162866584,1,C,295,4
21.9277013984622,72,15.0928965350613,6.83480486340086,1,I,296,4
39.0548069944181,72,15.1565713388845,23.8982356555336,1,C,297,4
35.7200533810445,72,15.2569258818403,20.4631274992042,1,I,298,4
40.2297600277547,72,15.335966264829,24.8937937629256,1,C,299,4
49.1711263938557,22.5248433306618,15.4024105891585,7.12243274150325,0,I,300,4
45.5974213520593,72,15.4551663575694,30.14225499449,1,C,301,4
35.1675682733089,72,15.6119146663696,19.5556536069394,1,I,302,4
16.7781623174079,72,15.6224486511201,1.15571366628779,1,C,303,4
17.503467773811,72,15.8232354931533,1.68023228065769,1,I,304,4
23.8774245043085,72,15.8897704817355,7.98765402257304,1,C,305,4
134.329761785771,72,15.8947336860001,56.1052663139999,0,I,306,4
22.1912687618335,72,15.9299198817462,6.2613488800873,1,C,307,4
20.8283836383705,28.3812621505448,16.0238300962374,4.80455354213309,1,I,308,4
81.8708429567236,72,16.0543286986649,55.9456713013351,0,C,309,4
43.4618596727811,72,16.0604700632393,27.4013896095417,1,I,310,4
23.1020497543958,72,16.0900957742706,7.0119539801252,1,C,311,4
18.9423867836678,52.7826981384951,16.1067097401246,2.83567704354316,1,I,312,4
80.4110896697654,72,16.1353125376627,55.8646874623373,0,C,313,4
20.6651431622264,46.5392416351109,16.1742737330496,4.49086942917681,1,I,314,4
26.1757002319438,37.6360191005213,16.1908775148913,9.98482271705244,1,C,315,4
190.960377926997,72,16.2379328347743,55.7620671652258,0,I,316,4
23.6827103304935,72,16.2762951711193,7.40641515937419,1,C,317,4
41.885035302648,72,16.3395295618102,25.5455057408378,1,I,318,4
41.0125813579136,72,16.3838734477758,24.6287079101378,1,C,319,4
59.7892451914392,72,16.5593273146078,43.2299178768314,1,I,320,4
29.2000322121762,72,16.5634219441563,12.6366102680199,1,C,321,4
28.400991909217,72,16.699304538779,11.701687370438,1,I,322,4
129.763508217526,72,16.7054774751887,55.2945225248113,0,C,323,4
65.0271102650041,72,16.7117849132046,48.3153253517995,1,I,324,4
66.5428646595297,72,16.7169811762869,49.8258834832428,1,C,325,4
88.8342551536453,72,16.7727737361565,55.2272262638435,0,I,326,4
57.4675438767679,72,16.7966944584623,40.6708494183056,1,C,327,4
21.2668998619891,72,16.8025797139853,4.46432014800373,1,I,328,4
109.121789650045,72,16.8884050101042,55.1115949898958,0,C,329,4
40.6352467493299,72,17.0722628664225,23.5629838829074,1,I,330,4
206.799665823557,72,17.2609737049788,54.7390262950212,0,C,331,4
65.5326759452791,69.4915284910402,17.3260272201151,48.2066487251641,1,I,332,4
34.0797523500905,67.5382492364822,17.3431975068524,16.736554843238,1,C,333,4
91.0112086907817,72,17.3766081919894,54.6233918080106,0,I,334,4
41.8136951821889,72,17.4146132497117,24.3990819324772,1,C,335,4
20.5705011037021,72,17.5074358424172,3.06306526128493,1,I,336,4
20.6164382377562,56.779642180557,17.5553686358035,3.06106960195272,1,C,337,4
56.3568732016233,72,17.5830101268366,38.7738630747867,1,I,338,4
36.4475113974104,72,17.5879989517853,18.8595124456252,1,C,339,4
30.5934654356647,33.9723084020329,17.6643080636859,12.9291573719788,1,I,340,4
30.2454741628532,58.2442038484264,17.7015423215926,12.5439318412606,1,C,341,4
44.0585310486841,64.5178804583865,17.7145683718845,26.3439626767996,1,I,342,4
69.0051189235755,72,17.7730531012639,51.2320658223116,1,C,343,4
82.8248105352598,72,17.8120859060436,54.1879140939564,0,I,344,4
24.2589578246677,72,17.9124446120113,6.34651321265643,1,C,345,4
58.3373370142869,72,17.9259809665382,40.4113560477487,1,I,346,4
76.6762601288899,72,17.9848493775353,54.0151506224647,0,C,347,4
30.5798672496678,72,17.9927580663934,12.5871091832743,1,I,348,4
24.513682593071,29.8230664942026,18.0038870824501,6.50979551062091,1,C,349,4
72.4776749022356,72,18.1520973332226,53.8479026667774,0,I,350,4
22.3259058188946,72,18.1751815415919,4.15072427730275,1,C,351,4
64.2876148130802,72,18.1809842633083,46.1066305497719,1,I,352,4
32.8842589677388,72,18.2277466496453,14.6565123180935,1,C,353,4
63.6465822935182,21.6150072734645,18.2537574833259,3.36124979013858,0,I,354,4
27.9542520717399,72,18.305074358359,9.64917771338091,1,C,355,4
47.5711814239012,72,18.3223120355979,29.2488693883033,1,I,356,4
35.2909353874425,63.4979327215952,18.3361857756972,16.9547496117452,1,C,357,4
128.44206628638,72,18.3514586370438,53.6485413629562,0,I,358,4
34.1740830349769,48.5747462354566,18.3914590487257,15.7826239862513,1,C,359,4
115.16078290557,72,18.413903536275,53.586096463725,0,I,360,4
99.4794766275145,72,18.4575805161148,53.5424194838852,0,C,361,4
115.567383567095,72,18.5061420779675,53.4938579220325,0,I,362,4
64.7925431717481,72,18.6273640673608,46.1651791043873,1,C,363,4
182.387249153918,72,18.6368453269824,53.3631546730176,0,I,364,4
52.8313035360381,42.0826196014316,18.7114800140262,23.3711395874055,0,C,365,4
35.2845350738376,72,18.8246196135879,16.4599154602498,1,I,366,4
37.8242581999442,39.8135592171118,18.8389607425779,18.9852974573663,1,C,367,4
196.34857826158,47.9043694928223,18.8771107094362,29.027258783386,0,I,368,4
40.0447724839234,72,18.8772962708026,21.1674762131208,1,C,369,4
97.4950700793617,72,18.9491538377479,53.0508461622521,0,I,370,4
53.1515302676535,72,18.9697893708944,34.1817408967591,1,C,371,4
38.7853246531608,28.0369216045558,18.9726991485804,9.06422245597538,0,I,372,4
61.2524954153935,72,19.0227880049497,42.2297074104438,1,C,373,4
21.3660817926497,72,19.2060740618035,2.16000773084616,1,I,374,4
28.5841298924611,72,19.2662942642346,9.31783562822651,1,C,375,4
125.501095806174,72,19.281268841587,52.718731158413,0,I,376,4
28.390704529282,72,19.379942798987,9.01076173029502,1,C,377,4
49.8688647668812,72,19.3854136532173,30.483451113664,1,I,378,4
41.7194133876793,72,19.3897067103535,22.3297066773258,1,C,379,4
57.1709538668679,72,19.4116107048467,37.7593431620212,1,I,380,4
36.7367420050024,52.4460854828064,19.4160804105923,17.3206615944102,1,C,381,4
28.4272898729922,72,19.4948629382998,8.93242693469244,1,I,382,4
27.7994123082386,72,19.5017476100475,8.29766469819118,1,C,383,4
103.646024226564,72,19.5334401167929,52.4665598832071,0,I,384,4
22.9118956720079,72,19.6475912164897,3.2643044555182,1,C,385,4
21.2539600171706,72,19.6499478723854,1.60401214478524,1,I,386,4
22.1434384804185,72,19.6505071409047,2.49293133951379,1,C,387,4
40.0840685448115,72,19.6575910784304,20.4264774663811,1,I,388,4
44.8188262558989,72,19.676726013422,25.1421002424769,1,C,389,4
83.4829462708314,72,19.7139894962311,52.2860105037689,0,I,390,4
62.9646078203174,72,19.7456593578681,43.2189484624492,1,C,391,4
76.7267215580313,72,19.8267214000225,52.1732785999775,0,I,392,4
21.9730104498091,72,19.8520548082888,2.12095564152025,1,C,393,4
72.2172322125708,72,19.8860702337697,52.1139297662303,0,I,394,4
49.7371971942759,72,19.915709272027,29.8214879222489,1,C,395,4
143.90309193599,72,20.1081957807764,51.8918042192236,0,I,396,4
70.3757918236089,72,20.1210858067498,50.2547060168592,1,C,397,4
148.675749651194,72,20.1431146916002,51.8568853083998,0,I,398,4
34.2183543543756,72,20.190481133759,14.0278732206166,1,C,399,4
20.6280898670757,72,20.2661407040432,0.361949163032536,1,I,400,4
56.4440515254464,72,20.2779668709263,36.1660846545201,1,C,401,4
24.9637755911654,23.7010341275641,20.3897707024589,3.31126342510515,0,I,402,4
22.1743764969551,72,20.7485106121749,1.42586588478025,1,C,403,4
36.599818182158,72,20.7829995732754,15.8168186088825,1,I,404,4
20.8708895450207,72,20.8116195257753,0.0592700192454256,1,C,405,4
30.6841776599846,72,20.8742446638644,9.80993299612023,1,I,406,4
160.708952276096,72,20.9385627647862,51.0614372352138,0,C,407,4
88.1969824675224,41.1327284500481,20.9402802586555,20.1924481913926,0,I,408,4
26.9592328511967,72,21.0059285815805,5.95330426961614,1,C,409,4
85.0223421542786,72,21.0249987104908,50.9750012895092,0,I,410,4
24.605122559609,72,21.1322610871866,3.47286147242234,1,C,411,4
22.630636523039,36.6274702316966,21.1369460262358,1.49369049680317,1,I,412,4
71.0712600261359,72,21.1619054200128,49.9093546061232,1,C,413,4
27.6516703142052,72,21.1864266358316,6.46524367837363,1,I,414,4
37.347759846563,25.6087451903039,21.2480657408014,4.36067944950247,0,C,415,4
130.514390951364,72,21.2688377033919,50.7311622966081,0,I,416,4
70.005422451156,60.3424736806834,21.2895875656977,39.0528861149857,0,C,417,4
49.5049141254983,40.7643268049295,21.2961780885234,19.468148716406,0,I,418,4
57.4989023213764,72,21.3288074824959,36.1700948388805,1,C,419,4
36.2036920927369,72,21.3601786410436,14.8435134516933,1,I,420,4
108.055923671429,72,21.3707296270877,50.6292703729123,0,C,421,4
68.6130124982214,72,21.4060557307675,47.2069567674538,1,I,422,4
69.8472563615578,72,21.4903852902353,48.3568710713225,1,C,423,4
105.900563678469,72,21.6650486178696,50.3349513821304,0,I,424,4
50.9249192900434,72,21.6732113622129,29.2517079278304,1,C,425,4
22.371649377067,38.901543896991,21.7138496227562,0.657799754310763,1,I,426,4
113.451857299258,72,21.7206381540746,50.2793618459255,0,C,427,4
63.5039504702717,72,21.7646732507274,41.7392772195444,1,I,428,4
46.0865720138167,72,21.8007922824472,24.2857797313695,1,C,429,4
146.118128097593,72,21.8336909310892,50.1663090689108,0,I,430,4
73.458404164795,53.6760010719493,21.8552991561592,31.8207019157901,0,C,431,4
27.4706643940018,72,21.8919515842572,5.57871280974464,1,I,432,4
39.8682648612512,72,21.9635870726779,17.9046777885733,1,C,433,4
86.6198622167572,72,21.9689914025366,50.0310085974634,0,I,434,4
22.5837056857241,36.8654015946433,21.9696993660182,0.614006319705913,1,C,435,4
184.064695715344,72,22.0842794515193,49.9157205484808,0,I,436,4
100.418988603502,72,22.1259667631239,49.8740332368761,0,C,437,4
74.7344694008059,72,22.1434634830803,49.8565365169197,0,I,438,4
68.3726193346657,72,22.1771514834836,46.1954678511821,1,C,439,4
49.089010939133,27.0202438052601,22.2003392223269,4.8199045829332,0,I,440,4
30.2123843066084,72,22.2080121003091,8.00437220629928,1,C,441,4
26.50264034801,72,22.2371868789196,4.2654534690904,1,I,442,4
55.8809020516005,72,22.2432686481625,33.637633403438,1,C,443,4
83.5877441911575,72,22.2505905898288,49.7494094101712,0,I,444,4
37.4568037024737,72,22.2794244065881,15.1773792958856,1,C,445,4
26.2091854072475,37.6767862278751,22.3287934809923,3.88039192625522,1,I,446,4
62.9739854120997,72,22.4087458429858,40.5652395691139,1,C,447,4
42.7753903124152,72,22.4841505335644,20.2912397788508,1,I,448,4
62.004908415006,72,22.6262276479974,39.3786807670085,1,C,449,4
37.0330100051418,72,22.6385281747207,14.3944818304211,1,I,450,4
55.9881539065519,72,22.7022609394044,33.2858929671475,1,C,451,4
76.9315296618081,72,23.0508017353714,48.9491982646287,0,I,452,4
42.1254390131937,72,23.2229725224897,18.902466490704,1,C,453,4
60.9373076818208,72,23.2299439050257,37.7073637767951,1,I,454,4
66.9146140349707,27.6166045314534,23.356592617929,4.26001191352439,0,C,455,4
48.0194476446173,72,23.4441394312307,24.5753082133866,1,I,456,4
58.0764641331466,72,23.5171354981139,34.5593286350326,1,C,457,4
43.5808786998849,54.6169685156836,23.5315695684403,20.0493091314446,1,I,458,4
54.4086778197415,72,23.5353973321617,30.8732804875798,1,C,459,4
53.6209446954516,72,23.5807348368689,30.0402098585827,1,I,460,4
31.2792798971884,72,23.6477491166443,7.63153078054417,1,C,461,4
24.360101812151,72,23.7127612670884,0.647340545062633,1,I,462,4
23.9504597800609,72,23.7146585248411,0.235801255219804,1,C,463,4
24.0210666063738,72,23.7147493986413,0.30631720773252,1,I,464,4
57.1357771714468,72,23.7272641947493,33.4085129766975,1,C,465,4
45.530158393316,72,23.7338563939557,21.7963019993604,1,I,466,4
52.5678390924039,35.1462038441894,23.7968516070396,11.3493522371499,0,C,467,4
52.0550770323873,72,23.849327727221,28.2057493051664,1,I,468,4
57.9221587132468,72,23.9488794235513,33.9732792896956,1,C,469,4
60.3330183694851,72,23.952226722613,36.3807916468721,1,I,470,4
69.6530170715131,72,23.9670786028728,45.6859384686403,1,C,471,4
34.3074105556609,72,24.0516046481207,10.2558059075402,1,I,472,4
24.7875979805407,72,24.1457715304568,0.641826450083827,1,C,473,4
35.5097164207202,27.5841241432618,24.1550384648144,3.42908567844734,0,I,474,4
24.4808405151398,72,24.2469748109579,0.233865704181902,1,C,475,4
24.5527494742369,64.224475656237,24.425123934634,0.127625539602862,1,I,476,4
54.2821941318664,72,24.5126823848113,29.769511747055,1,C,477,4
101.844669608615,72,24.5299798669294,47.4700201330707,0,I,478,4
226.627554911165,72,24.7538333153352,47.2461666846648,0,C,479,4
26.4999468624839,72,24.7999876504764,1.69995921200746,1,I,480,4
53.1815794645965,72,24.8014046391472,28.3801748254493,1,C,481,4
56.0122829524469,72,24.9390523508191,31.0732306016278,1,I,482,4
35.0037095958861,72,24.9404256697744,10.0632839261116,1,C,483,4
103.860719055883,72,24.9527936428785,47.0472063571215,0,I,484,4
33.5046563908712,72,25.0182649120688,8.4863914788023,1,C,485,4
65.2268323986093,72,25.047160112299,40.1796722863102,1,I,486,4
26.8586077774196,72,25.0648217322305,1.79378604518912,1,C,487,4
30.9185837187816,72,25.0846944423392,5.83388927644238,1,I,488,4
54.8781406073763,72,25.1305241882801,29.7476164190962,1,C,489,4
122.507199608973,72,25.1511534070596,46.8488465929404,0,I,490,4
25.2936067172741,72,25.1592704560608,0.13433626121334,1,C,491,4
69.221984974681,57.3237700786387,25.2611814485863,32.0625886300525,0,I,492,4
136.184842176012,40.6796989113556,25.2709892531857,15.4087096581699,0,C,493,4
36.3151949316644,72,25.2761843847111,11.0390105469533,1,I,494,4
25.5521689132017,72,25.4401005059481,0.112068407253612,1,C,495,4
38.8976810153118,72,25.4565163794905,13.4411646358213,1,I,496,4
44.9673514586119,72,25.4899439681321,19.4774074904798,1,C,497,4
27.6149046976333,72,25.5212788190693,2.09362587856408,1,I,498,4
155.688997755204,72,25.5545114725828,46.4454885274172,0,C,499,4
50.5233171825601,72,25.5785881401971,24.944729042363,1,I,500,4
51.9970778084674,72,25.5971429077908,26.3999349006765,1,C,501,4
140.280422970428,72,25.6527862418443,46.3472137581557,0,I,502,4
26.5989557556066,72,25.6554516032338,0.943504152372794,1,C,503,4
64.6377613082218,61.1354278569698,25.6566125247628,35.478815332207,0,I,504,4
26.6244904456608,52.0831846017406,25.6991976359859,0.925292809674838,1,C,505,4
102.237139219311,72,25.7118400465697,46.2881599534303,0,I,506,4
26.0920874459707,72,25.7268498139456,0.365237632025132,1,C,507,4
51.460050687073,72,25.9149891184643,25.5450615686087,1,I,508,4
71.0598649106965,72,25.9467954095453,45.1130695011512,1,C,509,4
33.9423172022517,72,26.0209895577282,7.9213276445235,1,I,510,4
42.7709116905482,72,26.069869142957,16.7010425475911,1,C,511,4
28.369161694727,72,26.1199630005285,2.24919869419848,1,I,512,4
132.742378252285,72,26.1352327046916,45.8647672953084,0,C,513,4
70.4959446427037,72,26.158235790208,44.3377088524957,1,I,514,4
80.079871663064,66.7442187253862,26.2035469757393,40.5406717496469,0,C,515,4
41.7098235859542,72,26.2136009987444,15.4962225872098,1,I,516,4
36.7979369433721,72,26.2174950633198,10.5804418800523,1,C,517,4
29.1557522984595,72,26.2445453647524,2.91120693370713,1,I,518,4
52.0389777753931,72,26.3053490174934,25.7336287578996,1,C,519,4
111.826270941857,72,26.3665525987744,45.6334474012256,0,I,520,4
55.5639797931368,72,26.4058721344918,29.158107658645,1,C,521,4
32.2242125461633,72,26.5274712117389,5.69674133442445,1,I,522,4
76.7670648864612,57.6248249104443,26.5868152538314,31.0380096566129,0,C,523,4
88.1153335070217,72,26.6474628215656,45.3525371784344,0,I,524,4
41.9129242835278,72,26.6757620126009,15.2371622709269,1,C,525,4
144.461505503822,72,26.6883143456653,45.3116856543347,0,I,526,4
80.048343616797,72,26.7022917838767,45.2977082161233,0,C,527,4
99.0426468438314,72,26.7066488787532,45.2933511212468,0,I,528,4
37.3974628791818,72,26.752866175957,10.6445967032247,1,C,529,4
194.295736785193,72,26.7577208625153,45.2422791374847,0,I,530,4
161.443793396436,72,26.8742588767782,45.1257411232218,0,C,531,4
59.6039966002989,72,26.8907032767311,32.7132933235678,1,I,532,4
51.9108538018528,72,26.908485959284,25.0023678425688,1,C,533,4
88.1447538167844,72,27.0101407309994,44.9898592690006,0,I,534,4
36.9198719515034,54.9695779262278,27.14925322216,9.77061872934337,1,C,535,4
69.8986003729233,72,27.1495826588944,42.7490177140289,1,I,536,4
87.2741256995697,72,27.1550243860111,44.8449756139889,0,C,537,4
51.6646957624852,72,27.2147072246298,24.4499885378554,1,I,538,4
28.7338062807717,72,27.2355875652283,1.49821871554332,1,C,539,4
36.6912720289348,59.3825659017941,27.2756105381995,9.41566149073522,1,I,540,4
68.8888988456343,72,27.3160251276568,41.5728737179776,1,C,541,4
160.025305837957,72,27.3734352551401,44.6265647448599,0,I,542,4
89.8121554302763,72,27.6842105342075,44.3157894657925,0,C,543,4
52.0748796729193,72,27.7215253422037,24.3533543307156,1,I,544,4
115.726581716919,72,27.7797203650698,44.2202796349302,0,C,545,4
45.4281551297879,72,27.7935505891219,17.6346045406661,1,I,546,4
72.2956244505548,72,27.9427254153416,44.0572745846584,0,C,547,4
84.499377448302,63.8662343736335,27.9732322599739,35.8930021136596,0,I,548,4
54.0969733343689,72,28.1016704253852,25.9953029089837,1,C,549,4
147.160453566607,72,28.1614587642252,43.8385412357748,0,I,550,4
37.2060335708169,72,28.215781361796,8.99025220902093,1,C,551,4
71.6523384293757,72,28.3011202840135,43.3512181453623,1,I,552,4
49.1788085433375,72,28.4193053562194,20.7595031871181,1,C,553,4
137.00574662363,72,28.4846496535465,43.5153503464535,0,I,554,4
87.0282894376518,72,28.490575896576,43.509424103424,0,C,555,4
99.6948270504733,72,28.5423298878595,43.4576701121405,0,I,556,4
111.289201734025,72,28.5842637671158,43.4157362328842,0,C,557,4
37.2949441209483,72,28.6609812034294,8.63396291751888,1,I,558,4
50.6424856141025,72,28.7174687767401,21.9250168373624,1,C,559,4
64.2534787231498,55.357645389415,28.7359944311902,26.6216509582249,0,I,560,4
35.9033232922679,55.4487379178001,28.797542299144,7.10578099312393,1,C,561,4
91.2494739213681,72,28.8277250574902,43.1722749425098,0,I,562,4
72.2002120187241,72,28.8471719948575,43.1528280051425,0,C,563,4
78.7866452029074,42.0460541215607,28.891504118219,13.1545500033417,0,I,564,4
77.8243496703657,72,28.9325564866886,43.0674435133114,0,C,565,4
72.9147724493143,72,29.0023076534271,42.9976923465729,0,I,566,4
64.9545664041103,72,29.0939434664324,35.8606229376779,1,C,567,4
82.8958824838548,58.4323591183953,29.1110616736114,29.3212974447838,0,I,568,4
60.7166312622256,72,29.1305142408237,31.5861170214019,1,C,569,4
93.0827808170637,72,29.1491099121049,42.8508900878951,0,I,570,4
33.8622597575604,72,29.1741182841361,4.68814147342433,1,C,571,4
77.0063559316527,72,29.2743577994406,42.7256422005594,0,I,572,4
31.7451481112865,72,29.292898317799,2.45224979348753,1,C,573,4
65.9831309240233,72,29.3109285458922,36.672202378131,1,I,574,4
60.2151240325205,72,29.406552426517,30.8085716060034,1,C,575,4
86.6826383007545,29.7907656580292,29.4439230719581,0.346842586071062,0,I,576,4
41.127497937694,72,29.4500562921166,11.6774416455773,1,C,577,4
31.6704664167765,72,29.5957493316382,2.07471708513829,1,I,578,4
251.113100620389,72,29.6008148929104,42.3991851070896,0,C,579,4
34.1288666829528,40.1305327731124,29.6466098260134,4.48225685693931,1,I,580,4
47.5748168184974,72,29.7177903167903,17.8570265017071,1,C,581,4
140.121318892923,72,29.7449680790305,42.2550319209695,0,I,582,4
53.7038416603838,72,29.7497697081417,23.9540719522421,1,C,583,4
58.1204646525309,72,29.751257551834,28.3692071006969,1,I,584,4
189.611078077058,72,29.7596582164988,42.2403417835012,0,C,585,4
80.7806701623966,72,29.8190390272066,42.1809609727934,0,I,586,4
53.6330053491826,72,29.8721187841147,23.7608865650679,1,C,587,4
82.698753490354,72,29.9879625532776,42.0120374467224,0,I,588,4
86.3220672771938,51.2905516372588,30.0266526360065,21.2638990012523,0,C,589,4
135.731703166852,72,30.1577670034021,41.8422329965979,0,I,590,4
43.8422538041381,72,30.1903554378077,13.6518983663303,1,C,591,4
89.6331693157973,72,30.2054623514414,41.7945376485586,0,I,592,4
45.9914913367148,72,30.2151043899357,15.7763869467791,1,C,593,4
50.2424906952696,72,30.29052503407,19.9519656611995,1,I,594,4
94.4241340069887,72,30.3630941687152,41.6369058312848,0,C,595,4
79.4608286128954,72,30.4015641007572,41.5984358992428,0,I,596,4
30.4758790099474,72,30.4482731083408,0.0276059016065857,1,C,597,4
39.6808031049944,72,30.5001211725175,9.18068193247684,1,I,598,4
129.167462152266,72,30.5103988526389,41.4896011473611,0,C,599,4
85.7917912018615,39.4569542398972,30.5117435613647,8.94521067853253,0,I,600,4
88.0910365715581,72,30.6345872115344,41.3654127884656,0,C,601,4
77.2059590778478,33.0774895397519,30.6612432422116,2.41624629754023,0,I,602,4
175.733021249308,72,30.6695258617401,41.3304741382599,0,C,603,4
30.8542374699674,72,30.7215503510088,0.13268711895866,1,I,604,4
30.8055094785994,72,30.7220834121108,0.0834260664885923,1,C,605,4
50.7102443351446,32.527498835046,30.7643480831757,1.76315075187027,0,I,606,4
46.0958529840666,72,30.8380137663335,15.2578392177332,1,C,607,4
83.4079007632305,72,31.0202983673662,40.9797016326338,0,I,608,4
81.3049967411419,63.1884129129331,31.1031015403569,32.0853113725762,0,C,609,4
51.8639149604901,72,31.1365134548396,20.7274015056505,1,I,610,4
81.6726842654739,72,31.1581852706149,40.8418147293851,0,C,611,4
41.9097302857809,49.6756018054057,31.243041199632,10.6666890861489,1,I,612,4
151.985703869293,72,31.2563552800566,40.7436447199434,0,C,613,4
48.4948287232374,72,31.2687866203487,17.2260421028887,1,I,614,4
38.6255947373202,72,31.3589620124549,7.26663272486536,1,C,615,4
35.3064012148222,72,31.3749399594963,3.93146125532591,1,I,616,4
50.0745715226856,72,31.5061609027907,18.5684106198949,1,C,617,4
121.248569492696,72,31.53890223708,40.46109776292,0,I,618,4
85.7798681115289,39.3875311785175,31.5638118702918,7.82371930822567,0,C,619,4
152.718420101329,72,31.5890973480418,40.4109026519582,0,I,620,4
217.498257591236,72,31.6143988212571,40.3856011787429,0,C,621,4
82.3744460489858,72,31.6330903116614,40.3669096883386,0,I,622,4
71.8519960146188,72,31.6840688791126,40.1679271355062,1,C,623,4
37.6285801110742,72,31.6931395651773,5.9354405458969,1,I,624,4
58.6677463507141,72,31.7454896913841,26.9222566593299,1,C,625,4
57.4924715954831,72,31.911190180108,25.5812814153752,1,I,626,4
41.6061920626825,70.2446867635347,31.9127224199474,9.69346964273507,1,C,627,4
45.956146805821,72,31.949874185957,14.006272619864,1,I,628,4
104.558695215927,72,31.9913906604052,40.0086093395948,0,C,629,4
66.8949033058471,62.5371352244236,32.0220337389037,30.5151014855199,0,I,630,4
70.1199296565695,72,32.1274558268487,37.9924738297208,1,C,631,4
55.7912691467524,63.2258278207893,32.2227910906076,23.5684780561447,1,I,632,4
87.8340858591592,72,32.2250489098951,39.7749510901049,0,C,633,4
51.0027387991347,72,32.2382154129446,18.7645233861902,1,I,634,4
53.619678485185,72,32.2676719632,21.352006521985,1,C,635,4
46.880747077361,36.9212489064385,32.2969496855512,4.6242992208873,0,I,636,4
109.532922091673,72,32.3274083761498,39.6725916238502,0,C,637,4
71.278829146588,38.5965262260891,32.3577030468732,6.23882317921586,0,I,638,4
74.8332911634286,72,32.3652798961848,39.6347201038152,0,C,639,4
87.0719024518862,72,32.4036085931584,39.5963914068416,0,I,640,4
170.30043505739,72,32.4525468796492,39.5474531203508,0,C,641,4
172.233888493679,72,32.5504547310993,39.4495452689007,0,I,642,4
93.8297371465812,72,32.5775822019205,39.4224177980796,0,C,643,4
38.4563003640141,72,32.6018613902852,5.85443897372887,1,I,644,4
34.7588972412846,72,32.6215407857671,2.13735645551749,1,C,645,4
38.1211787521035,72,32.6226163096726,5.49856244243092,1,I,646,4
76.2417366842134,72,32.6238645985723,39.3761354014278,0,C,647,4
60.1111307790031,72,32.644201638177,27.466929140826,1,I,648,4
33.555517024635,72,32.6450060773641,0.910510947270903,1,C,649,4
160.580089259009,72,32.695778911002,39.304221088998,0,I,650,4
42.8042503157181,72,32.7386745158583,10.0655757998598,1,C,651,4
102.045317554067,48.783901646461,32.7681911503896,16.0157104960714,0,I,652,4
37.1824151009515,72,32.9392169695348,4.24319813141676,1,C,653,4
65.7284130361358,72,32.9802992055193,32.7481138306165,1,I,654,4
34.0160386255368,72,32.9918858455494,1.02415277998736,1,C,655,4
66.7921362237656,72,33.0358521267772,33.7562840969884,1,I,656,4
85.1142229007742,72,33.0830038944259,38.9169961055741,0,C,657,4
55.6814559238517,72,33.0881259636953,22.5933299601563,1,I,658,4
38.5272727231946,72,33.0947105772793,5.43256214591528,1,C,659,4
56.1782733104895,72,33.1560565391555,23.0222167713339,1,I,660,4
129.182092257843,72,33.2370476704091,38.7629523295909,0,C,661,4
43.4197639354821,72,33.2425341987982,10.1772297366839,1,I,662,4
60.2873905881431,72,33.4520352305844,26.8353553575586,1,C,663,4
53.9766650410412,72,33.5223571630195,20.4543078780217,1,I,664,4
66.3831579687755,72,33.645682730712,32.7374752380635,1,C,665,4
159.384287514449,55.8405199231494,33.6648636404425,22.1756562827069,0,I,666,4
44.9481087303659,72,33.7091458914802,11.2389628388857,1,C,667,4
69.2900383305107,72,33.7886352511123,35.5014030793985,1,I,668,4
79.5062401637347,72,33.8426031824201,38.1573968175799,0,C,669,4
70.0632426688936,72,33.9018559735268,36.1613866953668,1,I,670,4
72.1242718132657,72,33.9596618385986,38.0403381614015,0,C,671,4
54.4010865814199,72,34.0330687724054,20.3680178090145,1,I,672,4
87.1879611075034,72,34.069959204644,37.930040795356,0,C,673,4
113.504445005609,72,34.1063201799989,37.8936798200011,0,I,674,4
39.4228901950425,72,34.1369072394446,5.2859829555979,1,C,675,4
95.9330153693607,72,34.1800800757483,37.8199199242517,0,I,676,4
88.636814582794,72,34.252144061029,37.747855938971,0,C,677,4
67.8358680040901,72,34.2903156392276,33.5455523648624,1,I,678,4
37.1454511730417,72,34.2927895998582,2.85266157318346,1,C,679,4
45.3672801759153,72,34.347736844793,11.0195433311223,1,I,680,4
38.4503473281027,72,34.3832053709775,4.06714195712514,1,C,681,4
82.2607285478961,72,34.5234979502857,37.4765020497143,0,I,682,4
45.3324059935762,35.7464600644372,34.5611080806702,1.18535198376699,0,C,683,4
67.3910340201324,41.3317863642914,34.6153275668621,6.71645879742926,0,I,684,4
185.650238486373,72,34.7720728442073,37.2279271557927,0,C,685,4
140.413223358164,72,34.787933989428,37.212066010572,0,I,686,4
39.9124425146979,72,34.7910614032298,5.12138111146811,1,C,687,4
41.7636590592264,72,34.8010154999793,6.96264355924717,1,I,688,4
38.1906608259372,72,34.8928966652602,3.29776416067704,1,C,689,4
43.7368766585121,72,34.8991228407249,8.83775381778724,1,I,690,4
65.0620410811586,72,34.9542168807238,30.1078242004348,1,C,691,4
37.4583132835167,72,34.9647600017488,2.49355328176786,1,I,692,4
249.51314756945,72,34.969385638833,37.030614361167,0,C,693,4
184.579680464211,72,34.9697833741084,37.0302166258916,0,I,694,4
50.2340966908429,72,34.9863977869973,15.2476989038456,1,C,695,4
47.0418807794614,72,34.9939594510943,12.0479213283671,1,I,696,4
47.3667154789652,72,35.032059699297,12.3346557796683,1,C,697,4
129.823676003549,72,35.0802346877754,36.9197653122246,0,I,698,4
38.8672767618876,37.7307661679295,35.0942597771063,2.63650639082312,0,C,699,4
92.9336556215197,72,35.1232834160328,36.8767165839672,0,I,700,4
58.9286501933501,49.9787112077845,35.1284943474457,14.8502168603389,0,C,701,4
40.450108796456,72,35.2700840262696,5.18002477018634,1,I,702,4
78.0544231383111,72,35.3450555261225,36.6549444738776,0,C,703,4
202.88424796523,72,35.3615052625537,36.6384947374463,0,I,704,4
68.5581442131492,72,35.3750864462927,33.1830577668565,1,C,705,4
60.6128763322548,72,35.3856114065275,25.2272649257273,1,I,706,4
100.635426869944,72,35.4020816646516,36.5979183353484,0,C,707,4
60.9657390280985,72,35.4509171331301,25.5148218949684,1,I,708,4
55.6125395268713,72,35.5349776614457,20.0775618654255,1,C,709,4
76.1014153028853,72,35.7637543044984,36.2362456955016,0,I,710,4
65.5762129448101,72,36.00475827232,29.5714546724901,1,C,711,4
135.274603143754,72,36.031018984504,35.968981015496,0,I,712,4
55.1061869449676,72,36.0335122374818,19.0726747074858,1,C,713,4
38.7829442020492,72,36.0521278437227,2.7308163583265,1,I,714,4
54.2464259045804,72,36.0965842846781,18.1498416199023,1,C,715,4
84.117921427329,72,36.1081822402775,35.8918177597225,0,I,716,4
57.1859545792277,46.7818583229019,36.120696477592,10.6611618453099,0,C,717,4
44.70764639456,72,36.2625165190548,8.44512987550517,1,I,718,4
62.5158140523132,72,36.280302722007,26.2355113303061,1,C,719,4
129.374666704774,72,36.3450329750776,35.6549670249224,0,I,720,4
46.9312524923358,68.1525568514693,36.4049813104793,10.5262711818564,1,C,721,4
144.400041398904,72,36.4264297205955,35.5735702794045,0,I,722,4
83.2110425093536,53.5685793423924,36.6420052293688,16.9265741130236,0,C,723,4
37.2044608779528,72,36.6476027900353,0.556858087917514,1,I,724,4
80.4251913087063,72,36.8049141392112,35.1950858607888,0,C,725,4
55.0358499557946,45.0445184456906,36.8243751721457,8.22014327354497,0,I,726,4
71.9611599071106,72,36.8370489031076,35.124111004003,1,C,727,4
114.421978170717,72,36.8765102187172,35.1234897812828,0,I,728,4
182.227114561297,72,36.9017486041412,35.0982513958588,0,C,729,4
72.3778164740397,72,36.9406302133575,35.0593697866425,0,I,730,4
91.0725169939415,72,36.9842183450237,35.0157816549763,0,C,731,4
51.994737602671,72,37.017300655134,14.977436947537,1,I,732,4
53.5492303980035,72,37.0645910874009,16.4846393106026,1,C,733,4
41.2612167233955,72,37.2377215605229,4.02349516287253,1,I,734,4
72.2066739410831,72,37.2378143901005,34.7621856098995,0,C,735,4
82.967139853675,72,37.2423248598352,34.7576751401648,0,I,736,4
78.784637401182,72,37.2773580020294,34.7226419979706,0,C,737,4
67.5166894224923,72,37.2798830643296,30.2368063581627,1,I,738,4
45.6485711527973,72,37.3050672607496,8.3435038920477,1,C,739,4
116.993446370165,72,37.4715514294803,34.5284485705197,0,I,740,4
54.7560163075714,72,37.5060399854556,17.2499763221158,1,C,741,4
53.068600660351,72,37.5076335249469,15.5609671354042,1,I,742,4
89.0599805605097,72,37.533154017292,34.466845982708,0,C,743,4
42.161196950881,72,37.5393943162635,4.62180263461751,1,I,744,4
89.0968043280685,72,37.5721670826897,34.4278329173103,0,C,745,4
44.3324654616182,72,37.6143502537161,6.71811520790209,1,I,746,4
43.935049611001,72,37.6926886243746,6.24236098662645,1,C,747,4
54.374141951674,72,37.8036391641945,16.5705027874795,1,I,748,4
89.8064682209881,72,37.907550833188,34.092449166812,0,C,749,4
68.0834262882545,60.6907083871864,37.9098305990919,22.7808777880945,0,I,750,4
53.3610751950795,72,37.9165689647198,15.4445062303597,1,C,751,4
120.483563540983,72,37.9414923582226,34.0585076417774,0,I,752,4
39.0060156189825,45.7439564452576,37.9543214896694,1.05169412931316,1,C,753,4
46.114538828982,72,38.2052365830168,7.90930224596514,1,I,754,4
65.8619185038268,45.3390247167762,38.2185867475346,7.1204379692416,0,C,755,4
140.252162871581,72,38.4575382806361,33.5424617193639,0,I,756,4
97.3784871204453,72,38.4846840240061,33.5153159759939,0,C,757,4
71.5066853881643,72,38.5332299536094,32.9734554345549,1,I,758,4
55.7432116567049,72,38.582916255109,17.1602954015958,1,C,759,4
40.4356949191186,46.7804359333013,38.6229917686433,1.81270315047534,1,I,760,4
60.9697514109035,72,38.6349999485537,22.3347514623497,1,C,761,4
52.4021545275727,72,38.6606489494443,13.7415055781284,1,I,762,4
86.6514952687899,72,38.7984689511359,33.2015310488641,0,C,763,4
43.4678853449528,72,38.8231293484569,4.64475599649589,1,I,764,4
148.154017022698,72,38.8674556324258,33.1325443675742,0,C,765,4
219.578504786126,54.3236054684873,39.0200820704922,15.3035233979951,0,I,766,4
112.788680282049,44.4054709352813,39.0207166783512,5.38475425693014,0,C,767,4
134.337101598715,64.6991893064705,39.0283589344472,25.6708303720234,0,I,768,4
79.8693927816377,72,39.0767358709127,32.9232641290873,0,C,769,4
55.530229846548,45.1392738524701,39.0941748255864,6.04509902688367,0,I,770,4
77.4408159016798,72,39.13142665755,32.86857334245,0,C,771,4
66.6378538727043,61.4860485776457,39.3228057073429,22.1632428703027,0,I,772,4
123.171016918565,72,39.331496078521,32.668503921479,0,C,773,4
57.5811634781792,72,39.3756286706775,18.2055348075016,1,I,774,4
58.5354040149505,72,39.4105096254498,19.1248943895007,1,C,775,4
59.3151836624073,72,39.4279176369309,19.8872660254763,1,I,776,4
71.3772667623435,72,39.4646170875058,31.9126496748377,1,C,777,4
40.0917655088088,72,39.4846586370841,0.607106871724737,1,I,778,4
55.019971523284,72,39.4895665626973,15.5304049605867,1,C,779,4
64.1052897621065,72,39.5609498256817,24.5443399364248,1,I,780,4
59.0243660849628,67.0665866961871,39.5777566311881,19.4466094537747,1,C,781,4
48.239293867877,47.7404170100788,39.5786035666242,8.16181344345456,0,I,782,4
76.3974512809953,72,39.7109867306426,32.2890132693574,0,C,783,4
44.8868685676954,72,39.796500178054,5.0903683896414,1,I,784,4
49.3011956761903,72,39.871142632328,9.43005304386233,1,C,785,4
54.7840511774898,57.0119561303961,39.9368988582864,14.8471523192033,1,I,786,4
40.5751707382651,72,39.9393132235855,0.635857514679645,1,C,787,4
74.9250586830373,72,39.9777192715555,32.0222807284445,0,I,788,4
47.7530585185569,72,40.0247125513852,7.72834596717174,1,C,789,4
118.593720748462,43.4096983769424,40.0399216683581,3.36977670858423,0,I,790,4
79.8951753806074,72,40.1207857578993,31.8792142421007,0,C,791,4
45.3854758738556,72,40.2132858848199,5.17218998903569,1,I,792,4
87.5600894197233,72,40.2519259555265,31.7480740444735,0,C,793,4
43.5411686204502,72,40.2595481229946,3.28162049745556,1,I,794,4
76.3088347453052,72,40.2999171707779,31.7000828292221,0,C,795,4
72.7192650177488,72,40.3526951791719,31.6473048208281,0,I,796,4
82.8987947245544,65.1886857180837,40.3795859729871,24.8090997450966,0,C,797,4
44.2243888353171,72,40.4901066469029,3.73428218841419,1,I,798,4
151.800848405619,72,40.5745052453131,31.425494754687,0,C,799,4
68.381615982777,72,40.577857461758,27.803758521019,1,I,800,4
65.6888773384556,41.0547830262962,40.6108936993405,0.443889326955713,0,C,801,4
92.1254422341459,72,40.8057042304426,31.1942957695574,0,I,802,4
131.680576646886,72,40.8060032408685,31.1939967591316,0,C,803,4
105.060621417102,72,40.8248779177666,31.1751220822334,0,I,804,4
139.035660852423,72,40.8647848991677,31.1352151008323,0,C,805,4
54.0617058494176,72,40.9994165506214,13.0622892987962,1,I,806,4
72.2441694670791,58.6592136632142,41.0212738998234,17.6379397633908,0,C,807,4
53.8433654092527,72,41.0393100650981,12.8040553441546,1,I,808,4
58.5204650563126,72,41.1092804465443,17.4111846097683,1,C,809,4
89.3953799256967,72,41.1768692778423,30.8231307221577,0,I,810,4
64.9869068615753,72,41.231413828209,23.7554930333662,1,C,811,4
48.812585645136,72,41.2452591955662,7.56732644956984,1,I,812,4
60.6579992345403,72,41.3780952896923,19.2799039448481,1,C,813,4
81.1461562238633,72,41.4273500209674,30.5726499790326,0,I,814,4
111.727673413909,72,41.4701021835208,30.5298978164792,0,C,815,4
58.9618925459638,72,41.5048738243058,17.457018721658,1,I,816,4
47.4991593480708,72,41.5111110638827,5.98804828418808,1,C,817,4
65.2555847089786,72,41.5537622664124,23.7018224425662,1,I,818,4
42.2091364925844,72,41.6574676986784,0.551668793906078,1,C,819,4
66.5058342470488,72,41.6800127131864,24.8258215338623,1,I,820,4
153.568465943017,72,41.6868592752144,30.3131407247856,0,C,821,4
65.7477200604894,72,41.7214459693059,24.0262740911834,1,I,822,4
59.4201267754999,72,41.7510045832023,17.6691221922976,1,C,823,4
71.3232316926733,72,41.958768912591,29.3644627800822,1,I,824,4
49.4750499286777,72,42.0263431454077,7.44870678326995,1,C,825,4
103.769250610736,72,42.0623040804639,29.9376959195361,0,I,826,4
61.6472675577467,72,42.064258614555,19.5830089431917,1,C,827,4
54.8866734121252,72,42.2254643496126,12.6612090625126,1,I,828,4
49.8180626972907,51.7676186744486,42.2499559633434,7.5681067339473,1,C,829,4
75.0920631158142,72,42.2695419425145,29.7304580574855,0,I,830,4
51.2574780862784,72,42.3254341632128,8.93204392306559,1,C,831,4
45.4402739219147,72,42.3390229605138,3.10125096140086,1,I,832,4
46.2929898366676,71.0675545269896,42.3444385780022,3.94855125866548,1,C,833,4
74.6101095272414,72,42.4469329509884,29.5530670490116,0,I,834,4
62.7145781780994,72,42.4868535669521,20.2277246111473,1,C,835,4
55.8893112058289,72,42.5071921711788,13.3821190346502,1,I,836,4
103.228620666154,72,42.7074579382315,29.2925420617685,0,C,837,4
73.3090788760742,72,42.7210720349103,29.2789279650897,0,I,838,4
145.545042417587,72,42.7963768551126,29.2036231448874,0,C,839,4
47.566289664712,72,42.8016445599496,4.76464510476237,1,I,840,4
54.6158341924667,72,42.8620598372072,11.7537743552595,1,C,841,4
99.1805128018275,72,42.957199299708,29.042800700292,0,I,842,4
133.802347555202,72,42.9853778611869,29.0146221388131,0,C,843,4
74.2438911584434,72,43.0705440882593,28.9294559117407,0,I,844,4
76.8841542109825,72,43.1605841685087,28.8394158314914,0,C,845,4
92.261502945507,72,43.1692358991131,28.8307641008869,0,I,846,4
83.8520446472252,72,43.4771664720029,28.5228335279971,0,C,847,4
57.6082006903836,72,43.5527110286057,14.0554896617779,1,I,848,4
125.377918103225,58.262793251044,43.614755300805,14.648037950239,0,C,849,4
54.749214350004,72,43.6360691674054,11.1131451825987,1,I,850,4
46.3344703822899,72,43.6723492434248,2.66212113886506,1,C,851,4
72.0377778266608,72,43.7273413874209,28.2726586125791,0,I,852,4
60.6845335976708,72,43.7685771100223,16.9159564876485,1,C,853,4
164.796564461543,72,43.8130390131846,28.1869609868154,0,I,854,4
62.0031687609872,72,43.8615021016449,18.1416666593424,1,C,855,4
52.6909056922138,72,44.0238859690726,8.66701972314123,1,I,856,4
267.672100609276,61.0507704294875,44.0396619541571,17.0111084753304,0,C,857,4
80.503031588653,72,44.0785029390827,27.9214970609173,0,I,858,4
61.3296451980225,72,44.0921850409359,17.2374601570866,1,C,859,4
68.5526909008473,72,44.1823687171564,24.3703221836909,1,I,860,4
86.6320256290273,72,44.2391781695187,27.7608218304813,0,C,861,4
77.2715549309136,48.0517589316478,44.2622029781342,3.78955595351362,0,I,862,4
121.735593653889,72,44.3338903365657,27.6661096634343,0,C,863,4
72.9538272784722,72,44.3848181096837,27.6151818903163,0,I,864,4
99.7454633752816,72,44.4184057088569,27.5815942911431,0,C,865,4
46.271913313885,72,44.4403352960944,1.83157801779054,1,I,866,4
76.7988252589015,72,44.4667783426121,27.5332216573879,0,C,867,4
78.2221252020519,72,44.4685960002244,27.5314039997757,0,I,868,4
78.0719168437458,72,44.5408427808434,27.4591572191566,0,C,869,4
47.5782999180039,72,44.5879100868478,2.99038983115602,1,I,870,4
103.138399660865,67.715264905923,44.7149254661053,23.0003394398177,0,C,871,4
50.2633314910917,72,44.7987146582454,5.46461683284623,1,I,872,4
105.971430339735,72,44.8306088335812,27.1693911664188,0,C,873,4
48.7718331554081,72,44.8615483101457,3.91028484526237,1,I,874,4
59.2127113423043,72,44.8935894062743,14.3191219360301,1,C,875,4
58.9397626949646,72,44.9250161508098,14.0147465441548,1,I,876,4
48.0989113502203,72,44.9455175735056,3.15339377671463,1,C,877,4
84.3213599673629,72,45.0663238344714,26.9336761655286,0,I,878,4
66.7763419654573,72,45.0741450302303,21.702196935227,1,C,879,4
176.235840959178,72,45.1204962283373,26.8795037716627,0,I,880,4
65.3873247420172,72,45.1583744818345,20.2289502601827,1,C,881,4
52.5669443159717,72,45.2217991836369,7.34514513233483,1,I,882,4
61.4606273529532,72,45.2393805189058,16.2212468340474,1,C,883,4
51.4358867693992,72,45.2400057949126,6.19588097448662,1,I,884,4
82.8104244521172,54.8982238142812,45.3614246612415,9.53679915303968,0,C,885,4
110.772315773646,72,45.3935433877632,26.6064566122368,0,I,886,4
68.3671105091304,72,45.4566508485004,22.91045966063,1,C,887,4
131.349924788903,72,45.476194107905,26.523805892095,0,I,888,4
117.298620709651,72,45.5226067313924,26.4773932686076,0,C,889,4
143.942681336995,72,45.5816317023709,26.4183682976291,0,I,890,4
54.9874139787636,72,45.6263376167044,9.36107636205918,1,C,891,4
78.9588517896838,72,45.6548520550132,26.3451479449868,0,I,892,4
194.341941903311,72,45.6707618990913,26.3292381009087,0,C,893,4
77.2760670940182,72,45.6881922762841,26.3118077237159,0,I,894,4
61.6171110598107,56.5633019123721,45.7014936301857,10.8618082821864,0,C,895,4
101.110583726072,72,45.7469022553414,26.2530977446586,0,I,896,4
89.7499582575083,72,45.759095591493,26.2409044085071,0,C,897,4
244.600002443654,72,45.8398317173123,26.1601682826877,0,I,898,4
54.1011751151288,72,45.9010506793857,8.20012443574311,1,C,899,4
103.43081475797,72,45.9162661246955,26.0837338753045,0,I,900,4
68.5491561762654,52.341244181966,45.9200911363587,6.42115304560731,0,C,901,4
47.7640581134575,72,46.0088311554864,1.75522695797107,1,I,902,4
80.8108404570028,72,46.1262272810563,25.8737727189437,0,C,903,4
111.941887598898,54.6051830135599,46.2023058487102,8.40287716484967,0,I,904,4
54.5697488821981,72,46.2607333017513,8.3090155804468,1,C,905,4
46.8338955465651,72,46.2620633421466,0.571832204418549,1,I,906,4
140.902743487236,71.2940792433899,46.3610293110833,24.9330499323066,0,C,907,4
123.706385927635,72,46.5027686627582,25.4972313372418,0,I,908,4
64.7744490434075,52.5435494079339,46.5722423885018,5.97130701943217,0,C,909,4
55.3314034652141,72,46.6820764867589,8.64932697845521,1,I,910,4
70.4780175403681,72,46.7008616309613,23.7771559094068,1,C,911,4
98.4898095853966,72,46.773238372989,25.226761627011,0,I,912,4
102.058920689906,72,46.857535103336,25.142464896664,0,C,913,4
50.8891600290255,72,46.891140290536,3.9980197384895,1,I,914,4
65.9748650340408,72,46.8974788533524,19.0773861806885,1,C,915,4
70.833704157183,72,46.9341198122129,23.8995843449701,1,I,916,4
79.87328686577,72,47.0015155803412,24.9984844196588,0,C,917,4
144.994271921753,72,47.1163570694625,24.8836429305375,0,I,918,4
99.7343473454215,72,47.1258520754054,24.8741479245946,0,C,919,4
93.9077993174233,72,47.23291286733,24.76708713267,0,I,920,4
55.1758202329947,72,47.2871860675514,7.88863416544336,1,C,921,4
83.5598158945589,72,47.2972680302337,24.7027319697663,0,I,922,4
108.176375667411,72,47.3899312550202,24.6100687449798,0,C,923,4
166.663504362509,72,47.391317426227,24.608682573773,0,I,924,4
99.6918625720455,72,47.400075676851,24.599924323149,0,C,925,4
55.2639068675949,66.5695591699021,47.4520180933178,7.8118887742771,1,I,926,4
77.0646458651428,72,47.4934812868014,24.5065187131986,0,C,927,4
69.2023529878499,72,47.5570808770135,21.6452721108364,1,I,928,4
85.1111249707538,72,47.5690699182451,24.4309300817549,0,C,929,4
150.913291747347,72,47.6638899743557,24.3361100256443,0,I,930,4
71.4383602557868,72,47.6842475635931,23.7541126921937,1,C,931,4
57.7098318445794,72,47.8020362276584,9.90779561692099,1,I,932,4
71.3221541157436,72,47.8830228187144,23.4391312970292,1,C,933,4
107.998657583146,72,47.8995545441285,24.1004454558715,0,I,934,4
87.3528354407121,72,47.9768959293142,24.0231040706858,0,C,935,4
107.38904388622,72,48.0731413001195,23.9268586998805,0,I,936,4
61.1774092963699,72,48.200351963751,12.9770573326189,1,C,937,4
66.5344863808583,72,48.2121851714328,18.3223012094255,1,I,938,4
129.471389287757,72,48.2573009328917,23.7426990671083,0,C,939,4
55.8638307159184,72,48.3441920019686,7.5196387139498,1,I,940,4
98.1195675287241,72,48.3509527333081,23.6490472666919,0,C,941,4
58.571062684916,72,48.4526037471369,10.1184589377791,1,I,942,4
54.5812520683878,72,48.4628526773304,6.1183993910574,1,C,943,4
217.30165636173,72,48.4762734454125,23.5237265545875,0,I,944,4
101.172265853683,72,48.4790815366432,23.5209184633568,0,C,945,4
56.7817172333464,57.7852401376184,48.528826595284,8.25289063806234,1,I,946,4
102.887531995838,72,48.5796130774543,23.4203869225457,0,C,947,4
64.6532347333439,72,48.781141131185,15.8720936021589,1,I,948,4
56.0473401688136,72,48.8046284532175,7.2427117155961,1,C,949,4
250.215346284516,72,48.8184667378664,23.1815332621336,0,I,950,4
158.275617321021,62.2984908308207,48.8865924021229,13.4118984286978,0,C,951,4
49.687796080521,72,48.9031852874905,0.784610793030451,1,I,952,4
70.0507492789651,72,48.9957618154585,21.0549874635066,1,C,953,4
66.210126238666,72,49.0186166390777,17.1915095995883,1,I,954,4
106.827871284229,72,49.0339277079329,22.9660722920671,0,C,955,4
50.05904818521,72,49.245366579853,0.813681605357037,1,I,956,4
109.205938211623,72,49.3758960999548,22.6241039000452,0,C,957,4
52.7876764418431,72,49.4833119213581,3.30436452048502,1,I,958,4
56.1447529038532,62.3094874724864,49.506499520503,6.63825338335022,1,C,959,4
56.6424693147088,72,49.534729141742,7.10774017296682,1,I,960,4
137.814086693318,72,49.5702455984429,22.4297544015572,0,C,961,4
66.7752411707216,72,49.5817576115951,17.1934835591265,1,I,962,4
59.9830291088751,72,49.6378198591992,10.3452092496758,1,C,963,4
77.3173925283021,64.3036890049685,49.6603657538071,14.6433232511613,0,I,964,4
65.2819629816664,72,49.6605800790712,15.6213829025952,1,C,965,4
88.9816558166741,72,49.766903417185,22.2330965828151,0,I,966,4
50.3075608372624,72,49.8309393692762,0.476621467986267,1,C,967,4
120.142180194989,72,49.9355498095974,22.0644501904026,0,I,968,4
81.723885885135,72,49.9545192299411,22.0454807700589,0,C,969,4
87.8936369521785,72,49.961442318745,22.038557681255,0,I,970,4
62.2961969658895,72,49.9844463961199,12.3117505697696,1,C,971,4
59.1501128246988,72,50.0464377645403,9.10367506015848,1,I,972,4
57.145649386621,72,50.101120909676,7.04452847694503,1,C,973,4
69.2326845363217,58.8848607025452,50.1737087219954,8.71115198054985,0,I,974,4
69.1927101879793,72,50.3665722487494,18.8261379392298,1,C,975,4
65.7327314006207,72,50.3959796391428,15.3367517614779,1,I,976,4
97.1010373812587,72,50.4463790450245,21.5536209549755,0,C,977,4
59.326866241359,72,50.4636084521189,8.86325778924004,1,I,978,4
58.5161670472104,72,50.5007799016312,8.01538714557923,1,C,979,4
60.1975272298383,72,50.5549167981371,9.64261043170112,1,I,980,4
180.792224324043,72,50.5755258724093,21.4244741275907,0,C,981,4
74.5456662318372,72,50.6885376758874,21.3114623241127,0,I,982,4
149.685093093448,72,50.7181043084711,21.2818956915289,0,C,983,4
101.487573477537,72,50.739140259102,21.260859740898,0,I,984,4
103.150253360413,72,50.7572961458936,21.2427038541064,0,C,985,4
76.2809828176572,72,50.7771292934194,21.2228707065806,0,I,986,4
53.0409956287191,72,50.8869999367744,2.15399569194471,1,C,987,4
190.4590621349,72,50.8883093157783,21.1116906842217,0,I,988,4
104.321937854336,72,50.9438743349165,21.0561256650835,0,C,989,4
113.959036960423,72,50.9766343608499,21.0233656391501,0,I,990,4
59.4668098160287,72,50.9827106120065,8.48409920402217,1,C,991,4
106.56480138137,72,51.0628156643361,20.9371843356639,0,I,992,4
59.1170678857407,57.3126091755985,51.0680816788226,6.24452749677583,0,C,993,4
147.578857689575,72,51.1101310187951,20.8898689812049,0,I,994,4
74.1485691544636,66.0704970427382,51.1157354386523,14.9547616040859,0,C,995,4
166.057841565259,72,51.1244870536029,20.8755129463971,0,I,996,4
73.4684278557502,72,51.1497679632157,20.8502320367843,0,C,997,4
83.4264433979216,72,51.2584488093853,20.7415511906147,0,I,998,4
97.4567339367812,62.0602192405397,51.3646167749539,10.6956024655858,0,C,999,4
60.3122866321886,72,51.3704566005617,8.94183003162684,1,I,1000,4
56.6588827123529,72,51.4593171514571,5.19956556089579,1,C,1001,4
77.0645040675557,58.2658294009832,51.5128013351932,6.75302806578996,0,I,1002,4
54.3923125395597,72,51.5419749543071,2.85033758525264,1,C,1003,4
77.8297250431075,72,51.5618953295052,20.4381046704948,0,I,1004,4
60.4015304763668,72,51.6758672241122,8.7256632522546,1,C,1005,4
77.2188401042794,72,51.8229725584388,20.1770274415612,0,I,1006,4
103.110844551212,72,51.8981362693012,20.1018637306988,0,C,1007,4
81.3505328431451,72,51.9272403605282,20.0727596394718,0,I,1008,4
168.162993125899,72,51.9564744411036,20.0435255588964,0,C,1009,4
70.8341301215104,72,52.009450905025,18.8246792164854,1,I,1010,4
149.382270243299,59.7374344871301,52.0474558090791,7.68997867805103,0,C,1011,4
69.2985299788628,72,52.1018082462251,17.1967217326377,1,I,1012,4
108.603522262246,72,52.2094245906919,19.7905754093081,0,C,1013,4
98.8277090342908,72,52.2187987715006,19.7812012284994,0,I,1014,4
72.9187558154948,72,52.3050196655095,19.6949803344905,0,C,1015,4
67.7163014041987,72,52.3166065569967,15.399694847202,1,I,1016,4
118.13335965217,72,52.3220103839412,19.6779896160588,0,C,1017,4
103.99979950237,72,52.4659223947674,19.5340776052326,0,I,1018,4
87.6035251065534,72,52.4710666621104,19.5289333378896,0,C,1019,4
71.2884190533104,72,52.538048196584,18.7503708567264,1,I,1020,4
131.848830378093,70.834154590033,52.5545807462186,18.2795738438144,0,C,1021,4
55.2439120666903,72,52.5882625859231,2.65564948076719,1,I,1022,4
130.046734207528,72,52.7512938575819,19.2487061424181,0,C,1023,4
53.0031063670863,72,52.7854848280549,0.217621539031368,1,I,1024,4
111.452643846852,72,52.8589298157021,19.1410701842979,0,C,1025,4
59.5647383363322,72,52.9207192920148,6.6440190443174,1,I,1026,4
75.1224183975561,72,53.0331938853487,18.9668061146513,0,C,1027,4
54.8125707020975,72,53.063953416422,1.74861728567547,1,I,1028,4
151.719967864062,72,53.079207376577,18.920792623423,0,C,1029,4
96.4945491623053,72,53.1142782373354,18.8857217626646,0,I,1030,4
153.51903871456,72,53.2136017922312,18.7863982077688,0,C,1031,4
62.6720806923621,72,53.2253633346409,9.44671735772127,1,I,1032,4
130.777403188173,72,53.2528650853783,18.7471349146217,0,C,1033,4
97.7501787642792,72,53.2686809403822,18.7313190596178,0,I,1034,4
109.043576700885,72,53.3163078082725,18.6836921917275,0,C,1035,4
93.6893658517291,72,53.3409209595993,18.6590790404007,0,I,1036,4
96.379096200046,72,53.3689295500517,18.6310704499483,0,C,1037,4
67.9047899561276,72,53.4043967770413,14.5003931790863,1,I,1038,4
73.2581284689876,72,53.4236138686538,18.5763861313462,0,C,1039,4
66.5818998247563,72,53.5562750464305,13.0256247783258,1,I,1040,4
102.493599418104,72,53.6518518067896,18.3481481932104,0,C,1041,4
142.680616148268,64.7927564702475,53.6553652910516,11.1373911791959,0,I,1042,4
111.234800923022,72,53.6965347826481,18.3034652173519,0,C,1043,4
134.042662524064,72,53.7111118063331,18.2888881936669,0,I,1044,4
56.9224088622537,72,53.8376051327214,3.08480372953236,1,C,1045,4
239.987262384509,72,53.857307578437,18.142692421563,0,I,1046,4
77.184298523877,72,53.8932251930237,18.1067748069763,0,C,1047,4
60.6066645896146,70.5569518908393,53.9337613340467,6.67290325556787,1,I,1048,4
202.943408358485,72,53.9538788236678,18.0461211763322,0,C,1049,4
63.7585345241297,72,54.0528163360432,9.70571818808647,1,I,1050,4
61.8581466172642,72,54.0706231165677,7.78752350069648,1,C,1051,4
59.675742922826,72,54.1065677627921,5.56917516003383,1,I,1052,4
59.676394032044,72,54.210894475691,5.46549955635302,1,C,1053,4
160.363634735281,72,54.2460547573865,17.7539452426136,0,I,1054,4
74.9062649343884,72,54.4282911485061,17.5717088514939,0,C,1055,4
76.207728025683,72,54.4416982261464,17.5583017738536,0,I,1056,4
64.5889162887201,72,54.4462007470429,10.1427155416772,1,C,1057,4
76.7062394040515,72,54.448763737455,17.551236262545,0,I,1058,4
63.3643528940825,72,54.45659392979,8.90775896429248,1,C,1059,4
129.791320568167,72,54.5240343734622,17.4759656265378,0,I,1060,4
68.5233232626934,72,54.5434193126857,13.9799039500077,1,C,1061,4
65.9520946359692,72,54.6019448898733,11.3501497460959,1,I,1062,4
61.262987298162,72,54.6514379326254,6.61154936553662,1,C,1063,4
54.9770598586862,72,54.7128249378875,0.264234920798684,1,I,1064,4
123.036209322281,72,54.7159850411117,17.2840149588883,0,C,1065,4
124.373292834285,72,54.7231985908002,17.2768014091998,0,I,1066,4
245.569164868108,72,54.7982000559568,17.2017999440432,0,C,1067,4
61.2163741997973,72,54.872474251315,6.34389994848227,1,I,1068,4
89.9378878718887,72,54.9954699072987,17.0045300927013,0,C,1069,4
61.1338356880261,72,55.1213369518518,6.01249873617429,1,I,1070,4
64.2913138751017,72,55.1483056833968,9.14300819170495,1,C,1071,4
194.670048120794,72,55.22104898002,16.77895101998,0,I,1072,4
135.186568078045,72,55.2977024484426,16.7022975515574,0,C,1073,4
114.977116340606,72,55.4345182143152,16.5654817856848,0,I,1074,4
59.0289201962918,72,55.4689010884613,3.5600191078305,1,C,1075,4
82.4900501840793,72,55.6921989284456,16.3078010715544,0,I,1076,4
167.184031152574,72,55.7542119501159,16.2457880498841,0,C,1077,4
57.4212176672259,72,55.8291212003678,1.59209646685806,1,I,1078,4
67.3982939225758,72,55.844274382107,11.5540195404689,1,C,1079,4
85.903029786064,72,55.8770760521293,16.1229239478707,0,I,1080,4
56.2412893655608,62.4623121097045,56.0045390250161,0.236750340544622,1,C,1081,4
76.4008895580752,72,56.0957859735936,15.9042140264064,0,I,1082,4
58.6185402857481,72,56.1268723709509,2.49166791479721,1,C,1083,4
78.2670723402256,72,56.1993093928322,15.8006906071678,0,I,1084,4
182.317129052114,72,56.2378096673638,15.7621903326362,0,C,1085,4
93.3864216099483,65.322320323032,56.2531013600528,9.06921896297921,0,I,1086,4
168.242771053152,72,56.2592393159866,15.7407606840134,0,C,1087,4
75.7072050047502,72,56.2807040149346,15.7192959850654,0,I,1088,4
90.4392373264385,72,56.3196682417765,15.6803317582235,0,C,1089,4
67.1196787866428,72,56.3440340291709,10.7756447574719,1,I,1090,4
107.110348298418,72,56.4849234977737,15.5150765022263,0,C,1091,4
189.177966490032,72,56.5641590254381,15.4358409745619,0,I,1092,4
72.942600969542,72,56.6135010961443,15.3864989038557,0,C,1093,4
67.3800130982118,72,56.8040212523192,10.5759918458926,1,I,1094,4
124.711144188505,72,56.8255755538121,15.1744244461879,0,C,1095,4
69.4276529362891,72,56.8362883245572,12.5913646117319,1,I,1096,4
78.4537826109641,72,56.8638427555561,15.1361572444439,0,C,1097,4
185.622730674332,72,56.930466061458,15.069533938542,0,I,1098,4
78.3076210894994,72,56.9697575177997,15.0302424822003,0,C,1099,4
106.376723270778,68.6013618955164,57.0148297213018,11.5865321742146,0,I,1100,4
113.072942351613,72,57.0448418660089,14.9551581339911,0,C,1101,4
74.0778534591915,72,57.108176224865,14.891823775135,0,I,1102,4
58.8981456177855,72,57.1463622059673,1.75178341181816,1,C,1103,4
117.720949342741,72,57.1675807563588,14.8324192436412,0,I,1104,4
75.39633233484,72,57.3361954512075,14.6638045487925,0,C,1105,4
214.168734825248,72,57.4072358524427,14.5927641475573,0,I,1106,4
81.5766396580389,72,57.4698968650773,14.5301031349227,0,C,1107,4
175.122839210635,72,57.6008512219414,14.3991487780586,0,I,1108,4
106.094541566165,72,57.7139090979472,14.2860909020528,0,C,1109,4
174.535946798701,72,57.8346160054207,14.1653839945793,0,I,1110,4
139.615924420367,72,57.8470459068194,14.1529540931806,0,C,1111,4
120.140937497308,72,57.9643410164863,14.0356589835137,0,I,1112,4
96.6237030114941,72,58.0825496139005,13.9174503860995,0,C,1113,4
103.634104055006,72,58.097730204463,13.902269795537,0,I,1114,4
124.959384681529,72,58.1036818725988,13.8963181274012,0,C,1115,4
217.80288151178,72,58.1303510349244,13.8696489650756,0,I,1116,4
75.7015195586569,72,58.1651036348194,13.8348963651806,0,C,1117,4
76.6060458722496,72,58.247288055718,13.7527119442821,0,I,1118,4
76.5362511149736,72,58.2788954582065,13.7211045417935,0,C,1119,4
76.1574936399728,72,58.2963699661195,13.7036300338805,0,I,1120,4
92.2739921453105,72,58.307870272547,13.692129727453,0,C,1121,4
198.924017355041,72,58.4823460131884,13.5176539868116,0,I,1122,4
80.6326301747288,72,58.4832729818299,13.5167270181701,0,C,1123,4
216.841325044906,72,58.4911411441863,13.5088588558137,0,I,1124,4
68.0658867688019,72,58.7716729100794,9.2942138587225,1,C,1125,4
106.183576596244,72,58.8159685023129,13.1840314976871,0,I,1126,4
62.9054021934513,72,58.8332393579185,4.07216283553275,1,C,1127,4
70.456787960992,72,58.8383658835664,11.6184220774256,1,I,1128,4
85.3693174152062,72,58.8467505946755,13.1532494053245,0,C,1129,4
90.1246128051673,72,58.8568985229358,13.1431014770642,0,I,1130,4
65.132946321868,72,58.9320309553295,6.20091536653847,1,C,1131,4
58.9717928528594,72,58.940887064673,0.0309057881863833,1,I,1132,4
117.752013628814,72,58.9517041482031,13.0482958517969,0,C,1133,4
80.863015923163,72,58.9633041853085,13.0366958146915,0,I,1134,4
73.027984268869,72,58.9965379284695,13.0034620715305,0,C,1135,4
107.112520637987,72,59.0542806498706,12.9457193501294,0,I,1136,4
60.1071992679107,72,59.1584578854963,0.948741382414325,1,C,1137,4
98.6559584171376,72,59.1726451786235,12.8273548213765,0,I,1138,4
63.2906045992918,72,59.2017430532724,4.08886154601942,1,C,1139,4
70.7388440224741,72,59.2502013081685,11.4886427143056,1,I,1140,4
97.4726651544655,72,59.3386310013011,12.6613689986989,0,C,1141,4
88.9642605475248,72,59.3803096655756,12.6196903344244,0,I,1142,4
71.6216503576056,72,59.3826600629836,12.2389902946219,1,C,1143,4
72.8553816115634,72,59.4371617259458,12.5628382740542,0,I,1144,4
71.2492485537256,72,59.4919972820208,11.7572512717049,1,C,1145,4
205.444370346786,72,59.5464726537466,12.4535273462534,0,I,1146,4
78.0613689619608,72,59.5594141865149,12.4405858134851,0,C,1147,4
87.1291182352429,72,59.589496110566,12.410503889434,0,I,1148,4
181.933881901427,72,59.6224760357291,12.377523964271,0,C,1149,4
62.4364775945269,72,59.6501386770979,2.78633891742901,1,I,1150,4
88.7742553195399,72,59.6533322241157,12.3466677758843,0,C,1151,4
70.4141846082812,72,59.6806277381256,10.7335568701555,1,I,1152,4
67.4756856927983,72,59.8986037541181,7.57708193868019,1,C,1153,4
63.7906393012735,72,59.9115273635835,3.87911193769007,1,I,1154,4
60.5841709762356,72,59.9513379530981,0.632833023137459,1,C,1155,4
136.534042705165,72,59.9989911401644,12.0010088598356,0,I,1156,4
6.82064901296643,72,0.00130510423332453,6.81934390873311,1,C,1,5
5.47340397581883,19.6462426524014,0.134506886824965,5.33889708899386,1,I,2,5
16.6023898314898,72,0.152093935757875,16.4502958957319,1,C,3,5
56.7055064766162,72,0.163528234697878,56.5419782419183,1,I,4,5
31.3481176579569,72,0.167951211333275,31.1801664466236,1,C,5,5
48.1408703103432,72,0.211578933522105,47.9292913768211,1,I,6,5
80.1100209264286,72,0.234901467338204,71.7650985326618,0,C,7,5
85.8838069199571,72,0.250280499458313,71.7497195005417,0,I,8,5
46.200636002196,72,0.279174302704632,45.9214616994914,1,C,9,5
28.2147726124542,72,0.287368381395936,27.9274042310583,1,I,10,5
73.086661442343,72,0.595853431150317,71.4041465688497,0,C,11,5
61.140937296481,72,0.633422238752246,60.5075150577288,1,I,12,5
85.6820832889135,72,0.665255701169372,71.3347442988306,0,C,13,5
8.76060911354869,72,0.672136838547885,8.08847227500081,1,I,14,5
106.577058729438,72,0.717696687206626,71.2823033127934,0,C,15,5
19.767932836541,72,0.789508880116046,18.9784239564249,1,I,16,5
128.032646890442,72,0.814312915317714,71.1856870846823,0,C,17,5
25.1536262455429,4.97734855219534,0.858146329410374,4.11920222278496,0,I,18,5
10.7931015034742,72,0.865875505842269,9.9272259976319,1,C,19,5
8.20585841202892,26.8064884722223,0.949520375579596,7.25633803644932,1,I,20,5
32.5505188682825,72,0.950735611841083,31.5997832564414,1,C,21,5
9.35544516369651,28.7326590179146,0.963820070028305,8.3916250936682,1,I,22,5
30.7749624110221,72,0.978237264789641,29.7967251462325,1,C,23,5
41.5890451766726,36.9670577258531,0.995967923663557,35.9710898021895,0,I,24,5
57.9832077290563,61.4653661223035,1.00712387356907,56.9760838554872,1,C,25,5
274.812589617424,72,1.01424893829972,70.9857510617003,0,I,26,5
60.4687808492286,72,1.03333708830178,59.4354437609268,1,C,27,5
8.54858811320602,65.3151684216362,1.05834411922842,7.4902439939776,1,I,28,5
46.2843384578816,72,1.08635389711708,45.1979845607646,1,C,29,5
2.40309301832679,44.3255887774564,1.10876660328358,1.2943264150432,1,I,30,5
75.1951826313743,72,1.13504931796342,70.8649506820366,0,C,31,5
102.581195517961,72,1.24374873004854,70.7562512699515,0,I,32,5
62.0040161857427,72,1.26208830624819,60.7419278794945,1,C,33,5
25.526852423569,72,1.27485120669007,24.2520012168789,1,I,34,5
140.470579498718,72,1.2811156315729,70.7188843684271,0,C,35,5
15.6808265623396,72,1.34890902321786,14.3319175391218,1,I,36,5
9.6546566004262,72,1.40799159184098,8.24666500858522,1,C,37,5
8.68520783469797,72,1.4176606759429,7.26754715875507,1,I,38,5
10.9676367685956,17.9178217443316,1.46216282621026,9.50547394238535,1,C,39,5
44.1999138542768,72,1.46620546001941,42.7337083942574,1,I,40,5
12.2236847036962,72,1.5195376239717,10.7041470797245,1,C,41,5
16.3997539934277,3.64991849208914,1.52143524494022,2.12848324714892,0,I,42,5
22.3964367502709,72,1.60689117852598,20.7895455717449,1,C,43,5
25.7714739060162,59.6048082784585,1.6171923559159,24.1542815501003,1,I,44,5
8.0978210054206,2.42871419229664,1.62185263819993,0.806861554096717,0,C,45,5
71.6944201673012,72,1.7387093603611,69.9557108069401,1,I,46,5
98.9489425229576,72,1.7926084343344,70.2073915656656,0,C,47,5
19.463120699114,5.88299980710714,1.7938366625458,4.08916314456134,0,I,48,5
31.1576076427578,72,1.87130311969668,29.2863045230611,1,C,49,5
40.1988607985814,72,1.92497247364372,38.2738883249377,1,I,50,5
48.0006205736958,8.81425545031427,1.99058571830392,6.82366973201036,0,C,51,5
40.3492615256294,72,2.00715268962085,38.3421088360085,1,I,52,5
35.7175040463178,72,2.14537355583161,33.5721304904862,1,C,53,5
48.7881250657123,72,2.19644720200449,46.5916778637078,1,I,54,5
18.395307475384,50.0118178067495,2.20368718262762,16.1916202927564,1,C,55,5
43.6925806509936,34.0222310033907,2.21446035895497,31.8077706444358,0,I,56,5
46.5383250206719,37.1195149240902,2.21685613039881,34.9026587936914,0,C,57,5
43.7544393920693,72,2.24513232707977,41.5093070649895,1,I,58,5
8.26280085176712,72,2.32224945444614,5.94055139732098,1,C,59,5
25.7142216282263,72,2.38804623484612,23.3261753933801,1,I,60,5
47.0829965165581,38.5934090435267,2.48285459820181,36.1105544453249,0,C,61,5
30.9130570089896,72,2.69931994378567,28.213737065204,1,I,62,5
19.1527357565957,72,2.82952921930701,16.3232065372887,1,C,63,5
110.198698537909,15.566207652864,2.84693932626396,12.7192683266,0,I,64,5
36.6184498262032,72,2.88018375635147,33.7382660698517,1,C,65,5
5.49850471954122,72,3.04525775369257,2.45324696584866,1,I,66,5
59.476774715585,36.7268305091694,3.05497168097645,33.671858828193,0,C,67,5
24.3003879622101,66.9156790528525,3.07039842009544,21.2299895421146,1,I,68,5
9.45803191568146,68.7459123802387,3.0762166203931,6.38181529528837,1,C,69,5
18.637312901871,72,3.12278078868985,15.5145321131812,1,I,70,5
38.2798536224069,72,3.16752957645804,35.1123240459489,1,C,71,5
23.4707298294962,72,3.19809723179787,20.2726325976983,1,I,72,5
46.7161076707554,72,3.19826936814934,43.517838302606,1,C,73,5
59.7201714792268,72,3.21825069375336,56.5019207854735,1,I,74,5
13.3826399131752,72,3.32602267619222,10.056617236983,1,C,75,5
71.7213740817593,72,3.41353137977421,68.307842701985,1,I,76,5
30.2348557101627,72,3.4366080025211,26.7982477076416,1,C,77,5
41.7947399938172,72,3.44793263822794,38.3468073555893,1,I,78,5
34.4001971361389,72,3.56900216080248,30.8311949753364,1,C,79,5
137.131203438985,72,3.61047045327723,68.3895295467228,0,I,80,5
9.95566672490327,72,3.61363383941352,6.34203288548974,1,C,81,5
9.69687348172448,72,3.65029172971845,6.04658175200603,1,I,82,5
10.5618509807155,64.2516685401454,3.79045841284096,6.77139256787457,1,C,83,5
16.2968903116246,72,3.80083884112537,12.4960514704992,1,I,84,5
14.6364439192287,72,3.83551378268749,10.8009301365412,1,C,85,5
39.8289279667374,72,3.85302878916264,35.9758991775747,1,I,86,5
14.1376814644878,72,3.85910080745816,10.2785806570296,1,C,87,5
12.9080547439296,72,3.90370273031294,9.00435201361667,1,I,88,5
82.4551188381745,72,3.94936306402087,68.0506369359791,0,C,89,5
137.063508623641,72,3.96231021266431,68.0376897873357,0,I,90,5
75.4661482176839,72,3.9952288242057,68.0047711757943,0,C,91,5
60.3017620441298,9.56175929056651,3.99804961401969,5.56370967654682,0,I,92,5
49.3811942397978,34.6099183409059,4.027702328749,30.5822160121569,0,C,93,5
31.7724904841746,72,4.07921807840467,27.6932724057699,1,I,94,5
41.6601952291808,72,4.16723594069481,37.492959288486,1,C,95,5
8.32708508953257,19.4464272094275,4.19094725511968,4.13613783441288,1,I,96,5
66.0281722324822,72,4.20738405548036,61.8207881770018,1,C,97,5
103.482559568994,72,4.2393157677725,67.7606842322275,0,I,98,5
47.8553932902539,72,4.28087644279003,43.5745168474638,1,C,99,5
11.4300597433744,72,4.29993698839098,7.13012275498338,1,I,100,5
26.3405028160701,72,4.30838837753981,22.0321144385302,1,C,101,5
53.5965664852384,72,4.31773513555527,49.2788313496831,1,I,102,5
54.1914287930477,72,4.33981753885746,49.8516112541903,1,C,103,5
71.2365900191032,72,4.38598189037293,66.8506081287303,1,I,104,5
192.406930377093,72,4.42548867780715,67.5745113221929,0,C,105,5
85.6113905629682,72,4.57505414262414,67.4249458573759,0,I,106,5
30.9837114128099,72,4.58181709516794,26.4018943176419,1,C,107,5
68.7613597575896,32.9703782405925,4.79625717736781,28.1741210632247,0,I,108,5
35.9828605333279,25.4081054806355,4.79734315071255,20.6107623299229,0,C,109,5
71.5956344901886,72,4.79788205120713,66.7977524389814,1,I,110,5
14.5385949655399,72,4.85681968275458,9.68177528278535,1,C,111,5
43.3449714712776,72,4.86125095747411,38.4837205138035,1,I,112,5
20.4286098251801,72,4.94461701717228,15.4839928080078,1,C,113,5
22.2847431195293,72,5.03611464053392,17.2486284789954,1,I,114,5
29.0355307472498,72,5.04380073398352,23.9917300132662,1,C,115,5
18.7187629124409,72,5.07237754762173,13.6463853648191,1,I,116,5
41.8138285795586,72,5.0892363069579,36.7245922726007,1,C,117,5
115.768180965298,72,5.18697244115174,66.8130275588483,0,I,118,5
53.676024080653,72,5.19028448034078,48.4857396003122,1,C,119,5
6.11568891752131,72,5.28586131054908,0.829827606972228,1,I,120,5
25.4595346982284,9.7700064803798,5.37190105766058,4.39810542271922,0,C,121,5
18.7315024827587,72,5.44259105343372,13.288911429325,1,I,122,5
13.8290126363779,72,5.5959463538602,8.23306628251767,1,C,123,5
147.481282381193,5.78390978111911,5.75597953051329,0.0279302506058237,0,I,124,5
18.7113864274435,72,5.88666795752943,12.8247184699141,1,C,125,5
94.0170339179707,72,6.08696688897908,65.9130331110209,0,I,126,5
62.5077956535941,72,6.24923423398286,56.2585614196112,1,C,127,5
22.7356789627884,6.83480996104198,6.31564275361598,0.519167207426005,0,I,128,5
108.774092131624,72,6.36542061343789,65.6345793865621,0,C,129,5
9.51749095430817,72,6.3801470445469,3.13734390976127,1,I,130,5
26.7858555916809,10.2494012371121,6.59353150986135,3.65586972725073,0,C,131,5
43.7301900553819,72,6.6623919038102,37.0677981515717,1,I,132,5
85.9919622574187,72,6.66569118853658,65.3343088114634,0,C,133,5
59.9775480379106,72,6.66817519348115,53.3093728444294,1,I,134,5
31.5553495461524,29.6592249055759,6.78523612674326,22.8739887788327,0,C,135,5
67.430208218954,72,6.7929530935362,60.6372551254178,1,I,136,5
20.0976000247842,72,6.8399666575715,13.2576333672127,1,C,137,5
75.4243206906283,72,6.97799901477993,65.0220009852201,0,I,138,5
21.3433745555604,72,7.06162670161575,14.2817478539446,1,C,139,5
14.0319485670935,72,7.16265766415745,6.86929090293609,1,I,140,5
16.8773470946089,72,7.19013872556388,9.687208369045,1,C,141,5
44.9039004465508,72,7.21043578349054,37.6934646630603,1,I,142,5
41.3496718404601,72,7.28492950089276,34.0647423395674,1,C,143,5
83.1334970457904,72,7.33568685594946,64.6643131440505,0,I,144,5
72.8637712863262,72,7.37669939640909,64.6233006035909,0,C,145,5
14.8075045972676,72,7.38308565225452,7.42441894501308,1,I,146,5
9.74635584436563,72,7.46977983042598,2.27657601393966,1,C,147,5
28.6135044273437,49.4552233158916,7.71543868817389,20.8980657391698,1,I,148,5
108.159089176071,72,7.78982253279537,64.2101774672046,0,C,149,5
72.190874879761,72,7.90022085886449,64.0997791411355,0,I,150,5
56.5086743906438,72,7.90597795508802,48.6026964355557,1,C,151,5
11.4440252486604,72,7.95906897168607,3.48495627697437,1,I,152,5
61.6952213193343,72,7.96381149441004,53.7314098249243,1,C,153,5
12.963461756151,72,8.05245037190616,4.91101138424484,1,I,154,5
53.0436532052716,72,8.07928597088903,44.9643672343825,1,C,155,5
77.1204047584296,72,8.1087749870494,63.8912250129506,0,I,156,5
25.0849716600569,36.6595769136585,8.15392455551773,16.9310471045392,1,C,157,5
35.4594272838346,27.0300445302278,8.16236989572644,18.8676746345013,0,I,158,5
27.8953624587954,72,8.23814705014229,19.6572154086531,1,C,159,5
14.6467524706583,72,8.24538323096931,6.40136923968899,1,I,160,5
31.6344811809136,25.7728125463542,8.25709987431765,17.5157126720365,0,C,161,5
69.5879954413309,28.403861523107,8.25732005294412,20.1465414701628,0,I,162,5
54.26335652369,61.6953012102871,8.28715880401433,45.9761977196756,1,C,163,5
49.9191196373239,72,8.36849424988031,41.5506253874436,1,I,164,5
23.5363373037661,23.7631976706175,8.37783325463533,15.1585040491308,1,C,165,5
90.0144224085935,45.9406664733759,8.3971482468769,37.543518226499,0,I,166,5
14.2298462724315,72,8.40163171291351,5.82821455951802,1,C,167,5
147.566635957565,72,8.44689765013754,63.5531023498625,0,I,168,5
48.8676348633025,72,8.54225132614374,40.3253835371587,1,C,169,5
12.9403229013963,72,8.78904591780156,4.15127698359475,1,I,170,5
30.2115842322574,72,8.80601843353361,21.4055657987238,1,C,171,5
24.4064480272378,72,8.83584684692323,15.5706011803145,1,I,172,5
86.7794295376384,72,8.85785279329866,63.1421472067013,0,C,173,5
17.7844450161501,72,8.87887288816273,8.90557212798732,1,I,174,5
11.4521724495103,35.1692973680417,8.88677224516869,2.56540020434161,1,C,175,5
19.5932199894862,72,9.03931898530573,10.5539010041805,1,I,176,5
15.1084762796007,72,9.17891160584986,5.92956467375085,1,C,177,5
54.7679966743652,49.0998869794398,9.2064294219017,39.8934575575381,0,I,178,5
88.0723826219442,72,9.27990230731666,62.7200976926833,0,C,179,5
9.89388715775315,72,9.28524734918028,0.608639808572863,1,I,180,5
16.1690367853131,72,9.32778074406087,6.84125604125222,1,C,181,5
17.0238911483323,72,9.36237878166139,7.66151236667088,1,I,182,5
100.133271863247,46.8994270143059,9.41424773074687,37.485179283559,0,C,183,5
180.306629537191,13.2238690753433,9.51976713258773,3.70410194275553,0,I,184,5
14.7839048567753,72,9.52192614320666,5.26197871356866,1,C,185,5
120.077395522485,72,9.54508926719427,62.4549107328057,0,I,186,5
65.7536788869125,72,9.59959999658167,56.1540788903309,1,C,187,5
76.47026662518,72,9.76785221602768,62.2321477839723,0,I,188,5
21.4698229961468,72,9.78404293768108,11.6857800584658,1,C,189,5
37.7436038121269,51.1175105229982,9.8801760468632,27.8634277652637,1,I,190,5
151.447995875272,72,9.88170955795795,62.1182904420421,0,C,191,5
84.5666329483723,72,9.91459865123034,62.0854013487697,0,I,192,5
26.3850322783345,72,9.96029277797788,16.4247395003566,1,C,193,5
26.8234967759889,72,9.96683725621551,16.8566595197734,1,I,194,5
14.782364886221,47.9940302273893,9.99164873734117,4.79071614887987,1,C,195,5
17.667057405385,72,10.0116165122017,7.65544089318327,1,I,196,5
27.4978975616698,72,10.1420594751835,17.3558380864863,1,C,197,5
12.593808637534,72,10.2862464543432,2.30756218319077,1,I,198,5
25.2344711466532,72,10.2905420819297,14.9439290647234,1,C,199,5
44.6244598639674,72,10.3023485234007,34.3221113405667,1,I,200,5
82.1046546417884,71.4159734526881,10.3106243675575,61.1053490851307,0,C,201,5
58.1949677880696,19.9002539916208,10.3461683448404,9.55408564678043,0,I,202,5
31.145825338171,47.1146772619988,10.3491540066898,20.7966713314812,1,C,203,5
35.3544706145983,10.7478101570335,10.3529070038348,0.394903153198687,0,I,204,5
19.9079512027393,72,10.3843197366223,9.52363146611699,1,C,205,5
19.5117632402165,72,10.4114624485374,9.10030079167916,1,I,206,5
42.8508426734085,72,10.4460057802498,32.4048368931587,1,C,207,5
61.1929145571243,72,10.5824600206688,50.6104545364555,1,I,208,5
22.1554571537618,72,10.6573439436033,11.4981132101584,1,C,209,5
46.1782414951881,72,10.6576357455924,35.5206057495957,1,I,210,5
22.3690190924473,72,10.691645485349,11.6773736070983,1,C,211,5
79.2962417427376,72,10.7528993999586,61.2471006000415,0,I,212,5
58.4574667890562,72,10.7543032709509,47.7031635181053,1,C,213,5
102.113216871085,72,10.7585584837943,61.2414415162057,0,I,214,5
15.2494025498993,72,10.8860379550606,4.36336459483873,1,C,215,5
23.0719786564543,72,10.9457911737263,12.126187482728,1,I,216,5
155.491278017652,23.9597644350498,10.9895311715081,12.9702332635417,0,C,217,5
27.5608180306123,27.6647491083498,11.0045584850013,16.556259545611,1,I,218,5
27.9665739225876,72,11.0443913983181,16.9221825242694,1,C,219,5
162.511837781487,72,11.0527616087347,60.9472383912653,0,I,220,5
33.5851455194856,72,11.0806208336726,22.504524685813,1,C,221,5
32.5760893139557,72,11.1263309977949,21.4497583161608,1,I,222,5
112.796901764883,72,11.1807790584862,60.8192209415138,0,C,223,5
31.2758005232255,19.4185401873771,11.1834490159526,8.23509117142443,0,I,224,5
218.647388600069,72,11.2006370862946,60.7993629137054,0,C,225,5
45.3452883590509,72,11.2025467213243,34.1427416377265,1,I,226,5
114.810354558719,72,11.2125490838662,60.7874509161338,0,C,227,5
136.291379106619,72,11.2669945880771,60.7330054119229,0,I,228,5
108.013483305315,27.9506555384469,11.3317692372948,16.6188863011521,0,C,229,5
77.2630161058651,45.2298859146964,11.3599279616028,33.8699579530936,0,I,230,5
112.205490420539,72,11.3698957487941,60.6301042512059,0,C,231,5
34.9131476249739,48.4644072369188,11.4167204685509,23.496427156423,1,I,232,5
36.3859858017906,72,11.5094382734969,24.8765475282937,1,C,233,5
26.0090107797232,26.4814131512282,11.5181880444288,14.4908227352944,1,I,234,5
66.0772409098041,72,11.7123316414654,54.3649092683387,1,C,235,5
53.2417040450264,72,11.7531224805862,41.4885815644403,1,I,236,5
89.8802119302827,72,11.7638418870047,60.2361581129953,0,C,237,5
41.434290042215,72,11.8073595967144,29.6269304455006,1,I,238,5
14.2611979374977,72,11.8352458393201,2.42595209817759,1,C,239,5
84.9366142464403,72,11.8633191660047,60.1366808339953,0,I,240,5
41.9986626098214,72,11.8698851438239,30.1287774659975,1,C,241,5
33.3518207957677,72,11.9567677471787,21.395053048589,1,I,242,5
34.7173173627207,72,11.9719137623906,22.7454036003301,1,C,243,5
41.1669524193406,72,12.0669925957918,29.0999598235488,1,I,244,5
94.7020990795125,72,12.191261742264,59.808738257736,0,C,245,5
47.1532300251816,72,12.238291609101,34.9149384160806,1,I,246,5
77.6643466548162,72,12.3232119251043,59.6767880748957,0,C,247,5
14.1975805718603,72,12.3910081526265,1.80657241923381,1,I,248,5
70.4554582719964,34.0923781884793,12.5303892139345,21.5619889745448,0,C,249,5
32.7081268071687,72,12.5451025972143,20.1630242099545,1,I,250,5
35.3453613003045,55.5882706160432,12.6083277119324,22.7370335883722,1,C,251,5
65.4547384357925,58.5126387407118,12.6285158051178,45.884122935594,0,I,252,5
57.325506448741,42.2947522971675,12.6329293102026,29.6618229869649,0,C,253,5
99.1881803247645,72,12.6583303604275,59.3416696395725,0,I,254,5
64.7424479276779,72,12.6688749343157,52.0735729933622,1,C,255,5
34.9529238786404,72,12.7695683715865,22.1833555070539,1,I,256,5
29.3796362870865,42.8967259512702,12.8077687975019,16.5718674895845,1,C,257,5
34.3789419784918,72,12.8089961316437,21.5699458468482,1,I,258,5
168.197554689153,64.7604252107672,12.8633603453636,51.8970648654036,0,C,259,5
34.1618042897858,72,12.8755029849708,21.286301304815,1,I,260,5
53.2260787454599,72,12.9110069666058,40.3150717788541,1,C,261,5
73.5245122568356,72,12.9290412319824,59.0709587680176,0,I,262,5
30.5411542636696,53.7461270001693,12.9343899898231,17.6067642738465,1,C,263,5
111.968361923366,64.6070228677069,12.9369307262823,51.6700921414246,0,I,264,5
77.1440691275166,72,12.9920496884733,59.0079503115267,0,C,265,5
62.6905253119597,72,13.0318206036463,49.6587047083134,1,I,266,5
52.4152507050217,72,13.0410017631948,39.3742489418269,1,C,267,5
41.423548291501,72,13.0550847854465,28.3684635060545,1,I,268,5
137.819261154792,52.7953991895262,13.0554502643645,39.7399489251617,0,C,269,5
270.493267400087,72,13.1158536672592,58.8841463327408,0,I,270,5
49.8857278343733,72,13.1938836118206,36.6918442225526,1,C,271,5
24.4298839324127,72,13.2464820798486,11.1834018525641,1,I,272,5
21.4926315776087,72,13.2596591161564,8.23297246145234,1,C,273,5
14.4571450431184,53.3109051630484,13.3306829072535,1.12646213586492,1,I,274,5
82.1397303434033,20.2964931142049,13.3382633607835,6.95822975342145,0,C,275,5
43.8080100807013,72,13.5417699208483,30.2662401598529,1,I,276,5
16.4676866147416,72,13.6697792401537,2.79790737458785,1,C,277,5
20.4106608352033,72,13.7321047810838,6.67855605411954,1,I,278,5
39.6176066418158,72,13.7363834353164,25.8812232064994,1,C,279,5
116.107117986406,67.6047022206784,13.7697057891637,53.8349964315147,0,I,280,5
35.0869373453798,71.5447520584382,13.8016283232719,21.2853090221079,1,C,281,5
28.0139893973008,72,13.8068282045424,14.2071611927584,1,I,282,5
14.278609458306,72,13.8872761605307,0.391333297775216,1,C,283,5
84.0471956225926,72,13.9916982036084,58.0083017963916,0,I,284,5
30.1600586736379,72,14.0090681053698,16.1509905682681,1,C,285,5
86.1575449828573,72,14.1114471154287,57.8885528845713,0,I,286,5
25.9100406737914,26.5531363066072,14.1471831779927,11.7628574957987,1,C,287,5
54.0287534614554,72,14.1611150605604,39.8676384008949,1,I,288,5
33.7371397072231,72,14.266620632261,19.4705190749621,1,C,289,5
55.1937973472392,72,14.3439320102334,40.8498653370058,1,I,290,5
21.3611865276484,72,14.4351541204378,6.92603240721063,1,C,291,5
17.7720631796832,72,14.4650491140783,3.3070140656049,1,I,292,5
23.0559699670185,72,14.4656111067161,8.59035886030242,1,C,293,5
39.5024315512081,72,14.5386323751882,24.9637991760199,1,I,294,5
103.632063053726,72,14.5906254043803,57.4093745956197,0,C,295,5
19.5296201808853,72,14.7022288804874,4.82739130039787,1,I,296,5
58.5375339048108,72,14.7181933186948,43.819340586116,1,C,297,5
68.3366037685462,72,14.7328103939071,53.6037933746391,1,I,298,5
91.8145367777946,72,14.794780081138,57.205219918862,0,C,299,5
140.827741437473,72,14.8244646191597,57.1755353808403,0,I,300,5
51.0677783169184,20.0038466654483,14.8506165063009,5.15323015914747,0,C,301,5
55.4298437668095,24.4351007783678,14.9094283115119,9.52567246685593,0,I,302,5
149.634220509679,59.1062321278202,14.9574277130887,44.1488044147315,0,C,303,5
33.3992304656397,72,15.0047144992277,18.394515966412,1,I,304,5
39.4205768792511,72,15.0108985276893,24.4096783515618,1,C,305,5
263.143215725887,72,15.0394253432751,56.9605746567249,0,I,306,5
48.0919706880111,72,15.1097919233143,32.9821787646968,1,C,307,5
19.1186206703947,72,15.1919213449582,3.92669932543644,1,I,308,5
20.4387876729595,35.4344422280898,15.1968946214765,5.24189305148296,1,C,309,5
52.330864083133,72,15.2801148919389,37.0507491911942,1,I,310,5
23.4752567540886,59.5392461960967,15.2881719684228,8.18708478566572,1,C,311,5
33.8391277281399,72,15.2904029097408,18.5487248183991,1,I,312,5
48.3501581189774,60.5372787629751,15.3097827779129,33.0403753410645,1,C,313,5
113.382659331223,72,15.3268135897815,56.6731864102185,0,I,314,5
17.1834083829967,72,15.358898146078,1.82451023691871,1,C,315,5
142.388622146563,72,15.3703467920423,56.6296532079578,0,I,316,5
18.3834482445901,72,15.4081664420664,2.97528180252365,1,C,317,5
27.5508071025872,72,15.4208495188504,12.1299575837368,1,I,318,5
39.3788554181617,72,15.4687365051359,23.9101189130258,1,C,319,5
99.86364300871,72,15.4803746379912,56.5196253620088,0,I,320,5
86.0341235821874,69.839744199049,15.5326284980401,54.3071157010089,0,C,321,5
56.0078595996785,72,15.6738304998726,40.3340290998059,1,I,322,5
96.9076833637649,72,15.7488825917244,56.2511174082756,0,C,323,5
103.940501355802,72,15.7575100148097,56.2424899851903,0,I,324,5
17.6794960468838,72,15.9415779495612,1.73791809732266,1,C,325,5
122.380159727697,72,15.965941445902,56.034058554098,0,I,326,5
95.0184482548294,72,15.9863199479878,56.0136800520122,0,C,327,5
33.1266478199536,72,16.0998470708728,17.0268007490808,1,I,328,5
41.7691706890725,72,16.2199036823586,25.5492670067139,1,C,329,5
49.8112978962691,72,16.2970327399671,33.514265156302,1,I,330,5
39.1737858761892,72,16.3069455837831,22.8668402924062,1,C,331,5
49.4608459744389,72,16.3507110765204,33.1101348979185,1,I,332,5
93.8894225822453,72,16.4812499005348,55.5187500994653,0,C,333,5
21.0429122918964,72,16.4939965121448,4.54891577975164,1,I,334,5
29.7742337803429,18.7999973208139,16.5007119113579,2.29928540945597,0,C,335,5
41.8232291528904,72,16.5101967891678,25.3130323637226,1,I,336,5
57.392036163073,72,16.5723942127079,40.8196419503651,1,C,337,5
61.9026004629867,38.2373289218869,16.5841480158269,21.6531809060599,0,I,338,5
58.1297763061784,72,16.5854349313304,41.5443413748481,1,C,339,5
64.0275437745672,39.3114493613345,16.6522758733481,22.6591734879864,0,I,340,5
33.5023066371522,72,16.7418346647173,16.7604719724349,1,C,341,5
18.7248870670319,17.6406708947495,16.8697338737547,0.770937020994772,0,I,342,5
25.6076587505102,72,16.8747650692239,8.73289368128624,1,C,343,5
40.4682021453059,72,16.9076961977407,23.5605059475652,1,I,344,5
28.9491873888102,72,16.9641345832497,11.9850528055605,1,C,345,5
28.2105733823664,72,16.9652589876205,11.245314394746,1,I,346,5
24.3486163667886,72,16.9775868952274,7.37102947156116,1,C,347,5
23.4916290679312,72,17.1735688531771,6.31806021475407,1,I,348,5
47.3295738653299,72,17.178743686527,30.1508301788029,1,C,349,5
44.4377309394544,53.1711170138434,17.290499964729,27.1472309747254,1,I,350,5
43.0655014894397,72,17.3244010191411,25.7411004702986,1,C,351,5
22.7326797196155,72,17.401348692365,5.33133102725052,1,I,352,5
49.3887677816244,72,17.419106354937,31.9696614266874,1,C,353,5
19.4340275366944,72,17.4234530422837,2.0105744944107,1,I,354,5
84.0523977260494,72,17.4904825212434,54.5095174787566,0,C,355,5
92.6752925836336,72,17.4985426152125,54.5014573847875,0,I,356,5
40.6332226595733,59.0005473812552,17.5047393143177,23.1284833452556,1,C,357,5
24.8093123764522,72,17.5106289004907,7.29868347596145,1,I,358,5
25.0386557120156,72,17.5278437230736,7.51081198894195,1,C,359,5
18.0536868522744,72,17.6126998895779,0.440986962696441,1,I,360,5
60.7682156162856,72,17.6614662073553,43.1067494089303,1,C,361,5
59.4909713540404,72,17.6625217404217,41.8284496136188,1,I,362,5
51.6445276899763,72,17.697609490715,33.9469181992613,1,C,363,5
22.9802262200954,72,17.7580111753196,5.22221504477581,1,I,364,5
30.6419304352918,72,17.7745955949649,12.8673348403268,1,C,365,5
43.1420688782418,72,17.8375325119123,25.3045363663296,1,I,366,5
19.0368801674745,72,17.9816553555429,1.05522481193164,1,C,367,5
86.3609646278838,72,18.0276354867965,53.9723645132035,0,I,368,5
55.6329840315754,72,18.0440339678898,37.5889500636855,1,C,369,5
23.8115384073496,72,18.1992626236752,5.61227578367447,1,I,370,5
53.1904696767065,72,18.2065939670429,34.9838757096637,1,C,371,5
36.7207937914263,26.8000211356321,18.3215244021267,8.47849673350544,0,I,372,5
78.7313428056494,72,18.3272941689938,53.6727058310062,0,C,373,5
39.8173890341327,72,18.3412086591125,21.4761803750202,1,I,374,5
41.3620971349263,72,18.3711685007438,22.9909286341825,1,C,375,5
64.4495434944592,72,18.3938895072788,46.0556539871804,1,I,376,5
22.8080653421644,56.3731497351459,18.4199923742563,4.38807296790811,1,C,377,5
23.4725076697484,72,18.4947446733713,4.97776299637704,1,I,378,5
188.634986767798,72,18.5176762193441,53.4823237806559,0,C,379,5
46.1842161529315,72,18.5452051274478,27.6390110254837,1,I,380,5
107.08982067452,72,18.5905728628859,53.4094271371141,0,C,381,5
19.8927376004868,72,18.6436745664105,1.24906303407636,1,I,382,5
45.7229207268546,72,18.7181480973959,27.0047726294587,1,C,383,5
66.2316145240044,72,18.8011504942551,47.4304640297492,1,I,384,5
26.1507232418485,35.4821309059274,18.8911932427436,7.25952999910493,1,C,385,5
155.460360744925,72,18.9059913111851,53.0940086888149,0,I,386,5
41.7280029365451,72,18.9844760997221,22.743526836823,1,C,387,5
20.1885348625498,72,18.9871584065259,1.20137645602391,1,I,388,5
47.2109525280675,72,19.0027820784599,28.2081704496076,1,C,389,5
38.3056272534252,72,19.0635442826897,19.2420829707355,1,I,390,5
354.353304441462,72,19.1364959394559,52.8635040605441,0,C,391,5
25.7659116969745,72,19.1479494050145,6.61796229196001,1,I,392,5
40.8789195273015,72,19.2332328530028,21.6456866742986,1,C,393,5
23.3149363278035,72,19.302545520477,4.01239080732654,1,I,394,5
23.945142455122,72,19.3221329385415,4.62300951658055,1,C,395,5
49.607967606813,72,19.3297930061817,30.2781746006312,1,I,396,5
40.5758405375695,72,19.3782212398946,21.1976192976749,1,C,397,5
52.7515041542051,72,19.4263082183898,33.3251959358154,1,I,398,5
48.8791640275472,35.1482052866379,19.6628759242594,15.4853293623785,0,C,399,5
96.5022726473739,72,19.6760749770328,52.3239250229672,0,I,400,5
25.5143664227447,72,19.7337542613968,5.78061216134792,1,C,401,5
53.1676776711158,33.6006805410719,19.7392220143229,13.8614585267491,0,I,402,5
19.8886094867912,72,19.7697846684605,0.118824818330756,1,C,403,5
86.0239435591497,72,19.7712875716388,52.2287124283612,0,I,404,5
24.3215953060626,72,19.8223955137655,4.49919979229706,1,C,405,5
34.50290083077,72,19.8311430495232,14.6717577812468,1,I,406,5
24.7369392819177,72,19.8940792959183,4.84285998599934,1,C,407,5
44.8857537407491,72,19.9168583052233,24.9688954355258,1,I,408,5
31.3550983597928,72,19.9979243986309,11.3571739611619,1,C,409,5
55.1318015437666,72,20.0019403640181,35.1298611797485,1,I,410,5
96.0866486705342,72,20.1047425204888,51.8952574795112,0,C,411,5
78.5686231925951,72,20.125204436481,51.874795563519,0,I,412,5
35.9983739439031,72,20.1905357837677,15.8078381601354,1,C,413,5
41.7085771853985,72,20.3068222571164,21.4017549282821,1,I,414,5
24.2573739233187,72,20.3152767335996,3.94209718971906,1,C,415,5
25.3935394558485,72,20.4425184801221,4.95102097572639,1,I,416,5
28.3818308155515,72,20.5207743728533,7.86105644269819,1,C,417,5
56.8666349161243,72,20.5399412009865,36.3266937151378,1,I,418,5
29.778261108899,72,20.6329718744382,9.14528923446079,1,C,419,5
27.0807264735388,72,20.6635914836079,6.41713498993087,1,I,420,5
34.5967208965461,72,20.758868381381,13.8378525151651,1,C,421,5
23.2941438237716,72,20.8639042591676,2.43023956460396,1,I,422,5
26.7189315576427,72,21.0245982790366,5.69433327860607,1,C,423,5
51.9655593455173,72,21.0306041361764,30.9349552093409,1,I,424,5
50.2206311477173,72,21.112043405883,29.1085877418343,1,C,425,5
46.5176868309324,72,21.1514802742749,25.3662065566575,1,I,426,5
43.4106527245675,72,21.2121229246259,22.1985297999416,1,C,427,5
205.494516522915,72,21.2418757332489,50.7581242667511,0,I,428,5
87.9361053497712,72,21.310235853307,50.6897641466931,0,C,429,5
42.3772122267234,29.0328504444521,21.4655910898,7.56725935465206,0,I,430,5
27.8113246620671,72,21.5012193052098,6.3101053568573,1,C,431,5
70.9089485756767,72,21.5791384968907,49.3298100787861,1,I,432,5
44.9141322757217,49.2600449564202,21.614671270363,23.2994610053587,1,C,433,5
135.718703342689,72,21.8586101615801,50.1413898384199,0,I,434,5
37.699406708379,72,21.9386407686397,15.7607659397393,1,C,435,5
33.5067204642254,72,21.9431286631152,11.5635918011102,1,I,436,5
52.0864185171017,72,21.9669500878081,30.1194684292937,1,C,437,5
24.5677465863934,72,22.0073636854067,2.56038290098666,1,I,438,5
48.623783727773,72,22.1165788639337,26.5072048638393,1,C,439,5
90.7453182989143,72,22.1383336465806,49.8616663534194,0,I,440,5
173.99655601225,72,22.1523459535092,49.8476540464908,0,C,441,5
59.4769144187878,72,22.1536107547581,37.3233036640297,1,I,442,5
189.886771658217,72,22.2134458087385,49.7865541912615,0,C,443,5
71.3023041436384,72,22.2197467507795,49.082557392859,1,I,444,5
40.2330345955691,72,22.2215161984786,18.0115183970905,1,C,445,5
111.901437669614,72,22.2949636727571,49.7050363272429,0,I,446,5
24.41748898332,72,22.351410468109,2.06607851521103,1,C,447,5
115.964616622712,72,22.3672849405557,49.6327150594443,0,I,448,5
42.4515399769866,59.6713595579465,22.3761976975948,20.0753422793918,1,C,449,5
112.987106635967,68.6724239987935,22.4299297621474,46.2424942366461,0,I,450,5
131.6029618289,72,22.4768341518939,49.5231658481062,0,C,451,5
35.5946485750983,72,22.5174058740959,13.0772427010024,1,I,452,5
91.6924151783294,72,22.5322773540393,49.4677226459608,0,C,453,5
35.7293411060013,72,22.5802637357265,13.1490773702749,1,I,454,5
114.354301444613,72,22.5870186556131,49.4129813443869,0,C,455,5
51.2209428352334,72,22.6005404954776,28.6204023397558,1,I,456,5
103.117864103883,72,22.686277711764,49.313722288236,0,C,457,5
50.9138801431961,72,22.7483349759132,28.165545167283,1,I,458,5
57.4182462827381,48.2132037478719,22.7836395520717,25.4295641958002,0,C,459,5
60.3401888057713,72,22.7899264823645,37.5502623234067,1,I,460,5
33.1975094129638,72,22.854220722802,10.3432886901618,1,C,461,5
78.3760029697514,72,22.9272818053141,49.0727181946859,0,I,462,5
25.5980048015341,55.3033927892126,23.1248926883563,2.47311211317775,1,C,463,5
42.3141474269557,72,23.2061492046341,19.1079982223215,1,I,464,5
62.1621934432209,72,23.2449606573209,38.9172327859,1,C,465,5
25.2059070066258,72,23.3586772391573,1.84722976746849,1,I,466,5
29.1100261499659,38.8084955185684,23.4301491826773,5.67987696728859,1,C,467,5
32.5281197895061,72,23.491724752821,9.03639503668503,1,I,468,5
94.0118630484444,57.3738454084501,23.4937481023371,33.8800973061129,0,C,469,5
79.7083852737534,72,23.5262871533632,48.4737128466368,0,I,470,5
63.1298406412755,72,23.5271166684106,39.6027239728649,1,C,471,5
42.757232472764,72,23.571291519329,19.1859409534351,1,I,472,5
26.0270516156564,72,23.6383971758187,2.3886544398377,1,C,473,5
143.434069869363,72,23.6970902094618,48.3029097905383,0,I,474,5
60.2728435263738,72,23.7192518077791,36.5535917185947,1,C,475,5
95.7907741671497,72,23.7616685405374,48.2383314594626,0,I,476,5
31.6927702345296,72,23.773434497416,7.91933573711355,1,C,477,5
49.0741806241528,72,23.8188506383449,25.2553299858079,1,I,478,5
62.2637447319482,32.390467861203,23.8902742601931,8.50019360100991,0,C,479,5
49.413516860982,72,23.9267538534477,25.4867630075343,1,I,480,5
28.7752637535453,48.5278796659615,23.9489395078272,4.82632424571815,1,C,481,5
52.0267078977313,55.8440031474968,23.999969442375,28.0267384553563,1,I,482,5
71.5567421623586,72,24.0343095827848,47.5224325795738,1,C,483,5
69.2926322772491,72,24.0680348547176,45.2245974225316,1,I,484,5
38.1219250412871,72,24.0781386662275,14.0437863750597,1,C,485,5
46.4815425970764,72,24.1063180798665,22.3752245172099,1,I,486,5
25.6643125833687,72,24.1877574613318,1.47655512203687,1,C,487,5
42.3601371542162,72,24.2163853207603,18.1437518334559,1,I,488,5
25.8474293398715,72,24.2207070440054,1.6267222958661,1,C,489,5
62.7858549831224,72,24.2236938513815,38.5621611317409,1,I,490,5
81.0748756755119,72,24.2876237723976,47.7123762276024,0,C,491,5
42.1232294336527,72,24.3405652418733,17.7826641917794,1,I,492,5
32.3545422569715,72,24.3520953319967,8.00244692497477,1,C,493,5
28.3483244629433,72,24.3743185931817,3.9740058697616,1,I,494,5
91.6899829254036,72,24.3854575837031,47.6145424162969,0,C,495,5
202.766987832574,72,24.4507896853611,47.5492103146389,0,I,496,5
45.5230024770256,72,24.4829279277474,21.0400745492782,1,C,497,5
55.4329765261577,57.4858324679679,24.5077945198864,30.9251820062713,1,I,498,5
39.1151170926863,72,24.5393587835133,14.575758309173,1,C,499,5
81.3046379642855,72,24.5529570803046,47.4470429196954,0,I,500,5
29.0088785324655,72,24.5846549794078,4.42422355305771,1,C,501,5
25.6165263963579,72,24.5860478980467,1.03047849831119,1,I,502,5
54.5202168537862,72,24.6324898581952,29.887726995591,1,C,503,5
45.152173375021,72,24.6586452936754,20.4935280813457,1,I,504,5
30.1650561976898,72,24.6662567881867,5.49879940950302,1,C,505,5
41.5419439827732,72,24.693151479587,16.8487925031863,1,I,506,5
95.7932443425968,59.1503142643064,24.7486735973507,34.4016406669557,0,C,507,5
52.1827033935817,72,24.8859998211265,27.2967035724553,1,I,508,5
79.8693219718963,72,24.9212014954537,47.0787985045463,0,C,509,5
35.0445401615115,72,25.0137738604099,10.0307663011016,1,I,510,5
182.153965132042,72,25.0743357092142,46.9256642907858,0,C,511,5
26.0589260366211,72,25.0972503516823,0.961675684938754,1,I,512,5
61.9878943349642,72,25.1455982448533,36.8422960901108,1,C,513,5
119.044758326356,72,25.2450424293056,46.7549575706944,0,I,514,5
51.9157390326969,72,25.2884277747944,26.6273112579025,1,C,515,5
38.0790074477248,72,25.3252557339147,12.7537517138101,1,I,516,5
30.8935372262443,61.0248890453643,25.327403540723,5.56613368552124,1,C,517,5
48.7736098226431,45.9978657843745,25.4228527704254,20.5750130139491,0,I,518,5
49.5932794997522,72,25.4722670931369,24.1210124066153,1,C,519,5
117.449099501123,72,25.488405986689,46.511594013311,0,I,520,5
86.623458895517,72,25.5228468636051,46.4771531363949,0,C,521,5
37.899929242063,31.7691946474436,25.5251673096791,6.24402733776455,0,I,522,5
33.0166740037242,58.6170998927369,25.5691220238805,7.44755197984373,1,C,523,5
134.079947206598,72,25.684072393924,46.315927606076,0,I,524,5
62.9310390338222,72,25.7254651235417,37.2055739102805,1,C,525,5
65.0456388076904,72,25.7756672194228,39.2699715882676,1,I,526,5
28.3972719686768,72,25.7873169193044,2.60995504937233,1,C,527,5
95.6330271939991,72,25.8908067829907,46.1091932170093,0,I,528,5
136.049194045625,72,25.9016667539254,46.0983332460746,0,C,529,5
83.7689776367079,72,25.9149968717247,46.0850031282753,0,I,530,5
53.7771867415161,72,25.9489417774603,27.8282449640558,1,C,531,5
71.67315736492,72,25.9633199544624,45.7098374104577,1,I,532,5
45.9957308972923,72,25.9658610541374,20.029869843155,1,C,533,5
52.8680987830975,72,25.9729022718966,26.8951965112009,1,I,534,5
95.7081451625926,30.0177503356891,26.0030187992379,4.01473153645123,0,C,535,5
36.1853158344783,72,26.0038646310568,10.1814512034215,1,I,536,5
36.823736180075,72,26.1777793848887,10.6459567951863,1,C,537,5
62.4931872928417,72,26.2045340007171,36.2886532921246,1,I,538,5
62.0414957568023,72,26.2574918987229,35.7840038580793,1,C,539,5
65.3045904378015,38.9897898964332,26.2751268222928,12.7146630741404,0,I,540,5
46.687757254713,72,26.3061303226277,20.3816269320853,1,C,541,5
50.487126363335,72,26.3777235941961,24.1094027691389,1,I,542,5
56.9490643592277,53.7527313951596,26.4462727820501,27.3064586131095,0,C,543,5
141.859407786516,72,26.6337810410187,45.3662189589813,0,I,544,5
57.1171449296018,72,26.7396060889587,30.3775388406431,1,C,545,5
87.7053594579081,72,26.7753406288102,45.2246593711898,0,I,546,5
52.8055518000705,72,26.9280076632276,25.8775441368428,1,C,547,5
89.254192439549,39.2689917105989,26.935252812691,12.3337388979078,0,I,548,5
62.5202045558982,72,26.9721319992095,35.5480725566887,1,C,549,5
65.911071254604,72,26.9869376113638,38.9241336432402,1,I,550,5
34.687626482244,35.8157149292542,27.0312814833596,7.65634499888439,1,C,551,5
100.142795818056,72,27.0433415332809,44.9566584667191,0,I,552,5
29.9807915783018,72,27.1166924620047,2.86409911629703,1,C,553,5
42.1259072637547,72,27.1375007601455,14.9884065036092,1,I,554,5
59.957710606008,62.8942537537178,27.1661857422441,32.7915248637639,1,C,555,5
62.1141702939553,72,27.2201708005741,34.8939994933812,1,I,556,5
38.2629173442582,72,27.2327324794605,11.0301848647977,1,C,557,5
30.610640070476,72,27.251094407402,3.35954566307398,1,I,558,5
47.3096677483811,72,27.3453929275274,19.9642748208537,1,C,559,5
36.1849833308773,72,27.4316344549879,8.75334887588937,1,I,560,5
34.4150867052637,65.4240880733093,27.4863450229168,6.92874168234694,1,C,561,5
43.047480948314,72,27.5238080509007,15.5236728974133,1,I,562,5
40.2465920126119,60.1316860546065,27.5239642197266,12.7226277928852,1,C,563,5
28.2626819602195,72,27.7763363951817,0.486345565037789,1,I,564,5
66.8739625955807,72,27.7824383648112,39.0915242307694,1,C,565,5
78.3212511180895,72,27.7937283553183,44.2062716446817,0,I,566,5
58.8579963884526,72,27.8274729195982,31.0305234688544,1,C,567,5
62.9832394286242,60.832846460169,27.8557436401024,32.9771028200666,0,I,568,5
66.2545165458516,44.9386788118535,27.8688402101398,17.0698386017138,0,C,569,5
43.5985664887264,72,27.9098949674517,15.6886715212747,1,I,570,5
96.6147122913901,72,27.9530577734113,44.0469422265887,0,C,571,5
46.6701354309816,72,27.9674518061802,18.7026836248014,1,I,572,5
95.6206689400032,72,27.9758324800059,44.0241675199941,0,C,573,5
98.0482767193425,72,28.0734982341528,43.9265017658472,0,I,574,5
56.8296667219699,72,28.1127413688228,28.7169253531471,1,C,575,5
95.6904716319596,72,28.205369473435,43.794630526565,0,I,576,5
30.1449282941469,72,28.2245668536052,1.92036144054171,1,C,577,5
77.2731118807614,72,28.2492852397263,43.7507147602737,0,I,578,5
49.4495129706351,72,28.2787050073966,21.1708079632385,1,C,579,5
104.525832645587,72,28.3676390536129,43.6323609463871,0,I,580,5
218.20818386719,41.6818560803552,28.3678859844804,13.3139700958748,0,C,581,5
54.9852327360383,29.6890287794209,28.3751813136041,1.31384746581679,0,I,582,5
49.797359605893,72,28.4222324565053,21.3751271493877,1,C,583,5
43.0590920357579,72,28.5455852374434,14.5135067983145,1,I,584,5
128.217708387803,29.4187724124357,28.5648472141475,0.853925198288263,0,C,585,5
94.2074201851018,72,28.5868227202445,43.4131772797555,0,I,586,5
38.2171929322588,72,28.6660863971338,9.55110653512501,1,C,587,5
120.818143665886,72,28.6999155348167,43.3000844651833,0,I,588,5
29.6261983158286,72,28.7174102151766,0.908788100651963,1,C,589,5
115.682579912089,72,28.7316112965345,43.2683887034655,0,I,590,5
122.844280917559,72,28.7892537703738,43.2107462296262,0,C,591,5
87.3408140617116,72,28.9505585096777,43.0494414903224,0,I,592,5
87.7602872538011,72,28.9873740915209,43.0126259084791,0,C,593,5
71.4880570298561,72,29.0102567849681,42.477800244888,1,I,594,5
122.440196326533,72,29.0193685982376,42.9806314017624,0,C,595,5
186.384285680168,72,29.0374695975333,42.9625304024667,0,I,596,5
88.6110293187533,72,29.0873406780884,42.9126593219116,0,C,597,5
50.4585005955744,72,29.0928873885423,21.3656132070321,1,I,598,5
36.3754815762663,72,29.2036115331575,7.17187004310876,1,C,599,5
162.3291203943,72,29.2328227031976,42.7671772968024,0,I,600,5
139.340070186525,43.4927920468566,29.2859061202034,14.2068859266532,0,C,601,5
43.0361202592421,72,29.2875128751621,13.74860738408,1,I,602,5
104.190395706677,72,29.3235460482538,42.6764539517462,0,C,603,5
62.6223749801066,72,29.3570946995169,33.2652802805897,1,I,604,5
53.2699964936008,72,29.3819435918704,23.8880529017304,1,C,605,5
73.8104170606874,72,29.4453294295818,42.5546705704182,0,I,606,5
182.148010669134,72,29.4457278912887,42.5542721087113,0,C,607,5
116.938472276224,72,29.4871762907133,42.5128237092868,0,I,608,5
93.1838287780775,72,29.5428209658712,42.4571790341288,0,C,609,5
100.195575881002,72,29.5616386039183,42.4383613960817,0,I,610,5
68.6847663731443,72,29.7822957392782,38.9024706338661,1,C,611,5
131.037622231893,72,29.8334491252899,42.1665508747101,0,I,612,5
83.7323512945608,72,29.8565351217985,42.1434648782015,0,C,613,5
49.7051426374708,72,29.8637532396242,19.8413893978466,1,I,614,5
68.7041055597561,72,29.9205290386453,38.7835765211107,1,C,615,5
102.003364363476,72,29.9637376936153,42.0362623063847,0,I,616,5
58.5221264967912,72,29.9670407921076,28.5550857046836,1,C,617,5
38.6715176483287,72,30.1055004168302,8.56601723149852,1,I,618,5
87.1996920372893,45.5899223465942,30.1094468962401,15.4804754503541,0,C,619,5
79.5985777834139,72,30.1834033057094,41.8165966942906,0,I,620,5
131.596352104341,72,30.1974610704929,41.8025389295071,0,C,621,5
68.404018923832,30.7057542858225,30.2121631382033,0.493591147619213,0,I,622,5
40.9148833423664,72,30.3107319306582,10.6041514117081,1,C,623,5
33.0625281260821,72,30.3136812290177,2.74884689706445,1,I,624,5
92.0653502433123,72,30.3589549474418,41.6410450525582,0,C,625,5
48.4832746013974,72,30.3745258972049,18.1087487041926,1,I,626,5
32.4969687063618,72,30.3837006306276,2.11326807573417,1,C,627,5
48.8470447568036,72,30.401715086773,18.4453296700306,1,I,628,5
77.8236167552239,72,30.4707477847114,41.5292522152886,0,C,629,5
42.9294018855384,49.312398619327,30.5458578653634,12.383544020175,1,I,630,5
47.157299519445,72,30.5481010861695,16.6091984332755,1,C,631,5
51.7226562366032,72,30.5613337503746,21.1613224862286,1,I,632,5
89.1474771788088,72,30.5851133633405,41.4148866366595,0,C,633,5
61.1749208935671,72,30.7112168334425,30.4637040601246,1,I,634,5
73.6684560152617,72,30.7262078672648,41.2737921327353,0,C,635,5
139.136734227805,72,30.8098729373887,41.1901270626113,0,I,636,5
82.2726917531576,72,30.890678409487,41.109321590513,0,C,637,5
62.1440072592257,72,30.9262084309012,31.2177988283246,1,I,638,5
156.141308578242,72,30.9602565038949,41.0397434961051,0,C,639,5
85.6753695158974,72,30.9814970148727,41.0185029851273,0,I,640,5
78.9707259952991,63.3411171838992,31.0045405570418,32.3365766268574,0,C,641,5
55.0867022407573,72,31.0209979489446,24.0657042918128,1,I,642,5
130.741496786822,72,31.0597285162658,40.9402714837343,0,C,643,5
38.4065825779012,72,31.1814840976149,7.22509848028634,1,I,644,5
36.4356280485795,72,31.2516098236665,5.18401822491298,1,C,645,5
64.1734914975853,72,31.3453710777685,32.8281204198168,1,I,646,5
127.637649698661,72,31.3632543152198,40.6367456847802,0,C,647,5
32.2128845376066,72,31.3840113440529,0.828873193553699,1,I,648,5
35.3007662027239,72,31.4773698756471,3.82339632707678,1,C,649,5
34.0763965923801,72,31.4775132900104,2.59888330236975,1,I,650,5
54.0648354059819,72,31.5916797704995,22.4731556354825,1,C,651,5
104.813621257483,72,31.5975316381082,40.4024683618918,0,I,652,5
73.4274630384445,72,31.658423691988,40.341576308012,0,C,653,5
65.4108983939057,72,31.6703129047528,33.7405854891529,1,I,654,5
65.1195413561925,72,31.6874390188605,33.432102337332,1,C,655,5
104.806872556647,72,31.6908419877291,40.3091580122709,0,I,656,5
54.1984251606066,38.1807787403976,31.7139514954761,6.46682724492155,0,C,657,5
53.5973724256357,33.5782478312444,31.7364463303238,1.84180150092058,0,I,658,5
57.6124699604537,34.4080532508821,31.7981998901814,2.60985336070068,0,C,659,5
98.0855114073623,72,31.8004189850763,40.1995810149238,0,I,660,5
38.593888164722,72,31.8535184813663,6.7403696833557,1,C,661,5
42.0976485624372,72,31.8953840062022,10.2022645562349,1,I,662,5
60.3294401553374,72,31.9222561782226,28.4071839771148,1,C,663,5
89.4921264743005,72,31.9255756912753,40.0744243087247,0,I,664,5
73.4772319605348,72,32.1290037687868,39.8709962312132,0,C,665,5
53.8602222401038,72,32.2946248808876,21.5655973592162,1,I,666,5
130.522862578376,72,32.3605658579618,39.6394341420382,0,C,667,5
46.8858993327492,72,32.3727527400479,14.5131465927013,1,I,668,5
76.8664951027942,72,32.4933292390779,39.5066707609221,0,C,669,5
91.3819718119015,72,32.5008675595745,39.4991324404255,0,I,670,5
109.38184289428,45.3174356466305,32.505715652369,12.8117199942615,0,C,671,5
111.118261008377,72,32.5198759976774,39.4801240023226,0,I,672,5
34.1084738512495,72,32.5613128161058,1.54716103514372,1,C,673,5
87.5847841241216,72,32.571349083446,39.428650916554,0,I,674,5
91.571957754967,72,32.5779766961932,39.4220233038068,0,C,675,5
44.403409130683,37.7935096334327,32.5922441203147,5.20126551311802,0,I,676,5
58.3291855735711,40.9756050530251,32.6429479429498,8.33265711007526,0,C,677,5
70.6656047422727,72,32.7090283250436,37.956576417229,1,I,678,5
141.066363848175,72,32.7874311385676,39.2125688614324,0,C,679,5
94.7721061260118,72,32.7936187712476,39.2063812287524,0,I,680,5
42.7012615142553,72,32.847435073927,9.85382644032821,1,C,681,5
71.1134700343094,72,32.8688500961289,38.2446199381805,1,I,682,5
76.6910241153948,72,32.9245888162404,39.0754111837596,0,C,683,5
34.8234765911052,38.5852666107826,32.9306507343426,1.89282585676253,1,I,684,5
47.5086139188716,72,32.9968737624586,14.5117401564131,1,C,685,5
76.4601959219646,72,33.0078864237294,38.9921135762706,0,I,686,5
44.1105368392146,72,33.0490820109844,11.0614548282302,1,C,687,5
134.528965214557,72,33.1038480391726,38.8961519608274,0,I,688,5
139.380004746816,72,33.1162781640887,38.8837218359113,0,C,689,5
40.2692161703687,72,33.1177612580359,7.15145491233279,1,I,690,5
41.5745482455517,72,33.2021358283237,8.37241241722798,1,C,691,5
51.6253310194376,72,33.2751472201198,18.3501837993177,1,I,692,5
103.756575393903,72,33.3549621608108,38.6450378391892,0,C,693,5
110.569676484911,56.5315849915171,33.5029658256099,23.0286191659072,0,I,694,5
50.8648158435463,72,33.5545875225216,17.3102283210247,1,C,695,5
57.0362481704842,72,33.7435626424849,23.2926855279993,1,I,696,5
97.8008732835795,72,33.7605270277709,38.2394729722291,0,C,697,5
68.7201900413438,64.2882620019629,33.7893027020618,30.498959299901,0,I,698,5
71.7969877953968,72,33.8138516200706,37.9831361753262,1,C,699,5
40.0002872424977,72,33.8895441312343,6.11074311126342,1,I,700,5
80.9674828025337,72,33.9462200598791,38.0537799401209,0,C,701,5
40.2095485142879,72,33.9580053370446,6.25154317724332,1,I,702,5
47.0500195731006,72,34.0230313735083,13.0269881995923,1,C,703,5
64.8893099464607,72,34.0347368409857,30.854573105475,1,I,704,5
39.1279944756897,72,34.0405557397753,5.08743873591443,1,C,705,5
110.145954971309,72,34.0510050952435,37.9489949047566,0,I,706,5
116.819552943511,72,34.0746627515182,37.9253372484818,0,C,707,5
129.937321210793,72,34.1168705513701,37.8831294486299,0,I,708,5
142.695289863944,72,34.1187680186704,37.8812319813296,0,C,709,5
36.8325289010809,72,34.1242880607024,2.70824084037853,1,I,710,5
108.447540857314,34.3486787772012,34.131841189228,0.216837587973231,0,C,711,5
107.307017327568,58.1555177806243,34.1326979314908,24.0228198491334,0,I,712,5
37.8686385567948,72,34.1390994004905,3.72953915630427,1,C,713,5
38.3315292156166,43.2372678174368,34.1622911766171,4.16923803899949,1,I,714,5
64.098103583885,63.2070741994858,34.1943880403414,29.0126861591443,0,C,715,5
88.4027170932778,72,34.2910152627155,37.7089847372845,0,I,716,5
215.96339672019,72,34.2932820785791,37.7067179214209,0,C,717,5
69.6824528675002,72,34.3965716846287,35.2858811828715,1,I,718,5
178.403078211665,72,34.5306533295661,37.4693466704339,0,C,719,5
45.122263149307,72,34.5526345912367,10.5696285580703,1,I,720,5
63.0497861870883,72,34.5820148661733,28.4677713209151,1,C,721,5
66.3931799935443,72,34.6277923788875,31.7653876146567,1,I,722,5
44.837021849265,72,34.7171168401837,10.1199050090812,1,C,723,5
156.606840369633,72,34.7505353624001,37.2494646375999,0,I,724,5
38.858757606753,72,34.7823336906731,4.0764239160799,1,C,725,5
83.1215222004751,72,34.8600210808218,37.1399789191783,0,I,726,5
123.807318418786,72,34.9151945114136,37.0848054885864,0,C,727,5
54.6767088533276,72,34.9356073793024,19.7411014740252,1,I,728,5
45.9579658085318,72,34.974886989221,10.9830788193109,1,C,729,5
60.8023841238872,68.4280218020186,34.988828455098,25.8135556687892,1,I,730,5
78.9146378321135,72,35.0047378940508,36.9952621059492,0,C,731,5
93.5788837459314,72,35.0607634149492,36.9392365850508,0,I,732,5
90.4726852047163,72,35.0878441007808,36.9121558992192,0,C,733,5
102.106687517276,72,35.1115746237338,36.8884253762662,0,I,734,5
59.145659712513,72,35.1202872628346,24.0253724496784,1,C,735,5
57.3023167909472,72,35.1818407187238,22.1204760722233,1,I,736,5
77.1540110302722,59.1406705331149,35.1860687462613,23.9546017868536,0,C,737,5
94.8079048024658,72,35.1865817466751,36.8134182533249,0,I,738,5
38.4828385976731,72,35.2346661128104,3.24817248486269,1,C,739,5
83.2343981433605,72,35.2697106543928,36.7302893456072,0,I,740,5
43.8949702789493,72,35.2861740114167,8.6087962675326,1,C,741,5
44.3559925183413,72,35.3323409613222,9.02365155701911,1,I,742,5
36.1784603483504,72,35.3434893395752,0.834971008775243,1,C,743,5
36.499802003765,41.7489392358615,35.3893107734621,1.11049123030295,1,I,744,5
62.718116185497,72,35.4763000644743,27.2418161210226,1,C,745,5
78.594618336361,72,35.4788904776797,36.5211095223203,0,I,746,5
62.2262980993015,72,35.5292450543493,26.6970530449522,1,C,747,5
53.7844530692906,72,35.5567084439099,18.2277446253807,1,I,748,5
61.8619542875226,72,35.5982095655054,26.2637447220172,1,C,749,5
82.7205596889657,72,35.6577919609845,36.3422080390155,0,I,750,5
46.7911652103683,72,35.8056019200012,10.9855632903671,1,C,751,5
72.5699037127911,72,35.8501349296421,36.1498650703579,0,I,752,5
36.7934615638584,72,35.857714349404,0.935747214454397,1,C,753,5
106.287014407799,72,36.2958157528192,35.7041842471808,0,I,754,5
165.837364617303,72,36.4003702718765,35.5996297281235,0,C,755,5
126.578453041726,72,36.4593079173937,35.5406920826063,0,I,756,5
71.7873714232627,72,36.5120929386467,35.275278484616,1,C,757,5
56.7268982235358,72,36.5399119025096,20.1869863210262,1,I,758,5
40.7975881119081,72,36.5434387978166,4.2541493140915,1,C,759,5
55.4444592684124,72,36.573077053763,18.8713822146494,1,I,760,5
226.242823265823,72,36.5966984024271,35.4033015975729,0,C,761,5
91.433600278314,72,36.6719757998362,35.3280242001638,0,I,762,5
82.9476370138342,72,36.7382709123194,35.2617290876806,0,C,763,5
110.128535161458,72,36.7879382707179,35.2120617292821,0,I,764,5
92.5110395713052,72,36.8238096311688,35.1761903688312,0,C,765,5
64.3476900329652,72,36.9098512642086,27.4378387687567,1,I,766,5
45.1750003466614,72,36.9259297521785,8.24907059448286,1,C,767,5
57.0079587709665,72,36.9358495809138,20.0721091900527,1,I,768,5
96.7490292168953,72,36.9644629117101,35.0355370882899,0,C,769,5
82.2959167429457,72,36.9682775018737,35.0317224981263,0,I,770,5
82.4221273383887,72,36.989670926705,35.010329073295,0,C,771,5
89.3873538860647,72,37.0029162615538,34.9970837384462,0,I,772,5
76.4581539916084,72,37.0189318573102,34.9810681426898,0,C,773,5
54.1108871618249,42.0150335017664,37.0996272889897,4.91540621277672,0,I,774,5
90.4959370523552,72,37.1015483792871,34.8984516207129,0,C,775,5
121.013842100855,72,37.163259582594,34.836740417406,0,I,776,5
68.8798635960671,72,37.1677519474179,31.7121116486492,1,C,777,5
43.47269470397,72,37.1876887511462,6.28500595282385,1,I,778,5
110.677420169307,72,37.2290438739583,34.7709561260417,0,C,779,5
87.5845362081423,72,37.2864258941263,34.7135741058737,0,I,780,5
111.964604775934,72,37.3157525807619,34.6842474192381,0,C,781,5
46.3436861951077,72,37.3934612888843,8.95022490622339,1,I,782,5
120.081796864593,72,37.4047769838944,34.5952230161056,0,C,783,5
45.1551196730959,72,37.4550515832379,7.70006808985792,1,I,784,5
41.886973187661,72,37.480215257965,4.406757929696,1,C,785,5
91.4920025553232,58.9790819075059,37.525300369598,21.4537815379079,0,I,786,5
89.0304666836281,72,37.6056116586551,34.3943883413449,0,C,787,5
57.9811591267668,72,37.6285742036998,20.3525849230669,1,I,788,5
93.1633663271666,72,37.6663529220969,34.3336470779032,0,C,789,5
38.6533195716008,72,37.7598079992458,0.893511572355019,1,I,790,5
56.083516794525,72,37.7805898524821,18.3029269420429,1,C,791,5
92.7637991736618,72,37.8465548017994,34.1534451982006,0,I,792,5
45.5446661013283,72,37.8806660603732,7.66400004095511,1,C,793,5
102.170283801049,72,37.9660206008703,34.0339793991298,0,I,794,5
124.39638579566,72,38.1160605791956,33.8839394208044,0,C,795,5
43.34746361306,72,38.2122859312221,5.13517768183786,1,I,796,5
68.5257104462653,72,38.2495505036786,30.2761599425867,1,C,797,5
44.8933332034575,72,38.2521834690124,6.6411497344451,1,I,798,5
50.4143340341609,49.8847305194711,38.2549876905978,11.6297428288733,0,C,799,5
67.0606543060946,72,38.2828272879124,28.7778270181822,1,I,800,5
283.761840973351,72,38.3219319954515,33.6780680045486,0,C,801,5
48.2157691363782,72,38.3651239983737,9.8506451380045,1,I,802,5
70.5183184925267,72,38.437360455282,32.0809580372447,1,C,803,5
54.5911173213012,72,38.5816667648032,16.009450556498,1,I,804,5
41.2334314363859,45.7525199603918,38.6028501810506,2.6305812553353,1,C,805,5
62.399254752806,64.2250781100023,38.6468463717029,23.7524083811032,1,I,806,5
87.3961253048317,72,38.776363581419,33.223636418581,0,C,807,5
80.1435841340996,72,38.7797468528152,33.2202531471849,0,I,808,5
53.73915488202,72,38.8044001813978,14.9347547006222,1,C,809,5
46.0993030912375,72,38.8162487978116,7.28305429342592,1,I,810,5
49.8217277729271,72,38.8224740093574,10.9992537635697,1,C,811,5
140.536589838353,72,39.0058759879321,32.9941240120679,0,I,812,5
162.917833699324,72,39.0482249390334,32.9517750609666,0,C,813,5
141.467904868297,52.3699909717296,39.1721080429852,13.1978829287444,0,I,814,5
67.0641621265989,72,39.184880470857,27.8792816557418,1,C,815,5
42.2830273161758,72,39.1876142006367,3.09541311553906,1,I,816,5
98.3298078865094,72,39.2455807607621,32.7544192392379,0,C,817,5
41.9639166341089,72,39.2488125432283,2.7151040908806,1,I,818,5
83.0836774529593,72,39.2972691357136,32.7027308642864,0,C,819,5
62.4657434092332,72,39.2986985854805,23.1670448237528,1,I,820,5
41.358002514148,72,39.3045170372352,2.05348547691281,1,C,821,5
58.0314533273357,72,39.3320488510653,18.6994044762704,1,I,822,5
46.7541930263468,72,39.4189054425806,7.33528758376622,1,C,823,5
42.9704464662266,72,39.4196787010878,3.55076776513878,1,I,824,5
98.5387256763234,57.2417511433005,39.4905912084505,17.75115993485,0,C,825,5
101.799182376321,72,39.5052377320826,32.4947622679174,0,I,826,5
68.8537124834934,72,39.531865445897,29.3218470375964,1,C,827,5
55.9908670474682,72,39.5439745299518,16.4468925175164,1,I,828,5
48.3465679355845,54.7228726460671,39.6466966392472,8.69987129633729,1,C,829,5
40.4562289000963,72,39.6767370169982,0.779491883098067,1,I,830,5
74.8505454415449,72,39.7363401576877,32.2636598423123,0,C,831,5
50.909981932591,72,39.8170949751511,11.0928869574399,1,I,832,5
59.4283094804343,72,39.8284303955734,19.5998790848609,1,C,833,5
245.902947489194,41.2760226588155,39.8984908126295,1.37753184618604,0,I,834,5
172.856977424636,72,39.9232860468328,32.0767139531672,0,C,835,5
120.863154458315,72,39.9463419802487,32.0536580197513,0,I,836,5
62.6887232090215,72,39.9499041773379,22.7388190316836,1,C,837,5
58.7119676840588,72,39.9786001397297,18.7333675443291,1,I,838,5
49.5456012807041,72,40.0691148452461,9.47648643545799,1,C,839,5
74.8640007633345,72,40.13340159785,31.86659840215,0,I,840,5
65.5977839541764,72,40.2824647771195,25.3153191770569,1,C,841,5
63.7244171770312,72,40.2957236766815,23.4286935003497,1,I,842,5
51.2690194610091,72,40.3022805880755,10.9667388729336,1,C,843,5
95.7446900153289,72,40.3307060385123,31.6692939614877,0,I,844,5
110.924047334901,72,40.3444821992889,31.6555178007111,0,C,845,5
81.3635425386959,72,40.3703091759235,31.6296908240765,0,I,846,5
58.5313079682254,72,40.3764478582889,18.1548601099365,1,C,847,5
72.8279329106219,72,40.3868517139927,31.6131482860073,0,I,848,5
61.7723780088759,72,40.4610766097903,21.3113013990856,1,C,849,5
92.9365887563652,72,40.6187386298552,31.3812613701448,0,I,850,5
83.8856856767382,72,40.6513346778229,31.3486653221771,0,C,851,5
65.2901553872245,72,40.6983439950272,24.5918113921972,1,I,852,5
107.979605214592,60.2067154117551,40.7849514763802,19.4217639353749,0,C,853,5
64.8480641676637,72,40.7979021174833,24.0501620501804,1,I,854,5
83.6725825120774,72,40.8606309397146,31.1393690602854,0,C,855,5
53.9098480993067,72,41.0170508455485,12.8927972537581,1,I,856,5
204.460958915822,72,41.146086207591,30.853913792409,0,C,857,5
95.292834579914,72,41.1522919591516,30.8477080408484,0,I,858,5
131.100638778949,72,41.1559909768403,30.8440090231597,0,C,859,5
60.4627389557727,72,41.1952776834369,19.2674612723358,1,I,860,5
66.065437119465,64.9520353768045,41.2112379865721,23.7407973902324,0,C,861,5
109.051838494526,72,41.2462710030377,30.7537289969623,0,I,862,5
102.062220105395,72,41.410660254769,30.589339745231,0,C,863,5
162.84665030055,72,41.4659474976361,30.5340525023639,0,I,864,5
103.769888623402,72,41.5624952176586,30.4375047823414,0,C,865,5
46.5895396478199,72,41.5853185113519,5.00422113646799,1,I,866,5
63.0120549715152,66.316141937956,41.6269632568583,21.3850917146569,1,C,867,5
111.007792448476,72,41.6655814368278,30.3344185631722,0,I,868,5
41.9861829992298,72,41.7127566458657,0.273426353364046,1,C,869,5
57.2040522897666,72,41.7601376026869,15.4439146870797,1,I,870,5
42.693310991676,72,41.8232423113659,0.870068680310055,1,C,871,5
94.2298828934362,72,41.8409898877144,30.1590101122856,0,I,872,5
91.1106684476,72,41.8985558627173,30.1014441372827,0,C,873,5
46.6568045036549,72,41.9034112337977,4.75339326985721,1,I,874,5
58.486684742577,72,41.9729583431035,16.5137263994735,1,C,875,5
133.027543487547,72,41.9754785858095,30.0245214141905,0,I,876,5
78.3566403540491,72,42.0758293010294,29.9241706989706,0,C,877,5
54.4347885971303,72,42.1745392167941,12.2602493803362,1,I,878,5
143.99175727716,72,42.2859200136736,29.7140799863264,0,C,879,5
184.750916579873,60.0922480439913,42.4652212159708,17.6270268280205,0,I,880,5
100.484340714717,72,42.4970560055226,29.5029439944774,0,C,881,5
189.110627387682,72,42.5601883186027,29.4398116813973,0,I,882,5
56.7701923035643,72,42.6293965475634,14.1407957560009,1,C,883,5
74.5131225736818,56.2986836606465,42.6363410521299,13.6623426085166,0,I,884,5
58.0297321057979,72,42.6431344728917,15.3865976329062,1,C,885,5
47.8230109582542,52.2241280582616,42.6512257475406,5.17178521071355,1,I,886,5
165.787383929664,72,42.7012554975227,29.2987445024774,0,C,887,5
67.6761488643984,72,42.7304212236777,24.9457276407207,1,I,888,5
50.3801798969883,68.7303623783988,42.8444228321314,7.53575706485693,1,C,889,5
46.5348518452822,72,42.9502751491964,3.58457669608578,1,I,890,5
144.171666152269,72,43.0052002100274,28.9947997899726,0,C,891,5
65.291799160253,72,43.0101480474696,22.2816511127834,1,I,892,5
155.826657375121,72,43.0222035571933,28.9777964428067,0,C,893,5
44.5831200051877,72,43.0465967115015,1.53652329368624,1,I,894,5
117.560674421962,64.218780416735,43.1036489875987,21.1151314291363,0,C,895,5
52.2098618282097,72,43.1507750647143,9.05908676349547,1,I,896,5
106.175657188998,72,43.163251793012,28.836748206988,0,C,897,5
45.0348541996723,72,43.1810864433646,1.85376775630768,1,I,898,5
53.0137678024897,72,43.1854466116056,9.82832119088412,1,C,899,5
113.630438463316,72,43.1977038038895,28.8022961961106,0,I,900,5
106.496444651074,58.7380078397105,43.2877519726753,15.4502558670351,0,C,901,5
80.0697360198494,44.0823530874662,43.3170620212331,0.765291066233061,0,I,902,5
73.3649991232809,72,43.3427964895964,28.6572035104036,0,C,903,5
60.5706013910021,72,43.5361885791644,17.0344128118377,1,I,904,5
170.18171693735,72,43.5390212573111,28.4609787426889,0,C,905,5
168.728026556193,72,43.5569614218548,28.4430385781452,0,I,906,5
45.9091907275157,72,43.5605814540759,2.34860927343982,1,C,907,5
84.2658113252489,72,43.5759408026934,28.4240591973066,0,I,908,5
110.477488083878,72,43.5763765359297,28.4236234640703,0,C,909,5
69.5270567291976,67.2286431717211,43.6203405819833,23.6083025897378,0,I,910,5
44.0606222030985,72,43.7251535849646,0.335468618133895,1,C,911,5
53.3852252178162,72,43.8005685433745,9.58465667444162,1,I,912,5
47.7728945881724,72,43.8278321642429,3.94506242392956,1,C,913,5
78.3833932335616,72,43.847084697336,28.152915302664,0,I,914,5
144.722473958717,72,44.0201980853453,27.9798019146547,0,C,915,5
48.5949238261975,72,44.0207356307656,4.57418819543191,1,I,916,5
81.0289129352599,72,44.0334870899096,27.9665129100904,0,C,917,5
63.6819942954844,72,44.0679557388648,19.6140385566195,1,I,918,5
60.8386916099989,72,44.0937710087746,16.7449206012242,1,C,919,5
68.6150371494553,72,44.1107079852372,24.5043291642181,1,I,920,5
109.663435677945,72,44.1161884786561,27.8838115213439,0,C,921,5
57.1007879918743,72,44.1484743962064,12.9523135956679,1,I,922,5
138.234330507324,72,44.1898036049679,27.8101963950321,0,C,923,5
47.6385189383426,72,44.194544381462,3.44397455688054,1,I,924,5
335.140955296586,72,44.2106863902882,27.7893136097118,0,C,925,5
76.4897611080319,72,44.2650102870539,27.7349897129461,0,I,926,5
110.634183984798,72,44.3627912225202,27.6372087774798,0,C,927,5
106.500497741164,72,44.4180794991553,27.5819205008447,0,I,928,5
45.9068670938991,72,44.5582935959101,1.34857349798907,1,C,929,5
84.4761763551269,72,44.5809535682201,27.4190464317799,0,I,930,5
59.1889228172679,72,44.639803385362,14.5491194319059,1,C,931,5
111.01271376145,72,44.6558504970744,27.3441495029256,0,I,932,5
155.579230567196,68.2534982175226,44.8128371033818,23.4406611141408,0,C,933,5
111.175462160271,72,44.8436371888965,27.1563628111035,0,I,934,5
84.1766621703705,72,44.9513723747805,27.0486276252195,0,C,935,5
105.285917951279,72,44.9980518361554,27.0019481638446,0,I,936,5
47.3726609903427,72,45.0155528727919,2.35710811755084,1,C,937,5
131.621395123147,72,45.0947971874848,26.9052028125152,0,I,938,5
138.482610489992,72,45.1168203726411,26.8831796273589,0,C,939,5
79.223775524887,72,45.1516124373302,26.8483875626698,0,I,940,5
208.006647241323,72,45.29543237295,26.70456762705,0,C,941,5
67.0458702691182,72,45.4431666294113,21.6027036397069,1,I,942,5
84.8278441653556,72,45.4726566653699,26.5273433346301,0,C,943,5
45.9673237532566,72,45.5386128695682,0.428710883688445,1,I,944,5
80.9304433150754,72,45.5460388725624,26.4539611274377,0,C,945,5
53.0185005778877,72,45.6836089678109,7.33489161007681,1,I,946,5
90.3718157937556,72,45.8760597277433,26.1239402722567,0,C,947,5
48.2086368032465,72,45.8809097204357,2.32772708281075,1,I,948,5
68.0279771053276,72,45.9506791876629,22.0772979176647,1,C,949,5
137.820922887151,50.0396235114894,45.9692444046959,4.0703791067935,0,I,950,5
98.6574988947024,72,45.9763715788722,26.0236284211278,0,C,951,5
50.2878109498239,72,46.0298973089084,4.25791364091551,1,I,952,5
108.395597816164,72,46.0442369012162,25.9557630987838,0,C,953,5
115.410586560546,72,46.0853177960962,25.9146822039038,0,I,954,5
58.2465427120798,72,46.1216334532946,12.1249092587852,1,C,955,5
59.2948741825068,72,46.1658011516556,13.1290730308512,1,I,956,5
96.0489759727741,72,46.2394101871178,25.7605898128822,0,C,957,5
125.168221093083,71.8280974418645,46.2593583762646,25.5687390656,0,I,958,5
79.4792376138417,72,46.2942397221923,25.7057602778077,0,C,959,5
77.6328139761034,72,46.3050370384008,25.6949629615992,0,I,960,5
49.0618142562668,72,46.3185104727745,2.74330378349229,1,C,961,5
47.0296548146174,72,46.3397866208106,0.689868193806736,1,I,962,5
63.9248977792803,72,46.3691463880241,17.5557513912563,1,C,963,5
81.955738588017,72,46.436133608222,25.563866391778,0,I,964,5
136.638859310362,72,46.4984157029539,25.5015842970461,0,C,965,5
53.5233303621091,72,46.539313509129,6.98401685298007,1,I,966,5
116.02554063564,72,46.5482992026955,25.4517007973045,0,C,967,5
98.54066857899,72,46.5511987823993,25.4488012176007,0,I,968,5
93.6743973207917,72,46.6540050320327,25.3459949679673,0,C,969,5
65.6026248564103,72,46.678717341274,18.9239075151362,1,I,970,5
71.8501718208572,72,46.6789546469227,25.1712171739345,1,C,971,5
126.323783898111,72,46.6949719190598,25.3050280809403,0,I,972,5
55.6655002472283,72,46.8050719890744,8.86042825815398,1,C,973,5
65.9108894270663,72,46.8602910730988,19.0505983539676,1,I,974,5
98.7798764276766,72,46.9990038592368,25.0009961407632,0,C,975,5
52.472429269861,72,47.0651063136756,5.40732295618538,1,I,976,5
98.1306747710119,72,47.0996324624866,24.9003675375134,0,C,977,5
62.8158091068017,72,47.1187790343538,15.6970300724479,1,I,978,5
75.6971367201515,66.7404525511576,47.1421989938244,19.5982535573332,0,C,979,5
61.982519397282,61.8424470923933,47.169562918134,14.6728841742592,0,I,980,5
51.1960074853878,72,47.1943644806743,4.00164300471355,1,C,981,5
51.5196757582727,72,47.216868577525,4.3028071807477,1,I,982,5
139.607420586662,72,47.2412433894351,24.7587566105649,0,C,983,5
50.8564198343863,72,47.2441950626671,3.61222477171918,1,I,984,5
50.327313877832,72,47.2949852049351,3.0323286728969,1,C,985,5
47.6168747690807,72,47.2997881472111,0.317086621869661,1,I,986,5
75.2688516189393,72,47.3392930347472,24.6607069652528,0,C,987,5
78.5997728219289,72,47.3537352774292,24.6462647225708,0,I,988,5
84.1901034473607,57.8517069077383,47.3644008580595,10.4873060496788,0,C,989,5
198.656689325901,72,47.3866359516978,24.6133640483022,0,I,990,5
69.2343208072688,72,47.4452493293211,21.7890714779477,1,C,991,5
71.0389432528103,72,47.6816719863564,23.3572712664539,1,I,992,5
80.552957052451,70.6769048825657,47.6856584334746,22.9912464490911,0,C,993,5
55.7310059880762,72,47.7225592033938,8.00844678468248,1,I,994,5
97.6093291194841,72,47.7772762952372,24.2227237047628,0,C,995,5
117.287157502755,72,47.807073793374,24.192926206626,0,I,996,5
104.658553936818,72,47.8165654465556,24.1834345534444,0,C,997,5
70.5818344166625,72,47.8775373799726,22.7042970366899,1,I,998,5
59.670141824528,72,47.9538052948192,11.7163365297088,1,C,999,5
53.12975118437,72,48.1537145795301,4.97603660483991,1,I,1000,5
123.570497321856,56.1962179433018,48.2908297050744,7.90538823822737,0,C,1001,5
56.3499721874218,72,48.3711313130334,7.97884087438837,1,I,1002,5
143.176520820647,72,48.3759489795193,23.6240510204807,0,C,1003,5
69.0926832281546,72,48.4004835784435,20.6921996497111,1,I,1004,5
53.3096999098147,72,48.4040147205815,4.90568518923321,1,C,1005,5
86.2681576952525,72,48.4579027164727,23.5420972835273,0,I,1006,5
96.6115016145616,72,48.4990958450362,23.5009041549638,0,C,1007,5
163.748501499353,72,48.5085261845961,23.4914738154039,0,I,1008,5
49.9770167265703,72,48.5638551833108,1.41316154325951,1,C,1009,5
57.9806680426118,72,48.5906275967136,9.39004044589815,1,I,1010,5
176.022148281397,72,48.6193348187953,23.3806651812047,0,C,1011,5
69.0388729117371,72,48.7063656421378,20.3325072695993,1,I,1012,5
49.436135041355,72,48.8134657451883,0.622669296166676,1,C,1013,5
96.6990423270936,72,48.9042385853827,23.0957614146173,0,I,1014,5
86.8683904475879,72,48.9078109245747,23.0921890754253,0,C,1015,5
106.280084385377,72,48.9779213815928,23.0220786184073,0,I,1016,5
118.542495093598,72,49.2040176177397,22.7959823822603,0,C,1017,5
50.2303390740395,72,49.2144248681143,1.01591420592522,1,I,1018,5
62.7737298494309,72,49.3256982369348,13.4480316124961,1,C,1019,5
130.63417410231,72,49.3688148725778,22.6311851274222,0,I,1020,5
54.1489684191731,72,49.423115788959,4.72585263021411,1,C,1021,5
65.6279974821815,72,49.4623827002943,16.1656147818872,1,I,1022,5
50.686454118196,49.7913235007808,49.5218594837934,0.269464016987371,0,C,1023,5
56.718565812268,72,49.5369279105216,7.18163790174632,1,I,1024,5
117.790455831786,72,49.6106756804511,22.3893243195489,0,C,1025,5
72.1443940218438,72,49.7278522979468,22.2721477020532,0,I,1026,5
53.5816538312978,72,49.7297479072586,3.85190592403922,1,C,1027,5
52.0496213553332,72,49.8927011573687,2.15692019796446,1,I,1028,5
100.420793710591,72,49.9162910319865,22.0837089680135,0,C,1029,5
63.5299063184458,72,49.9407160514966,13.5891902669493,1,I,1030,5
151.811274155848,72,49.9817194277421,22.0182805722579,0,C,1031,5
125.470093136091,72,50.0213312543929,21.9786687456071,0,I,1032,5
119.920474759666,72,50.0623286096379,21.9376713903621,0,C,1033,5
72.833175293882,72,50.0725094927475,21.9274905072525,0,I,1034,5
98.9015165915347,72,50.1010285550728,21.8989714449272,0,C,1035,5
51.432207152926,72,50.1376105193049,1.29459663362113,1,I,1036,5
97.8173636832088,72,50.1382357953116,21.8617642046884,0,C,1037,5
53.1858875162399,72,50.1568147307262,3.02907278551369,1,I,1038,5
76.9304911289146,71.1506833771404,50.1758900703862,20.9747933067542,0,C,1039,5
58.3847492133243,56.9864054590818,50.2318243682385,6.75458109084337,0,I,1040,5
56.6460889782357,72,50.2630045451224,6.3830844331133,1,C,1041,5
149.147763574662,72,50.2784022549167,21.7215977450833,0,I,1042,5
123.82564485322,62.1891735679933,50.308697107248,11.8804764607453,0,C,1043,5
88.2411448790551,72,50.3640131559223,21.6359868440777,0,I,1044,5
156.875339383324,72,50.3746619727463,21.6253380272538,0,C,1045,5
93.212741175315,51.3986675657543,50.4896635282785,0.909004037475839,0,I,1046,5
68.2354993796612,72,50.5523758102208,17.6831235694404,1,C,1047,5
58.0461025910896,72,50.587186398916,7.45891619217365,1,I,1048,5
70.7460429433715,72,50.6414655782282,20.1045773651433,1,C,1049,5
60.9633047745358,72,50.672082756646,10.2912220178898,1,I,1050,5
55.2256387502023,72,50.7421506335959,4.48348811660637,1,C,1051,5
68.9373414813401,72,50.8057881239802,18.1315533573599,1,I,1052,5
57.8872185617015,72,50.926522272639,6.9606962890625,1,C,1053,5
64.0764554578475,72,50.9309203829616,13.1455350748859,1,I,1054,5
65.234975645665,72,50.9932453930378,14.2417302526272,1,C,1055,5
53.2902935241085,72,51.0637600533664,2.22653347074204,1,I,1056,5
152.398105273931,72,51.175815872848,20.824184127152,0,C,1057,5
79.5240936124097,72,51.176472203806,20.823527796194,0,I,1058,5
145.586035129307,72,51.2029991811141,20.7970008188859,0,C,1059,5
60.7103655883176,72,51.2542142020538,9.45615138626376,1,I,1060,5
53.1120254622397,72,51.4179026288912,1.69412283334853,1,C,1061,5
53.7593323923483,72,51.5181008493528,2.24123154299551,1,I,1062,5
59.0213474174209,72,51.6644371161237,7.35691030129718,1,C,1063,5
62.6452129945458,72,51.7039779061452,10.9412350884006,1,I,1064,5
52.1680010839612,72,51.7512764269486,0.416724657012545,1,C,1065,5
60.2588290652288,72,51.8068224750459,8.45200659018285,1,I,1066,5
110.499356276047,72,51.8815606925637,20.1184393074364,0,C,1067,5
82.2783381543996,72,51.9304883200675,20.0695116799325,0,I,1068,5
85.0922725684086,54.4722018627789,52.0450384123251,2.42716345045383,0,C,1069,5
181.962415732091,72,52.0915179653093,19.9084820346907,0,I,1070,5
81.2283549895956,72,52.1356286387891,19.8643713612109,0,C,1071,5
54.6680822019592,72,52.2101948177442,2.45788738421497,1,I,1072,5
115.434957464117,65.2509406674121,52.2954210871831,12.9555195802291,0,C,1073,5
91.5407450982307,72,52.4220288405195,19.5779711594805,0,I,1074,5
97.32816445555,72,52.4328268971294,19.5671731028706,0,C,1075,5
58.5396434822106,72,52.4394332617521,6.10021022045845,1,I,1076,5
59.4880463973536,72,52.4590822169557,7.02896418039789,1,C,1077,5
68.7487670731403,72,52.5192431593314,16.2295239138089,1,I,1078,5
118.757850620573,72,52.5540753174573,19.4459246825427,0,C,1079,5
59.2525178390136,72,52.5569802615792,6.69553757743443,1,I,1080,5
85.2875483767958,72,52.568997410126,19.431002589874,0,C,1081,5
67.7129235180674,72,52.707460988313,15.0054625297544,1,I,1082,5
69.3330623318641,72,52.7487495727837,16.5843127590803,1,C,1083,5
69.9879852198687,72,52.7667588042095,17.2212264156591,1,I,1084,5
65.8820850952134,72,52.8534553293139,13.0286297658996,1,C,1085,5
104.607550405535,72,52.8912907512859,19.1087092487142,0,I,1086,5
59.2354073532413,72,52.9416384827346,6.2937688705067,1,C,1087,5
257.272253265762,72,52.9595684213564,19.0404315786436,0,I,1088,5
134.69982009431,72,52.9900724859908,19.0099275140092,0,C,1089,5
80.8252495259169,72,52.9947493365035,19.0052506634966,0,I,1090,5
72.0170585725348,72,53.0229060351849,18.9770939648151,0,C,1091,5
91.5362255242251,72,53.0387592175975,18.9612407824025,0,I,1092,5
112.118398299338,72,53.1404578126967,18.8595421873033,0,C,1093,5
63.2072473617131,72,53.2411211449653,9.96612621674779,1,I,1094,5
64.0540886930124,72,53.2544576050714,10.7996310879411,1,C,1095,5
91.1438079270454,72,53.3153348928317,18.6846651071683,0,I,1096,5
80.2424734771339,72,53.3399315737188,18.6600684262812,0,C,1097,5
170.476850207497,72,53.3895470201969,18.6104529798031,0,I,1098,5
65.9031945872536,72,53.4159132326022,12.4872813546515,1,C,1099,5
124.707441558726,72,53.4726416459307,18.5273583540693,0,I,1100,5
157.89717552873,72,53.4821007912979,18.5178992087022,0,C,1101,5
170.184770617222,65.8467925948137,53.5491237184033,12.2976688764104,0,I,1102,5
86.7095696328019,72,53.6063954327256,18.3936045672745,0,C,1103,5
54.7177475650757,72,53.6102475877851,1.10749997729056,1,I,1104,5
160.774345054175,72,53.6114012310281,18.3885987689719,0,C,1105,5
95.0560446363766,72,53.6410492099822,18.3589507900178,0,I,1106,5
55.4298183770083,72,53.6900972994044,1.73972107760388,1,C,1107,5
179.384428817861,72,53.7551735853776,18.2448264146224,0,I,1108,5
56.6720863424804,72,53.812923822552,2.85916251992843,1,C,1109,5
112.56908608176,72,53.8139921240509,18.1860078759491,0,I,1110,5
85.2117893516327,72,53.8400845695287,18.1599154304713,0,C,1111,5
65.898472699877,72,53.8596672657877,12.0388054340893,1,I,1112,5
94.5614883342396,72,53.9691102644429,18.0308897355571,0,C,1113,5
70.500503125171,62.6586928229769,53.9835808239877,8.67511199898918,0,I,1114,5
71.3856755903612,72,54.0558769321069,17.3297986582543,1,C,1115,5
69.7315853628606,72,54.0776888933033,15.6538964695573,1,I,1116,5
161.019721440628,72,54.0951865771785,17.9048134228215,0,C,1117,5
108.146226605472,72,54.0974617609754,17.9025382390246,0,I,1118,5
156.630613578487,59.1841298775022,54.1033074539155,5.08082242358671,0,C,1119,5
83.2749985943074,65.1648684162689,54.2339129559696,10.9309554602993,0,I,1120,5
134.201317571671,72,54.2526919953525,17.7473080046475,0,C,1121,5
68.4410834949122,72,54.2702454747632,14.170838020149,1,I,1122,5
63.4697716844144,72,54.2722323071212,9.19753937729321,1,C,1123,5
65.0241667981959,72,54.3134636431932,10.7107031550027,1,I,1124,5
141.763752495696,72,54.3206482753158,17.6793517246842,0,C,1125,5
78.6296367874195,59.0913376063812,54.3927045352757,4.69863307110552,0,I,1126,5
55.7730370798062,72,54.4447907013819,1.32824637842432,1,C,1127,5
56.033268394916,72,54.4767177756876,1.55655061922845,1,I,1128,5
70.8297947593675,72,54.4775711232796,16.3522236360878,1,C,1129,5
75.8707734955034,72,54.7234779316932,17.2765220683068,0,I,1130,5
56.5489667659904,72,54.7825999232009,1.76636684278945,1,C,1131,5
68.9461003997917,72,54.8867073934525,14.0593930063392,1,I,1132,5
70.2747550616682,72,54.8883162299171,15.386438831751,1,C,1133,5
87.7471552908955,72,54.9212604342029,17.0787395657972,0,I,1134,5
85.0416920334246,72,54.990665903315,17.0093340966851,0,C,1135,5
98.587180827085,56.9845605605936,54.9963807407767,1.98817981981698,0,I,1136,5
69.5145923485463,72,55.0148831773549,14.4997091711914,1,C,1137,5
79.498393303388,72,55.0575828691945,16.9424171308056,0,I,1138,5
61.5479354560786,72,55.0884318072349,6.45950364884369,1,C,1139,5
105.204737519416,72,55.109099233523,16.890900766477,0,I,1140,5
94.2473137081987,61.8590846610963,55.1255239220336,6.73356073906264,0,C,1141,5
120.469925944246,72,55.2034164173529,16.7965835826471,0,I,1142,5
132.865748119008,72,55.2998870657757,16.7001129342243,0,C,1143,5
61.4737048107552,72,55.3268880955875,6.14681671516769,1,I,1144,5
66.0142503223551,72,55.3552194451913,10.6590308771637,1,C,1145,5
92.886715421607,72,55.3603623714298,16.6396376285702,0,I,1146,5
166.659209072713,72,55.3762028552592,16.6237971447408,0,C,1147,5
74.2504772774815,72,55.4070399189368,16.5929600810632,0,I,1148,5
58.8116489783968,56.606189149754,55.4767047800124,1.12948436974163,0,C,1149,5
182.562276658646,72,55.5237317690626,16.4762682309374,0,I,1150,5
166.503597725816,72,55.5359893804416,16.4640106195584,0,C,1151,5
92.9771745202968,65.0487493892589,55.7473803218454,9.30136906741346,0,I,1152,5
110.71103261883,72,55.8122404525057,16.1877595474944,0,C,1153,5
100.53431594748,72,55.8702993113548,16.1297006886452,0,I,1154,5
79.2262937971431,72,55.894269766286,16.105730233714,0,C,1155,5
78.5448307627957,72,55.897774072364,16.102225927636,0,I,1156,5
128.330813662808,72,55.9692116081715,16.0307883918285,0,C,1157,5
62.5316120461674,72,56.0227514477447,6.50886059842277,1,I,1158,5
89.2122891420772,72,56.0649478062987,15.9350521937013,0,C,1159,5
158.808587202448,72,56.0968676861376,15.9031323138624,0,I,1160,5
183.538266989837,72,56.1418989859521,15.8581010140479,0,C,1161,5
59.1924009362851,72,56.1552349710837,3.03716596520139,1,I,1162,5
61.5884669393291,72,56.3451391691342,5.24332777019488,1,C,1163,5
64.3373894219351,72,56.3630744023249,7.97431501961028,1,I,1164,5
67.94363366568,72,56.3958446541801,11.5477890114999,1,C,1165,5
114.081176332646,72,56.4148587640375,15.5851412359625,0,I,1166,5
107.865193949779,72,56.4230947662145,15.5769052337855,0,C,1167,5
197.384904300227,72,56.4346862398088,15.5653137601912,0,I,1168,5
251.947879402703,56.5953791839998,56.4466674858704,0.148711698129411,0,C,1169,5
88.9942948692291,72,56.4729622006416,15.5270377993584,0,I,1170,5
100.01158703441,72,56.5118181193247,15.4881818806753,0,C,1171,5
58.9041060332933,72,56.5354276774451,2.36867835584814,1,I,1172,5
215.808795701152,72,56.5390874119476,15.4609125880525,0,C,1173,5
72.0701262268528,72,56.5954442275688,15.4045557724312,0,I,1174,5
110.659369971574,59.5738360529424,56.6120232827961,2.96181277014622,0,C,1175,5
130.769462517436,72,56.6222420381382,15.3777579618618,0,I,1176,5
75.5172534480043,72,56.652703396976,15.347296603024,0,C,1177,5
138.24342143196,72,56.6765286494046,15.3234713505954,0,I,1178,5
91.0356461607265,72,56.711152321659,15.288847678341,0,C,1179,5
73.3058415075393,72,56.7127876309678,15.2872123690322,0,I,1180,5
74.7965863012811,72,56.7446612985805,15.2553387014195,0,C,1181,5
87.8259753604252,72,56.751015256159,15.248984743841,0,I,1182,5
66.4257230719286,72,56.765570207499,9.66015286442967,1,C,1183,5
167.133326886978,61.1818411360035,56.8019323982298,4.3799087377737,0,I,1184,5
89.1860411108813,62.2005034027091,56.8021698435769,5.39833355913223,0,C,1185,5
147.986069800532,72,56.8274342548102,15.1725657451898,0,I,1186,5
114.657434986976,72,56.8439230648801,15.1560769351199,0,C,1187,5
109.036064131173,72,56.8480209214613,15.1519790785387,0,I,1188,5
112.667487508488,72,56.8832761561498,15.1167238438502,0,C,1189,5
107.610581263013,72,56.9239950925112,15.0760049074888,0,I,1190,5
71.053428182545,72,57.0028373831883,14.0505907993567,1,C,1191,5
61.0358630038999,72,57.0029592141509,4.03290378974903,1,I,1192,5
332.561893784018,71.8434342333261,57.0234545879066,14.8199796454195,0,C,1193,5
76.2520050813002,72,57.1121468022466,14.8878531977534,0,I,1194,5
69.596916060742,72,57.1193309873343,12.4775850734077,1,C,1195,5
84.6818572669792,72,57.1229531010613,14.8770468989387,0,I,1196,5
167.704370528447,72,57.1362970070913,14.8637029929087,0,C,1197,5
62.8446917139449,72,57.1371775260195,5.70751418792535,1,I,1198,5
102.523799070892,72,57.1875283308327,14.8124716691673,0,C,1199,5
63.7597132052993,60.9264561390532,57.2245573997498,3.7018987393034,0,I,1200,5
93.081758433313,72,57.3700328869745,14.6299671130255,0,C,1201,5
88.4087517282009,72,57.3749870667234,14.6250129332766,0,I,1202,5
93.413624575564,72,57.4129809485748,14.5870190514252,0,C,1203,5
110.722666665803,72,57.4903805041686,14.5096194958314,0,I,1204,5
68.3522231140397,72,57.5485476991162,10.8036754149235,1,C,1205,5
132.653293945158,72,57.5908352807164,14.4091647192836,0,I,1206,5
133.125185965337,72,57.59375219699,14.40624780301,0,C,1207,5
126.16719106348,61.5665286356699,57.6041993033141,3.96232933235576,0,I,1208,5
83.4063860342548,72,57.6391985546798,14.3608014453202,0,C,1209,5
81.1600721024744,72,57.6815250981599,14.3184749018401,0,I,1210,5
104.402270716257,72,57.6974688470364,14.3025311529636,0,C,1211,5
221.026130178385,72,57.6987506914884,14.3012493085116,0,I,1212,5
93.1249014656374,72,57.7172402758151,14.2827597241849,0,C,1213,5
60.8911000324273,58.8211351809087,57.7270423388109,1.09409284209782,0,I,1214,5
60.4934164780439,72,57.7750760642812,2.71834041376272,1,C,1215,5
167.190019503287,72,57.7797056967393,14.2202943032607,0,I,1216,5
75.6791213226112,72,57.8418389009312,14.1581610990688,0,C,1217,5
70.8727527497397,72,57.8626436926425,13.0101090570973,1,I,1218,5
135.025000407661,72,57.9701019544154,14.0298980455846,0,C,1219,5
74.2060883055075,72,58.0156421894208,13.9843578105792,0,I,1220,5
71.9579681920479,72,58.0405485955998,13.917419596448,1,C,1221,5
77.302470189624,72,58.0761801358312,13.9238198641688,0,I,1222,5
58.4120340009918,72,58.0924383318052,0.319595669186628,1,C,1223,5
135.810371398562,72,58.1423752661794,13.8576247338206,0,I,1224,5
117.374126555012,72,58.1900301435962,13.8099698564038,0,C,1225,5
58.5894628171357,72,58.3043849235401,0.285077893595628,1,I,1226,5
201.518392530762,72,58.3103618770838,13.6896381229162,0,C,1227,5
76.6196249092888,72,58.318457454443,13.681542545557,0,I,1228,5
92.2518909921746,72,58.3623616956174,13.6376383043826,0,C,1229,5
89.2150574293983,72,58.3710583532229,13.6289416467771,0,I,1230,5
144.19654327099,72,58.4174022870138,13.5825977129862,0,C,1231,5
97.9138152007074,72,58.4622547309846,13.5377452690154,0,I,1232,5
91.0284967204898,72,58.498876481317,13.501123518683,0,C,1233,5
152.344912582505,72,58.5462688654661,13.4537311345339,0,I,1234,5
74.2921100355621,72,58.6040953500196,13.3959046499804,0,C,1235,5
89.8514706381829,72,58.6179353250191,13.3820646749809,0,I,1236,5
63.4562012817762,72,58.6656092153862,4.79059206639002,1,C,1237,5
161.830742450061,72,58.8557603163645,13.1442396836355,0,I,1238,5
156.076731242781,72,58.8927157502621,13.1072842497379,0,C,1239,5
77.0724176146627,72,58.9445841545239,13.0554158454761,0,I,1240,5
89.0779396390733,72,59.0194649202749,12.9805350797251,0,C,1241,5
118.489941014919,72,59.0336169395596,12.9663830604404,0,I,1242,5
62.381952546543,72,59.0761372447014,3.30581530184164,1,C,1243,5
59.3258101275341,72,59.1454101540148,0.18039997351927,1,I,1244,5
149.426653378564,72,59.2721714777872,12.7278285222128,0,C,1245,5
109.574349896292,72,59.2830308759585,12.7169691240415,0,I,1246,5
112.781604250546,72,59.4248882029206,12.5751117970794,0,C,1247,5
139.551582804191,72,59.4881223421544,12.5118776578456,0,I,1248,5
99.6419500690184,72,59.5749392872676,12.4250607127324,0,C,1249,5
84.3369146149852,72,59.6493902569637,12.3506097430363,0,I,1250,5
90.0151455120184,72,59.653142709285,12.346857290715,0,C,1251,5
126.91296199527,70.8219182698257,59.7104216180742,11.1114966517515,0,I,1252,5
67.9439857547006,72,59.715195321478,8.22879043322268,1,C,1253,5
126.023825779596,72,59.7153206868097,12.2846793131903,0,I,1254,5
225.365564862517,68.7791766552016,59.7230220492929,9.05615460590866,0,C,1255,5
139.387418462909,72,59.7269140603021,12.2730859396979,0,I,1256,5
116.816936069846,72,59.7343976190314,12.2656023809686,0,C,1257,5
105.109110872553,72,59.7669999534264,12.2330000465736,0,I,1258,5
105.722369979604,72,59.8149891290814,12.1850108709186,0,C,1259,5
85.9914238736204,72,59.8962009279057,12.1037990720943,0,I,1260,5
62.2542410679317,72,59.9846957344562,2.26954533347548,1,C,1261,5
20.6810101007276,3.40313824231904,0.0977187277749181,3.30541951454413,0,I,1,6
22.2664123706293,72,0.100225154310465,22.1661872163188,1,C,2,6
5.15685055351856,33.5498486251832,0.180691578425467,4.9761589750931,1,I,3,6
35.3830936396355,72,0.200541447848082,35.1825521917874,1,C,4,6
93.9521426651175,72,0.21575212944299,71.784247870557,0,I,5,6
4.86299315995587,72,0.236478494480252,4.62651466547562,1,C,6,6
57.1780261263467,72,0.284381895326078,56.8936442310206,1,I,7,6
51.3988760368751,66.0965623196617,0.417369632050395,50.9815064048247,1,C,8,6
7.75123140824825,72,0.432030516676605,7.31920089157164,1,I,9,6
29.0015787064045,72,0.44782763812691,28.5537510682776,1,C,10,6
29.7872696016687,72,0.488198683597148,29.2990709180715,1,I,11,6
33.378233929152,72,0.497735347598791,32.8804985815532,1,C,12,6
20.2408576932015,19.1656549905758,0.587805141694844,18.577849848881,0,I,13,6
52.8695971792004,14.1747732617434,0.645582186989486,13.5291910747539,0,C,14,6
33.7275341358383,72,0.690057696774602,33.0374764390637,1,I,15,6
46.3190494792739,72,0.884407237172127,45.4346422421018,1,C,16,6
89.6755657661977,72,0.901860860176384,71.0981391398236,0,I,17,6
16.0407432098364,28.2356416783979,0.956814126111567,15.0839290837248,1,C,18,6
32.9503691345019,64.046789730943,0.983717939816415,31.9666511946855,1,I,19,6
15.1463730446671,72,1.01491140201688,14.1314616426502,1,C,20,6
10.187653065558,20.6529901392173,1.02837762795389,9.15927543760411,1,I,21,6
177.099660508998,72,1.13435116130859,70.8656488386914,0,C,22,6
60.5033250898338,6.87720880141881,1.20418290607631,5.6730258953425,0,I,23,6
40.2715584756181,35.6710605986526,1.20920123532414,34.4618593633285,0,C,24,6
2.36112394901663,72,1.25082816928625,1.11029577973038,1,I,25,6
16.6919876738988,72,1.38060594443232,15.3113817294664,1,C,26,6
108.110314097419,5.29011799635509,1.38411153573543,3.90600646061966,0,I,27,6
31.6198138916428,72,1.3881217315793,30.2316921600635,1,C,28,6
62.9990605260853,72,1.47478657308966,61.5242739529956,1,I,29,6
9.90117954557522,72,1.55359352007508,8.34758602550014,1,C,30,6
80.9447129958224,72,1.65607856120914,70.3439214387909,0,I,31,6
3.12369569228127,72,1.69594617560506,1.42774951667621,1,C,32,6
160.526885506116,33.7976267706492,1.77616867236793,32.0214580982813,0,I,33,6
50.485272296743,72,1.77960407920182,48.7056682175412,1,C,34,6
37.0174368230182,72,1.79906484670937,35.2183719763088,1,I,35,6
17.3396451866003,72,1.8240712210536,15.5155739655467,1,C,36,6
16.3700582025273,72,1.89338908530772,14.4766691172196,1,I,37,6
29.9198983980952,72,1.89353498630226,28.0263634117929,1,C,38,6
45.8558182684312,72,1.91124075092375,43.9445775175075,1,I,39,6
57.821484471344,72,1.9449845328927,55.8764999384513,1,C,40,6
44.2151505552388,28.7399530714736,1.94604298565537,26.7939100858182,0,I,41,6
5.37652441794563,72,1.94966852199286,3.42685589595277,1,C,42,6
25.6943242808975,41.2545216138698,1.95416461676359,23.7401596641339,1,I,43,6
8.46635802762674,53.1403511201906,2.02043888624758,6.44591914137917,1,C,44,6
12.3729690367237,72,2.21328531391919,10.1596837228045,1,I,45,6
147.228926738022,72,2.28553608991206,69.7144639100879,0,C,46,6
32.9691239398879,72,2.39059443119913,30.5785295086888,1,I,47,6
95.0037381799312,72,2.58369587827474,69.4163041217253,0,C,48,6
95.9922806075057,72,2.59944836609066,69.4005516339094,0,I,49,6
8.31693257217486,72,2.6440426055342,5.67288996664066,1,C,50,6
63.1583142879917,72,2.64517033472657,60.5131439532652,1,I,51,6
117.581232368828,72,2.65189693775028,69.3481030622497,0,C,52,6
9.3579623539724,72,2.86883917171508,6.48912318225732,1,I,53,6
29.7272956162127,72,2.89428401738405,26.8330115988287,1,C,54,6
42.4606610583119,72,2.92336141224951,39.5372996460624,1,I,55,6
13.0089589889029,27.3218069474896,2.92395138647407,10.0850076024288,1,C,56,6
13.3432387135718,72,2.93407176621258,10.4091669473592,1,I,57,6
11.0790399699668,11.0146781520864,2.94900046661496,8.06567768547143,0,C,58,6
73.7536140669148,16.8531389773766,3.04806539788842,13.8050735794882,0,I,59,6
10.130289982079,72,3.09518787078559,7.03510211129337,1,C,60,6
17.2619508858044,22.8366825839862,3.12821775209159,14.1337331337129,1,I,61,6
43.679913211994,72,3.21723722387105,40.462675988123,1,C,62,6
128.044868573041,72,3.21958457585424,68.7804154241458,0,I,63,6
36.8050178996699,57.1638687639883,3.25697431806475,33.5480435816051,1,C,64,6
32.1089594173791,72,3.31667927093804,28.7922801464411,1,I,65,6
56.9259524021588,72,3.38365349918604,53.5422989029728,1,C,66,6
18.9825097720544,52.7638428645558,3.40799928177148,15.574510490283,1,I,67,6
78.0026781261899,72,3.46639604307711,68.5336039569229,0,C,68,6
62.324090960346,72,3.49937151186168,58.8247194484843,1,I,69,6
84.2068530227306,72,3.59622538089752,68.4037746191025,0,C,70,6
93.1380360929236,72,3.61317400820553,68.3868259917945,0,I,71,6
142.784165722988,72,3.62589235883206,68.3741076411679,0,C,72,6
4.43778827621172,72,3.6881111562252,0.749677119986512,1,I,73,6
12.9598581838269,3.8483335504677,3.79833302926272,0.0500005212049741,0,C,74,6
8.91806501923499,4.54557338707162,3.93546593841165,0.610107448659971,0,I,75,6
115.785597507397,72,3.95147067960352,68.0485293203965,0,C,76,6
4.38348114849113,10.1516576214362,3.95562452729791,0.427856621193217,1,I,77,6
24.8902574809412,35.4786387507738,4.02927981689572,20.8609776640455,1,C,78,6
22.2807418227953,36.8271772091922,4.04155261348933,18.239189209306,1,I,79,6
9.03689879501852,72,4.05292934272438,4.98396945229414,1,C,80,6
76.4364179405354,72,4.07927246298641,67.9207275370136,0,I,81,6
64.9025772671833,48.0001322532092,4.08663571346551,43.9134965397437,0,C,82,6
168.656123193904,72,4.26793924067169,67.7320607593283,0,I,83,6
73.6176343848768,72,4.27957860287279,67.7204213971272,0,C,84,6
20.3534635867591,20.845939199807,4.29292373824865,16.0605398485105,1,I,85,6
80.7618557550875,72,4.30032983422279,67.6996701657772,0,C,86,6
34.3157558272887,42.3293262662856,4.32955785188824,29.9861979754005,1,I,87,6
30.9453524380319,19.9212905024558,4.36574215069413,15.5555483517617,0,C,88,6
26.2937906549407,72,4.41108673810959,21.8827039168311,1,I,89,6
83.0837172570009,72,4.4737660093233,67.5262339906767,0,C,90,6
50.1805993217727,33.9268305371701,4.51614952180535,29.4106810153647,0,I,91,6
5.80614771777763,72,4.5788915315643,1.22725618621333,1,C,92,6
23.8938603634698,72,4.64942143298686,19.2444389304829,1,I,93,6
30.9014976223644,72,4.72428983543068,26.1772077869337,1,C,94,6
42.4293989752137,72,4.73048175685108,37.6989172183627,1,I,95,6
51.2204591192367,72,4.73911870736629,46.4813404118705,1,C,96,6
89.5735152743121,72,4.7523749107495,67.2476250892505,0,I,97,6
23.820416842423,72,4.76040516514331,19.0600116772796,1,C,98,6
8.22076506336648,72,4.76839250419289,3.45237255917359,1,I,99,6
32.9502400563968,72,4.77068901993334,28.1795510364635,1,C,100,6
8.37148008675282,72,4.8069358477369,3.56454423901593,1,I,101,6
24.338413570845,72,4.80814361013472,19.5302699607102,1,C,102,6
15.1216843146411,72,4.84937061555684,10.2723136990843,1,I,103,6
36.6411806740329,55.3918578836058,4.89349507726729,31.7476855967656,1,C,104,6
29.9227516020815,54.1073750220003,4.94771549943835,24.9750361026432,1,I,105,6
9.56951052672715,72,5.03438063431531,4.53512989241184,1,C,106,6
53.5107110529361,72,5.31349478289485,48.1972162700412,1,I,107,6
43.402531044419,72,5.38198332767934,38.0205477167396,1,C,108,6
31.1137903658743,72,5.48112989868969,25.6326604671846,1,I,109,6
96.0787943946065,72,5.49854115117341,66.5014588488266,0,C,110,6
126.213236507761,71.1663771366488,5.52251764107496,65.6438594955739,0,I,111,6
26.6312327214511,72,5.54042232222855,21.0908103992226,1,C,112,6
54.2494411658452,72,5.56633702944964,48.6831041363956,1,I,113,6
101.484994995995,72,5.59637508820742,66.4036249117926,0,C,114,6
8.5530693880178,72,5.60024005360901,2.95282933440879,1,I,115,6
14.1658629889444,72,5.62889234628528,8.53697064265912,1,C,116,6
35.4580106456182,72,5.7240778952837,29.7339327503345,1,I,117,6
23.9998261354434,72,5.8045144379139,18.1953116975295,1,C,118,6
25.1015928116903,72,5.95763290766627,19.143959904024,1,I,119,6
28.6546475430324,72,5.996815552935,22.6578319900974,1,C,120,6
55.0177094951614,72,6.01943761110306,48.9982718840584,1,I,121,6
86.1404662371316,23.9385239091917,6.029486451298,17.9090374578937,0,C,122,6
29.1756666239928,72,6.07852786313742,23.0971387608554,1,I,123,6
55.7323709791273,17.5443593692531,6.107332482934,11.4370268863191,0,C,124,6
17.9409940713489,72,6.12616819795221,11.8148258733967,1,I,125,6
183.299573732996,72,6.15700668655336,65.8429933134466,0,C,126,6
18.1438768098041,72,6.17641911841929,11.9674576913848,1,I,127,6
62.6794192096796,72,6.19436526205391,56.4850539476257,1,C,128,6
16.42438511741,72,6.2428166018799,10.1815685155301,1,I,129,6
75.751830645245,72,6.26565664540976,65.7343433545902,0,C,130,6
37.2164368318003,72,6.32690150756389,30.8895353242364,1,I,131,6
7.76385530718585,72,6.34160315617919,1.42225215100666,1,C,132,6
49.9653796037837,72,6.34658271912485,43.6187968846589,1,I,133,6
64.0993676868983,72,6.35194128379226,57.7474264031061,1,C,134,6
16.2140858207302,72,6.35975707322359,9.85432874750662,1,I,135,6
10.2100657542622,72,6.50971891824156,3.7003468360206,1,C,136,6
10.8958240590109,72,6.51132739149034,4.38449666752057,1,I,137,6
11.5218392122895,72,6.57292011659592,4.94891909569357,1,C,138,6
52.1428156953146,67.4491900449393,6.62192459218204,45.5208911031325,1,I,139,6
57.7841470227098,72,6.75015262328088,51.0339943994289,1,C,140,6
55.5382069147792,32.993067119631,6.78516982588917,26.2078972937418,0,I,141,6
55.2374537908004,72,6.80291972123087,48.4345340695695,1,C,142,6
15.9823357883111,72,6.85439885593951,9.12793693237157,1,I,143,6
32.6669501966695,72,6.86535583343357,25.801594363236,1,C,144,6
107.071325894372,72,6.93866812158376,65.0613318784162,0,I,145,6
24.7029853485759,72,6.94309992715716,17.7598854214187,1,C,146,6
41.4221255837779,72,7.08813715260476,34.3339884311731,1,I,147,6
40.5163365494722,18.5298036131919,7.18808895908296,11.3417146541089,0,C,148,6
108.865043223637,59.2467590481812,7.19910983461887,52.0476492135623,0,I,149,6
20.6781258230052,72,7.24124304950237,13.4368827735029,1,C,150,6
8.90239378948484,72,7.26228027138859,1.64011351809624,1,I,151,6
60.7163252287266,72,7.26772846654058,53.4485967621861,1,C,152,6
51.6832102234465,72,7.31648785527796,44.3667223681685,1,I,153,6
38.5896915544859,72,7.34755505807698,31.242136496409,1,C,154,6
21.6968175488137,72,7.38133750855923,14.3154800402545,1,I,155,6
174.935262219686,72,7.43631504010409,64.5636849598959,0,C,156,6
121.699568796443,72,7.44477479718626,64.5552252028138,0,I,157,6
56.8448863619292,72,7.48625155538321,49.358634806546,1,C,158,6
17.1865220369859,72,7.57448843680322,9.61203360018269,1,I,159,6
25.9928660213048,31.1493271100156,7.61877307668328,18.3740929446215,1,C,160,6
80.5533063909104,72,7.65304328408092,64.3469567159191,0,I,161,6
41.8308220117591,72,7.69201819784939,34.1388038139097,1,C,162,6
76.4633657237868,58.7309877267122,7.69315232522786,51.0378354014844,0,I,163,6
61.1871600506911,70.4668151092545,7.70580222364515,53.4813578270459,1,C,164,6
94.5820456893823,72,7.79492783825845,64.2050721617416,0,I,165,6
37.04606382381,72,8.008624012582,29.037439811228,1,C,166,6
16.8345119477615,72,8.01168259698898,8.82282935077252,1,I,167,6
95.3432500493115,72,8.01600367762148,63.9839963223785,0,C,168,6
102.269809390392,36.6517437814454,8.09031307697296,28.5614307044724,0,I,169,6
29.1016315422223,72,8.20637593511492,20.8952556071074,1,C,170,6
87.158918471072,72,8.26309465337545,63.7369053466246,0,I,171,6
59.16271460587,72,8.2640821672976,50.8986324385724,1,C,172,6
26.9616850765592,10.1956540124124,8.38499982375652,1.81065418865584,0,I,173,6
172.00112971813,72,8.39306076988578,63.6069392301142,0,C,174,6
15.6784342140458,72,8.44033814035356,7.23809607369224,1,I,175,6
88.7578853573049,72,8.44334442168474,63.5566555783153,0,C,176,6
28.8731948815901,72,8.55408788658679,20.3191069950033,1,I,177,6
17.2625696947719,72,8.59753876458854,8.66503093018337,1,C,178,6
29.3875118814171,72,8.65922079887241,20.7282910825447,1,I,179,6
44.6894255647071,72,8.70503424201161,35.9843913226955,1,C,180,6
64.3378078149952,72,9.08530516549945,55.2525026494958,1,I,181,6
9.29161047004646,72,9.13333247881383,0.158277991232629,1,C,182,6
58.635584065495,72,9.18571839574724,49.4498656697477,1,I,183,6
9.73849497889597,72,9.26811602432281,0.470378954573158,1,C,184,6
57.2639024878001,72,9.31943674106151,47.9444657467386,1,I,185,6
11.5683966902204,18.8135902338138,9.32908901944757,2.23930767077284,1,C,186,6
58.3406138988941,69.3822543911815,9.3559828447178,48.9846310541763,1,I,187,6
80.9614198055076,72,9.46535456925631,62.5346454307437,0,C,188,6
21.579327122691,72,9.52035133726895,12.0589757854221,1,I,189,6
56.745720731821,28.9150401730846,9.58082306664437,19.3342171064403,0,C,190,6
54.141373607573,59.1582338497488,9.67115792445838,44.4702156831146,1,I,191,6
27.726023964572,72,9.69295745249838,18.0330665120736,1,C,192,6
55.9343957840218,59.5802615063725,9.71068848855793,46.2237072954639,1,I,193,6
37.8242379582048,72,9.8047407483682,28.0194972098366,1,C,194,6
69.5295393042511,15.87024189702,9.85029274597764,6.01994915104231,0,I,195,6
34.2540664584948,72,9.88068006467074,24.373386393824,1,C,196,6
48.5332136127413,40.3641909612895,9.92989735677838,30.4342936045112,0,I,197,6
60.318082244287,72,9.982676259242,50.335405985045,1,C,198,6
30.5220715823056,72,9.98603536281735,20.5360362194882,1,I,199,6
63.9726805969249,72,10.0688202213496,53.9038603755753,1,C,200,6
114.936377957501,15.9745379658676,10.1359461899847,5.83859177588289,0,I,201,6
27.9425790740215,68.7490021148011,10.1753199286759,17.7672591453456,1,C,202,6
96.7091216467674,57.5333841760301,10.3316176263615,47.2017665496685,0,I,203,6
138.834375328756,72,10.3578959405422,61.6421040594578,0,C,204,6
11.3219623231583,72,10.374343469739,0.9476188534193,1,I,205,6
104.452264084016,72,10.3821147512645,61.6178852487356,0,C,206,6
12.5568829459237,72,10.4031347902492,2.15374815567453,1,I,207,6
63.2995335294012,45.3409462232897,10.4242119239643,34.9167342993254,0,C,208,6
91.5987197840774,72,10.4652970517054,61.5347029482946,0,I,209,6
36.3883119773686,72,10.5148760648444,25.8734359125241,1,C,210,6
36.2763952366058,72,10.537061272189,25.7393339644168,1,I,211,6
10.6880912031735,72,10.5810193531215,0.107071850051964,1,C,212,6
25.7009669582238,72,10.6907118251547,15.0102551330691,1,I,213,6
103.122459734865,72,10.6934281624854,61.3065718375146,0,C,214,6
26.5690445077124,72,10.6964166741818,15.8726278335306,1,I,215,6
22.823598280843,72,10.7303185109049,12.0932797699381,1,C,216,6
26.863265019961,72,10.8109356975183,16.0523293224427,1,I,217,6
66.2462672262827,72,10.8238070318475,55.4224601944352,1,C,218,6
75.3914935995271,72,10.8523605857044,61.1476394142956,0,I,219,6
47.1907400297123,72,10.9691489674151,36.2215910622972,1,C,220,6
84.7466815447548,16.4272962384032,10.9895705245435,5.43772571385964,0,I,221,6
12.5038247546129,72,11.0046362271532,1.4991885274597,1,C,222,6
138.095763247246,72,11.0924743395299,60.9075256604701,0,I,223,6
18.4443419783788,22.3659515875788,11.0949560254812,7.34938595289758,1,C,224,6
35.6889689599482,72,11.1252826591954,24.5636863007528,1,I,225,6
21.0850332772811,72,11.1435117200017,9.94152155727935,1,C,226,6
32.9390525927729,72,11.1435467842966,21.7955058084763,1,I,227,6
69.7162826767793,72,11.1463962541893,58.5698864225899,1,C,228,6
127.526052416232,72,11.1674169497564,60.8325830502436,0,I,229,6
18.8988596736479,72,11.1711063282564,7.72775334539148,1,C,230,6
15.3415758196729,15.4636743143958,11.1903597833589,4.15121603631406,1,I,231,6
12.3073437167975,13.0008113250631,11.3076221337542,0.999721583043327,1,C,232,6
42.8207582224847,26.2086513813804,11.3226205296814,14.8860308516989,0,I,233,6
74.478623449301,72,11.3988902885467,60.6011097114533,0,C,234,6
36.6788154132409,72,11.4920488838106,25.1867665294303,1,I,235,6
20.7405188813586,43.7081557155554,11.5164492884651,9.22406959289347,1,C,236,6
47.4480929994763,72,11.524867429398,35.9232255700783,1,I,237,6
26.1761614048464,71.9411667591899,11.5669164760038,14.6092449288425,1,C,238,6
57.5383662227614,72,11.5974987717345,45.9408674510269,1,I,239,6
34.9145232181882,72,11.7509701615199,23.1635530566683,1,C,240,6
65.9194701265039,34.4702609677909,11.9112333375961,22.5590276301949,0,I,241,6
14.4035584101197,72,11.9681563507766,2.43540205934316,1,C,242,6
78.2895716420535,64.9562136729709,12.0790423778817,52.8771712950892,0,I,243,6
37.1128819592279,72,12.1366609493271,24.9762210099009,1,C,244,6
101.099167264851,72,12.1872762870044,59.8127237129957,0,I,245,6
16.335144423967,72,12.2257241327316,4.10942029123548,1,C,246,6
65.9525383319852,34.0626330329912,12.2498278878629,21.8128051451283,0,I,247,6
25.8153984435115,64.2506633197146,12.3074718704447,13.5079265730668,1,C,248,6
145.663746529631,72,12.3584794392809,59.6415205607191,0,I,249,6
56.5981822750817,72,12.4304143292829,44.1677679457988,1,C,250,6
50.8984545772826,66.2869604335617,12.451473288238,38.4469812890445,1,I,251,6
38.6471732755113,52.5940560358874,12.5697520980611,26.0774211774501,1,C,252,6
30.1752171720791,72,12.5902065820992,17.5850105899799,1,I,253,6
50.1942046718331,72,12.6258210232481,37.5683836485849,1,C,254,6
46.8619326298305,72,12.6945179281756,34.1674147016548,1,I,255,6
77.3466036292278,72,12.7361665153876,59.2638334846124,0,C,256,6
16.9389916151522,72,12.7390348445624,4.19995677058978,1,I,257,6
50.3083242312493,72,12.8023629868403,37.505961244409,1,C,258,6
56.1212047960575,16.7779746687352,12.8267871262506,3.95118754248461,0,I,259,6
34.9901563817275,19.7059719330209,12.870381125249,6.83559080777193,0,C,260,6
29.7085881314213,72,12.9178868746385,16.7907012567828,1,I,261,6
19.1327010240551,72,13.0200388329104,6.11266219114475,1,C,262,6
159.073218038513,72,13.097244319506,58.902755680494,0,I,263,6
44.7247457736944,72,13.1389106903225,31.5858350833719,1,C,264,6
117.838709232671,72,13.1630352744833,58.8369647255167,0,I,265,6
35.7811191214375,72,13.3327111462131,22.4484079752244,1,C,266,6
36.4901250878589,72,13.3951284410432,23.0949966468157,1,I,267,6
51.7000198926888,56.4034641882452,13.4068273287267,38.2931925639622,1,C,268,6
72.0212662078358,72,13.4192514885217,58.5807485114783,0,I,269,6
20.6111734077235,72,13.4378673601896,7.17330604753392,1,C,270,6
41.3174494675264,33.4531145600241,13.4510096954182,20.0021048646059,0,I,271,6
30.7370687645518,72,13.6740795336664,17.0629892308855,1,C,272,6
16.9533724825635,53.9362525007436,13.7340277992189,3.21934468334457,1,I,273,6
54.7856155140346,72,13.7496602442116,41.035955269823,1,C,274,6
80.0899202584162,72,13.8294313056394,58.1705686943606,0,I,275,6
22.0401895263594,72,13.9758573006839,8.06433222567559,1,C,276,6
34.768298199611,50.8684227092793,13.9791780011728,20.7891201984381,1,I,277,6
60.3677520262348,72,14.0216635353863,46.3460884908485,1,C,278,6
22.4635784455907,72,14.0467235259712,8.41685491961954,1,I,279,6
15.407886742546,72,14.0632138028741,1.3446729396719,1,C,280,6
71.8938549024435,72,14.0855062147602,57.8083486876833,1,I,281,6
74.5907419886183,72,14.1277037188411,57.8722962811589,0,C,282,6
49.6575607627588,72,14.1391600202769,35.5184007424819,1,I,283,6
15.646918111402,72,14.15275210049,1.49416601091201,1,C,284,6
175.017587685269,72,14.1990436753258,57.8009563246742,0,I,285,6
138.051786772779,72,14.2103809956461,57.7896190043539,0,C,286,6
51.0804061800487,72,14.2416279902682,36.8387781897806,1,I,287,6
65.7974054385339,72,14.2765597114339,51.5208457271,1,C,288,6
25.7618224590965,72,14.2811537487432,11.4806687103533,1,I,289,6
35.693050675498,59.7808493884287,14.2901592375711,21.4028914379269,1,C,290,6
64.0225509364893,72,14.4278857810423,49.5946651554471,1,I,291,6
17.9879123502161,15.7329436970789,14.5328040607274,1.20013963635155,0,C,292,6
106.86789832437,72,14.5959080569446,57.4040919430554,0,I,293,6
25.3618719022669,15.0129405463764,14.7424733592197,0.270467187156648,0,C,294,6
56.3931552368735,49.6781946223806,14.8798060230911,34.7983885992895,0,I,295,6
23.4498950080653,72,14.891549712047,8.55834529601828,1,C,296,6
156.184556726114,72,15.0259769009426,56.9740230990574,0,I,297,6
56.750499987775,72,15.0549220992252,41.6955778885498,1,C,298,6
161.797571959927,72,15.0996373733506,56.9003626266494,0,I,299,6
100.890882825314,72,15.1163902133703,56.8836097866297,0,C,300,6
47.6811515915122,72,15.119245746173,32.5619058453392,1,I,301,6
41.7367941962164,72,15.158396679908,26.5783975163084,1,C,302,6
51.6599279029413,72,15.1967115327716,36.4632163701697,1,I,303,6
135.072007947072,72,15.2221343480051,56.777865651995,0,C,304,6
59.4496587558232,72,15.2672755206004,44.1823832352228,1,I,305,6
22.6185554697468,39.7299972015844,15.3139228234068,7.30463264634003,1,C,306,6
142.195220830128,72,15.320790479891,56.679209520109,0,I,307,6
44.28910991828,72,15.3423238545656,28.9467860637144,1,C,308,6
101.851598430113,72,15.3654565662146,56.6345434337854,0,I,309,6
69.6281794298736,34.0330660152048,15.4948908509687,18.5381751642362,0,C,310,6
225.881535087692,72,15.5199536215514,56.4800463784486,0,I,311,6
65.9252391116613,31.7011975849433,15.5934044066817,16.1077931782616,0,C,312,6
48.7906992748248,72,15.6003981688991,33.1903011059257,1,I,313,6
63.3014858285501,72,15.7007898297161,47.600695998834,1,C,314,6
126.842060600568,72,15.8100413996726,56.1899586003274,0,I,315,6
33.2474581295261,72,15.8504371438175,17.3970209857086,1,C,316,6
73.0422448228795,72,15.8748418232426,56.1251581767574,0,I,317,6
80.811273247418,17.1587987672843,15.8878548676148,1.27094389966951,0,C,318,6
69.7457561184631,67.1009744532609,15.9376587113366,51.1633157419244,0,I,319,6
279.553847514075,38.5092011641351,15.940169384703,22.569031779432,0,C,320,6
17.5266399535036,72,15.9719083970413,1.55473155646229,1,I,321,6
20.4333611472893,72,16.051282742992,4.38207840429726,1,C,322,6
17.830588187171,72,16.0859279427677,1.74466024440329,1,I,323,6
25.5316745264341,29.6754664776377,16.1071782605723,9.4244962658618,1,C,324,6
37.224436292447,72,16.1504558986053,21.0739803938417,1,I,325,6
97.9872535944526,72,16.1779165221378,55.8220834778622,0,C,326,6
96.1139660088467,72,16.2110737385228,55.7889262614772,0,I,327,6
17.2201380569288,72,16.228788010776,0.991350046152761,1,C,328,6
134.72914523416,72,16.2594749545679,55.7405250454322,0,I,329,6
25.1772426953221,70.4717535680213,16.2987201008946,8.87852259442749,1,C,330,6
19.5596256030895,33.0495442911925,16.4270566496998,3.13256895338971,1,I,331,6
28.3441621385483,72,16.4391943998635,11.9049677386848,1,C,332,6
44.434023062452,72,16.4539972599596,27.9800258024924,1,I,333,6
16.9167313404893,72,16.5041872579604,0.412544082528863,1,C,334,6
81.8393121106007,16.8929024520525,16.5083802910522,0.384522161000362,0,I,335,6
25.3580324942287,72,16.5231216140091,8.83491088021954,1,C,336,6
17.9374985170744,72,16.5742974355817,1.3632010814927,1,I,337,6
34.9805276260218,72,16.5801499038935,18.4003777221283,1,C,338,6
20.7343845918266,28.4509459804515,16.6043057106435,4.13007888118302,1,I,339,6
61.8642710177269,33.4437564996629,16.609501359053,16.83425514061,0,C,340,6
17.281409461345,72,16.6142982104793,0.667111250865696,1,I,341,6
29.2104131052026,72,16.653054705821,12.5573583993816,1,C,342,6
36.9472969118127,72,16.6922450205311,20.2550518912816,1,I,343,6
100.586902762476,72,16.7276613833383,55.2723386166617,0,C,344,6
346.820527046473,72,16.8458718806505,55.1541281193495,0,I,345,6
114.425857827548,72,16.9287407118827,55.0712592881173,0,C,346,6
97.8248834150233,72,16.9535027397797,55.0464972602204,0,I,347,6
23.6265690480015,72,17.0763061428443,6.55026290515723,1,C,348,6
119.639852025053,72,17.1309616975486,54.8690383024514,0,I,349,6
40.9307451845873,72,17.1628095628694,23.767935621718,1,C,350,6
75.8195180854564,40.6189301516829,17.1899866266176,23.4289435250653,0,I,351,6
93.5107265599517,72,17.1983467089012,54.8016532910988,0,C,352,6
97.1257247204472,72,17.2511627012864,54.7488372987136,0,I,353,6
136.956851050275,72,17.2705873986706,54.7294126013294,0,C,354,6
51.6234129074514,72,17.3054396174848,34.3179732899666,1,I,355,6
37.9070104494443,72,17.3349977144972,20.5720127349471,1,C,356,6
87.1766064035434,72,17.4776930082589,54.5223069917411,0,I,357,6
23.4457798842759,72,17.5073012849316,5.93847859934425,1,C,358,6
51.6007386761158,72,17.5152740674093,34.0854646087065,1,I,359,6
27.3823700231201,72,17.5325790653005,9.84979095781962,1,C,360,6
41.9356066717629,72,17.6087579783052,24.3268486934577,1,I,361,6
27.3606833508894,72,17.6323418319225,9.72834151896689,1,C,362,6
114.737341969201,72,17.6409458275884,54.3590541724116,0,I,363,6
37.759331204372,72,17.6738258544356,20.0855053499365,1,C,364,6
32.7106573384033,28.294864182357,17.703341525048,10.591522657309,0,I,365,6
155.688401354636,72,17.780747548677,54.219252451323,0,C,366,6
101.689980395088,72,17.8305322816595,54.1694677183405,0,I,367,6
52.6787575812033,72,17.9118938231841,34.7668637580192,1,C,368,6
29.3479557504246,72,17.9726821091026,11.375273641322,1,I,369,6
34.2871009992766,72,18.0354637792334,16.2516372200432,1,C,370,6
43.8774338350852,18.672285229123,18.043430079706,0.628855149416957,0,I,371,6
19.1684941950963,53.3152519781682,18.0803239205852,1.08817027451112,1,C,372,6
89.3962007375364,72,18.100154036656,53.899845963344,0,I,373,6
71.9922582996126,72,18.1036534532905,53.8886048463221,1,C,374,6
35.6028235946949,72,18.1758678518236,17.4269557428713,1,I,375,6
21.9151559378313,72,18.1816444639117,3.73351147391967,1,C,376,6
107.646409468564,72,18.4036786481738,53.5963213518262,0,I,377,6
38.6206484989791,72,18.5920614330098,20.0285870659693,1,C,378,6
36.0179134426553,72,18.6021430324763,17.415770410179,1,I,379,6
21.2326524047732,72,18.6345162894577,2.59813611531557,1,C,380,6
123.176882819035,72,18.655826789327,53.344173210673,0,I,381,6
27.5891061014405,72,18.7973417853937,8.79176431604679,1,C,382,6
28.512883208057,70.4424920311461,18.8274421636015,9.68544104445552,1,I,383,6
66.7780036100777,72,18.8354364596307,47.942567150447,1,C,384,6
61.0352410518523,71.3095344583486,18.8589465804398,42.1762944714125,1,I,385,6
25.4434412409706,72,18.8644827716053,6.57895846936535,1,C,386,6
141.199873864557,51.8143543742506,18.8657921506092,32.9485622236414,0,I,387,6
38.4251847287038,43.381700563016,18.9558077137917,19.4693770149121,1,C,388,6
24.0742593551043,72,18.9901895960793,5.084069759025,1,I,389,6
207.160770349938,72,19.0277362335473,52.9722637664527,0,C,390,6
25.992623178459,72,19.0365384891629,6.9560846892961,1,I,391,6
34.685708631164,72,19.0533020440489,15.6324065871151,1,C,392,6
79.7870663500681,72,19.1045139776543,52.8954860223457,0,I,393,6
36.5373311522764,72,19.1515518492088,17.3857793030677,1,C,394,6
83.6348306465351,72,19.175710324198,52.824289675802,0,I,395,6
27.1799605728612,72,19.2131447698921,7.96681580296914,1,C,396,6
169.444724820382,72,19.2397563764825,52.7602436235175,0,I,397,6
39.4231920697556,72,19.2473832657561,20.1758088039996,1,C,398,6
39.1515383754299,72,19.2631180398166,19.8884203356133,1,I,399,6
39.0338570455756,72,19.2888109758496,19.7450460697259,1,C,400,6
99.1376304371197,72,19.3045571353287,52.6954428646714,0,I,401,6
100.677428282314,72,19.3090890068561,52.6909109931439,0,C,402,6
66.924196135254,62.505530617018,19.3760362593457,43.1294943576722,0,I,403,6
22.0065822404242,72,19.4174310844392,2.58915115598504,1,C,404,6
82.3780700581282,72,19.4593225233257,52.5406774766743,0,I,405,6
156.057606352015,36.4654724502516,19.5424767583609,16.9229956918908,0,C,406,6
26.5175343673098,40.8624871915335,19.5741829974577,6.94335136985214,1,I,407,6
66.9252648323469,72,19.5904572028667,47.3348076294802,1,C,408,6
20.656598242047,46.57690235736,19.6333546657115,1.02324357633552,1,I,409,6
38.0117694959615,48.729872596072,19.641717444174,18.3700520517875,1,C,410,6
184.169243835245,72,19.8166450532153,52.1833549467847,0,I,411,6
50.5922088300144,72,19.9464685097337,30.6457403202807,1,C,412,6
158.743537750359,72,19.9633606011048,52.0366393988952,0,I,413,6
23.9625629791352,72,19.9683135794476,3.99424939968766,1,C,414,6
50.6812398617642,72,20.1007056003436,30.5805342614205,1,I,415,6
32.9042451517277,72,20.1282782759517,12.775966875776,1,C,416,6
30.2374816846608,72,20.1771920593455,10.0602896253152,1,I,417,6
59.9568900336545,72,20.4447393491864,39.5121506844681,1,C,418,6
30.0391824172865,28.9241734957761,20.6065111001953,8.31766239558076,0,I,419,6
46.2624096544797,72,20.6118258135393,25.6505838409403,1,C,420,6
28.7244461625946,72,20.6150479288772,8.10939823371742,1,I,421,6
99.9771146391906,72,20.6174982665107,51.3825017334893,0,C,422,6
21.7392793281038,72,20.6594847841188,1.07979454398495,1,I,423,6
29.7253379613921,72,20.7163674384356,9.00897052295651,1,C,424,6
48.6482130990314,72,20.7633298449218,27.8848832541096,1,I,425,6
31.8497969631395,72,20.815669214353,11.0341277487865,1,C,426,6
57.0542976676504,72,20.8169810241088,36.2373166435416,1,I,427,6
23.3681639145352,72,20.8699623355642,2.49820157897101,1,C,428,6
78.5673497530917,72,20.9094316000119,51.0905683999881,0,I,429,6
86.6761350869574,72,21.0494739515707,50.9505260484293,0,C,430,6
83.822242872059,72,21.0808216407895,50.9191783592105,0,I,431,6
46.7337965331252,72,21.1763632949442,25.557433238181,1,C,432,6
33.133120869132,72,21.4191308151931,11.7139900539389,1,I,433,6
33.8818991933744,72,21.5210508182645,12.3608483751099,1,C,434,6
146.892667887566,32.6672501136823,21.5409019729123,11.12634814077,0,I,435,6
43.2718986701974,72,21.5437226928771,21.7281759773204,1,C,436,6
125.433766127109,72,21.5579975349829,50.4420024650171,0,I,437,6
52.5431666518436,72,21.5854727709666,30.957693880877,1,C,438,6
28.2821290696288,72,21.5994017897174,6.68272727991142,1,I,439,6
58.7021371518305,72,21.7296938085929,36.9724433432377,1,C,440,6
72.2578725096408,72,21.7486387537792,50.2513612462208,0,I,441,6
52.0802975656308,72,21.8110726308078,30.269224934823,1,C,442,6
46.9547940831391,72,21.8884847452864,25.0663093378527,1,I,443,6
30.4530380284596,72,21.8909616116434,8.56207641681618,1,C,444,6
162.977544437247,72,21.9224047847092,50.0775952152908,0,I,445,6
87.8313649217398,72,21.9530429737642,50.0469570262358,0,C,446,6
71.2270077409633,72,21.9836933445185,49.2433143964448,1,I,447,6
25.7173998379852,72,22.0101094292477,3.70729040873751,1,C,448,6
163.988524781598,61.9757879019638,22.0671051973477,39.9086827046161,0,I,449,6
72.3029494105614,72,22.0710141677409,49.9289858322591,0,C,450,6
66.1323715379707,72,22.1061155665666,44.0262559714041,1,I,451,6
77.6125949706542,72,22.1848921570927,49.8151078429073,0,C,452,6
76.6935916552028,72,22.2044731909409,49.7955268090591,0,I,453,6
87.0079175887662,72,22.2563866339624,49.7436133660376,0,C,454,6
40.2167130348092,72,22.3307467298582,17.885966304951,1,I,455,6
46.0355427797269,72,22.3937007598579,23.641842019869,1,C,456,6
43.9706305031833,72,22.4539185874164,21.5167119157669,1,I,457,6
26.2835305519094,72,22.4778551375493,3.80567541436002,1,C,458,6
25.9736752692334,72,22.5074297469109,3.46624552232249,1,I,459,6
29.4876500066935,72,22.5133214564994,6.97432855019412,1,C,460,6
86.6481519167077,72,22.5345897953957,49.4654102046043,0,I,461,6
41.4405448622248,72,22.5990044139326,18.8415404482922,1,C,462,6
26.4761730684702,55.6116182758378,22.6170688960701,3.85910417240005,1,I,463,6
25.6687507871758,72,22.6223699329421,3.04638085423375,1,C,464,6
41.6027610893467,72,22.7149484725669,18.8878126167798,1,I,465,6
49.22497433429,72,22.7305674925447,26.4944068417453,1,C,466,6
39.9796746074046,72,22.7467290312052,17.2329455761994,1,I,467,6
36.9015242026855,72,22.7541614603251,14.1473627423603,1,C,468,6
68.6157897323799,72,22.7547124167904,45.8610773155894,1,I,469,6
84.8573750378487,30.474666089003,22.7900399593636,7.6846261296394,0,C,470,6
100.249560433834,72,22.7931573987007,49.2068426012993,0,I,471,6
50.4273014795581,43.5543653716803,22.8106663282961,20.7436990433842,0,C,472,6
178.879683195607,72,22.8554272837937,49.1445727162063,0,I,473,6
33.4161519027586,50.6443303301973,22.8823425527662,10.5338093499924,1,C,474,6
33.1403335306652,72,22.8863548440859,10.2539786865793,1,I,475,6
42.563917616061,72,23.0940312054008,19.4698864106601,1,C,476,6
115.31866333972,63.8607297543153,23.0970828607678,40.7636468935475,0,I,477,6
35.2589516152057,72,23.1014880537987,12.1574635614071,1,C,478,6
36.9659533925136,26.0256156480851,23.2438690261915,2.78174662189354,0,I,479,6
71.3454594556314,72,23.3430406730622,48.0024187825692,1,C,480,6
67.8388706308946,72,23.3634713804349,44.4753992504597,1,I,481,6
27.8410135745576,72,23.3895665360615,4.45144703849617,1,C,482,6
34.7795352534144,72,23.4008307242766,11.3787045291378,1,I,483,6
80.2055369207634,72,23.4128833282739,48.5871166717261,0,C,484,6
47.0311515795152,72,23.4636899270117,23.5674616525035,1,I,485,6
27.9313624931761,72,23.5017123352736,4.42965015790244,1,C,486,6
73.5914990867849,72,23.5192100331187,48.4807899668813,0,I,487,6
97.1477711087351,72,23.5326625267044,48.4673374732956,0,C,488,6
43.289169518838,72,23.5554890194908,19.7336804993472,1,I,489,6
41.5822045691498,72,23.6653801705688,17.916824398581,1,C,490,6
44.3811743779023,72,23.7247661082074,20.6564082696949,1,I,491,6
57.1804652486296,72,23.745070360601,33.4353948880286,1,C,492,6
85.8023953248664,72,23.9056413061917,48.0943586938083,0,I,493,6
28.5763205188069,72,23.9532406814396,4.6230798373673,1,C,494,6
40.8497143750822,56.9291788594447,24.0480711031705,16.8016432719117,1,I,495,6
173.290022684397,72,24.1258450085297,47.8741549914703,0,C,496,6
60.2609409043259,72,24.3080067867413,35.9529341175846,1,I,497,6
100.364331030634,72,24.3213039496914,47.6786960503087,0,C,498,6
74.0494803380122,72,24.3219953589141,47.6780046410859,0,I,499,6
60.3631050818051,72,24.5543294493109,35.8087756324942,1,C,500,6
60.3098129011052,72,24.6091461181641,35.7006667829412,1,I,501,6
69.7123649553334,72,24.6389724919572,45.0733924633762,1,C,502,6
60.2707121006397,41.1490058395265,24.7827760269865,16.36622981254,0,I,503,6
45.3163072188165,72,24.8286318685859,20.4876753502306,1,C,504,6
63.0795692509487,72,24.8288591019809,38.2507101489677,1,I,505,6
43.8167900527897,72,24.8941719252616,18.9226181275281,1,C,506,6
28.5060972015649,72,25.0785084581003,3.4275887434646,1,I,507,6
27.28648369733,72,25.1323366910219,2.15414700630803,1,C,508,6
140.549362268013,72,25.2904866496101,46.7095133503899,0,I,509,6
112.671548492129,72,25.3935880260542,46.6064119739458,0,C,510,6
43.7237469317636,72,25.4069781163707,18.3167688153928,1,I,511,6
105.162664608034,72,25.4124403512105,46.5875596487895,0,C,512,6
103.409683699058,72,25.4605097835884,46.5394902164117,0,I,513,6
44.4425946000398,72,25.5021374858916,18.9404571141482,1,C,514,6
49.9931060598461,72,25.5292229354382,24.4638831244079,1,I,515,6
46.7543134441636,72,25.580288618803,21.1740248253606,1,C,516,6
191.640909975382,72,25.6509946798906,46.3490053201094,0,I,517,6
58.7394700936913,72,25.7162994705141,33.0231706231772,1,C,518,6
46.1184277779321,72,25.7842493103817,20.3341784675504,1,I,519,6
44.2002194651536,72,25.7864787429571,18.4137407221965,1,C,520,6
67.0953701648455,72,25.8260901505128,41.2692800143327,1,I,521,6
40.9280123307831,72,25.8769363677129,15.0510759630702,1,C,522,6
67.5387677068123,72,26.0919225588441,41.4468451479682,1,I,523,6
29.0393083793037,72,26.1002826411277,2.93902573817595,1,C,524,6
47.5851439212989,72,26.1116068158299,21.473537105469,1,I,525,6
171.293864708468,72,26.2154735857621,45.7845264142379,0,C,526,6
135.008817337625,72,26.3297026511282,45.6702973488718,0,I,527,6
28.5864793244791,72,26.3585426425561,2.227936681923,1,C,528,6
65.2146794759823,72,26.3787960866466,38.8358833893356,1,I,529,6
40.9867573871742,72,26.4233798207715,14.5633775664027,1,C,530,6
29.6162853908501,72,26.4560627331957,3.16022265765434,1,I,531,6
79.86588281776,72,26.5898661268875,45.4101338731125,0,C,532,6
34.2102749931377,72,26.5942318271846,7.61604316595312,1,I,533,6
33.7318572748589,61.7737988201192,26.6125021828339,7.11935509202505,1,C,534,6
73.6502942244412,72,26.7053352110088,45.2946647889912,0,I,535,6
64.7293115770127,72,26.8136595049873,37.9156520720254,1,C,536,6
67.5928159261115,72,26.8351857690141,40.7576301570974,1,I,537,6
40.5629674509533,72,26.8426150130108,13.7203524379425,1,C,538,6
27.1222274483158,72,26.8789731664583,0.243254281857434,1,I,539,6
46.5883214689755,72,26.8960604863241,19.6922609826514,1,C,540,6
28.8256199525059,72,26.9039022456855,1.92171770682047,1,I,541,6
45.5982802384218,72,26.9722971506417,18.6259830877801,1,C,542,6
46.3498303027731,72,27.0517422258854,19.2980880768877,1,I,543,6
59.7630805527373,72,27.0594942709431,32.7035862817941,1,C,544,6
49.2546109564811,72,27.1873544342816,22.0672565221995,1,I,545,6
40.6537227641914,72,27.203020923771,13.4507018404205,1,C,546,6
56.4103347925514,72,27.4070878978819,29.0032468946695,1,I,547,6
175.829931281594,72,27.424376453273,44.575623546727,0,C,548,6
70.9146802539295,72,27.5104907993227,43.4041894546068,1,I,549,6
51.0244196176325,72,27.5792666338384,23.4451529837941,1,C,550,6
216.237174895598,72,27.6168542308733,44.3831457691267,0,I,551,6
34.3108340197019,50.4632102727264,27.7264897059649,6.58434431373696,1,C,552,6
95.5808565398998,72,27.7350419573486,44.2649580426514,0,I,553,6
41.1912661458331,72,27.8055246407166,13.3857415051165,1,C,554,6
29.8186574965535,72,27.8871724102646,1.93148508628891,1,I,555,6
94.5892401065529,72,27.9256932204589,44.0743067795411,0,C,556,6
49.7069261065197,72,27.9640084365383,21.7429176699814,1,I,557,6
54.4952431028751,72,28.0197236593813,26.4755194434938,1,C,558,6
59.8823865054782,72,28.0319527862594,31.8504337192189,1,I,559,6
60.9401443078388,72,28.0443303426728,32.8958139651661,1,C,560,6
32.6609204069163,72,28.0573061993346,4.60361420758174,1,I,561,6
72.1791554439034,72,28.0619078921154,43.9380921078846,0,C,562,6
58.1488254806445,72,28.1350493989885,30.013776081656,1,I,563,6
37.7051632518161,72,28.1610884517431,9.54407480007297,1,C,564,6
78.2672822193118,72,28.163507762365,43.836492237635,0,I,565,6
60.8481508998345,72,28.174345633015,32.6738052668195,1,C,566,6
69.8976597869672,72,28.2561763236299,41.6414834633373,1,I,567,6
41.5226847328748,72,28.286951975897,13.2357327569779,1,C,568,6
147.047613325084,72,28.2986573595554,43.7013426404446,0,I,569,6
58.8518165521203,72,28.3298571500927,30.5219594020276,1,C,570,6
47.8859383549253,72,28.3624973986298,19.5234409562955,1,I,571,6
126.897742549685,72,28.510859082453,43.4891409175471,0,C,572,6
52.2785301824674,72,28.5383504256606,23.7401797568068,1,I,573,6
42.3127978245055,72,28.6574220098555,13.65537581465,1,C,574,6
50.774872548526,72,28.6696856841445,22.1051868643814,1,I,575,6
75.4386487644017,72,28.6944278189912,43.3055721810088,0,C,576,6
44.2837926077129,31.752728333495,28.7270217156038,3.02570661789123,0,I,577,6
56.2205376107758,72,28.7605493562296,27.4599882545462,1,C,578,6
59.9090977762965,72,28.8451595278457,31.0639382484508,1,I,579,6
69.5787708086145,72,28.8807963905856,40.6979744180288,1,C,580,6
78.5875769403052,32.8661359688787,28.9248344209045,3.94130154797423,0,I,581,6
36.6538743336642,72,28.9496888313442,7.70418550231991,1,C,582,6
109.624654699028,72,28.9631753554568,43.0368246445432,0,I,583,6
36.8046631985538,72,28.9677051734179,7.83695802513589,1,C,584,6
47.7775069377118,50.8032953322567,29.000453017652,18.7770539200597,1,I,585,6
90.0458459929683,72,29.0298869926482,42.9701130073518,0,C,586,6
46.3924615347378,72,29.0303888032213,17.3620727315165,1,I,587,6
122.798352931067,72,29.0687374491245,42.9312625508755,0,C,588,6
91.5785278159519,72,29.1028027189896,42.8971972810105,0,I,589,6
137.803790278613,72,29.1930743912235,42.8069256087765,0,C,590,6
63.361217445931,72,29.2023995099589,34.1588179359721,1,I,591,6
82.7952756034406,72,29.2402748437598,42.7597251562402,0,C,592,6
70.6788721724691,72,29.2542081233114,41.4246640491577,1,I,593,6
40.86205292615,72,29.2699900595471,11.5920628666029,1,C,594,6
89.9992128143257,72,29.2739877104759,42.7260122895241,0,I,595,6
49.6961129850305,72,29.2932356474921,20.4028773375384,1,C,596,6
59.072244582282,72,29.4746839720756,29.5975606102064,1,I,597,6
129.259342402197,72,29.5813724957407,42.4186275042594,0,C,598,6
51.8533196449013,72,29.6116235246882,22.2416961202131,1,I,599,6
41.6192685716284,72,29.729517409578,11.8897511620505,1,C,600,6
44.6957343768412,72,29.7343457071111,14.9613886697302,1,I,601,6
193.716983072214,72,29.7792105283588,42.2207894716412,0,C,602,6
63.1804233447,72,29.889327515848,33.291095828852,1,I,603,6
45.3886536357269,72,29.9160300381482,15.4726235975787,1,C,604,6
71.4331360777257,72,29.9400975555182,41.4930385222076,1,I,605,6
35.41849015123,72,29.9886406352744,5.42984951595566,1,C,606,6
54.5732226248117,72,29.9888913519681,24.5843312728437,1,I,607,6
111.223197049306,31.550505282901,30.0063732499257,1.54413203297533,0,C,608,6
51.3285742933529,72,30.0579293584451,21.2706449349078,1,I,609,6
48.2698062788268,72,30.0752461189404,18.1945601598864,1,C,610,6
33.7494974084515,72,30.1608881587163,3.58860924973526,1,I,611,6
121.053571595537,72,30.1798121910542,41.8201878089458,0,C,612,6
41.6113939270531,51.776072072022,30.332163842395,11.2792300846581,1,I,613,6
151.467429199576,72,30.3637650422752,41.6362349577248,0,C,614,6
56.9719807895222,72,30.4615365061909,26.5104442833313,1,I,615,6
79.3353572676249,72,30.4708546539769,41.5291453460231,0,C,616,6
43.0438251534033,72,30.6102055264637,12.4336196269396,1,I,617,6
47.3595634009553,72,30.6767431693152,16.6828202316401,1,C,618,6
69.4115334953912,72,30.6872083805501,38.724325114841,1,I,619,6
80.7739423788217,72,30.7593355234712,41.2406644765288,0,C,620,6
95.725088974863,72,30.8876586332917,41.1123413667083,0,I,621,6
73.9323058197029,72,31.0455819312483,40.9544180687517,0,C,622,6
38.0521420219055,72,31.0561505332589,6.99599148864658,1,I,623,6
77.5509419105923,72,31.0959628410637,40.9040371589363,0,C,624,6
49.8972343545544,66.2161171146929,31.1046615242958,18.7925728302586,1,I,625,6
60.3230771450712,72,31.1904358584434,29.1326412866278,1,C,626,6
33.302757991623,72,31.1951209651306,2.10763702649238,1,I,627,6
210.49362889588,72,31.2621193611994,40.7378806388006,0,C,628,6
46.7092393146096,72,31.2727531883866,15.436486126223,1,I,629,6
137.360283233726,31.7477545027198,31.3109391136095,0.436815389110269,0,C,630,6
63.953982683676,72,31.3111913669854,32.6427913166906,1,I,631,6
160.44378268054,72,31.360221169889,40.639778830111,0,C,632,6
34.7794287771838,72,31.4336719410494,3.3457568361344,1,I,633,6
39.4632462085101,72,31.4825021568686,7.98074405164149,1,C,634,6
88.0400365665809,41.5739167799339,31.5732134599239,10.00070332001,0,I,635,6
225.381796091498,72,31.6162626771256,40.3837373228744,0,C,636,6
118.480114435953,72,31.6254638275132,40.3745361724868,0,I,637,6
88.1101376285743,72,31.6522723110393,40.3477276889607,0,C,638,6
52.6913994148312,72,31.6570993931964,21.0343000216348,1,I,639,6
45.2673226478576,72,31.6619070712477,13.6054155766099,1,C,640,6
156.980037051447,72,31.6883072024211,40.3116927975789,0,I,641,6
43.7343184177974,72,31.6955005796626,12.0388178381348,1,C,642,6
48.2345037010304,72,31.7281740205362,16.5063296804941,1,I,643,6
89.5869416893685,72,31.7574579734355,40.2425420265645,0,C,644,6
120.641230945089,72,31.7893870314583,40.2106129685417,0,I,645,6
114.981073015583,72,31.8073902558535,40.1926097441465,0,C,646,6
45.8476769146912,72,31.8430070858449,14.0046698288463,1,I,647,6
72.3992466871224,32.8250666493712,31.9309800770134,0.89408657235785,0,C,648,6
66.6784912463394,72,32.004417674616,34.6740735717234,1,I,649,6
128.724273309369,35.1333406550573,32.1078549558297,3.02548569922757,0,C,650,6
39.19824918532,72,32.2198876412585,6.97836154406151,1,I,651,6
58.3001847307835,72,32.2204147372395,26.079769993544,1,C,652,6
56.999502703668,61.08347875146,32.2804725822061,24.7190301214618,1,I,653,6
84.764891516175,72,32.2869820380583,39.7130179619417,0,C,654,6
45.9489120307003,72,32.3119792342186,13.6369327964817,1,I,655,6
43.5436323579528,72,32.3419613856822,11.2016709722706,1,C,656,6
64.66785610689,41.3813275676281,32.3469314351678,9.03439613246033,0,I,657,6
50.3365529929821,72,32.3859274154529,17.9506255775292,1,C,658,6
64.3303073977074,72,32.4048695527017,31.9254378450057,1,I,659,6
86.1139231703576,72,32.4217080418021,39.578291958198,0,C,660,6
37.4367022162419,72,32.5161631219089,4.920539094333,1,I,661,6
56.1404607272549,72,32.5177707290277,23.6226899982272,1,C,662,6
122.236964819321,72,32.5457746395841,39.4542253604159,0,I,663,6
89.2296489243056,72,32.6546723674983,39.3453276325017,0,C,664,6
39.290274446962,72,32.6580689661205,6.63220548084149,1,I,665,6
89.6033108297642,72,32.6809956366196,39.3190043633804,0,C,666,6
42.8273390492963,34.549742143514,32.71153728012,1.83820486339404,0,I,667,6
42.0253974257996,72,32.7745035197586,9.25089390604099,1,C,668,6
49.816912830751,72,32.7752745430917,17.0416382876593,1,I,669,6
43.9133688953152,72,32.9949497524649,10.9184191428503,1,C,670,6
93.2782737043425,72,33.0956570757553,38.9043429242447,0,I,671,6
43.0341956287938,72,33.0958525417373,9.9383430870565,1,C,672,6
108.317118008899,72,33.1426598411053,38.8573401588947,0,I,673,6
84.3823988383241,72,33.2836576877162,38.7163423122838,0,C,674,6
82.1584972726006,45.6750736184723,33.3095018332824,12.3655717851898,0,I,675,6
44.8043808663862,41.2905608064066,33.3838930819184,7.90666772448821,0,C,676,6
122.369173572032,72,33.4066000767052,38.5933999232948,0,I,677,6
254.868005606836,72,33.4278689604253,38.5721310395747,0,C,678,6
67.5773927584994,43.4192424602787,33.4515898860991,9.96765257417964,0,I,679,6
35.7972040073916,72,33.5119980666786,2.285205940713,1,C,680,6
38.3035038485133,69.5911256954452,33.5129481134936,4.79055573501971,1,I,681,6
132.865505488147,72,33.5318474192172,38.4681525807828,0,C,682,6
88.5077692875054,72,33.5863699670881,38.4136300329119,0,I,683,6
159.594123403214,72,33.6773446993902,38.3226553006098,0,C,684,6
229.343973607387,51.5440972887233,33.679258315824,17.8648389728994,0,I,685,6
41.9003067853456,72,33.6865973286331,8.21370945671248,1,C,686,6
105.951146312644,72,33.6901906086132,38.3098093913868,0,I,687,6
85.93373166248,72,33.7111314246431,38.2888685753569,0,C,688,6
42.3084528165383,72,33.73747585807,8.57097695846836,1,I,689,6
106.056731411971,72,33.7803503824398,38.2196496175602,0,C,690,6
57.8245564556442,72,33.8100783526897,24.0144781029544,1,I,691,6
100.074968563295,72,33.8105355156586,38.1894644843414,0,C,692,6
45.3755873946007,72,33.8182314857841,11.5573559088167,1,I,693,6
72.4633393245624,72,33.8318962790072,38.1681037209928,0,C,694,6
41.843342582471,72,33.9318106742576,7.91153190821344,1,I,695,6
49.1533687666212,72,33.9522102149203,15.2011585517009,1,C,696,6
44.6502575959871,72,34.0426453622058,10.6076122337813,1,I,697,6
36.572601082448,72,34.087270880118,2.48533020232994,1,C,698,6
52.4791040936573,72,34.1178889945149,18.3612150991423,1,I,699,6
36.6469306932103,72,34.1348886257038,2.51204206750657,1,C,700,6
54.1310976207577,72,34.1461236029863,19.9849740177713,1,I,701,6
47.0788618180063,72,34.2070604022592,12.8718014157471,1,C,702,6
43.5301741393473,72,34.2909107822925,9.23926335705479,1,I,703,6
93.3336464304899,72,34.3212532298639,37.6787467701361,0,C,704,6
86.2617822629579,72,34.3231261381879,37.6768738618121,0,I,705,6
49.6367884812604,42.6227377836392,34.3457655748352,8.27697220880396,0,C,706,6
76.4728111078407,72,34.3746904470027,37.6253095529974,0,I,707,6
107.319877371103,45.251359389151,34.4146199757233,10.8367394134276,0,C,708,6
59.6892918415428,72,34.4771728478372,25.2121189937056,1,I,709,6
70.9572116883107,72,34.5308936666697,36.426318021641,1,C,710,6
64.3862797090886,72,34.5846196962521,29.8016600128366,1,I,711,6
84.7989083222163,72,34.5865100668743,37.4134899331257,0,C,712,6
51.2229914936513,72,34.7332871519029,16.4897043417484,1,I,713,6
92.8061419581253,72,34.8273570975289,37.1726429024711,0,C,714,6
66.4465776229206,72,34.8581587197259,31.5884189031947,1,I,715,6
64.2258687649808,38.3729653745291,34.8895648308098,3.48340054371926,0,C,716,6
136.2164456139,69.9730453135856,34.9967039795592,34.9763413340264,0,I,717,6
44.8765286694603,72,35.1083856448531,9.76814302460722,1,C,718,6
42.8530201761743,72,35.1173478551209,7.73567232105342,1,I,719,6
45.1472872165332,72,35.1268860558048,10.0204011607284,1,C,720,6
287.05079878402,72,35.3032788354903,36.6967211645097,0,I,721,6
58.9036126210968,43.265735292826,35.3179312683642,7.94780402446177,0,C,722,6
88.7590188661455,72,35.3562429361045,36.6437570638955,0,I,723,6
60.4428496302491,71.3100694560337,35.3673386480659,25.0755109821832,1,C,724,6
50.6487725896449,72,35.5474787671119,15.101293822533,1,I,725,6
62.1265067982829,72,35.6036189524457,26.5228878458372,1,C,726,6
81.2165183677526,72,35.6214551394805,36.3785448605195,0,I,727,6
42.8169975571803,72,35.684502334334,7.13249522284631,1,C,728,6
47.8078645446181,72,35.7446693256497,12.0631952189683,1,I,729,6
44.9451269099915,72,35.7452399237081,9.19988698628336,1,C,730,6
52.8533834625064,72,35.7762605370954,17.0771229254111,1,I,731,6
82.3392050590805,72,35.817689630203,36.1823103697971,0,C,732,6
55.6840190161622,72,35.8734540827572,19.810564933405,1,I,733,6
42.0764795911982,72,36.0077002365142,6.06877935468401,1,C,734,6
137.211062452636,72,36.0097276652232,35.9902723347768,0,I,735,6
95.169144138586,72,36.0820955503732,35.9179044496268,0,C,736,6
37.8835750296226,67.178948765657,36.1082594934851,1.77531553613754,1,I,737,6
53.159452684315,59.4724895189546,36.2763056717813,16.8831470125337,1,C,738,6
40.8154258695746,72,36.3171522505581,4.49827361901643,1,I,739,6
52.2498127323845,72,36.4495105622336,15.8003021701509,1,C,740,6
36.6894218957766,72,36.4929323131219,0.196489582654741,1,I,741,6
91.5450990823557,72,36.4938718127087,35.5061281872913,0,C,742,6
59.8127365207317,72,36.5281207580119,23.2846157627198,1,I,743,6
63.6776762485883,72,36.5445969672874,27.1330792813009,1,C,744,6
205.670492253425,72,36.710469215177,35.289530784823,0,I,745,6
98.9291555947717,72,36.768245017156,35.231754982844,0,C,746,6
225.398243660134,72,36.7896756855771,35.2103243144229,0,I,747,6
43.3609479691692,72,36.8584275897592,6.50252037940996,1,C,748,6
206.144896256518,72,36.8830375978723,35.1169624021277,0,I,749,6
59.7484457647585,72,36.8890371685848,22.8594085961737,1,C,750,6
157.426442790893,72,36.9025488803163,35.0974511196837,0,I,751,6
42.2632673367216,72,36.9211053662002,5.34216197052136,1,C,752,6
42.1739110988093,72,36.9308012723923,5.24310982641706,1,I,753,6
65.2903530000048,72,37.0289691025391,28.2613838974657,1,C,754,6
177.187633854096,72,37.1921110991389,34.8078889008611,0,I,755,6
118.379281835739,72,37.3675480345264,34.6324519654736,0,C,756,6
55.8084675575477,72,37.4176451889798,18.3908223685679,1,I,757,6
102.035609477404,72,37.5123857986182,34.4876142013818,0,C,758,6
46.256532123652,72,37.5433400971815,8.71319202647049,1,I,759,6
69.2728702858531,72,37.6374591328204,31.6354111530328,1,C,760,6
47.4539740401781,53.7113195275839,37.6842546835542,9.76971935662394,1,I,761,6
138.281074985026,72,37.7485017897561,34.2514982102439,0,C,762,6
64.9271679316032,72,37.7536703087389,27.1734976228642,1,I,763,6
48.1625273736124,72,37.8374846465886,10.3250427270238,1,C,764,6
65.2363397431564,72,37.9059342015535,27.3304055416029,1,I,765,6
68.9677496549888,49.4242869292393,37.9310352075845,11.4932517216548,0,C,766,6
38.8343593165919,72,37.9557577287778,0.878601587814039,1,I,767,6
63.1061097853789,72,38.0004200013354,25.1056897840435,1,C,768,6
53.1784225372953,72,38.0970708606765,15.0813516766188,1,I,769,6
93.2053623995503,72,38.2326992880553,33.7673007119447,0,C,770,6
74.799690432325,72,38.3368600113317,33.6631399886683,0,I,771,6
65.7154596006064,72,38.3652180153877,27.3502415852187,1,C,772,6
50.4670861981901,56.0794696389438,38.4423135593534,12.0247726388367,1,I,773,6
83.372855393555,72,38.4503786824644,33.5496213175356,0,C,774,6
48.8170680982094,72,38.4673921437934,10.349675954416,1,I,775,6
89.2008075888491,72,38.5521689197049,33.4478310802951,0,C,776,6
47.4655585707965,72,38.5603967774659,8.90516179333053,1,I,777,6
74.7172048836139,72,38.6457637371495,33.3542362628505,0,C,778,6
50.7426864161671,45.4917593069337,38.6809195484966,6.81083975843712,0,I,779,6
39.6423614789397,72,38.6866312706843,0.955730208255412,1,C,780,6
139.754339254887,59.7496102632752,38.7616406008601,20.9879696624151,0,I,781,6
49.6121608164775,72,38.7927320133895,10.819428803088,1,C,782,6
107.197352918609,72,38.918879404664,33.081120595336,0,I,783,6
158.817376157768,72,38.9335787342861,33.0664212657139,0,C,784,6
42.9648605691979,72,38.9385054493323,4.02635511986561,1,I,785,6
51.8395380593613,72,38.9454205753282,12.8941174840331,1,C,786,6
72.1848017293332,72,38.9512011129409,33.0487988870591,0,I,787,6
56.8841767954968,56.5739323807109,38.9946056809276,17.5793266997833,0,C,788,6
47.0768483703185,72,39.0190314827487,8.05781688756983,1,I,789,6
104.499382519599,41.6041823243709,39.1176444059238,2.48653791844713,0,C,790,6
48.2827223215346,72,39.1761738527566,9.10654846877795,1,I,791,6
55.6712677614694,72,39.1979907732457,16.4732769882237,1,C,792,6
60.8550505822685,72,39.3773314962164,21.4777190860522,1,I,793,6
61.1708076421127,72,39.393485407345,21.7773222347677,1,C,794,6
66.6662072986308,46.4299994868185,39.4206362357363,7.00936325108221,0,I,795,6
63.9424931949526,72,39.4799375161529,24.4625556787997,1,C,796,6
45.4065588370335,72,39.5369069790468,5.86965185798672,1,I,797,6
65.6592096349664,72,39.5528781786561,26.1063314563103,1,C,798,6
85.0531655836406,72,39.5958865620196,32.4041134379804,0,I,799,6
47.9027849272595,72,39.6307498728856,8.27203505437387,1,C,800,6
45.5203342023056,50.2625399718241,39.636912276037,5.88342192626854,1,I,801,6
80.7517893604832,72,39.655424351804,32.344575648196,0,C,802,6
210.77603657964,40.1730465219635,39.6590696135536,0.51397690840988,0,I,803,6
86.9715505864814,72,39.6809539245442,32.3190460754558,0,C,804,6
154.874503928745,72,39.6857865527272,32.3142134472728,0,I,805,6
63.2547928265101,72,39.726548739709,23.5282440868012,1,C,806,6
119.905524206592,72,39.8050045687705,32.1949954312295,0,I,807,6
225.238079256218,50.0785825792056,39.8400511778891,10.2385314013165,0,C,808,6
44.7955740927152,72,39.8443271359429,4.95124695677236,1,I,809,6
62.7928282380038,72,39.8774701729417,22.9153580650621,1,C,810,6
43.6684863953936,72,40.0657008541748,3.60278554121883,1,I,811,6
114.243852254049,72,40.1148177450523,31.8851822549477,0,C,812,6
60.5720487484398,72,40.1857744110748,20.386274337365,1,I,813,6
68.1793111190176,72,40.287358649075,27.8919524699426,1,C,814,6
40.4232358261405,72,40.4090292798355,0.0142065463049808,1,I,815,6
46.3694094090374,72,40.4669769946486,5.90243241438887,1,C,816,6
49.7132383332625,72,40.5336601333693,9.17957819989321,1,I,817,6
92.4389413934823,72,40.6620232947171,31.3379767052829,0,C,818,6
45.0197697765849,72,40.7589842984453,4.26078547813963,1,I,819,6
74.1544239464787,72,40.767078269273,31.232921730727,0,C,820,6
51.3030802622356,53.8013270659431,40.8784965192899,10.4245837429457,1,I,821,6
48.761346886019,72,40.9403723990545,7.82097448696455,1,C,822,6
62.1481851408678,72,40.9594241995364,21.1887609413313,1,I,823,6
50.9225146660298,72,40.9609720576555,9.96154260837438,1,C,824,6
61.6953001208184,72,40.9668405773118,20.7284595435066,1,I,825,6
105.305589763143,72,41.0373282199726,30.9626717800275,0,C,826,6
70.0180867078154,72,41.0622318880633,28.9558548197521,1,I,827,6
75.271802226355,72,41.2674879748374,30.7325120251626,0,C,828,6
76.59034065525,72,41.3932267762721,30.6067732237279,0,I,829,6
53.3640161073074,72,41.4049602812156,11.9590558260918,1,C,830,6
153.163567553953,63.517514597076,41.4089555712417,22.1085590258343,0,I,831,6
49.6730532344192,72,41.4338032761589,8.23924995826035,1,C,832,6
59.9570500933734,72,41.4782747626305,18.478775330743,1,I,833,6
55.883858325609,72,41.5129328984767,14.3709254271323,1,C,834,6
66.4332418965922,72,41.5709079382941,24.8623339582981,1,I,835,6
103.912273477155,72,41.6268215607852,30.3731784392148,0,C,836,6
72.2704328760661,70.7389659436283,41.7258109711111,29.0131549725172,0,I,837,6
108.165383845521,72,41.7306345049292,30.2693654950708,0,C,838,6
85.9512035541884,72,41.7397988308221,30.2602011691779,0,I,839,6
50.4077139568821,61.1134220931027,41.7450222792104,8.66269167767173,1,C,840,6
71.9313966162397,72,41.7452636361122,30.1861329801275,1,I,841,6
57.2604599434463,72,41.7605631519109,15.4998967915354,1,C,842,6
154.181298629004,72,41.7615615343675,30.2384384656325,0,I,843,6
124.874113644805,72,41.7835702886805,30.2164297113195,0,C,844,6
169.707695195748,72,41.8393089808524,30.1606910191476,0,I,845,6
44.8292870578542,72,41.9135452760384,2.91574178181585,1,C,846,6
45.8961617383968,72,41.9261740660295,3.96998767236729,1,I,847,6
43.8020465763813,72,41.9595832424238,1.84246333395751,1,C,848,6
46.7257801353946,72,42.1216424787417,4.60413765665289,1,I,849,6
134.528890046308,72,42.2237551957369,29.7762448042631,0,C,850,6
158.382222309552,72,42.2875169059262,29.7124830940738,0,I,851,6
63.2012277177637,72,42.2923996858299,20.9088280319338,1,C,852,6
102.08330857471,72,42.369736880064,29.630263119936,0,I,853,6
89.1175357969247,72,42.3962827865034,29.6037172134966,0,C,854,6
74.1138113777974,72,42.443786105141,29.556213894859,0,I,855,6
133.650000987476,72,42.4788477318361,29.5211522681639,0,C,856,6
43.0150252025638,72,42.5208509154618,0.494174287102019,1,I,857,6
43.8107481728313,62.7008477822862,42.620413955301,1.19033421753021,1,C,858,6
48.1374900376755,72,42.6228217408061,5.51466829686936,1,I,859,6
89.7899114526849,72,42.652954752557,29.347045247443,0,C,860,6
45.435986288263,72,42.6829731976613,2.75301309060161,1,I,861,6
63.1423517597215,72,42.7264101337642,20.4159416259574,1,C,862,6
47.1038099423233,72,42.7599233016372,4.3438866406861,1,I,863,6
76.233311073445,72,42.842051256448,29.157948743552,0,C,864,6
50.4015213172198,72,42.8476062649861,7.55391505223364,1,I,865,6
51.5630580868402,72,42.8612686274573,8.70178945938282,1,C,866,6
76.2802740901377,72,43.0000712256879,28.9999287743121,0,I,867,6
216.658178695916,72,43.0205917311832,28.9794082688168,0,C,868,6
120.195956732532,72,43.0592640442774,28.9407359557226,0,I,869,6
70.3639935798507,72,43.0691491579637,27.294844421887,1,C,870,6
258.405754267429,72,43.0791621375829,28.9208378624171,0,I,871,6
86.9012032362005,72,43.1681915419176,28.8318084580824,0,C,872,6
88.514695789761,46.3540575860662,43.179379189387,3.17467839667922,0,I,873,6
90.5475071068879,72,43.3691483130679,28.6308516869322,0,C,874,6
167.264371927156,72,43.3716922067106,28.6283077932894,0,I,875,6
87.311208911772,72,43.4113492397591,28.5886507602409,0,C,876,6
106.51798570902,72,43.419895330444,28.580104669556,0,I,877,6
77.9805835170247,62.1973959645531,43.4266618452966,18.7707341192565,0,C,878,6
53.304979779197,72,43.4344044467434,9.87057533245353,1,I,879,6
60.5447506555673,72,43.4501027036458,17.0946479519214,1,C,880,6
67.1421166629336,72,43.4804281778634,23.6616884850702,1,I,881,6
57.7567448687368,72,43.4807606739923,14.2759841947444,1,C,882,6
50.4353810597782,72,43.542717047967,6.89266401181119,1,I,883,6
125.274734614887,70.6034176493239,43.5543841822073,27.0490334671166,0,C,884,6
158.781883821265,72,43.6087801214308,28.3912198785692,0,I,885,6
54.9414627851168,72,43.6664426419884,11.2750201431284,1,C,886,6
116.073690703967,72,43.7131479475647,28.2868520524353,0,I,887,6
60.3700116584879,72,43.7186670396477,16.6513446188402,1,C,888,6
99.5948199643019,72,43.7648346740752,28.2351653259248,0,I,889,6
79.6203225200844,47.891719954882,43.7912673968822,4.10045255799979,0,C,890,6
50.2432397888784,72,43.8127863407135,6.43045344816486,1,I,891,6
71.7220285700726,72,43.8285297621042,27.8934988079684,1,C,892,6
52.5327019769017,47.270481528993,43.8905006088316,3.37998092016137,0,I,893,6
51.6704879357184,72,43.8926415005699,7.77784643514855,1,C,894,6
75.4593931556452,72,43.9613201469183,28.0386798530817,0,I,895,6
58.7265334287394,72,43.9761066203937,14.7504268083457,1,C,896,6
103.5947828625,72,44.0399275487289,27.9600724512711,0,I,897,6
92.9782898017238,72,44.0828451002017,27.9171548997983,0,C,898,6
86.497483669375,72,44.0933010634035,27.9066989365965,0,I,899,6
50.3228086828247,72,44.1310361260548,6.19177255676985,1,C,900,6
59.2420408439559,44.6628417021589,44.1948761651292,0.467965537029699,0,I,901,6
65.9968581377545,72,44.2179159773514,21.7789421604031,1,C,902,6
44.8343135517086,72,44.2953155888245,0.538997962884188,1,I,903,6
86.0556640552253,72,44.30252938997,27.69747061003,0,C,904,6
44.7966796119686,67.9420069811135,44.3528702761978,0.443809335770837,1,I,905,6
79.0900199323163,72,44.3768740911037,27.6231259088963,0,C,906,6
101.549772012506,72,44.4126090081409,27.5873909918591,0,I,907,6
67.36859877864,72,44.4433091813698,22.9252895972702,1,C,908,6
50.4107649156075,59.8073504973518,44.6089529804885,5.80181193511892,1,I,909,6
239.406040023987,48.7664492450781,44.629908031784,4.13654121329407,0,C,910,6
45.7780567876187,72,44.6314938878641,1.14656289975463,1,I,911,6
82.0355815796567,72,44.6580780437216,27.3419219562784,0,C,912,6
107.813549534331,72,44.7363873291761,27.2636126708239,0,I,913,6
73.4532174361406,57.893797991928,44.7380807809532,13.1557172109748,0,C,914,6
45.2592557672406,72,44.8819469986483,0.377308768592226,1,I,915,6
50.8823804337177,72,44.8970634536818,5.9853169800359,1,C,916,6
187.421579641028,72,44.9112539738417,27.0887460261583,0,I,917,6
68.9738775621474,72,44.9338091863319,24.0400683758155,1,C,918,6
52.8642378092085,46.5754575293989,44.9592023715377,1.6162551578612,0,I,919,6
53.1217424632914,72,45.029306137003,8.09243632628843,1,C,920,6
96.7091534765697,72,45.0639753928408,26.9360246071592,0,I,921,6
83.3969870471542,72,45.1677904324606,26.8322095675394,0,C,922,6
128.046619085178,72,45.1721903728321,26.8278096271679,0,I,923,6
117.155358473155,72,45.19264746923,26.80735253077,0,C,924,6
54.2139646177141,72,45.2515482483432,8.96241636937088,1,I,925,6
110.676953883886,72,45.2544700540602,26.7455299459398,0,C,926,6
57.7686527687191,72,45.3181960852817,12.4504566834374,1,I,927,6
49.1063695345477,72,45.4003142751753,3.70605525937239,1,C,928,6
63.8344076845586,72,45.4564868705347,18.3779208140239,1,I,929,6
47.6482397942094,72,45.4654132761061,2.18282651810331,1,C,930,6
87.4604366809699,72,45.5423700856045,26.4576299143955,0,I,931,6
54.615540190296,72,45.6485825730488,8.96695761724726,1,C,932,6
137.33448495562,72,45.7131764385849,26.2868235614151,0,I,933,6
71.0493579542586,72,45.7174183381721,25.3319396160865,1,C,934,6
101.145962968808,72,45.7383057614788,26.2616942385212,0,I,935,6
122.824036318734,72,45.8196780318394,26.1803219681606,0,C,936,6
73.2287407089788,72,45.8418800868094,26.1581199131906,0,I,937,6
89.4430555296194,72,45.8732274547219,26.1267725452781,0,C,938,6
53.9851379636587,72,45.9042725572363,8.08086540642248,1,I,939,6
61.5425966293543,72,45.9546473622322,15.5879492671221,1,C,940,6
68.8708395173267,72,46.0136685613543,22.8571709559724,1,I,941,6
140.556217352315,72,46.0440736217424,25.9559263782576,0,C,942,6
106.305535767632,69.3704021579448,46.0555545659736,23.3148475919713,0,I,943,6
48.2645126483656,72,46.0852285288274,2.17928411953814,1,C,944,6
67.154497370464,65.4380835216449,46.125265751034,19.3128177706109,0,I,945,6
60.6125179610585,72,46.1497382679954,14.4627796930631,1,C,946,6
51.4907295580883,72,46.2965561030433,5.19417345504507,1,I,947,6
68.7372985541761,50.9004534360676,46.3330305553973,4.56742288067031,0,C,948,6
58.1456909126085,72,46.3732345495373,11.7724563630711,1,I,949,6
96.850855369095,72,46.4525818778202,25.5474181221798,0,C,950,6
66.4344218335862,72,46.4902350772172,19.9441867563689,1,I,951,6
99.6243170049259,72,46.5914437640458,25.4085562359542,0,C,952,6
74.3596246446468,72,46.6154090920463,25.3845909079537,0,I,953,6
132.140842406333,72,46.6156646423042,25.3843353576958,0,C,954,6
117.7930031612,72,46.6648213611916,25.3351786388084,0,I,955,6
71.6973210235051,72,46.8167811445892,24.8805398789159,1,C,956,6
103.711895093898,72,46.8188056536019,25.1811943463981,0,I,957,6
76.2322321716587,72,46.8290423043072,25.1709576956928,0,C,958,6
136.469526110025,72,46.851993505843,25.148006494157,0,I,959,6
169.830121112205,72,46.8687893310562,25.1312106689438,0,C,960,6
58.3183250352051,72,46.8688208051026,11.4495042301025,1,I,961,6
117.916856827591,72,46.9039122154936,25.0960877845064,0,C,962,6
198.982987029816,72,46.9210682949051,25.0789317050949,0,I,963,6
51.4258009589269,72,46.9252597074956,4.50054125143129,1,C,964,6
69.2514602366689,57.7261284814489,47.0584964565933,10.6676320248556,0,I,965,6
82.0546741455228,72,47.1085423836485,24.8914576163515,0,C,966,6
50.7470051173826,72,47.1236194577068,3.62338565967582,1,I,967,6
116.213397736358,72,47.1415102109313,24.8584897890687,0,C,968,6
51.4068080007084,72,47.160591292195,4.24621670851337,1,I,969,6
65.2471281375037,72,47.272440274246,17.9746878632576,1,C,970,6
119.171086104339,72,47.2841767687351,24.715823231265,0,I,971,6
83.7367010725575,72,47.2842122241855,24.7157877758145,0,C,972,6
73.8468316008042,72,47.4161709146574,24.5838290853426,0,I,973,6
71.3877376619093,72,47.5104595720768,23.8772780898325,1,C,974,6
179.878685043255,72,47.5331270322204,24.4668729677796,0,I,975,6
61.8326005606427,72,47.6302632177249,14.2023373429178,1,C,976,6
65.0988640843063,72,47.65169786755,17.4471662167564,1,I,977,6
56.6365193019726,72,47.699613282457,8.93690601951562,1,C,978,6
85.8706564140331,72,47.8902041818947,24.1097958181053,0,I,979,6
77.5759956726348,72,47.8946574870497,24.1053425129503,0,C,980,6
69.3954512204158,72,47.9498533252627,21.4455978951531,1,I,981,6
74.0326207815085,72,47.9536302387714,24.0463697612286,0,C,982,6
98.6633680346456,72,47.9670476121828,24.0329523878172,0,I,983,6
80.0238071312755,72,48.2055000029504,23.7944999970496,0,C,984,6
95.7648716835696,72,48.3381910482422,23.6618089517579,0,I,985,6
73.1001806129389,72,48.3415076835081,23.6584923164919,0,C,986,6
88.9225582626483,72,48.5829218337312,23.4170781662688,0,I,987,6
49.1890658095015,72,48.632677718997,0.556388090504541,1,C,988,6
139.167124352032,56.3799200575196,48.7002140516415,7.67970600587806,0,I,989,6
121.241140809185,72,48.7420137226582,23.2579862773418,0,C,990,6
107.309873198318,70.4848191157368,48.7747029354796,21.7101161802572,0,I,991,6
51.6345768534097,72,48.7752760201693,2.85930083324041,1,C,992,6
56.3361193384041,72,48.8417475577444,7.49437178065972,1,I,993,6
86.6403145033104,72,48.8508203113452,23.1491796886548,0,C,994,6
85.5523456293354,72,48.8840706227347,23.1159293772653,0,I,995,6
201.785881325102,72,48.9289189316332,23.0710810683668,0,C,996,6
58.5333482960452,72,49.0136444661766,9.51970382986854,1,I,997,6
58.3499647714651,72,49.1369782481343,9.21298652333082,1,C,998,6
51.6106599785088,72,49.2075083451346,2.40315163337424,1,I,999,6
61.5947593708746,72,49.2164043802768,12.3783549905978,1,C,1000,6
69.2596282512421,72,49.3825494870544,19.8770787641877,1,I,1001,6
57.4438708993572,72,49.4602252822369,7.98364561712027,1,C,1002,6
257.578515832458,72,49.5110489800572,22.4889510199428,0,I,1003,6
182.394934310122,72,49.5255700545386,22.4744299454615,0,C,1004,6
69.5743524553516,72,49.5819081785157,19.9924442768358,1,I,1005,6
51.2100543644093,62.2494662946936,49.5877470541745,1.62230731023476,1,C,1006,6
54.9685277097185,72,49.6957392990589,5.27278841065957,1,I,1007,6
65.5202705027347,72,49.920868864283,15.5994016384517,1,C,1008,6
62.7988392930898,72,50.0212527718395,12.7775865212502,1,I,1009,6
79.6040080323037,72,50.0240861065686,21.9759138934314,0,C,1010,6
89.1167002101507,72,50.0993038946763,21.9006961053237,0,I,1011,6
120.329487544457,72,50.1601377781481,21.8398622218519,0,C,1012,6
98.9548049653202,72,50.19790828228,21.80209171772,0,I,1013,6
166.420226367119,72,50.1989571517333,21.8010428482667,0,C,1014,6
80.6002859770153,72,50.240618227981,21.759381772019,0,I,1015,6
130.921677087262,72,50.3348270477727,21.6651729522273,0,C,1016,6
218.25616116552,72,50.5106063000858,21.4893936999142,0,I,1017,6
174.952702088282,72,50.5420687654987,21.4579312345013,0,C,1018,6
53.7819485971052,72,50.5738440714777,3.20810452562751,1,I,1019,6
55.6379037039626,72,50.8555267984048,4.78237690555781,1,C,1020,6
251.959700878043,72,50.9283881960437,21.0716118039563,0,I,1021,6
54.8127415520487,72,50.9432543255389,3.86948722650979,1,C,1022,6
112.756677271235,72,50.9461326990277,21.0538673009723,0,I,1023,6
89.5633823600142,72,50.9633555542678,21.0366444457322,0,C,1024,6
67.4352178261131,72,51.0351539589465,16.4000638671666,1,I,1025,6
116.261648318865,72,51.058404436335,20.941595563665,0,C,1026,6
67.7031124375093,72,51.2435069913045,16.4596054462048,1,I,1027,6
59.4138046599563,64.2340118119697,51.3496710313484,8.06413362860789,1,C,1028,6
103.011990562136,72,51.3504650909454,20.6495349090546,0,I,1029,6
75.1763023788655,72,51.5458298893645,20.4541701106355,0,C,1030,6
72.3843127001809,72,51.6014579264447,20.3985420735553,0,I,1031,6
72.8868929115531,72,51.6163613274694,20.3836386725307,0,C,1032,6
79.74579695095,72,51.6275557642803,20.3724442357197,0,I,1033,6
155.104751914522,72,51.6650779685006,20.3349220314994,0,C,1034,6
62.2219100100672,72,51.6809633793309,10.5409466307363,1,I,1035,6
86.0711850844934,72,51.7614615289494,20.2385384710506,0,C,1036,6
63.0938113530064,72,51.8282775348052,11.2655338182011,1,I,1037,6
90.9903170642276,72,51.8623270606622,20.1376729393378,0,C,1038,6
79.2519262498859,54.1782300047297,51.8658991204575,2.31233088427223,0,I,1039,6
145.003535291566,72,51.9541983492672,20.0458016507328,0,C,1040,6
77.8072711421973,72,52.0076195569709,19.9923804430291,0,I,1041,6
57.4798673298802,72,52.059586532414,5.42028079746622,1,C,1042,6
167.974441109138,64.5170904125911,52.0694539183751,12.4476364942161,0,I,1043,6
154.715266090538,72,52.1120960824192,19.8879039175808,0,C,1044,6
125.660331717077,72,52.1398491365835,19.8601508634165,0,I,1045,6
82.5237529539267,72,52.1671853028238,19.8328146971762,0,C,1046,6
76.989649550241,72,52.174135115929,19.8258648840711,0,I,1047,6
266.387438651772,69.6930097718448,52.1842963015661,17.5087134702787,0,C,1048,6
69.7652216074681,72,52.2181263193488,17.5470952881193,1,I,1049,6
56.8870718314784,72,52.2329336777329,4.6541381537455,1,C,1050,6
105.623789601493,72,52.4611153453589,19.5388846546412,0,I,1051,6
65.3530238424672,72,52.4810775043443,12.8719463381229,1,C,1052,6
65.6693084389123,72,52.5769149838015,13.0923934551107,1,I,1053,6
69.9220085733042,72,52.6170371007174,17.3049714725868,1,C,1054,6
72.7521541848634,72,52.6507718721405,19.3492281278595,0,I,1055,6
100.047507586779,72,52.7337742131203,19.2662257868797,0,C,1056,6
73.8794782276643,72,52.7787769027054,19.2212230972946,0,I,1057,6
73.8229869941639,72,52.8002016060054,19.1997983939946,0,C,1058,6
89.6397745907359,72,52.8285475261509,19.1714524738491,0,I,1059,6
64.0864058391718,72,52.943198424764,11.1432074144078,1,C,1060,6
184.654580873484,72,52.9779230151326,19.0220769848675,0,I,1061,6
123.432438360958,72,52.9976188531146,19.0023811468855,0,C,1062,6
93.866621719239,72,53.0725983856246,18.9274016143754,0,I,1063,6
124.36623534569,72,53.07882017456,18.9211798254401,0,C,1064,6
71.2897483527467,72,53.0919804191217,18.197767933625,1,I,1065,6
129.473716336402,72,53.2575144572184,18.7424855427817,0,C,1066,6
74.5762793101622,72,53.2703884877265,18.7296115122736,0,I,1067,6
124.752331336528,72,53.3703741570935,18.6296258429065,0,C,1068,6
86.1327674924198,72,53.5665909480304,18.4334090519697,0,I,1069,6
65.7337194228861,54.3703893491434,53.5748225916177,0.795566757525656,0,C,1070,6
53.6386032505397,72,53.5917497612536,0.0468534892861023,1,I,1071,6
75.5337556191265,72,53.6773988977075,18.3226011022925,0,C,1072,6
88.6477066151117,72,53.6813798826188,18.3186201173812,0,I,1073,6
61.6706974207096,72,53.7086823536083,7.96201506710128,1,C,1074,6
76.413131029246,72,53.7350775115192,18.2649224884808,0,I,1075,6
111.239261548917,72,53.7435051519424,18.2564948480576,0,C,1076,6
57.8692951595877,72,53.7594285886735,4.10986657091424,1,I,1077,6
59.1598141048964,72,53.8335308991373,5.32628320575911,1,C,1078,6
66.0417743349234,72,53.8546058675274,12.187168467396,1,I,1079,6
238.278339364398,72,53.923153267242,18.076846732758,0,C,1080,6
59.7957343347948,72,53.9264447009191,5.86928963387572,1,I,1081,6
108.661120016896,72,54.0334095899016,17.9665904100984,0,C,1082,6
70.1961721588843,72,54.1400910029188,16.0560811559655,1,I,1083,6
55.1406105112722,72,54.1732020210475,0.967408490224751,1,C,1084,6
60.3691150975422,72,54.19468796812,6.17442712942224,1,I,1085,6
102.717800333883,72,54.2308737616986,17.7691262383014,0,C,1086,6
166.240160954619,72,54.2797225434333,17.7202774565667,0,I,1087,6
72.8395914115478,72,54.3093038862571,17.6906961137429,0,C,1088,6
67.1005156694581,72,54.3352883169428,12.7652273525153,1,I,1089,6
76.3002912056555,72,54.3831276800484,17.6168723199517,0,C,1090,6
85.2648655283717,72,54.418279370293,17.581720629707,0,I,1091,6
65.4533544381583,72,54.5067446585745,10.9466097795838,1,C,1092,6
62.1510316034035,72,54.5204664068297,7.63056519657385,1,I,1093,6
80.2109035979556,72,54.5429011015222,17.4570988984779,0,C,1094,6
204.394120064946,72,54.5967301446945,17.4032698553056,0,I,1095,6
107.466382218755,60.370238573921,54.6276423102245,5.74259626369653,0,C,1096,6
180.933576699387,72,54.6375885140151,17.3624114859849,0,I,1097,6
60.4264082682981,72,54.6397613268346,5.78664694146354,1,C,1098,6
60.9432182855032,72,54.6398071898148,6.30341109568842,1,I,1099,6
67.2748860307926,72,54.7507434803993,12.5241425503933,1,C,1100,6
68.0151883295578,61.6579614788677,54.7940267482773,6.86393473059041,0,I,1101,6
72.5091927835555,72,54.8074539843947,17.1925460156053,0,C,1102,6
102.26051738702,62.5959148443109,54.832908064127,7.76300678018396,0,I,1103,6
76.7179426083143,72,54.9145493097603,17.0854506902397,0,C,1104,6
80.5217191141442,72,54.9278126657009,17.0721873342991,0,I,1105,6
134.258295638764,72,54.9378151260316,17.0621848739684,0,C,1106,6
56.894029110049,72,54.9459261540324,1.94810295601666,1,I,1107,6
66.4139331831865,72,55.0014048535377,11.4125283296488,1,C,1108,6
193.564258403646,72,55.0342592177913,16.9657407822087,0,I,1109,6
133.910766252974,72,55.0350750703365,16.9649249296635,0,C,1110,6
56.0774245838683,62.2196544650331,55.0387047138065,1.03871987006183,1,I,1111,6
141.895842170429,72,55.0473034987226,16.9526965012774,0,C,1112,6
70.5818046499971,72,55.0720629561693,15.5097416938278,1,I,1113,6
99.724641864677,72,55.1945932907984,16.8054067092016,0,C,1114,6
91.8386798726609,72,55.2779492503032,16.7220507496968,0,I,1115,6
100.338801085304,72,55.2802385156974,16.7197614843026,0,C,1116,6
61.5173231818908,72,55.2916132332757,6.22570994861511,1,I,1117,6
90.0977840286321,72,55.2948755817488,16.7051244182512,0,C,1118,6
62.6970307462147,72,55.3731427760795,7.32388797013523,1,I,1119,6
85.1782180303508,72,55.4119790671393,16.5880209328607,0,C,1120,6
174.202941884162,72,55.4409190127626,16.5590809872374,0,I,1121,6
64.2847563718292,72,55.4555815877393,8.82917478408989,1,C,1122,6
108.171633996383,72,55.4696646658704,16.5303353341296,0,I,1123,6
67.5124241642802,60.0089785715523,55.5260440148413,4.48293455671099,0,C,1124,6
62.5701706654765,72,55.5446736188605,7.02549704661596,1,I,1125,6
76.3823115786879,72,55.5495933210477,16.4504066789523,0,C,1126,6
77.9730598943313,72,55.5502458801493,16.4497541198507,0,I,1127,6
56.7181013843755,62.0207418799893,55.6828471412882,1.03525424308729,1,C,1128,6
57.6390532328455,72,55.8189083542675,1.820144878578,1,I,1129,6
59.371706935531,72,55.8571138931438,3.51459304238714,1,C,1130,6
94.2030725869272,72,55.8639293303713,16.1360706696287,0,I,1131,6
174.001348542948,72,55.9214241150767,16.0785758849233,0,C,1132,6
117.236954792731,70.3169571278064,55.9443697007373,14.3725874270691,0,I,1133,6
56.0738766117626,72,55.9562788903713,0.117597721391231,1,C,1134,6
123.788973186759,72,55.9765830589458,16.0234169410542,0,I,1135,6
166.688790129074,72,56.11093419604,15.88906580396,0,C,1136,6
60.8518455105901,72,56.1540657095611,4.69777980102894,1,I,1137,6
151.511684159498,62.9616652663666,56.1784481629729,6.78321710339367,0,C,1138,6
83.085145130463,58.579949718691,56.212171940133,2.36777777855806,0,I,1139,6
80.8946857213229,72,56.2239044671878,15.7760955328122,0,C,1140,6
58.7347063975114,72,56.3257389469072,2.40896745060414,1,I,1141,6
74.2762171629884,72,56.3484035152942,15.6515964847058,0,C,1142,6
66.3131024632337,60.3441194710189,56.387070841156,3.95704862986299,0,I,1143,6
107.907889811456,72,56.4206500165165,15.5793499834836,0,C,1144,6
113.914692622982,72,56.617901371792,15.382098628208,0,I,1145,6
64.4523784387112,72,56.6282996675,7.82407877121124,1,C,1146,6
68.6734908794742,72,56.6339385649189,12.0395523145552,1,I,1147,6
70.8895871973619,72,56.9641271419823,13.9254600553796,1,C,1148,6
167.882996884174,72,56.9870803272352,15.0129196727648,0,I,1149,6
163.355402791705,72,57.0022501749918,14.9977498250082,0,C,1150,6
72.1949363725879,72,57.022665347904,14.977334652096,0,I,1151,6
309.038364684581,72,57.0560311479494,14.9439688520506,0,C,1152,6
116.559011654431,72,57.06650106702,14.93349893298,0,I,1153,6
90.1551403763567,72,57.0800422411412,14.9199577588588,0,C,1154,6
63.7634955649353,72,57.0835600001738,6.67993556476157,1,I,1155,6
123.275395834852,72,57.1000873250887,14.8999126749113,0,C,1156,6
92.761040913253,72,57.2752038622275,14.7247961377725,0,I,1157,6
69.878989663412,72,57.2833550814539,12.5956345819581,1,C,1158,6
94.2893013261052,60.8944596206155,57.2973220143467,3.5971376062688,0,I,1159,6
67.664070119098,72,57.3654403863475,10.2986297327505,1,C,1160,6
74.6606780982121,72,57.4430265650153,14.5569734349847,0,I,1161,6
93.4070057758001,72,57.4450506130233,14.5549493869767,0,C,1162,6
83.3466909984525,72,57.611022926867,14.388977073133,0,I,1163,6
113.284748141126,72,57.6290833298117,14.3709166701883,0,C,1164,6
96.5328627404131,72,57.6291327690706,14.3708672309294,0,I,1165,6
68.0871388938572,72,57.7014308888465,10.3857080050107,1,C,1166,6
62.2033780364332,72,57.7240912942216,4.47928674221157,1,I,1167,6
80.708612257654,72,57.7809263812378,14.2190736187622,0,C,1168,6
59.2793489406675,72,57.7950452221558,1.48430371851173,1,I,1169,6
88.5686463388175,72,57.7960157068446,14.2039842931554,0,C,1170,6
105.411919257479,72,57.8844228945673,14.1155771054327,0,I,1171,6
79.1611514220786,72,57.8988463059068,14.1011536940932,0,C,1172,6
128.607697927384,72,57.9154255567119,14.0845744432881,0,I,1173,6
130.348626967025,72,57.9510575439781,14.0489424560219,0,C,1174,6
65.8861120200584,72,57.9945989185944,7.891513101464,1,I,1175,6
87.333213687842,72,58.0407206481323,13.9592793518677,0,C,1176,6
76.6549990220345,72,58.188733602874,13.811266397126,0,I,1177,6
116.32281577319,72,58.2273322250694,13.7726677749306,0,C,1178,6
116.23973495243,72,58.3123038662598,13.6876961337402,0,I,1179,6
83.9448975219797,72,58.3546825032681,13.6453174967319,0,C,1180,6
71.6939238500819,72,58.4795929212123,13.2143309288696,1,I,1181,6
70.0457890364217,72,58.5923773376271,11.4534116987946,1,C,1182,6
88.401173664383,72,58.7615667795762,13.2384332204238,0,I,1183,6
62.4243138943392,67.5110569187203,58.8598619308323,3.56445196350695,1,C,1184,6
74.2432883362163,72,58.8739314023405,13.1260685976595,0,I,1185,6
85.0434996298355,72,58.8835792383179,13.1164207616821,0,C,1186,6
59.9377005925519,72,58.9128914102912,1.02480918226075,1,I,1187,6
59.8695212200556,72,58.973169378005,0.896351842050645,1,C,1188,6
142.929632272552,72,59.0610404172912,12.9389595827088,0,I,1189,6
70.83599203385,72,59.1157037671655,11.7202882666844,1,C,1190,6
73.0120431384915,72,59.1191400540993,12.8808599459007,0,I,1191,6
73.8624280397215,72,59.136473913677,12.863526086323,0,C,1192,6
72.2677440006201,72,59.1972880996764,12.8027119003236,0,I,1193,6
59.3711082336676,72,59.2034764308482,0.167631802819354,1,C,1194,6
63.9089066604472,72,59.2293087160215,4.67959794442576,1,I,1195,6
95.4850130778264,72,59.3265920877457,12.6734079122543,0,C,1196,6
78.3262177090835,72,59.3472244637087,12.6527755362913,0,I,1197,6
72.8446013206914,72,59.4247952196747,12.5752047803253,0,C,1198,6
109.645368389529,72,59.4255124451593,12.5744875548407,0,I,1199,6
69.8680066936183,72,59.4655163772404,10.4024903163779,1,C,1200,6
65.6334128729045,72,59.5231221383438,6.11029073456075,1,I,1201,6
68.5576200753725,72,59.5416520116851,9.01596806368745,1,C,1202,6
63.9462068851485,72,59.5507727516815,4.39543413346699,1,I,1203,6
67.0204287742013,72,59.6362242707983,7.38420450340306,1,C,1204,6
127.41259166085,72,59.638323741965,12.361676258035,0,I,1205,6
116.592722669697,72,59.6637819427997,12.3362180572003,0,C,1206,6
63.1501330563301,72,59.7465189406648,3.40361411566525,1,I,1207,6
157.388713173235,72,59.7495661536232,12.2504338463768,0,C,1208,6
167.238534067747,72,59.7644582530484,12.2355417469516,0,I,1209,6
90.9531859762442,72,59.7852888889611,12.2147111110389,0,C,1210,6
73.3562348782223,72,59.8550223978236,12.1449776021764,0,I,1211,6
124.675279449993,72,59.9041367881,12.0958632119,0,C,1212,6
94.4818053673951,72,59.9121416872367,12.0878583127633,0,I,1213,6
99.4660484235001,72,59.9335364392027,12.0664635607973,0,C,1214,6
138.946766553866,72,59.9660107959062,12.0339892040938,0,I,1215,6
77.7140515883552,72,59.9668720224872,12.0331279775128,0,C,1216,6
104.083431117943,72,59.9758737813681,12.0241262186319,0,I,1217,6
92.5833050916611,72,59.9908224167302,12.0091775832698,0,C,1218,6
0.772009187037994,42.7927947798834,0.191708318889141,0.580300868148853,1,C,1,7
31.3553277071665,72,0.21193855907768,31.1433891480888,1,I,2,7
16.5791533236692,72,0.225731902755797,16.3534214209134,1,C,3,7
36.8375829794412,18.1109933981196,0.228652856312692,17.8823405418069,0,I,4,7
38.3051099546105,72,0.291323731653392,38.0137862229571,1,C,5,7
5.89308394034595,72,0.341039746999741,5.55204419334621,1,I,6,7
17.03554026139,72,0.441190497949719,16.5943497634402,1,C,7,7
38.4779619181517,72,0.442079692147672,38.035882226004,1,I,8,7
39.8973644384163,3.91422617179877,0.504302526824176,3.40992364497459,0,C,9,7
2.80263757125242,72,0.505854436196387,2.29678313505603,1,I,10,7
77.6238568625047,72,0.509993070736527,71.4900069292635,0,C,11,7
8.9416567105593,20.9212447115326,0.607869154773653,8.33378755578565,1,I,12,7
8.75500923911007,72,0.643515922129154,8.11149331698092,1,C,13,7
15.6546021782149,72,0.823991359211505,14.8306108190034,1,I,14,7
28.2514099921744,72,0.866342978551984,27.3850670136224,1,C,15,7
21.0956937782938,61.063976191363,0.925904125906527,20.1697896523873,1,I,16,7
50.368348252659,54.1298567110076,0.937130469828844,49.4312177828301,1,C,17,7
19.2216387463486,72,0.945698521099985,18.2759402252486,1,I,18,7
28.8196111559146,72,1.02135684806854,27.7982543078461,1,C,19,7
26.8796767102869,19.9861157212429,1.08300028368831,18.9031154375546,0,I,20,7
150.556567355463,67.8691090523382,1.09254548326135,66.7765635690769,0,C,21,7
4.53051928752061,72,1.13024335820228,3.40027592931833,1,I,22,7
10.8105602621094,72,1.13172390963882,9.6788363524706,1,C,23,7
3.66828873856307,72,1.23044414911419,2.43784458944887,1,I,24,7
68.974559323895,72,1.29233635962009,67.6822229642749,1,C,25,7
4.90734451446329,39.66203010259,1.38689733110368,3.52044718335961,1,I,26,7
107.047082065515,19.4612428610788,1.40910997521132,18.0521328858674,0,C,27,7
31.2472467467063,65.8304539648457,1.41100837849081,29.8362383682155,1,I,28,7
14.2218369793955,72,1.42072304617614,12.8011139332193,1,C,29,7
44.0000116250519,72,1.42814727500081,42.5718643500511,1,I,30,7
163.484398609824,72,1.44916174001992,70.5508382599801,0,C,31,7
15.8393400434149,72,1.51744139380753,14.3218986496074,1,I,32,7
12.9301842908525,72,1.65580478031188,11.2743795105406,1,C,33,7
8.13817492572318,72,1.68087382335216,6.45730110237103,1,I,34,7
8.95050268293137,72,1.71608414500952,7.23441853792185,1,C,35,7
24.9826537109021,69.418093708549,1.74214135855436,23.2405123523478,1,I,36,7
25.9338215442184,72,1.79907591082156,24.1347456333968,1,C,37,7
29.5727480024022,72,1.84835853986442,27.7243894625378,1,I,38,7
56.2633930669236,72,1.87190918717533,54.3914838797482,1,C,39,7
50.250408468004,72,1.88784325495362,48.3625652130503,1,I,40,7
24.7160291547093,72,1.91005503293127,22.805974121778,1,C,41,7
54.2005447969225,72,1.93296127952635,52.2675835173961,1,I,42,7
22.747588947399,72,2.0914410520345,20.6561478953645,1,C,43,7
50.46853845711,72,2.09174789953977,48.3767905575702,1,I,44,7
57.1393599176789,72,2.09322335198522,55.0461365656937,1,C,45,7
81.1098052349407,72,2.11841313634068,69.8815868636593,0,I,46,7
56.608613619543,72,2.14151356369257,54.4671000558505,1,C,47,7
22.323747598312,55.5451336003386,2.21631035674363,20.1074372415683,1,I,48,7
120.878924925138,72,2.37269361969084,69.6273063803092,0,C,49,7
38.1309879101205,72,2.451430731453,35.6795571786675,1,I,50,7
44.3497812039357,70.3668286878017,2.54056006204337,41.8092211418923,1,C,51,7
13.6856864980178,30.0950364344673,2.55154496524483,11.1341415327729,1,I,52,7
71.097941972613,72,2.59073747321963,68.5072044993934,1,C,53,7
82.7739387566571,72,2.60654740501195,69.3934525949881,0,I,54,7
41.9101050622326,72,2.63950710184872,39.2705979603838,1,C,55,7
34.4420464519304,72,2.66481511294842,31.777231338982,1,I,56,7
30.7455725391844,72,2.84963530953974,27.8959372296447,1,C,57,7
23.4537099013682,72,2.88819534704089,20.5655145543273,1,I,58,7
172.559451185872,72,2.98097176942974,69.0190282305703,0,C,59,7
82.3237378910919,72,2.99211295321584,69.0078870467842,0,I,60,7
15.5470418657056,72,3.12569213099778,12.4213497347079,1,C,61,7
86.1025668475251,72,3.21469319052994,68.7853068094701,0,I,62,7
5.8890087120971,45.4262064597855,3.23419023770839,2.65481847438871,1,C,63,7
85.8314558215106,72,3.24334221426398,68.756657785736,0,I,64,7
14.226913877897,68.460662620256,3.24915041215718,10.9777634657398,1,C,65,7
217.221670229451,72,3.29836334567517,68.7016366543248,0,I,66,7
87.9206219499693,72,3.32213129382581,68.6778687061742,0,C,67,7
37.9754475185195,72,3.3731676125899,34.6022799059296,1,I,68,7
46.4050910784451,72,3.43957445584238,42.9655166226028,1,C,69,7
34.1698837127878,18.9084050079169,3.44994625076652,15.4584587571504,0,I,70,7
55.1953287469506,72,3.46170311328024,51.7336256336704,1,C,71,7
64.8379379691905,72,3.48375581670553,61.354182152485,1,I,72,7
13.1915489750032,72,3.62193755339831,9.56961142160488,1,C,73,7
66.632689548317,72,3.80638728383929,62.8263022644777,1,I,74,7
28.5859013844353,72,3.84641977027059,24.7394816141647,1,C,75,7
65.3469632729552,9.00987975493275,3.84902939200401,5.16085036292874,0,I,76,7
75.4409335833139,72,3.87076127808541,68.1292387219146,0,C,77,7
73.9354261269266,72,4.00856492109597,67.991435078904,0,I,78,7
70.7511843020719,72,4.01978557929397,66.731398722778,1,C,79,7
6.67532292557277,72,4.02604127302766,2.64928165254511,1,I,80,7
41.5311840116152,72,4.25215948373079,37.2790245278844,1,C,81,7
109.926605910444,72,4.32399247772992,67.6760075222701,0,I,82,7
53.3680073738337,72,4.33010471519083,49.0379026586429,1,C,83,7
21.1096781444319,6.58801513239897,4.34064618777484,2.24736894462413,0,I,84,7
46.9230980133824,8.42530466086486,4.3526509590447,4.07265370182017,0,C,85,7
41.3240728268976,38.5739925470825,4.35477195773274,34.2192205893498,0,I,86,7
86.3700117181231,72,4.35841372702271,67.6415862729773,0,C,87,7
163.713431737026,72,4.37073298729956,67.6292670127004,0,I,88,7
7.00986471378442,72,4.41914023831487,2.59072447546955,1,C,89,7
69.51590201647,72,4.43321248982102,65.082689526649,1,I,90,7
7.58511460416135,72,4.52796384226531,3.05715076189604,1,C,91,7
20.4496664295548,72,4.54470572993159,15.9049606996232,1,I,92,7
263.892154957399,72,4.56457797903568,67.4354220209643,0,C,93,7
22.9216110775788,18.8146677691627,4.68156056944281,14.1331071997199,0,I,94,7
129.935317226651,72,4.7773295128718,67.2226704871282,0,C,95,7
58.3462990029836,72,5.00668697990477,53.3396120230789,1,I,96,7
18.070118752197,30.9178863305359,5.02657416276634,13.0435445894306,1,C,97,7
7.85563573028652,53.6442232194636,5.0302356434986,2.82540008678792,1,I,98,7
39.3055913887955,72,5.04451523534954,34.2610761534459,1,C,99,7
54.2004980332025,72,5.12877155095339,49.0717264822491,1,I,100,7
26.3122765664719,72,5.20145400892943,21.1108225575425,1,C,101,7
6.41956930997741,42.6757502300702,5.32290437724441,1.09666493273299,1,I,102,7
13.8066996239759,72,5.35478614736348,8.45191347661242,1,C,103,7
111.293721725675,32.5341525034559,5.38490122184157,27.1492512816143,0,I,104,7
13.8363871672602,38.8417211798099,5.48922550398856,8.34716166327163,1,C,105,7
27.0402766116591,72,5.5212733335793,21.5190032780798,1,I,106,7
78.3470876577291,72,5.55090228561312,66.4490977143869,0,C,107,7
16.8425571390548,23.1350697627331,5.5901188775897,11.2524382614651,1,I,108,7
94.6620757249994,72,5.59534284286201,66.404657157138,0,C,109,7
11.0560229829104,34.6868992479473,5.62317259144038,5.43285039147001,1,I,110,7
78.051394817017,10.9157736181748,5.71149857249111,5.20427504568372,0,C,111,7
20.247131031385,72,5.72644846513867,14.5206825662464,1,I,112,7
60.6451465378629,15.7412038042407,5.81301029305905,9.92819351118163,0,C,113,7
38.3120804095201,16.3728679550235,5.98541087005287,10.3874570849706,0,I,114,7
12.6005775639104,19.6442777455848,6.00031562615186,6.60026193775856,1,C,115,7
9.69084040553673,72,6.00754726678133,3.6832931387554,1,I,116,7
29.1919477835556,72,6.04917672928423,23.1427710542713,1,C,117,7
6.99748302247594,72,6.07754377182573,0.919939250650204,1,I,118,7
88.2967247367192,72,6.10512376762927,65.8948762323707,0,C,119,7
20.7158749073669,72,6.15143569651991,14.564439210847,1,I,120,7
33.8622964128865,72,6.19900444988161,27.6632919630049,1,C,121,7
98.2256262549036,6.42352623928671,6.36959888041019,0.0539273588765195,0,I,122,7
31.9273066029269,72,6.51976738125086,25.4075392216761,1,C,123,7
42.6351383376064,72,6.60011064726859,36.0350276903378,1,I,124,7
12.7223067040606,51.9271237132929,6.74067735671997,5.98162934734065,1,C,125,7
26.7615263541798,72,6.9923107791692,19.7692155750106,1,I,126,7
185.601509762914,72,7.06487460527569,64.9351253947243,0,C,127,7
13.4362002044012,61.2155760306693,7.15088129974902,6.28531890465222,1,I,128,7
24.3409117610462,21.163041417974,7.22975632175803,13.9332850962159,0,C,129,7
23.1643667895557,72,7.25521547254175,15.9091513170139,1,I,130,7
12.6337961068112,72,7.47853401582688,5.15526209098431,1,C,131,7
11.9872826455209,72,7.48785572592169,4.49942691959918,1,I,132,7
38.8200070095527,72,7.58499297313392,31.2350140364188,1,C,133,7
20.0043391746741,72,7.59505630005151,12.4092828746226,1,I,134,7
111.249502639323,72,7.59919201489538,64.4008079851046,0,C,135,7
14.5632037538849,64.921642126896,7.68149191047996,6.88171184340498,1,I,136,7
138.385752528782,72,7.77940702624619,64.2205929737538,0,C,137,7
37.9998541183681,40.786643532592,7.80629967804998,30.1935544403182,1,I,138,7
71.0012197493939,72,7.82895332202315,63.1722664273708,1,C,139,7
61.576267690105,72,7.8408412495628,53.7354264405422,1,I,140,7
31.8021141388379,28.1656074623555,7.89644939359278,20.2691580687627,0,C,141,7
50.1189075720181,51.7982057700982,7.95277178753167,42.1661357844864,1,I,142,7
49.3220057403238,72,7.99418586306274,41.3278198772611,1,C,143,7
16.654692176574,72,8.0987514462322,8.55594073034181,1,I,144,7
14.5044160816345,72,8.13103146851063,6.37338461312388,1,C,145,7
21.0657522274296,72,8.13487665262073,12.9308755748088,1,I,146,7
14.3166567749567,72,8.13640996813774,6.18024680681901,1,C,147,7
37.8294299368106,72,8.15699877217412,29.6724311646365,1,I,148,7
19.879070924754,72,8.22979523800314,11.6492756867509,1,C,149,7
28.6332083477872,72,8.28159715980291,20.3516111879843,1,I,150,7
11.5862320947854,72,8.28877223655582,3.29745985822961,1,C,151,7
58.932848037635,32.260141542557,8.29018999356777,23.9699515489893,0,I,152,7
28.6504742032577,72,8.29642196651548,20.3540522367422,1,C,153,7
16.2909130209888,39.0018441604674,8.36785865016282,7.923054370826,1,I,154,7
26.3903941703875,72,8.41325788758695,17.9771362828005,1,C,155,7
51.2493007214605,15.4133740592885,8.43370446469635,6.97966959459215,0,I,156,7
64.6270445241225,72,8.44803515821695,56.1790093659056,1,C,157,7
70.5024904472497,72,8.58868775423616,61.9138026930135,1,I,158,7
50.656194370806,72,8.59801837708801,42.058175993718,1,C,159,7
57.6325323763189,72,8.60779025126249,49.0247421250564,1,I,160,7
9.47682059839999,72,8.71441867668182,0.762401921718177,1,C,161,7
45.6888382792785,72,8.83953425567597,36.8493040236025,1,I,162,7
95.718487149845,72,8.86626442428678,63.1337355757132,0,C,163,7
16.3749305421521,72,8.90850332099944,7.46642722115269,1,I,164,7
51.2202112412023,72,8.98737262934446,42.2328386118578,1,C,165,7
32.9888170979801,72,9.00373523589224,23.9850818620879,1,I,166,7
98.3550951562259,72,9.06787300016731,62.9321269998327,0,C,167,7
110.680313280376,72,9.09100967925042,62.9089903207496,0,I,168,7
47.3391833233973,72,9.10185507964343,38.2373282437539,1,C,169,7
9.47877874785534,72,9.14408018812537,0.33469855972997,1,I,170,7
13.6962902247932,72,9.44862500298768,4.24766522180553,1,C,171,7
14.8385813644769,72,9.47269775904715,5.36588360542975,1,I,172,7
13.9540722145159,72,9.49733531568199,4.45673689883395,1,C,173,7
9.72824407951431,72,9.50843083206564,0.21981324744867,1,I,174,7
16.0299663441583,72,9.58289737813175,6.44706896602657,1,C,175,7
40.0216637967973,72,9.60931815672666,30.4123456400706,1,I,176,7
67.6666375080874,72,9.67330581508577,57.9933316930016,1,C,177,7
42.8650941534889,51.8858659730068,9.73397030029446,33.1311238531944,1,I,178,7
28.0202005103849,72,9.75636932998896,18.2638311803959,1,C,179,7
60.118143385877,72,9.77630083914846,50.3418425467285,1,I,180,7
46.507125541855,72,9.85665620304644,36.6504693388085,1,C,181,7
39.8791759655913,37.6639320880911,9.86470104195178,27.7992310461394,0,I,182,7
11.4602135759623,30.2455222561847,9.88398006185889,1.57623351410341,1,C,183,7
37.5944684194789,37.6561673585887,9.92806829977781,27.6664001197011,1,I,184,7
16.1453624614879,72,9.96834349818528,6.17701896330264,1,C,185,7
12.2326982130978,72,9.96949065942317,2.26320755367461,1,I,186,7
14.7170775895339,72,9.97914932202548,4.73792826750838,1,C,187,7
25.5340079625103,72,9.98288825154305,15.5511197109672,1,I,188,7
32.6276968064311,35.2365260386216,10.0009802123532,22.6267165940779,1,C,189,7
82.9435514995682,72,10.0462373206392,61.9537626793608,0,I,190,7
89.447524320077,45.0621664705677,10.1027779234573,34.9593885471104,0,C,191,7
24.220374346178,60.7471816272163,10.1156574022025,14.1047169439755,1,I,192,7
35.9751532767853,72,10.2224163757637,25.7527369010215,1,C,193,7
62.4921739819572,45.5378987985483,10.2238027146086,35.3140960839397,0,I,194,7
16.3079433571919,72,10.2355581801385,6.07238517705339,1,C,195,7
41.9017145175511,72,10.2934490935877,31.6082654239634,1,I,196,7
12.3426545414,36.4012577707527,10.3758312435821,1.96682329781793,1,C,197,7
39.6671555110323,60.7080539704034,10.4184816777706,29.2486738332617,1,I,198,7
28.9419496821246,72,10.4523652000353,18.4895844820893,1,C,199,7
71.6525075948702,72,10.5550780752674,61.0974295196028,1,I,200,7
51.9416634405256,72,10.5575920734555,41.3840713670702,1,C,201,7
19.8464884377501,72,10.6088072480634,9.23768118968671,1,I,202,7
25.2913361322316,72,10.6411967519671,14.6501393802645,1,C,203,7
86.7370166037695,11.581955134687,10.678801741451,0.903153393235998,0,I,204,7
46.1278897197217,72,10.7419243315235,35.3859653881982,1,C,205,7
56.8144465024272,72,10.8409144263715,45.9735320760558,1,I,206,7
80.2388851557867,49.9411247991858,10.8763327309862,39.0647920681997,0,C,207,7
29.3748049701682,72,10.8778756158426,18.4969293543255,1,I,208,7
37.624796108535,72,10.8812755951658,26.7435205133692,1,C,209,7
68.8368937051277,72,10.9008063655347,57.936087339593,1,I,210,7
14.3376754733365,69.008487897204,10.9423003345728,3.39537513876375,1,C,211,7
27.1443763032772,72,11.0216405801475,16.1227357231297,1,I,212,7
42.932805870823,72,11.0737380478531,31.8590678229699,1,C,213,7
12.9547860380414,72,11.1379806417972,1.81680539624422,1,I,214,7
36.8302365395105,72,11.378794494085,25.4514420454255,1,C,215,7
11.8415975769398,72,11.4347637165338,0.406833860405995,1,I,216,7
64.432797147371,72,11.4662860985845,52.9665110487865,1,C,217,7
15.5065956790422,72,11.499052438885,4.00754324015726,1,I,218,7
103.936625104246,72,11.6584091400728,60.3415908599272,0,C,219,7
32.8828161836538,72,11.6635560197756,21.2192601638782,1,I,220,7
18.2015228580911,36.1911173647506,11.6861932212487,6.51532963684243,1,C,221,7
17.0796482663094,36.420323547734,11.7258374998346,5.35381076647482,1,I,222,7
80.9972187817217,72,11.8547151423991,60.1452848576009,0,C,223,7
68.0288027408813,15.6462092663587,11.8646908225492,3.78151844380957,0,I,224,7
111.852170242715,72,11.8706572148949,60.1293427851051,0,C,225,7
123.821847768676,72,11.8956234259531,60.1043765740469,0,I,226,7
89.1012644963747,72,11.9134844234213,60.0865155765787,0,C,227,7
120.302822406825,72,11.9438688643277,60.0561311356723,0,I,228,7
18.3684719749561,64.4040221841287,11.9646154437214,6.40385653123464,1,C,229,7
33.4516361310839,32.8259720366125,12.0983932586387,20.7275787779738,0,I,230,7
46.9138297172207,30.1811563441877,12.1432141587138,18.0379421854739,0,C,231,7
106.332383406279,72,12.1802169643343,59.8197830356658,0,I,232,7
55.6908914968051,72,12.1929201018065,43.4979713949986,1,C,233,7
25.8490663913086,72,12.2260906873271,13.6229757039815,1,I,234,7
33.2719340695818,72,12.2424483066425,21.0294857629393,1,C,235,7
17.2525265631,72,12.3574275942519,4.89509896884804,1,I,236,7
26.9991780055654,72,12.3575129639357,14.6416650416296,1,C,237,7
19.3647194069485,57.3967599471939,12.4396985583007,6.92502084864781,1,I,238,7
65.0222333332877,33.6442868869431,12.4635013891384,21.1807854978046,0,C,239,7
30.0565833491256,50.9735759547778,12.6402475079522,17.4163358411735,1,I,240,7
27.2151375593411,63.6822549186194,12.650623396039,14.5645141633021,1,C,241,7
37.8991747027116,72,12.6915243174881,25.2076503852235,1,I,242,7
26.5056362050822,72,12.7142521413043,13.7913840637778,1,C,243,7
28.029339514039,40.5664301810593,12.7180717326701,15.3112677813689,1,I,244,7
19.3542495681229,72,12.7742691803724,6.57998038775052,1,C,245,7
34.1026617047822,31.8537989003604,12.7879096800461,19.0658892203142,0,I,246,7
85.0976260936422,72,12.8151906095445,59.1848093904555,0,C,247,7
73.0402867047278,27.334970941034,12.867957148701,14.467013792333,0,I,248,7
30.3916904317708,72,12.8912286506966,17.5004617810743,1,C,249,7
122.97897784402,72,12.9261916782707,59.0738083217293,0,I,250,7
90.8202974000499,72,12.9470295924693,59.0529704075307,0,C,251,7
63.9533685671189,72,13.0491880886257,50.9041804784932,1,I,252,7
56.339042749464,72,13.0750907678157,43.2639519816483,1,C,253,7
44.2133126391151,72,13.0816642614082,31.1316483777069,1,I,254,7
78.1489199010531,72,13.0873242253438,58.9126757746562,0,C,255,7
15.2190582012298,46.5144795633678,13.0899426760152,2.12911552521463,1,I,256,7
25.2939396321972,72,13.096859366633,12.1970802655642,1,C,257,7
65.6301344301363,36.3295573723734,13.1544230505824,23.175134321791,0,I,258,7
22.7195790880339,72,13.1598274921998,9.55975159583402,1,C,259,7
106.848320599286,72,13.1828074157238,58.8171925842762,0,I,260,7
17.9693144839336,47.3181642855927,13.230724465102,4.73859001883165,1,C,261,7
50.7464401656575,72,13.2971815997735,37.4492585658841,1,I,262,7
28.4490121814984,72,13.3151943515986,15.1338178298998,1,C,263,7
23.0601169375975,72,13.3302682964131,9.72984864118434,1,I,264,7
25.3067179666294,72,13.409745641984,11.8969723246454,1,C,265,7
29.0044594815607,72,13.473698515445,15.5307609661157,1,I,266,7
74.622936460283,72,13.6052327882499,58.3947672117502,0,C,267,7
52.2300069083168,63.1274576630451,13.6162068787962,38.6138000295206,1,I,268,7
73.6656885290502,72,13.6254198616371,58.374580138363,0,C,269,7
53.2842776768503,72,13.64441444166,39.6398632351902,1,I,270,7
35.0608880085053,72,13.7387490039691,21.3221390045361,1,C,271,7
41.8083311065656,72,13.7748152157292,28.0335158908364,1,I,272,7
138.073551479023,26.4122397757089,13.7807762995362,12.6314634761726,0,C,273,7
19.0123675161231,72,13.8310823589563,5.1812851571668,1,I,274,7
24.0651936222467,72,13.849866958335,10.2153266639117,1,C,275,7
81.5058991222869,22.0851506551048,14.0402764733881,8.04487418171676,0,I,276,7
38.1266677105904,72,14.0450803097337,24.0815874008567,1,C,277,7
30.3389071477613,15.8910462036688,14.062970476225,1.82807572744377,0,I,278,7
80.5852673268722,72,14.0699587762356,57.9300412237644,0,C,279,7
22.5060279218773,72,14.0704532945529,8.43557462732447,1,I,280,7
53.9149954625515,72,14.1168187558651,39.7981767066864,1,C,281,7
58.2283891111911,72,14.1511314176023,44.0772576935888,1,I,282,7
29.2764748579616,18.4305806812075,14.1637272946537,4.26685338655382,0,C,283,7
21.5219214564074,36.5343730079603,14.1643947456032,7.35752671080418,1,I,284,7
96.3365381234065,38.2555134528076,14.1799747059122,24.0755387468954,0,C,285,7
42.5251473430228,72,14.2151846922934,28.3099626507294,1,I,286,7
18.7884234539394,72,14.2270383378491,4.56138511609029,1,C,287,7
57.6269014907272,45.424375948678,14.304783786647,31.1195921620309,0,I,288,7
26.369590566068,72,14.3427802948281,12.0268102712399,1,C,289,7
104.200989015397,72,14.3897646758705,57.6102353241295,0,I,290,7
71.6610790980719,72,14.4053423870355,57.2557367110364,1,C,291,7
37.516971061781,60.0948406125037,14.463659520261,23.05331154152,1,I,292,7
19.6585545130195,72,14.4827364385128,5.1758180745067,1,C,293,7
52.0281192172347,72,14.4905908405781,37.5375283766566,1,I,294,7
15.1564747962194,72,14.6115699084476,0.544904887771818,1,C,295,7
119.688517778523,37.2064805998152,14.6359973168001,22.5704832830151,0,I,296,7
113.393582043332,72,14.6463962411508,57.3536037588492,0,C,297,7
30.3657237323529,72,14.7643307503313,15.6013929820216,1,I,298,7
50.5072255690238,72,14.7960163000971,35.7112092689267,1,C,299,7
26.6836529602025,72,14.8976879892871,11.7859649709154,1,I,300,7
57.4826228854361,43.7137436196999,14.9620328424498,28.75171077725,0,C,301,7
199.52147282722,52.4276479459327,14.9621173320338,37.4655306138988,0,I,302,7
98.1135555620977,72,15.0233249366283,56.9766750633717,0,C,303,7
27.0507558615842,37.4252377666475,15.0468759192154,12.0038799423689,1,I,304,7
46.7243220400719,72,15.0849085813388,31.6394134587331,1,C,305,7
21.910091592659,55.6270902475104,15.1286894269288,6.78140216573025,1,I,306,7
80.4245989742068,72,15.1383773284033,56.8616226715967,0,C,307,7
43.6040289276447,72,15.1475802250206,28.4564487026241,1,I,308,7
89.3403829049534,72,15.1993714878336,56.8006285121664,0,C,309,7
40.1087563913703,72,15.2194364229217,24.8893199684486,1,I,310,7
40.8278489939347,72,15.2407877566293,25.5870612373054,1,C,311,7
33.7303602636452,72,15.2692149812356,18.4611452824097,1,I,312,7
115.909098794379,72,15.2914216462523,56.7085783537477,0,C,313,7
84.3751731899629,18.1539509752581,15.3093898762018,2.84456109905639,0,I,314,7
64.0503382545815,72,15.3281941451132,48.7221441094683,1,C,315,7
33.7978413882686,72,15.3527588769794,18.4450825112892,1,I,316,7
132.18880711726,72,15.4125184100121,56.5874815899879,0,C,317,7
25.9510001905037,72,15.5005894973874,10.4504106931163,1,I,318,7
111.922472289308,72,15.5028176726773,56.4971823273227,0,C,319,7
37.4613098686593,70.3832898711038,15.5088240187615,21.9524858498978,1,I,320,7
29.3663341085919,72,15.5140596628189,13.852274445773,1,C,321,7
46.8908192984703,67.0829984782784,15.5671443650499,31.3236749334203,1,I,322,7
29.6096776946385,26.6958906097691,15.6440369971097,11.0518536126594,0,C,323,7
24.9615221624276,72,15.6970991240814,9.26442303834615,1,I,324,7
154.074819711974,72,15.7314054016024,56.2685945983976,0,C,325,7
19.0541172913794,72,15.7412304729223,3.31288681845704,1,I,326,7
94.8748470652276,72,15.7484603812918,56.2515396187082,0,C,327,7
57.3927418048264,72,15.7503127958626,41.6424290089638,1,I,328,7
144.206574935252,72,15.7620156928897,56.2379843071103,0,C,329,7
18.9726834091508,72,15.8283449755982,3.14433843355264,1,I,330,7
32.6791598276304,72,15.9583508782089,16.7208089494216,1,C,331,7
47.5615919308144,72,15.9695457341149,31.5920461966994,1,I,332,7
42.5754159416118,72,16.0080129560083,26.5674029856035,1,C,333,7
43.3039609801618,72,16.0667204903439,27.2372404898179,1,I,334,7
96.0552019954004,52.0157807892219,16.153531386517,35.8622494027049,0,C,335,7
80.2358868789346,72,16.1547376820818,55.8452623179182,0,I,336,7
38.7019818602686,72,16.2640277668834,22.4379540933852,1,C,337,7
66.3983999973881,72,16.301317778416,50.0970822189721,1,I,338,7
35.5660912061843,72,16.3130669435486,19.2530242626357,1,C,339,7
26.5079260218113,72,16.4392255526036,10.0687004692077,1,I,340,7
41.7666916127885,20.0618866222192,16.4545358810574,3.60735074116182,0,C,341,7
32.8524722622105,72,16.5373652614653,16.3151070007452,1,I,342,7
32.6737501487191,72,16.582831274718,16.0909188740011,1,C,343,7
86.0668911604048,72,16.6354127693921,55.3645872306079,0,I,344,7
27.10009098669,30.6900140596751,16.6890647029504,10.4110262837395,1,C,345,7
21.2227646461173,72,16.7069813422859,4.51578330383139,1,I,346,7
72.9945087785311,72,16.7868775874376,55.2131224125624,0,C,347,7
52.3997015601307,72,16.8860995117575,35.5136020483732,1,I,348,7
83.0618392533234,69.9579726543707,16.8937292927876,53.0642433615831,0,C,349,7
39.6897794917886,72,16.904917624779,22.7848618670096,1,I,350,7
44.3879935086142,72,16.9285648316145,27.4594286769997,1,C,351,7
17.574895352776,72,16.9647148344666,0.610180518309452,1,I,352,7
39.4658146997533,72,17.0333969872445,22.4324177125088,1,C,353,7
21.4714743153904,50.1345622463759,17.0626880228519,4.40878629253844,1,I,354,7
205.605079645379,72,17.0671839918941,54.9328160081059,0,C,355,7
115.187875940135,17.8249950366315,17.0758527237922,0.749142312839283,0,I,356,7
34.7972016493308,36.4870337408328,17.1269342210144,17.6702674283165,1,C,357,7
43.3611669742473,72,17.130404538475,26.2307624357724,1,I,358,7
62.6681972301699,72,17.1343839308247,45.5338132993452,1,C,359,7
48.6959969593323,72,17.1427534008399,31.5532435584924,1,I,360,7
21.0426035155038,72,17.2826046170667,3.7599988984371,1,C,361,7
17.572424309406,72,17.4857201753184,0.0867041340876136,1,I,362,7
27.3762800090281,26.3317537755763,17.5621109828353,8.76964279274105,0,C,363,7
81.5978903380586,72,17.6481118518859,54.3518881481141,0,I,364,7
23.4803504338378,72,17.6597076701,5.82064276373774,1,C,365,7
234.779716540791,72,17.7080571558326,54.2919428441674,0,I,366,7
18.5751578512532,72,17.8568004397675,0.718357411485616,1,C,367,7
122.385124528419,72,17.9259944753721,54.0740055246279,0,I,368,7
24.3880789111983,72,18.138075680472,6.25000323072639,1,C,369,7
216.548840022755,72,18.3015282545239,53.6984717454761,0,I,370,7
29.9157821390776,72,18.3152786688879,11.6005034701897,1,C,371,7
29.6669034741763,72,18.319644536823,11.3472589373532,1,I,372,7
26.6790135922301,72,18.3691245038062,8.30988908842388,1,C,373,7
89.3887210911744,72,18.3695266395807,53.6304733604193,0,I,374,7
118.644182553333,72,18.426908031106,53.573091968894,0,C,375,7
60.637151263164,72,18.4606677107513,42.1764835524127,1,I,376,7
190.706707819914,18.7661942422975,18.5396721633151,0.226522078982395,0,C,377,7
59.3278585326869,72,18.5761368228123,40.7517217098746,1,I,378,7
26.9711547354736,72,18.6126156337559,8.35853910171771,1,C,379,7
47.4604521143386,58.0614806486862,18.6136231105775,28.8468290037612,1,I,380,7
93.8073862413919,63.1061607013696,18.6662953672931,44.4398653340766,0,C,381,7
64.1646013170298,72,18.7402842985466,45.4243170184832,1,I,382,7
118.085261657572,26.2410536889738,18.9001500047743,7.34090368419943,0,C,383,7
86.1472288639707,72,18.907909328118,53.092090671882,0,I,384,7
50.3198078654706,72,19.3277752865106,30.99203257896,1,C,385,7
87.0769951475584,72,19.3767557898536,52.6232442101464,0,I,386,7
69.7970816767516,72,19.3944921623915,50.40258951436,1,C,387,7
48.747588981103,65.4474210194709,19.4126630248502,29.3349259562528,1,I,388,7
40.1790672671714,72,19.4434543931857,20.7356128739858,1,C,389,7
21.3955611694414,72,19.4537966419011,1.94176452754027,1,I,390,7
54.83782524022,72,19.5387190952897,35.2991061449303,1,C,391,7
54.6874431769333,72,19.5589113654569,35.1285318114765,1,I,392,7
40.8065925061302,72,19.58097551018,21.2256169959502,1,C,393,7
115.783895708745,72,19.6694051334634,52.3305948665366,0,I,394,7
48.6389702939654,72,19.7233045008034,28.9156657931621,1,C,395,7
127.886830756095,72,19.7626124415547,52.2373875584453,0,I,396,7
186.87593459226,72,19.8269252479076,52.1730747520924,0,C,397,7
20.8619134636631,47.3961638551217,19.8792674671859,0.982645996477197,1,I,398,7
92.9375723658532,72,19.8812695685774,52.1187304314226,0,C,399,7
111.7677810497,72,19.9252152023837,52.0747847976163,0,I,400,7
43.8326594014144,72,19.9757913546637,23.8568680467508,1,C,401,7
30.973438879379,72,20.0624578306451,10.9109810487339,1,I,402,7
35.8894061967431,72,20.0675725797191,15.821833617024,1,C,403,7
22.1579853660318,72,20.0775067973882,2.08047856864357,1,I,404,7
30.6052437992442,72,20.1563224336132,10.4489213656309,1,C,405,7
37.9767398262607,72,20.2170101786032,17.7597296476575,1,I,406,7
44.3216155677155,72,20.2269927319139,24.0946228358015,1,C,407,7
31.5591701076266,72,20.2764293644577,11.2827407431689,1,I,408,7
36.4668358211461,72,20.3683146787807,16.0985211423653,1,C,409,7
53.8421969649338,72,20.3907203720883,33.4514765928455,1,I,410,7
53.2854449519376,72,20.468827500008,32.8166174519296,1,C,411,7
83.3305100905663,72,20.5385442171246,51.4614557828754,0,I,412,7
91.2928091915517,72,20.5632091406733,51.4367908593267,0,C,413,7
29.6497436028049,72,20.5651234975085,9.08462010529638,1,I,414,7
51.0172566510409,72,20.5808739177883,30.4363827332527,1,C,415,7
25.8113598926753,72,20.5843606777489,5.22699921492637,1,I,416,7
52.0251111971828,72,20.5904957419261,31.4346154552567,1,C,417,7
140.636938831337,58.5514418268182,20.6694959336892,37.881945893129,0,I,418,7
72.4129552326475,72,20.8934498811141,51.1065501188859,0,C,419,7
42.6909870889489,66.3334679371549,21.0178743163124,21.6731127726365,1,I,420,7
64.37633459142,72,21.0195842804387,43.3567503109812,1,C,421,7
79.8523344899934,72,21.0630164667964,50.9369835332036,0,I,422,7
58.0824739335491,72,21.0827507916838,36.9997231418653,1,C,423,7
53.5142640516268,72,21.2104216078296,32.3038424437971,1,I,424,7
44.6164896766696,72,21.2154963193461,23.4009933573235,1,C,425,7
28.9561786336837,72,21.2348191067576,7.72135952692603,1,I,426,7
32.3845304656803,47.6637814079459,21.2900829222053,11.094447543475,1,C,427,7
36.1178460083222,72,21.3059835322201,14.811862476102,1,I,428,7
60.6613438787335,63.151615030427,21.3283983198926,39.3329455588409,1,C,429,7
45.029224411278,72,21.3481708103791,23.6810536008989,1,I,430,7
72.7900593681073,72,21.3957044156268,50.6042955843732,0,C,431,7
112.833069986774,56.9075227932038,21.4186286274344,35.4888941657695,0,I,432,7
23.4913490343545,72,21.4816274447367,2.00972158961786,1,C,433,7
78.3834301316659,72,21.4954317407683,50.5045682592318,0,I,434,7
21.7668848524694,72,21.511842221953,0.255042630516451,1,C,435,7
39.9322872227647,36.9570923899167,21.5124018816277,15.4446905082889,0,I,436,7
62.6984165522558,48.0697311787064,21.514449887909,26.5552812907974,0,C,437,7
114.101742114435,72,21.5172593761235,50.4827406238765,0,I,438,7
55.2558344387779,22.9421083420801,21.5688809473068,1.3732273947733,0,C,439,7
64.3101429798665,72,21.6431100899354,42.6670328899312,1,I,440,7
30.388105539736,72,21.6919541778043,8.69615136193175,1,C,441,7
78.7259286867243,72,21.7187800537795,50.2812199462205,0,I,442,7
64.5061915536518,36.4132266437113,21.79081548471,14.6224111590013,0,C,443,7
29.8179759145759,72,21.7938095564023,8.02416635817364,1,I,444,7
61.5442808967011,72,21.8871173495427,39.6571635471584,1,C,445,7
27.1389000400436,51.0822376138769,22.1533308411017,4.98556919894194,1,I,446,7
116.817000489765,72,22.1920064371079,49.8079935628921,0,C,447,7
50.1632956689554,72,22.2511225892231,27.9121730797323,1,I,448,7
159.279098034845,72,22.3702921438962,49.6297078561038,0,C,449,7
23.0017458327953,72,22.4328511347994,0.568894697995827,1,I,450,7
84.2985043103628,72,22.514571826905,49.485428173095,0,C,451,7
33.2999135014483,72,22.5235994718969,10.7763140295514,1,I,452,7
103.370004644031,72,22.5548060657457,49.4451939342544,0,C,453,7
35.0129238703563,72,22.5565632898361,12.4563605805203,1,I,454,7
36.2139187470028,72,22.575383274816,13.6385354721868,1,C,455,7
31.4026018834747,72,22.6019112020731,8.80069068140157,1,I,456,7
25.5856884880489,72,22.8787281084806,2.70696037956831,1,C,457,7
39.6787410919526,72,22.9502084059641,16.7285326859885,1,I,458,7
26.7994245767978,72,22.9949661623687,3.80445841442919,1,C,459,7
38.1689166213082,72,23.0155703332275,15.1533462880806,1,I,460,7
74.0425654968471,27.9773790296816,23.0505668744445,4.92681215523708,0,C,461,7
126.714948102757,48.993877597712,23.0699781049043,25.9238994928077,0,I,462,7
91.4973688876726,72,23.154666563496,48.845333436504,0,C,463,7
32.7852794357102,72,23.1686194008216,9.61666003488862,1,I,464,7
25.3332956082449,72,23.2106897234917,2.12260588475321,1,C,465,7
75.422315551929,72,23.2584513304755,48.7415486695245,0,I,466,7
114.856408296139,45.7608146254621,23.2663126196712,22.4945020057909,0,C,467,7
120.602269660025,72,23.318299530074,48.681700469926,0,I,468,7
25.1444545798061,72,23.3378801727667,1.80657440703939,1,C,469,7
52.2258617675039,72,23.3550706459209,28.870791121583,1,I,470,7
35.5199757281641,72,23.392795426771,12.127180301393,1,C,471,7
48.0583946722464,72,23.4015252348036,24.6568694374428,1,I,472,7
34.0912896115105,72,23.4167035343125,10.674586077198,1,C,473,7
100.707588513983,72,23.518463820219,48.481536179781,0,I,474,7
49.8175778039462,72,23.537157070823,26.2804207331232,1,C,475,7
45.896354368464,72,23.553679632023,22.342674736441,1,I,476,7
120.177149762036,27.1795624694623,23.6837170226499,3.49584544681232,0,C,477,7
89.6329038127843,72,23.7369659822434,48.2630340177566,0,I,478,7
30.3919419059416,34.2105894482252,23.8308479078114,6.56109399813015,1,C,479,7
108.571676136982,72,23.8412257097662,48.1587742902339,0,I,480,7
58.9511801277001,72,23.8660423876718,35.0851377400284,1,C,481,7
59.666577464869,72,23.9787669014186,35.6878105634504,1,I,482,7
77.08101668917,72,24.0220341878012,47.9779658121988,0,C,483,7
70.1905842807929,60.8132349227813,24.038905100897,36.7743298218843,0,I,484,7
28.1036951516886,26.0051988923851,24.1383072780445,1.86689161434061,0,C,485,7
66.1606087776841,72,24.145125746727,42.0154830309571,1,I,486,7
209.602569381798,69.4271499513484,24.2274978803471,45.1996520710013,0,C,487,7
54.4549804782536,72,24.3302136473358,30.1247668309179,1,I,488,7
98.4153308961193,72,24.3354246206582,47.6645753793418,0,C,489,7
310.619713808,72,24.3411773024127,47.6588226975873,0,I,490,7
36.0062244354296,63.8031229510429,24.3670815881342,11.6391428472954,1,C,491,7
28.2224566196803,26.7046818689279,24.373463303782,2.33121856514584,0,I,492,7
88.0028935482594,72,24.3741293996573,47.6258706003428,0,C,493,7
151.107634272768,72,24.542220714502,47.457779285498,0,I,494,7
36.115973633534,72,24.5835516555235,11.5324219780105,1,C,495,7
26.6675607771713,62.056329324785,24.6072510117665,2.06030976540479,1,I,496,7
97.1137383443788,57.6450739547792,24.6429272834212,33.002146671358,0,C,497,7
36.6746115852712,72,24.6988566918299,11.9757548934414,1,I,498,7
26.8992111809136,72,24.7207256080583,2.17848557285534,1,C,499,7
58.0375767866662,72,24.7230554698035,33.3145213168627,1,I,500,7
139.516429260043,61.5023078337794,24.7454823413864,36.756825492393,0,C,501,7
99.5892147976149,72,24.8646599845961,47.1353400154039,0,I,502,7
26.8465021137848,72,24.9016395024955,1.94486261128926,1,C,503,7
40.0748207275182,72,24.9192642280832,15.155556499435,1,I,504,7
30.4133780460464,72,24.9914839211851,5.42189412486128,1,C,505,7
113.039522741524,72,25.0483738398179,46.9516261601821,0,I,506,7
66.4981380196452,72,25.0592531170696,41.4388849025756,1,C,507,7
51.7057383906054,72,25.179074909538,26.5266634810673,1,I,508,7
73.7392278093008,72,25.2897570747882,46.7102429252118,0,C,509,7
30.2642471300848,72,25.3392890375108,4.92495809257408,1,I,510,7
170.518002977426,72,25.3665053565055,46.6334946434945,0,C,511,7
28.0506083069471,72,25.4173429962248,2.63326531072237,1,I,512,7
62.9022761888695,72,25.4375459812582,37.4647302076114,1,C,513,7
43.0821451637671,72,25.4798590298742,17.6022861338929,1,I,514,7
71.2644250936499,72,25.5119377886876,45.7524873049622,1,C,515,7
132.244517315057,72,25.5512097850442,46.4487902149558,0,I,516,7
37.7303500667508,28.627110690673,25.562126445584,3.06498424508901,0,C,517,7
29.5062238790676,72,25.5668201157823,3.93940376328525,1,I,518,7
28.6892753468135,72,25.5751962494105,3.11407909740301,1,C,519,7
82.6109938696523,72,25.5823906604201,46.4176093395799,0,I,520,7
41.644009308535,47.4861197469138,25.6198086636141,16.0242006449209,1,C,521,7
35.029512451767,72,25.642355424352,9.38715702741502,1,I,522,7
88.1304582727219,72,25.8586570573971,46.1413429426029,0,C,523,7
26.2295950008711,35.5326090980117,25.926759056747,0.302835944124115,1,I,524,7
93.1101923003395,72,25.9751321934164,46.0248678065836,0,C,525,7
51.8787601088436,72,26.0104803275317,25.8682797813119,1,I,526,7
116.62192946618,72,26.034781197086,45.965218802914,0,C,527,7
41.9734884614934,72,26.0434403037652,15.9300481577281,1,I,528,7
215.74082185012,28.3183034017759,26.1352335428819,2.183069858894,0,C,529,7
34.023979021022,72,26.1624681064859,7.86151091453611,1,I,530,7
29.6131126049502,72,26.1935902107507,3.41952239419947,1,C,531,7
52.1409126811571,28.1682965691248,26.2081947131082,1.96010185601659,0,I,532,7
48.7882288353293,72,26.2411573715508,22.5470714637785,1,C,533,7
27.5791275743988,72,26.2492007156834,1.32992685871538,1,I,534,7
99.8967033611295,72,26.2755088414997,45.7244911585003,0,C,535,7
30.2324605005319,72,26.3046973384917,3.92776316204022,1,I,536,7
114.979555216535,72,26.3344583334401,45.6655416665599,0,C,537,7
35.5233359705784,72,26.3506958540529,9.17264011652548,1,I,538,7
28.8365647034953,72,26.36833188124,2.46823282225532,1,C,539,7
139.079773342865,72,26.4275262365118,45.5724737634882,0,I,540,7
32.8125410071419,72,26.4880947489291,6.32444625821274,1,C,541,7
70.514413117376,39.3652267228778,26.5660312073305,12.7991955155473,0,I,542,7
263.959219213481,72,26.5853848261759,45.4146151738241,0,C,543,7
97.6816167555681,72,26.5868902858347,45.4131097141653,0,I,544,7
98.7106980439993,72,26.5919874608517,45.4080125391483,0,C,545,7
52.8828434247334,72,26.6438002511859,26.2390431735475,1,I,546,7
52.44009859304,72,26.6657416429371,25.7743569501029,1,C,547,7
36.2709631273001,72,26.7779876617715,9.49297546552861,1,I,548,7
38.5247411713048,72,26.8527481891215,11.6719929821833,1,C,549,7
46.1018390054624,72,26.8793698120862,19.2224691933762,1,I,550,7
70.1617814398037,72,26.9264517584816,43.2353296813222,1,C,551,7
83.7947112793094,42.7374796097552,26.9582729833201,15.7792066264352,0,I,552,7
52.2679987169927,72,26.9704600330442,25.2975386839485,1,C,553,7
32.2158175587754,72,27.0164637174457,5.19935384132965,1,I,554,7
107.357594472275,72,27.0332315051928,44.9667684948072,0,C,555,7
67.4065305151263,72,27.1072937222198,40.2992367929065,1,I,556,7
135.871881480081,57.162483612982,27.1431450918317,30.0193385211503,0,C,557,7
142.851748835472,72,27.1571572031826,44.8428427968174,0,I,558,7
32.1451049811455,72,27.3436178499833,4.80148713116221,1,C,559,7
277.792360533131,72,27.3517161235213,44.6482838764787,0,I,560,7
41.5012691008377,72,27.5255490699783,13.9757200308594,1,C,561,7
31.5603754407153,72,27.5629551010206,3.99742033969464,1,I,562,7
41.5329856788548,72,27.5792297115549,13.9537559672999,1,C,563,7
32.092429778415,72,27.588036688976,4.50439308943899,1,I,564,7
66.5596767791256,72,27.618080615066,38.9415961640596,1,C,565,7
32.5650940860947,43.3010626211951,27.6877223700285,4.87737171606616,1,I,566,7
134.852488843991,72,27.741585765034,44.258414234966,0,C,567,7
60.3071888399821,72,27.8481484483928,32.4590403915894,1,I,568,7
74.0580151740333,72,27.8901508357376,44.1098491642624,0,C,569,7
40.9363069717079,72,27.9692884208635,12.9670185508445,1,I,570,7
127.843122263744,72,27.97233751975,44.02766248025,0,C,571,7
147.319848949301,72,27.9834858700633,44.0165141299367,0,I,572,7
32.3359221358848,72,28.0446961708367,4.29122596504813,1,C,573,7
43.0541117060406,72,28.1001567095518,14.9539549964887,1,I,574,7
76.1743015303744,72,28.1345542520285,43.8654457479715,0,C,575,7
58.3801847447815,72,28.1436240021139,30.2365607426676,1,I,576,7
116.349493122254,72,28.1508380826563,43.8491619173437,0,C,577,7
83.7572662132892,72,28.1916421791539,43.8083578208461,0,I,578,7
47.0616171775835,43.7256505670807,28.2858249591664,15.4398256079143,0,C,579,7
61.1831382525481,72,28.3181036543101,32.865034598238,1,I,580,7
212.89575050376,72,28.3633614890277,43.6366385109723,0,C,581,7
135.995298636383,72,28.4702145354822,43.5297854645178,0,I,582,7
31.6068735259092,72,28.5024321824312,3.10444134347795,1,C,583,7
33.1561916139349,48.9042468822716,28.5579292243347,4.59826238960021,1,I,584,7
109.575609242729,72,28.5751215554774,43.4248784445226,0,C,585,7
62.0028516545203,72,28.6236471310258,33.3792045234945,1,I,586,7
81.8821029923201,72,28.6586926644668,43.3413073355332,0,C,587,7
73.0089229082986,72,28.694061585702,43.305938414298,0,I,588,7
104.712544636204,46.5860824673273,28.7073304736987,17.8787519936287,0,C,589,7
29.6345099756174,72,28.7122296122834,0.922280363333983,1,I,590,7
128.08136959432,71.976086046271,28.7212241068482,43.2548619394227,0,C,591,7
91.7890839487928,72,28.7588385818526,43.2411614181474,0,I,592,7
28.9966388286173,72,28.7717073876411,0.224931440976256,1,C,593,7
30.3221912219284,72,28.8071361975744,1.51505502435394,1,I,594,7
135.320927600108,72,28.8818145124242,43.1181854875758,0,C,595,7
30.9793092357441,72,28.89397545252,2.08533378322419,1,I,596,7
146.65900087357,70.1968218191385,28.9873661287129,41.2094556904256,0,C,597,7
71.3335199974354,72,29.0563635388389,42.2771564585965,1,I,598,7
30.1466036847454,72,29.0776656288654,1.06893805588002,1,C,599,7
72.3356837129958,34.551195074735,29.1990360617638,5.35215901297127,0,I,600,7
89.6156499210057,72,29.2001703567803,42.7998296432197,0,C,601,7
93.0185998430594,72,29.2254113545641,42.7745886454359,0,I,602,7
67.5791651347959,72,29.2660342901945,38.3131308446014,1,C,603,7
173.346181558922,72,29.3257550988346,42.6742449011654,0,I,604,7
66.497268138064,72,29.3324975576252,37.1647705804388,1,C,605,7
79.6764426610361,72,29.3935334729031,42.6064665270969,0,I,606,7
32.8181143213573,72,29.4167521130294,3.40136220832793,1,C,607,7
79.7645746939354,72,29.4986008387059,42.5013991612941,0,I,608,7
35.6205068145924,72,29.5303291222081,6.09017769238431,1,C,609,7
80.5068102868034,72,29.5419028401375,42.4580971598625,0,I,610,7
52.9167133450109,72,29.5778401801363,23.3388731648746,1,C,611,7
110.455169866766,72,29.6005970332772,42.3994029667229,0,I,612,7
45.2793274761644,72,29.6795679582283,15.5997595179361,1,C,613,7
37.9708788407944,29.823032078114,29.6812497032806,0.141782374833412,0,I,614,7
99.0401199205587,72,29.7434156527743,42.2565843472257,0,C,615,7
32.1090652227604,72,29.7577489586547,2.35131626410569,1,I,616,7
63.4545162273949,50.9593979969791,29.7632895642892,21.1961084326899,0,C,617,7
105.889979413252,72,29.7653232933953,42.2346767066047,0,I,618,7
38.777397454993,72,29.8410212108865,8.93637624410649,1,C,619,7
80.402749842626,72,29.8576357215643,42.1423642784357,0,I,620,7
102.515719304821,72,29.8647653963417,42.1352346036583,0,C,621,7
52.2628893245747,72,29.9453136418015,22.3175756827732,1,I,622,7
44.0872336926443,72,29.9655101168901,14.1217235757542,1,C,623,7
42.791604256164,72,30.0014959461987,12.7901083099653,1,I,624,7
40.1069350285632,72,30.1155770011246,9.99135802743853,1,C,625,7
59.6320447173081,60.6488745364095,30.1706866035238,29.4613581137843,1,I,626,7
47.309283776841,72,30.1708944188431,17.1383893579979,1,C,627,7
77.4074614672318,72,30.2209111489356,41.7790888510644,0,I,628,7
92.7080235967825,72,30.2541481330991,41.7458518669009,0,C,629,7
117.259973017923,72,30.2627506898716,41.7372493101284,0,I,630,7
61.2337169187936,72,30.4340536985546,30.799663220239,1,C,631,7
56.2228901264574,72,30.4623636882752,25.7605264381822,1,I,632,7
132.994943357984,72,30.5007140943781,41.499285905622,0,C,633,7
81.8634782852133,72,30.519096669741,41.480903330259,0,I,634,7
109.093075942161,56.4601865884783,30.5380483902991,25.9221381981792,0,C,635,7
37.0867916594267,72,30.7528940588236,6.33389760060312,1,I,636,7
40.9943421979918,72,30.7549536321312,10.2393885658606,1,C,637,7
36.1777045219211,72,30.7942735590041,5.38343096291708,1,I,638,7
102.074512935107,31.6708371220348,30.8042788412422,0.866558280792649,0,C,639,7
50.909387215338,72,31.1001452570781,19.8092419582599,1,I,640,7
99.0155330257942,72,31.1375152599067,40.8624847400934,0,C,641,7
33.9139321304767,72,31.1597724119201,2.75415971855659,1,I,642,7
45.0700976956996,72,31.2957829842344,13.7743147114652,1,C,643,7
51.5329723113026,72,31.3123273523524,20.2206449589501,1,I,644,7
71.9070697196106,72,31.3192300032824,40.5878397163282,1,C,645,7
114.548392428816,72,31.3638841873035,40.6361158126965,0,I,646,7
44.7687652554991,72,31.3927549542859,13.3760103012132,1,C,647,7
63.590668054518,72,31.4221224747598,32.1685455797582,1,I,648,7
57.4549625046843,72,31.4804580481723,25.974504456512,1,C,649,7
34.106393734419,72,31.6130758356303,2.49331789878869,1,I,650,7
141.763892318086,68.6074979716698,31.6203863918781,36.9871115797917,0,C,651,7
55.6249214345795,72,31.621681144461,24.0032402901185,1,I,652,7
142.847391171842,32.4225386268377,31.6351096937433,0.787428933094432,0,C,653,7
56.2006129078453,62.6879674063413,31.7899557994679,24.4106571083775,1,I,654,7
60.4931486632726,72,32.038488839753,28.4546598235197,1,C,655,7
44.4852667370066,72,32.1902564819902,12.2950102550164,1,I,656,7
71.2974487563816,72,32.1938489517197,39.103599804662,1,C,657,7
220.602394345518,72,32.2060246439651,39.7939753560349,0,I,658,7
72.3137748221458,72,32.2165826149285,39.7834173850715,0,C,659,7
89.138614590786,54.1796111265357,32.2596807964146,21.9199303301211,0,I,660,7
42.1705452402456,72,32.3257498629391,9.84479537730652,1,C,661,7
192.683880841207,49.1492264367914,32.4347599223256,16.7144665144658,0,I,662,7
121.396234907466,58.1560205801472,32.5093352375552,25.646685342592,0,C,663,7
67.0542181406194,72,32.529048230499,34.5251699101204,1,I,664,7
64.1643922220117,72,32.5707581592724,31.5936340627393,1,C,665,7
39.371454929166,72,32.5764139322564,6.79504099690963,1,I,666,7
103.661067015241,72,32.6497859414667,39.3502140585333,0,C,667,7
107.052216178084,72,32.6573503017426,39.3426496982575,0,I,668,7
92.1118785804002,72,32.6643643341959,39.3356356658042,0,C,669,7
89.1356206778656,72,32.7179923653603,39.2820076346397,0,I,670,7
86.9432552258525,72,32.8562480024993,39.1437519975007,0,C,671,7
117.745386134135,72,32.9786740522832,39.0213259477168,0,I,672,7
92.0423232059977,72,33.0091333575547,38.9908666424453,0,C,673,7
92.2524096710718,72,33.027464132756,38.972535867244,0,I,674,7
42.346069341178,72,33.067725864239,9.278343476939,1,C,675,7
67.2014700689462,72,33.1118991645053,34.0895709044409,1,I,676,7
34.3543037863271,72,33.1369603006169,1.21734348571023,1,C,677,7
35.8867063437046,72,33.1398133048788,2.74689303882579,1,I,678,7
49.7956176504827,36.7590511338084,33.1574155949056,3.60163553890279,0,C,679,7
33.9824936614486,72,33.2717512641102,0.71074239733842,1,I,680,7
77.7966426310623,72,33.2890183618292,38.7109816381708,0,C,681,7
49.3388655622044,72,33.3094422798604,16.029423282344,1,I,682,7
123.413572645247,72,33.3633880130947,38.6366119869053,0,C,683,7
125.327178323399,72,33.364924765192,38.635075234808,0,I,684,7
36.617752851183,72,33.4376051137224,3.18014773746058,1,C,685,7
182.305305227943,72,33.472917736508,38.5270822634921,0,I,686,7
72.2632092330941,72,33.4856996918097,38.5143003081903,0,C,687,7
43.4080912465087,72,33.496337486431,9.91175376007772,1,I,688,7
46.6319909631203,72,33.5592069011182,13.0727840620021,1,C,689,7
38.3939206511475,72,33.6255263071507,4.76839434399674,1,I,690,7
68.3069002291083,72,33.6692546401173,34.637645588991,1,C,691,7
40.6111515915791,72,33.7185245286673,6.89262706291174,1,I,692,7
56.4604978531834,72,33.7507225759327,22.7097752772506,1,C,693,7
95.1804586110578,72,33.83698948659,38.16301051341,0,I,694,7
64.5565254161841,72,33.8547271722928,30.7017982438913,1,C,695,7
41.0187229359762,72,33.8605511700735,7.15817176590272,1,I,696,7
77.3360712990632,72,33.9049757877365,38.0950242122635,0,C,697,7
45.5431429182875,60.8641166826493,33.9624674152583,11.5806755030292,1,I,698,7
72.6903707926232,72,34.0350512601435,37.9649487398565,0,C,699,7
153.238001327902,72,34.0775440866128,37.9224559133872,0,I,700,7
79.1500515207522,72,34.1148451343179,37.8851548656821,0,C,701,7
53.1976229139438,72,34.1313461400569,19.066276773887,1,I,702,7
70.6099498815197,72,34.1575261484832,36.4524237330365,1,C,703,7
50.8209346878061,72,34.1749082040042,16.6460264838019,1,I,704,7
213.685966367356,72,34.1843584366143,37.8156415633857,0,C,705,7
65.9711142650934,59.9135226124911,34.2238003062084,25.6897223062826,0,I,706,7
57.1788911371567,58.6488054239771,34.3440480250865,22.8348431120702,1,C,707,7
89.1256865817929,72,34.4131505163386,37.5868494836614,0,I,708,7
82.4605186438992,72,34.4253123365343,37.5746876634657,0,C,709,7
45.25466059148,35.6809983958818,34.4331158604473,1.2478825354345,0,I,710,7
65.7260504874075,44.9553280629273,34.4527252111584,10.5026028517689,0,C,711,7
109.660699891201,72,34.4576430832967,37.5423569167033,0,I,712,7
49.9085105793288,72,34.5483226329088,15.36018794642,1,C,713,7
85.2146362605089,72,34.5505005167797,37.4494994832203,0,I,714,7
58.0323136985742,64.0402381942866,34.5543989678845,23.4779147306897,1,C,715,7
42.2316237591447,72,34.8296056687832,7.40201809036153,1,I,716,7
56.1380289787067,72,34.8706667264923,21.2673622522143,1,C,717,7
115.882490870079,53.5513204312812,34.8977396450937,18.6535807861875,0,I,718,7
41.8741072354028,72,34.9469904787838,6.92711675661899,1,C,719,7
54.2926320582651,72,34.9898727424443,19.3027593158208,1,I,720,7
58.5638516341684,72,35.0914883287624,23.4723633054061,1,C,721,7
106.265652354826,72,35.1171947736293,36.8828052263707,0,I,722,7
95.95385111235,72,35.1440842123702,36.8559157876298,0,C,723,7
60.2485689047526,72,35.1785842934623,25.0699846112903,1,I,724,7
69.0055866535641,72,35.1822026213631,33.823384032201,1,C,725,7
126.089924692994,72,35.3212171141058,36.6787828858942,0,I,726,7
74.6226657457206,72,35.410303613171,36.589696386829,0,C,727,7
80.8086851485317,72,35.4156142892316,36.5843857107684,0,I,728,7
41.5972004927144,72,35.4459098400548,6.15129065265962,1,C,729,7
40.3991176509012,72,35.4604283161461,4.93868933475503,1,I,730,7
44.7447865016022,72,35.4698003735393,9.27498612806292,1,C,731,7
49.122733853536,72,35.4792353929952,13.6434984605408,1,I,732,7
68.5007243778768,45.2220866589186,35.542205167003,9.67988149191562,0,C,733,7
42.0390900842635,72,35.5713167320937,6.46777335216984,1,I,734,7
119.981831222012,72,35.624763420783,36.375236579217,0,C,735,7
107.935159937622,72,35.6609359430149,36.3390640569851,0,I,736,7
58.1235261623203,72,35.755961718969,22.3675644433512,1,C,737,7
76.5640420596671,72,35.7650693552569,36.2349306447431,0,I,738,7
63.0880521311456,72,35.7871119165793,27.3009402145663,1,C,739,7
164.839459974765,72,35.7978370366618,36.2021629633382,0,I,740,7
44.1753621666131,55.7297712611593,35.838640127331,8.33672203928212,1,C,741,7
72.7339628154333,72,35.9632583521307,36.0367416478694,0,I,742,7
36.8225533436854,72,36.1211116332561,0.701441710429292,1,C,743,7
65.0144687113576,72,36.1606933828443,28.8537753285133,1,I,744,7
36.5429210318559,72,36.1628617532551,0.380059278600767,1,C,745,7
96.2016593632691,38.4424364061496,36.1738606262952,2.26857577985437,0,I,746,7
126.110720321725,72,36.271982062608,35.728017937392,0,C,747,7
75.5077496079664,72,36.3715513329953,35.6284486670047,0,I,748,7
164.206863552592,72,36.3761968072504,35.6238031927496,0,C,749,7
36.4768109975795,72,36.4152102498338,0.0616007477457705,1,I,750,7
160.88519640547,72,36.532001090236,35.467998909764,0,C,751,7
75.3546823688712,69.7601801847543,36.6047874419019,33.1553927428524,0,I,752,7
142.333964383085,72,36.6439661197364,35.3560338802636,0,C,753,7
105.920324267365,72,36.7690319381654,35.2309680618346,0,I,754,7
72.7233417426118,72,36.9349117437378,35.0650882562622,0,C,755,7
130.477967756509,72,36.9415472773835,35.0584527226165,0,I,756,7
156.776404765526,72,37.0133927464485,34.9866072535515,0,C,757,7
59.2265357817102,68.4742341468977,37.0170431211591,22.2094926605511,1,I,758,7
86.0815857996265,72,37.0273111341521,34.9726888658479,0,C,759,7
99.8468512558354,72,37.1000814205036,34.8999185794964,0,I,760,7
59.4482077611456,72,37.1862952737138,22.2619124874318,1,C,761,7
41.7412991891299,72,37.2164585161954,4.52484067293445,1,I,762,7
45.1783648902237,72,37.3651758302003,7.81318906002336,1,C,763,7
61.815346314214,72,37.3922953521833,24.4230509620307,1,I,764,7
157.663788214224,72,37.4913911148906,34.5086088851094,0,C,765,7
71.130619066309,72,37.5637388555333,33.5668802107757,1,I,766,7
107.406057288641,72,37.6521947560832,34.3478052439168,0,C,767,7
73.0308145631066,72,37.7694578329101,34.2305421670899,0,I,768,7
94.7885983973038,72,37.8305187541991,34.1694812458009,0,C,769,7
40.3022799110991,72,37.8987774671987,2.40350244390038,1,I,770,7
48.4601076364726,72,37.9877291293815,10.4723785070911,1,C,771,7
52.2406189071454,72,37.9966811975464,14.243937709599,1,I,772,7
59.8928647612362,72,37.9990386217833,21.8938261394529,1,C,773,7
108.478369133555,72,38.0109591968358,33.9890408031642,0,I,774,7
212.701364713841,72,38.0121283605695,33.9878716394305,0,C,775,7
116.911923046074,70.2598392283882,38.0246321065351,32.2352071218531,0,I,776,7
49.9758195546247,72,38.2153556495905,11.7604639050342,1,C,777,7
49.4170532195138,72,38.2658625533804,11.1511906661334,1,I,778,7
163.066326114208,48.4750758429697,38.2957648253068,10.1793110176629,0,C,779,7
157.719292115388,72,38.3136840211228,33.6863159788773,0,I,780,7
87.5073842892812,72,38.4262128872797,33.5737871127203,0,C,781,7
63.3968550291592,72,38.4339757449925,24.9628792841667,1,I,782,7
48.7266578251254,63.3912763569721,38.4602626087144,10.266395216411,1,C,783,7
173.300686544729,72,38.5669289063662,33.4330710936338,0,I,784,7
209.935161580153,72,38.6284078890458,33.3715921109542,0,C,785,7
45.5734343847473,72,38.7741047563031,6.79932962844412,1,I,786,7
89.2484761723441,72,38.7916558468714,33.2083441531286,0,C,787,7
64.5082621024462,72,38.8361716736108,25.6720904288354,1,I,788,7
64.9693100367878,72,38.9622503332794,26.0070597035084,1,C,789,7
47.4957853397961,72,39.0162874571979,8.47949788259821,1,I,790,7
42.0601514239622,72,39.1041117953137,2.95603962864855,1,C,791,7
113.576979001556,72,39.2080080276355,32.7919919723645,0,I,792,7
57.3634352322483,61.8606219495314,39.2093440610915,18.1540911711568,1,C,793,7
108.396013158832,72,39.2591231502593,32.7408768497407,0,I,794,7
48.7369632977482,72,39.3091781158,9.42778518194821,1,C,795,7
106.229671627915,72,39.3247662764043,32.6752337235957,0,I,796,7
51.965198535563,72,39.340018867515,12.6251796680479,1,C,797,7
57.570942411723,72,39.3532768590376,18.2176655526854,1,I,798,7
183.13036129334,72,39.3896293127909,32.6103706872091,0,C,799,7
72.3724947082913,72,39.4075554376468,32.5924445623532,0,I,800,7
40.9227108110548,72,39.4345852453262,1.48812556572862,1,C,801,7
100.636467235038,72,39.4517972320318,32.5482027679682,0,I,802,7
219.898122732208,72,39.4736330676824,32.5263669323176,0,C,803,7
117.990850602168,72,39.6375795593485,32.3624204406515,0,I,804,7
52.8755451573368,72,39.6427483297884,13.2327968275483,1,C,805,7
141.60758341733,72,39.6606804337353,32.3393195662648,0,I,806,7
67.0719139614138,60.5653712723423,39.7344401618466,20.8309311104958,0,C,807,7
77.2932516609231,66.3189610864546,39.7362613957375,26.5826996907171,0,I,808,7
153.290007102438,72,39.7503817873076,32.2496182126924,0,C,809,7
71.4370466982937,72,39.846638222225,31.5904084760687,1,I,810,7
65.3931499094578,72,39.8909300146624,25.5022198947953,1,C,811,7
59.4739817715578,72,39.9149641022086,19.5590176693492,1,I,812,7
141.970356223555,44.3412916687317,39.9438599310815,4.39743173765019,0,C,813,7
124.672939337922,72,39.9793779943138,32.0206220056862,0,I,814,7
52.2798138708508,72,40.0008865306154,12.2789273402354,1,C,815,7
73.5617019185764,72,40.0427843118086,31.9572156881914,0,I,816,7
71.1963019273518,72,40.0785746891052,31.1177272382466,1,C,817,7
42.7458096088763,72,40.0801995769143,2.66561003196204,1,I,818,7
43.1108048412788,72,40.0956202112138,3.01518463006497,1,C,819,7
69.9842279948238,72,40.1188496639952,29.8653783308286,1,I,820,7
71.5986078003852,72,40.174813605845,31.4237941945402,1,C,821,7
86.9594042663375,65.6535528765622,40.1832825131714,25.4702703633907,0,I,822,7
62.3623904045891,44.5917608079163,40.2375133708119,4.35424743710432,0,C,823,7
76.1955656041741,54.8288055509759,40.307980645448,14.5208249055279,0,I,824,7
43.625592863689,72,40.3959942469373,3.22959861675171,1,C,825,7
161.343060032296,72,40.4456581128761,31.5543418871239,0,I,826,7
110.650462017035,44.8679248056551,40.5783932469785,4.28953155867659,0,C,827,7
60.2796634421574,72,40.6237690011039,19.6558944410534,1,I,828,7
52.0162439556674,72,40.6323991622776,11.3838447933898,1,C,829,7
49.1107723443001,72,40.642298986204,8.46847335809614,1,I,830,7
97.7965492883451,72,40.695874853991,31.304125146009,0,C,831,7
65.6122616797825,63.1161719443113,40.7188970362768,22.3972749080345,0,I,832,7
89.5474079572236,72,40.7603501295671,31.2396498704329,0,C,833,7
72.5868130206626,72,40.9331553988159,31.0668446011841,0,I,834,7
51.4940493223635,72,40.9362663002685,10.5577830220951,1,C,835,7
50.8846085052431,53.8588322936045,41.0148885240778,9.86971998116522,1,I,836,7
82.9929328199916,72,41.0390675486997,30.9609324513003,0,C,837,7
47.8597772809169,72,41.0914119472727,6.76836533364415,1,I,838,7
61.2081157918578,72,41.0973338317126,20.1107819601452,1,C,839,7
140.373452023641,72,41.2800133181736,30.7199866818264,0,I,840,7
100.21641270781,72,41.3092045113444,30.6907954886556,0,C,841,7
51.8262774829851,61.4307209736008,41.3108702609316,10.5154072220536,1,I,842,7
73.586706828659,72,41.3140115188435,30.6859884811565,0,C,843,7
80.1677270705384,72,41.3497240981087,30.6502759018913,0,I,844,7
57.9790140137424,72,41.3579730223864,16.621040991356,1,C,845,7
57.8571991403157,72,41.3603015849367,16.496897555379,1,I,846,7
114.017741285361,72,41.5222338913009,30.4777661086991,0,C,847,7
66.0590531686259,72,41.659665168263,24.3993880003629,1,I,848,7
67.0879848130374,72,41.6675912775099,25.4203935355275,1,C,849,7
84.2434004451184,72,41.6958375368267,30.3041624631733,0,I,850,7
52.1549330416533,72,41.6992823733017,10.4556506683516,1,C,851,7
89.1048083124081,72,41.7024340806529,30.2975659193471,0,I,852,7
78.5375794282712,72,41.7550890147686,30.2449109852314,0,C,853,7
43.5853588096451,72,41.7643072782084,1.82105153143665,1,I,854,7
46.0976058179958,72,41.8291684705764,4.26843734741934,1,C,855,7
48.3202201486144,72,41.8736995803192,6.44652056829515,1,I,856,7
101.227433374364,72,41.9817626522854,30.0182373477146,0,C,857,7
228.018586610135,72,42.0087292604148,29.9912707395852,0,I,858,7
55.5202193377454,72,42.0239101024345,13.4963092353109,1,C,859,7
85.4475491640633,72,42.1162718860433,29.8837281139568,0,I,860,7
80.1723492496821,72,42.1548593742773,29.8451406257227,0,C,861,7
332.647575430799,72,42.1557869715616,29.8442130284384,0,I,862,7
57.8752196671722,72,42.1758589474484,15.6993607197238,1,C,863,7
48.245803799367,42.5207392047359,42.2801550105214,0.24058419421452,0,I,864,7
97.942311998469,72,42.4381974292919,29.5618025707081,0,C,865,7
65.5204684816086,72,42.4461741233245,23.0742943582842,1,I,866,7
97.1289157576494,72,42.4806779203936,29.5193220796064,0,C,867,7
163.09647838874,72,42.6315815839916,29.3684184160084,0,I,868,7
102.427574172132,72,42.6631299639121,29.3368700360879,0,C,869,7
75.8041327596068,72,42.6780708320439,29.3219291679561,0,I,870,7
77.4741800397536,72,42.7389025781304,29.2610974218696,0,C,871,7
59.7798120157886,72,42.7441151160747,17.0356968997139,1,I,872,7
59.6342767377739,72,42.8681976813823,16.7660790563916,1,C,873,7
54.9791348556062,72,42.9249838599935,12.0541509956127,1,I,874,7
267.416395051429,57.9771850398662,42.9381940327585,15.0389910071077,0,C,875,7
55.2483354056907,72,42.9727290384471,12.2756063672435,1,I,876,7
48.3343253257753,72,42.9970386112109,5.33728671456444,1,C,877,7
94.2611406051384,72,43.1602331902832,28.8397668097168,0,I,878,7
114.901655342769,72,43.2048985781148,28.7951014218852,0,C,879,7
69.4057629504303,72,43.238430689089,26.1673322613413,1,I,880,7
51.2424497146457,72,43.3069908153266,7.93545889931914,1,C,881,7
75.2583083456227,72,43.3453860366717,28.6546139633283,0,I,882,7
55.1535310384518,72,43.351634144783,11.8018968936687,1,C,883,7
162.422774729604,64.2176402425796,43.3748914673924,20.8427487751872,0,I,884,7
73.6191718832489,72,43.4261350426823,28.5738649573177,0,C,885,7
48.2102445402047,72,43.492174143903,4.71807039630177,1,I,886,7
105.14363485118,60.2282341535421,43.5217500943691,16.7064840591731,0,C,887,7
48.9909790904127,72,43.6580727389082,5.33290635150448,1,I,888,7
78.9973085372262,72,43.700105343014,28.299894656986,0,C,889,7
67.2359267057385,72,43.7572406139225,23.478686091816,1,I,890,7
47.083672468334,72,43.7923176772893,3.29135479104472,1,C,891,7
45.3049765419591,72,43.8257961161435,1.47918042581558,1,I,892,7
109.845144835389,72,43.8473657844588,28.1526342155412,0,C,893,7
95.3829202343956,72,43.9183882623911,28.0816117376089,0,I,894,7
61.9484747128093,72,43.9268853329122,18.021589379897,1,C,895,7
111.783741783481,72,44.00109117385,27.99890882615,0,I,896,7
50.0918218615969,72,44.0412521967664,6.05056966483043,1,C,897,7
52.1917997722996,67.9255139325998,44.0477216430008,8.14407812929875,1,I,898,7
55.2707103708871,72,44.0761403879151,11.194569982972,1,C,899,7
86.8591357639788,72,44.1132833668962,27.8867166331038,0,I,900,7
119.12394832918,72,44.2115147598088,27.7884852401912,0,C,901,7
59.8155527185616,72,44.2136029852554,15.6019497333062,1,I,902,7
131.361017581596,72,44.2519213305786,27.7480786694214,0,C,903,7
63.3697284092731,72,44.2652898235247,19.1044385857484,1,I,904,7
82.4934885692949,72,44.2996960133314,27.7003039866686,0,C,905,7
101.976797978498,72,44.3309390125796,27.6690609874204,0,I,906,7
59.1558548154505,72,44.4285596860573,14.7272951293932,1,C,907,7
51.0970883672966,72,44.5447307545692,6.55235761272737,1,I,908,7
67.9146381235062,63.0974167590685,44.6276690158993,18.4697477431692,0,C,909,7
101.27427800127,51.665744838682,44.7657630080357,6.89998183064623,0,I,910,7
109.608715253527,72,44.7791013820097,27.2208986179903,0,C,911,7
52.5411645801488,72,44.8435059562326,7.69765862391629,1,I,912,7
69.5649254528946,72,44.9934400152415,24.5714854376531,1,C,913,7
152.477049181196,72,45.0680454215035,26.9319545784965,0,I,914,7
128.698213285645,72,45.1489007938653,26.8510992061347,0,C,915,7
73.9907043464139,72,45.2713760593906,26.7286239406094,0,I,916,7
165.368633878942,72,45.2854507276788,26.7145492723212,0,C,917,7
65.9640543376738,72,45.2857353212312,20.6783190164426,1,I,918,7
105.369342710632,72,45.3704858478159,26.6295141521841,0,C,919,7
72.7789912089217,72,45.4840473085642,26.5159526914358,0,I,920,7
58.3066658020208,72,45.5117693636566,12.7948964383642,1,C,921,7
97.977935246476,72,45.5691119330004,26.4308880669996,0,I,922,7
112.955840211052,72,45.6399575248361,26.3600424751639,0,C,923,7
132.037010921948,72,45.7024008594453,26.2975991405547,0,I,924,7
54.0537407255547,72,45.7328427024186,8.32089802313615,1,C,925,7
68.3825264427041,72,45.8820840669796,22.5004423757245,1,I,926,7
143.17230769587,72,45.9410518035293,26.0589481964707,0,C,927,7
69.078209155533,72,45.9923664433882,23.0858427121448,1,I,928,7
54.7312838789797,72,46.0685002058744,8.66278367310522,1,C,929,7
57.2849818323564,72,46.0795397032052,11.2054421291512,1,I,930,7
118.522894980972,72,46.0980910481885,25.9019089518115,0,C,931,7
90.9085633394981,72,46.1008219141513,25.8991780858487,0,I,932,7
58.4132854327576,72,46.1072880914435,12.3059973413141,1,C,933,7
120.420813224071,72,46.245421199128,25.754578800872,0,I,934,7
85.7682636849098,72,46.2850413657725,25.7149586342275,0,C,935,7
76.1920497756474,72,46.3584851939231,25.6415148060769,0,I,936,7
61.2135630211877,72,46.4009013958275,14.8126616253601,1,C,937,7
62.1058997411479,72,46.459560203366,15.6463395377819,1,I,938,7
115.640665141908,66.9889536726047,46.5603821352124,20.4285715373923,0,C,939,7
121.163384557501,72,46.5671416930854,25.4328583069146,0,I,940,7
80.6928211315272,72,46.7272815294564,25.2727184705436,0,C,941,7
79.2043569092313,72,46.7517583351582,25.2482416648418,0,I,942,7
67.8988317381673,72,46.7786529427394,21.1201787954279,1,C,943,7
138.606934816355,72,46.8128299433738,25.1871700566262,0,I,944,7
68.0740069599848,72,46.8310650112107,21.2429419487741,1,C,945,7
51.5791812715191,72,46.8313222797588,4.7478589917603,1,I,946,7
58.284511365527,72,46.8728075874969,11.4117037780301,1,C,947,7
49.495961182759,72,46.8907739594579,2.60518722330114,1,I,948,7
69.6781829218252,72,46.927064540796,22.7511183810292,1,C,949,7
84.6097643692406,72,46.9275522837415,25.0724477162585,0,I,950,7
79.5654571741131,72,46.9996493915096,25.0003506084904,0,C,951,7
68.6501385506279,72,47.0257330359891,21.6244055146388,1,I,952,7
152.218293648707,72,47.1067151008174,24.8932848991826,0,C,953,7
81.4527890195638,72,47.1732962457463,24.8267037542537,0,I,954,7
178.438491713725,72,47.2222105320543,24.7777894679457,0,C,955,7
55.166163887281,72,47.2771272948012,7.88903659247977,1,I,956,7
65.497455587528,72,47.447940283455,18.049515304073,1,C,957,7
67.6040503078529,72,47.4635492730886,20.1405010347644,1,I,958,7
119.112751135343,72,47.5363985588774,24.4636014411226,0,C,959,7
80.3361129420418,72,47.5699693942443,24.4300306057558,0,I,960,7
93.2252834673496,72,47.7048043208197,24.2951956791803,0,C,961,7
50.4705966214697,72,47.7314861677587,2.73911045371103,1,I,962,7
50.2344497636531,72,47.7648558095098,2.46959395414335,1,C,963,7
100.387890718321,55.0880214515042,47.7883472107351,7.29967424076914,0,I,964,7
77.149492029415,72,47.8263382986188,24.1736617013812,0,C,965,7
55.4122878310604,72,47.8550752066076,7.5572126244528,1,I,966,7
70.3415102313804,72,47.9325214633718,22.4089887680086,1,C,967,7
63.2241966159486,72,47.9675638256595,15.2566327902892,1,I,968,7
132.041703275778,72,48.044073949568,23.955926050432,0,C,969,7
67.7055621996416,72,48.0942491674796,19.611313032162,1,I,970,7
116.910917579935,72,48.1251109577715,23.8748890422285,0,C,971,7
114.208665107974,72,48.1408194545656,23.8591805454344,0,I,972,7
49.4425999390796,72,48.2557604648173,1.18683947426228,1,C,973,7
125.08991502579,72,48.338558874093,23.661441125907,0,I,974,7
115.021050491411,72,48.365212767385,23.6347872326151,0,C,975,7
71.6332723802057,72,48.4744795085862,23.1587928716194,1,I,976,7
106.743127835032,72,48.5068703396246,23.4931296603754,0,C,977,7
100.668681135995,72,48.5691661108285,23.4308338891715,0,I,978,7
57.8500727746042,72,48.6212132032961,9.22885957130812,1,C,979,7
79.5344554602505,67.0210586956036,48.6321874056011,18.3888712900024,0,I,980,7
172.923267552249,72,48.6435467423871,23.3564532576129,0,C,981,7
155.43633861972,72,48.7193349329755,23.2806650670245,0,I,982,7
100.14107891103,72,48.7909042462707,23.2090957537293,0,C,983,7
61.7650630707735,72,48.9355787448585,12.829484325915,1,I,984,7
71.7340670781455,72,49.0069733932614,22.7270936848841,1,C,985,7
67.3484940387023,72,49.0305990865454,18.3178949521569,1,I,986,7
77.0766361624704,72,49.0387859847397,22.9612140152603,0,C,987,7
73.8841473357896,72,49.0997883165255,22.9002116834745,0,I,988,7
102.050913299021,72,49.1234832582995,22.8765167417005,0,C,989,7
86.5331428213186,72,49.1357722599059,22.8642277400941,0,I,990,7
89.8269506856719,72,49.1389470594004,22.8610529405996,0,C,991,7
91.1572008428476,72,49.2031379370019,22.7968620629981,0,I,992,7
110.707389092193,72,49.2112343804911,22.7887656195089,0,C,993,7
81.4129853702761,72,49.2190414806828,22.7809585193172,0,I,994,7
149.08462819396,72,49.2442529741675,22.7557470258325,0,C,995,7
56.4490258922279,72,49.2730743298307,7.17595156239715,1,I,996,7
101.322047417402,72,49.3238389492035,22.6761610507965,0,C,997,7
70.072451313176,72,49.3640758283436,20.7083754848323,1,I,998,7
227.963274081087,72,49.448727616109,22.5512723838911,0,C,999,7
102.831625935978,72,49.5064297970384,22.4935702029616,0,I,1000,7
115.08689029418,72,49.5091553404927,22.4908446595073,0,C,1001,7
63.1149038760342,72,49.5843471586704,13.5305567173638,1,I,1002,7
115.292610733395,72,49.7397788520902,22.2602211479098,0,C,1003,7
50.0804315461941,72,49.7401747852564,0.340256760937747,1,I,1004,7
65.8439231427312,72,49.833793505095,16.0101296376363,1,C,1005,7
54.5250925907178,72,49.8971151793376,4.62797741138025,1,I,1006,7
215.694509535609,72,49.9490110343322,22.0509889656678,0,C,1007,7
136.615446158797,72,50.0485114194453,21.9514885805547,0,I,1008,7
55.9004366392547,72,50.2000617887825,5.70037485047222,1,C,1009,7
118.949849087843,72,50.2628752822056,21.7371247177944,0,I,1010,7
51.4961500327919,72,50.2779068425298,1.21824319026213,1,C,1011,7
88.4432369387577,72,50.3341932501644,21.6658067498356,0,I,1012,7
56.4199062342977,72,50.3966522589326,6.02325397536511,1,C,1013,7
53.3306014211815,72,50.4293018952012,2.90129952598025,1,I,1014,7
76.3096739643196,72,50.453537623398,21.546462376602,0,C,1015,7
60.115980713113,72,50.5092625971884,9.60671811592466,1,I,1016,7
172.609120201111,72,50.5311731016263,21.4688268983737,0,C,1017,7
51.2439816225628,72,50.5387075385079,0.705274084054959,1,I,1018,7
61.06397671275,72,50.6434321543202,10.4205445584298,1,C,1019,7
106.575407115047,72,50.6696777930483,21.3303222069517,0,I,1020,7
68.7027106228731,72,50.6700647296384,18.0326458932347,1,C,1021,7
60.5455210646087,72,50.7207820331678,9.82473903144093,1,I,1022,7
79.0481327919407,72,50.721861384809,21.278138615191,0,C,1023,7
72.7260634637227,72,50.7272759824991,21.2727240175009,0,I,1024,7
296.7848292422,72,50.7541018584743,21.2458981415257,0,C,1025,7
57.542992116993,72,50.7828566897661,6.76013542722693,1,I,1026,7
62.5871280661595,72,50.8285622159019,11.7585658502576,1,C,1027,7
70.4063448274527,72,50.8954436704516,19.510901157001,1,I,1028,7
84.2844870444044,72,50.9285991964862,21.0714008035138,0,C,1029,7
85.4313012080977,72,50.9392186906189,21.0607813093811,0,I,1030,7
56.6516552659861,72,50.9771022805944,5.6745529853917,1,C,1031,7
57.8421994534136,72,50.9966505412012,6.84554891221234,1,I,1032,7
259.422258039969,72,51.003720536828,20.996279463172,0,C,1033,7
78.8254476368789,72,51.0878246370703,20.9121753629297,0,I,1034,7
92.3732812586893,72,51.1340476339683,20.8659523660317,0,C,1035,7
104.220954995743,72,51.1404987657443,20.8595012342557,0,I,1036,7
187.759044242586,72,51.1613970855251,20.8386029144749,0,C,1037,7
57.1221123758626,72,51.1906966706738,5.9314157051888,1,I,1038,7
203.020961104701,72,51.2001263257116,20.7998736742884,0,C,1039,7
123.667669671127,72,51.243772180751,20.756227819249,0,I,1040,7
94.1240968495183,72,51.2948608305305,20.7051391694695,0,C,1041,7
52.909573402768,72,51.3217482157052,1.58782518706284,1,I,1042,7
73.4507736429615,72,51.3281701784581,20.6718298215419,0,C,1043,7
117.406508624493,72,51.3447977369651,20.6552022630349,0,I,1044,7
57.7671672149417,72,51.3481986802071,6.41896853473459,1,C,1045,7
71.8815441558908,72,51.4317086432129,20.4498355126778,1,I,1046,7
58.1638702408045,72,51.4528505550697,6.71101968573474,1,C,1047,7
136.183391159341,72,51.4727753587067,20.5272246412933,0,I,1048,7
53.5386917865438,72,51.5168115170673,2.02188026947657,1,C,1049,7
121.460194527811,72,51.6471538553014,20.3528461446986,0,I,1050,7
83.4905514468337,72,51.6694750729948,20.3305249270052,0,C,1051,7
58.1925317035089,72,51.6779345087707,6.5145971947382,1,I,1052,7
61.0998641745482,72,51.781446011737,9.31841816281121,1,C,1053,7
190.710438378978,72,51.8632421689108,20.1367578310892,0,I,1054,7
74.5654869737628,72,51.9152206275612,20.0847793724388,0,C,1055,7
60.1166069781565,52.9004020337055,52.1488582994789,0.751543734226644,0,I,1056,7
58.8788777929048,72,52.2370482143015,6.64182957860328,1,C,1057,7
77.7407448012267,72,52.3704202612862,19.6295797387138,0,I,1058,7
83.1534919517924,72,52.3808736680076,19.6191263319925,0,C,1059,7
73.0616180198154,72,52.4111143453047,19.5888856546953,0,I,1060,7
58.7560496372035,72,52.432521013543,6.32352862366047,1,C,1061,7
139.380282472942,72,52.4485546862707,19.5514453137293,0,I,1062,7
88.5092578927433,72,52.4536575889215,19.5463424110785,0,C,1063,7
82.4979591939272,72,52.5301392143592,19.4698607856408,0,I,1064,7
100.65849517807,72,52.580820475705,19.419179524295,0,C,1065,7
116.927983021723,72,52.6653931941837,19.3346068058163,0,I,1066,7
81.2325645034904,72,52.6750816265121,19.3249183734879,0,C,1067,7
172.04861683917,72,52.6871617371216,19.3128382628784,0,I,1068,7
92.3617820947824,72,52.7257902408019,19.2742097591981,0,C,1069,7
117.581627167633,72,52.7818155521527,19.2181844478473,0,I,1070,7
54.7237820262773,72,52.8165472811088,1.9072347451685,1,C,1071,7
63.127033204757,72,52.8445458272472,10.2824873775098,1,I,1072,7
136.410777462995,72,52.847617235966,19.152382764034,0,C,1073,7
63.7645382696361,72,52.8813576092944,10.8831806603417,1,I,1074,7
109.855776196655,72,52.9379752697423,19.0620247302577,0,C,1075,7
64.2258292157901,72,53.0262955231592,11.1995336926309,1,I,1076,7
60.4711188002018,68.2166501885971,53.0283117201179,7.4428070800839,1,C,1077,7
130.007786758866,72,53.1865743314847,18.8134256685153,0,I,1078,7
72.2170960495961,72,53.2614037161693,18.7385962838307,0,C,1079,7
81.2926175397052,72,53.3488451689482,18.6511548310518,0,I,1080,7
61.7958191492142,72,53.3669735211879,8.42884562802625,1,C,1081,7
68.3826244494029,72,53.55074794963,14.8318764997729,1,I,1082,7
91.6838111709568,72,53.5976261179894,18.4023738820106,0,C,1083,7
75.3575058940504,72,53.7389445723966,18.2610554276034,0,I,1084,7
124.16944726672,72,53.7796234153211,18.2203765846789,0,C,1085,7
111.500913671549,72,53.9257806306705,18.0742193693295,0,I,1086,7
68.6019012497695,72,53.9543920056894,14.64750924408,1,C,1087,7
67.9516507883042,72,53.9733515493572,13.978299238947,1,I,1088,7
79.0590527413973,72,53.9799911202863,18.0200088797137,0,C,1089,7
84.2768780643783,72,53.9951533963904,18.0048466036096,0,I,1090,7
68.2129284351977,72,54.0575214056298,14.1554070295679,1,C,1091,7
91.5774879442445,72,54.0738895721734,17.9261104278266,0,I,1092,7
135.863760624127,72,54.0987571282312,17.9012428717688,0,C,1093,7
54.3232783337679,72,54.1457198839635,0.177558449804438,1,I,1094,7
69.4478260435119,72,54.2159399064258,15.2318861370862,1,C,1095,7
99.7639789409462,72,54.248575293459,17.751424706541,0,I,1096,7
59.7597578065975,72,54.2600630270317,5.49969477956575,1,C,1097,7
59.7080053097041,72,54.3264144798741,5.38159082983005,1,I,1098,7
254.190812779566,72,54.4868536340073,17.5131463659927,0,C,1099,7
70.4005545964277,72,54.5226817019284,15.8778728944993,1,I,1100,7
93.3889128360229,72,54.5491002732888,17.4508997267112,0,C,1101,7
80.490409922849,72,54.5654242811725,17.4345757188275,0,I,1102,7
156.613160683819,72,54.7652194043621,17.2347805956379,0,C,1103,7
79.0471209420506,72,54.7691322723404,17.2308677276596,0,I,1104,7
135.765710088166,72,54.9934041453525,17.0065958546475,0,C,1105,7
76.9955254500771,72,55.0031851697713,16.9968148302287,0,I,1106,7
206.220613162695,72,55.0073987664655,16.9926012335345,0,C,1107,7
178.273713598769,72,55.0202149059624,16.9797850940377,0,I,1108,7
78.5305065648019,72,55.0558958156034,16.9441041843966,0,C,1109,7
139.773853709305,72,55.1953355642036,16.8046644357964,0,I,1110,7
72.5467681848972,72,55.3201153082773,16.6798846917227,0,C,1111,7
66.3955632864811,72,55.4073666036129,10.9881966828682,1,I,1112,7
70.864220327756,72,55.4350734734908,15.4291468542652,1,C,1113,7
89.6020473450317,72,55.4969278955832,16.5030721044168,0,I,1114,7
74.1995263389533,72,55.5820078030229,16.4179921969771,0,C,1115,7
87.8893415527905,72,55.67047000397,16.32952999603,0,I,1116,7
89.1665031715111,67.8140152824142,55.6845012120903,12.1295140703239,0,C,1117,7
140.110588619713,72,55.7861784333363,16.2138215666637,0,I,1118,7
98.3009671888654,72,55.8974659955129,16.1025340044871,0,C,1119,7
74.7629878798499,72,55.921104750596,16.078895249404,0,I,1120,7
80.4386132581427,72,55.9808176103979,16.0191823896021,0,C,1121,7
77.7099125907033,72,56.0329631762579,15.9670368237421,0,I,1122,7
110.760690681859,72,56.0667025716975,15.9332974283025,0,C,1123,7
118.697209974694,72,56.1554170679301,15.8445829320699,0,I,1124,7
64.1681948458584,72,56.3013919489458,7.86680289691255,1,C,1125,7
127.36667412435,72,56.3078379118815,15.6921620881185,0,I,1126,7
111.188444792805,72,56.3084080209956,15.6915919790044,0,C,1127,7
59.2387375181614,72,56.3835766911507,2.85516082701072,1,I,1128,7
121.04414301342,72,56.3910556538031,15.608944346197,0,C,1129,7
185.27732280492,72,56.4405518537387,15.5594481462613,0,I,1130,7
60.3833063597299,72,56.4683058997616,3.9150004599683,1,C,1131,7
84.0119870728978,72,56.508408584632,15.491591415368,0,I,1132,7
66.804130597876,72,56.5559896174818,10.2481409803942,1,C,1133,7
77.663310876225,72,56.5909674111754,15.4090325888246,0,I,1134,7
145.610367451037,72,56.6513879550621,15.3486120449379,0,C,1135,7
59.060599698627,72,56.6561985947192,2.40440110390779,1,I,1136,7
101.862237093367,61.1536869016036,56.6980035183951,4.45568338320848,0,C,1137,7
107.839014820773,72,56.7165906121954,15.2834093878046,0,I,1138,7
157.979663450253,72,56.7786222975701,15.2213777024299,0,C,1139,7
83.5910423943725,72,56.779044913128,15.220955086872,0,I,1140,7
56.8824698726396,72,56.8241014843807,0.0583683882589649,1,C,1141,7
63.650346929958,72,56.8600333062932,6.79031362366481,1,I,1142,7
66.6650106624333,72,56.904911454767,9.76009920766625,1,C,1143,7
127.578213138935,72,56.9224714161828,15.0775285838172,0,I,1144,7
95.6103003297011,72,56.988963293843,15.011036706157,0,C,1145,7
95.472323606868,72,56.9961787434295,15.0038212565705,0,I,1146,7
62.690050422894,72,57.0032537262887,5.68679669660527,1,C,1147,7
80.1890090267883,72,57.0464079128578,14.9535920871422,0,I,1148,7
105.838601324628,72,57.0560001628473,14.9439998371527,0,C,1149,7
68.2166815724098,72,57.0937675517052,11.1229140207045,1,I,1150,7
76.7239850286342,72,57.1163843851537,14.8836156148463,0,C,1151,7
97.0519021800584,72,57.1625905204564,14.8374094795436,0,I,1152,7
113.810500233713,72,57.2340473905206,14.7659526094794,0,C,1153,7
107.638020354245,72,57.2514738980681,14.7485261019319,0,I,1154,7
90.7990070947631,72,57.2787114372477,14.7212885627523,0,C,1155,7
70.4728027105656,72,57.3611560463905,13.111646664175,1,I,1156,7
69.9986334931236,72,57.4560239771381,12.5426095159855,1,C,1157,7
68.0489363820271,72,57.4720196379349,10.5769167440923,1,I,1158,7
64.390350436303,72,57.5124138733372,6.87793656296578,1,C,1159,7
59.2054223555751,72,57.5861616013572,1.61926075421791,1,I,1160,7
83.9696099843799,72,57.6334045780823,14.3665954219177,0,C,1161,7
76.6100327128413,72,57.6446702191606,14.3553297808394,0,I,1162,7
63.9583379165973,72,57.7784116426483,6.17992627394904,1,C,1163,7
110.367154457524,72,57.7956637227908,14.2043362772092,0,I,1164,7
84.5323071061208,72,57.814346915111,14.1856530848891,0,C,1165,7
91.8742593187005,72,58.0300951329991,13.9699048670009,0,I,1166,7
156.483367539964,72,58.1696362467483,13.8303637532517,0,C,1167,7
97.1003020673202,72,58.3901384565979,13.6098615434021,0,I,1168,7
70.4327526585084,72,58.4277826035395,12.0049700549688,1,C,1169,7
77.0655501409692,72,58.4802512638271,13.5197487361729,0,I,1170,7
96.5534050640514,72,58.5049990005791,13.4950009994209,0,C,1171,7
128.416328735331,72,58.5300521319732,13.4699478680268,0,I,1172,7
59.5208070276965,72,58.7346358783543,0.786171149342213,1,C,1173,7
143.707505516454,72,58.7714981194586,13.2285018805414,0,I,1174,7
118.944871052953,72,58.8463068148121,13.1536931851879,0,C,1175,7
99.4242357383754,72,58.8505331519991,13.1494668480009,0,I,1176,7
144.997460731175,72,58.9077944727615,13.0922055272385,0,C,1177,7
91.129556347042,72,58.9194048754871,13.0805951245129,0,I,1178,7
80.4551761815611,72,58.9808794297278,13.0191205702722,0,C,1179,7
87.9416136537615,72,59.0340663632378,12.9659336367622,0,I,1180,7
82.9434714851242,72,59.0972173400223,12.9027826599777,0,C,1181,7
60.0068452648586,72,59.210336599499,0.796508665359634,1,I,1182,7
64.6218416079335,72,59.2493159277365,5.37252568019699,1,C,1183,7
64.6028537854529,72,59.2643908783793,5.33846290707356,1,I,1184,7
92.4022018140545,72,59.3477715505287,12.6522284494713,0,C,1185,7
114.789999067881,72,59.3487915722653,12.6512084277347,0,I,1186,7
178.587769255295,72,59.3915534857661,12.6084465142339,0,C,1187,7
102.047809597068,72,59.4041037093848,12.5958962906152,0,I,1188,7
89.4317663138921,72,59.4658309780061,12.5341690219939,0,C,1189,7
86.5496041471019,72,59.4785051979125,12.5214948020875,0,I,1190,7
168.907980645511,72,59.5779469795525,12.4220530204475,0,C,1191,7
144.043329437631,72,59.6339573292062,12.3660426707938,0,I,1192,7
189.728221711441,72,59.7203925065696,12.2796074934304,0,C,1193,7
121.685762623202,72,59.7900511650369,12.2099488349631,0,I,1194,7
192.116101960416,72,59.7970386967063,12.2029613032937,0,C,1195,7
60.4132577366542,72,59.8019436188042,0.611314117849976,1,I,1196,7
81.4881602491412,72,59.8259833361954,12.1740166638047,0,C,1197,7
65.6767191483592,72,59.9409078480676,5.73581130029162,1,I,1198,7
247.789392371871,72,59.9452922958881,12.0547077041119,0,C,1199,7
236.880668953982,72,59.9907319620252,12.0092680379748,0,I,1200,7
65.3849905398385,72,59.9958345713094,5.38915596852905,1,C,1201,7
27.3643278230279,72,0.0807417137548327,27.2835861092731,1,I,1,8
39.1857205483259,72,0.132482727058232,39.0532378212677,1,C,2,8
98.8737877035295,72,0.218349471688271,71.7816505283117,0,I,3,8
99.6762912248032,72,0.246208640746772,71.7537913592532,0,C,4,8
22.7838668518752,72,0.247742529027164,22.5361243228481,1,I,5,8
78.0046883689201,24.22881310489,0.248369327746332,23.9804437771437,0,C,6,8
159.618774557451,19.8263969540998,0.249121380038559,19.5772755740612,0,I,7,8
25.7402695536596,72,0.266220308840275,25.4740492448193,1,C,8,8
1.44136527987547,72,0.303577948361635,1.13778733151383,1,I,9,8
24.7281450026693,72,0.310752466320992,24.4173925363483,1,C,10,8
9.99970441303038,72,0.34999976400286,9.64970464902752,1,I,11,8
77.3179646918486,72,0.374036896973848,71.6259631030262,0,C,12,8
88.7283263237113,72,0.447236043401063,71.5527639565989,0,I,13,8
163.331028867532,72,0.529335821047425,71.4706641789526,0,C,14,8
0.848281760869017,72,0.570367905311286,0.277913855557731,1,I,15,8
26.0567153529861,58.3673494570059,0.69503438193351,25.3616809710526,1,C,16,8
18.0388190635253,72,0.707954121753573,17.3308649417717,1,I,17,8
83.6587091852661,37.1408472663659,0.712034488096833,36.4288127782691,0,C,18,8
7.38233356478398,32.2224743954841,0.731636686250567,6.65069687853341,1,I,19,8
21.2755748529334,72,0.739377541467547,20.5361973114659,1,C,20,8
29.5342753011668,72,0.862881615757942,28.6713936854088,1,I,21,8
242.882786790907,50.7267907170754,0.897294483147562,49.8294962339278,0,C,22,8
13.6102270002456,72,0.965626663528383,12.6446003367172,1,I,23,8
87.5847239793934,58.438517298326,0.992178632877767,57.4463386654482,0,C,24,8
17.9850858083058,72,1.14410073962063,16.8409850686852,1,I,25,8
59.1196548446535,24.9517882953634,1.39924401417375,23.5525442811897,0,C,26,8
8.02003468388956,21.0703581555605,1.60428768955171,6.41574699433785,1,I,27,8
21.2701875861693,72,1.60775392781943,19.6624336583499,1,C,28,8
6.07092617743552,72,1.61127631086856,4.45964986656696,1,I,29,8
111.113832764854,72,1.61943183280528,70.3805681671947,0,C,30,8
24.0268672722339,72,1.72489303629845,22.3019742359355,1,I,31,8
19.9782807987988,29.8897079457456,1.76599174272269,18.2122890560761,1,C,32,8
42.5742277725372,72,1.78087128326297,40.7933564892742,1,I,33,8
151.366977159895,72,1.79315457120538,70.2068454287946,0,C,34,8
80.8043844390492,34.946033322952,1.81460912805051,33.1314241949015,0,I,35,8
36.254928920515,19.0218823690586,1.83790499344468,17.1839773756139,0,C,36,8
9.33679874544786,72,1.93565836641938,7.40114037902848,1,I,37,8
62.6566277916874,72,1.94271550979465,60.7139122818928,1,C,38,8
99.8042090939074,37.4937000482465,1.95020689163357,35.543493156613,0,I,39,8
4.29988373810765,72,1.97860349435359,2.32128024375406,1,C,40,8
56.4715673804458,72,2.04206441994756,54.4295029604983,1,I,41,8
32.5412912575546,72,2.04306218773127,30.4982290698233,1,C,42,8
20.9829067777827,12.0302483505301,2.05971908289939,9.97052926763068,0,I,43,8
8.35377063327802,72,2.06154364161193,6.29222699166608,1,C,44,8
41.6735874092497,72,2.15585812926292,39.5177292799867,1,I,45,8
4.31388848000804,72,2.17213025316596,2.14175822684208,1,C,46,8
24.3105627337911,72,2.29262216482312,22.017940568968,1,I,47,8
43.4065493725711,52.1174142960913,2.45716705452651,40.9493823180446,1,C,48,8
60.8275157260143,10.3902197378266,2.6587415440008,7.73147819382577,0,I,49,8
24.2024060264826,72,2.75036829058081,21.4520377359018,1,C,50,8
3.78199231907424,72,2.76150024030358,1.02049207877067,1,I,51,8
24.2804643380142,72,2.8343718778342,21.44609246018,1,C,52,8
27.0181317543268,72,2.96666321810335,24.0514685362234,1,I,53,8
21.2347235650644,72,2.99086631275713,18.2438572523073,1,C,54,8
24.4373449589983,72,3.03366104140878,21.4036839175895,1,I,55,8
120.096071975986,72,3.10230312868953,68.8976968713105,0,C,56,8
93.6903711805805,72,3.22694457136095,68.7730554286391,0,I,57,8
24.1150868877081,72,3.23264856822789,20.8824383194802,1,C,58,8
30.3229382360385,23.9914686975441,3.29263893887401,20.6988297586701,0,I,59,8
26.9904848025674,15.0670668248723,3.29509024042636,11.7719765844459,0,C,60,8
13.2202583223853,72,3.30386760178953,9.91639072059572,1,I,61,8
41.3289738904106,3.6661101353416,3.33522856235504,0.330881572986562,0,C,62,8
174.671186656705,72,3.33673509769142,68.6632649023086,0,I,63,8
25.148676140127,72,3.39821553323418,21.7504606068928,1,C,64,8
35.512624829167,72,3.45117718912661,32.0614476400404,1,I,65,8
109.936118198979,72,3.47232533153147,68.5276746684685,0,C,66,8
24.3833327442333,72,3.51515252608806,20.8681802181452,1,I,67,8
104.621082932269,72,3.72339298948646,68.2766070105136,0,C,68,8
10.3011628576662,72,3.75137262046337,6.54979023720282,1,I,69,8
48.4429883280153,72,3.8652662280947,44.5777220999206,1,C,70,8
45.6143941678536,72,3.88312135823071,41.7312728096229,1,I,71,8
50.1261499958021,72,3.92707382328808,46.199076172514,1,C,72,8
42.7959407545028,72,4.02331524062902,38.7726255138738,1,I,73,8
62.7745372747529,72,4.2289395025,58.5455977722529,1,C,74,8
39.8437734292978,72,4.28871424868703,35.5550591806108,1,I,75,8
129.781079753981,72,4.32228745892644,67.6777125410736,0,C,76,8
64.5504681304001,72,4.33557952288538,60.2148886075147,1,I,77,8
42.5434161876922,72,4.34440393466502,38.1990122530272,1,C,78,8
17.2141308405296,72,4.36640812084079,12.8477227196888,1,I,79,8
5.24959647983461,72,4.41226642113179,0.837330058702818,1,C,80,8
41.3851730104673,72,4.49877509381622,36.8863979166511,1,I,81,8
37.7515478118639,72,4.50347600039095,33.248071811473,1,C,82,8
11.4590063762809,54.0086498832616,4.52794843353331,6.93105794274755,1,I,83,8
45.8102394781808,6.39012327663449,4.53393773641437,1.85618554022011,0,C,84,8
46.5218488271002,61.8135417836889,4.55563250463456,41.9662163224656,1,I,85,8
30.6043520819711,72,4.59349266719073,26.0108594147804,1,C,86,8
4.75693778589486,43.8216966445513,4.67093361541629,0.0860041704785705,1,I,87,8
51.1380575296364,72,4.71121083945036,46.426846690186,1,C,88,8
53.4606293315558,72,4.73809795919806,48.7225313723577,1,I,89,8
58.2669472901985,72,4.77778977714479,53.4891575130537,1,C,90,8
114.191397764657,72,4.93200302124023,67.0679969787598,0,I,91,8
5.19902630652095,72,4.93387759197503,0.265148714545914,1,C,92,8
125.169914929216,42.8579607118293,4.96468262281269,37.8932780890166,0,I,93,8
12.9694724280548,72,5.07513374090195,7.89433868715285,1,C,94,8
7.35215885306131,72,5.18312852829695,2.16903032476436,1,I,95,8
5.67549623747424,72,5.2315940335393,0.443902203934948,1,C,96,8
84.3097822665074,55.4914354078383,5.24003107566387,50.2514043321744,0,I,97,8
25.4578568181028,6.1078997319693,5.28694490902126,0.820954822948037,0,C,98,8
34.6365279822976,72,5.43361008167267,29.2029179006249,1,I,99,8
114.473894495981,72,5.45560556463897,66.544394435361,0,C,100,8
25.2749029082964,72,5.73216187767685,19.5427410306196,1,I,101,8
59.6635666366129,72,5.73936979752034,53.9241968390926,1,C,102,8
38.4709954478229,70.2992720580466,5.74821819551289,32.72277725231,1,I,103,8
9.32675866907955,72,5.74949667323381,3.57726199584575,1,C,104,8
107.516139619569,72,5.78054606448859,66.2194539355114,0,I,105,8
9.89170194801268,72,6.03000357281417,3.86169837519851,1,C,106,8
114.781908830039,72,6.15539814345539,65.8446018565446,0,I,107,8
16.3940636996211,72,6.44406690727919,9.94999679234194,1,C,108,8
81.4411328662401,72,6.46087015047669,65.5391298495233,0,I,109,8
31.5890690503787,72,6.47690922953188,25.1121598208468,1,C,110,8
20.0867840355482,28.146430792494,6.48853034712374,13.5982536884245,1,I,111,8
21.3761452685283,72,6.5185835910961,14.8575616774322,1,C,112,8
24.687707165494,72,6.5364087279886,18.1512984375054,1,I,113,8
39.5266921552604,72,6.55770546756685,32.9689866876935,1,C,114,8
53.6290779694679,72,6.57888256944716,47.0501954000207,1,I,115,8
85.5575147885587,72,6.57970931846649,65.4202906815335,0,C,116,8
18.1300878816399,72,6.77624925971031,11.3538386219296,1,I,117,8
10.3042428516121,72,6.77964344155043,3.52459941006164,1,C,118,8
8.76977537468648,72,6.85582329053432,1.91395208415216,1,I,119,8
41.0280838517312,72,6.87236253172159,34.1557213200096,1,C,120,8
14.0562420686549,72,6.87732351478189,7.17891855387304,1,I,121,8
35.6913276298379,72,6.92713467869908,28.7641929511388,1,C,122,8
27.6338928458832,72,6.99424438644201,20.6396484594412,1,I,123,8
78.4866936596025,72,7.00745820533484,64.9925417946652,0,C,124,8
103.151264270102,50.6035116667217,7.03621930908412,43.5672923576376,0,I,125,8
12.0377106465774,72,7.10390395950526,4.93380668707213,1,C,126,8
20.5902884437056,72,7.13442399166524,13.4558644520404,1,I,127,8
9.50493794007202,72,7.19849092885852,2.3064470112135,1,C,128,8
10.1220627968536,72,7.24858752451837,2.87347527233521,1,I,129,8
64.5356579594931,72,7.2792952414602,57.2563627180329,1,C,130,8
22.5758095944525,72,7.33541419263929,15.2403954018132,1,I,131,8
45.1094882685571,43.6283321760001,7.38312124740332,36.2452109285967,0,C,132,8
13.1994807282012,72,7.47645107097924,5.723029657222,1,I,133,8
92.4084591127216,41.7019538679268,7.4868580698967,34.2150957980302,0,C,134,8
34.8789082908739,72,7.51434740144759,27.3645608894264,1,I,135,8
135.87709617319,72,7.62247578240931,64.3775242175907,0,C,136,8
11.9410174302768,72,7.71891520824283,4.22210222203401,1,I,137,8
71.1302098096273,23.8922576202818,7.85276285838336,16.0394947618984,0,C,138,8
156.622236860452,72,7.88841004483402,64.111589955166,0,I,139,8
26.5831380945337,72,8.04626004304737,18.5368780514864,1,C,140,8
28.9787319108207,72,8.12903774902225,20.8496941617984,1,I,141,8
67.0492415378869,56.3155192978885,8.14680953510106,48.1687097627875,0,C,142,8
11.4368795043503,72,8.18417932838202,3.25270017596828,1,I,143,8
9.02093477504653,72,8.19810901768506,0.822825757361479,1,C,144,8
129.97908134465,72,8.31793307326734,63.6820669267327,0,I,145,8
60.9465262762824,72,8.32096762955189,52.6255586467305,1,C,146,8
9.81133139678493,72,8.44645937439054,1.36487202239439,1,I,147,8
19.6392932716338,72,8.47263596020639,11.1666573114274,1,C,148,8
69.0163548225852,69.1628216982517,8.49634802900255,60.5200067935826,1,I,149,8
49.5410728631482,72,8.61337447073311,40.9276983924151,1,C,150,8
12.1591336345772,72,8.74455023556948,3.41458339900776,1,I,151,8
33.3405377418881,72,8.88652062043548,24.4540171214526,1,C,152,8
20.0799290698826,72,8.88726575765759,11.192663312225,1,I,153,8
24.940935054773,72,8.92188240308315,16.0190526516898,1,C,154,8
13.6274790344118,36.1665690502445,8.95027427002788,4.67720476438387,1,I,155,8
37.0337540055379,72,8.99083673022687,28.042917275311,1,C,156,8
49.1659487515096,72,9.14057402405888,40.0253747274507,1,I,157,8
89.7332409279398,21.6599933461501,9.16018091607839,12.4998124300717,0,C,158,8
34.3901466601535,72,9.17450551874936,25.2156411414042,1,I,159,8
18.8682754780376,72,9.24136742949486,9.62690804854278,1,C,160,8
115.064690660796,35.8737416632318,9.25953021738678,26.614211445845,0,I,161,8
44.9029711574173,72,9.28235299419612,35.6206181632212,1,C,162,8
39.5251973945377,72,9.28953138180077,30.235666012737,1,I,163,8
57.1956135554443,46.4622147088983,9.2906211828813,37.171593526017,0,C,164,8
118.410891293429,72,9.30807780940086,62.6919221905992,0,I,165,8
68.8309006578786,72,9.36298943124712,59.4679112266315,1,C,166,8
100.040767597959,72,9.5106476219371,62.4893523780629,0,I,167,8
14.4008196338487,56.040449790843,9.52148105017841,4.87933858367032,1,C,168,8
49.5196080723784,63.4065039723198,9.57788807339966,39.9417199989787,1,I,169,8
81.1353879485104,38.5522414014675,9.60367502644658,28.9485663750209,0,C,170,8
37.3433046581535,51.5194954330912,9.62039702106267,27.7229076370908,1,I,171,8
15.114596085197,72,9.62921816390008,5.48537792129689,1,C,172,8
30.2173854204274,49.3574155363659,9.81224717572331,20.4051382447041,1,I,173,8
49.6503025746665,72,9.84653708059341,39.8037654940731,1,C,174,8
26.829799258401,72,9.91750623565167,16.9122930227493,1,I,175,8
30.732709438353,31.9923760541342,10.0241080205888,20.7086014177642,1,C,176,8
19.4240132638753,72,10.0259215570986,9.39809170677669,1,I,177,8
11.5405601920053,72,10.1751091238111,1.3654510681942,1,C,178,8
71.0896892001457,72,10.1995373982936,60.8901518018521,1,I,179,8
19.2381369245398,72,10.2733307797462,8.96480614479358,1,C,180,8
16.0730834031662,72,10.3613024158403,5.71178098732589,1,I,181,8
25.4754971164283,72,10.3780295373872,15.0974675790411,1,C,182,8
41.7700898415684,62.9281212011709,10.3959743818268,31.3741154597415,1,I,183,8
15.8089209096567,72,10.3966579120606,5.41226299759607,1,C,184,8
58.9249257942254,72,10.4322654940188,48.4926603002067,1,I,185,8
48.0109780785088,47.4501430329383,10.4516265029088,36.9985165300295,0,C,186,8
19.5583170987944,32.632501794354,10.5978847062215,8.96043239257288,1,I,187,8
23.7288759469801,25.0657374663681,10.622605830431,13.1062701165491,1,C,188,8
14.3694838667617,72,10.6355847325176,3.73389913424412,1,I,189,8
75.7900502079801,72,10.6521918391809,61.3478081608191,0,C,190,8
19.4504344565109,72,10.6544056814164,8.7960287750945,1,I,191,8
61.6656267960753,72,10.7637089397758,50.9019178562995,1,C,192,8
108.728149523546,63.6229983256707,10.884850169532,52.7381481561387,0,I,193,8
11.7214635009334,72,10.9068967681378,0.814566732795539,1,C,194,8
43.0217854331861,72,10.9515804704279,32.0702049627583,1,I,195,8
123.01271541051,72,10.9946805657819,61.0053194342181,0,C,196,8
28.6070841713618,18.1703684668671,11.0006804717705,7.16968799509668,0,I,197,8
14.1709507387679,72,11.0795550886542,3.09139565011376,1,C,198,8
126.932465276535,72,11.0964053822681,60.9035946177319,0,I,199,8
25.4470595633823,72,11.1055155191571,14.3415440442252,1,C,200,8
24.8807260704165,72,11.1845054849982,13.6962205854183,1,I,201,8
18.5923941114546,72,11.1979634966701,7.39443061478451,1,C,202,8
55.2555279312728,72,11.2077912082896,44.0477367229833,1,I,203,8
84.6099862777137,72,11.2082415819168,60.7917584180832,0,C,204,8
27.9364971693067,72,11.305207000114,16.6312901691927,1,I,205,8
60.4931031884829,72,11.3538477011025,49.1392554873804,1,C,206,8
99.9827369102321,51.94171626104,11.370450546965,40.571265714075,0,I,207,8
38.2208277010212,32.3834302013246,11.3837936427444,20.9996365585802,0,C,208,8
12.1587337138262,72,11.4700019080192,0.688731805807041,1,I,209,8
87.7944209763864,72,11.5826373361051,60.4173626638949,0,C,210,8
13.6461038770077,72,11.5873260330409,2.05877784396682,1,I,211,8
37.5963648086767,55.1259734767189,11.6927676927298,25.9035971159469,1,C,212,8
18.3452571066661,69.8581932356007,11.7651181435213,6.58013896314483,1,I,213,8
27.8830776086557,38.8716639213631,11.8792198738083,16.0038577348474,1,C,214,8
103.939638115546,72,11.9177007023245,60.0822992976755,0,I,215,8
39.3897421469518,72,11.9256596686319,27.4640824783199,1,C,216,8
44.1563551611827,72,11.9385742815211,32.2177808796616,1,I,217,8
20.5389562514858,72,12.1003219904378,8.43863426104795,1,C,218,8
130.62742644158,72,12.1545936260372,59.8454063739628,0,I,219,8
30.3547240386274,28.0850389611608,12.1692569414154,15.9157820197455,0,C,220,8
112.013503204162,72,12.1996052423492,59.8003947576508,0,I,221,8
31.1859558620811,72,12.4205368990079,18.7654189630733,1,C,222,8
15.9859891233062,17.3554743353479,12.4397391267121,3.54624999659412,1,I,223,8
47.0492640775882,33.642445568313,12.5072759622708,21.1351696060422,0,C,224,8
28.2697764720996,72,12.5576673354954,15.7121091366042,1,I,225,8
32.0638774238702,72,12.5693987030536,19.4944787208166,1,C,226,8
90.5444469264699,72,12.5771437492222,59.4228562507778,0,I,227,8
28.4550236481577,44.3614305150328,12.6440719189122,15.8109517292455,1,C,228,8
23.0329393048418,34.6119050646508,12.6831177575514,10.3498215472904,1,I,229,8
41.4346231132463,50.5721149470155,12.7034359099343,28.731187203312,1,C,230,8
32.3387608803296,72,12.7474814560264,19.5912794243032,1,I,231,8
17.1988389906452,51.6620619414605,12.7517612138763,4.44707777676885,1,C,232,8
106.950305431484,72,12.8655765904114,59.1344234095886,0,I,233,8
149.083577048947,72,12.884271084331,59.115728915669,0,C,234,8
60.1489017185407,72,12.9105920344591,47.2383096840816,1,I,235,8
15.116470967003,72,12.9290965944529,2.18737437255017,1,C,236,8
56.8232156155246,72,12.9515271959826,43.871688419542,1,I,237,8
109.714247281428,72,12.9701949097216,59.0298050902784,0,C,238,8
110.792687196155,48.1977062241942,13.1385107617825,35.0591954624117,0,I,239,8
70.0294835583653,72,13.182609686628,56.8468738717373,1,C,240,8
46.907138928716,72,13.1843187427148,33.7228201860011,1,I,241,8
94.2522076757367,72,13.4123132005334,58.5876867994666,0,C,242,8
37.7501201913066,72,13.469416173175,24.2807040181317,1,I,243,8
49.8877878633762,72,13.4743532398716,36.4134346235047,1,C,244,8
50.5010048755981,15.8180071060086,13.478329796344,2.33967730966458,0,I,245,8
24.0836822331005,72,13.5118340933695,10.571848139731,1,C,246,8
178.881833019574,49.8743749866857,13.5211828211322,36.3531921655534,0,I,247,8
80.2071670207263,72,13.5385985299945,58.4614014700055,0,C,248,8
20.9821524057647,72,13.5395514685661,7.4426009371986,1,I,249,8
39.0941005177734,72,13.5538487322629,25.5402517855105,1,C,250,8
30.7098449847939,72,13.609940665774,17.0999043190199,1,I,251,8
54.3552705482223,72,13.6181393405423,40.73713120768,1,C,252,8
79.9727731117096,72,13.6193568818271,58.3806431181729,0,I,253,8
55.1456694812544,72,13.6371986567974,41.508470824457,1,C,254,8
232.718949565182,72,13.8352394476533,58.1647605523467,0,I,255,8
27.940293869557,72,13.8550284923986,14.0852653771585,1,C,256,8
82.8128356684194,58.3974731944805,13.8583692815155,44.539103912965,0,I,257,8
30.103494692549,72,13.8891508011147,16.2143438914342,1,C,258,8
46.0411905023126,72,13.9814693899825,32.05972111233,1,I,259,8
27.5852397521392,72,14.0251359902322,13.560103761907,1,C,260,8
38.6442758856623,72,14.0353110618889,24.6089648237733,1,I,261,8
20.7721254149318,21.5039329406023,14.0825248835608,6.68960053137097,1,C,262,8
46.9909943593224,24.3001293852125,14.1039982158691,10.1961311693434,0,I,263,8
106.325351836281,72,14.166218591854,57.833781408146,0,C,264,8
38.3254863240517,72,14.3210597662255,24.0044265578262,1,I,265,8
33.2072390843373,71.7796061799024,14.4075435306877,18.7996955536496,1,C,266,8
80.1681696057472,72,14.5050314208493,57.4949685791507,0,I,267,8
36.0175007532847,37.5317080273684,14.527345597744,21.4901551555407,1,C,268,8
48.9849975128968,72,14.5615781843662,34.4234193285305,1,I,269,8
37.6054143016836,72,14.5907467184588,23.0146675832247,1,C,270,8
58.3635641392783,72,14.6160133229569,43.7475508163214,1,I,271,8
15.7453261143026,72,14.6753210993484,1.07000501495421,1,C,272,8
50.2748838833954,72,14.7049042023718,35.5699796810235,1,I,273,8
23.8366324816704,72,14.7404823778197,9.09615010385064,1,C,274,8
33.8977612686051,72,14.7425038553774,19.1552574132277,1,I,275,8
56.2990763213095,72,14.7826309874654,41.5164453338441,1,C,276,8
93.2599988781915,33.7974142837401,14.8219754034653,18.9754388802748,0,I,277,8
27.4875130922475,72,14.8284170776606,12.6590960145869,1,C,278,8
15.2820717399172,72,14.9000684777275,0.382003262189705,1,I,279,8
24.5590172890127,72,14.9764622468501,9.58255504216257,1,C,280,8
50.5347568509931,72,14.9900038680062,35.5447529829869,1,I,281,8
84.8846662192987,72,15.0011047208682,56.9988952791318,0,C,282,8
77.0912095446385,72,15.0132763758302,56.9867236241698,0,I,283,8
39.6291013347384,72,15.1091584190726,24.5199429156658,1,C,284,8
47.0058842149531,72,15.1404005661607,31.8654836487924,1,I,285,8
22.3704649674666,72,15.2130218222737,7.1574431451929,1,C,286,8
106.778862295373,72,15.2217436814681,56.7782563185319,0,I,287,8
17.000142779121,72,15.223312578164,1.77683020095693,1,C,288,8
34.6212339206949,50.067925376963,15.2363562583923,19.3848776623026,1,I,289,8
35.4682546604616,72,15.239095450379,20.2291592100827,1,C,290,8
16.1206887104652,72,15.2873205766082,0.833368133857065,1,I,291,8
36.6643233188332,72,15.309618213214,21.3547051056192,1,C,292,8
223.506111135385,72,15.3151002433151,56.6848997566849,0,I,293,8
142.388192846005,72,15.4532143520191,56.5467856479809,0,C,294,8
113.358608903168,44.7179207069614,15.4837821051478,29.2341386018136,0,I,295,8
29.0479573271173,72,15.4882955225185,13.5596618045989,1,C,296,8
25.3982978704128,72,15.4918217891827,9.90647608123009,1,I,297,8
80.4808201342172,72,15.4952381132171,56.504761886783,0,C,298,8
72.8962461114189,72,15.5366370035335,56.4633629964665,0,I,299,8
59.9966391450698,72,15.6021299818531,44.3945091632168,1,C,300,8
16.0653378255836,72,15.6184581946582,0.446879630925408,1,I,301,8
53.234034408045,72,15.6483160285279,37.585718379517,1,C,302,8
25.6781977876279,72,15.6892306962982,9.98896709132971,1,I,303,8
114.222013633752,37.2690063624781,15.7593410136178,21.5096653488603,0,C,304,8
20.083436607004,72,15.8111737668514,4.27226284015254,1,I,305,8
66.1620278427794,72,15.8580068964511,50.3040209463282,1,C,306,8
48.2438539458679,72,15.8961602440104,32.3476937018575,1,I,307,8
57.0665428525059,72,16.0339780244976,41.0325648280083,1,C,308,8
29.4675670524476,72,16.0568091273308,13.4107579251168,1,I,309,8
97.9571819948023,72,16.0940593387932,55.9059406612068,0,C,310,8
53.1855793451124,72,16.1178536061198,37.0677257389927,1,I,311,8
17.702583833517,46.1551345767835,16.1196929169819,1.58289091653514,1,C,312,8
26.4318794794828,72,16.1660149600357,10.2658645194471,1,I,313,8
87.1077666268157,18.7790917923298,16.1881385324523,2.59095325987753,0,C,314,8
24.1273377048869,72,16.1944060027599,7.93293170212698,1,I,315,8
37.217362561961,72,16.2975764740258,20.9197860879352,1,C,316,8
170.457216745588,72,16.3839302212,55.6160697788,0,I,317,8
22.4718802265356,72,16.4308125106618,6.04106771587378,1,C,318,8
52.0412679063318,72,16.5403685672209,35.5008993391109,1,I,319,8
23.1832020876161,72,16.5597420232371,6.62346006437904,1,C,320,8
26.7014112498407,72,16.575396344997,10.1260149048437,1,I,321,8
17.5749160443532,72,16.6267109429464,0.948205101406825,1,C,322,8
42.5895903627016,72,16.7004338465631,25.8891565161385,1,I,323,8
32.2840387838947,72,16.7063185153529,15.5777202685418,1,C,324,8
46.330327280476,72,16.7537959199399,29.5765313605361,1,I,325,8
111.81863291284,51.061729853995,16.7851965827867,34.2765332712082,0,C,326,8
44.254474552926,72,16.7976456088945,27.4568289440315,1,I,327,8
41.6529795820888,72,16.8687918176875,24.7841877644014,1,C,328,8
34.8720059776887,72,16.8963569356129,17.9756490420759,1,I,329,8
62.1823534891102,72,16.9179612910375,45.2643921980727,1,C,330,8
24.3817231841181,72,16.9218303216621,7.45989286245599,1,I,331,8
94.7419232928353,72,16.9429456070066,55.0570543929935,0,C,332,8
29.4968424122304,72,16.9579458329827,12.5388965792477,1,I,333,8
173.097942049516,72,16.9982681097463,55.0017318902537,0,C,334,8
122.866189252655,37.3943525333573,17.0327126327902,20.3616399005671,0,I,335,8
24.2981527072662,72,17.0451775286347,7.25297517863154,1,C,336,8
28.5996739338987,72,17.1038702130318,11.495803720867,1,I,337,8
36.3212136585122,65.9299278400223,17.1081341430545,19.2130795154577,1,C,338,8
45.3622747850556,72,17.1447100723162,28.2175647127394,1,I,339,8
110.643927992291,72,17.2265034774318,54.7734965225682,0,C,340,8
61.5180339799556,72,17.4472901411355,44.0707438388202,1,I,341,8
41.0737797902826,72,17.46589418035,23.6078856099326,1,C,342,8
83.779576187269,66.4659200550654,17.4734992906451,48.9924207644203,0,I,343,8
65.8332320851383,72,17.5153541984037,48.3178778867346,1,C,344,8
31.8654627557395,72,17.5167842628434,14.3486784928961,1,I,345,8
29.0922421961892,72,17.5639858050272,11.528256391162,1,C,346,8
133.42176011934,72,17.6562401186675,54.3437598813325,0,I,347,8
135.064049955467,72,17.6907692570239,54.3092307429761,0,C,348,8
133.940021408952,72,17.7042225748301,54.29577742517,0,I,349,8
48.1585365538749,72,17.7977451542392,30.3607913996357,1,C,350,8
20.8821749912468,72,17.8586663911119,3.02350860013492,1,I,351,8
18.8108148565486,69.6831946517135,17.8748177736998,0.935997082848826,1,C,352,8
189.470442918336,72,17.8878911817446,54.1121088182554,0,I,353,8
82.9976349185762,72,17.9086906928569,54.0913093071431,0,C,354,8
51.9553778062266,70.9952486903605,17.9404583992437,34.0149194069829,1,I,355,8
49.5406486092258,72,17.9462841711938,31.594364438032,1,C,356,8
67.9181790012381,72,18.1021886179224,49.8159903833158,1,I,357,8
56.3194976686789,72,18.1119574327022,38.2075402359767,1,C,358,8
49.6237914212296,72,18.1201558560133,31.5036355652163,1,I,359,8
86.031590167199,72,18.2450658548623,53.7549341451377,0,C,360,8
51.7124556038086,59.0089028864454,18.2561101019382,33.4563455018704,1,I,361,8
46.9310492726977,72,18.2572260545567,28.6738232181411,1,C,362,8
154.938451241351,72,18.4219784243032,53.5780215756968,0,I,363,8
29.5143176608934,72,18.422489091754,11.0918285691394,1,C,364,8
35.4023484857936,72,18.4381262166426,16.964222269151,1,I,365,8
49.3551230131057,72,18.4481623023748,30.9069607107309,1,C,366,8
188.782518745036,67.6760398034847,18.4495858149603,49.2264539885244,0,I,367,8
22.2494334858581,72,18.5329800657928,3.71645342006531,1,C,368,8
48.265363775304,72,18.5565184755251,29.7088452997789,1,I,369,8
54.505861638822,72,18.5804902855307,35.9253713532913,1,C,370,8
143.84715379009,72,18.6284334445372,53.3715665554628,0,I,371,8
35.6026179406652,72,18.6299979686737,16.9726199719915,1,C,372,8
41.5688287483718,72,18.6853271909058,22.883501557466,1,I,373,8
68.9658683415079,38.3249881291936,18.6915481975302,19.6334399316634,0,C,374,8
28.5200381063899,54.7722378622116,18.7106466433033,9.80939146308654,1,I,375,8
64.0210280376069,72,18.7115309201181,45.3094971174888,1,C,376,8
61.5197875597349,72,18.7501810211688,42.7696065385661,1,I,377,8
104.856784936691,20.1221570448918,18.7765002669767,1.34565677791512,0,C,378,8
41.8116919207539,72,18.7878297781572,23.0238621425967,1,I,379,8
57.6597772203389,72,18.7924240110442,38.8673532092946,1,C,380,8
84.137004572436,20.2040490507496,18.8135727401823,1.39047631056728,0,I,381,8
33.7498222242309,72,18.8272092305124,14.9226129937185,1,C,382,8
23.422122109773,72,18.9226930914447,4.4994290183283,1,I,383,8
21.6829580801804,72,18.9283395605162,2.75461851966424,1,C,384,8
44.4315773585312,72,18.9448677236214,25.4867096349098,1,I,385,8
151.621358650811,46.2361771190386,18.9541727118194,27.2820044072192,0,C,386,8
35.4864712067285,72,19.0393844945356,16.4470867121929,1,I,387,8
34.5496750104637,72,19.0436527412385,15.5060222692253,1,C,388,8
32.436065849529,72,19.0498512005433,13.3862146489857,1,I,389,8
31.2552363689983,72,19.0661165909842,12.1891197780141,1,C,390,8
104.775327336122,35.2203563712473,19.0979928011075,16.1223635701399,0,I,391,8
33.9209547798523,72,19.131096471101,14.7898583087512,1,C,392,8
68.2729853680532,33.5500334589316,19.2034399788827,14.346593480049,0,I,393,8
65.5789944016344,72,19.251436390914,46.3275580107204,1,C,394,8
82.2702496563623,72,19.261434758082,52.738565241918,0,I,395,8
50.4273366026547,72,19.2672282457352,31.1601083569195,1,C,396,8
42.5069994558189,72,19.2972121294588,23.2097873263601,1,I,397,8
121.762730787572,72,19.3041158141568,52.6958841858432,0,C,398,8
68.8956655844715,72,19.3268184363842,49.5688471480873,1,I,399,8
36.7214720348969,41.5116276045713,19.3551393784583,17.3663326564387,1,C,400,8
68.2310161390261,72,19.3698063399643,48.8612097990619,1,I,401,8
39.8071879362204,72,19.4133289949968,20.3938589412236,1,C,402,8
77.2043920468799,72,19.4999463250861,52.5000536749139,0,I,403,8
89.884777194248,72,19.7375814244151,52.2624185755849,0,C,404,8
29.7953308109471,72,19.8123118607327,9.98301895021438,1,I,405,8
44.1304343192477,72,19.8603389505297,24.270095368718,1,C,406,8
30.4120501844725,72,19.9954788805917,10.4165713038808,1,I,407,8
88.7054114873093,33.1921483937987,20.0013031996787,13.19084519412,0,C,408,8
35.5114619843389,72,20.0723449699581,15.4391170143808,1,I,409,8
34.7070156101377,72,20.0782653316855,14.6287502784522,1,C,410,8
35.9167161770888,72,20.1107314461842,15.8059847309046,1,I,411,8
43.5504617675533,72,20.1615245640278,23.3889372035255,1,C,412,8
38.6432961940784,72,20.1710972562432,18.4721989378352,1,I,413,8
76.0708127568157,72,20.197386033833,51.802613966167,0,C,414,8
82.7791196247109,72,20.2037987904623,51.7962012095377,0,I,415,8
45.3230472752973,51.8563160812792,20.2694805152714,25.0535667600258,1,C,416,8
23.9400176048887,72,20.2884369436651,3.65158066122351,1,I,417,8
66.6763132262346,27.9140560802037,20.3010889654979,7.61296711470578,0,C,418,8
62.2601999515723,72,20.3568367660046,41.9033631855677,1,I,419,8
22.3965243193371,72,20.3683138266206,2.02821049271657,1,C,420,8
56.9134571568742,72,20.3795664478093,36.5338907090648,1,I,421,8
151.384125093525,72,20.4010783368722,51.5989216631278,0,C,422,8
86.4701091510475,25.8489079487921,20.4355355305597,5.4133724182324,0,I,423,8
59.8840764374327,72,20.4444963578135,39.4395800796192,1,C,424,8
36.0973488163851,72,20.5524107348174,15.5449380815677,1,I,425,8
100.267096205923,72,20.6307491613552,51.3692508386448,0,C,426,8
153.105578451473,72,20.6779319001362,51.3220680998638,0,I,427,8
68.8400064293732,36.6766762306055,20.7840290665627,15.8926471640428,0,C,428,8
124.227146980509,72,20.8652570424601,51.1347429575399,0,I,429,8
84.7239489815164,72,21.0172761837021,50.982723816298,0,C,430,8
26.635748912435,72,21.0541535541415,5.58159535829349,1,I,431,8
41.1190973001078,72,21.0745024261996,20.0445948739082,1,C,432,8
47.0964023605607,72,21.0897427657619,26.0066595947988,1,I,433,8
130.162938556428,72,21.3097937218845,50.6902062781155,0,C,434,8
96.7385559816227,53.571959734563,21.3185251504183,32.2534345841447,0,I,435,8
22.7650431412435,72,21.3619553251192,1.40308781612433,1,C,436,8
130.023766831596,72,21.3871897710487,50.6128102289513,0,I,437,8
27.0465005394943,72,21.4157947897911,5.63070574970318,1,C,438,8
160.531916819751,32.577021307898,21.4451492205262,11.1318720873718,0,I,439,8
25.1107279404682,72,21.4995352132246,3.61119272724362,1,C,440,8
23.0392972412509,72,21.5107336593792,1.52856358187175,1,I,441,8
39.8686051067757,72,21.5433153742924,18.3252897324832,1,C,442,8
62.7453754321426,72,21.58975915052,41.1556162816226,1,I,443,8
27.3309808667898,72,21.6271259821951,5.70385488459462,1,C,444,8
69.9083487027749,72,21.6485599335283,48.2597887692466,1,I,445,8
112.323420364685,72,21.6930075595155,50.3069924404845,0,C,446,8
77.0067636264159,72,21.6965125501156,50.3034874498844,0,I,447,8
33.1181031392778,72,21.6971588646993,11.4209442745785,1,C,448,8
70.7219518415696,72,21.7092875065282,49.0126643350414,1,I,449,8
39.2931036493959,72,21.7346533248201,17.5584503245758,1,C,450,8
29.2420261537564,72,21.7738507781178,7.4681753756386,1,I,451,8
30.2957491122432,72,21.825152062811,8.47059704943227,1,C,452,8
41.4383338989468,72,21.8956142803654,19.5427196185814,1,I,453,8
161.520633603409,32.9375072628902,21.9220040040091,11.0155032588812,0,C,454,8
32.5380519908711,72,21.987674580887,10.5503774099841,1,I,455,8
125.474637796374,72,22.0278048422188,49.9721951577813,0,C,456,8
41.4833598873915,72,22.1145279938355,19.368831893556,1,I,457,8
66.3498832900118,72,22.1304376143962,44.2194456756156,1,C,458,8
96.8784110158606,63.741162150291,22.1912608388811,41.5499013114098,0,I,459,8
41.4913048461518,72,22.2106477618217,19.28065708433,1,C,460,8
84.2583865929457,23.2067514333853,22.2118631657213,0.994888267663992,0,I,461,8
102.289892458595,72,22.2757050767541,49.7242949232459,0,C,462,8
40.7050463606111,54.1044275223372,22.3067982913926,18.3982480692185,1,I,463,8
125.194342811212,72,22.4026687256992,49.5973312743008,0,C,464,8
56.4083416971406,72,22.4094167724252,33.9989249247155,1,I,465,8
52.7462978473072,72,22.4753494374454,30.2709484098618,1,C,466,8
24.0002890595006,72,22.5011389190331,1.49915014046746,1,I,467,8
65.3098754285091,72,22.5437711505219,42.7661042779871,1,C,468,8
33.7487695525885,72,22.5762798311189,11.1724897214697,1,I,469,8
97.7925014160917,72,22.5839840294793,49.4160159705207,0,C,470,8
205.638977401277,72,22.6286540413275,49.3713459586725,0,I,471,8
30.9575385520729,46.3057625162013,22.6657669432461,8.29177160882682,1,C,472,8
37.1051794686747,42.2306742210634,22.7256348961964,14.3795445724783,1,I,473,8
56.2488646821518,72,22.8285233862698,33.420341295882,1,C,474,8
40.5882084309908,72,22.8482768498361,17.7399315811547,1,I,475,8
61.2185653272083,72,22.8542886022478,38.3642767249604,1,C,476,8
24.8727850746283,72,23.1169355800375,1.75584949459079,1,I,477,8
45.3718504294166,72,23.2187007274479,22.1531497019687,1,C,478,8
101.690120285526,72,23.2694256864488,48.7305743135512,0,I,479,8
42.0968074721349,53.1081896014251,23.3011353760958,18.7956720960391,1,C,480,8
109.003580009944,72,23.3235496887937,48.6764503112063,0,I,481,8
59.1601092181867,72,23.3695393055677,35.7905699126189,1,C,482,8
39.4205034590841,72,23.4552292479202,15.9652742111639,1,I,483,8
82.7650521544403,72,23.4948029927909,48.5051970072091,0,C,484,8
43.2969697093506,72,23.5025897668675,19.7943799424831,1,I,485,8
75.5770847736411,72,23.5274278046563,48.4725721953437,0,C,486,8
92.913307237155,72,23.5552700422704,48.4447299577296,0,I,487,8
42.6947681807163,63.341804248878,23.6131194792688,19.0816487014475,1,C,488,8
28.8345535656436,72,23.7142505915836,5.12030297406,1,I,489,8
167.496341749264,72,23.7277184659615,48.2722815340385,0,C,490,8
67.9936656473201,72,23.7524882331491,44.241177414171,1,I,491,8
37.3437763387382,72,23.754914640449,13.5888616982892,1,C,492,8
91.5638337048101,72,23.7562882946804,48.2437117053196,0,I,493,8
90.0104192886377,72,23.7728910427541,48.227108957246,0,C,494,8
33.4189798816053,72,23.9361248211935,9.48285506041182,1,I,495,8
78.4301456576549,72,24.0085006831214,47.9914993168786,0,C,496,8
90.8905809813621,72,24.0104336338118,47.9895663661882,0,I,497,8
58.1129366283778,72,24.1291394317523,33.9837971966255,1,C,498,8
47.2857379052619,72,24.1310194786638,23.1547184265981,1,I,499,8
76.8693160606766,72,24.1546229878441,47.845377012156,0,C,500,8
44.976111529456,72,24.1804275847971,20.7956839446589,1,I,501,8
142.400720596991,72,24.3326798686758,47.6673201313242,0,C,502,8
32.299657492007,72,24.3872792506591,7.91237824134799,1,I,503,8
26.8745928329789,72,24.4083035923541,2.46628924062484,1,C,504,8
32.8972079883037,72,24.4286248460412,8.4685831422625,1,I,505,8
32.9601198591779,56.2986506169489,24.5191228855401,8.44099697363781,1,C,506,8
31.9635123177647,72,24.5420031063259,7.42150921143881,1,I,507,8
53.6710631341832,72,24.5440069958568,29.1270561383265,1,C,508,8
48.4822564187321,72,24.5564126595855,23.9258437591466,1,I,509,8
40.0817481012999,72,24.5862163882703,15.4955317130296,1,C,510,8
75.8403681322751,72,24.6282583102584,47.3717416897416,0,I,511,8
35.4865887569434,72,24.6455477457494,10.8410410111941,1,C,512,8
47.0790020015113,72,24.6963421208784,22.3826598806328,1,I,513,8
85.5088857924212,33.8510772165694,24.7852328885347,9.06584432803477,0,C,514,8
74.6308405073996,72,24.8312708968297,47.1687291031703,0,I,515,8
30.327580172423,72,24.8640857683495,5.4634944040735,1,C,516,8
66.7173568433369,72,24.8744290648028,41.842927778534,1,I,517,8
31.8948968702662,44.9336089519898,24.9196354066953,6.97526146357091,1,C,518,8
34.4557997008361,72,24.9785435618833,9.47725613895286,1,I,519,8
25.8998640656868,72,25.0654813321307,0.834382733556025,1,C,520,8
29.9378491403574,50.4939761059821,25.0726693728939,4.86517976746353,1,I,521,8
56.344080649277,72,25.0839667534456,31.2601138958314,1,C,522,8
105.945586693966,72,25.1618591649458,46.8381408350542,0,I,523,8
43.5634419386551,38.2683925905929,25.1625288650394,13.1058637255536,0,C,524,8
71.2715090503389,72,25.1661319518462,46.1053770984927,1,I,525,8
46.4661214230855,72,25.1683168625459,21.2978045605396,1,C,526,8
30.2779429775342,72,25.1688589900732,5.109083987461,1,I,527,8
30.1409661036864,72,25.2288739476353,4.91209215605107,1,C,528,8
94.1421829783487,35.034623934204,25.2549262577668,9.77969767643723,0,I,529,8
89.9870436805731,72,25.2634830772877,46.7365169227123,0,C,530,8
116.990283791508,72,25.3567712847143,46.6432287152857,0,I,531,8
94.4790335100544,72,25.4359722370282,46.5640277629718,0,C,532,8
118.679802795665,72,25.5150979198515,46.4849020801485,0,I,533,8
68.0694485905319,72,25.576642351225,42.4928062393069,1,C,534,8
84.515000926856,72,25.6910771364346,46.3089228635654,0,I,535,8
45.5424930946914,59.4678177278283,25.7231216970831,19.8193713976083,1,C,536,8
29.7186622220284,72,25.8594521228224,3.85921009920597,1,I,537,8
30.9081505210065,72,25.9322397876531,4.97591073335338,1,C,538,8
79.7871673346764,72,26.0679696220905,45.9320303779095,0,I,539,8
42.5263820858936,72,26.2683556135744,16.2580264723192,1,C,540,8
28.8868634789063,72,26.3160149333999,2.57084854550644,1,I,541,8
71.1062550301924,72,26.3660452980548,44.7402097321376,1,C,542,8
90.4618534343293,72,26.4041440654546,45.5958559345454,0,I,543,8
48.893729437301,33.2490433756682,26.603788677603,6.64525469806522,0,C,544,8
114.704414379339,72,26.6109497006983,45.3890502993018,0,I,545,8
32.5687937568153,72,26.650974964723,5.9178187920923,1,C,546,8
55.165050364887,72,26.7200205288827,28.4450298360043,1,I,547,8
49.4942644294969,72,26.847392921336,22.6468715081609,1,C,548,8
196.877351145838,72,26.8665684107691,45.1334315892309,0,I,549,8
39.1469910656586,72,26.8821215489879,12.2648695166707,1,C,550,8
32.2704258900973,45.6239099356609,26.8824342498556,5.38799164024169,1,I,551,8
37.6469893970048,72,26.8945890152827,10.7524003817221,1,C,552,8
30.6493546467311,72,26.9255311740562,3.72382347267488,1,I,553,8
162.357429791896,63.3409124505872,26.9305986631662,36.4103137874211,0,C,554,8
44.6196583748718,72,26.9980669906363,17.6215913842355,1,I,555,8
75.3388519080007,72,27.0946813886985,44.9053186113015,0,C,556,8
30.3355066807382,72,27.1824269648641,3.15307971587402,1,I,557,8
54.4398874676531,72,27.1875418815762,27.2523455860769,1,C,558,8
102.712204286814,72,27.2366360714659,44.7633639285341,0,I,559,8
91.2455545059553,27.4128506408769,27.2522642696276,0.160586371249224,0,C,560,8
46.628938505375,49.2387310611657,27.2595800086856,19.3693584966894,1,I,561,8
56.1204288889506,72,27.5055251363665,28.6149037525841,1,C,562,8
40.0269719887077,72,27.5718830851838,12.4550889035239,1,I,563,8
97.4608492858559,72,27.6765191741288,44.3234808258712,0,C,564,8
93.5355352291895,72,27.6872426597402,44.3127573402599,0,I,565,8
28.9406797271487,72,27.688046596013,1.25263313113567,1,C,566,8
39.5019855784965,72,27.6898057758808,11.8121798026157,1,I,567,8
55.6111151786083,41.7453461072577,27.6928970916197,14.0524490156381,0,C,568,8
59.5167583000347,72,27.8226885432377,31.6940697567969,1,I,569,8
32.4312516959248,41.9886363864679,27.892190515995,4.53906117992982,1,C,570,8
129.73451838707,72,27.9657662613317,44.0342337386683,0,I,571,8
41.2883561264052,72,27.994099734351,13.2942563920541,1,C,572,8
88.5257591474985,72,28.1173016829416,43.8826983170584,0,I,573,8
38.7754388320339,72,28.1251129182056,10.6503259138283,1,C,574,8
113.070236850451,58.362584233998,28.1623780773953,30.2002061566027,0,I,575,8
102.877256214335,72,28.2178976945579,43.7821023054421,0,C,576,8
65.384555155496,72,28.2282855547965,37.1562696006996,1,I,577,8
209.156408349284,72,28.3090593712404,43.6909406287596,0,C,578,8
40.6201595415122,72,28.318432951346,12.3017265901662,1,I,579,8
70.3229553920753,72,28.3209876855835,42.0019677064918,1,C,580,8
53.0031904878127,72,28.3299053739756,24.673285113837,1,I,581,8
37.6972382338003,72,28.335845572874,9.36139266092639,1,C,582,8
109.696852405941,66.8416332939027,28.3689631707966,38.4726701231061,0,I,583,8
42.0991910899895,72,28.4078949177638,13.6912961722258,1,C,584,8
103.050082618121,28.579028849174,28.509953697212,0.0690751519619433,0,I,585,8
65.8257477830406,72,28.5126941744238,37.3130536086168,1,C,586,8
80.9931333978952,72,28.5127125587314,43.4872874412686,0,I,587,8
144.351460497816,72,28.5378431668505,43.4621568331495,0,C,588,8
43.1055917160837,72,28.564671697095,14.5409200189886,1,I,589,8
32.4652030872499,72,28.6720652924851,3.79313779476484,1,C,590,8
45.557781131556,72,28.7564954347909,16.8012856967651,1,I,591,8
30.392200391996,72,28.7718638498336,1.62033654216242,1,C,592,8
89.7097435003884,72,28.9588336832821,43.0411663167179,0,I,593,8
33.0760799587538,72,29.0568982763216,4.01918168243222,1,C,594,8
68.6253101370502,72,29.0900195762515,39.5352905607986,1,I,595,8
45.1390838935043,72,29.2486977903172,15.8903861031871,1,C,596,8
50.6002426530065,72,29.3050504708663,21.2951921821402,1,I,597,8
124.509146689015,72,29.460640931502,42.539359068498,0,C,598,8
52.4138724680261,63.4470382893666,29.5536243310198,22.8602481370063,1,I,599,8
83.5638033421882,72,29.6253903815523,42.3746096184477,0,C,600,8
39.4202964802872,72,29.6881875442341,9.73210893605308,1,I,601,8
30.1698194695272,72,29.7140612080693,0.455758261457881,1,C,602,8
143.761343260484,72,29.7208386613056,42.2791613386944,0,I,603,8
40.2342256952965,72,29.7703282954171,10.4638973998794,1,C,604,8
125.897862466694,72,29.838973316364,42.161026683636,0,I,605,8
102.952775856612,72,29.9096951074898,42.0903048925102,0,C,606,8
144.420989508903,57.8732381345412,30.1036214316264,27.7696167029148,0,I,607,8
32.3124269273176,72,30.174645781517,2.13778114580059,1,C,608,8
68.2418555316479,72,30.2721516089514,37.9697039226965,1,I,609,8
64.9579206850132,72,30.3505111578852,34.607409527128,1,C,610,8
39.4980467691257,72,30.4006258165464,9.09742095257936,1,I,611,8
37.9763051351383,72,30.4565688176081,7.51973631753023,1,C,612,8
51.0364891291582,72,30.4785640770569,20.5579250521013,1,I,613,8
56.6742184858054,72,30.5690870806575,26.1051314051479,1,C,614,8
95.4753413265291,72,30.5777282780036,41.4222717219964,0,I,615,8
55.7756999836614,72,30.5991176236421,25.1765823600193,1,C,616,8
66.3853739144722,72,30.7171031506732,35.668270763799,1,I,617,8
58.8265367985509,72,30.7814185414463,28.0451182571046,1,C,618,8
59.4051104814578,72,30.8252760814503,28.5798344000076,1,I,619,8
92.7023204371415,61.0843122580785,30.835345541127,30.2489667169514,0,C,620,8
34.6096730936069,72,30.8419292187318,3.76774387487513,1,I,621,8
68.8792393519846,39.9504391564634,30.8714333362877,9.07900582017562,0,C,622,8
122.154546951212,72,30.960764978081,41.039235021919,0,I,623,8
42.8232871081797,72,30.9737258451059,11.8495612630737,1,C,624,8
129.515018397569,72,30.9885647054762,41.0114352945238,0,I,625,8
64.4125656020676,72,30.9980203444138,33.4145452576538,1,C,626,8
294.374250216801,72,30.999272572808,41.000727427192,0,I,627,8
53.1300699247201,72,31.1970232240856,21.9330467006345,1,C,628,8
50.2540643206486,72,31.2729869736359,18.9810773470127,1,I,629,8
54.1438602868805,37.269322296927,31.2773838965222,5.99193840040479,0,C,630,8
119.37613265741,72,31.2907780241221,40.7092219758779,0,I,631,8
72.0885385151482,72,31.3288458483294,40.6711541516706,0,C,632,8
33.4932996704314,72,31.3301185006276,2.16318116980384,1,I,633,8
89.7318172424722,72,31.5327492915094,40.4672507084906,0,C,634,8
43.4555239461582,72,31.5925881033763,11.8629358427818,1,I,635,8
118.307306063918,72,31.5991647401825,40.4008352598175,0,C,636,8
34.6998851425355,72,31.6090652626008,3.09081987993473,1,I,637,8
87.26960991955,72,31.6131525859237,40.3868474140763,0,C,638,8
32.4293095502617,72,31.6253560082987,0.80395354196302,1,I,639,8
42.8896111754679,72,31.6378999315202,11.2517112439477,1,C,640,8
34.1713415696166,72,31.6457221470773,2.52561942253928,1,I,641,8
37.3766058703976,72,31.744620250538,5.63198561985964,1,C,642,8
41.0488784393714,72,31.8415039032698,9.20737453610164,1,I,643,8
33.861398628168,58.2127032646704,31.9154235301539,1.94597509801404,1,C,644,8
40.3419334271305,72,31.9626456359401,8.37928779119034,1,I,645,8
76.9937619261824,72,32.0288587594405,39.9711412405595,0,C,646,8
67.790503003018,72,32.0889900438488,35.7015129591692,1,I,647,8
39.2137883748345,72,32.1895612450317,7.02422712980281,1,C,648,8
95.7621059798213,72,32.2457104828209,39.7542895171791,0,I,649,8
171.367582097608,67.7804857060482,32.3256076639518,35.4548780420964,0,C,650,8
52.2944678804946,72,32.3271168675274,19.9673510129672,1,I,651,8
192.186256550638,72,32.3482158221304,39.6517841778696,0,C,652,8
49.1218850079133,72,32.3589126253501,16.7629723825632,1,I,653,8
56.317677060434,72,32.4044596217573,23.9132174386767,1,C,654,8
38.7105353308063,55.2392303217495,32.4211038881913,6.28943144261498,1,I,655,8
39.1944930747782,72,32.4554462637752,6.73904681100294,1,C,656,8
60.5303881619307,72,32.4590014060959,28.0713867558348,1,I,657,8
62.640593331963,72,32.4688717676327,30.1717215643304,1,C,658,8
121.33643630758,72,32.483604317531,39.516395682469,0,I,659,8
39.5294539336951,72,32.6400606147945,6.88939331890061,1,C,660,8
123.754903835806,72,32.6626591337845,39.3373408662155,0,I,661,8
114.224986476681,72,32.6829338399693,39.3170661600307,0,C,662,8
41.353941482789,72,32.7694428618997,8.58449862088925,1,I,663,8
84.3196324479665,72,32.8994932165369,39.1005067834631,0,C,664,8
71.5949795143929,72,32.951137656346,38.6438418580469,1,I,665,8
44.3304376964108,72,32.9694959381595,11.3609417582513,1,C,666,8
69.5261699558955,72,33.0022499570623,36.5239199988332,1,I,667,8
50.6274677018892,38.1652100634955,33.0681660259143,5.09704403758126,0,C,668,8
44.7269268914549,72,33.1286710873246,11.5982558041302,1,I,669,8
46.4864820271257,72,33.2194016128778,13.2670804142478,1,C,670,8
36.5746078005012,72,33.2477593794465,3.32684842105466,1,I,671,8
102.44856572865,72,33.3899948000908,38.6100051999092,0,C,672,8
40.6240881099633,72,33.4330468392,7.19104127076334,1,I,673,8
85.0516867714289,72,33.4749999269843,38.5250000730157,0,C,674,8
44.8873110084058,72,33.5296411206946,11.3576698877112,1,I,675,8
72.7379644762682,72,33.5801259800792,38.4198740199208,0,C,676,8
36.8760741298174,72,33.630944355391,3.2451297744264,1,I,677,8
38.1164424000759,72,33.7299537425861,4.3864886574898,1,C,678,8
70.9490870660674,72,33.7479950068519,37.2010920592156,1,I,679,8
118.008337280984,72,33.7941047362983,38.2058952637017,0,C,680,8
87.6492536760877,72,33.7968233926222,38.2031766073778,0,I,681,8
37.0350275962708,72,33.8553813798353,3.17964621643549,1,C,682,8
62.0496034364407,72,33.8559872237965,28.1936162126442,1,I,683,8
173.394454417308,72,33.8758739316836,38.1241260683164,0,C,684,8
102.340926439584,72,33.888230281882,38.111769718118,0,I,685,8
125.156613380848,67.6147189926094,33.8919784873724,33.722740505237,0,C,686,8
121.282107498652,72,33.9602578897029,38.0397421102971,0,I,687,8
64.3202982286373,72,34.0255435137078,30.2947547149295,1,C,688,8
55.2994174100907,72,34.0366439893842,21.2627734207066,1,I,689,8
94.7135254028274,72,34.0448374953121,37.9551625046879,0,C,690,8
38.5903646017686,72,34.0499844169244,4.54038018484422,1,I,691,8
47.5048613361751,72,34.0939662884921,13.410895047683,1,C,692,8
172.970616143868,72,34.1216658940539,37.8783341059461,0,I,693,8
55.0148782555172,72,34.1537431720644,20.8611350834528,1,C,694,8
67.5955069501266,72,34.2381966859102,33.3573102642163,1,I,695,8
44.4591955834147,72,34.2597565054894,10.1994390779254,1,C,696,8
35.1784638807119,72,34.2614736082032,0.916990272508672,1,I,697,8
45.1598574801626,72,34.3615122651681,10.7983452149944,1,C,698,8
69.820622105761,72,34.3618798116222,35.4587422941388,1,I,699,8
66.1356309363228,72,34.3961862288415,31.7394447074813,1,C,700,8
58.9776375343032,72,34.4288084143773,24.5488291199259,1,I,701,8
136.190594046404,72,34.5345360087231,37.4654639912769,0,C,702,8
64.8836756980725,72,34.5849418407306,30.2987338573419,1,I,703,8
91.4477861314653,72,34.6113712806255,37.3886287193745,0,C,704,8
38.2099464657979,72,34.6125353453681,3.59741112042976,1,I,705,8
106.249549555196,72,34.9244163231924,37.0755836768076,0,C,706,8
50.5022827444559,72,34.9927749065682,15.5095078378876,1,I,707,8
45.0164374077712,72,35.0393536733463,9.97708373442488,1,C,708,8
37.7242441286338,72,35.0589656364173,2.66527849221655,1,I,709,8
41.4088104082603,72,35.0637130346149,6.34509737364535,1,C,710,8
113.977673198889,72,35.0738338753581,36.9261661246419,0,I,711,8
48.3104618406398,58.7355118615255,35.1249222876504,13.1855395529894,1,C,712,8
81.5965050402854,72,35.1304663717747,36.8695336282253,0,I,713,8
84.6487951654726,72,35.1422262936831,36.857773706317,0,C,714,8
84.0152429744278,72,35.2126621222124,36.7873378777877,0,I,715,8
39.9307837117926,72,35.367554789409,4.5632289223836,1,C,716,8
38.9506746015675,42.464989257201,35.3808809537441,3.56979364782342,1,I,717,8
53.6243381092648,72,35.4262059554458,18.1981321538191,1,C,718,8
36.5578437500439,72,35.470514385961,1.08732936408291,1,I,719,8
44.4892608234137,72,35.5005648359656,8.98869598744804,1,C,720,8
75.2143815391475,72,35.5052474420518,36.4947525579482,0,I,721,8
89.0295053814685,72,35.6696053873748,36.3303946126252,0,C,722,8
124.584763308335,72,35.7099835155532,36.2900164844468,0,I,723,8
70.547431179784,72,35.7706950511783,34.7767361286057,1,C,724,8
41.5630101959352,64.070108033839,35.921311522834,5.64169867310124,1,I,725,8
76.8666428984917,72,35.9319166420028,36.0680833579972,0,C,726,8
98.3761756756991,40.766368708391,36.0671596834436,4.69920902494743,0,I,727,8
138.84936860802,72,36.0865532699972,35.9134467300028,0,C,728,8
196.726138110404,72,36.0968890087679,35.9031109912321,0,I,729,8
82.3027763743335,72,36.1925623705611,35.8074376294389,0,C,730,8
61.4883603236906,72,36.2444893084466,25.2438710152439,1,I,731,8
56.6772247318614,72,36.3127115881071,20.3645131437544,1,C,732,8
53.9394331207543,72,36.4056285889819,17.5338045317724,1,I,733,8
73.6196103006304,72,36.487952331081,35.512047668919,0,C,734,8
38.3870119790293,72,36.5059840399772,1.88102793905212,1,I,735,8
133.23972290591,72,36.5086737368256,35.4913262631744,0,C,736,8
77.5509193915548,72,36.5226709702984,35.4773290297017,0,I,737,8
61.0293017963458,72,36.5500223217532,24.4792794745926,1,C,738,8
45.4727523290817,72,36.7138559371233,8.75889639195841,1,I,739,8
56.0839495877513,72,36.8167409487069,19.2672086390444,1,C,740,8
79.6891506058393,72,36.8401798931882,35.1598201068118,0,I,741,8
122.63928205975,72,36.8441074155271,35.1558925844729,0,C,742,8
67.351410632148,72,36.9068174064159,30.4445932257321,1,I,743,8
119.781108132622,72,36.9301715679467,35.0698284320533,0,C,744,8
87.1645145373549,72,36.9605528376997,35.0394471623004,0,I,745,8
38.2765382098411,72,37.0591976540163,1.2173405558248,1,C,746,8
57.2483433941919,72,37.0691206259653,20.1792227682266,1,I,747,8
63.3992945032572,72,37.119015189819,26.2802793134382,1,C,748,8
201.061374515059,72,37.2739584837109,34.7260415162891,0,I,749,8
83.8572269728531,72,37.2741118306294,34.7258881693706,0,C,750,8
92.571408735937,72,37.2959160804749,34.7040839195252,0,I,751,8
50.2034298280942,72,37.3005678411573,12.9028619869368,1,C,752,8
44.0375448086515,72,37.3455490730703,6.69199573558119,1,I,753,8
59.6931354323565,72,37.479148870334,22.2139865620225,1,C,754,8
42.5918829809984,72,37.4985856097192,5.09329737127929,1,I,755,8
173.394612037526,57.1046049061842,37.5387592473999,19.5658456587843,0,C,756,8
46.8484132617764,72,37.5394371477887,9.30897611398768,1,I,757,8
140.031439865839,72,37.5913804303855,34.4086195696145,0,C,758,8
43.659455087163,72,37.6003841450438,6.05907094211918,1,I,759,8
126.744296645586,72,37.9145665559918,34.0854334440082,0,C,760,8
47.6026964389168,72,37.9924877313897,9.61020870752709,1,I,761,8
39.1099795851557,38.3347603346408,38.0340462271124,0.300714107528385,0,C,762,8
65.0426873488068,72,38.0587216978893,26.9839656509175,1,I,763,8
40.0795892173629,71.142619898245,38.0594506161287,2.02013860123413,1,C,764,8
136.95974069647,72,38.0934083880857,33.9065916119143,0,I,765,8
56.954658749865,72,38.1047414476052,18.8499173022598,1,C,766,8
43.2964963325128,72,38.193169310689,5.10332702182384,1,I,767,8
78.1774950789869,72,38.198785437271,33.801214562729,0,C,768,8
45.1830140991811,72,38.2622232148424,6.92079088433869,1,I,769,8
89.9930272030922,72,38.3460015105084,33.6539984894916,0,C,770,8
54.2499505960496,72,38.3536503603682,15.8963002356814,1,I,771,8
44.0952441382545,72,38.3592088054866,5.73603533276795,1,C,772,8
113.361208375752,72,38.4135822951794,33.5864177048206,0,I,773,8
54.842185508303,72,38.4296431392431,16.4125423690599,1,C,774,8
108.124969186278,72,38.45770847518,33.54229152482,0,I,775,8
50.5321779360079,72,38.5296610929072,12.0025168431007,1,C,776,8
45.0300228850384,72,38.5367353493348,6.49328753570361,1,I,777,8
59.1762888192075,72,38.6010292544961,20.5752595647114,1,C,778,8
74.7094105900884,72,38.7597528425977,33.2402471574023,0,I,779,8
72.2642489976954,44.5686477689187,38.7935832794756,5.7750644894431,0,C,780,8
49.1604904910155,72,38.8353051804006,10.3251853106149,1,I,781,8
87.023707014599,72,38.8609860185534,33.1390139814466,0,C,782,8
41.2089777309329,72,38.8636424671859,2.34533526374708,1,I,783,8
52.0255294227499,61.8291246570904,38.8658507354558,13.1596786872941,1,C,784,8
66.8728809180384,72,38.9377635391429,27.9351173788954,1,I,785,8
51.7046302579109,54.2794091232697,39.0795296430588,12.6251006148521,1,C,786,8
90.0298149944638,72,39.2280512116849,32.7719487883151,0,I,787,8
71.6204000626426,72,39.4309896882623,32.1894103743802,1,C,788,8
49.4149855484854,72,39.4396676961333,9.9753178523521,1,I,789,8
59.0859507214376,72,39.5875512482598,19.4983994731777,1,C,790,8
85.4237702171793,44.8247412708087,39.616317381151,5.20842388965765,0,I,791,8
67.6556568973304,72,39.6487554302439,28.0069014670865,1,C,792,8
85.4527967084824,72,39.6551113016903,32.3448886983097,0,I,793,8
44.8642591472079,72,39.6628338843584,5.20142526284945,1,C,794,8
72.5358420588485,72,39.8004138004035,32.1995861995965,0,I,795,8
57.1959519787666,72,39.8189374152571,17.3770145635095,1,C,796,8
70.1584666050019,72,39.8217027168721,30.3367638881298,1,I,797,8
98.8108013211856,72,39.8711569374427,32.1288430625573,0,C,798,8
76.6665583083007,64.3815154189615,40.0867962744087,24.2947191445528,0,I,799,8
89.0840119593579,72,40.0949871819466,31.9050128180534,0,C,800,8
57.113300538587,72,40.0951651437208,17.0181353948662,1,I,801,8
55.2079483954654,49.2413014216171,40.1579058682546,9.08339555336245,0,C,802,8
47.4688279989692,72,40.1622297149152,7.30659828405402,1,I,803,8
98.3609646531583,72,40.2177171176299,31.7822828823701,0,C,804,8
145.927772148701,72,40.2651496231556,31.7348503768444,0,I,805,8
178.847946908098,72,40.3727132314816,31.6272867685184,0,C,806,8
56.616770649155,72,40.3870513429865,16.2297193061684,1,I,807,8
45.4810841672218,72,40.4242205712944,5.05686359592735,1,C,808,8
72.7441299429786,72,40.4495041491464,31.5504958508536,0,I,809,8
59.7609062463353,72,40.492195179686,19.2687110666494,1,C,810,8
124.852304921468,72,40.5373582011089,31.4626417988911,0,I,811,8
50.7141911942252,72,40.6031627487391,10.1110284454861,1,C,812,8
86.6297033269037,72,40.6090856669471,31.3909143330529,0,I,813,8
192.870153189217,72,40.6339686876163,31.3660313123837,0,C,814,8
54.9186957508162,72,40.6547537120059,14.2639420388103,1,I,815,8
60.0977767784508,72,40.7012254418805,19.3965513365703,1,C,816,8
67.8982190333315,72,40.7061381731182,27.1920808602132,1,I,817,8
104.149272421246,72,40.7375225611031,31.2624774388969,0,C,818,8
46.9528803766218,72,40.7626578072086,6.19022256941316,1,I,819,8
45.1819298409111,45.9588880731233,40.7837209571153,4.39820888379581,1,C,820,8
143.75058988793,61.8026596259175,40.7873797696084,21.0152798563091,0,I,821,8
48.8012729487105,72,40.7881771260873,8.01309582262327,1,C,822,8
72.8689489015555,72,40.8120214054361,31.1879785945639,0,I,823,8
53.802626375822,72,40.9372719889507,12.8653543868713,1,C,824,8
62.8620657919278,72,40.9539105836302,21.9081552082976,1,I,825,8
91.6960188608837,72,41.0079390183091,30.9920609816909,0,C,826,8
55.6861688890835,72,41.0737264528871,14.6124424361965,1,I,827,8
58.8782630440564,72,41.1138749029487,17.7643881411077,1,C,828,8
53.5978264056064,72,41.1399423982948,12.4578840073116,1,I,829,8
49.8346194735278,72,41.1728825233877,8.6617369501401,1,C,830,8
65.3438642174382,72,41.2302209436893,24.1136432737488,1,I,831,8
109.899631979499,72,41.2543227849528,30.7456772150472,0,C,832,8
72.0259250188326,72,41.3450582837686,30.6549417162314,0,I,833,8
57.4660586602742,54.2410500795179,41.4622353343293,12.7788147451886,0,C,834,8
156.49931683673,72,41.5975229535252,30.4024770464748,0,I,835,8
111.905164847273,72,41.6019445750862,30.3980554249138,0,C,836,8
134.337847223353,72,41.6844886634499,30.3155113365501,0,I,837,8
55.8062127835654,72,41.7106568114832,14.0955559720822,1,C,838,8
72.1669325611684,72,41.7792049096897,30.2207950903103,0,I,839,8
82.8910736899795,72,41.7924951994792,30.2075048005208,0,C,840,8
46.8843908966306,72,41.7952538933605,5.08913700327009,1,I,841,8
108.288568846352,72,42.4010282289237,29.5989717710763,0,C,842,8
65.3635124075835,72,42.4148928886279,22.9486195189556,1,I,843,8
53.5317737329831,72,42.5628688093275,10.9689049236556,1,C,844,8
71.3275518576129,72,42.5780389923602,28.7495128652527,1,I,845,8
85.526514453547,61.6148167632451,42.6025380240753,19.0122787391698,0,C,846,8
59.9872820313744,72,42.7497597411275,17.2375222902469,1,I,847,8
182.867278470481,72,42.7556614251807,29.2443385748193,0,C,848,8
100.526708202239,72,42.8726968355477,29.1273031644523,0,I,849,8
51.5346022444057,72,42.8873031260446,8.64729911836113,1,C,850,8
47.9596229797594,72,42.9025084013119,5.05711457844741,1,I,851,8
45.295364303552,72,42.9332813434303,2.36208296012172,1,C,852,8
83.8260473375753,72,43.0427448777482,28.9572551222518,0,I,853,8
51.351311615027,72,43.0523987067863,8.29891290824067,1,C,854,8
53.4481239298665,72,43.0801435885951,10.3679803412714,1,I,855,8
49.4093498115987,72,43.1331407558173,6.27620905578138,1,C,856,8
64.5660681841177,72,43.1541273510084,21.4119408331093,1,I,857,8
106.189080182155,72,43.1830045999959,28.8169954000041,0,C,858,8
47.7219149912739,72,43.3364507742226,4.38546421705125,1,I,859,8
112.915811026549,72,43.3517183829099,28.6482816170901,0,C,860,8
104.740794128679,72,43.3842814061791,28.6157185938209,0,I,861,8
122.369160384178,72,43.3869630144909,28.6130369855091,0,C,862,8
58.2412567549492,72,43.4219402633607,14.8193164915885,1,I,863,8
49.234057751097,72,43.4243931854144,5.80966456568264,1,C,864,8
172.485663217874,72,43.4939775522798,28.5060224477202,0,I,865,8
57.6189007099552,72,43.6001526284963,14.0187480814589,1,C,866,8
70.3306588263047,72,43.6628096736968,26.6678491526079,1,I,867,8
114.750950126707,72,43.6847184458748,28.3152815541253,0,C,868,8
130.642391884298,72,43.7170079676434,28.2829920323566,0,I,869,8
48.4373523339019,72,43.7264729524031,4.71087938149874,1,C,870,8
128.555763803392,72,43.8532153470442,28.1467846529558,0,I,871,8
74.3648406112166,72,43.8732500234619,28.1267499765381,0,C,872,8
51.5142781912545,72,43.9319665823132,7.58231160894127,1,I,873,8
94.6175388078885,72,43.972677947022,28.027322052978,0,C,874,8
48.020959414679,72,43.981030639261,4.03992877541795,1,I,875,8
79.1449946884152,72,43.9914734568447,28.0085265431553,0,C,876,8
59.5508398849357,72,44.0591192012653,15.4917206836704,1,I,877,8
71.9541597919281,72,44.1409123688936,27.8132474230344,1,C,878,8
86.7062100208125,72,44.1888340562582,27.8111659437418,0,I,879,8
67.8113915986125,72,44.2753935512155,23.535998047397,1,C,880,8
81.6169959201348,72,44.4069084897637,27.5930915102363,0,I,881,8
117.884599013001,54.5299359200235,44.5530253602192,9.97691055980433,0,C,882,8
72.5069256898923,72,44.5670240884647,27.4329759115353,0,I,883,8
64.2987594635273,72,44.5673003559932,19.7314591075341,1,C,884,8
71.9289919934047,72,44.6171319019049,27.3118600914997,1,I,885,8
88.3520676237376,72,44.6289136726409,27.3710863273591,0,C,886,8
84.5567086708934,49.3750090960749,44.6457112720236,4.72929782405125,0,I,887,8
57.8440219537943,72,44.6834014356136,13.1606205181807,1,C,888,8
78.6966364091364,44.9708962961813,44.6988568129018,0.272039483279478,0,I,889,8
57.1546097981191,72,44.7474816720933,12.4071281260258,1,C,890,8
70.6704105044879,61.8880142995209,44.7978527331725,17.0901615663484,0,I,891,8
143.535211774748,72,44.8177135270089,27.1822864729911,0,C,892,8
119.224135508326,72,44.8373577883467,27.1626422116533,0,I,893,8
161.434269673226,72,44.8434043815359,27.1565956184641,0,C,894,8
47.5868745492582,54.1263353943633,44.9531072610989,2.6337672881593,1,I,895,8
60.3848655312583,72,44.9887831695378,15.3960823617205,1,C,896,8
110.081474240484,72,45.025311796926,26.974688203074,0,I,897,8
52.5723370596355,72,45.0578796258196,7.51445743381588,1,C,898,8
78.2725716354144,72,45.0607132120058,26.9392867879942,0,I,899,8
157.539009457648,72,45.1259544398636,26.8740455601364,0,C,900,8
87.0040850166885,72,45.1569062378258,26.8430937621743,0,I,901,8
53.8393874084361,72,45.1634829724208,8.67590443601536,1,C,902,8
56.6749981594694,72,45.1679478306323,11.5070503288371,1,I,903,8
127.122589311896,72,45.1809797761962,26.8190202238038,0,C,904,8
59.1677759366868,72,45.1817591395229,13.9860167971638,1,I,905,8
99.1120951840211,72,45.2202107710764,26.7797892289236,0,C,906,8
86.841334384916,72,45.2938190940768,26.7061809059233,0,I,907,8
154.807904488037,72,45.3952995082364,26.6047004917637,0,C,908,8
51.8708018311226,72,45.4721428267658,6.39865900435679,1,I,909,8
147.990152843869,72,45.5293934186921,26.470606581308,0,C,910,8
81.9080371031678,72,45.5916306003928,26.4083693996072,0,I,911,8
49.635491722117,72,45.7657738449052,3.86971787721178,1,C,912,8
70.9639659973534,72,45.8043888676912,25.1595771296622,1,I,913,8
73.2836069706268,72,45.8678898168728,26.1321101831272,0,C,914,8
56.1907249153046,72,45.8705994067714,10.3201255085332,1,I,915,8
67.596254326437,72,45.8979801088572,21.6982742175798,1,C,916,8
125.637630057296,72,45.9388500731438,26.0611499268562,0,I,917,8
164.592208768533,72,45.9505325742066,26.0494674257934,0,C,918,8
75.8035911501904,72,45.9696351969615,26.0303648030385,0,I,919,8
132.589738581318,72,46.0164940590039,25.9835059409961,0,C,920,8
68.9200832749083,72,46.0348362056539,22.8852470692545,1,I,921,8
52.1494556500204,72,46.051237564534,6.0982180854864,1,C,922,8
114.447745716838,72,46.0545128630474,25.9454871369526,0,I,923,8
129.480437109147,72,46.0639977268875,25.9360022731125,0,C,924,8
64.6245773049627,72,46.1301138158888,18.4944634890739,1,I,925,8
72.0138271567673,72,46.1663808021694,25.8336191978306,0,C,926,8
55.5927517922884,72,46.1925488803536,9.40020291193483,1,I,927,8
99.9817317442634,72,46.2621607119218,25.7378392880783,0,C,928,8
75.4297349049041,72,46.3974705571309,25.6025294428691,0,I,929,8
116.540274474448,72,46.4870385406539,25.5129614593461,0,C,930,8
60.5456451969245,72,46.5263896621764,14.0192555347481,1,I,931,8
103.352550819221,72,46.5417415089905,25.4582584910095,0,C,932,8
57.0691404313657,72,46.5847625769675,10.4843778543982,1,I,933,8
70.3554208240237,72,46.6903640236706,23.6650568003531,1,C,934,8
54.5934787049696,72,46.704577440396,7.88890126457359,1,I,935,8
84.8058143514854,72,46.7514140345156,25.2485859654844,0,C,936,8
146.433682491938,72,46.8020329903811,25.1979670096189,0,I,937,8
178.102406126521,72,46.8536965688691,25.1463034311309,0,C,938,8
86.5800518409635,72,46.8913832260296,25.1086167739704,0,I,939,8
106.07060476134,72,46.9473443739116,25.0526556260884,0,C,940,8
56.0773529504699,72,47.0532890595496,9.02406389092037,1,I,941,8
105.818453744158,72,47.1937607601285,24.8062392398715,0,C,942,8
81.5011252533619,72,47.2026784345508,24.7973215654492,0,I,943,8
78.3003191443679,52.511059916489,47.2475691977888,5.2634907187002,0,C,944,8
85.2991627985259,59.1496247988776,47.275508902967,11.8741158959106,0,I,945,8
128.472843157207,72,47.2793915122747,24.7206084877253,0,C,946,8
91.1034374754199,72,47.3080890253186,24.6919109746814,0,I,947,8
63.7022049582642,72,47.4952985392883,16.2069064189758,1,C,948,8
62.1222286843823,72,47.5027403980494,14.6194882863329,1,I,949,8
120.749656468748,72,47.5346267782152,24.4653732217848,0,C,950,8
239.838971608031,72,47.5653647677973,24.4346352322027,0,I,951,8
195.94895033568,64.1230750993115,47.5711697107181,16.5519053885934,0,C,952,8
215.931388588171,72,47.605591379106,24.394408620894,0,I,953,8
57.3956947071593,72,47.6604780228809,9.73521668427842,1,C,954,8
95.147395945436,72,47.7274281671271,24.2725718328729,0,I,955,8
48.1326813748477,72,47.8814175585285,0.251263816319247,1,C,956,8
101.515257675538,54.3790387237127,47.9046075046063,6.47443121910644,0,I,957,8
119.165191826645,72,47.9109850572422,24.0890149427578,0,C,958,8
51.663602672036,72,47.9778110096231,3.68579166241293,1,I,959,8
55.6903844953445,54.2646963031832,48.069712179713,6.19498412347022,0,C,960,8
48.3766745741668,72,48.1850759172812,0.19159865688557,1,I,961,8
58.7538940734936,72,48.227565404959,10.5263286685345,1,C,962,8
48.3231249312014,72,48.2657013740391,0.0574235571623514,1,I,963,8
65.6364422504495,72,48.3026483282447,17.3337939222049,1,C,964,8
100.132364539086,72,48.3178351772949,23.6821648227051,0,I,965,8
96.8907472061568,72,48.347599580884,23.652400419116,0,C,966,8
122.364408630676,72,48.3611855143681,23.6388144856319,0,I,967,8
88.4221553812241,72,48.380865175277,23.619134824723,0,C,968,8
208.579844130929,72,48.4632714651525,23.5367285348475,0,I,969,8
63.7302189080516,72,48.4824495250359,15.2477693830156,1,C,970,8
61.2548432571278,72,48.4878418827429,12.7670013743848,1,I,971,8
76.9633138464435,72,48.5461175115779,23.4538824884221,0,C,972,8
128.325943648376,72,48.566478327848,23.433521672152,0,I,973,8
141.755886232897,72,48.6220183130354,23.3779816869646,0,C,974,8
52.6435842843559,72,48.6512090731412,3.99237521121471,1,I,975,8
69.639896557736,72,48.6614514933899,20.9784450643461,1,C,976,8
86.5226386452614,72,48.6890832753852,23.3109167246148,0,I,977,8
119.47447638966,72,48.6938026081771,23.3061973918229,0,C,978,8
81.7670101978424,72,48.7111207377166,23.2888792622834,0,I,979,8
212.722090308896,72,48.7167529435828,23.2832470564172,0,C,980,8
67.5376171755021,58.4745092129599,48.7656003283337,9.70890888462622,0,I,981,8
52.1886681373328,72,48.8431752193719,3.34549291796083,1,C,982,8
51.1880259936291,72,48.8609111867845,2.32711480684453,1,I,983,8
55.3089080989593,72,48.862528516911,6.44637958204836,1,C,984,8
91.2312836302667,72,49.250895283185,22.7491047168151,0,I,985,8
68.6382465696322,72,49.3412407441065,19.2970058255257,1,C,986,8
148.061280340178,72,49.3506041541696,22.6493958458304,0,I,987,8
99.8155292948154,72,49.4772627996281,22.5227372003719,0,C,988,8
114.264833394194,72,49.4823071407154,22.5176928592846,0,I,989,8
55.0522687599956,54.5777087064803,49.4895839178935,5.08812478858682,0,C,990,8
82.0164104878074,72,49.5631763571873,22.4368236428127,0,I,991,8
86.7991629528826,72,49.5680641941726,22.4319358058274,0,C,992,8
62.6956877955203,72,49.653542060405,13.0421457351152,1,I,993,8
53.1611179163206,72,49.7159795835614,3.44513833275922,1,C,994,8
76.0836554563784,72,49.7304076887667,22.2695923112333,0,I,995,8
86.602504075656,69.8723883564098,49.7736778669059,20.0987104895038,0,C,996,8
84.8487494451634,72,49.7825439926237,22.2174560073763,0,I,997,8
106.665371174712,72,49.8236197466031,22.1763802533969,0,C,998,8
151.640294060982,72,49.8801493830979,22.1198506169021,0,I,999,8
193.11399253662,72,50.0777862779796,21.9222137220204,0,C,1000,8
51.9950155814707,72,50.2866929769516,1.70832260451914,1,I,1001,8
88.2534256512021,72,50.3256872249767,21.6743127750233,0,C,1002,8
63.1897900395758,72,50.4375204630196,12.7522695765562,1,I,1003,8
73.4929365271124,72,50.5224381946027,21.4775618053973,0,C,1004,8
60.4779011150704,72,50.8205421315506,9.6573589835198,1,I,1005,8
91.0738932221961,72,50.8368926122785,21.1631073877215,0,C,1006,8
64.8589996743671,72,50.9154151054099,13.9435845689571,1,I,1007,8
164.547753376277,66.4530177110517,50.952025023289,15.5009926877626,0,C,1008,8
52.7692925841297,72,51.0721020027995,1.69719058133017,1,I,1009,8
86.461080230049,72,51.1464425409213,20.8535574590787,0,C,1010,8
63.9075149317762,72,51.1992187611759,12.7082961706003,1,I,1011,8
93.7288701666471,72,51.2016755947843,20.7983244052157,0,C,1012,8
181.759704298289,72,51.2330604996532,20.7669395003468,0,I,1013,8
66.9656044135685,69.3579047654869,51.3411800656468,15.6244243479217,1,C,1014,8
59.380800178388,72,51.3881083577871,7.99269182060082,1,I,1015,8
55.0371410928145,72,51.4569623954594,3.58017869735503,1,C,1016,8
106.782211071675,64.6497131120097,51.6917160898447,12.957997022165,0,I,1017,8
56.8363015030003,72,51.8715114053339,4.96479009766644,1,C,1018,8
139.529555305967,72,51.8921050569043,20.1078949430957,0,I,1019,8
86.1107972140709,72,51.9189506722614,20.0810493277386,0,C,1020,8
100.912037799688,72,51.9192371796817,20.0807628203183,0,I,1021,8
65.5719385853255,72,51.9336577272043,13.6382808581212,1,C,1022,8
64.2734351437994,72,51.9664831040427,12.3069520397567,1,I,1023,8
60.8589137809386,72,51.9899216573685,8.86899212357008,1,C,1024,8
57.1272841842218,72,52.0143890194595,5.11289516476232,1,I,1025,8
52.1228513257198,72,52.033096072264,0.0897552534557502,1,C,1026,8
120.809462381557,72,52.0933324098587,19.9066675901413,0,I,1027,8
173.762454514529,72,52.0976757723838,19.9023242276162,0,C,1028,8
118.124130279172,72,52.2644049720839,19.7355950279161,0,I,1029,8
163.661104847592,72,52.2704408504069,19.7295591495931,0,C,1030,8
59.404060099624,72,52.4276573164389,6.97640278318518,1,I,1031,8
98.9685753502129,72,52.5739405537024,19.4260594462976,0,C,1032,8
59.2491046183263,54.0655877227743,52.6672297809273,1.39835794184695,0,I,1033,8
70.9545892486042,72,52.7569846669212,18.197604581683,1,C,1034,8
67.3517765279207,72,52.8109127981588,14.5408637297619,1,I,1035,8
89.2200385249872,72,52.9349192418158,19.0650807581842,0,C,1036,8
107.297771675273,72,52.9648656724021,19.0351343275979,0,I,1037,8
150.067483097868,72,52.9882059618831,19.0117940381169,0,C,1038,8
99.8666127399955,72,53.0607144534588,18.9392855465412,0,I,1039,8
114.782981175289,72,53.1520469393581,18.8479530606419,0,C,1040,8
84.0298756123982,72,53.2159302709624,18.7840697290376,0,I,1041,8
132.684776771515,72,53.2202007388696,18.7797992611304,0,C,1042,8
62.7266196766873,72,53.2982801785693,9.42833949811799,1,I,1043,8
90.7523367481836,72,53.3675493160263,18.6324506839737,0,C,1044,8
57.343118893412,72,53.3968280581757,3.94629083523628,1,I,1045,8
57.4227600780393,72,53.4590039821342,3.96375609590509,1,C,1046,8
77.1804385243233,72,53.5304958326742,18.4695041673258,0,I,1047,8
58.2739041644841,72,53.5312714800239,4.7426326844602,1,C,1048,8
274.417158340742,72,53.6256648274139,18.3743351725861,0,I,1049,8
94.0675215339834,72,53.6546765360981,18.3453234639019,0,C,1050,8
103.891506144749,72,53.7313862610608,18.2686137389392,0,I,1051,8
59.038520973954,62.7006149411473,53.7661303952336,5.27239057872039,1,C,1052,8
102.842094800757,64.1006001142167,53.7986090546474,10.3019910595693,0,I,1053,8
101.058744030892,72,53.8250203616917,18.1749796383083,0,C,1054,8
95.6835695587277,72,53.8277792651206,18.1722207348794,0,I,1055,8
75.9020854968283,72,53.8825222989544,18.1174777010456,0,C,1056,8
80.823472788559,72,53.8853571703658,18.1146428296343,0,I,1057,8
56.9201778245338,72,53.9067304925993,3.01344733193449,1,C,1058,8
95.1549419843448,72,53.9518213039264,18.0481786960736,0,I,1059,8
99.0643959522732,72,53.9644979126751,18.0355020873249,0,C,1060,8
57.3154951017202,72,53.9650339912623,3.35046111045785,1,I,1061,8
135.247569607995,72,53.9718999993056,18.0281000006944,0,C,1062,8
60.6242088516238,72,54.101674980484,6.52253387113981,1,I,1063,8
54.280229050748,72,54.1259764088318,0.154252641916171,1,C,1064,8
205.043051687876,72,54.1766131902114,17.8233868097886,0,I,1065,8
62.5063234923443,66.1653508597271,54.188684206456,8.31763928588837,1,C,1066,8
71.8201660809442,72,54.1920332657173,17.6281328152268,1,I,1067,8
113.255551909694,60.9720498214715,54.2023990117014,6.76965080977017,0,C,1068,8
74.4744650849946,72,54.2202679719776,17.7797320280224,0,I,1069,8
65.0214045251661,72,54.2298449389637,10.7915595862025,1,C,1070,8
84.8559437150366,72,54.3006267445162,17.6993732554838,0,I,1071,8
75.0095763524597,72,54.401816627942,17.598183372058,0,C,1072,8
88.3938801210176,72,54.4747965177521,17.5252034822479,0,I,1073,8
99.6166923016169,58.3798707603255,54.5779503928497,3.80192036747575,0,C,1074,8
55.5487189938501,72,54.6178882615641,0.93083073228603,1,I,1075,8
56.4456810568146,72,54.63426834438,1.81141271243461,1,C,1076,8
118.08179405297,72,54.7380941128358,17.2619058871642,0,I,1077,8
156.205938333836,72,54.8761983867735,17.1238016132265,0,C,1078,8
112.653599114773,72,54.884885000065,17.115114999935,0,I,1079,8
190.183817442221,72,54.8904079897329,17.1095920102671,0,C,1080,8
122.941103265809,72,54.8932462977246,17.1067537022755,0,I,1081,8
142.948033380871,72,54.9289519898593,17.0710480101407,0,C,1082,8
56.7949927213236,72,54.9567166529596,1.83827606836397,1,I,1083,8
151.775856748755,72,54.9804830923677,17.0195169076324,0,C,1084,8
55.7061316959431,72,54.9994695978239,0.706662098119151,1,I,1085,8
65.6330505234557,67.2724809026936,55.1192501652986,10.5138003581571,1,C,1086,8
86.1217206284526,72,55.1507725054398,16.8492274945602,0,I,1087,8
108.016965007591,72,55.2330761170015,16.7669238829985,0,C,1088,8
77.9292359956627,72,55.2422483079135,16.7577516920865,0,I,1089,8
72.451377081802,72,55.2694030478597,16.7305969521403,0,C,1090,8
64.6484712718363,72,55.3423648327589,9.30610643907739,1,I,1091,8
71.5639213836934,72,55.3777240170166,16.1861973666768,1,C,1092,8
62.3537094392448,72,55.3887693816796,6.96494005756516,1,I,1093,8
101.450272333212,72,55.4265856649727,16.5734143350273,0,C,1094,8
161.188435670087,72,55.6390854064375,16.3609145935625,0,I,1095,8
112.32783063696,72,55.7281399285421,16.2718600714579,0,C,1096,8
73.6147368005088,72,55.818505436182,16.181494563818,0,I,1097,8
66.188682588734,72,55.8225192222744,10.3661633664596,1,C,1098,8
99.5387807492374,72,55.8270000340417,16.1729999659583,0,I,1099,8
122.076203447005,72,55.8418525289744,16.1581474710256,0,C,1100,8
80.6008201473648,72,55.9484171960503,16.0515828039497,0,I,1101,8
121.455186543616,72,56.0222288081422,15.9777711918578,0,C,1102,8
96.415728413215,72,56.1304129427299,15.8695870572701,0,I,1103,8
68.2561235970867,72,56.1363988788799,12.1197247182069,1,C,1104,8
90.692048915605,72,56.2476821662858,15.7523178337142,0,I,1105,8
60.2633834746963,72,56.2946771224961,3.96870635220022,1,C,1106,8
75.8695952873693,72,56.3207267504185,15.6792732495815,0,I,1107,8
84.1632811679232,72,56.3442834326997,15.6557165673003,0,C,1108,8
101.589438904206,72,56.4796489756554,15.5203510243446,0,I,1109,8
138.111104540547,72,56.4896074309945,15.5103925690055,0,C,1110,8
60.7903582563676,72,56.543979998678,4.24637825768964,1,I,1111,8
97.9702489903794,72,56.6188123309985,15.3811876690015,0,C,1112,8
161.720329371869,72,56.652962313965,15.347037686035,0,I,1113,8
81.6222667641785,72,56.7962835961953,15.2037164038047,0,C,1114,8
70.7638882326111,72,56.8076997343451,13.956188498266,1,I,1115,8
64.0375142541576,72,56.8121348507702,7.22537940338733,1,C,1116,8
97.5050243609352,72,56.845917692408,15.154082307592,0,I,1117,8
124.222768203948,72,56.882457411848,15.117542588152,0,C,1118,8
183.21194337999,72,56.8914376012981,15.1085623987019,0,I,1119,8
106.86927954338,72,56.9495894014835,15.0504105985165,0,C,1120,8
79.7084136813882,72,56.9683353323489,15.0316646676511,0,I,1121,8
104.67828163858,68.260023103652,56.993455211632,11.2665678920201,0,C,1122,8
61.3797661215689,72,57.0019494462758,4.37781667529302,1,I,1123,8
148.925469066172,72,57.0141701214016,14.9858298785985,0,C,1124,8
69.8304882634807,72,57.1241587540135,12.7063295094672,1,I,1125,8
108.422255739911,72,57.1506213163957,14.8493786836043,0,C,1126,8
199.693750504368,72,57.2933874931186,14.7066125068814,0,I,1127,8
65.0575523592489,72,57.4407909717411,7.61676138750785,1,C,1128,8
113.980922293551,72,57.4474211130291,14.5525788869709,0,I,1129,8
63.4893344565671,72,57.4743040418252,6.01503041474186,1,C,1130,8
70.203934993377,72,57.4870473565534,12.7168876368236,1,I,1131,8
86.592725871033,72,57.5596015295014,14.4403984704986,0,C,1132,8
82.3429836330148,72,57.559829223901,14.440170776099,0,I,1133,8
96.5933537509786,72,57.6078264601529,14.3921735398471,0,C,1134,8
102.407789398587,72,57.6694284332916,14.3305715667084,0,I,1135,8
175.757667824291,72,57.7080081962049,14.2919918037951,0,C,1136,8
154.118254660772,72,57.7584924548864,14.2415075451136,0,I,1137,8
61.9108066852058,72,57.7756599755958,4.13514670961001,1,C,1138,8
103.264975733305,72,57.7837355760858,14.2162644239143,0,I,1139,8
76.2596412753016,66.0054180876626,58.0401923367754,7.96522575088719,0,C,1140,8
103.32006360227,72,58.0432145018131,13.9567854981869,0,I,1141,8
94.3342452353215,72,58.0899959849194,13.9100040150806,0,C,1142,8
99.4014645597419,72,58.0948390625417,13.9051609374583,0,I,1143,8
58.7139282963844,72,58.1554771168158,0.558451179568592,1,C,1144,8
89.8182591785085,72,58.1747849844396,13.8252150155604,0,I,1145,8
112.56147023206,72,58.1953621655703,13.8046378344297,0,C,1146,8
77.9764655049377,72,58.1986781023443,13.8013218976557,0,I,1147,8
91.7521053413155,72,58.2448242092505,13.7551757907495,0,C,1148,8
70.345973024945,72,58.2485556649044,12.0974173600405,1,I,1149,8
64.351191128697,72,58.2630713749677,6.08811975372927,1,C,1150,8
133.025595411292,72,58.2655197288841,13.7344802711159,0,I,1151,8
64.3257913040991,72,58.3202977152541,6.00549358884496,1,C,1152,8
92.5205003943698,72,58.3596354397014,13.6403645602986,0,I,1153,8
58.7957522422332,72,58.4747888892889,0.320963352944306,1,C,1154,8
77.0100627167363,72,58.571986653842,13.428013346158,0,I,1155,8
60.2953182527681,72,58.6111449077725,1.68417334499551,1,C,1156,8
70.2892714840913,72,58.6573615903035,11.6319098937878,1,I,1157,8
120.818427090123,72,58.6898166546598,13.3101833453402,0,C,1158,8
77.332602866924,72,58.7390342261642,13.2609657738358,0,I,1159,8
164.798585098454,72,58.7827233457938,13.2172766542062,0,C,1160,8
63.1691293923255,72,58.9403916103765,4.22873778194892,1,I,1161,8
119.841708379246,72,58.979678847827,13.020321152173,0,C,1162,8
72.2246509881207,72,59.0489102527499,12.9510897472501,0,I,1163,8
61.7443770459712,67.7427358791522,59.0879351086915,2.6564419372797,1,C,1164,8
60.4803760348936,72,59.1175180161372,1.36285801875644,1,I,1165,8
70.3455983236929,72,59.1362249292433,11.2093733944496,1,C,1166,8
65.3677964695581,72,59.1370462719351,6.23075019762301,1,I,1167,8
98.85856742539,72,59.1829401394352,12.8170598605648,0,C,1168,8
113.463889003224,72,59.2343231057748,12.7656768942252,0,I,1169,8
113.283482340155,72,59.2435126472265,12.7564873527735,0,C,1170,8
60.1462118964775,72,59.3011105852202,0.845101311257307,1,I,1171,8
66.7150081362351,72,59.3032269179821,7.41178121825296,1,C,1172,8
84.6957379485701,72,59.3064012285322,12.6935987714678,0,I,1173,8
142.319551256947,72,59.3170720757917,12.6829279242083,0,C,1174,8
64.6473359894793,72,59.337121155113,5.31021483436634,1,I,1175,8
76.0238932787999,72,59.3505476228893,12.6494523771107,0,C,1176,8
61.2689996597649,72,59.3538624979556,1.91513716180932,1,I,1177,8
197.390733298145,72,59.4161525554955,12.5838474445045,0,C,1178,8
174.331226760412,72,59.4711972819641,12.5288027180359,0,I,1179,8
82.9247502616335,71.358258192095,59.5265429886058,11.8317152034892,0,C,1180,8
63.7701135391494,72,59.5467953430489,4.22331819610049,1,I,1181,8
71.0963300342154,72,59.5510786632076,11.5452513710078,1,C,1182,8
81.6363541608527,72,59.5855604438111,12.4144395561889,0,I,1183,8
73.7464625491599,72,59.6469290228561,12.3530709771439,0,C,1184,8
114.368473619057,72,59.8431678721681,12.1568321278319,0,I,1185,8
68.9223433283761,72,59.9128020415083,9.00954128686787,1,C,1186,8
90.8808467264107,72,59.926605373621,12.073394626379,0,I,1187,8
54.5966819582345,35.2824064883623,0.0525378668680787,35.2298686214942,0,C,1,9
12.6055231179146,72,0.0624494533985853,12.543073664516,1,I,2,9
7.4764757995753,72,0.143753299489617,7.33272250008568,1,C,3,9
39.2940076575309,72,0.190334273502231,39.1036733840287,1,I,4,9
17.960697213413,72,0.299205821938813,17.6614913914742,1,C,5,9
8.67901803069982,72,0.377486161887646,8.30153186881218,1,I,6,9
3.95237291879797,55.5205646108471,0.435993885621429,3.51637903317654,1,C,7,9
11.2675935505632,72,0.663334890268743,10.6042586602945,1,I,8,9
43.7322966863938,72,0.770512595772743,42.9617840906211,1,C,9,9
43.4809288831775,72,0.774876605719328,42.7060522774582,1,I,10,9
283.16979397795,72,0.902641578577459,71.0973584214225,0,C,11,9
62.5829339010998,72,0.905887316912413,61.6770465841874,1,I,12,9
13.7979234463317,72,0.933277951553464,12.8646454947782,1,C,13,9
44.3244155577824,72,0.940866256132722,43.3835493016497,1,I,14,9
107.434242626696,72,0.955058494582772,71.0449415054172,0,C,15,9
75.0907944626087,72,0.987636521458626,71.0123634785414,0,I,16,9
236.782332987658,72,1.08382896054536,70.9161710394546,0,C,17,9
22.0080163042264,72,1.09760215971619,20.9104141445102,1,I,18,9
43.6016943249821,12.9256674603816,1.10576695762575,11.8199005027558,0,C,19,9
35.2306882422672,72,1.12335639540106,34.1073318468662,1,I,20,9
67.9909190373411,72,1.12407820299268,66.8668408343484,1,C,21,9
50.0173849176415,72,1.18278109934181,48.8346038182997,1,I,22,9
13.0309513661378,72,1.25945324543864,11.7714981206991,1,C,23,9
17.9913973279339,72,1.30457671824843,16.6868206096855,1,I,24,9
6.96038499941157,72,1.32885374128819,5.63153125812338,1,C,25,9
114.962382841559,25.0389240856548,1.35363193228841,23.6852921533664,0,I,26,9
59.1010238416021,72,1.38664229772985,57.7143815438723,1,C,27,9
46.6385586086839,72,1.39414376579225,45.2444148428916,1,I,28,9
77.7309033927865,72,1.4289316534996,70.5710683465004,0,C,29,9
95.2975777700573,27.0322289460969,1.4330721879378,25.5991567581591,0,I,30,9
168.69328517688,72,1.47497367113829,70.5250263288617,0,C,31,9
9.02845556341173,72,1.50940212886781,7.51905343454392,1,I,32,9
5.0068410124945,72,1.56398544553667,3.44285556695783,1,C,33,9
29.0266837850332,72,1.5706291096285,27.4560546754047,1,I,34,9
24.4658176678166,72,1.66211583651602,22.8037018313006,1,C,35,9
49.3709603846905,47.4819254525995,1.66767069138587,45.8142547612136,0,I,36,9
96.9884070460834,72,1.73608759883791,70.2639124011621,0,C,37,9
32.9399878893512,18.0876659631091,1.76456529647112,16.323100666638,0,I,38,9
69.9474370660247,72,1.81987001560628,68.1275670504184,1,C,39,9
105.032249874951,72,1.87158786691725,70.1284121330828,0,I,40,9
75.7378969282787,72,1.87594322953373,70.1240567704663,0,C,41,9
46.8781599625798,72,1.9898311374709,44.8883288251089,1,I,42,9
54.3897361634662,72,1.99393532238901,52.3958008410772,1,C,43,9
79.6894255467037,72,2.02347302343696,69.976526976563,0,I,44,9
81.7945086160515,72,2.17034693341702,69.829653066583,0,C,45,9
27.4444243329238,72,2.17451178934425,25.2699125435795,1,I,46,9
96.3745874495223,65.9990928713753,2.25285544060171,63.7462374307736,0,C,47,9
48.1368569441643,72,2.2728133527562,45.8640435914081,1,I,48,9
74.4888208584954,72,2.28979557752609,69.7102044224739,0,C,49,9
146.442715978222,72,2.4256636435166,69.5743363564834,0,I,50,9
17.1633186251902,53.5523543560267,2.47261826880276,14.6907003563874,1,C,51,9
31.9663743826836,72,2.54880137275904,29.4175730099246,1,I,52,9
67.5618620344395,72,2.56876344792545,64.993098586514,1,C,53,9
99.9058950805628,72,2.62540670111775,69.3745932988823,0,I,54,9
50.0660499159671,72,2.64055476989597,47.4254951460711,1,C,55,9
36.9597301926229,72,2.66104490496218,34.2986852876607,1,I,56,9
30.6406243803772,20.5098779999092,2.6681086840108,17.8417693158984,0,C,57,9
57.6291539682373,72,2.67665981780738,54.95249415043,1,I,58,9
87.3432798865135,45.4158994215047,2.68107374198735,42.7348256795173,0,C,59,9
31.5413702528772,72,2.79609281569719,28.74527743718,1,I,60,9
6.72254303048292,72,2.85688484553248,3.86565818495044,1,C,61,9
48.1357628604843,72,2.87852881941944,45.2572340410649,1,I,62,9
58.7338777202207,72,3.00338173750788,55.7304959827128,1,C,63,9
47.7598547403269,72,3.11436126474291,44.645493475584,1,I,64,9
10.9116532610695,5.89710893485965,3.12079054769129,2.77631838716836,0,C,65,9
40.033902688709,72,3.19090676028281,36.8429959284262,1,I,66,9
43.1111495761378,18.3869162894333,3.22137154173106,15.1655447477022,0,C,67,9
19.6964908944322,72,3.22251434437931,16.4739765500529,1,I,68,9
31.1727484652519,72,3.25490609742701,27.9178423678249,1,C,69,9
26.5997938813227,72,3.28634605742991,23.3134478238928,1,I,70,9
39.1081144088655,72,3.30037162173539,35.8077427871301,1,C,71,9
29.2086410776639,72,3.35868185386062,25.8499592238033,1,I,72,9
5.18580901090745,72,3.43617017380893,1.74963883709852,1,C,73,9
98.2846330909392,72,3.49403981119394,68.5059601888061,0,I,74,9
217.255466852987,16.0924069892789,3.49577507469803,12.5966319145809,0,C,75,9
83.0662605511004,72,3.56842495501041,68.4315750449896,0,I,76,9
43.8801355870906,72,3.57893470209092,40.3012008849996,1,C,77,9
22.1921167568423,72,3.65742330439389,18.5346934524484,1,I,78,9
27.5512941710577,72,3.731220792979,23.8200733780787,1,C,79,9
57.9236092443742,72,3.79823521245271,54.1253740319215,1,I,80,9
30.7244265588567,72,3.82238978985697,26.9020367689997,1,C,81,9
98.3130947522532,72,3.82936075329781,68.1706392467022,0,I,82,9
71.4497756560379,72,3.87220890261233,67.5775667534255,1,C,83,9
78.4861337672266,72,3.95542466081679,68.0445753391832,0,I,84,9
44.6979921906495,62.3635886370827,3.96897604689002,40.7290161437595,1,C,85,9
104.195003489128,72,3.98610190954059,68.0138980904594,0,I,86,9
37.0035301961911,72,4.17465729173273,32.8288729044584,1,C,87,9
101.040009987927,72,4.19342933222652,67.8065706677735,0,I,88,9
37.9602464193638,72,4.20376500114799,33.7564814182158,1,C,89,9
20.3691360609466,72,4.22643906902522,16.1426969919214,1,I,90,9
35.7147064620002,72,4.3132551619783,31.4014513000219,1,C,91,9
17.0629395491514,72,4.35017621610314,12.7127633330483,1,I,92,9
5.15248294626637,72,4.4523002486676,0.700182697598774,1,C,93,9
19.8678661334951,72,4.56865645945072,15.2992096740444,1,I,94,9
10.2336791003387,72,4.62729523424059,5.60638386609808,1,C,95,9
13.8516666008553,72,4.6371355606243,9.21453104023096,1,I,96,9
107.928482611207,72,4.7202989179641,67.2797010820359,0,C,97,9
34.3294700518201,10.6468089356079,4.8111614305526,5.83564750505532,0,I,98,9
29.692475835478,58.4706958091341,4.94494792073965,24.7475279147384,1,C,99,9
98.5417360961759,72,5.06303724367172,66.9369627563283,0,I,100,9
9.34424508114074,72,5.0733941886574,4.27085089248334,1,C,101,9
36.5910168480508,72,5.08159917779267,31.5094176702581,1,I,102,9
50.3603761873899,72,5.09996360633522,45.2604125810547,1,C,103,9
49.7882272119853,72,5.14174534007907,44.6464818719062,1,I,104,9
20.3557249342084,72,5.14793967828155,15.2077852559269,1,C,105,9
74.1553772256346,72,5.20839253440499,66.791607465595,0,I,106,9
7.35827544985674,23.8554981657738,5.2521265251562,2.10614892470054,1,C,107,9
44.3049030032292,17.1548900860949,5.31902312301099,11.8358669630839,0,I,108,9
63.4813156640256,72,5.32609865069389,58.1552170133317,1,C,109,9
39.1776505915705,72,5.34111052751541,33.8365400640551,1,I,110,9
27.6389133305805,51.3598726523059,5.36917028948665,22.2697430410938,1,C,111,9
28.8986253693601,31.0872799021067,5.5342557001859,23.3643696691743,1,I,112,9
33.4541139296758,45.3366670734814,5.58261008933187,27.8715038403439,1,C,113,9
259.665046703073,72,5.70086921565235,66.2991307843477,0,I,114,9
74.8364792424424,72,5.76703880913556,66.2329611908645,0,C,115,9
49.0856119354023,71.0536855040152,6.02783813606948,43.0577737993329,1,I,116,9
40.7222336209557,72,6.03270451538265,34.689529105573,1,C,117,9
18.5773390021772,72,6.09112523496151,12.4862137672156,1,I,118,9
22.9268344544532,72,6.10736367758364,16.8194707768695,1,C,119,9
8.85679282147698,72,6.10964400228113,2.74714881919585,1,I,120,9
23.1299471793602,32.4145227192937,6.11105455085635,17.0188926285038,1,C,121,9
10.4856483792004,72,6.14222867880017,4.34341970040022,1,I,122,9
68.2636804393034,49.986791056935,6.15137035958469,43.8354206973504,0,C,123,9
79.2842632125157,72,6.21401206590235,65.7859879340977,0,I,124,9
22.2156962782271,6.99194331381137,6.22048148419708,0.771461829614292,0,C,125,9
25.1064578636603,72,6.27208710182458,18.8343707618357,1,I,126,9
13.8097327218149,72,6.36727030389011,7.44246241792474,1,C,127,9
11.6002850410153,72,6.38490841258317,5.21537662843209,1,I,128,9
123.800237115928,72,6.39278443995863,65.6072155600414,0,C,129,9
6.859082425488,72,6.40364652033895,0.455435905149048,1,I,130,9
31.7484646895044,72,6.4344801614061,25.3139845280983,1,C,131,9
166.692544895243,72,6.47163965273649,65.5283603472635,0,I,132,9
107.204920009115,72,6.61525631323457,65.3847436867654,0,C,133,9
85.5576615837654,72,6.6800552001223,65.3199447998777,0,I,134,9
38.4031077329335,72,6.69004859402776,31.7130591389057,1,C,135,9
23.8389886243191,72,6.74155291635543,17.0974357079637,1,I,136,9
26.3776131678949,72,6.74764016177505,19.6299730061198,1,C,137,9
82.915103842202,72,6.74845200497657,65.2515479950234,0,I,138,9
85.3717656250481,72,6.82454057503492,65.1754594249651,0,C,139,9
24.9365393549315,72,6.83210275601596,18.1044365989155,1,I,140,9
24.0864630929781,54.636831681953,6.92184519488365,17.1646178980945,1,C,141,9
25.5096371894085,72,6.92767567466945,18.5819615147391,1,I,142,9
30.0961544172215,72,7.0216778665781,23.0744765506434,1,C,143,9
12.2976245882707,72,7.03496569767594,5.26265889059471,1,I,144,9
40.6969302877068,15.1720973244673,7.05688000191003,8.11521732255728,0,C,145,9
9.848501066704,72,7.09564299322665,2.75285807347736,1,I,146,9
11.2029376487427,72,7.10770632606,4.09523132268275,1,C,147,9
45.8729169826774,72,7.13548027910292,38.7374367035744,1,I,148,9
180.428786271451,35.5187526367188,7.42258133366704,28.0961713030518,0,C,149,9
20.4950138160999,72,7.53537126816809,12.9596425479318,1,I,150,9
16.0731003536488,72,7.86131445318461,8.21178590046419,1,C,151,9
35.2329843654241,72,7.89997742045671,27.3330069449674,1,I,152,9
47.5704551166591,72,7.91553423274308,39.654920883916,1,C,153,9
18.5604624604674,72,7.94583312235773,10.6146293381097,1,I,154,9
46.167930683913,18.1810295707973,7.96328351832926,10.2177460524681,0,C,155,9
71.0194462537847,72,8.09802799019963,62.9214182635851,1,I,156,9
15.5288602852418,72,8.20619790349156,7.32266238175021,1,C,157,9
115.94144734789,72,8.2227380387485,63.7772619612515,0,I,158,9
69.5651251644177,72,8.37255550548434,61.1925696589334,1,C,159,9
10.9075127010774,72,8.43107800930738,2.47643469177003,1,I,160,9
33.7348228979525,49.0725667936162,8.45336410682648,25.281458791126,1,C,161,9
28.6082667450642,72,8.49697122350335,20.1112955215609,1,I,162,9
33.1447217564379,72,8.50113693159074,24.6435848248471,1,C,163,9
35.5224166839132,56.1126459797597,8.50536040496081,27.0170562789524,1,I,164,9
15.3440442934007,72,8.57420712243766,6.76983717096307,1,C,165,9
10.2579979655814,72,8.59245143830776,1.66554652727362,1,I,166,9
34.4667052863224,72,8.68851854000241,25.77818674632,1,C,167,9
121.50557378303,72,8.68948413524777,63.3105158647522,0,I,168,9
15.0541810309562,72,8.69194198865444,6.36223904230176,1,C,169,9
17.1168502777827,72,8.71513520367444,8.40171507410829,1,I,170,9
30.0688700483395,72,8.74025969300419,21.3286103553353,1,C,171,9
13.1690726636023,12.7338058570195,8.76076668966562,3.97303916735385,0,I,172,9
176.198959427755,72,8.7617286387831,63.2382713612169,0,C,173,9
39.7584971345634,72,8.80509248469025,30.9534046498732,1,I,174,9
12.7642917381461,72,8.86482460889965,3.89946712924642,1,C,175,9
51.3641786980395,72,8.88458843808621,42.4795902599533,1,I,176,9
37.4190022510633,72,8.90108979307115,28.5179124579922,1,C,177,9
26.3657122101966,72,8.96681851241738,17.3988936977793,1,I,178,9
192.283757831037,72,9.04177020303905,62.958229796961,0,C,179,9
19.7971026018349,55.0285515326714,9.07005964312702,10.7270429587078,1,I,180,9
27.2603172805519,72,9.08586263190955,18.1744546486423,1,C,181,9
55.9717929277119,72,9.25452405586839,46.7172688718435,1,I,182,9
47.1239518405687,66.5617641157736,9.27309738937765,37.8508544511911,1,C,183,9
125.162999024032,10.4380421172231,9.31443334557116,1.12360877165197,0,I,184,9
34.5714766053332,66.3563035210066,9.5132151665166,25.0582614388166,1,C,185,9
19.3566269479125,72,9.55951570998877,9.79711123792376,1,I,186,9
28.7036477351926,72,9.56181028392166,19.1418374512709,1,C,187,9
24.4950377655516,72,9.56478884909302,14.9302489164586,1,I,188,9
42.7984319148703,67.3418391802001,9.59526069927961,33.2031712155906,1,C,189,9
84.5518604101912,72,9.74767968524247,62.2523203147575,0,I,190,9
42.3660443063979,72,9.77919906377792,32.58684524262,1,C,191,9
30.3264332276924,45.9365881300376,9.8174058040604,20.509027423632,1,I,192,9
46.9185338805625,72,9.84403265174478,37.0745012288177,1,C,193,9
59.8939322373333,72,9.84885008074343,50.0450821565899,1,I,194,9
34.1312779924171,72,9.87021749373525,24.2610604986819,1,C,195,9
26.3851483367349,72,9.9164568213746,16.4686915153603,1,I,196,9
48.8025983046012,57.2058370179853,9.92480916436762,38.8777891402336,1,C,197,9
113.90782975422,72,9.9920560978353,62.0079439021647,0,I,198,9
74.1827480564333,72,10.0228802952915,61.9771197047085,0,C,199,9
18.079039111554,59.2403624724585,10.0323546957225,8.04668441583155,1,I,200,9
20.1896448908495,72,10.0394564308226,10.1501884600269,1,C,201,9
37.6199510259882,72,10.3728349506855,27.2471160753027,1,I,202,9
29.261865751,72,10.4107072111219,18.8511585398781,1,C,203,9
72.5103522769678,72,10.4704420175403,61.5295579824597,0,I,204,9
39.5177876609863,61.6732056009916,10.4989597667009,29.0188278942855,1,C,205,9
15.5947177636492,72,10.500596431084,5.09412133256518,1,I,206,9
110.81726029111,32.2135963057043,10.6305510364473,21.583045269257,0,C,207,9
42.6448088069372,72,10.7396147819236,31.9051940250136,1,I,208,9
58.4676180868488,72,10.7461675582454,47.7214505286035,1,C,209,9
14.5547102171806,72,10.7855571946129,3.76915302256767,1,I,210,9
25.1360756253218,72,10.837032739073,14.2990428862488,1,C,211,9
21.5814020118755,72,10.8504138328135,10.730988179062,1,I,212,9
116.550487837435,72,10.852165510878,61.147834489122,0,C,213,9
67.4926002924376,47.3121366969092,10.8914290275425,36.4207076693667,0,I,214,9
29.0313514529284,72,10.9326946595684,18.09865679336,1,C,215,9
18.7258834392255,72,10.9841311583295,7.74175228089591,1,I,216,9
50.9965269170043,72,11.029720553197,39.9668063638073,1,C,217,9
56.6374080780966,72,11.1152518959716,45.522156182125,1,I,218,9
37.3423667425636,72,11.1293576750904,26.2130090674732,1,C,219,9
60.7310970266363,72,11.25674769748,49.4743493291563,1,I,220,9
54.1238027259809,72,11.3354283291847,42.7883743967962,1,C,221,9
39.599419608471,72,11.3477697176859,28.2516498907852,1,I,222,9
96.61437751522,72,11.3770967395976,60.6229032604024,0,C,223,9
29.7126072540529,14.0054323993467,11.4194807270542,2.58595167229249,0,I,224,9
85.6573155736245,72,11.4436561893672,60.5563438106328,0,C,225,9
33.8999091470292,72,11.491319630295,22.4085895167342,1,I,226,9
273.4240231327,18.0131784242888,11.5852686949074,6.42790972938137,0,C,227,9
31.9580501536007,72,11.6015015076846,20.3565486459161,1,I,228,9
17.6509012237038,72,11.6142210876569,6.03668013604693,1,C,229,9
26.0099702244636,72,11.6588567337021,14.3511134907615,1,I,230,9
52.4020003020388,59.2989992878392,11.6750815836713,40.7269187183675,1,C,231,9
36.828803035294,72,11.6909558326006,25.1378472026934,1,I,232,9
28.3522215834928,72,11.7019218206406,16.6502997628522,1,C,233,9
48.8561804220951,72,11.7132734879851,37.1429069341099,1,I,234,9
22.6531415324563,72,11.7329806694761,10.9201608629802,1,C,235,9
35.3283191948012,72,11.7668127827346,23.5615064120665,1,I,236,9
57.1730907288919,72,11.7901184549555,45.3829722739364,1,C,237,9
102.009072289357,72,11.8147581489757,60.1852418510243,0,I,238,9
33.5393555592928,72,11.8539837375283,21.6853718217644,1,C,239,9
20.433554327257,72,11.8596187792718,8.57393554798511,1,I,240,9
26.1621859196161,72,11.8690142361447,14.2931716834714,1,C,241,9
15.005155736985,72,11.9178164983168,3.08733923866813,1,I,242,9
34.0006002173593,72,11.921518673189,22.0790815441703,1,C,243,9
64.585071036755,72,11.9271890865639,52.6578819501911,1,I,244,9
23.5409735226862,72,11.9829710572958,11.5580024653904,1,C,245,9
85.0896167531133,72,12.1491742366925,59.8508257633075,0,I,246,9
14.0924640556998,72,12.2013583593071,1.89110569639273,1,C,247,9
171.673389034622,72,12.2545706760138,59.7454293239862,0,I,248,9
12.6251799260465,44.5088170676361,12.3105803690851,0.314599556961407,1,C,249,9
54.6471976545715,72,12.3400167329237,42.3071809216478,1,I,250,9
23.5521227626595,72,12.4513270659372,11.1007956967222,1,C,251,9
22.5235327959721,72,12.5179398944601,10.005592901512,1,I,252,9
55.4053129845702,72,12.5639175111428,42.8413954734275,1,C,253,9
56.8924533253356,72,12.6360259205103,44.2564274048253,1,I,254,9
62.8483352673801,72,12.6850144565105,50.1633208108696,1,C,255,9
66.6239970118757,72,12.6958586415276,53.9281383703481,1,I,256,9
161.344725157054,72,12.7716162800789,59.2283837199211,0,C,257,9
29.3040698493622,72,12.8350809076801,16.4689889416821,1,I,258,9
14.9319590883339,52.5217899951317,12.8666366357356,2.06532245259828,1,C,259,9
70.9114408083027,72,12.8752133063972,58.0362275019055,1,I,260,9
23.2977733041576,72,12.8844570647925,10.4133162393651,1,C,261,9
38.669496986771,72,12.953710751608,25.715786235163,1,I,262,9
84.7988467425238,72,12.9609082220122,59.0390917779878,0,C,263,9
53.9748180622251,72,13.0073664709926,40.9674515912325,1,I,264,9
15.7842698977233,57.6340180792319,13.0205038608983,2.763766036825,1,C,265,9
20.0567068648116,72,13.0327994981781,7.02390736663355,1,I,266,9
48.2331950831296,72,13.1484496453777,35.0847454377519,1,C,267,9
62.6462417761433,63.660962759145,13.1553420005366,49.4908997756067,1,I,268,9
24.5816409590254,72,13.3221184881404,11.259522470885,1,C,269,9
19.1807605227171,72,13.3699286961928,5.81083182652431,1,I,270,9
19.9866833948803,72,13.3874652720988,6.59921812278155,1,C,271,9
53.5459291035134,72,13.4759702067822,40.0699588967312,1,I,272,9
90.197824222425,27.4763206890056,13.4832453075796,13.993075381426,0,C,273,9
83.094168622818,72,13.4904914069921,58.5095085930079,0,I,274,9
222.17500840411,72,13.5040655499324,58.4959344500676,0,C,275,9
14.039334829039,28.4892804605231,13.5722245043144,0.467110324724648,1,I,276,9
35.5404049896104,72,13.5810721758753,21.9593328137351,1,C,277,9
73.0966212237027,72,13.6042819032446,58.3957180967555,0,I,278,9
17.3096411233849,72,13.6051040422171,3.70453708116772,1,C,279,9
79.402673620467,21.0550393047159,13.606203943491,7.4488353612249,0,I,280,9
177.952048180636,40.4824966787605,13.7665670039132,26.7159296748472,0,C,281,9
107.146463213791,50.5055015411843,13.7864524964243,36.7190490447599,0,I,282,9
79.2327800368525,72,13.8366543408483,58.1633456591517,0,C,283,9
38.0914678238373,69.0861818792995,13.8940203655511,24.1974474582861,1,I,284,9
81.3088272868004,72,14.0026823384687,57.9973176615313,0,C,285,9
48.6041499272437,46.4217203112491,14.0358988707885,32.3858214404605,0,I,286,9
22.4096540860675,72,14.0592371206731,8.35041696539449,1,C,287,9
17.7424034943584,72,14.1360654635355,3.60633803082294,1,I,288,9
60.2009255660137,72,14.1657318826765,46.0351936833372,1,C,289,9
19.9645938674604,72,14.1805275483057,5.78406631915474,1,I,290,9
60.9311800321574,72,14.2842074576765,46.6469725744809,1,C,291,9
19.9621857886047,72,14.3273179605603,5.63486782804443,1,I,292,9
74.3920354806014,51.3007173526385,14.3631273787469,36.9375899738916,0,C,293,9
83.7493136053439,72,14.4685279671103,57.5314720328897,0,I,294,9
54.5992904211804,72,14.4894466688856,40.1098437522947,1,C,295,9
62.9397280559986,72,14.5618692180142,48.3778588379844,1,I,296,9
114.58498315978,72,14.7788285370916,57.2211714629084,0,C,297,9
35.2041336647828,72,14.8223146051168,20.3818190596659,1,I,298,9
31.7151690584203,72,14.8502087965608,16.8649602618595,1,C,299,9
72.9986297339531,72,14.8560097580776,57.1439902419224,0,I,300,9
52.6844102826263,72,14.8661347618327,37.8182755207937,1,C,301,9
183.578646446589,72,14.9250720301643,57.0749279698357,0,I,302,9
33.218663777743,72,14.9656323809177,18.2530313968253,1,C,303,9
76.3313056742923,72,14.9807036155835,57.0192963844165,0,I,304,9
17.2710519415763,71.3612430135661,15.0675248214975,2.2035271200788,1,C,305,9
92.8883441056769,72,15.0844310084358,56.9155689915642,0,I,306,9
24.4152776947651,72,15.1709938701242,9.24428382464084,1,C,307,9
49.6985307002151,72,15.2033845614642,34.4951461387509,1,I,308,9
85.8076688057625,72,15.2175625925884,56.7824374074116,0,C,309,9
36.639632128883,72,15.272976779379,21.366655349504,1,I,310,9
36.7550353370272,34.9197499187329,15.2844511717558,19.6352987469771,0,C,311,9
29.0310824256698,72,15.3193905344233,13.7116918912465,1,I,312,9
26.2829716284153,72,15.3453404316679,10.9376311967474,1,C,313,9
46.4061223817225,68.3907562325145,15.4734653653577,30.9326570163648,1,I,314,9
57.6199788145962,19.6316025781317,15.6393807241693,3.99222185396234,0,C,315,9
18.7019998330958,72,15.6609871890396,3.04101264405624,1,I,316,9
66.0288480669497,72,15.662263026461,50.3665850404887,1,C,317,9
31.0688326126955,72,15.6974459951743,15.3713866175212,1,I,318,9
126.422192266148,72,15.7037054328248,56.2962945671752,0,C,319,9
88.4559676255105,17.4792169471702,15.7242980785668,1.75491886860344,0,I,320,9
24.4131652067356,72,15.7357974769548,8.67736772978084,1,C,321,9
17.0991161382235,72,15.7809724705294,1.3181436676941,1,I,322,9
73.3925338552045,66.6772998356279,15.8410145156086,50.8362853200194,0,C,323,9
126.732459994513,72,15.8478153822944,56.1521846177056,0,I,324,9
19.7981701655844,72,15.8639710117131,3.93419915387122,1,C,325,9
76.3748673621361,72,15.9201782941818,56.0798217058182,0,I,326,9
110.834124495758,53.5718201994246,15.9368973691016,37.634922830323,0,C,327,9
126.18760080131,39.8363517275803,15.9790032869205,23.8573484406599,0,I,328,9
67.9895417178482,29.314288656232,16.0303760971874,13.2839125590446,0,C,329,9
23.1567721163929,72,16.2561041442677,6.90066797212514,1,I,330,9
74.4053920021298,72,16.279167747125,55.720832252875,0,C,331,9
105.238180170465,72,16.3155251462013,55.6844748537988,0,I,332,9
88.9830230987988,55.9188688812389,16.3337408239022,39.5851280573367,0,C,333,9
35.9703073777074,72,16.3807714730501,19.5895359046573,1,I,334,9
48.0513720310411,72,16.4238704927266,31.6275015383146,1,C,335,9
70.2415723840102,72,16.4553206646815,53.7862517193287,1,I,336,9
105.085187975822,72,16.4736632164568,55.5263367835432,0,C,337,9
25.6029539145144,72,16.4864669367671,9.11648697774725,1,I,338,9
42.6058774843431,21.4604872021324,16.5044451132417,4.95604208889072,0,C,339,9
39.7395971054238,72,16.562300529331,23.1772965760929,1,I,340,9
23.2484329768484,72,16.5872231405228,6.66120983632557,1,C,341,9
157.140501194299,72,16.5964111872017,55.4035888127983,0,I,342,9
48.5790238295896,72,16.6518901241943,31.9271337053953,1,C,343,9
31.4788299348684,72,16.762397303246,14.7164326316224,1,I,344,9
95.0975056455548,72,16.7709639854729,55.2290360145271,0,C,345,9
43.3687563214075,72,16.7887671897188,26.5799891316887,1,I,346,9
88.4192649128232,66.853255005221,16.7948071332648,50.0584478719561,0,C,347,9
21.1435181898942,72,16.9019113155082,4.24160687438602,1,I,348,9
77.8778651884792,23.7182825690565,16.9050257373601,6.81325683169636,0,C,349,9
23.065328748175,72,16.9458972802386,6.11943146793644,1,I,350,9
38.5622223777176,72,17.0735088502988,21.4887135274187,1,C,351,9
45.0680062910796,72,17.1373389288783,27.9306673622013,1,I,352,9
27.2288403024689,30.1852713067643,17.1541604306549,10.074679871814,1,C,353,9
124.366088647173,72,17.2771602775902,54.7228397224099,0,I,354,9
65.3931623712637,72,17.2834967589006,48.1096656123631,1,C,355,9
65.4736699367516,72,17.3026160337031,48.1710539030485,1,I,356,9
42.5247417802319,72,17.322357064113,25.2023847161188,1,C,357,9
246.162384772743,72,17.4185413308442,54.5814586691558,0,I,358,9
46.9090630109224,72,17.4241642188281,29.4848987920944,1,C,359,9
138.491328364804,72,17.4394158879295,54.5605841120705,0,I,360,9
62.8194820486215,72,17.451155371964,45.3683266766575,1,C,361,9
23.9528630932244,45.7363796157213,17.4631581036374,6.48970498958699,1,I,362,9
21.4754953448007,49.8273731525193,17.5487472116947,3.92674813310597,1,C,363,9
38.6507757566142,72,17.5596424983814,21.0911332582327,1,I,364,9
50.0184038626118,72,17.613694681786,32.4047091808257,1,C,365,9
69.1327951911037,46.0365494568531,17.6284100487828,28.4081394080703,0,I,366,9
100.717047018966,72,17.6347768167034,54.3652231832966,0,C,367,9
69.3554843231918,72,17.7310814894736,51.6244028337182,1,I,368,9
28.8766291872203,72,17.7975982613862,11.0790309258342,1,C,369,9
26.8914483581416,47.4410029254453,17.8283898951486,9.06305846299299,1,I,370,9
99.5858279017746,72,17.8905248036608,54.1094751963392,0,C,371,9
34.5109133945034,72,17.9074720200151,16.6034413744883,1,I,372,9
55.8123419347184,72,17.9091967782006,37.9031451565179,1,C,373,9
60.8089407083193,72,17.9233110928908,42.8856296154285,1,I,374,9
56.6850168597574,72,17.9566610930488,38.7283557667086,1,C,375,9
35.1104546644528,72,17.9726484837011,17.1378061807518,1,I,376,9
144.844623048856,71.2480654789126,17.9728678381071,53.2751976408055,0,C,377,9
21.3934446792176,72,18.019242757,3.37420192221753,1,I,378,9
61.2860506671302,72,18.0475262738764,43.2385243932538,1,C,379,9
85.7142992340827,72,18.1686968822032,53.8313031177968,0,I,380,9
31.7228444175702,72,18.2724754465744,13.4503689709958,1,C,381,9
21.5977827814334,72,18.2860953686759,3.31168741275753,1,I,382,9
56.4447740642831,72,18.3216448361054,38.1231292281777,1,C,383,9
54.5840288043114,72,18.3505871566013,36.2334416477101,1,I,384,9
44.1866425532793,39.8874184374126,18.474071812816,21.4133466245966,0,C,385,9
81.6204660058546,53.7209919022405,18.5155631275848,35.2054287746557,0,I,386,9
25.8765116510142,72,18.6580010689795,7.21851058203468,1,C,387,9
24.2570686343271,69.1473996263295,18.6623033042997,5.59476533002741,1,I,388,9
47.0270786740602,72,18.7323854165152,28.294693257545,1,C,389,9
35.2142424098005,72,18.7336189253256,16.4806234844749,1,I,390,9
27.1122122676019,72,18.8907797494903,8.22143251811153,1,C,391,9
88.1965822852901,72,19.0319160372019,52.9680839627981,0,I,392,9
59.5468320633535,72,19.0396506059915,40.507181457362,1,C,393,9
71.5423902287738,72,19.0458291582763,52.4965610704975,1,I,394,9
50.0131530233163,72,19.0835794340819,30.9295735892344,1,C,395,9
27.8788221161029,72,19.115740545094,8.76308157100891,1,I,396,9
20.8418327099059,72,19.1400663508102,1.70176635909562,1,C,397,9
34.4107943888788,72,19.1556299803779,15.2551644085009,1,I,398,9
24.5628351607925,72,19.1624287655577,5.40040639523475,1,C,399,9
28.9898008797453,72,19.1976422443986,9.79215863534673,1,I,400,9
53.7697956064337,43.5341341004175,19.3129944708198,24.2211396295976,0,C,401,9
23.3515965142693,46.9928679951701,19.4150340836495,3.93656243061977,1,I,402,9
82.5540044356795,72,19.4767690915614,52.5232309084386,0,C,403,9
94.9640787216121,72,19.5150644006208,52.4849355993792,0,I,404,9
59.7559985477926,72,19.5152824278921,40.2407161199005,1,C,405,9
59.8081894301453,72,19.5891359634697,40.2190534666756,1,I,406,9
51.7650365321279,72,19.7433144645765,32.0217220675514,1,C,407,9
51.7637925141495,72,19.7997849946842,31.9640075194654,1,I,408,9
95.9531500183246,72,19.8482719715685,52.1517280284315,0,C,409,9
29.0427992746314,72,19.9060332449153,9.13676602971612,1,I,410,9
28.1410509154205,72,19.9628571700305,8.17819374539003,1,C,411,9
70.5048837365635,21.8901489141263,20.1271268678829,1.76302204624336,0,I,412,9
97.2483446646532,72,20.1404819637537,51.8595180362463,0,C,413,9
20.9130536974793,72,20.419921875,0.493131822479279,1,I,414,9
75.6031992605534,21.2930567173107,20.4374373145401,0.855619402770572,0,C,415,9
63.4743447898888,72,20.4452447639778,43.029100025911,1,I,416,9
42.0304562516034,72,20.4566421406344,21.5738141109691,1,C,417,9
105.736157039466,72,20.4597302433103,51.5402697566897,0,I,418,9
73.0125583438107,72,20.4701266810298,51.5298733189702,0,C,419,9
36.4584595975867,72,20.5213702423498,15.9370893552369,1,I,420,9
56.5093212971176,72,20.5518710939214,35.9574502031962,1,C,421,9
41.2843124427954,72,20.5715732043609,20.7127392384345,1,I,422,9
127.067024962126,72,20.6116616958752,51.3883383041248,0,C,423,9
117.036370549475,72,20.620289426297,51.3797105737031,0,I,424,9
142.703522706912,55.1722595423476,20.6817393377423,34.4905202046052,0,C,425,9
21.7388542624853,72,20.7134111132473,1.02544314923806,1,I,426,9
24.9941009033324,72,20.7562032714486,4.23789763188375,1,C,427,9
28.9396465887345,72,20.7643705839291,8.1752760048054,1,I,428,9
24.0373243537066,72,20.7724488386884,3.26487551501819,1,C,429,9
64.5214423149837,72,20.7954703224823,43.7259719925014,1,I,430,9
24.5337986869103,72,20.8048539049923,3.72894478191792,1,C,431,9
94.2170375106605,72,20.8061386132613,51.1938613867387,0,I,432,9
41.9171963855548,72,20.8144534053281,21.1027429802267,1,C,433,9
74.067229337036,72,20.8205174608156,51.1794825391844,0,I,434,9
24.5448753530162,72,20.8521645795554,3.69271077346078,1,C,435,9
21.1805865897183,72,20.8530160272494,0.327570562468913,1,I,436,9
34.1064437075475,72,20.8873272500932,13.2191164574543,1,C,437,9
58.6685749263754,21.5204428922679,20.8968125749379,0.623630317329958,0,I,438,9
30.2639583429429,72,20.9071221062914,9.3568362366515,1,C,439,9
188.816582616896,72,20.9179477952421,51.0820522047579,0,I,440,9
121.787218449666,63.0837911506137,21.0617717821151,42.0220193684986,0,C,441,9
81.9041642996993,72,21.1015501851216,50.8984498148784,0,I,442,9
52.1648662019759,72,21.1990947369486,30.9657714650273,1,C,443,9
77.6026159651444,72,21.3656441867352,50.6343558132649,0,I,444,9
70.829534447711,72,21.4280430413783,49.4014914063327,1,C,445,9
92.8844527984795,72,21.612493917346,50.387506082654,0,I,446,9
135.970709466724,72,21.6321854805574,50.3678145194426,0,C,447,9
33.8659374003991,48.9309963233136,21.6947529232129,12.1711844771862,1,I,448,9
44.3034644968536,61.8426980669436,21.7135905101895,22.5898739866641,1,C,449,9
46.6863175814216,72,21.7219136143103,24.9644039671113,1,I,450,9
98.2194721646929,72,21.8092318531126,50.1907681468874,0,C,451,9
27.7704955235001,63.8882549429227,21.8204071512446,5.95008837225552,1,I,452,9
91.9633228781254,72,21.8344501778483,50.1655498221517,0,C,453,9
53.5638205973459,37.7901311208807,21.8460726924241,15.9440584284566,0,I,454,9
67.8496877070769,72,21.894362680614,45.9553250264629,1,C,455,9
54.9794842232895,72,21.9059921940789,33.0734920292106,1,I,456,9
79.8804773208922,72,21.9517137575895,50.0482862424105,0,C,457,9
78.9820369657426,72,22.1361591434106,49.8638408565894,0,I,458,9
30.3168347947134,72,22.2511542309076,8.06568056380589,1,C,459,9
92.9549485059087,72,22.3410721309483,49.6589278690517,0,I,460,9
54.5606904228607,72,22.3759820032865,32.1847084195742,1,C,461,9
77.9889671701292,72,22.4307153420523,49.5692846579477,0,I,462,9
22.8664286498454,72,22.4994336487725,0.366995001072897,1,C,463,9
92.6388521822289,72,22.556163542904,49.443836457096,0,I,464,9
58.0741165383718,72,22.5774443289265,35.4966722094453,1,C,465,9
105.441381289448,72,22.6798799168319,49.3201200831682,0,I,466,9
28.3668626351877,31.7114913076281,22.7557065943256,5.61115604086214,1,C,467,9
55.7682992278958,72,22.8278460167348,32.9404532111609,1,I,468,9
146.275963840891,72,22.8552875574678,49.1447124425322,0,C,469,9
42.8272497228807,72,22.8749347524717,19.9523149704089,1,I,470,9
30.7741045279514,72,22.8811800247058,7.89292450324558,1,C,471,9
112.998310138328,72,22.9255113797262,49.0744886202738,0,I,472,9
94.7174561789342,53.8271958768411,22.9406079137698,30.8865879630713,0,C,473,9
42.1158627563837,72,23.0130338156596,19.1028289407241,1,I,474,9
58.3452668752185,55.1538029574595,23.0240276176482,32.1297753398113,0,C,475,9
47.9597704221329,72,23.1228526728228,24.8369177493101,1,I,476,9
139.666027065482,30.8655474445131,23.1491243792698,7.71642306524336,0,C,477,9
23.3016706336424,72,23.1952880183235,0.106382615318959,1,I,478,9
107.037133390222,72,23.2047064276412,48.7952935723588,0,C,479,9
33.0070344626752,72,23.2073937775567,9.79964068511847,1,I,480,9
69.9549494180408,72,23.2763936044648,46.6785558135759,1,C,481,9
155.371900894086,72,23.3936676336452,48.6063323663548,0,I,482,9
53.2282104170609,72,23.5019352659583,29.7262751511026,1,C,483,9
61.5525863917216,72,23.5195766296238,38.0330097620979,1,I,484,9
188.686918553488,72,23.5978420218453,48.4021579781547,0,C,485,9
64.4793174772987,72,23.6200634529814,40.8592540243173,1,I,486,9
68.5230175405821,72,23.6434715241194,44.8795460164627,1,C,487,9
25.0512534614214,72,23.6590426973999,1.3922107640215,1,I,488,9
32.6430933380358,41.2466626392449,23.7663364084438,8.87675692959205,1,C,489,9
78.1372667757613,72,23.7998359277844,48.2001640722156,0,I,490,9
24.4249855183215,72,23.8136116275564,0.611373890765104,1,C,491,9
25.1223009596047,72,23.8755364296958,1.24676452990889,1,I,492,9
34.4998040277514,72,23.9408709760755,10.5589330516759,1,C,493,9
90.5846237594264,72,23.9802002487704,48.0197997512296,0,I,494,9
108.112769557581,72,24.1026963293552,47.8973036706448,0,C,495,9
77.0381422642172,72,24.1047106264159,47.8952893735841,0,I,496,9
53.3826072037301,72,24.2529280437157,29.1296791600144,1,C,497,9
47.1335380136946,72,24.2749668750912,22.8585711386034,1,I,498,9
52.9528590172506,72,24.2962765647098,28.6565824525407,1,C,499,9
115.864474790469,72,24.3221981590614,47.6778018409386,0,I,500,9
54.7305382525484,72,24.3655034294352,30.3650348231132,1,C,501,9
193.390927740429,72,24.3825552798808,47.6174447201192,0,I,502,9
49.3942467885625,72,24.3847409170121,25.0095058715504,1,C,503,9
81.082642404835,72,24.3900222424418,47.6099777575582,0,I,504,9
78.175084023072,72,24.5430996129289,47.4569003870711,0,C,505,9
30.9628883557362,72,24.7358480701223,6.22704028561392,1,I,506,9
124.585710756064,72,24.7388317063451,47.2611682936549,0,C,507,9
40.1448230508611,72,24.7397849103436,15.4050381405175,1,I,508,9
38.5739329664272,72,24.7628777101636,13.8110552562636,1,C,509,9
39.8434748814651,72,24.7793798334897,15.0640950479754,1,I,510,9
68.6703983931937,72,24.913941831328,43.7564565618658,1,C,511,9
79.7099759954072,67.6745340414023,24.9286000756547,42.7459339657476,0,I,512,9
36.0518053606004,72,24.9486243026331,11.1031810579672,1,C,513,9
35.3094021091299,72,24.9759253626689,10.333476746461,1,I,514,9
35.8309130224748,72,25.0212523480877,10.809660674387,1,C,515,9
49.3715725985312,46.4745785996216,25.0355256954208,21.4390529042008,0,I,516,9
102.155154708351,72,25.0575953861699,46.9424046138302,0,C,517,9
45.6221407863135,69.0793622135743,25.0641996134073,20.5579411729062,1,I,518,9
131.390606806607,72,25.0834624702111,46.9165375297889,0,C,519,9
50.6428201824486,72,25.1258144946769,25.5170056877717,1,I,520,9
38.0692156968828,53.8617120583185,25.1407394371927,12.9284762596901,1,C,521,9
40.3749973996961,72,25.1776430010796,15.1973543986165,1,I,522,9
71.0537987092764,72,25.1932559302077,45.8605427790687,1,C,523,9
110.198671521774,72,25.2857288299128,46.7142711700872,0,I,524,9
25.6310982669673,72,25.3077299986035,0.323368268363793,1,C,525,9
72.6124808810743,72,25.3636830300093,46.6363169699907,0,I,526,9
26.3479795372611,72,25.4416985576972,0.906280979563899,1,C,527,9
137.00778881435,38.895228707895,25.4652469139546,13.4299817939404,0,I,528,9
75.6802536564956,72,25.5025156075135,46.4974843924865,0,C,529,9
169.186277115647,72,25.59205991216,46.40794008784,0,I,530,9
36.2586978298377,72,25.6086992193013,10.6499986105363,1,C,531,9
43.9852709112955,72,25.6312736961991,18.3539972150965,1,I,532,9
74.9795871065375,72,25.646206503734,46.353793496266,0,C,533,9
37.1154092804384,72,25.6789473351091,11.4364619453293,1,I,534,9
30.1198875952309,72,25.6830059643835,4.43688163084743,1,C,535,9
48.5087560854008,33.2850751065203,25.7179691875353,7.5671059189849,0,I,536,9
72.9678017858286,72,25.7404260803014,46.2595739196986,0,C,537,9
27.8099749573339,72,25.7777759246528,2.03219903268108,1,I,538,9
70.563830970949,72,25.8495239261538,44.7143070447952,1,C,539,9
60.2188810106049,72,25.9254835546017,34.2933974560032,1,I,540,9
123.74410664545,72,25.9910335019231,46.0089664980769,0,C,541,9
67.1611830135867,72,26.0175999859348,41.1435830276519,1,I,542,9
61.9211049762411,72,26.0784273874015,35.8426775888396,1,C,543,9
45.7998476849585,72,26.1322981165722,19.6675495683863,1,I,544,9
27.671758747285,72,26.1942620482296,1.47749669905545,1,C,545,9
61.313112176929,51.4571414148363,26.2319426704198,25.2251987444165,0,I,546,9
80.0663198515438,72,26.273450050503,45.726549949497,0,C,547,9
27.3744748291145,72,26.3504124060273,1.02406242308713,1,I,548,9
59.0710335563868,72,26.3519261078909,32.7191074484959,1,C,549,9
35.4269576762646,72,26.4128315169364,9.01412615932815,1,I,550,9
109.781524397432,72,26.5319193759933,45.4680806240067,0,C,551,9
36.5983262405564,72,26.5526398457587,10.0456863947977,1,I,552,9
35.3075566209281,72,26.6119358735159,8.69562074741221,1,C,553,9
162.878543314844,72,26.6128071444109,45.3871928555891,0,I,554,9
91.8555737545039,72,26.6415900550783,45.3584099449217,0,C,555,9
77.0848477262687,72,26.6943546803668,45.3056453196332,0,I,556,9
28.7955494854866,72,26.7122315615416,2.08331792394501,1,C,557,9
69.3854360378559,72,26.7373271193355,42.6481089185204,1,I,558,9
104.260732405691,72,26.8302639853209,45.1697360146791,0,C,559,9
57.8242844395851,72,26.8861203314737,30.9381641081115,1,I,560,9
128.807085025179,35.8326933708313,26.9532306538895,8.87946271694177,0,C,561,9
28.0707476918335,42.7542770880337,27.0109759457409,1.05977174609254,1,I,562,9
59.4039059472684,72,27.0412990590557,32.3626068882127,1,C,563,9
131.920861020121,72,27.0561784878373,44.9438215121627,0,I,564,9
50.5194510266897,72,27.1009876253083,23.4184634013814,1,C,565,9
80.9847128082289,34.7035320344098,27.2169048059732,7.48662722843666,0,I,566,9
43.8293647112009,72,27.2795700235292,16.5497946876716,1,C,567,9
59.5185912457503,72,27.2973885806277,32.2212026651225,1,I,568,9
137.561285236141,72,27.3624585103244,44.6375414896756,0,C,569,9
112.420428224875,72,27.382563566789,44.617436433211,0,I,570,9
58.3886982405684,72,27.4022498074919,30.9864484330765,1,C,571,9
80.716864130021,72,27.4290398787707,44.5709601212293,0,I,572,9
87.8213414573026,72,27.4638540297747,44.5361459702253,0,C,573,9
48.2182748568261,72,27.526498711668,20.6917761451581,1,I,574,9
88.5581406093951,46.5228763468351,27.6964060915634,18.8264702552717,0,C,575,9
50.3075779408442,72,27.7212845860049,22.5862933548393,1,I,576,9
66.8023604724017,72,27.7304435055703,39.0719169668314,1,C,577,9
124.802206572108,72,27.8003445267677,44.1996554732323,0,I,578,9
30.0725488779754,65.0068920163287,27.80624975916,2.26629911881542,1,C,579,9
50.8988354254155,72,27.8238418791443,23.0749935462712,1,I,580,9
30.3029031378583,72,27.8289581788704,2.47394495898795,1,C,581,9
74.5963160187322,33.9408009176761,27.8983538411558,6.04244707652035,0,I,582,9
56.4680793701618,60.0524408524607,27.8986519295722,28.5694274405895,1,C,583,9
72.0756769366903,72,27.9312477260828,44.0687522739172,0,I,584,9
169.282417468427,72,27.9437850834802,44.0562149165198,0,C,585,9
77.5920090898737,72,28.0095101566985,43.9904898433015,0,I,586,9
38.1951418127966,72,28.0256209149957,10.1695208978009,1,C,587,9
29.0657574231168,72,28.0313270352781,1.03443038783872,1,I,588,9
36.9919778222075,41.7160164028218,28.0544986668974,8.93747915531009,1,C,589,9
59.7881557369768,72,28.2737222732976,31.5144334636792,1,I,590,9
217.253238966364,72,28.322263341397,43.677736658603,0,C,591,9
30.9088177312171,72,28.3225737093017,2.58624402191547,1,I,592,9
58.2958930392735,72,28.3487983234227,29.9470947158508,1,C,593,9
213.583031429298,40.0642895382779,28.360442603007,11.7038469352709,0,I,594,9
114.204989874115,72,28.3786832448095,43.6213167551905,0,C,595,9
34.1706613146282,72,28.3942472375929,5.77641407703523,1,I,596,9
114.988922613825,72,28.4275601897389,43.5724398102611,0,C,597,9
47.689635991064,72,28.4409228572622,19.2487131338018,1,I,598,9
137.064075773464,72,28.5587841505185,43.4412158494815,0,C,599,9
154.96603362965,72,28.5754311550409,43.4245688449591,0,I,600,9
113.367263580309,72,28.6126147583127,43.3873852416873,0,C,601,9
38.7018798354695,72,28.6423623422161,10.0595174932534,1,I,602,9
74.7910600393003,72,28.7139928154647,43.2860071845353,0,C,603,9
58.2970781563982,72,28.7272132840008,29.5698648723974,1,I,604,9
136.587827544901,72,28.8720939354971,43.1279060645029,0,C,605,9
51.2746358457143,72,28.9602629933506,22.3143728523637,1,I,606,9
64.8300766155544,72,28.9681279845536,35.8619486310008,1,C,607,9
178.20336444259,72,29.088554601185,42.911445398815,0,I,608,9
30.2137322569344,72,29.162334445864,1.05139781107045,1,C,609,9
30.1011683407558,72,29.1643672529608,0.936801087795033,1,I,610,9
43.7194055047696,72,29.1951245488599,14.5242809559097,1,C,611,9
127.077784879342,72,29.1973423445597,42.8026576554403,0,I,612,9
99.635345421972,72,29.2568671982735,42.7431328017265,0,C,613,9
42.4043831471308,72,29.2602254357189,13.1441577114119,1,I,614,9
189.988527853463,62.3913502682345,29.5745413284749,32.8168089397596,0,C,615,9
75.7311940670377,51.8353008881421,29.656118885614,22.1791820025281,0,I,616,9
35.1709024878921,72,29.676132244058,5.49477024383416,1,C,617,9
120.676058559603,72,29.8080095881596,42.1919904118404,0,I,618,9
35.237084347657,72,29.8694515787065,5.36763276895047,1,C,619,9
30.0461332992983,72,30.0424489192665,0.00368438003180868,1,I,620,9
32.8643279638471,72,30.0589266372845,2.80540132656259,1,C,621,9
157.476068709854,49.3052065696795,30.1080247806385,19.197181789041,0,I,622,9
101.936586308584,72,30.14218212571,41.8578178742901,0,C,623,9
50.89123197112,72,30.1480963127688,20.7431356583513,1,I,624,9
51.2428420040808,72,30.1484285015613,21.0944135025195,1,C,625,9
42.4332094790412,72,30.149695747532,12.2835137315093,1,I,626,9
57.9547149577988,52.6748956680617,30.1761129917577,22.498782676304,0,C,627,9
40.0398128611332,72,30.1844447571784,9.85536810395473,1,I,628,9
32.81797887673,72,30.1969823380932,2.62099653863675,1,C,629,9
76.3579641565533,72,30.2650750754401,41.7349249245599,0,I,630,9
66.7388439775872,70.3892679112876,30.3098304849118,36.4290134926754,1,C,631,9
94.0600508754612,72,30.3522646101192,41.6477353898808,0,I,632,9
245.394671539967,72,30.3772707469761,41.6227292530239,0,C,633,9
106.503394061573,72,30.3979420149699,41.6020579850301,0,I,634,9
74.4858971194231,72,30.5099852476269,41.4900147523731,0,C,635,9
44.0394057568996,72,30.5889989901334,13.4504067667662,1,I,636,9
44.1627735684675,72,30.695281913504,13.4674916549635,1,C,637,9
32.3442641826068,72,30.7032013172284,1.64106286537846,1,I,638,9
32.5132645183081,72,30.7934402441606,1.71982427414753,1,C,639,9
88.6399529455542,72,30.8064481755719,41.1935518244281,0,I,640,9
66.5280618564459,72,30.9117682138458,35.6162936426001,1,C,641,9
52.2559385878258,72,30.9857166185975,21.2702219692283,1,I,642,9
47.2654376117976,72,30.9920181054622,16.2734195063354,1,C,643,9
37.3162434080853,72,30.9965414553881,6.31970195269719,1,I,644,9
52.153857255969,72,31.0261306213215,21.1277266346474,1,C,645,9
51.059843707111,72,31.0915823746473,19.9682613324638,1,I,646,9
42.5720910321811,72,31.0996834980324,11.4724075341487,1,C,647,9
76.5823402697368,42.0944048498461,31.165746753104,10.9286580967421,0,I,648,9
76.8267350534187,72,31.1753045255318,40.8246954744682,0,C,649,9
44.5817993429822,72,31.2156333960593,13.366165946923,1,I,650,9
54.756618502547,47.7268181932779,31.2973727099597,16.4294454833182,0,C,651,9
38.0989903704386,60.7850755295831,31.5107854641974,6.58820490624118,1,I,652,9
66.6815392073461,35.6772283915434,31.6645470075309,4.01268138401246,0,C,653,9
138.218816759949,41.7107970041812,31.8436374608427,9.86715954333845,0,I,654,9
66.4833751958566,72,31.8451363407075,34.6382388551491,1,C,655,9
43.2565078464687,72,31.8976850202307,11.358822826238,1,I,656,9
63.8887958930607,72,31.9858602806926,31.9029356123681,1,C,657,9
37.0716327585815,72,31.9985584588721,5.07307429970941,1,I,658,9
92.3427768169542,72,32.3414319986478,39.6585680013523,0,C,659,9
89.0525997501476,72,32.4160565435886,39.5839434564114,0,I,660,9
117.864819134557,72,32.5802580965683,39.4197419034317,0,C,661,9
59.7605217498647,72,32.5852362206206,27.1752855292441,1,I,662,9
47.2337141336974,72,32.5946903508157,14.6390237828818,1,C,663,9
115.115310926736,72,32.6138322846964,39.3861677153036,0,I,664,9
62.9555719794662,72,32.6400836231187,30.3154883563475,1,C,665,9
82.4393903689366,72,32.7086373791099,39.2913626208901,0,I,666,9
40.0622668656975,35.1467369380773,32.7333283144981,2.41340862357926,0,C,667,9
143.945354445762,72,32.7434154879302,39.2565845120698,0,I,668,9
112.098958945919,72,32.8028135374188,39.1971864625812,0,C,669,9
49.0665806165961,41.9609265229829,32.8623571665958,9.09856935638709,0,I,670,9
33.8344715960779,72,32.9273882461712,0.907083349906737,1,C,671,9
35.0462894328237,72,32.9469269933179,2.09936243950577,1,I,672,9
95.6281098841447,72,32.9763100342825,39.0236899657175,0,C,673,9
34.6421686805627,66.1716874935845,32.984664416872,1.65750426369076,1,I,674,9
62.0821144714686,38.0431899011887,33.0956998933107,4.94749000787806,0,C,675,9
41.6930069556263,72,33.1355375004932,8.55746945513304,1,I,676,9
36.0043382687456,72,33.1462397100404,2.85809855870521,1,C,677,9
126.900306296015,72,33.2705757860094,38.7294242139906,0,I,678,9
61.600776828209,52.2550168370534,33.3850345993415,18.8699822377119,0,C,679,9
34.9689940417011,72,33.4166199993342,1.55237404236693,1,I,680,9
98.7235536141591,57.3379259272082,33.4349128045142,23.9030131226941,0,C,681,9
49.1632309409236,72,33.537420895882,15.6258100450416,1,I,682,9
41.5058534508141,72,33.6167095508426,7.88914389997142,1,C,683,9
39.3453706646703,72,33.6278839409351,5.71748672373519,1,I,684,9
99.7617685512147,44.9742147420361,33.6725466884673,11.3016680535688,0,C,685,9
49.2825902581642,56.2407394875251,33.70672209654,15.5758681616241,1,I,686,9
115.177253233851,72,33.7254385231063,38.2745614768937,0,C,687,9
58.1917680739813,72,33.7537682102993,24.4379998636819,1,I,688,9
40.6166849783132,72,33.7569910101593,6.8596939681539,1,C,689,9
63.5394526947602,64.119479256215,33.7868126202375,29.7526400745228,1,I,690,9
199.131804399583,72,33.8917153934017,38.1082846065983,0,C,691,9
43.6391047183965,72,33.91504033003,9.72406438836648,1,I,692,9
125.75415038548,72,33.9983930485323,38.0016069514677,0,C,693,9
73.5388805935107,72,34.077797611244,37.922202388756,0,I,694,9
66.6682474852873,72,34.1132077714428,32.5550397138445,1,C,695,9
44.6882543141733,72,34.115956700407,10.5722976137664,1,I,696,9
59.2867711998645,72,34.1838372079656,25.102933991899,1,C,697,9
62.8533299155101,51.2081329478606,34.3667703587562,16.8413625891044,0,I,698,9
69.2434225926074,72,34.4108016556129,34.8326209369945,1,C,699,9
132.466947439071,72,34.4342445675284,37.5657554324716,0,I,700,9
305.886428239201,72,34.4535071169958,37.5464928830043,0,C,701,9
50.3117222646433,72,34.5038081752136,15.8079140894297,1,I,702,9
48.0346419587834,72,34.5160338096321,13.5186081491513,1,C,703,9
94.0252827729631,72,34.5270191319287,37.4729808680713,0,I,704,9
72.0281787933075,72,34.5349509129301,37.4650490870699,0,C,705,9
48.7346354860371,72,34.5725477859378,14.1620877000993,1,I,706,9
36.7660342954739,72,34.6930267196149,2.07300757585901,1,C,707,9
121.183510266309,72,34.7897266270593,37.2102733729407,0,I,708,9
158.78058122787,72,34.8214192176238,37.1785807823762,0,C,709,9
62.437100623251,60.6810133758546,34.8937225341797,25.787290841675,0,I,710,9
42.7226004972145,72,34.9148014141247,7.80779908308984,1,C,711,9
70.6748200764416,72,34.9204115336761,35.7544085427655,1,I,712,9
84.4697809304245,44.7765665399662,34.9682437023148,9.80832283765139,0,C,713,9
35.6574648241605,72,35.0376654462889,0.61979937787159,1,I,714,9
41.3291197809588,72,35.052507086657,6.27661269430181,1,C,715,9
42.6915567340954,42.9174721889482,35.0722305150703,7.61932621902516,1,I,716,9
52.3444881604505,72,35.1033853786066,17.2411027818439,1,C,717,9
176.451215740679,72,35.1311269076541,36.8688730923459,0,I,718,9
74.0339067432208,72,35.1328311441466,36.8671688558534,0,C,719,9
134.271960638067,72,35.2041171072051,36.7958828927949,0,I,720,9
64.5080639594178,72,35.2076196391135,29.3004443203042,1,C,721,9
39.8998770530977,72,35.2088057762012,4.69107127689654,1,I,722,9
47.2971506169363,72,35.3020439855754,11.9951066313609,1,C,723,9
80.6762456451452,72,35.3533287160099,36.6466712839901,0,I,724,9
77.0181449744385,72,35.4225053871051,36.577494612895,0,C,725,9
123.837252884625,72,35.4770236182958,36.5229763817042,0,I,726,9
93.5484471963223,72,35.5276465555653,36.4723534444347,0,C,727,9
42.1958897495655,72,35.6195674929768,6.57632225658871,1,I,728,9
71.2719809804579,72,35.8074698969722,35.4645110834857,1,C,729,9
50.3716175796119,72,35.8399252267554,14.5316923528564,1,I,730,9
47.92210435933,61.5689020303164,35.9093431988731,12.0127611604569,1,C,731,9
61.5746833523442,72,35.9570263372734,25.6176570150708,1,I,732,9
108.762299719899,72,35.970925251022,36.029074748978,0,C,733,9
69.7411976699527,72,35.9923468530178,33.7488508169349,1,I,734,9
58.14807892401,72,36.0116669721901,22.1364119518199,1,C,735,9
55.3786758849578,72,36.0738576203585,19.3048182645994,1,I,736,9
92.1903310544823,72,36.1857843166217,35.8142156833783,0,C,737,9
36.8013741608726,72,36.2011157115921,0.600258449280462,1,I,738,9
135.454911274294,72,36.2894796906039,35.7105203093961,0,C,739,9
183.192483536067,72,36.3749159406871,35.6250840593129,0,I,740,9
83.9904921607349,72,36.4926955942065,35.5073044057936,0,C,741,9
64.1256121190947,72,36.5008424129337,27.624769706161,1,I,742,9
80.1762212337391,58.9093795661475,36.6638571722433,22.2455223939042,0,C,743,9
83.2569499033829,72,36.6955433646217,35.3044566353783,0,I,744,9
43.3150473035737,72,36.7948889220133,6.52015838156033,1,C,745,9
38.5733846039529,72,36.8268667347729,1.74651786917994,1,I,746,9
116.487268373311,72,36.8650915240869,35.1349084759131,0,C,747,9
53.6498203122729,72,36.8938259175047,16.7559943947682,1,I,748,9
151.774492786344,72,36.9843741226941,35.0156258773059,0,C,749,9
67.0328126970578,72,37.0015584211797,30.0312542758781,1,I,750,9
181.259052597268,72,37.1781065873802,34.8218934126198,0,C,751,9
195.332160121787,72,37.3152039013803,34.6847960986197,0,I,752,9
80.4381860272796,72,37.3538762284443,34.6461237715557,0,C,753,9
38.3342644716822,72,37.381101292558,0.953163179124212,1,I,754,9
52.076791079276,72,37.4252878921106,14.6515031871654,1,C,755,9
48.6118433103822,72,37.6085132500157,11.0033300603665,1,I,756,9
59.3160219129926,72,37.6634865207598,21.6525353922328,1,C,757,9
56.7718398496853,59.3028376498034,37.7165436185896,19.0552962310957,1,I,758,9
54.5652908083898,72,37.8577132243663,16.7075775840235,1,C,759,9
51.2515231644724,72,37.9666487965733,13.2848743678991,1,I,760,9
172.787683755705,72,37.985248058103,34.014751941897,0,C,761,9
62.2840681432481,72,38.114234902896,24.1698332403521,1,I,762,9
39.2125775610578,72,38.2090253289789,1.00355223207885,1,C,763,9
88.7287059205525,72,38.2886174228042,33.7113825771958,0,I,764,9
55.0342808687915,72,38.3403350785375,16.6939457902541,1,C,765,9
66.2335526733672,72,38.3517082454637,27.8818444279036,1,I,766,9
120.97058592583,72,38.3522842917591,33.6477157082409,0,C,767,9
61.8264785432356,72,38.3641925593838,23.4622859838518,1,I,768,9
46.972692285481,72,38.446284472011,8.52640781347,1,C,769,9
66.220463581987,68.3945087698476,38.5556507762522,27.6648128057348,1,I,770,9
69.4176534328489,72,38.7159962626174,30.7016571702315,1,C,771,9
65.6128778266757,72,38.7608234910294,26.8520543356462,1,I,772,9
49.7033185463144,72,38.81788759958,10.8854309467344,1,C,773,9
128.480463227113,72,38.818695936352,33.181304063648,0,I,774,9
118.296835539121,72,38.8726494507864,33.1273505492136,0,C,775,9
73.9993985235236,72,38.8766364287585,33.1233635712415,0,I,776,9
40.5951207088388,72,38.8836926920339,1.71142801680486,1,C,777,9
109.032220427039,51.5005784564854,38.9505301276222,12.5500483288632,0,I,778,9
87.8892098083099,72,38.9535110956058,33.0464889043942,0,C,779,9
121.652187380265,72,39.0433212183416,32.9566787816584,0,I,780,9
170.736421569899,72,39.0680709667504,32.9319290332496,0,C,781,9
40.4356796198391,72,39.1460218001157,1.28965781972336,1,I,782,9
42.5978434299075,72,39.2633600207046,3.33448340920295,1,C,783,9
121.982218610088,72,39.3573339097202,32.6426660902798,0,I,784,9
46.389000480446,72,39.3775487411767,7.01145173926928,1,C,785,9
84.6550426249283,72,39.4534966908395,32.5465033091605,0,I,786,9
69.47083068278,72,39.5363122830167,29.9345183997633,1,C,787,9
42.602650113628,72,39.5488216308877,3.05382848274035,1,I,788,9
49.7716919776252,72,39.6774573856965,10.0942345919288,1,C,789,9
44.7414256918453,72,39.6850130427629,5.05641264908239,1,I,790,9
41.6560049521685,72,39.7131403628737,1.94286458929482,1,C,791,9
57.7449854982661,72,39.7733020875603,17.9716834107058,1,I,792,9
52.2293238283684,72,39.8333933902904,12.395930438078,1,C,793,9
41.1279322788302,72,39.8666118364781,1.26132044235207,1,I,794,9
149.484015184131,72,39.900219803676,32.099780196324,0,C,795,9
60.8518775883094,72,39.9170571332797,20.9348204550297,1,I,796,9
58.1467612334039,72,39.9205808993429,18.226180334061,1,C,797,9
152.872385017826,72,39.9531525420025,32.0468474579975,0,I,798,9
106.900525321106,72,40.0063771801069,31.9936228198931,0,C,799,9
58.8554942343069,72,40.050638797693,18.8048554366139,1,I,800,9
69.9673650767087,72,40.0582610769197,29.909103999789,1,C,801,9
45.8666423103537,72,40.1684919325635,5.69815037779023,1,I,802,9
94.1459671205904,72,40.1738988049328,31.8261011950672,0,C,803,9
63.9680464657744,72,40.2638499531895,23.7041965125849,1,I,804,9
195.012571199363,72,40.3166824299842,31.6833175700158,0,C,805,9
60.5730872845057,72,40.3468276793137,20.226259605192,1,I,806,9
256.524956305246,72,40.3792652534321,31.6207347465679,0,C,807,9
83.8128630370466,72,40.4306502593681,31.5693497406319,0,I,808,9
128.430325711423,72,40.4499956499785,31.5500043500215,0,C,809,9
147.987450233897,72,40.480989147909,31.519010852091,0,I,810,9
106.636559744852,72,40.6271112151444,31.3728887848556,0,C,811,9
150.29488140066,72,40.6810684455559,31.3189315544441,0,I,812,9
102.184709090216,72,40.7676960714161,31.2323039285839,0,C,813,9
46.8667249908951,72,40.7762619014829,6.09046308941212,1,I,814,9
79.3707039676557,72,40.8091244380921,31.1908755619079,0,C,815,9
67.5428503808775,72,40.8170161396265,26.725834241251,1,I,816,9
126.563009695815,72,40.8350180648267,31.1649819351733,0,C,817,9
163.267399301505,72,40.8543715858832,31.1456284141168,0,I,818,9
46.568694936839,72,40.8545360388234,5.7141588980156,1,C,819,9
65.4149803599173,72,40.8661418454722,24.5488385144452,1,I,820,9
48.0463768406096,72,40.8898450154811,7.15653182512847,1,C,821,9
44.020310804199,72,41.0865226015449,2.93378820265412,1,I,822,9
80.0089285835812,72,41.1950573371723,30.8049426628277,0,C,823,9
224.690376324138,72,41.2218259088695,30.7781740911305,0,I,824,9
68.6939513596055,72,41.2479104613885,27.446040898217,1,C,825,9
46.6461653187364,72,41.2791783548892,5.36698696384723,1,I,826,9
115.695352178101,72,41.3071902142838,30.6928097857162,0,C,827,9
133.208821200104,72,41.3402742426842,30.6597257573158,0,I,828,9
116.519020819644,72,41.373273152858,30.626726847142,0,C,829,9
43.9723574328612,72,41.3956068595871,2.57675057327403,1,I,830,9
70.3556715811659,72,41.5079512959346,28.8477202852313,1,C,831,9
130.766397767586,72,41.6101357759908,30.3898642240092,0,I,832,9
94.3474661383295,42.4864301417783,41.6304591251537,0.855971016624544,0,C,833,9
107.42782801289,72,41.6768082417548,30.3231917582452,0,I,834,9
258.410204506251,72,41.7869980679825,30.2130019320175,0,C,835,9
43.6971271082597,72,41.8600275926292,1.83709951563053,1,I,836,9
63.2175235331654,72,41.8642420135438,21.3532815196216,1,C,837,9
66.6100805380949,63.3824709703512,41.8665537424386,21.5159172279127,0,I,838,9
49.4870286047992,72,41.8960617436096,7.59096686118962,1,C,839,9
60.7297262182451,65.8170454780984,41.903610653244,18.8261155650011,1,I,840,9
99.4745971816036,51.728369295869,41.9593443023041,9.76902499356488,0,C,841,9
75.895971830093,72,42.1203620312735,29.8796379687265,0,I,842,9
56.1245503012077,49.7066100397942,42.4875222751871,7.21908776460712,0,C,843,9
102.3667421838,43.3648777940885,42.6298421854153,0.735035608673194,0,I,844,9
82.2331047887821,72,42.6453412603587,29.3546587396413,0,C,845,9
90.904741823339,72,42.6489195227623,29.3510804772377,0,I,846,9
83.3103748489048,72,42.728791446425,29.271208553575,0,C,847,9
47.4590486860142,72,42.8001645812765,4.65888410473767,1,I,848,9
43.9681688198842,72,42.9155281931162,1.05264062676804,1,C,849,9
47.168609765522,72,42.9505059868097,4.21810377871224,1,I,850,9
58.3878950870735,72,43.002166422084,15.3857286649895,1,C,851,9
208.689117638069,48.0675567080743,43.0621624505147,5.00539425755957,0,I,852,9
103.203610988757,67.7253462095771,43.1192202027887,24.6061260067884,0,C,853,9
78.3022666482116,72,43.1405499391258,28.8594500608742,0,I,854,9
123.01552102605,72,43.2041835039854,28.7958164960146,0,C,855,9
237.614986116711,72,43.2767575839534,28.7232424160466,0,I,856,9
100.903699023477,72,43.3840399794281,28.615960020572,0,C,857,9
45.9883101229863,72,43.3944687712938,2.59384135169257,1,I,858,9
82.2130647172702,72,43.5636227577925,28.4363772422075,0,C,859,9
252.822171025934,72,43.5988361109048,28.4011638890952,0,I,860,9
72.473246804478,72,43.6223547114059,28.3776452885941,0,C,861,9
55.898692474858,72,43.7210872443393,12.1776052305187,1,I,862,9
128.291055807341,72,43.8016845379025,28.1983154620975,0,C,863,9
52.5738765418146,72,43.8380145002157,8.73586204159897,1,I,864,9
61.4155957174838,72,43.8642881624401,17.5513075550437,1,C,865,9
106.489504951571,48.7977159253305,43.9814370078966,4.81627891743385,0,I,866,9
202.925139377642,72,43.9936359040439,28.0063640959561,0,C,867,9
131.735315113862,46.6006783291633,43.9975744765252,2.60310385263808,0,I,868,9
85.1280635634633,72,44.1385081596673,27.8614918403328,0,C,869,9
117.863101445683,72,44.1961233504117,27.8038766495884,0,I,870,9
110.566939233809,72,44.2437177384272,27.7562822615728,0,C,871,9
51.2293330020824,72,44.2939149728045,6.93541802927786,1,I,872,9
55.6209575928903,72,44.3897480517626,11.2312095411278,1,C,873,9
60.8787715469273,72,44.480786556378,16.3979849905493,1,I,874,9
134.983894715095,72,44.5918109128252,27.4081890871748,0,C,875,9
60.7090964348254,72,44.6139772469178,16.0951191879076,1,I,876,9
99.1533592649274,72,44.6541717555374,27.3458282444626,0,C,877,9
119.193499104771,72,44.6732949279249,27.3267050720751,0,I,878,9
145.548794710998,72,44.6926060505211,27.3073939494789,0,C,879,9
55.0691072984103,72,44.7795525379479,10.2895547604624,1,I,880,9
144.498392197682,53.6564168522933,44.8246082710102,8.8318085812831,0,C,881,9
65.1036485879112,72,44.8561626859009,20.2474859020103,1,I,882,9
75.5424277082838,72,44.9326511286199,27.0673488713801,0,C,883,9
54.558158291713,72,44.994981251657,9.56317704005598,1,I,884,9
186.038365435812,72,45.0759633863345,26.9240366136655,0,C,885,9
64.417429641626,72,45.0890595372766,19.3283701043494,1,I,886,9
99.5143434449508,72,45.1857419544831,26.8142580455169,0,C,887,9
52.6709896060565,72,45.2074298914522,7.46355971460431,1,I,888,9
113.002012843015,72,45.2232576208189,26.7767423791811,0,C,889,9
73.1244491353766,72,45.2387463720515,26.7612536279485,0,I,890,9
130.271065854985,72,45.2737941406667,26.7262058593333,0,C,891,9
60.0881983993381,72,45.2958748536184,14.7923235457197,1,I,892,9
77.5836804556525,72,45.3000732231885,26.6999267768115,0,C,893,9
78.5383245850745,72,45.3898563701659,26.6101436298341,0,I,894,9
45.8221862974775,72,45.3911041282117,0.431082169265758,1,C,895,9
52.8762771833678,72,45.3916419530287,7.48463523033901,1,I,896,9
59.3050437898113,72,45.3980642231181,13.9069795666931,1,C,897,9
68.6701285077384,72,45.4502868605778,23.2198416471607,1,I,898,9
240.850362120284,72,45.4624774865806,26.5375225134194,0,C,899,9
53.9383621193582,72,45.4718527151272,8.46650940423098,1,I,900,9
288.363178372842,72,45.527514712885,26.472485287115,0,C,901,9
70.8548045163728,72,45.5445790383965,25.3102254779763,1,I,902,9
89.2532630793166,72,45.6058863876388,26.3941136123613,0,C,903,9
91.9760007173261,72,45.6827807240188,26.3172192759812,0,I,904,9
67.7219098306488,72,45.779552673921,21.9423571567278,1,C,905,9
276.725520134437,72,45.7945147482678,26.2054852517322,0,I,906,9
69.2464517672688,72,45.798312490806,23.4481392764629,1,C,907,9
75.2187676989696,72,45.8516043238342,26.1483956761658,0,I,908,9
47.6015205698292,72,46.0170985758305,1.58442199399869,1,C,909,9
56.8475880181246,72,46.2050251336768,10.6425628844478,1,I,910,9
73.5087069028378,72,46.2380617344752,25.7619382655248,0,C,911,9
64.5684324304107,72,46.3648004550487,18.2036319753621,1,I,912,9
302.470825019461,72,46.365204853937,25.634795146063,0,C,913,9
58.8095839920796,72,46.3714826200157,12.4381013720639,1,I,914,9
110.439336750844,72,46.4136180700734,25.5863819299266,0,C,915,9
48.8190921530116,72,46.433794205077,2.38529794793464,1,I,916,9
99.0619100415847,72,46.5717189945281,25.4282810054719,0,C,917,9
74.7916009838809,72,46.6217942442745,25.3782057557255,0,I,918,9
200.222804515135,72,46.6230682516471,25.3769317483529,0,C,919,9
53.7706322004085,72,46.6320586111397,7.13857358926885,1,I,920,9
184.432514250223,72,46.6384742874652,25.3615257125348,0,C,921,9
71.0519065606334,72,46.7127827508375,24.3391238097959,1,I,922,9
56.260401590783,72,46.7788080498576,9.48159354092539,1,C,923,9
62.2349455620477,72,46.8481996748596,15.386745887188,1,I,924,9
63.8703538272493,72,46.9461056403816,16.9242481868678,1,C,925,9
68.6366478199215,72,46.9609033176675,21.6757445022539,1,I,926,9
112.726513087526,72,47.0104087237269,24.9895912762731,0,C,927,9
78.8068611685221,72,47.0305416639894,24.9694583360106,0,I,928,9
49.836409264102,72,47.0599254732952,2.7764837908068,1,C,929,9
116.07313904332,72,47.0639427239075,24.9360572760925,0,I,930,9
118.296007104763,72,47.0645048003644,24.9354951996356,0,C,931,9
66.09868574438,72,47.077040662989,19.0216450813909,1,I,932,9
48.9755436140828,72,47.2717257170007,1.7038178970821,1,C,933,9
96.1538248102863,72,47.315248050727,24.6847519492731,0,I,934,9
52.6654166257906,72,47.3946315748617,5.27078505092889,1,C,935,9
92.9753317976838,72,47.4026875616983,24.5973124383017,0,I,936,9
115.498951592454,72,47.4535900773481,24.546409922652,0,C,937,9
57.3748267296122,59.926627167853,47.4696971615776,9.9051295680346,1,I,938,9
144.231352511387,72,47.5349784409627,24.4650215590373,0,C,939,9
62.1168982546158,72,47.5460855383426,14.5708127162732,1,I,940,9
106.265406330708,72,47.549891830422,24.450108169578,0,C,941,9
134.216623918675,72,47.5817280868068,24.4182719131932,0,I,942,9
128.562159439315,72,47.6007480081171,24.3992519918829,0,C,943,9
48.8668372880806,72,47.6077751861885,1.25906210189212,1,I,944,9
135.273139466438,72,47.750377189368,24.249622810632,0,C,945,9
176.815586691115,72,47.7897060569376,24.2102939430624,0,I,946,9
67.621624879539,72,47.8421617671847,19.7794631123543,1,C,947,9
131.348195635726,72,48.0648087803274,23.9351912196726,0,I,948,9
157.23088591937,72,48.3138349978253,23.6861650021747,0,C,949,9
61.5099919700294,72,48.3690283354372,13.1409636345922,1,I,950,9
159.603379847316,72,48.5172839602456,23.4827160397545,0,C,951,9
57.6805876771987,72,48.5206948500127,9.15989282718608,1,I,952,9
160.788096727909,72,48.5853377217427,23.4146622782573,0,C,953,9
81.7750653048383,72,48.6094516748563,23.3905483251438,0,I,954,9
140.477420402589,72,48.6414965987206,23.3585034012795,0,C,955,9
78.9205343898815,72,48.668466839008,23.331533160992,0,I,956,9
95.3241821944054,72,48.7240027170628,23.2759972829372,0,C,957,9
266.062718319747,72,48.7657311419025,23.2342688580975,0,I,958,9
94.5620190010602,72,48.78614671994,23.21385328006,0,C,959,9
51.1038996538701,72,48.7932167993859,2.31068285448426,1,I,960,9
79.9110998671392,72,48.8538341363892,23.1461658636108,0,C,961,9
76.7951227263196,56.3967845426952,48.8559072185308,7.54087732416438,0,I,962,9
49.0064998180092,72,48.9552526921034,0.051247125905797,1,C,963,9
52.2801717248996,72,48.9920413680375,3.28813035686216,1,I,964,9
118.329005950812,72,49.0073899878189,22.9926100121811,0,C,965,9
82.2235834116962,72,49.0892863227055,22.9107136772946,0,I,966,9
113.943639064644,72,49.1288242768496,22.8711757231504,0,C,967,9
49.7227104732107,72,49.1451308783144,0.577579594896366,1,I,968,9
50.8720153891841,72,49.2465966939926,1.62541869519144,1,C,969,9
58.7688444435725,72,49.2941073467955,9.47473709677696,1,I,970,9
108.259846710033,72,49.2972031747922,22.7027968252078,0,C,971,9
234.217716754693,72,49.340694299899,22.659305700101,0,I,972,9
51.2460193737157,51.3734703198501,49.3686103960499,1.87740897766576,1,C,973,9
52.0833623092423,72,49.3910877266899,2.6922745825524,1,I,974,9
80.109107145496,72,49.532800829038,22.467199170962,0,C,975,9
67.7147882452564,72,49.5465430431068,18.1682452021496,1,I,976,9
64.0144681130765,72,49.5566224772483,14.4578456358282,1,C,977,9
68.7294760818569,72,49.5923805143684,19.1370955674885,1,I,978,9
71.5152208339929,72,49.627449028194,21.8877718057989,1,C,979,9
122.448858628738,72,49.7573683317751,22.2426316682249,0,I,980,9
58.1931930786502,72,49.7813214082271,8.41187167042315,1,C,981,9
115.241004008147,72,49.8590282863006,22.1409717136994,0,I,982,9
133.938436080531,72,49.8838388314471,22.1161611685529,0,C,983,9
61.89452001338,72,49.9267294071615,11.9677906062185,1,I,984,9
172.91430814301,72,49.994312315248,22.0056876847521,0,C,985,9
65.7912825981153,72,50.0023760274053,15.78890657071,1,I,986,9
149.012176510493,72,50.0057594943792,21.9942405056208,0,C,987,9
77.4149475789247,72,50.021992684342,21.978007315658,0,I,988,9
78.6847259663952,72,50.1310486346483,21.8689513653517,0,C,989,9
61.5876400917281,72,50.160055118613,11.4275849731152,1,I,990,9
53.9140137723468,72,50.1879710610956,3.72604271125118,1,C,991,9
84.361964084338,72,50.2175182895735,21.7824817104265,0,I,992,9
56.3094747946477,72,50.2938958257437,6.01557896890401,1,C,993,9
104.373641643195,72,50.3041723603383,21.6958276396617,0,I,994,9
76.4151362206123,72,50.3350178478286,21.6649821521714,0,C,995,9
74.7450843788768,72,50.374306300655,21.625693699345,0,I,996,9
96.5147327855034,72,50.4511189833283,21.5488810166717,0,C,997,9
129.756635870968,72,50.5117508629337,21.4882491370663,0,I,998,9
74.9711991157201,71.2328767267035,50.5611939216033,20.6716828051002,0,C,999,9
102.151100009092,72,50.6177469436079,21.3822530563921,0,I,1000,9
81.3145385864261,72,50.6968988478184,21.3031011521816,0,C,1001,9
114.882901771275,72,50.7139115128666,21.2860884871334,0,I,1002,9
69.0563374541843,72,50.7168108830228,18.3395265711615,1,C,1003,9
147.429594712361,72,50.7447996921837,21.2552003078163,0,I,1004,9
79.8441975541545,58.0923966380709,50.7516194041818,7.34077723388907,0,C,1005,9
67.9089277636604,72,50.8626303216443,17.0462974420161,1,I,1006,9
63.3418308304493,72,50.892117661424,12.4497131690253,1,C,1007,9
75.1316182781071,72,51.2162077613175,20.7837922386825,0,I,1008,9
86.1175050091477,72,51.2294544652104,20.7705455347896,0,C,1009,9
89.3982381005377,72,51.3025172520429,20.6974827479571,0,I,1010,9
107.601036344846,72,51.3335221912712,20.6664778087288,0,C,1011,9
118.45989966691,72,51.391647127457,20.608352872543,0,I,1012,9
53.2743107386826,72,51.4325914671645,1.84171927151812,1,C,1013,9
112.233414305615,72,51.4717700751498,20.5282299248502,0,I,1014,9
156.038788592617,72,51.4729076670483,20.5270923329517,0,C,1015,9
89.1394022902297,72,51.515012299642,20.484987700358,0,I,1016,9
52.0460167443414,72,51.5270366845653,0.518980059776189,1,C,1017,9
138.512622399822,54.688592209943,51.614789091982,3.07380311796104,0,I,1018,9
115.258931754294,72,51.6382417827845,20.3617582172155,0,C,1019,9
77.0028679748182,72,51.6598241776228,20.3401758223772,0,I,1020,9
55.8343865865552,72,51.7039077635855,4.13047882296977,1,C,1021,9
54.4158962552154,52.3824879622588,51.9467246951535,0.435763267105294,0,I,1022,9
53.9312368585145,72,52.0174643816426,1.9137724768718,1,C,1023,9
124.715472655553,72,52.0513256778941,19.9486743221059,0,I,1024,9
82.4134759949266,72,52.1193784335628,19.8806215664372,0,C,1025,9
70.278525407086,72,52.1241269772872,18.1543984297987,1,I,1026,9
60.2746559774731,72,52.1709634317085,8.10369254576462,1,C,1027,9
178.413715169647,72,52.2783554764465,19.7216445235536,0,I,1028,9
116.544109333959,72,52.2926299134269,19.7073700865731,0,C,1029,9
139.348718846333,72,52.3312023142353,19.6687976857647,0,I,1030,9
56.3769500526819,72,52.3540501948446,4.0228998578373,1,C,1031,9
76.2880368206179,72,52.3590276623145,19.6409723376855,0,I,1032,9
65.5005929372565,72,52.3632994573563,13.1372934799002,1,C,1033,9
157.12030556276,72,52.4798450013623,19.5201549986377,0,I,1034,9
102.887553788814,72,52.5153563870117,19.4846436129883,0,C,1035,9
92.9926302983548,72,52.5293653411791,19.4706346588209,0,I,1036,9
97.2386420751317,72,52.6907095732167,19.3092904267833,0,C,1037,9
68.957474625846,72,52.7224301313981,16.2350444944479,1,I,1038,9
133.332996831394,72,52.7549523627386,19.2450476372615,0,C,1039,9
60.1172512928,72,52.7850131085143,7.33223818428576,1,I,1040,9
96.0739911821545,72,52.8543959185481,19.1456040814519,0,C,1041,9
60.9043757724657,71.5173425286398,52.8567297197878,8.04764605267789,1,I,1042,9
103.725295399624,72,52.9519843356684,19.0480156643316,0,C,1043,9
118.068224459375,72,52.9991678288207,19.0008321711794,0,I,1044,9
105.926705506618,72,53.0828142771497,18.9171857228503,0,C,1045,9
100.213268695102,72,53.1044441275299,18.8955558724701,0,I,1046,9
161.415115602356,72,53.1190428044647,18.8809571955353,0,C,1047,9
78.5432943115212,72,53.1351082026959,18.8648917973042,0,I,1048,9
71.7350732989363,72,53.1818790268153,18.553194272121,1,C,1049,9
84.6176077775487,72,53.1925796996802,18.8074203003198,0,I,1050,9
60.5153579790745,68.1992436708361,53.2258860580623,7.28947192101219,1,C,1051,9
115.727449071796,72,53.2706164615229,18.7293835384771,0,I,1052,9
124.093915237182,72,53.2820221362636,18.7179778637365,0,C,1053,9
140.865237832047,72,53.562423074618,18.437576925382,0,I,1054,9
53.9163772726901,72,53.6139031033963,0.3024741692938,1,C,1055,9
65.888085827746,72,53.6852403497323,12.2028454780136,1,I,1056,9
59.7025232604845,72,53.6858119117096,6.01671134877483,1,C,1057,9
72.0740943026247,72,53.7088516261429,18.2911483738571,0,I,1058,9
120.397059016634,72,53.7141207978129,18.2858792021871,0,C,1059,9
63.7917554633485,72,53.7799857649952,10.0117696983533,1,I,1060,9
100.432858578853,72,53.8509774953127,18.1490225046873,0,C,1061,9
92.10148820981,72,53.8642659410834,18.1357340589166,0,I,1062,9
83.8787527809267,72,53.8893118361011,18.1106881638989,0,C,1063,9
62.7954046397933,69.8684214864153,54.0162507165223,8.77915392327096,1,I,1064,9
62.7745730735109,72,54.0268103359267,8.74776273758422,1,C,1065,9
54.4033183269379,72,54.094723155722,0.308595171215909,1,I,1066,9
66.7977501360651,72,54.3112469371408,12.4865031989243,1,C,1067,9
91.23104087587,72,54.4709243718535,17.5290756281465,0,I,1068,9
110.549822051381,72,54.5619065081701,17.4380934918299,0,C,1069,9
69.0549667349893,72,54.6421658433974,14.4128008915919,1,I,1070,9
64.5799793818587,72,54.6476073889062,9.93237199295252,1,C,1071,9
58.8469037995183,72,54.6499631088227,4.19694069069561,1,I,1072,9
74.4475200214448,72,54.6919369138777,17.3080630861223,0,C,1073,9
65.1861254795611,72,54.7477623447776,10.4383631347835,1,I,1074,9
55.8189723396995,72,54.7586762951687,1.06029604453081,1,C,1075,9
84.7419332828276,72,54.7636143676937,17.2363856323063,0,I,1076,9
137.4407997282,72,54.7773328889161,17.2226671110839,0,C,1077,9
74.6167573415944,72,54.78729352355,17.21270647645,0,I,1078,9
217.411311516009,72,54.8315516905859,17.1684483094141,0,C,1079,9
75.3668756180287,72,54.8480644030497,17.1519355969504,0,I,1080,9
64.4036742600368,72,54.9677594611421,9.43591479889472,1,C,1081,9
89.5140728700894,72,55.0046047987416,16.9953952012584,0,I,1082,9
76.4121536026777,72,55.0351360347122,16.9648639652878,0,C,1083,9
82.2655240348908,70.9382777698728,55.1748893642798,15.763388405593,0,I,1084,9
172.923553974479,72,55.1810839818791,16.8189160181209,0,C,1085,9
80.3170901758318,72,55.1872037630528,16.8127962369472,0,I,1086,9
127.636371816194,72,55.401427494362,16.598572505638,0,C,1087,9
56.8622210670295,72,55.439876918681,1.42234414834853,1,I,1088,9
73.7250258899642,72,55.4733739513904,16.5266260486096,0,C,1089,9
78.4838197870062,72,55.4984136018902,16.5015863981098,0,I,1090,9
80.3734177819744,72,55.5713759316132,16.4286240683869,0,C,1091,9
64.9174160384811,72,55.5908688157797,9.32654722270142,1,I,1092,9
66.6356972817933,72,55.6129784602672,11.0227188215261,1,C,1093,9
94.5464333631643,72,55.620884578675,16.379115421325,0,I,1094,9
80.7489922258971,72,55.6592718232423,16.3407281767577,0,C,1095,9
77.9532499412629,72,55.6794544123113,16.3205455876887,0,I,1096,9
107.917021544331,58.8712357658699,55.8115144260228,3.05972133984717,0,C,1097,9
124.704196201263,72,55.8969602314755,16.1030397685245,0,I,1098,9
96.1469408467025,59.8241187571129,55.9047310240567,3.91938773305619,0,C,1099,9
98.0175414697434,72,55.9280719701201,16.0719280298799,0,I,1100,9
86.07745809443,72,55.9363668691367,16.0636331308633,0,C,1101,9
66.6260165391851,72,56.0186139727011,10.607402566484,1,I,1102,9
68.1943806202437,72,56.0320289153606,12.1623517048831,1,C,1103,9
60.2482885343673,72,56.044295411557,4.20399312281033,1,I,1104,9
120.268207118123,72,56.0535377031192,15.9464622968808,0,C,1105,9
95.6135592708082,72,56.1104887537658,15.8895112462342,0,I,1106,9
128.963861070257,72,56.1122602410615,15.8877397589386,0,C,1107,9
137.197423196701,72,56.1676354100928,15.8323645899072,0,I,1108,9
116.246984877554,72,56.2492680922151,15.7507319077849,0,C,1109,9
158.19845688061,72,56.3654567766935,15.6345432233065,0,I,1110,9
114.624740261411,72,56.398115940392,15.601884059608,0,C,1111,9
58.7672603623512,72,56.4121251320466,2.35513523030452,1,I,1112,9
138.491570823954,72,56.4618222182617,15.5381777817383,0,C,1113,9
108.975698652534,72,56.4879327686504,15.5120672313496,0,I,1114,9
157.523183578189,72,56.5381131414324,15.4618868585676,0,C,1115,9
66.2676609159417,72,56.58855965361,9.67910126233168,1,I,1116,9
71.5534798128982,72,56.5896800067276,14.9637998061706,1,C,1117,9
123.507731807952,72,56.7165389936417,15.2834610063583,0,I,1118,9
84.9739870265368,72,56.7287637619302,15.2712362380698,0,C,1119,9
73.4035188142994,72,56.9373916788027,15.0626083211973,0,I,1120,9
81.0872515918302,72,56.9725968874991,15.0274031125009,0,C,1121,9
78.3410494584785,72,57.0007709925994,14.9992290074006,0,I,1122,9
62.2986250808059,72,57.0788141107187,5.21981097008725,1,C,1123,9
245.115278942861,68.6994606700478,57.196312691085,11.5031479789628,0,I,1124,9
63.1626667936338,72,57.2444641124457,5.91820268118811,1,C,1125,9
87.0284881549027,72,57.2457109484822,14.7542890515178,0,I,1126,9
93.7488053701452,72,57.2972365748137,14.7027634251863,0,C,1127,9
111.765004479717,72,57.3280858201906,14.6719141798094,0,I,1128,9
112.098867984148,72,57.3516340227798,14.6483659772202,0,C,1129,9
75.2854546108348,72,57.3575887642801,14.6424112357199,0,I,1130,9
193.002874315289,72,57.4345604656264,14.5654395343736,0,C,1131,9
59.9562267379786,72,57.4414151860401,2.5148115519385,1,I,1132,9
77.0882667641504,72,57.4754698807374,14.5245301192626,0,C,1133,9
175.718190345861,72,57.4775854032487,14.5224145967513,0,I,1134,9
70.3977002838867,72,57.6844826946035,12.7132175892832,1,C,1135,9
117.843025943392,57.9995977626663,57.6987588498741,0.300838912792145,0,I,1136,9
64.499564612573,72,57.8354534693062,6.66411114326673,1,C,1137,9
189.286996065001,69.5248889736526,57.8369496809319,11.6879392927207,0,I,1138,9
159.015384447007,72,57.9472403973341,14.0527596026659,0,C,1139,9
94.7997682502296,72,57.9551911354065,14.0448088645935,0,I,1140,9
78.9128952317304,72,57.991456668824,14.008543331176,0,C,1141,9
65.1492138370344,72,58.0110652791336,7.13814855790074,1,I,1142,9
67.2078790725637,72,58.0206249235198,9.18725414904389,1,C,1143,9
95.4322569417249,72,58.0258388863877,13.9741611136124,0,I,1144,9
88.1172626014064,72,58.0882520182058,13.9117479817942,0,C,1145,9
85.497260834715,72,58.1050149723887,13.8949850276113,0,I,1146,9
69.391646299734,72,58.1299327500165,11.2617135497175,1,C,1147,9
116.62765097799,72,58.1417254870758,13.8582745129243,0,I,1148,9
133.108997488773,72,58.1975354254246,13.8024645745754,0,C,1149,9
108.024538706183,72,58.2022989029065,13.7977010970935,0,I,1150,9
67.1398935327504,72,58.2105002040044,8.92939332874602,1,C,1151,9
74.7848302620719,72,58.2874159282073,13.7125840717927,0,I,1152,9
184.34410500392,72,58.2887228066102,13.7112771933898,0,C,1153,9
82.9721162101202,72,58.3132967026904,13.6867032973096,0,I,1154,9
62.5787793034391,72,58.3207690436393,4.25801025979976,1,C,1155,9
109.303327689005,72,58.3436398627237,13.6563601372764,0,I,1156,9
175.589468824315,72,58.4390300838277,13.5609699161723,0,C,1157,9
84.6826545520483,72,58.4434098517522,13.5565901482478,0,I,1158,9
314.256790541577,72,58.5605710605159,13.4394289394841,0,C,1159,9
68.2839013537339,70.9468816134334,58.7112451158464,9.57265623788751,1,I,1160,9
81.6650983022391,72,58.7302204733715,13.2697795266286,0,C,1161,9
121.674422594644,72,58.8101561414078,13.1898438585922,0,I,1162,9
86.3433973859244,72,58.8500799285248,13.1499200714752,0,C,1163,9
144.316564037413,70.8337576962387,58.9585492713377,11.875208424901,0,I,1164,9
199.674903857413,72,59.1178933857009,12.8821066142991,0,C,1165,9
65.4951260208669,72,59.2511882353574,6.24393778550948,1,I,1166,9
187.170578233546,72,59.267284758389,12.732715241611,0,C,1167,9
127.791685901919,72,59.29094013758,12.70905986242,0,I,1168,9
61.8572408133455,72,59.3708544457331,2.48638636761236,1,C,1169,9
150.002588853263,72,59.4110282091424,12.5889717908576,0,I,1170,9
59.8414375134053,72,59.4720728415996,0.369364671805745,1,C,1171,9
70.176596285535,72,59.4741489412263,10.7024473443087,1,I,1172,9
73.3679965200167,71.4266795648404,59.5672104042023,11.859469160638,0,C,1173,9
196.84319950254,72,59.5981932990253,12.4018067009747,0,I,1174,9
115.966291056872,72,59.60214628838,12.39785371162,0,C,1175,9
76.9492372001446,72,59.8843181412667,12.1156818587333,0,I,1176,9
80.3383172084486,72,59.8886418202892,12.1113581797108,0,C,1177,9
89.5713173907421,72,59.9226821679622,12.0773178320378,0,I,1178,9
89.3498287346097,72,59.9280964862555,12.0719035137445,0,C,1179,9
147.852749869994,72,59.929525195621,12.070474804379,0,I,1180,9
94.0118972774022,72,59.9532384239137,12.0467615760863,0,C,1181,9
72.9340231846388,72,0.00595305114984512,71.9940469488502,0,I,1,10
106.40158592966,72,0.0394316157326102,71.9605683842674,0,C,2,10
44.3669577534352,72,0.0764453737065196,44.2905123797287,1,I,3,10
51.857210676104,72,0.0974548934027553,51.7597557827012,1,C,4,10
49.7542060738736,72,0.372967519797385,49.3812385540762,1,I,5,10
28.1469743785242,1.22425971665502,0.469272402115166,0.754987314539856,0,C,6,10
6.558454407831,70.0398816728649,0.477677159942687,6.08077724788832,1,I,7,10
6.99105363933023,72,0.53078277502209,6.46027086430814,1,C,8,10
15.5886408588182,14.6430697122086,0.532459407113493,14.1106103050951,0,I,9,10
67.469553462259,72,0.537773603573442,66.9317798586855,1,C,10,10
114.80375005864,72,0.576338432729244,71.4236615672708,0,I,11,10
43.8607827447556,52.2894843816102,0.64639185089618,43.2143908938595,1,C,12,10
47.4202506339616,72,0.686078569851816,46.7341720641098,1,I,13,10
11.7951477353538,72,0.714486376382411,11.0806613589714,1,C,14,10
126.394856964126,72,0.742388600483537,71.2576113995165,0,I,15,10
55.3528277509165,49.0069106905531,0.77642010524869,48.2304905853044,0,C,16,10
17.8814245089449,27.1593824289746,0.948827429674566,16.9325970792703,1,I,17,10
5.06078859145602,72,1.0854803211987,3.97530827025732,1,C,18,10
20.1330111999403,72,1.23237553518265,18.9006356647576,1,I,19,10
114.636931389355,72,1.2332813674584,70.7667186325416,0,C,20,10
72.8382115138035,72,1.26493255142123,70.7350674485788,0,I,21,10
17.9585514833032,41.5839834411356,1.30383897107095,16.6547125122323,1,C,22,10
19.8650426325334,72,1.3178126513958,18.5472299811376,1,I,23,10
61.6522728855104,13.858784947102,1.35666555259377,12.5021193945082,0,C,24,10
18.3480930559784,72,1.4819203549996,16.8661727009788,1,I,25,10
51.6635623466038,72,1.55399142298847,50.1095709236153,1,C,26,10
10.7639697013119,30.5408692618568,1.55619501136243,9.20777468994943,1,I,27,10
5.44041854745863,72,1.65782701224089,3.78259153521774,1,C,28,10
11.2295907002631,72,1.68800789862871,9.54158280163436,1,I,29,10
3.97697715095075,72,1.68893060646951,2.28804654448123,1,C,30,10
5.03408550657723,72,1.69144129380584,3.34264421277139,1,I,31,10
15.828053683939,30.101939068531,1.77950631827116,14.0485473656679,1,C,32,10
7.2119279567212,72,1.80338648613542,5.40854147058578,1,I,33,10
8.42748672810145,7.06176269084366,1.83276761323214,5.22899507761153,0,C,34,10
14.0102530314138,72,1.83579721022397,12.1744558211898,1,I,35,10
6.57267700952364,72,1.8373896041885,4.73528740533514,1,C,36,10
71.3025637857084,72,1.88052888493985,69.4220349007685,1,I,37,10
32.0322083146723,30.4130605193779,1.93303639534861,28.4800241240293,0,C,38,10
9.13379749132079,72,2.10609840229154,7.02769908902925,1,I,39,10
139.58892840712,31.8653624347565,2.11038465611637,29.7549777786401,0,C,40,10
3.4921398458554,72,2.19283253420144,1.29930731165396,1,I,41,10
11.0368500364949,19.9068259206026,2.25810333620757,8.77874670028731,1,C,42,10
167.787797525249,72,2.28939840104431,69.7106015989557,0,I,43,10
18.9908345203673,71.2461232879176,2.37611220683903,16.6147223135283,1,C,44,10
22.8063748495956,72,2.41468668915331,20.3916881604423,1,I,45,10
21.4009810011084,72,2.44311550632119,18.9578654947872,1,C,46,10
5.4649245169265,72,2.48417023569345,2.98075428123304,1,I,47,10
18.8261050045006,72,2.48484643176198,16.3412585727386,1,C,48,10
49.5339905133913,72,2.56198130082339,46.9720092125679,1,I,49,10
49.0160939209558,72,2.67029799520969,46.3457959257461,1,C,50,10
5.62365348962605,10.3033369221807,2.68148824106902,2.94216524855704,1,I,51,10
33.7338706666425,72,2.82336122822017,30.9105094384224,1,C,52,10
38.7808720801016,72,2.83321826253086,35.9476538175707,1,I,53,10
37.4046442589225,72,2.84948410000652,34.555160158916,1,C,54,10
46.7409050610333,72,2.91944101452827,43.821464046505,1,I,55,10
55.5580941636956,59.5877033984951,3.06039607152343,52.4976980921722,1,C,56,10
26.6524460420786,46.5824222020902,3.10277929063886,23.5496667514398,1,I,57,10
9.28523106471758,72,3.10860161203891,6.17662945267867,1,C,58,10
13.4806902759691,72,3.19744320586324,10.2832470701059,1,I,59,10
25.1108054003143,72,3.20772462990135,21.903080770413,1,C,60,10
45.7207803428541,44.0741755161291,3.21151527576149,40.8626602403676,0,I,61,10
52.099345536381,72,3.31416539847851,48.7851801379025,1,C,62,10
26.4277190600418,72,3.38746955618262,23.0402495038592,1,I,63,10
22.4006480714779,72,3.39147800579667,19.0091700656812,1,C,64,10
20.7268071477132,72,3.41318455059081,17.3136225971224,1,I,65,10
130.507110210297,72,3.49030715413392,68.5096928458661,0,C,66,10
65.3900316497383,72,3.56346745043993,61.8265641992983,1,I,67,10
5.11709825155059,72,3.59971753321588,1.51738071833471,1,C,68,10
49.7347509998565,72,3.66305611096323,46.0716948888933,1,I,69,10
28.6255253643154,34.7460905623815,3.8035299628973,24.8219954014181,1,C,70,10
55.0040488029501,72,3.83343180175871,51.1706170011914,1,I,71,10
45.8845054314426,72,4.01865009684116,41.8658553346014,1,C,72,10
21.2629855364418,72,4.07581573817879,17.187169798263,1,I,73,10
52.7460202920637,72,4.13624462205917,48.6097756700046,1,C,74,10
104.413636688209,72,4.31895910296589,67.6810408970341,0,I,75,10
113.985977044184,72,4.37340719159693,67.6265928084031,0,C,76,10
65.1327100457709,72,4.52938697766513,60.6033230681058,1,I,77,10
55.9543875583026,19.4942722935796,4.56869962625206,14.9255726673276,0,C,78,10
55.8504907241098,72,4.57362356130034,51.2768671628095,1,I,79,10
17.7686796137449,20.9082598882446,4.63827467523515,13.1304049385097,1,C,80,10
31.5109175026787,72,4.64124309830368,26.869674404375,1,I,81,10
29.1300989553667,72,4.68414929229766,24.445949663069,1,C,82,10
17.8394517259962,72,4.73324679303914,13.1062049329571,1,I,83,10
39.6537086342284,72,4.79366061743349,34.8600480167949,1,C,84,10
185.521044870314,72,4.82388151343912,67.1761184865609,0,I,85,10
41.6938412097734,72,4.82811839785427,36.8657228119192,1,C,86,10
13.2833371917063,72,4.857082455419,8.42625473628734,1,I,87,10
9.58936112389373,72,4.87263062037528,4.71673050351846,1,C,88,10
8.99255672541561,57.4889565769943,4.89173063077033,4.10082609464529,1,I,89,10
144.924315635125,72,4.92326692678034,67.0767330732197,0,C,90,10
23.9660274061052,72,4.9452865915373,19.0207408145679,1,I,91,10
33.7723863161254,41.0322807103172,4.94702157564461,28.8253647404808,1,C,92,10
7.54129703672771,47.3843064705578,5.00998391769826,2.53131311902945,1,I,93,10
61.2245793486376,18.2659117361361,5.06787091959268,13.1980408165434,0,C,94,10
174.989867922755,72,5.14883059076965,66.8511694092304,0,I,95,10
75.2930621270682,72,5.18154244869947,66.8184575513005,0,C,96,10
96.8471652516855,72,5.21218535955995,66.7878146404401,0,I,97,10
58.8519326391293,72,5.36041831132025,53.4915143278091,1,C,98,10
24.6115181296508,72,5.36201513372362,19.2495029959272,1,I,99,10
42.7817737668184,72,5.38429160602391,37.3974821607945,1,C,100,10
14.9890495548411,72,5.40246387943626,9.58658567540483,1,I,101,10
122.965422520377,72,5.4691112972796,66.5308887027204,0,C,102,10
15.332228045786,72,5.48014365602285,9.85208438976315,1,I,103,10
38.9814083844296,72,5.48943175468594,33.4919766297437,1,C,104,10
56.6346986543683,72,5.49376308917999,51.1409355651883,1,I,105,10
51.1779099633231,72,5.50331235397607,45.674597609347,1,C,106,10
21.1418437113895,61.2242742645664,5.51783449016511,15.6240092212244,1,I,107,10
72.2695293201695,10.4443981057678,5.573117332533,4.87128077323484,0,C,108,10
119.170447035984,72,5.7278596283868,66.2721403716132,0,I,109,10
56.1477388896766,66.5378466818001,5.75909755658358,50.388641333093,1,C,110,10
36.0751742599119,72,5.80211212858558,30.2730621313263,1,I,111,10
45.6273877266131,44.1139537855572,5.83215963095427,38.2817941546029,0,C,112,10
149.347484117343,72,5.91644626110792,66.0835537388921,0,I,113,10
113.465211509617,54.773870625993,6.09665453899652,48.6772160869965,0,C,114,10
73.9384702226248,72,6.13181370310485,65.8681862968952,0,I,115,10
75.8322099767936,72,6.15511455573142,65.8448854442686,0,C,116,10
40.4560716965288,72,6.17429573088884,34.2817759656399,1,I,117,10
56.8402442478883,72,6.27675950992852,50.5634847379598,1,C,118,10
65.1050995139964,72,6.28271710127592,58.8223824127205,1,I,119,10
23.9731929970309,13.8369357569577,6.29460208117962,7.54233367577813,0,C,120,10
23.5957725689428,60.8890127701432,6.610701167956,16.9850714009868,1,I,121,10
6.87292150638742,72,6.62578655406833,0.247134952319097,1,C,122,10
10.6062555245751,47.0728467188633,6.69128225650638,3.91497326806874,1,I,123,10
8.79908624712595,72,6.73447357490659,2.06461267221937,1,C,124,10
21.0191957572478,72,6.73876332119107,14.2804324360568,1,I,125,10
54.2424199268339,72,6.74555167090148,47.4968682559324,1,C,126,10
11.5720796461434,72,6.80928456131369,4.76279508482968,1,I,127,10
28.9397655711281,30.0042321840254,6.91660026088357,22.0231653102445,1,C,128,10
16.9174172334354,72,6.92663029767573,9.99078693575971,1,I,129,10
26.3409808696169,66.5048159624774,6.93093520123512,19.4100456683818,1,C,130,10
20.1585765025899,72,6.93536429665983,13.2232122059301,1,I,131,10
17.2952808073386,29.7751988659803,7.07133905030787,10.2239417570307,1,C,132,10
7.70805644661689,45.6593275108028,7.1133348159492,0.594721630667689,1,I,133,10
50.6105371602018,72,7.14183525647968,43.4687019037221,1,C,134,10
31.9538484241157,54.7167838588487,7.22137031145394,24.7324781126618,1,I,135,10
17.3242933326735,46.4411351923158,7.26227296516299,10.0620203675105,1,C,136,10
13.9897626371429,72,7.30112803168595,6.68863460545695,1,I,137,10
226.603054668307,72,7.32692395336926,64.6730760466307,0,C,138,10
72.9503811267097,72,7.3810925334692,64.6189074665308,0,I,139,10
158.163569586549,61.6328325765774,7.39216016605496,54.2406724105225,0,C,140,10
17.8286757436948,12.3017032047426,7.39882901776582,4.90287418697682,0,I,141,10
8.39442328073072,72,7.50369273126125,0.89073054946947,1,C,142,10
15.8801554224372,72,7.52530104015023,8.35485438228696,1,I,143,10
155.804612695344,39.5265385385643,7.56362785119563,31.9629106873687,0,C,144,10
31.8340842178522,72,7.61036534328014,24.2237188745721,1,I,145,10
56.6109909814062,63.7844304919383,7.66212610993534,48.9488648714709,1,C,146,10
11.1835282615379,72,7.74834281299263,3.43518544854524,1,I,147,10
55.9633105709046,52.3943663950654,7.8027553902939,44.5916110047715,0,C,148,10
47.3742073403566,72,7.81499915756285,39.5592081827937,1,I,149,10
54.0907666564778,72,7.91521337348968,46.1755532829881,1,C,150,10
20.6103990925676,72,7.95995583292097,12.6504432596466,1,I,151,10
27.0359859676182,72,8.17633694037795,18.8596490272403,1,C,152,10
15.6477932636003,14.9792654867154,8.21753575466573,6.76172973204963,0,I,153,10
12.5364719608331,30.4383946851093,8.38226962834597,4.15420233248715,1,C,154,10
38.1498764178015,72,8.45364534761757,29.6962310701839,1,I,155,10
71.2944652468498,72,8.54217260610312,62.7522926407467,1,C,156,10
12.6931963273762,72,8.60818366985768,4.08501265751849,1,I,157,10
22.2316383746427,72,8.68823083117604,13.5434075434667,1,C,158,10
21.1415765141497,72,8.69505917653441,12.4465173376153,1,I,159,10
30.8269288846961,23.3643946029594,8.72375490143895,14.6406397015205,0,C,160,10
36.4488609677614,52.7587832364176,8.81615053396672,27.6327104337947,1,I,161,10
36.3359374703514,72,8.90012504998595,27.4358124203655,1,C,162,10
22.9539265152631,72,9.23382835462689,13.7200981606362,1,I,163,10
21.2583887232051,72,9.33293034788221,11.9254583753229,1,C,164,10
64.6719301430005,72,9.40926477313042,55.2626653698701,1,I,165,10
13.8591179296365,67.5677644066442,9.44352710153908,4.41559082809737,1,C,166,10
90.3000668932045,72,9.44721445441246,62.5527855455875,0,I,167,10
63.5553802572814,72,9.63092900812626,53.9244512491551,1,C,168,10
17.795359022505,72,9.74347396753728,8.05188505496773,1,I,169,10
16.061456192962,26.7214611283059,9.74439625628293,6.31705993667903,1,C,170,10
30.5111332329214,69.6516761012741,9.78272823616862,20.7284049967528,1,I,171,10
24.4557768447679,72,9.82945189811289,14.626324946655,1,C,172,10
36.907109699406,72,9.8798287846148,27.0272809147912,1,I,173,10
14.6376253004295,72,9.89572446327657,4.7419008371529,1,C,174,10
54.7770313097069,72,9.90485767833889,44.872173631368,1,I,175,10
12.1303974982359,13.4866153433703,9.94829001836479,2.18210747987112,1,C,176,10
70.6248118877246,72,9.97203317005187,60.6527787176727,1,I,177,10
109.221799791054,72,9.97986517846584,62.0201348215342,0,C,178,10
50.8454626941907,72,10.0467670708895,40.7986956233012,1,I,179,10
31.0957636912347,72,10.2073260443285,20.8884376469062,1,C,180,10
35.8714048958654,72,10.2408836362883,25.6305212595771,1,I,181,10
37.6884410692421,72,10.2976995147765,27.3907415544656,1,C,182,10
26.34665440883,65.0781510107786,10.3492617281154,15.9973926807146,1,I,183,10
46.883331723145,11.3907754076553,10.3521678457037,1.03860756195167,0,C,184,10
92.267335375483,72,10.4653189284727,61.5346810715273,0,I,185,10
36.5474461083462,72,10.5155301466584,26.0319159616878,1,C,186,10
36.7206354989167,72,10.5358996381983,26.1847358607184,1,I,187,10
24.0998879875869,72,10.6436124723405,13.4562755152464,1,C,188,10
14.4178777664047,72,10.6713151093572,3.74656265704745,1,I,189,10
13.7361802300407,14.4911811652241,10.7847446389496,2.95143559109103,1,C,190,10
34.7593897583995,72,10.7863987376913,23.9729910207082,1,I,191,10
32.7871272397699,72,10.7985955942422,21.9885316455276,1,C,192,10
110.001024186755,52.0781362182022,10.8772655250505,41.2008706931517,0,I,193,10
16.7090638915866,72,10.8863449422643,5.82271894932237,1,C,194,10
26.7008766620136,72,10.9306656382978,15.7702110237158,1,I,195,10
40.1120551646594,72,10.9547753026709,29.1572798619885,1,C,196,10
19.6943876346239,72,11.0927085299045,8.60167910471946,1,I,197,10
51.1817806990809,32.9835561976202,11.1877651652321,21.795791032388,0,C,198,10
64.7435618381243,72,11.3298247614875,53.4137370766367,1,I,199,10
55.7722961578121,64.8365905427967,11.4415216399357,44.3307745178764,1,C,200,10
71.1859472544891,16.0376322511884,11.4963588723913,4.54127337879711,0,I,201,10
27.8949829817948,72,11.4984761551023,16.3965068266926,1,C,202,10
38.5359355523634,72,11.6170257423073,26.9189098100561,1,I,203,10
167.588383828736,39.1486878484128,11.6291099740192,27.5195778743936,0,C,204,10
63.0618609680301,72,11.6598973749205,51.4019635931096,1,I,205,10
46.1562239875244,72,11.6675941552967,34.4886298322277,1,C,206,10
72.586152970934,72,11.7084721103311,60.2915278896689,0,I,207,10
138.890440548113,72,11.7238979972899,60.2761020027101,0,C,208,10
27.1818947702183,72,11.7576408572495,15.4242539129688,1,I,209,10
86.6339748810802,52.8012022038915,11.8663814524189,40.9348207514726,0,C,210,10
55.3151324365106,41.092066654651,11.8696613749489,29.2224052797021,0,I,211,10
49.5107591484653,20.8188404167991,11.9474840909243,8.87135632587489,0,C,212,10
35.9980219281918,72,11.9634248083457,24.0345971198461,1,I,213,10
12.8924965427776,72,12.0090833678842,0.883413174893467,1,C,214,10
13.7651052895265,72,12.0153706613928,1.74973462813371,1,I,215,10
19.1207839756414,72,12.0579241868109,7.0628597888305,1,C,216,10
45.5928610537139,37.326845271529,12.125394414179,25.20145085735,0,I,217,10
27.5652971089508,72,12.2432930208743,15.3220040880765,1,C,218,10
90.646896667875,15.0881581983058,12.3982195230201,2.68993867528575,0,I,219,10
32.8601718524455,72,12.4921319028363,20.3680399496092,1,C,220,10
12.9833153158423,72,12.5723517592996,0.410963556542701,1,I,221,10
58.8904940081471,72,12.5903524691239,46.3001415390232,1,C,222,10
22.1050167117679,72,12.6158268889412,9.48918982282663,1,I,223,10
59.1071345531493,72,12.6674136472866,46.4397209058627,1,C,224,10
195.606449371192,72,12.728789197281,59.271210802719,0,I,225,10
45.4485896529826,56.1493490703583,12.8236380731687,32.6249515798139,1,C,226,10
15.6248076316794,72,12.8262644866481,2.7985431450313,1,I,227,10
126.983980324319,72,12.8460879111663,59.1539120888338,0,C,228,10
42.4872702840166,72,13.0331189883873,29.4541512956293,1,I,229,10
16.0803096256395,72,13.0399823281914,3.04032729744808,1,C,230,10
99.3204127117947,72,13.1114947702736,58.8885052297264,0,I,231,10
23.8332527750693,72,13.1700685434043,10.663184231665,1,C,232,10
22.0397732089714,72,13.1725403526798,8.86723285629164,1,I,233,10
293.303668619679,72,13.2227947516367,58.7772052483633,0,C,234,10
97.8596745505378,72,13.2489527156577,58.7510472843424,0,I,235,10
59.3934978700266,72,13.2832255773246,46.110272292702,1,C,236,10
69.672870180119,72,13.3413341548294,56.3315360252896,1,I,237,10
98.2756198406421,72,13.3843210386112,58.6156789613888,0,C,238,10
67.9934193022167,72,13.592581730336,54.4008375718807,1,I,239,10
23.4398042723566,72,13.5932826809585,9.84652159139812,1,C,240,10
125.894541374295,72,13.6099004745483,58.3900995254517,0,I,241,10
14.8303040907423,72,13.627009280026,1.20329481071635,1,C,242,10
41.2839597954958,72,13.6436032550409,27.6403565404548,1,I,243,10
56.5303454025556,72,13.6472502630204,42.8830951395352,1,C,244,10
22.1242939016318,72,13.6798501107842,8.44444379084759,1,I,245,10
57.9752423569204,72,13.7210745597258,44.2541677971945,1,C,246,10
63.8151619522281,59.5639009616651,13.8719004951417,45.6920004665233,0,I,247,10
20.1821775407854,70.2093913671233,14.0491117117926,6.13306582899278,1,C,248,10
40.570613647122,37.7448869281801,14.0598313417286,23.6850555864515,0,I,249,10
15.5665053520275,72,14.0604876866564,1.50601766537106,1,C,250,10
21.0957614224577,72,14.0685504768044,7.02721094565333,1,I,251,10
58.7011863737372,72,14.0700551541522,44.631131219585,1,C,252,10
45.3013186665204,43.5701009115886,14.0744358301163,29.4956650814724,0,I,253,10
56.1669593781659,72,14.1955834720284,41.9713759061375,1,C,254,10
35.2807852050005,72,14.240554086864,21.0402311181366,1,I,255,10
38.583236099941,72,14.3112873332575,24.2719487666835,1,C,256,10
38.8734534441125,72,14.3123756255955,24.561077818517,1,I,257,10
78.4085366356611,28.8014441078368,14.3998970277607,14.401547080076,0,C,258,10
73.8437771776856,72,14.4193666242063,57.5806333757937,0,I,259,10
16.2113494596111,72,14.5014865323901,1.70986292722098,1,C,260,10
37.2467621210204,26.4798605086231,14.5072463527322,11.9726141558909,0,I,261,10
53.7507491028643,72,14.5138700818643,39.236879021,1,C,262,10
26.8972242862495,72,14.5665040193126,12.3307202669369,1,I,263,10
216.114738906841,72,14.5854406384751,57.4145593615249,0,C,264,10
88.6713049729094,72,14.5889646280557,57.4110353719443,0,I,265,10
29.3665932227584,47.3344460471868,14.6018673107028,14.7647259120556,1,C,266,10
20.9977724238551,72,14.6033333195373,6.39443910431777,1,I,267,10
67.963849554304,72,14.7155328188092,53.2483167354949,1,C,268,10
61.0498958508569,72,14.8159457137808,46.2339501370761,1,I,269,10
45.7893926757011,72,14.9164968822151,30.872895793486,1,C,270,10
125.075432664328,72,14.9249343434349,57.0750656565651,0,I,271,10
182.574180673698,72,14.92986547295,57.07013452705,0,C,272,10
28.5074485711687,72,14.934775759466,13.5726728117027,1,I,273,10
25.9720369027232,72,14.9705984070897,11.0014384956335,1,C,274,10
29.6319590529425,39.2381448289761,15.0102066854015,14.621752367541,1,I,275,10
26.77967815096,66.0860523791658,15.029476499185,11.750201651775,1,C,276,10
172.3889088128,72,15.0418018223718,56.9581981776282,0,I,277,10
28.8047055381742,72,15.1079366449267,13.6967688932476,1,C,278,10
152.640687422641,72,15.1595373312011,56.8404626687989,0,I,279,10
32.2626890269329,23.6364241934153,15.2795660169795,8.35685817643575,0,C,280,10
30.5847037618609,72,15.3791608801112,15.2055428817498,1,I,281,10
26.603410758644,72,15.4689000640064,11.1345106946375,1,C,282,10
63.239355065937,72,15.4707153048366,47.7686397611004,1,I,283,10
17.3592162543515,72,15.4885134520009,1.87070280235054,1,C,284,10
102.591860672134,72,15.5255531240255,56.4744468759745,0,I,285,10
74.2862947648742,72,15.5728701548651,56.4271298451349,0,C,286,10
63.2830139023956,72,15.6316951895133,47.6513187128824,1,I,287,10
23.0746527214454,43.4347557093745,15.7873894879594,7.28726323348597,1,C,288,10
48.7189763021414,44.8197229835383,15.8016010606661,29.0181219228721,0,I,289,10
21.3945549663818,72,15.826245713979,5.56830925240277,1,C,290,10
56.5384835338404,56.5243550489133,15.9686818951741,40.5556731537392,0,I,291,10
70.3020960717799,72,15.9803590038791,54.3217370679008,1,C,292,10
73.0551237246049,39.6412145754196,16.0892594698817,23.5519551055379,0,I,293,10
35.5702285672592,72,16.1556927999482,19.414535767311,1,C,294,10
36.7866775073911,26.016715294636,16.2182941334322,9.79842116120378,0,I,295,10
57.9752400638996,72,16.22194301337,41.7532970505296,1,C,296,10
33.0950932913255,72,16.2249354785308,16.8701578127947,1,I,297,10
40.8514506212098,72,16.2993091810495,24.5521414401603,1,C,298,10
53.1189816410874,26.0513549926871,16.432401034981,9.6189539577061,0,I,299,10
221.777014333807,72,16.4568972447887,55.5431027552113,0,C,300,10
62.7756773330425,72,16.4587274473161,46.3169498857264,1,I,301,10
36.2252691905933,72,16.6315267095342,19.5937424810591,1,C,302,10
60.4555961639144,72,16.703589912504,43.7520062514104,1,I,303,10
144.580524773116,72,16.7459755344316,55.2540244655684,0,C,304,10
47.0392164720962,72,16.7641241988167,30.2750922732795,1,I,305,10
28.0640723230568,72,16.8820932134986,11.1819791095582,1,C,306,10
35.8659542127847,72,16.931541650556,18.9344125622286,1,I,307,10
162.654445512147,72,16.9859131844714,55.0140868155286,0,C,308,10
20.8710035606954,72,16.9901484204456,3.88085514024982,1,I,309,10
80.1746541879223,72,17.006964487955,54.993035512045,0,C,310,10
69.7665894529598,72,17.0084752840921,52.7581141688676,1,I,311,10
33.8634390433217,72,17.0149223087356,16.8485167345861,1,C,312,10
41.1847802340036,51.1310876488302,17.0937138190493,24.0910664149543,1,I,313,10
17.3635178551961,72,17.153159128502,0.210358726694089,1,C,314,10
62.0720541576435,72,17.2194384410977,44.8526157165457,1,I,315,10
198.691133566495,72,17.2711489582434,54.7288510417566,0,C,316,10
79.0171896608571,72,17.3470002086833,54.6529997913167,0,I,317,10
146.672518075807,72,17.3624489782378,54.6375510217622,0,C,318,10
96.7669659408686,72,17.4246563203633,54.5753436796367,0,I,319,10
67.8112663180513,72,17.4705727072433,50.3406936108081,1,C,320,10
40.9502946744095,62.3735383294688,17.7076752623543,23.2426194120552,1,I,321,10
25.4512970343273,72,17.7165373088792,7.73475972544814,1,C,322,10
22.1892738020737,72,17.8006678260863,4.38860597598744,1,I,323,10
22.4435925237989,72,17.8677636897191,4.5758288340798,1,C,324,10
58.9784217530109,72,17.8766577132046,41.1017640398063,1,I,325,10
71.6523324865208,20.4806695154057,17.9323161346838,2.54835338072191,0,C,326,10
101.802803243816,52.1663576704725,17.9328842321411,34.2334734383315,0,I,327,10
20.8572805462558,72,18.0335205607116,2.82375998554413,1,C,328,10
31.2768950739404,72,18.069092547521,13.2078025264194,1,I,329,10
29.4629607706402,72,18.2026074640453,11.2603533065949,1,C,330,10
82.6638812414764,72,18.2677618833259,53.7322381166741,0,I,331,10
24.5808288381179,72,18.2711478369311,6.30968100118681,1,C,332,10
31.7839924699174,72,18.3024167502299,13.4815757196875,1,I,333,10
74.0521018901665,72,18.3380301296711,53.6619698703289,0,C,334,10
87.1727669142408,72,18.3429363789037,53.6570636210963,0,I,335,10
279.376767260598,72,18.4309208253399,53.5690791746602,0,C,336,10
100.485831425004,50.1311993499721,18.4599445341155,31.6712548158566,0,I,337,10
147.605036835235,72,18.4888433525339,53.5111566474661,0,C,338,10
141.436083527889,58.8089209612239,18.5101732844487,40.2987476767752,0,I,339,10
102.208764831438,62.3473112661656,18.5623398469761,43.7849714191894,0,C,340,10
43.1474452227775,72,18.6982905305922,24.4491546921853,1,I,341,10
65.5803454311369,23.991093661528,18.7713084742427,5.21978518728533,0,C,342,10
84.0807323309027,52.370870585145,18.9381622569636,33.4327083281814,0,I,343,10
36.7119242566443,72,18.9542211312801,17.7577031253642,1,C,344,10
44.9203750250345,72,18.9944750955328,25.9258999295017,1,I,345,10
70.1157231591344,72,19.0558526152745,51.0598705438599,1,C,346,10
24.2187151122766,72,19.0628065075725,5.15590860470408,1,I,347,10
53.9152265449386,72,19.0752840600908,34.8399424848478,1,C,348,10
97.6955042357399,72,19.0793805057183,52.9206194942817,0,I,349,10
67.1024521710262,20.5958921060249,19.0931985620409,1.50269354398398,0,C,350,10
60.3887595245813,72,19.109391043894,41.2793684806873,1,I,351,10
87.1036287710086,72,19.1407016851008,52.8592983148992,0,C,352,10
87.9604273095935,72,19.1447030520067,52.8552969479933,0,I,353,10
35.2722342812542,61.9195336346513,19.1778050875291,16.094429193725,1,C,354,10
21.0891745843308,66.3620970297559,19.2004971625283,1.88867742180251,1,I,355,10
151.869116332556,46.9926392610423,19.219795349054,27.7728439119883,0,C,356,10
24.3683847347452,27.7287301450829,19.2237731767818,5.14461155796337,1,I,357,10
34.0323307237682,72,19.3381350114942,14.6941957122741,1,C,358,10
63.6124235925674,72,19.3726853840053,44.2397382085621,1,I,359,10
26.5243369051949,72,19.3923837365583,7.13195316863668,1,C,360,10
41.1216347891571,72,19.4747512182221,21.6468835709351,1,I,361,10
27.5660586365813,72,19.4811432156712,8.08491542091013,1,C,362,10
72.4402595739571,72,19.48231626302,52.51768373698,0,I,363,10
56.9549421076732,72,19.5184904895723,37.4364516181009,1,C,364,10
46.8304374531102,33.7734806791092,19.5313299866393,14.2421506924699,0,I,365,10
20.8702955419611,72,19.5856440486386,1.28465149332244,1,C,366,10
30.2296657269619,72,19.6116794133559,10.617986313606,1,I,367,10
57.0951703203241,72,19.6196192409843,37.4755510793398,1,C,368,10
55.8343102183962,72,19.6575649129227,36.1767453054735,1,I,369,10
24.2623076357488,72,19.659774620086,4.60253301566289,1,C,370,10
130.385975220275,72,19.7240783879533,52.2759216120467,0,I,371,10
26.8978285571,72,19.7330835135654,7.1647450435346,1,C,372,10
38.5074312099729,72,19.7496758541092,18.7577553558637,1,I,373,10
43.49495246125,72,19.7632444510236,23.7317080102264,1,C,374,10
147.365770201393,72,19.8388458928093,52.1611541071907,0,I,375,10
51.1304640121366,72,19.8475652374327,31.2828987747039,1,C,376,10
30.4170420471563,72,19.8702087812126,10.5468332659438,1,I,377,10
62.0186674757576,72,19.8835188522935,42.1351486234641,1,C,378,10
26.7478950774694,72,20.02919241786,6.71870265960938,1,I,379,10
47.273891184259,72,20.0433530285954,27.2305381556636,1,C,380,10
51.1602709376995,72,20.1526611763984,31.0076097613011,1,I,381,10
34.9891068973062,72,20.1818962907419,14.8072106065643,1,C,382,10
21.7247298407154,72,20.2793122921139,1.44541754860154,1,I,383,10
78.3756044248122,72,20.381831866689,51.618168133311,0,C,384,10
36.5261543092007,72,20.393658047542,16.1324962616588,1,I,385,10
100.577217583607,72,20.3977106278762,51.6022893721238,0,C,386,10
159.692752661894,72,20.4462196491659,51.5537803508341,0,I,387,10
37.5497417351021,72,20.4672278417274,17.0825138933747,1,C,388,10
86.9414157537331,72,20.4736855253577,51.5263144746423,0,I,389,10
56.1413005260163,36.8156814613536,20.4754353594035,16.3402461019501,0,C,390,10
68.0641305916105,72,20.5536946328357,47.5104359587749,1,I,391,10
98.2878897022873,72,20.566251561977,51.433748438023,0,C,392,10
45.7201456841891,72,20.6147720525041,25.105373631685,1,I,393,10
30.6614816065577,72,20.7330219168216,9.92845968973614,1,C,394,10
81.3945365464124,72,20.8194845169783,51.1805154830217,0,I,395,10
86.8107154167204,72,20.8598086098209,51.1401913901791,0,C,396,10
54.3901260276255,72,20.8699439512566,33.5201820763689,1,I,397,10
72.4192015652799,72,20.8910469710827,51.1089530289173,0,C,398,10
45.5222727843228,32.6035095380918,21.0111972084269,11.592312329665,0,I,399,10
52.983870336976,72,21.0957379639149,31.8881323730611,1,C,400,10
27.4548746433476,39.3675226179857,21.098943259567,6.35593138378057,1,I,401,10
31.8251006304913,72,21.1686475016177,10.6564531288737,1,C,402,10
23.719981199457,72,21.1818658467382,2.53811535271876,1,I,403,10
39.6036204970018,72,21.182360756211,18.4212597407909,1,C,404,10
48.6479241207168,72,21.3406797777861,27.3072443429307,1,I,405,10
74.1189617585211,72,21.3443245366216,50.6556754633784,0,C,406,10
74.6957253821151,72,21.3900204375386,50.6099795624614,0,I,407,10
142.085170019915,72,21.4382171910256,50.5617828089744,0,C,408,10
45.1351763860342,72,21.4564051944762,23.678771191558,1,I,409,10
39.0032218603918,22.2353734088583,21.4608750818297,0.774498327028585,0,C,410,10
126.057367994374,72,21.5014204289764,50.4985795710236,0,I,411,10
94.0532418496943,72,21.5741193993017,50.4258806006983,0,C,412,10
36.0178959497242,72,21.5774643933401,14.4404315563842,1,I,413,10
30.0350974905151,72,21.6114070639014,8.42369042661369,1,C,414,10
23.7019317346554,72,21.7086023138836,1.99332942077179,1,I,415,10
72.3724811762826,72,21.7141880001873,50.2858119998127,0,C,416,10
65.4541433071031,27.0138990189401,21.7204247508198,5.29347426812032,0,I,417,10
208.98006056773,72,21.885611875914,50.114388124086,0,C,418,10
90.3405457796037,54.5950455878323,21.9818830909207,32.6131624969116,0,I,419,10
29.290999014846,72,21.9941881857812,7.29681082906476,1,C,420,10
45.3465630108963,72,21.9968357356265,23.3497272752698,1,I,421,10
61.695529675492,72,21.9970175111666,39.6985121643253,1,C,422,10
52.497173856625,72,22.0423622243106,30.4548116323143,1,I,423,10
161.621909125416,72,22.0712294848636,49.9287705151364,0,C,424,10
27.1927679928174,72,22.1059644408524,5.08680355196497,1,I,425,10
24.7969974418786,72,22.1243005525321,2.67269688934648,1,C,426,10
48.8610053878682,72,22.1251501562074,26.7358552316608,1,I,427,10
89.5691339041668,72,22.1474276203662,49.8525723796338,0,C,428,10
60.7238661803676,35.2855940330474,22.1679975930601,13.1175964399873,0,I,429,10
148.058148189774,72,22.2034471621737,49.7965528378263,0,C,430,10
36.7621340308089,72,22.2168945986778,14.5452394321312,1,I,431,10
63.4852669424732,72,22.2292781481519,41.2559887943213,1,C,432,10
42.442473212645,72,22.267145588994,20.175327623651,1,I,433,10
35.7374316866839,72,22.2968464717269,13.440585214957,1,C,434,10
66.2997306418316,72,22.3255011951551,43.9742294466765,1,I,435,10
41.9820185136049,72,22.3749682819471,19.6070502316578,1,C,436,10
83.3925275193778,43.9705502427543,22.3950797785074,21.575470464247,0,I,437,10
70.7477817495811,72,22.407788252458,48.3399934971231,1,C,438,10
26.1358975081902,72,22.4259027605876,3.70999474760253,1,I,439,10
37.5008596767995,72,22.5884403241798,14.9124193526196,1,C,440,10
33.7434432994902,72,22.6059625251219,11.1374807743683,1,I,441,10
43.483874524593,72,22.7367988787591,20.7470756458339,1,C,442,10
45.3104110769182,72,22.7556349430233,22.5547761338948,1,I,443,10
73.6817769708307,72,22.9004440549761,49.0995559450239,0,C,444,10
77.8106223038603,72,22.9569944087416,49.0430055912584,0,I,445,10
59.4212254420209,72,22.9957820568234,36.4254433851976,1,C,446,10
56.3052724806139,72,23.0486936867237,33.2565787938902,1,I,447,10
40.2251459712339,72,23.0526077980176,17.1725381732164,1,C,448,10
40.0113010872516,72,23.0556282866746,16.9556728005769,1,I,449,10
25.4477248740945,72,23.111737081781,2.3359877923135,1,C,450,10
46.164113338104,72,23.12744429335,23.036669044754,1,I,451,10
57.5524200141501,72,23.1388922967017,34.4135277174484,1,C,452,10
32.3492884482881,72,23.1818811642006,9.16740728408746,1,I,453,10
88.1644229003473,56.8729153444464,23.1884404784068,33.6844748660396,0,C,454,10
27.9301354329176,72,23.208490354009,4.72164507890864,1,I,455,10
73.7854912909159,53.5774625554329,23.351750895381,30.225711660052,0,C,456,10
47.6413471176974,60.2152686897829,23.4281642921269,24.2131828255705,1,I,457,10
43.2034312341276,72,23.5133787570521,19.6900524770755,1,C,458,10
29.4645054583503,72,23.5596919711679,5.90481348718236,1,I,459,10
207.965567714721,72,23.5763321444392,48.4236678555608,0,C,460,10
70.2479757710322,72,23.5957020521164,46.6522737189158,1,I,461,10
117.380270998384,72,23.6201157560572,48.3798842439428,0,C,462,10
36.7719839517088,72,23.6439621727914,13.1280217789174,1,I,463,10
26.4599423778968,72,23.679301799275,2.78064057862178,1,C,464,10
51.9929070971092,72,23.7185996258631,28.274307471246,1,I,465,10
66.4975199434185,72,23.7420891830698,42.7554307603487,1,C,466,10
24.1884637116151,72,23.8297891616821,0.35867454993299,1,I,467,10
26.6320322747804,72,23.8945886911824,2.73744358359798,1,C,468,10
24.4070249084314,72,23.9549870789051,0.452037829526252,1,I,469,10
26.8883628159136,31.208270437115,24.0087241027504,2.87963871316315,1,C,470,10
56.7643630755922,72,24.046095656231,32.7182674193611,1,I,471,10
29.2319774361817,48.1410308729499,24.0638269297779,5.16815050640384,1,C,472,10
37.9079878074638,72,24.1141407843679,13.7938470230958,1,I,473,10
35.6510913407438,72,24.1245151078329,11.5265762329109,1,C,474,10
41.8319821161211,72,24.1681936243549,17.6637884917662,1,I,475,10
34.5388038312632,72,24.1767890285701,10.3620148026932,1,C,476,10
33.4300970538031,72,24.1986864712089,9.23141058259414,1,I,477,10
97.3489987085181,72,24.2124929605052,47.7875070394948,0,C,478,10
46.2516873507229,72,24.252269002609,21.9994183481139,1,I,479,10
31.430857408185,46.2487755656078,24.3567041214556,7.07415328672949,1,C,480,10
29.8173827207794,33.0610385239785,24.4909109082073,5.32647181257213,1,I,481,10
67.9837042756327,72,24.5613385224715,43.4223657531612,1,C,482,10
98.5357445440232,72,24.6045757457614,47.3954242542386,0,I,483,10
45.880558586321,72,24.6153272688389,21.2652313174821,1,C,484,10
56.7615275481996,72,24.6894193114713,32.0721082367283,1,I,485,10
35.2487489409614,72,24.7242999169976,10.5244490239639,1,C,486,10
66.8681657423488,72,24.9145054863766,41.9536602559722,1,I,487,10
69.3024584966708,72,24.9304168112576,44.3720416854132,1,C,488,10
49.719508481608,72,25.1811083173379,24.53840016427,1,I,489,10
28.5481423740371,72,25.2130280295387,3.33511434449844,1,C,490,10
176.282271280009,72,25.2264233445749,46.7735766554251,0,I,491,10
34.6258359995708,72,25.3047841927037,9.32105180686712,1,C,492,10
54.7401267604427,72,25.3361470671371,29.4039796933057,1,I,493,10
53.0825214962253,72,25.3498049871996,27.7327165090257,1,C,494,10
31.4885592273834,72,25.4422836564481,6.0462755709353,1,I,495,10
43.5592896904141,72,25.460620187223,18.0986695031912,1,C,496,10
76.7311455656912,66.449064768211,25.5502216145396,40.8988431536714,0,I,497,10
69.5999048776654,56.6566210294161,25.5509330146015,31.1056880148146,0,C,498,10
167.641675098299,72,25.5648271786049,46.4351728213951,0,I,499,10
54.0222986105963,72,25.6231004185975,28.3991981919989,1,C,500,10
51.142766138907,72,25.67202729173,25.4707388471769,1,I,501,10
161.143710255178,72,25.7038643863052,46.2961356136948,0,C,502,10
26.646574222712,72,25.7308835769072,0.915690645804808,1,I,503,10
34.4113253158945,63.0407202420617,25.7477281987667,8.66359711712778,1,C,504,10
57.8199004928062,72,25.7552314829081,32.0646690098981,1,I,505,10
78.4007639143158,72,25.7620646478608,46.2379353521392,0,C,506,10
31.6669553182142,72,25.7671666704118,5.89978864780239,1,I,507,10
58.5118005223563,72,25.8142637321726,32.6975367901837,1,C,508,10
47.3198012754912,72,25.8644143911079,21.4553868843833,1,I,509,10
51.7647941401861,72,25.9240454016253,25.8407487385607,1,C,510,10
38.9640878606904,72,25.9410872077569,13.0230006529335,1,I,511,10
66.8952083367524,72,26.0111120296642,40.8840963070881,1,C,512,10
153.188343171085,72,26.1117575224489,45.8882424775511,0,I,513,10
95.7429589044125,72,26.1480451002717,45.8519548997283,0,C,514,10
29.3803253579236,72,26.2526865396649,3.12763881825874,1,I,515,10
56.1533092798748,72,26.2612794153392,29.8920298645355,1,C,516,10
31.1128730632279,72,26.3814491825178,4.73142388071007,1,I,517,10
34.5809005045541,72,26.4800874469802,8.10081305757388,1,C,518,10
89.948867066579,72,26.5025030449033,45.4974969550967,0,I,519,10
40.3815420900056,72,26.5800834400579,13.8014586499476,1,C,520,10
34.1762679825774,53.0247938025044,26.5878868801519,7.58838110242545,1,I,521,10
70.2808804380228,72,26.6009865514934,43.6798938865294,1,C,522,10
50.4365131512919,49.5027533145295,26.6269660647959,22.8757872497337,0,I,523,10
153.894219578787,72,26.6989632323384,45.3010367676616,0,C,524,10
85.3130308194899,72,26.7384988395497,45.2615011604503,0,I,525,10
122.848653351801,72,26.8246654747054,45.1753345252946,0,C,526,10
128.310604984004,72,26.8919000728056,45.1080999271944,0,I,527,10
93.1856935875476,72,26.9293051259592,45.0706948740408,0,C,528,10
123.391369068592,72,26.9651314616203,45.0348685383797,0,I,529,10
32.0646850351314,72,27.091630124487,4.97305491064439,1,C,530,10
35.5200184521471,72,27.1745785139501,8.34543993819698,1,I,531,10
39.3834086692784,72,27.1962101804093,12.1871984888691,1,C,532,10
117.446148639393,72,27.2311942884699,44.7688057115302,0,I,533,10
112.010613869982,72,27.2404848458245,44.7595151541755,0,C,534,10
34.5782053092398,72,27.2796465363354,7.29855877290449,1,I,535,10
162.182184236431,72,27.302207169123,44.697792830877,0,C,536,10
83.5884638318473,72,27.334043844603,44.665956155397,0,I,537,10
148.380426678658,72,27.3397427145392,44.6602572854608,0,C,538,10
119.110502452135,72,27.3413388384506,44.6586611615494,0,I,539,10
92.9400986177616,44.6129307145742,27.4189280066639,17.1940027079103,0,C,540,10
60.5491020181221,72,27.4711409350857,33.0779610830364,1,I,541,10
115.596276449258,72,27.5133666303009,44.4866333696991,0,C,542,10
68.7918664080691,72,27.5602801702917,41.2315862377774,1,I,543,10
30.4666019673302,72,27.5621790345758,2.90442293275437,1,C,544,10
27.9683954942792,72,27.6264222990721,0.341973195207086,1,I,545,10
195.423279303198,72,27.6355492835864,44.3644507164136,0,C,546,10
65.4710073197661,72,27.8997747553512,37.5712325644149,1,I,547,10
105.470289141717,72,27.94384050183,44.05615949817,0,C,548,10
55.5345609391631,72,27.9482487821952,27.5863121569679,1,I,549,10
36.4642880208928,49.7863959785579,27.9603625042364,8.5039255166564,1,C,550,10
51.8001948624825,72,27.9912000289187,23.8089948335638,1,I,551,10
43.1920578314114,72,28.0060844589025,15.1859733725089,1,C,552,10
30.743159695489,72,28.0352075910196,2.7079521044694,1,I,553,10
66.9168343210963,72,28.049446712248,38.8673876088482,1,C,554,10
40.3838018981202,72,28.0731089925393,12.3106929055808,1,I,555,10
66.988180782228,72,28.0999903287739,38.8881904534541,1,C,556,10
40.1104935262411,63.8714393717038,28.2343569723889,11.8761365538522,1,I,557,10
74.6718693949642,72,28.2400323450565,43.7599676549435,0,C,558,10
90.6429331153677,72,28.2576183183119,43.7423816816881,0,I,559,10
71.2262668317279,72,28.2624863879755,42.9637804437524,1,C,560,10
58.7196783736284,72,28.3370498148724,30.3826285587559,1,I,561,10
37.824952727148,72,28.4421362215653,9.38281650558265,1,C,562,10
39.0072011948576,72,28.4647894324735,10.5424117623841,1,I,563,10
41.4534144863856,72,28.6732155131176,12.780198973268,1,C,564,10
85.1778033211988,72,28.6873754672706,43.3126245327294,0,I,565,10
82.8740391185971,72,28.7079911213368,43.2920088786632,0,C,566,10
37.3068084377149,72,28.7117893947288,8.5950190429861,1,I,567,10
30.9213381807517,39.0385272600758,28.865421814844,2.05591636590767,1,C,568,10
83.1595441229143,72,28.9354843413457,43.0645156586543,0,I,569,10
51.5245896998725,72,28.9836387801915,22.5409509196809,1,C,570,10
67.958489837053,72,28.9953825250268,38.9631073120262,1,I,571,10
72.3862240025733,50.3154933284164,29.0032620029524,21.312231325464,0,C,572,10
48.5304160426333,72,29.0203210618347,19.5100949807986,1,I,573,10
74.2763684164728,72,29.0207267878577,42.9792732121423,0,C,574,10
59.6392327647012,72,29.0462918719277,30.5929408927735,1,I,575,10
189.597990443987,72,29.1001729667187,42.8998270332813,0,C,576,10
32.3922425997449,72,29.1126835718751,3.27955902786976,1,I,577,10
56.6087184809462,72,29.155667857267,27.4530506236793,1,C,578,10
60.7170654738007,72,29.1851303586736,31.531935115127,1,I,579,10
62.126406384983,72,29.2442563874647,32.8821499975183,1,C,580,10
39.5240679600145,72,29.279380752705,10.2446872073095,1,I,581,10
84.622584757692,71.711271064297,29.3719269102439,42.3393441540531,0,C,582,10
79.8222485954761,71.7588555410221,29.5542799634859,42.2045755775362,0,I,583,10
41.942086630052,72,29.5594767155126,12.3826099145395,1,C,584,10
39.8763663667343,72,29.6255902340636,10.2507761326708,1,I,585,10
54.1925422463948,72,29.7467988403514,24.4457434060434,1,C,586,10
112.921223581294,62.0571426206217,29.8008340224624,32.2563085981594,0,I,587,10
55.1865822815822,72,29.8422759957612,25.3443062858211,1,C,588,10
37.6105460545905,56.072298627627,29.8545411648229,7.75600488976761,1,I,589,10
52.341899457572,65.6033081832843,29.882097649388,22.4598018081839,1,C,590,10
68.3319143978863,72,30.0345297390595,38.2973846588268,1,I,591,10
77.3155237329018,72,30.0919876154512,41.9080123845488,0,C,592,10
65.1047941728649,72,30.320735857822,34.7840583150429,1,I,593,10
63.8830974707444,72,30.3637731866911,33.5193242840533,1,C,594,10
112.350804333639,72,30.3848926490173,41.6151073509827,0,I,595,10
93.0406655291124,72,30.5055824294686,41.4944175705314,0,C,596,10
97.0698237209069,72,30.511676617898,41.488323382102,0,I,597,10
138.879724027584,72,30.5119794700295,41.4880205299705,0,C,598,10
35.5658436875422,43.7510097051012,30.5388656398281,5.02697804771406,1,I,599,10
72.5472887156572,72,30.5435251118615,41.4564748881385,0,C,600,10
50.9288044222237,72,30.5556471319869,20.3731572902367,1,I,601,10
201.011546823045,72,30.5990760633722,41.4009239366278,0,C,602,10
37.9869263957091,72,30.6809632200748,7.30596317563432,1,I,603,10
63.422437378755,72,30.7233816990629,32.6990556796921,1,C,604,10
88.5390480820847,72,30.7923661870882,41.2076338129118,0,I,605,10
33.4675453663426,46.5101881481191,30.817015604116,2.65052976222658,1,C,606,10
85.2434359335122,62.5061093061841,30.8302967017517,31.6758126044325,0,I,607,10
116.062701384902,40.947386370941,30.9395183762535,10.0078679946874,0,C,608,10
39.7573621356275,72,30.9547950653359,8.80256707029161,1,I,609,10
44.9041807322641,36.4482404961936,30.958808879368,5.4894316168256,0,C,610,10
95.9729888923832,72,30.9652138408273,41.0347861591727,0,I,611,10
41.937493916538,33.9881533744123,30.9658027952537,3.02235057915858,0,C,612,10
34.9497699562107,72,30.9924806188792,3.95728933733147,1,I,613,10
33.7777538286605,72,31.0327657638118,2.74498806484878,1,C,614,10
49.3192491749507,72,31.0995188914239,18.2197302835267,1,I,615,10
49.9225395980575,72,31.1363707669079,18.7861688311495,1,C,616,10
109.367484617461,72,31.1548417434096,40.8451582565904,0,I,617,10
64.2009135803103,72,31.1625820817426,33.0383314985677,1,C,618,10
98.6962648870068,72,31.1720983637497,40.8279016362503,0,I,619,10
139.999634504678,72,31.1828186921775,40.8171813078225,0,C,620,10
40.1681724442503,72,31.2666269112378,8.90154553301248,1,I,621,10
126.273418428607,67.388423712726,31.3029345218092,36.0854891909168,0,C,622,10
94.3839421997527,72,31.3267538510263,40.6732461489737,0,I,623,10
33.9256083779716,68.3506232681906,31.3845146773383,2.54109370063331,1,C,624,10
144.145501146647,72,31.3979028258473,40.6020971741527,0,I,625,10
102.884946976109,72,31.4850754290819,40.5149245709181,0,C,626,10
62.6544310078344,72,31.5205484675244,31.13388254031,1,I,627,10
48.6479472426531,72,31.5353478770703,17.1125993655828,1,C,628,10
105.011009788184,72,31.6467367205769,40.3532632794231,0,I,629,10
81.3780867215877,34.7952298312353,31.6913135815412,3.10391624969413,0,C,630,10
72.3357312144379,72,31.7545026401058,40.2454973598942,0,I,631,10
35.6395400770466,72,31.8740162998438,3.76552377720276,1,C,632,10
58.6504292307754,72,32.0545237278566,26.5959055029188,1,I,633,10
36.7784420312015,72,32.0862637460232,4.69217828517833,1,C,634,10
68.7426344561712,72,32.1504977624863,36.5921366936848,1,I,635,10
90.7769101962805,72,32.1786629548296,39.8213370451704,0,C,636,10
147.372205395961,72,32.2919793007895,39.7080206992105,0,I,637,10
43.9655596727648,72,32.3022657539696,11.6632939187953,1,C,638,10
42.2422154933672,72,32.375832782127,9.86638271124026,1,I,639,10
108.121103933236,72,32.423956040293,39.576043959707,0,C,640,10
51.5231256869099,72,32.4405589979142,19.0825666889957,1,I,641,10
70.7382163198447,72,32.4909206293523,38.2472956904923,1,C,642,10
60.0667209198987,72,32.6090153306723,27.4577055892264,1,I,643,10
37.4578984538494,72,32.7009123098105,4.75698614403892,1,C,644,10
46.3971232086485,72,32.7009293809533,13.6961938276952,1,I,645,10
82.1336371037967,72,32.7295301388949,39.2704698611051,0,C,646,10
49.3969787497314,72,32.8127769799903,16.5842017697411,1,I,647,10
134.743591283242,72,32.88283449132,39.11716550868,0,C,648,10
128.218792582053,72,32.9827398480848,39.0172601519153,0,I,649,10
50.7046510053337,72,32.9911162611097,17.713534744224,1,C,650,10
46.466939305599,72,33.0053164483979,13.461622857201,1,I,651,10
37.466055976453,72,33.1175547698513,4.34850120660173,1,C,652,10
95.2288404577526,72,33.2395145623013,38.7604854376987,0,I,653,10
64.4081415440018,72,33.2502898061648,31.157851737837,1,C,654,10
177.491450648009,72,33.2943419739604,38.7056580260396,0,I,655,10
37.2185721480195,72,33.3032869454473,3.91528520257217,1,C,656,10
127.449966358988,72,33.4318096423522,38.5681903576478,0,I,657,10
69.9774836945564,72,33.4329752577469,36.5445084368096,1,C,658,10
96.8414680741938,72,33.5405680490658,38.4594319509342,0,I,659,10
36.6318375399045,42.0585676994401,33.6103133205324,3.02152421937208,1,C,660,10
51.7450516602964,72,33.7273418996483,18.0177097606481,1,I,661,10
105.639435908679,72,33.7287518614903,38.2712481385097,0,C,662,10
51.762129271777,72,33.7757724523544,17.9863568194225,1,I,663,10
61.0058547423841,72,33.7896489724517,27.2162057699324,1,C,664,10
66.5975202515432,72,33.9259518636391,32.6715683879042,1,I,665,10
109.333624290902,72,33.9892019983381,38.0107980016619,0,C,666,10
64.2126247088643,72,34.0102725941688,30.2023521146955,1,I,667,10
56.6133930321708,49.6986594282902,34.0306012798101,15.6680581484801,0,C,668,10
81.5911110307834,37.3787868661324,34.0336740994826,3.34511276664984,0,I,669,10
41.7031021827563,72,34.0632870560512,7.63981512670506,1,C,670,10
63.3841273655909,72,34.158352939412,29.2257744261788,1,I,671,10
38.1304546906764,72,34.1641796473414,3.96627504333505,1,C,672,10
61.3889590010344,72,34.3929395405576,26.9960194604768,1,I,673,10
40.5029454780595,72,34.3964097462595,6.10653573180001,1,C,674,10
99.8296427522074,72,34.4361502351239,37.5638497648761,0,I,675,10
48.8749554133784,72,34.5263727474958,14.3485826658827,1,C,676,10
39.734045243817,37.0327758257914,34.5787064451724,2.45406938061895,0,I,677,10
68.523350992363,72,34.6025643730536,33.9207866193094,1,C,678,10
49.9554946963935,72,34.691226775758,15.2642679206355,1,I,679,10
46.828736557622,72,34.692548266612,12.13618829101,1,C,680,10
49.3031865035489,72,34.7633350035176,14.5398515000313,1,I,681,10
69.9763320896091,72,34.7634011507034,35.2129309389056,1,C,682,10
155.192262976007,72,34.8927229782566,37.1072770217434,0,I,683,10
124.661460272262,41.0433495160306,34.8935412056744,6.14980831035616,0,C,684,10
43.0862376952562,72,34.9101874837652,8.17605021149101,1,I,685,10
44.73534441368,72,34.9641527747735,9.77119163890647,1,C,686,10
91.5621214744976,72,34.9779396504164,37.0220603495836,0,I,687,10
41.2474078196912,72,35.0404454441741,6.20696237551713,1,C,688,10
65.4291174074448,72,35.1262407610193,30.3028766464255,1,I,689,10
170.234348184588,72,35.136423362419,36.863576637581,0,C,690,10
96.1673777257275,72,35.1527256192639,36.8472743807361,0,I,691,10
43.2372198271381,72,35.2257383661345,8.01148146100364,1,C,692,10
67.0739288252648,69.9204423738655,35.2570907352492,31.8168380900156,1,I,693,10
194.970051931807,72,35.2657747780904,36.7342252219096,0,C,694,10
82.5351427671759,72,35.3071483690292,36.6928516309708,0,I,695,10
51.3357398412704,63.2048266891805,35.3466723533347,15.9890674879357,1,C,696,10
36.8989790483812,59.3487372988571,35.418480746448,1.48049830193319,1,I,697,10
40.6508145342121,72,35.4679950093851,5.18281952482709,1,C,698,10
121.659210259691,72,35.5044831242412,36.4955168757588,0,I,699,10
40.638492615108,72,35.6045793788508,5.03391323625724,1,C,700,10
45.3638609481022,72,35.6350857345387,9.72877521356349,1,I,701,10
114.027152148237,72,35.6380415707827,36.3619584292173,0,C,702,10
37.6444944733973,72,35.640267203562,2.00422726983533,1,I,703,10
124.532666924455,72,35.6663928413764,36.3336071586236,0,C,704,10
81.2918224202011,72,35.6921151001006,36.3078848998994,0,I,705,10
72.933483812394,72,35.7887844135985,36.2112155864015,0,C,706,10
71.5084669545783,72,35.9295458067209,35.5789211478574,1,I,707,10
85.4062433437834,72,35.943565517664,36.056434482336,0,C,708,10
162.518450239957,72,36.0653213225305,35.9346786774695,0,I,709,10
102.793989604737,72,36.0879045864567,35.9120954135433,0,C,710,10
69.5488248925868,72,36.2122647603974,33.3365601321894,1,I,711,10
54.4183622696523,72,36.239623920992,18.1787383486603,1,C,712,10
72.8986644976593,72,36.2571842595935,35.7428157404065,0,I,713,10
53.6873074044784,72,36.2829430913553,17.4043643131231,1,C,714,10
66.3393461082385,72,36.2975843204185,30.0417617878199,1,I,715,10
39.7635194930204,72,36.3547652168199,3.40875427620044,1,C,716,10
56.362384950785,72,36.3564172340557,20.0059677167293,1,I,717,10
52.4484773531454,72,36.4250195352361,16.0234578179094,1,C,718,10
42.8750472862176,72,36.4515673136339,6.42347997258377,1,I,719,10
88.9804195881652,72,36.4542256621644,35.5457743378356,0,C,720,10
56.9802931249854,72,36.5317546064034,20.448538518582,1,I,721,10
78.1822061491934,72,36.5851786080748,35.4148213919252,0,C,722,10
37.1669413864761,72,36.6374516347423,0.529489751733774,1,I,723,10
43.0058731006923,72,36.6505886754021,6.35528442529019,1,C,724,10
80.1389414246382,72,36.7245198274031,35.2754801725969,0,I,725,10
49.732560517954,72,36.8126069800928,12.9199535378612,1,C,726,10
51.6662914365609,72,36.8480011448264,14.8182902917344,1,I,727,10
43.5595152772186,72,36.8526986986399,6.70681657857875,1,C,728,10
80.638799897461,72,36.8734217947349,35.1265782052651,0,I,729,10
131.878443844062,72,36.9696824066341,35.0303175933659,0,C,730,10
66.3255778259229,72,37.0202892227098,29.3052886032131,1,I,731,10
119.399851624353,72,37.0220503304154,34.9779496695846,0,C,732,10
76.5866277878177,72,37.0678465347737,34.9321534652263,0,I,733,10
76.083764122628,72,37.0759994443506,34.9240005556494,0,C,734,10
45.7702781737631,72,37.0891448389739,8.68113333478921,1,I,735,10
64.1777643261974,72,37.0927162980661,27.0850480281313,1,C,736,10
41.8961542487865,72,37.1224353136495,4.77371893513701,1,I,737,10
116.362303985047,72,37.1239684615284,34.8760315384716,0,C,738,10
149.007782049104,72,37.1329713799059,34.8670286200941,0,I,739,10
144.469472500498,62.7566457322289,37.1441951254383,25.6124506067907,0,C,740,10
108.525379573807,72,37.2718936298043,34.7281063701958,0,I,741,10
37.5295460082154,48.4270094400981,37.3031990602613,0.226346947954155,1,C,742,10
114.560577059683,72,37.369817183353,34.630182816647,0,I,743,10
43.5535973521415,72,37.4293240299448,6.1242733221967,1,C,744,10
87.8467065083877,72,37.4447633139789,34.5552366860211,0,I,745,10
87.3852453472689,72,37.5085660815239,34.4914339184761,0,C,746,10
77.9331382928055,72,37.5191072607413,34.4808927392587,0,I,747,10
81.4497487447721,56.3205578781548,37.5706784008071,18.7498794773477,0,C,748,10
97.2249765176727,72,37.5816559419036,34.4183440580964,0,I,749,10
190.913293960321,72,37.6649786531925,34.3350213468075,0,C,750,10
49.7416606722349,72,37.7068084152415,12.0348522569933,1,I,751,10
71.7824176895481,72,37.8030751179904,33.9793425715577,1,C,752,10
54.9269009581731,72,38.0051000369713,16.9218009212018,1,I,753,10
169.260035830726,72,38.0917357513681,33.9082642486319,0,C,754,10
171.691702120459,72,38.1224473379552,33.8775526620448,0,I,755,10
56.9935151962373,72,38.1818821001798,18.8116330960575,1,C,756,10
39.4824735187095,72,38.2906798180193,1.19179370069027,1,I,757,10
119.085943266647,72,38.294944614172,33.705055385828,0,C,758,10
52.24225070827,72,38.3812570525333,13.8609936557367,1,I,759,10
68.5896573203346,61.5374786119289,38.4509827103466,23.0864959015823,0,C,760,10
67.9294911528726,71.8120463404212,38.4647146426141,29.4647765102585,1,I,761,10
69.7058115606897,72,38.5744496248662,31.1313619358234,1,C,762,10
71.8452250086406,72,38.606899548322,33.2383254603187,1,I,763,10
53.2905042174149,57.9346987303353,38.6442959541455,14.6462082632694,1,C,764,10
112.586513601971,72,38.6523871449754,33.3476128550246,0,I,765,10
83.7989894790126,72,38.7179999705404,33.2820000294596,0,C,766,10
62.6308779378472,72,38.7260818434879,23.9047960943593,1,I,767,10
60.3478859602861,72,38.7365197716281,21.6113661886581,1,C,768,10
53.5214184712983,72,38.7444577272981,14.7769607440002,1,I,769,10
48.790135962733,72,38.7490545166656,10.0410814460673,1,C,770,10
46.0218640037929,72,38.9100385503843,7.11182545340857,1,I,771,10
66.2274037345865,72,38.9122704556212,27.3151332789653,1,C,772,10
106.397381354352,72,38.9424091670662,33.0575908329338,0,I,773,10
132.236665523732,72,38.9842604566366,33.0157395433635,0,C,774,10
41.4225281770049,72,39.0206760261208,2.40185215088409,1,I,775,10
54.1400717275972,72,39.0240648575127,15.1160068700845,1,C,776,10
110.034426356993,68.6381366879273,39.0640038158745,29.5741328720528,0,I,777,10
44.3696789770918,72,39.1099070990458,5.25977187804602,1,C,778,10
155.163600322285,72,39.1296058287844,32.8703941712156,0,I,779,10
179.604512047807,72,39.1309606656432,32.8690393343568,0,C,780,10
75.4295564971131,72,39.142731372267,32.857268627733,0,I,781,10
125.17104001885,72,39.1431550914422,32.8568449085578,0,C,782,10
46.6318053266201,69.5090932390349,39.2105462215841,7.42125910503597,1,I,783,10
45.1313312508334,72,39.2429519305006,5.88837932033285,1,C,784,10
85.3326237863012,72,39.3050749227405,32.6949250772595,0,I,785,10
136.046860403038,72,39.3246379494667,32.6753620505333,0,C,786,10
47.4813582211699,72,39.357724590227,8.12363363094289,1,I,787,10
108.639113312877,72,39.3864041240886,32.6135958759114,0,C,788,10
77.4178899129926,72,39.45980027318,32.54019972682,0,I,789,10
57.7720657722966,72,39.507589652203,18.2644761200936,1,C,790,10
66.3836771117989,72,39.5192659087479,26.864411203051,1,I,791,10
80.7454013180601,49.751201385007,39.5214491151273,10.2297522698797,0,C,792,10
46.1782112805243,72,39.5428944239393,6.63531685658504,1,I,793,10
89.4530234965213,72,39.5667456043884,32.4332543956116,0,C,794,10
66.5480444312459,72,39.5751499012113,26.9728945300346,1,I,795,10
51.8805771145784,72,39.6114279376343,12.2691491769441,1,C,796,10
54.5973891813354,72,39.6171347144991,14.9802544668363,1,I,797,10
66.4578330088028,72,39.6563354786485,26.8014975301543,1,C,798,10
64.2151704074431,72,39.6583790145814,24.5567913928616,1,I,799,10
41.6955981423818,72,39.7025016043335,1.99309653804827,1,C,800,10
59.2034641829022,72,39.7566705755889,19.4467936073132,1,I,801,10
45.0785165128719,72,39.7858234075829,5.2926931052889,1,C,802,10
69.6954461737441,72,39.8197023198009,29.8757438539432,1,I,803,10
97.8444482127648,72,39.8290325095877,32.1709674904123,0,C,804,10
74.8630915551491,72,39.9486325308681,32.051367469132,0,I,805,10
45.5379703506424,72,39.9869416281581,5.55102872248431,1,C,806,10
47.4576654271268,72,39.9992020474747,7.45846337965209,1,I,807,10
54.2207260003614,72,40.036667981185,14.1840580191764,1,C,808,10
63.9942101623007,72,40.1155596831813,23.8786504791193,1,I,809,10
146.808592595421,44.44578983156,40.1961004547775,4.24968937678256,0,C,810,10
45.6067147931728,72,40.2059482550249,5.40076653814797,1,I,811,10
73.260628190031,72,40.2536505740136,31.7463494259864,0,C,812,10
41.9902695758346,72,40.3171339910477,1.67313558478681,1,I,813,10
51.6404749693062,72,40.3351921308786,11.3052828384277,1,C,814,10
113.746920854494,72,40.3572951396927,31.6427048603073,0,I,815,10
82.0186500639343,72,40.4820330860093,31.5179669139907,0,C,816,10
71.9298911964307,72,40.5697332601994,31.3601579362313,1,I,817,10
66.7776698611071,72,40.7373238541186,26.0403460069885,1,C,818,10
103.40083330641,72,40.7413122709841,31.258687729016,0,I,819,10
44.393360874231,72,40.7883789902553,3.60498188397566,1,C,820,10
99.1125718188796,72,40.8197274617851,31.1802725382149,0,I,821,10
102.047424648061,72,40.824774778448,31.175225221552,0,C,822,10
55.3929282671807,72,40.9183845994994,14.4745436676813,1,I,823,10
53.8868569212389,72,40.9980332432315,12.8888236780074,1,C,824,10
54.9589162018587,72,41.001363163814,13.9575530380447,1,I,825,10
138.001294926073,72,41.0098656825721,30.9901343174279,0,C,826,10
66.689919784776,72,41.2409509671852,25.4489688175908,1,I,827,10
147.269871773163,72,41.3101733056828,30.6898266943172,0,C,828,10
70.102668310852,72,41.3907522708178,28.7119160400343,1,I,829,10
66.1950892657721,72,41.4396602846682,24.7554289811039,1,C,830,10
53.0904141535053,62.1599813264443,41.4661280158907,11.6242861376146,1,I,831,10
42.8046405834199,72,41.4988276083022,1.30581297511763,1,C,832,10
146.202390689613,72,41.5182314068079,30.4817685931921,0,I,833,10
69.123538512575,72,41.6221968177706,27.5013416948044,1,C,834,10
62.1963446666811,72,41.6351761389524,20.5611685277287,1,I,835,10
54.1127326917982,68.3737128849606,41.8397168023512,12.273015889447,1,C,836,10
47.4343600168927,70.1920402872815,41.845790524967,5.58856949192573,1,I,837,10
54.4522112681869,72,41.8767293030396,12.5754819651473,1,C,838,10
73.8701459495771,72,41.9087189761922,30.0912810238078,0,I,839,10
76.0533273005217,72,41.9190974347293,30.0809025652707,0,C,840,10
85.682685540259,72,41.9248248450458,30.0751751549542,0,I,841,10
142.215921647647,72,41.9407496368513,30.0592503631488,0,C,842,10
130.132808823957,72,41.9993876433,30.0006123567,0,I,843,10
68.4478164930328,72,42.0635214401409,26.3842950528919,1,C,844,10
50.7625982530612,72,42.0639687264338,8.69862952662743,1,I,845,10
45.8403352731409,72,42.0984043506905,3.74193092245031,1,C,846,10
68.7626516716148,72,42.1411962015554,26.6214554700594,1,I,847,10
67.0643536008657,72,42.147589889355,24.9167637115106,1,C,848,10
54.723953704964,72,42.1725490735844,12.5514046313796,1,I,849,10
122.187122168541,72,42.1893865428865,29.8106134571135,0,C,850,10
118.031834235356,72,42.2471166076139,29.7528833923861,0,I,851,10
208.986003834433,45.3285745452071,42.2849330026656,3.04364154254144,0,C,852,10
52.2957979878509,72,42.2970637120307,9.99873427582021,1,I,853,10
76.8648881593089,72,42.3821937013418,29.6178062986583,0,C,854,10
53.9798827086474,46.840705454875,42.3885581502691,4.45214730460594,0,I,855,10
59.4405521503739,72,42.4265723722056,17.0139797781683,1,C,856,10
66.990301092454,72,42.4266020162031,24.5636990762509,1,I,857,10
149.702554213387,72,42.4509856849909,29.5490143150091,0,C,858,10
99.3445621008548,72,42.5227760849521,29.4772239150479,0,I,859,10
208.389610875177,72,42.5345600070432,29.4654399929568,0,C,860,10
47.8677457681058,72,42.5597563711926,5.3079893969132,1,I,861,10
78.7331410466828,72,42.5788439344615,29.4211560655385,0,C,862,10
63.5784885694699,72,42.7074478240684,20.8710407454015,1,I,863,10
58.5852682773319,72,42.7409759815782,15.8442922957536,1,C,864,10
45.8000871070669,72,42.7505839895457,3.0495031175212,1,I,865,10
42.825936179712,72,42.759428685531,0.0665074941809722,1,C,866,10
124.544630989686,72,42.7721515484154,29.2278484515846,0,I,867,10
49.3470650829788,72,42.838403088972,6.50866199400685,1,C,868,10
53.2250654579087,72,42.8390915784985,10.3859738794103,1,I,869,10
133.412069261186,72,42.8395444527268,29.1604555472732,0,C,870,10
66.4833783053342,72,42.8744359826669,23.6089423226673,1,I,871,10
50.2218443292542,72,42.9285886371508,7.29325569210339,1,C,872,10
68.8945479649288,72,42.9480161285028,25.946531836426,1,I,873,10
66.1344520383239,53.3680557562975,43.0679021542892,10.3001536020084,0,C,874,10
63.7344913887798,72,43.0805165413767,20.6539748474031,1,I,875,10
54.9294973529617,72,43.1149778561667,11.8145194967951,1,C,876,10
46.5565789341104,72,43.1650763377547,3.39150259635572,1,I,877,10
104.002920018255,72,43.2393566099927,28.7606433900073,0,C,878,10
79.233721966791,72,43.2773448619992,28.7226551380009,0,I,879,10
44.14116736214,72,43.2908871537074,0.850280208432517,1,C,880,10
80.0727077624886,72,43.3045463869348,28.6954536130652,0,I,881,10
92.7587677636657,72,43.3132549189031,28.6867450810969,0,C,882,10
71.0849070267804,72,43.3294592890888,27.7554477376916,1,I,883,10
59.8433732836494,72,43.4388095559552,16.4045637276941,1,C,884,10
71.0074957006805,72,43.6489114025608,27.3585842981197,1,I,885,10
72.0891444038016,72,43.6787410313264,28.3212589686737,0,C,886,10
106.696312540717,72,43.8160718651488,28.1839281348512,0,I,887,10
176.282705595904,72,43.8650601636618,28.1349398363382,0,C,888,10
57.3147162765695,72,43.9950421499088,13.3196741266607,1,I,889,10
66.5774630574447,69.2329062416341,44.0706357266754,22.5068273307693,1,C,890,10
70.9266548632036,72,44.0814154408872,26.8452394223163,1,I,891,10
63.1515597979468,72,44.2201963998377,18.9313633981091,1,C,892,10
47.2686028287359,72,44.250698578544,3.01790425019198,1,I,893,10
51.7398326009267,72,44.3628762708977,7.37695633002899,1,C,894,10
71.3268774128822,72,44.4880509423092,26.838826470573,1,I,895,10
58.9356129713952,72,44.5024274708703,14.4331855005249,1,C,896,10
192.462000452905,72,44.5341074327007,27.4658925672993,0,I,897,10
48.3799627953765,72,44.7773120831698,3.60265071220669,1,C,898,10
58.7951869873109,72,44.8948273435235,13.9003596437874,1,I,899,10
95.7223788765068,72,44.899806138128,27.100193861872,0,C,900,10
74.0354462583232,67.6923559355327,44.9246450560167,22.7677108795159,0,I,901,10
85.2301102631107,72,44.9411904020235,27.0588095979765,0,C,902,10
53.3403060389453,72,44.9574890406802,8.3828169982651,1,I,903,10
63.8541823196158,72,45.0453095370904,18.8088727825254,1,C,904,10
80.7843786419041,72,45.0507536390796,26.9492463609204,0,I,905,10
60.4233292018118,72,45.0605652434751,15.3627639583367,1,C,906,10
49.763415204777,72,45.0882406532764,4.67517455150055,1,I,907,10
105.290774786891,72,45.0968563836068,26.9031436163932,0,C,908,10
144.52643151286,72,45.1251174509525,26.8748825490475,0,I,909,10
53.3154841616123,72,45.1454086555168,8.17007550609552,1,C,910,10
62.1953525079461,72,45.1615785621107,17.0337739458354,1,I,911,10
49.141483980669,72,45.2471726154909,3.89431136517809,1,C,912,10
47.2760939293821,72,45.2596448455006,2.01644908388149,1,I,913,10
179.317941485022,72,45.2710703434423,26.7289296565577,0,C,914,10
49.2558764200371,72,45.4069977812469,3.84887863879023,1,I,915,10
95.9065234725595,55.8435975236612,45.4611926805228,10.3824048431384,0,C,916,10
149.833077906577,72,45.5778707424179,26.4221292575821,0,I,917,10
65.4021122016175,72,45.5887517379597,19.8133604636578,1,C,918,10
54.1268303194232,72,45.6387916021049,8.48803871731827,1,I,919,10
77.2960988895789,72,45.645323228091,26.354676771909,0,C,920,10
209.317361117841,72,45.6568321399391,26.3431678600609,0,I,921,10
61.9171148789626,72,45.6674313638359,16.2496835151266,1,C,922,10
70.0332199812642,72,45.7973531261087,24.2358668551555,1,I,923,10
317.924458855977,72,45.8101503225043,26.1898496774957,0,C,924,10
78.2904925019267,72,45.9105827473104,26.0894172526896,0,I,925,10
47.9586802635215,72,45.930307880044,2.02837238347755,1,C,926,10
51.0842291387433,72,45.9516745107248,5.1325546280184,1,I,927,10
119.170090405195,72,45.9611325664446,26.0388674335554,0,C,928,10
73.1737211000747,72,45.9819178842008,26.0180821157992,0,I,929,10
73.885183695028,72,45.9839253779501,26.0160746220499,0,C,930,10
48.0849192477917,47.7091471452124,46.168659562245,1.54048758296739,0,I,931,10
65.7420790936381,72,46.267808242701,19.4742708509371,1,C,932,10
55.8722105082382,72,46.2900381395593,9.58217236867887,1,I,933,10
67.5461772593419,72,46.3866605702788,21.1595166890631,1,C,934,10
81.4898137898496,72,46.3937118044123,25.6062881955877,0,I,935,10
58.2978816281903,72,46.5288283070549,11.7690533211353,1,C,936,10
99.6048780372153,72,46.5409332700074,25.4590667299926,0,I,937,10
98.5378078048137,72,46.5506394999102,25.4493605000898,0,C,938,10
123.319277908341,72,46.5803093556315,25.4196906443685,0,I,939,10
65.8208977956792,72,46.6142945783213,19.2066032173579,1,C,940,10
126.93578170376,72,46.6202585957944,25.3797414042056,0,I,941,10
78.0039041579723,72,46.6458071675152,25.3541928324848,0,C,942,10
83.8127606459665,72,46.701627667062,25.298372332938,0,I,943,10
104.81637274609,72,46.7106177750975,25.2893822249025,0,C,944,10
83.7972464182204,72,46.7363403132185,25.2636596867815,0,I,945,10
156.644788740004,72,46.7382556898519,25.2617443101481,0,C,946,10
49.0764182309631,72,46.7945464560762,2.28187177488688,1,I,947,10
50.2984919525136,72,46.8330936692655,3.46539828324805,1,C,948,10
90.8864128477094,72,46.9052635738626,25.0947364261374,0,I,949,10
72.8321303817183,72,46.9133605342358,25.0866394657642,0,C,950,10
57.7110555634215,72,46.9537480501458,10.7573075132757,1,I,951,10
54.1479983179857,72,46.9649138767272,7.18308444125845,1,C,952,10
80.4951829903404,72,46.9665604457259,25.0334395542741,0,I,953,10
80.0097948661789,72,46.9742018077523,25.0257981922478,0,C,954,10
134.944000758907,72,47.2219550516456,24.7780449483544,0,I,955,10
69.3819789961455,72,47.2287936648354,22.1531853313101,1,C,956,10
71.4734924879519,72,47.2589667001739,24.214525787778,1,I,957,10
54.3559137185153,52.1214370039247,47.2950379550457,4.82639904887904,0,C,958,10
63.0242364413,72,47.490178886801,15.534057554499,1,I,959,10
109.488032281242,72,47.507825489156,24.4921745108441,0,C,960,10
119.742579686881,72,47.5486700003967,24.4513299996033,0,I,961,10
76.3187751344708,72,47.6793523784727,24.3206476215273,0,C,962,10
51.0111078515526,72,47.7531447261572,3.25796312539536,1,I,963,10
92.7346032687106,72,47.8077891748399,24.1922108251602,0,C,964,10
62.6452558315394,72,47.8628414869309,14.7824143446086,1,I,965,10
99.304696276312,72,47.8952852357179,24.1047147642821,0,C,966,10
62.0819600627615,72,47.9228572826833,14.1591027800783,1,I,967,10
57.551318487703,72,47.9336568620056,9.61766162569744,1,C,968,10
52.3490964432379,72,47.9501859890297,4.3989104542082,1,I,969,10
48.4618293454897,72,47.9703310271725,0.491498318317179,1,C,970,10
166.171935372647,66.6170510891823,48.0334349116311,18.5836161775513,0,I,971,10
91.3417101720614,72,48.0528021510691,23.947197848931,0,C,972,10
71.5535972577673,72,48.0599449295551,23.4936523282122,1,I,973,10
193.084342871947,72,48.0648753745481,23.9351246254519,0,C,974,10
50.1841556710588,72,48.0775744467974,2.10658122426143,1,I,975,10
59.9925889487685,72,48.2206421485171,11.7719468002514,1,C,976,10
79.914137467217,72,48.3008445147425,23.6991554852575,0,I,977,10
141.830901262476,48.8493189940316,48.4138776920736,0.435441301958001,0,C,978,10
51.0481637925382,72,48.4378858935088,2.61027789902935,1,I,979,10
77.389092814938,72,48.4402389172465,23.5597610827535,0,C,980,10
110.039349761198,72,48.463332625106,23.536667374894,0,I,981,10
68.3685743098356,72,48.4809036646038,19.8876706452317,1,C,982,10
70.4492614644484,72,48.5002943733707,21.9489670910777,1,I,983,10
127.711747668632,72,48.529130704701,23.4708692952991,0,C,984,10
104.233034433358,72,48.5956323333085,23.4043676666915,0,I,985,10
70.8600518390157,72,48.5998254222795,22.2602264167362,1,C,986,10
61.019902223583,72,48.6769026238471,12.3429995997359,1,I,987,10
77.5145518408384,72,48.6893922323361,23.3106077676639,0,C,988,10
103.371604072491,72,48.6994694033638,23.3005305966362,0,I,989,10
69.2121834804322,72,48.7116953590885,20.5004881213437,1,C,990,10
67.9526739166362,72,48.8704160135239,19.0822579031123,1,I,991,10
53.1104341321896,72,48.9079789118841,4.20245522030545,1,C,992,10
52.0849916362233,72,48.9459463907406,3.1390452454827,1,I,993,10
113.205936903876,72,48.9587801042944,23.0412198957056,0,C,994,10
89.541810760079,72,48.9652226027101,23.0347773972899,0,I,995,10
75.7142453132778,72,49.0404501697049,22.9595498302951,0,C,996,10
71.9215864600663,72,49.1550547163934,22.7665317436729,1,I,997,10
59.1477689477927,72,49.1731061087921,9.97466283900053,1,C,998,10
140.461951680962,53.4116025837436,49.2041405383498,4.20746204539382,0,I,999,10
62.0501572676332,72,49.247916424647,12.8022408429862,1,C,1000,10
50.0413145838851,59.0679348566967,49.313548556529,0.727766027356113,1,I,1001,10
150.34119392157,72,49.3659325316548,22.6340674683452,0,C,1002,10
88.6608421455271,72,49.4034630060196,22.5965369939804,0,I,1003,10
123.674635705793,72,49.4132251571864,22.5867748428136,0,C,1004,10
87.2986803257014,72,49.4860181584954,22.5139818415046,0,I,1005,10
109.510012632753,72,49.5414040843025,22.4585959156975,0,C,1006,10
62.3520279444541,72,49.5724578760564,12.7795700683976,1,I,1007,10
98.358443810492,72,49.6574722928926,22.3425277071074,0,C,1008,10
50.3128408967586,72,49.6708667837083,0.641974113050231,1,I,1009,10
68.1859964693005,72,49.6919266087934,18.494069860507,1,C,1010,10
67.9003356837627,72,49.7357571031898,18.1645785805729,1,I,1011,10
105.195704785358,72,49.7495344514027,22.2504655485973,0,C,1012,10
65.046856023289,72,49.7772369068116,15.2696191164774,1,I,1013,10
64.2563735636855,72,49.8153207683936,14.4410527952919,1,C,1014,10
246.614334352871,72,49.8444034159184,22.1555965840817,0,I,1015,10
76.1670889748526,72,49.8743112338707,22.1256887661293,0,C,1016,10
113.101378079969,72,50.0617290381342,21.9382709618658,0,I,1017,10
162.040437018204,72,50.0721094943583,21.9278905056417,0,C,1018,10
79.3494770004453,72,50.1303161401302,21.8696838598698,0,I,1019,10
70.4345995035904,72,50.1518308091909,20.2827686943995,1,C,1020,10
227.74024834191,72,50.1646325038746,21.8353674961254,0,I,1021,10
69.1269551918385,72,50.178503296338,18.9484518955004,1,C,1022,10
54.9907855396685,72,50.3269497491419,4.66383579052653,1,I,1023,10
113.958774671311,72,50.3390609985218,21.6609390014783,0,C,1024,10
86.3284661221763,72,50.3802060429007,21.6197939570993,0,I,1025,10
79.8343701777943,72,50.4119179677218,21.5880820322782,0,C,1026,10
112.181467170663,72,50.533382599242,21.466617400758,0,I,1027,10
184.292751529098,72,50.6373710744083,21.3626289255917,0,C,1028,10
93.0141252067454,52.009640595843,50.6376828532666,1.37195774257638,0,I,1029,10
84.1004319005501,72,50.6679694494233,21.3320305505767,0,C,1030,10
61.4388550006552,72,50.7460105977953,10.69284440286,1,I,1031,10
60.4738718383848,72,50.814442941919,9.65942889646581,1,C,1032,10
72.5963613848105,72,50.8627891587094,21.1372108412907,0,I,1033,10
102.403268927861,72,50.9312891028822,21.0687108971179,0,C,1034,10
65.2263627781456,72,50.9374850057066,14.2888777724391,1,I,1035,10
69.7086102522198,72,50.9811078943312,18.7275023578886,1,C,1036,10
102.151244980823,54.7398743906362,51.0354392370209,3.70443515361533,0,I,1037,10
112.538999777953,72,51.1109120305628,20.8890879694372,0,C,1038,10
67.8446113716915,72,51.1297075124458,16.7149038592457,1,I,1039,10
61.9643203631013,72,51.1506153456867,10.8137050174146,1,C,1040,10
89.5157760696822,72,51.1990295676515,20.8009704323486,0,I,1041,10
76.9613666860355,72,51.2182447733358,20.7817552266642,0,C,1042,10
75.5396367243676,72,51.2325346888974,20.7674653111026,0,I,1043,10
90.6857213446774,72,51.2655311124399,20.7344688875601,0,C,1044,10
68.6112744947113,72,51.2764572165906,17.3348172781206,1,I,1045,10
63.892922770227,72,51.2932655028999,12.5996572673271,1,C,1046,10
126.210881698299,72,51.3755857944489,20.6244142055512,0,I,1047,10
165.967952225836,72,51.3948816340417,20.6051183659583,0,C,1048,10
92.9046519886732,72,51.4550819853321,20.5449180146679,0,I,1049,10
68.9146476082637,72,51.4633198454976,17.4513277627661,1,C,1050,10
72.9306937710928,72,51.5171434404329,20.4828565595672,0,I,1051,10
164.463214406816,72,51.5360878268257,20.4639121731743,0,C,1052,10
75.3373059408393,72,51.5393826551735,20.4606173448265,0,I,1053,10
67.9279316192826,72,51.6476843878627,16.2802472314199,1,C,1054,10
60.0488376737314,72,51.6555458726361,8.39329180109521,1,I,1055,10
107.211688701999,72,51.6866868222132,20.3133131777868,0,C,1056,10
78.9006661893251,63.2579824989343,51.7513750959188,11.5066074030156,0,I,1057,10
170.44911688501,72,51.7921320581809,20.2078679418191,0,C,1058,10
81.1088162925759,72,51.855890834704,20.144109165296,0,I,1059,10
98.6845815726022,72,51.870547849685,20.129452150315,0,C,1060,10
55.4931278142484,72,51.9074024213478,3.58572539290062,1,I,1061,10
59.0281888752307,72,51.9442848907784,7.08390398445236,1,C,1062,10
87.0509447074736,72,52.0248567732051,19.9751432267949,0,I,1063,10
208.094587442501,59.8811676832503,52.1139699267224,7.76719775652793,0,C,1064,10
62.5670916905636,58.1545698047373,52.1544990967959,6.00007070794141,0,I,1065,10
58.7758694366056,72,52.2118335496634,6.56403588694214,1,C,1066,10
81.7418100504315,72,52.2302489262074,19.7697510737926,0,I,1067,10
142.911754133185,72,52.2999855922535,19.7000144077465,0,C,1068,10
76.2591292805644,72,52.3099957359955,19.6900042640045,0,I,1069,10
98.9236137715474,72,52.3521401826292,19.6478598173708,0,C,1070,10
94.0288717085454,72,52.3912016255781,19.6087983744219,0,I,1071,10
92.0820620518761,72,52.4632948217914,19.5367051782087,0,C,1072,10
138.019514047938,72,52.4827147275209,19.5172852724791,0,I,1073,10
68.3332191840223,72,52.5467452732846,15.7864739107377,1,C,1074,10
94.2990226731328,72,52.5540293985978,19.4459706014022,0,I,1075,10
117.459486044179,72,52.6627746457234,19.3372253542766,0,C,1076,10
58.0455664519263,65.7398814889038,52.7479325607419,5.29763389118437,1,I,1077,10
65.8173627364062,72,52.9686411609873,12.8487215754188,1,C,1078,10
96.86409183172,72,52.9930562060326,19.0069437939674,0,I,1079,10
88.4701053332626,72,53.0770061071962,18.9229938928038,0,C,1080,10
134.058151791085,72,53.1700959429145,18.8299040570855,0,I,1081,10
256.669388932611,72,53.2241209270433,18.7758790729567,0,C,1082,10
53.8437891550412,72,53.3210446871817,0.522744467859497,1,I,1083,10
110.633196482715,72,53.3315384108573,18.6684615891427,0,C,1084,10
60.2161651020941,72,53.3510735677555,6.86509153433856,1,I,1085,10
100.642757247368,72,53.4265464730561,18.5734535269439,0,C,1086,10
58.9654400449006,57.2987884521607,53.5598333459348,3.73895510622596,0,I,1087,10
156.786659150514,72,53.5850183246657,18.4149816753343,0,C,1088,10
73.1904384200678,72,53.7139422493056,18.2860577506945,0,I,1089,10
68.3093666522803,72,53.7174396403134,14.5919270119669,1,C,1090,10
73.72646763113,54.4738299359168,53.7322250800207,0.741604855896057,0,I,1091,10
97.1056442716775,66.6464693244462,53.7744596460834,12.8720096783627,0,C,1092,10
63.5829205071338,72,53.8229952100664,9.75992529706732,1,I,1093,10
100.98007905848,72,53.8676759926602,18.1323240073398,0,C,1094,10
63.0050475960565,68.3247367433419,53.890911815688,9.11413578036849,1,I,1095,10
136.406847950732,72,53.9063785644248,18.0936214355752,0,C,1096,10
65.7864604778001,72,54.0284653287381,11.757995149062,1,I,1097,10
105.634646338847,72,54.0608982089907,17.9391017910093,0,C,1098,10
107.119426153768,72,54.129919745028,17.870080254972,0,I,1099,10
54.4204679442974,72,54.1886142874137,0.231853656883699,1,C,1100,10
154.115360308125,72,54.1991078015417,17.8008921984583,0,I,1101,10
62.3841176847589,72,54.2495860811323,8.13453160362657,1,C,1102,10
106.382441284379,72,54.2641971353442,17.7358028646559,0,I,1103,10
55.1999638762838,72,54.3079503625631,0.892013513720622,1,C,1104,10
60.1452167493249,72,54.4057118240744,5.73950492525052,1,I,1105,10
149.146399153083,72,54.4424451654777,17.5575548345223,0,C,1106,10
137.396239477587,72,54.4617244368419,17.5382755631581,0,I,1107,10
55.8307899531879,72,54.5106926606968,1.32009729249109,1,C,1108,10
126.679138797391,72,54.6408459870145,17.3591540129855,0,I,1109,10
60.1041192344992,72,54.784199022688,5.31992021181119,1,C,1110,10
118.342311086692,72,54.8357353499159,17.1642646500841,0,I,1111,10
58.3364885575318,72,54.8473238619044,3.48916469562734,1,C,1112,10
110.746949510281,72,54.9199756141752,17.0800243858248,0,I,1113,10
75.8498652207049,72,54.9404110014439,17.0595889985561,0,C,1114,10
58.708357955484,72,55.0037739286199,3.70458402686404,1,I,1115,10
124.286948625484,72,55.0606116140261,16.9393883859739,0,C,1116,10
61.6190013322164,72,55.0614002393559,6.55760109286052,1,I,1117,10
107.183905368614,72,55.1218409417197,16.8781590582803,0,C,1118,10
138.162010632179,72,55.1454593986273,16.8545406013727,0,I,1119,10
74.2843421710557,70.4113991261787,55.2714874735102,15.1399116526685,0,C,1120,10
62.3019025776918,72,55.2977729961276,7.00412958156414,1,I,1121,10
73.5349832667174,72,55.3268017200753,16.6731982799247,0,C,1122,10
142.165025698245,72,55.5213236203417,16.4786763796583,0,I,1123,10
84.6806093598798,72,55.5591232934967,16.4408767065033,0,C,1124,10
66.1352391252382,72,55.615709410049,10.5195297151891,1,I,1125,10
59.5855853295455,72,55.6665456248447,3.91903970470079,1,C,1126,10
61.8923027931215,72,55.6701671518385,6.22213564128292,1,I,1127,10
58.3608939249905,72,55.8363713650033,2.52452255998717,1,C,1128,10
107.610262487467,72,55.8962658466771,16.1037341533229,0,I,1129,10
193.983108365315,72,56.0391633398831,15.9608366601169,0,C,1130,10
70.7409597049657,72,56.141718942672,14.5992407622937,1,I,1131,10
59.7444506980956,72,56.1443510139361,3.60009968415951,1,C,1132,10
75.071848825929,72,56.1484343139455,15.8515656860545,0,I,1133,10
125.724875314042,72,56.1507583362982,15.8492416637018,0,C,1134,10
91.5964880656249,72,56.1659817444161,15.8340182555839,0,I,1135,10
62.7570420132993,72,56.1900557996705,6.56698621362876,1,C,1136,10
68.4481848944024,72,56.3821665477008,12.0660183467016,1,I,1137,10
127.706083024513,60.7054771714992,56.4172844029963,4.28819276850285,0,C,1138,10
60.59667412147,72,56.4226709632203,4.17400315824966,1,I,1139,10
61.5639423383859,72,56.4230143558234,5.1409279825625,1,C,1140,10
63.7200713992418,72,56.4332883339375,7.28678306530428,1,I,1141,10
123.56185192306,69.1633324589749,56.4793940680102,12.6839383909648,0,C,1142,10
57.7666838482756,72,56.494596702978,1.27208714529759,1,I,1143,10
103.475700752903,72,56.5333399549127,15.4666600450873,0,C,1144,10
76.6724166199416,72,56.5834656078368,15.4165343921632,0,I,1145,10
88.8465646184319,72,56.6038135299459,15.3961864700541,0,C,1146,10
67.3726753290834,72,56.6491793235764,10.723496005507,1,I,1147,10
75.9305994655275,72,56.6935577569529,15.3064422430471,0,C,1148,10
63.1004143989259,72,56.7605469888076,6.33986741011825,1,I,1149,10
132.985432703705,72,56.8782360898331,15.1217639101669,0,C,1150,10
75.2853800268133,72,56.9202167680487,15.0797832319513,0,I,1151,10
60.6947535711853,72,56.9637360144407,3.73101755674468,1,C,1152,10
221.134475829549,72,57.000285401009,14.999714598991,0,I,1153,10
103.563677629183,72,57.0380919193849,14.9619080806151,0,C,1154,10
313.192630705243,60.8951629062763,57.064344920218,3.83081798605831,0,I,1155,10
57.8124106147323,72,57.1321817440912,0.680228870641079,1,C,1156,10
120.455355568609,72,57.1605210704729,14.8394789295271,0,I,1157,10
66.239359250324,72,57.1880865795538,9.05127267077016,1,C,1158,10
57.8858535030142,72,57.236790410243,0.649063092771176,1,I,1159,10
83.5898609456876,72,57.4017150280997,14.5982849719003,0,C,1160,10
117.283694059397,72,57.4452924029902,14.5547075970098,0,I,1161,10
64.6339577065009,72,57.4967129481956,7.13724475830526,1,C,1162,10
141.035634961617,72,57.5752989621833,14.4247010378167,0,I,1163,10
110.726051211839,72,57.5852247979492,14.4147752020508,0,C,1164,10
59.5265197724095,72,57.614704775624,1.91181499678551,1,I,1165,10
173.336057579784,72,57.67532880418,14.32467119582,0,C,1166,10
130.608956750217,72,57.6859908085316,14.3140091914684,0,I,1167,10
190.575799844748,72,57.7390971360728,14.2609028639272,0,C,1168,10
70.6725895738497,72,57.8941025817767,12.778486992073,1,I,1169,10
64.8549360927303,72,57.933708387427,6.92122770530327,1,C,1170,10
124.467593128145,72,57.9621555609629,14.0378444390371,0,I,1171,10
64.9838431909433,72,57.9661320475861,7.01771114335714,1,C,1172,10
150.135980026321,72,57.9909177822992,14.0090822177008,0,I,1173,10
292.071956045332,72,58.0187211558223,13.9812788441777,0,C,1174,10
155.032982708991,72,58.0900012236089,13.9099987763911,0,I,1175,10
77.6265395166582,72,58.1546928780153,13.8453071219847,0,C,1176,10
161.276666922287,72,58.161207055673,13.838792944327,0,I,1177,10
205.301411407779,72,58.1789361219853,13.8210638780147,0,C,1178,10
87.4300112012574,72,58.1971641629934,13.8028358370066,0,I,1179,10
95.5764541534793,72,58.2164217671379,13.7835782328621,0,C,1180,10
60.8803966559358,72,58.3275793259963,2.55281732993941,1,I,1181,10
84.3906629362112,72,58.3752813516185,13.6247186483815,0,C,1182,10
67.6402701781235,72,58.4133965615183,9.22687361660517,1,I,1183,10
122.559134061145,72,58.4173665521666,13.5826334478334,0,C,1184,10
157.944109995783,72,58.4706978499889,13.5293021500111,0,I,1185,10
152.032898919831,72,58.4957182360813,13.5042817639187,0,C,1186,10
131.077552593264,72,58.7898924574256,13.2101075425744,0,I,1187,10
78.6833800666645,72,58.8078909600154,13.1921090399846,0,C,1188,10
59.1767302184832,72,58.8101186044514,0.366611614031814,1,I,1189,10
116.814014380607,72,58.8997480971739,13.1002519028261,0,C,1190,10
86.1284389587163,72,58.9737133216113,13.0262866783887,0,I,1191,10
144.520853015377,72,59.0420895488933,12.9579104511067,0,C,1192,10
66.756854697333,72,59.0616830578074,7.69517163952565,1,I,1193,10
81.8736827281752,72,59.0679131867364,12.9320868132636,0,C,1194,10
113.266651884355,72,59.0899915387854,12.9100084612146,0,I,1195,10
72.3459971782841,69.5561767646275,59.1051479056478,10.4510288589797,0,C,1196,10
68.7023563638287,72,59.1171625815332,9.58519378229546,1,I,1197,10
75.5035807693608,72,59.2248875694349,12.7751124305651,0,C,1198,10
94.3492269044929,72,59.3237958010286,12.6762041989714,0,I,1199,10
88.9924809602979,72,59.3653784506023,12.6346215493977,0,C,1200,10
181.36422068292,72,59.3953819200397,12.6046180799603,0,I,1201,10
123.183300250561,72,59.4002991914749,12.5997008085251,0,C,1202,10
68.8773886109998,72,59.4131445558742,9.4642440551256,1,I,1203,10
63.9184878117346,72,59.4408737914637,4.4776140202709,1,C,1204,10
72.8199754676758,72,59.4675790658221,12.5324209341779,0,I,1205,10
64.6331263958614,72,59.5478488784283,5.08527751743305,1,C,1206,10
67.9330013016742,72,59.5486160879955,8.38438521367874,1,I,1207,10
95.9768922011815,72,59.5759291481227,12.4240708518773,0,C,1208,10
97.2707059272989,72,59.5816532475874,12.4183467524126,0,I,1209,10
165.208742478703,69.6574569942142,59.5838278625161,10.0736291316982,0,C,1210,10
75.1797077768489,72,59.5990382088348,12.4009617911652,0,I,1211,10
104.307365630411,72,59.6159609220922,12.3840390779078,0,C,1212,10
136.161439632149,72,59.7300583356991,12.2699416643009,0,I,1213,10
107.082607144279,72,59.7679549315944,12.2320450684056,0,C,1214,10
64.9823628908477,72,59.7909065382555,5.19145635259218,1,I,1215,10
144.716776192868,72,59.9134063487873,12.0865936512128,0,C,1216,10
182.488360235342,72,59.936489565298,12.063510434702,0,I,1217,10
91.4973176119555,72,59.9644113751128,12.0355886248872,0,C,1218,10
