t_cal_ev,t_cal_cens,t_acc,t,status,group,pat_id,sim_idx
33.5537056029146,72,0.180542422458529,33.3731631804561,1,C,1,1
0.781388456738023,72,0.326011469587684,0.45537698715034,1,I,2,1
16.9130433279028,72,0.34388265106827,16.5691606768345,1,C,3,1
4.3027619676478,72,0.374038447625935,3.92872352002186,1,I,4,1
10.3718860937889,58.7058295504301,0.697501050308347,9.67438504348056,1,C,5,1
1.36806530774817,72,0.732977287843823,0.635088019904347,1,I,6,1
30.4160648466144,72,1.05008787475526,29.3659769718591,1,C,7,1
11.0858923161154,72,1.07188368681818,10.0140086292972,1,I,8,1
14.773873535588,72,1.11126185394824,13.6626116816397,1,C,9,1
14.8530389575992,72,1.37411691248417,13.478922045115,1,I,10,1
6.07431922615688,72,1.47734137717634,4.59697784898054,1,C,11,1
2.99594559654903,72,1.63678660523146,1.35915899131757,1,I,12,1
32.37430858229,38.7618620823249,2.38330329302698,29.991005289263,1,C,13,1
36.2049825057158,72,2.80511601828039,33.3998664874354,1,I,14,1
8.92489907119251,21.0663211946325,2.80810191761702,6.11679715357549,1,C,15,1
5.23605926330145,72,2.90613987017423,2.32991939312722,1,I,16,1
9.32254943694425,72,2.91744229383767,6.40510714310658,1,C,17,1
16.5990609158814,72,3.23776820674539,13.361292709136,1,I,18,1
10.1350828021192,72,3.48123283591121,6.65384996620796,1,C,19,1
21.2667499866295,72,3.56911004986614,17.6976399367634,1,I,20,1
15.7431983607408,72,3.57514687813818,12.1680514826026,1,C,21,1
41.8239413807752,72,3.71306719724089,38.1108741835343,1,I,22,1
12.5550864815033,72,4.38554864376783,8.16953783773544,1,C,23,1
76.5019031829115,72,4.59697476122528,67.4030252387747,0,I,24,1
7.33664774801561,72,4.60440892260522,2.7322388254104,1,C,25,1
6.76995820135984,72,4.6548229129985,2.11513528836135,1,I,26,1
41.445815564718,72,5.20112770143896,36.244687863279,1,C,27,1
9.5765377974004,72,5.28149594552815,4.29504185187225,1,I,28,1
11.8387099282917,72,5.36895772442222,6.46975220386949,1,C,29,1
37.0867024452477,72,6.06683237012476,31.019870075123,1,I,30,1
10.1505540862349,72,6.18192750960589,3.96862657662901,1,C,31,1
17.7671834412541,72,6.26474955584854,11.5024338854056,1,I,32,1
13.0519648001251,72,6.63220681250095,6.41975798762411,1,C,33,1
11.4852724163006,72,6.78891086485237,4.69636155144821,1,I,34,1
18.4141939924141,72,7.3552056401968,11.0589883522173,1,C,35,1
9.56784325251746,72,7.7374037867412,1.83043946577626,1,I,36,1
22.0387868334531,72,7.75197349023074,14.2868133432223,1,C,37,1
11.2675423915961,72,7.76438815053552,3.50315424106053,1,I,38,1
22.0572305068463,72,8.23516166768968,13.8220688391566,1,C,39,1
113.761472465636,72,9.02464650571346,62.9753534942865,0,I,40,1
17.9025186856423,72,9.42654670681804,8.4759719788243,1,C,41,1
39.3294949051248,72,9.49670028872788,29.8327946163969,1,I,42,1
12.4285559315016,72,10.1233329344541,2.30522299704752,1,C,43,1
15.9001686017214,72,10.4264134028926,5.47375519882878,1,I,44,1
31.4981118657824,72,10.4391487268731,21.0589631389093,1,C,45,1
70.7798642084414,72,10.8234230289236,59.9564411795178,1,I,46,1
27.9141307298605,72,10.8866520551965,17.027478674664,1,C,47,1
18.6732078327803,72,11.5526299970225,7.12057783575789,1,I,48,1
13.9018716238373,72,11.8117097765207,2.09016184731654,1,C,49,1
17.6976495920788,72,12.5270692259073,5.17058036617148,1,I,50,1
50.6847322772675,72,13.018835708499,37.6658965687685,1,C,51,1
50.0511713623636,72,13.1288671586663,36.9223042036973,1,I,52,1
22.2058143052266,72,13.301934460178,8.90387984504861,1,C,53,1
15.0506854537969,72,13.4439485287294,1.60673692506757,1,I,54,1
23.5132154045747,72,13.460754272528,10.0524611320467,1,C,55,1
27.8794078834666,72,14.1049036430195,13.7745042404471,1,I,56,1
17.2566522514753,72,14.118779967539,3.13787228393631,1,C,57,1
27.7200636926662,72,14.3643054971471,13.355758195519,1,I,58,1
78.2561571053949,72,14.4253124669194,57.5746875330806,0,C,59,1
14.7550395487469,72,14.697856712155,0.0571828365918439,1,I,60,1
16.986002811165,32.9458755432778,15.4962656507269,1.48973716043815,1,C,61,1
63.3047776700365,72,15.9436629898846,47.3611146801519,1,I,62,1
18.1790807877637,72,16.1846538120881,1.9944269756756,1,C,63,1
28.4456337306328,72,16.278756824322,12.1668769063108,1,I,64,1
56.0543625814475,72,16.3536888174713,39.7006737639762,1,C,65,1
27.5113815265359,72,16.5642684604973,10.9471130660386,1,I,66,1
23.786503885243,70.2138836538603,16.8231247644871,6.96337912075588,1,C,67,1
31.0676182835089,72,17.2260918421671,13.8415264413418,1,I,68,1
34.9570009464848,72,17.3994971998036,17.5575037466812,1,C,69,1
25.6223732166416,72,18.3252219110727,7.29715130556888,1,I,70,1
41.4319172764915,72,18.8308137981221,22.6011034783694,1,C,71,1
25.4634392623599,72,18.8516963738948,6.61174288846511,1,I,72,1
20.793056209834,72,19.1498049907386,1.64325121909541,1,C,73,1
37.7425870888471,72,19.2114608595148,18.5311262293323,1,I,74,1
47.5923962211413,72,19.2407075129449,28.3516887081964,1,C,75,1
44.7723878357384,72,19.8154817009345,24.956906134804,1,I,76,1
30.4066287549474,72,19.830651730299,10.5759770246484,1,C,77,1
30.8412076532029,72,19.9475624738261,10.8936451793768,1,I,78,1
28.3859899944201,72,20.3067847061902,8.07920528822984,1,C,79,1
46.3077455012063,72,20.3979879571125,25.9097575440938,1,I,80,1
29.8181343013386,72,20.6319796806201,9.1861546207185,1,C,81,1
44.4309005870091,72,20.733833508566,23.6970670784431,1,I,82,1
32.8463220679166,72,20.767394551076,12.0789275168406,1,C,83,1
27.5919888240687,72,21.3977242726833,6.19426455138545,1,I,84,1
35.3374658986156,72,21.4547005528584,13.8827653457572,1,C,85,1
90.5274937723594,72,21.5211589867249,50.4788410132751,0,I,86,1
35.4340900722621,72,21.5939070051536,13.8401830671085,1,C,87,1
23.6291102695842,72,21.7362670088187,1.89284326076549,1,I,88,1
30.2359898482275,72,22.1990963257849,8.03689352244261,1,C,89,1
26.4897830579311,72,22.2607802879065,4.22900277002461,1,I,90,1
34.5601614940618,72,22.3326127650216,12.2275487290402,1,C,91,1
54.1685857669523,72,22.4189770314842,31.749608735468,1,I,92,1
33.4329875107096,72,22.659678356722,10.7733091539876,1,C,93,1
30.2486504778381,72,22.6959390565753,7.55271142126281,1,I,94,1
25.4144872971534,52.662850498124,22.7603155374527,2.65417175970069,1,C,95,1
31.0728319843101,72,23.2564093312249,7.81642265308522,1,I,96,1
49.1378401238525,72,23.4550205105916,25.6828196132609,1,C,97,1
61.7610282251058,72,23.5230558877811,38.2379723373247,1,I,98,1
36.0523321865254,72,24.0999811515212,11.9523510350042,1,C,99,1
48.8813071629394,72,24.5912825502455,24.2900246126938,1,I,100,1
30.9451402593284,72,25.8280781004578,5.1170621588706,1,C,101,1
39.7285200745337,72,25.8769825519994,13.8515375225343,1,I,102,1
33.2388867810913,72,26.1490537645295,7.08983301656173,1,C,103,1
62.8313169144895,72,26.1575029604137,36.6738139540758,1,I,104,1
71.4226343544223,72,26.8212844664231,44.6013498879992,1,C,105,1
49.6319844886806,61.8302898207273,27.2789457812905,22.3530387073901,1,I,106,1
28.4298122244923,72,27.4523977562785,0.977414468213749,1,C,107,1
34.5398743486903,72,27.5622080080211,6.97766634066919,1,I,108,1
42.9989711264069,72,27.828157232143,15.1708138942639,1,C,109,1
42.8559383130829,72,27.9573506209999,14.898587692083,1,I,110,1
41.2520523625827,72,28.0871469760314,13.1649053865514,1,C,111,1
44.2757323477778,72,28.1517254468054,16.1240069009724,1,I,112,1
34.3829159603123,72,28.8767743762583,5.50614158405409,1,C,113,1
34.6134173064185,72,29.0542587591335,5.55915854728502,1,I,114,1
35.3030534499204,72,29.0584964957088,6.24455695421156,1,C,115,1
180.949748463146,72,29.1390556097031,42.8609443902969,0,I,116,1
64.028795629512,72,29.4397498341277,34.5890457953843,1,C,117,1
38.3991541516715,72,29.468927225098,8.93022692657353,1,I,118,1
41.2436998749569,72,29.611563468352,11.632136406605,1,C,119,1
40.6287951835237,72,29.92897819262,10.6998169909037,1,I,120,1
41.3018510285873,72,30.0101813161746,11.2916697124127,1,C,121,1
40.8184863091278,72,30.2290387451649,10.5894475639629,1,I,122,1
36.3159105902971,72,30.5152237275615,5.80068686273552,1,C,123,1
64.6685200332331,72,30.7054411852732,33.9630788479599,1,I,124,1
31.2190216065776,72,30.7565403683111,0.462481238266466,1,C,125,1
51.3580616933296,72,30.8496707724407,20.5083909208888,1,I,126,1
31.4412569336898,72,30.9273836715147,0.513873262175137,1,C,127,1
59.3439106903978,72,31.0967767657712,28.2471339246266,1,I,128,1
37.0698329843879,72,31.1382505344227,5.93158244996519,1,C,129,1
40.2541774141804,72,31.195074794814,9.05910261936645,1,I,130,1
34.7659191839916,72,31.4645180571824,3.30140112680912,1,C,131,1
40.5756808195714,72,31.6640779701993,8.91160284937207,1,I,132,1
35.441434213585,72,31.729710646905,3.71172356667995,1,C,133,1
36.0292045485297,72,32.2042302461341,3.82497430239564,1,I,134,1
45.4538928181299,72,32.2392061958089,13.2146866223209,1,C,135,1
35.8640387200106,72,32.2728664241731,3.59117229583753,1,I,136,1
73.5956991747105,72,32.464864673093,39.535135326907,0,C,137,1
42.1728669323086,72,32.522817584686,9.6500493476226,1,I,138,1
51.5951627749011,72,32.9593836050481,18.635779169853,1,C,139,1
47.1135943087744,72,32.9894371563569,14.1241571524176,1,I,140,1
44.786240680554,72,33.3430904801935,11.4431502003605,1,C,141,1
94.2746378060423,72,33.3797524357215,38.6202475642785,0,I,142,1
56.7603257718568,36.7210465815069,33.5294644860551,3.19158209545179,0,C,143,1
57.3080911140669,72,34.0172764984891,23.2908146155779,1,I,144,1
39.4128635734556,72,34.1679806029424,5.24488297051314,1,C,145,1
44.2511025911484,61.0401752495514,34.8724345536903,9.37866803745816,1,I,146,1
35.3130573911604,72,35.2850208291784,0.0280365619820396,1,C,147,1
70.5359363485002,72,35.4347842326388,35.1011521158614,1,I,148,1
37.9654014524431,72,35.6247525941581,2.34064885828502,1,C,149,1
36.1120783676795,72,35.8668228099123,0.245255557767236,1,I,150,1
55.023544615806,72,36.9827821757644,18.0407624400415,1,C,151,1
66.3417861876299,72,37.2101762378588,29.131609949771,1,I,152,1
73.6283303586138,72,37.2160069970414,34.7839930029586,0,C,153,1
70.6027029466712,72,38.595599164255,32.0071037824163,1,I,154,1
39.4804295749934,72,38.7579180160537,0.722511558939704,1,C,155,1
130.646545375082,72,39.1759417159483,32.8240582840517,0,I,156,1
95.1701189337309,72,39.2211791686714,32.7788208313286,0,C,157,1
41.5684836287976,72,39.2888664454222,2.2796171833754,1,I,158,1
45.8389942917513,72,39.7081329161301,6.13086137562117,1,C,159,1
61.823953017371,72,39.9685924267396,21.8553605906313,1,I,160,1
51.6898917628996,72,40.0592092517763,11.6306825111233,1,C,161,1
44.3543904046956,72,40.9786459151655,3.37574448953008,1,I,162,1
52.8346481359879,72,41.0189608996734,11.8156872363145,1,C,163,1
62.4190529075116,72,41.2024149857461,21.2166379217654,1,I,164,1
48.2832859244007,72,41.371031482704,6.91225444169671,1,C,165,1
79.7088265232141,72,42.0906384615228,29.9093615384772,0,I,166,1
46.7632752700055,72,42.6410281285644,4.12224714144111,1,C,167,1
46.6893859056273,72,42.8524751029909,3.83691080263643,1,I,168,1
59.2022954355813,72,43.1877248128876,16.0145706226937,1,C,169,1
52.6765999948488,72,43.6150870285928,9.06151296625598,1,I,170,1
44.4184248708435,72,43.6436441866681,0.774780684175421,1,C,171,1
58.9456117506784,72,44.0922016091645,14.8534101415139,1,I,172,1
48.5845118744026,72,44.1741796536371,4.41033222076544,1,C,173,1
67.0714288103766,72,44.518587780185,22.5528410301915,1,I,174,1
57.3752246381102,72,44.8215629300103,12.5536617080999,1,C,175,1
88.1183718011345,72,45.1706426683813,26.8293573316187,0,I,176,1
61.6394387204016,72,45.4828507779166,16.156587942485,1,C,177,1
73.8789595499488,72,45.4965955903754,26.5034044096246,0,I,178,1
53.8127890861223,51.911329290181,45.5315273534507,6.3798019367303,0,C,179,1
53.9951580786374,72,45.6794318603352,8.31572621830226,1,I,180,1
63.5587182622434,72,45.7408929616213,17.8178253006221,1,C,181,1
58.9732270304226,72,45.8482349384576,13.124992091965,1,I,182,1
48.8411507057288,72,45.8509894832969,2.99016122243189,1,C,183,1
54.7995223188395,72,46.2596363201737,8.53988599866571,1,I,184,1
58.8370934222062,72,46.2968215998262,12.5402718223799,1,C,185,1
59.1684361014273,72,46.7388837877661,12.4295523136612,1,I,186,1
58.9930935258523,52.5255585842762,46.7923736153171,5.73318496895918,0,C,187,1
47.8508317507504,72,46.9798518810421,0.870979869708262,1,I,188,1
61.1822113474906,51.6520244790011,47.0928976451978,4.5591268338033,0,C,189,1
71.3916214957104,72,47.130799270235,24.2608222254754,1,I,190,1
64.2822570321029,72,47.1873188205063,17.0949382115965,1,C,191,1
99.2536041475481,72,47.3988868994638,24.6011131005362,0,I,192,1
54.4195200317268,72,47.4329066555947,6.98661337613205,1,C,193,1
62.0728801746486,60.6444624735815,47.4590708920732,13.1853915815082,0,I,194,1
49.055514109552,72,47.5444122590125,1.51110185053951,1,C,195,1
95.8307714726197,72,47.8485977975652,24.1514022024348,0,I,196,1
53.2257239177242,72,48.0234152125195,5.20230870520474,1,C,197,1
100.651789541489,72,48.3329227706417,23.6670772293583,0,I,198,1
58.9157565482223,72,48.5106848459691,10.4050717022532,1,C,199,1
48.6807950717613,72,48.6017881007865,0.0790069709747645,1,I,200,1
78.3216239580238,65.0714196658933,49.2598509136587,15.8115687522346,0,C,201,1
84.6745273910093,72,49.5311573334038,22.4688426665962,0,I,202,1
51.8546378243805,72,49.9846483021975,1.86998952218305,1,C,203,1
71.6110376828605,72,50.0443056877703,21.5667319950903,1,I,204,1
81.140112381839,69.742675834445,50.1127410773188,19.6299347571262,0,C,205,1
57.9226103458577,72,50.5426184087992,7.37999193705856,1,I,206,1
55.211426936791,72,51.6406408231705,3.57078611362047,1,C,207,1
60.8595064654491,72,51.8064030446112,9.05310342083791,1,I,208,1
57.006724595842,72,51.8209332833067,5.1857913125353,1,C,209,1
65.2931080976942,72,52.2396850772202,13.053423020474,1,I,210,1
56.1605807407333,72,52.3906714562327,3.76990928450067,1,C,211,1
89.5702296449156,72,52.4833625089377,19.5166374910623,0,I,212,1
56.2545015866686,72,52.9140261467546,3.34047543991401,1,C,213,1
97.1790517514303,72,52.9460933525115,19.0539066474885,0,I,214,1
54.564545434161,72,54.1416584188119,0.422887015349155,1,C,215,1
106.989609208457,72,54.2709568608552,17.7290431391448,0,I,216,1
56.5132082148452,72,54.3393605807796,2.17384763406562,1,C,217,1
60.7200784041163,72,54.7701206244528,5.94995777966346,1,I,218,1
68.6895448673001,72,55.2804619492963,13.4090829180038,1,C,219,1
81.8080394575758,72,55.3894064482302,16.6105935517699,0,I,220,1
84.5393360815728,72,55.8773727994412,16.1226272005588,0,C,221,1
69.0478152103905,72,56.0161112202331,13.0317039901574,1,I,222,1
57.5203497088913,72,56.8797390349209,0.640610673970386,1,C,223,1
58.5055018083224,72,57.0131644047797,1.49233740354275,1,I,224,1
90.7752541844498,72,57.3161147441715,14.6838852558285,0,C,225,1
100.470262344585,72,57.6927929045633,14.3072070954368,0,I,226,1
81.8250635184747,72,57.788303475827,14.211696524173,0,C,227,1
64.3459590759794,72,57.7927294699475,6.55322960603183,1,I,228,1
89.5034320609279,72,58.0643848702312,13.9356151297688,0,C,229,1
77.9410666757397,72,58.2100605452433,13.7899394547567,0,I,230,1
60.7185241939497,72,58.2232253160328,2.49529887791695,1,C,231,1
60.0692712111616,72,58.9237237628549,1.14554744830665,1,I,232,1
59.8263768531895,72,59.1436062427238,0.682770610465766,1,C,233,1
104.260443750225,72,59.4755405047908,12.5244594952092,0,I,234,1
85.4531356235372,72,59.5581829547882,12.4418170452118,0,C,235,1
73.2325343825864,72,59.5650078635663,12.4349921364337,0,I,236,1
5.9220481995114,72,0.0144103774800897,5.90763782203131,1,I,1,2
26.2579270730687,72,0.10138001292944,26.1565470601392,1,C,2,2
40.3728724331612,72,0.457734502851963,39.9151379303092,1,I,3,2
9.08720414328032,72,0.54255532566458,8.54464881761574,1,C,4,2
11.1256720390026,72,0.773519254289568,10.352152784713,1,I,5,2
32.6619042607502,72,1.23551127500832,31.4263929857418,1,C,6,2
6.04948110964712,34.0797698208116,1.40805561561137,4.64142549403575,1,I,7,2
33.6901305023343,72,1.5078554302454,32.1822750720889,1,C,8,2
8.01833087582324,48.2945322441129,1.65256551001221,6.36576536581103,1,I,9,2
28.2293969270987,9.91470014234079,1.75440299324691,8.16029714909388,0,C,10,2
2.31590507459244,72,1.78098132368177,0.534923750910668,1,I,11,2
52.4012988613964,72,1.87991978600621,50.5213790753901,1,C,12,2
98.7547505373465,72,1.89491981640458,70.1050801835954,0,I,13,2
13.1559020235641,72,2.71460588090122,10.4412961426628,1,C,14,2
191.461216687119,72,3.15658904146403,68.843410958536,0,I,15,2
18.9738697205261,72,3.41914888937026,15.5547208311558,1,C,16,2
59.3381822490811,72,4.18450891971588,55.1536733293652,1,I,17,2
10.5768717422376,72,4.88828826695681,5.68858347528079,1,C,18,2
17.5201618076307,72,5.29761818703264,12.222543620598,1,I,19,2
63.8652340477644,72,5.48125064000487,58.3839834077595,1,C,20,2
18.7510267030219,72,5.67328875884414,13.0777379441777,1,I,21,2
27.274865503966,57.4881362694483,5.82912722602487,21.4457382779411,1,C,22,2
16.7794916079809,72,6.40323364175856,10.3762579662223,1,I,23,2
7.23374081297687,72,6.48559056222439,0.748150250752486,1,C,24,2
30.902192206426,72,6.49410334881395,24.408088857612,1,I,25,2
8.11278883136561,72,6.61895331926644,1.49383551209917,1,C,26,2
49.8042299347077,72,6.74680753145367,43.0574224032541,1,I,27,2
54.6130771718138,72,7.20991618931294,47.4031609825009,1,C,28,2
31.8829468760897,72,7.34735798556358,24.5355888905262,1,I,29,2
11.4596267994806,65.8045085705713,7.72280399221927,3.73682280726133,1,C,30,2
93.0261420604588,72,7.82305522821844,64.1769447717816,0,I,31,2
32.3698875645125,72,8.46597129944712,23.9039162650654,1,C,32,2
56.4618134539968,72,8.6066714907065,47.8551419632903,1,I,33,2
17.9778906920883,72,9.00097566191107,8.9769150301772,1,C,34,2
36.9059482045987,72,9.1680503077805,27.7378978968182,1,I,35,2
12.1494370173666,72,9.1757655562833,2.97367146108332,1,C,36,2
45.0223799395069,72,9.1828909702599,35.839488969247,1,I,37,2
15.4671678585281,72,9.19375909958035,6.27340875894778,1,C,38,2
31.1886205200977,31.8728465633682,9.40015914849937,21.7884613715983,1,I,39,2
22.2101514901441,72,9.41499799489975,12.7951534952444,1,C,40,2
15.4231205463338,72,9.53553259838372,5.88758794795003,1,I,41,2
31.3482143059967,72,9.725715466775,21.6224988392217,1,C,42,2
52.2947547365076,72,9.80423948261887,42.4905152538887,1,I,43,2
10.7840186096618,72,9.93628717493266,0.847731434729145,1,C,44,2
67.1445118509232,72,9.94408235885203,57.2004294920712,1,I,45,2
11.1209460389386,72,10.0155199924484,1.10542604649024,1,C,46,2
15.8885976019103,72,10.4221124108881,5.4664851910222,1,I,47,2
15.0605489576563,72,11.1513237515464,3.90922520610988,1,C,48,2
20.3886223909597,72,11.1823926027864,9.20622978817329,1,I,49,2
23.9026104298641,72,11.6948135336861,12.207796896178,1,C,50,2
12.5118162708302,72,11.855104258284,0.656712012546205,1,I,51,2
16.5990542697449,72,11.8948085093871,4.70424576035781,1,C,52,2
45.5694540207869,72,12.0766200777143,33.4928339430726,1,I,53,2
33.563096725473,72,12.2225140174851,21.3405827079879,1,C,54,2
29.677109242505,72,12.7723047696054,16.9048044728996,1,I,55,2
30.2176492283939,72,12.8831165609881,17.3345326674058,1,C,56,2
16.0446549630854,72,13.0519790668041,2.99267589628133,1,I,57,2
26.7807273814157,72,13.3911809278652,13.3895464535505,1,C,58,2
52.3157355976025,72,13.6760916374624,38.6396439601401,1,I,59,2
22.7026217606387,72,14.0083999978378,8.69422176280084,1,C,60,2
46.1471925409453,72,14.0437347628176,32.1034577781277,1,I,61,2
16.4232582359249,72,14.1949983173981,2.22825991852678,1,C,62,2
30.8920776748944,72,14.1980042355135,16.6940734393809,1,I,63,2
22.1332490547603,72,14.2720120679587,7.86123698680163,1,C,64,2
24.1163325430121,72,14.3440053937957,9.77232714921645,1,I,65,2
40.6837613470948,72,14.5164389815182,26.1673223655766,1,C,66,2
19.6915977612816,72,14.5953523088247,5.09624545245689,1,I,67,2
25.1994782716514,72,14.7684284392744,10.4310498323769,1,C,68,2
29.5869320209991,72,15.6846666801721,13.902265340827,1,I,69,2
25.0287497070301,72,16.4063312206417,8.6224184863884,1,C,70,2
22.7478019148868,72,16.4168088510633,6.33099306382357,1,I,71,2
44.5905100390702,72,16.7187970876694,27.8717129514009,1,C,72,2
94.0422754499991,72,16.7321984656155,55.2678015343845,0,I,73,2
31.7835875768367,72,17.5727494759485,14.2108381008882,1,C,74,2
28.4012483614188,72,18.056557844393,10.3446905170258,1,I,75,2
20.6198900299122,72,18.4434557240456,2.17643430586656,1,C,76,2
73.01734919057,72,18.7895537540317,53.2104462459683,0,I,77,2
26.3186652567447,72,19.0989627689123,7.21970248783239,1,C,78,2
48.7546489549043,72,19.2048014514148,29.5498475034895,1,I,79,2
22.8196546718753,72,19.2864425573498,3.53321211452549,1,C,80,2
76.4867301770075,72,19.6814334578812,52.3185665421188,0,I,81,2
33.6261322959311,27.4904579791383,19.7493882570416,7.74106972209672,0,C,82,2
21.7247203649628,72,19.770160834305,1.95455953065778,1,I,83,2
31.1842072289683,72,20.0607548933476,11.1234523356207,1,C,84,2
59.5321042108514,40.3885965624594,20.1136563112959,20.2749402511635,0,I,85,2
33.5907868463968,72,20.5522325215861,13.0385543248107,1,C,86,2
33.1145820290906,72,20.8576978370547,12.2568841920358,1,I,87,2
28.6954971017187,72,21.3628959842026,7.3326011175161,1,C,88,2
22.024216371858,45.3512079422038,21.4762106398121,0.548005732045909,1,I,89,2
34.3459029144754,72,21.7515080887824,12.594394825693,1,C,90,2
41.6979084870877,72,21.8344178237021,19.8634906633856,1,I,91,2
22.96257556277,72,21.9808490993455,0.981726463424527,1,C,92,2
47.3700540888824,72,22.2286747070029,25.1413793818795,1,I,93,2
68.1490785184819,72,22.262897095643,45.8861814228389,1,C,94,2
31.7786917134769,72,22.6683379244059,9.110353789071,1,I,95,2
25.6713005196929,72,22.9710752656683,2.70022525402456,1,C,96,2
51.0780520528789,72,23.12243913766,27.955612915219,1,I,97,2
32.4744336564045,72,23.7865137169138,8.68791993949071,1,C,98,2
51.4103544053652,72,23.8401839369908,27.5701704683744,1,I,99,2
86.7263866476408,72,23.9054764900357,48.0945235099644,0,C,100,2
29.3061993307737,72,24.3863784894347,4.919820841339,1,I,101,2
36.5402362386253,72,25.1056712167338,11.4345650218915,1,C,102,2
30.1819405631648,72,25.2500510774553,4.93188948570953,1,I,103,2
44.2953338798562,72,25.2503153169528,19.0450185629034,1,C,104,2
29.8019146009838,72,25.3222664957866,4.47964810519717,1,I,105,2
28.9508316664829,72,25.4825676558539,3.46826401062894,1,C,106,2
38.3639876655059,72,25.5667879711837,12.7971996943223,1,I,107,2
34.3283397968083,72,25.7466201670468,8.58171962976152,1,C,108,2
38.8402842643205,72,25.9233703091741,12.9169139551464,1,I,109,2
62.7699172001153,72,26.0082529764622,36.7616642236531,1,C,110,2
79.4755833101456,72,26.1472076363862,45.8527923636139,0,I,111,2
41.281188880079,72,26.2484887428582,15.0327001372209,1,C,112,2
31.3602654577327,72,26.2925924314186,5.06767302631411,1,I,113,2
62.3071658992321,72,26.3861398212612,35.9210260779709,1,C,114,2
38.2505203788776,72,26.4085126854479,11.8420076934297,1,I,115,2
50.8905630701712,72,27.1281123301014,23.7624507400697,1,C,116,2
32.9059086408305,72,27.2604381060228,5.64547053480776,1,I,117,2
40.1467062028241,72,27.4282886087894,12.7184175940346,1,C,118,2
56.1382114965641,72,27.4816587986425,28.6565526979217,1,I,119,2
36.7831948516523,72,27.5995539966971,9.18364085495527,1,C,120,2
36.5157953029986,72,27.7316745417193,8.78412076127929,1,I,121,2
45.0181803329972,72,27.8367351181805,17.1814452148167,1,C,122,2
31.5276867102686,72,28.2639742037281,3.26371250654045,1,I,123,2
40.2877569914324,72,28.3410048438236,11.9467521476087,1,C,124,2
40.8183105083086,72,28.4147017356008,12.4036087727078,1,I,125,2
35.7681621620562,72,29.0252324659377,6.74292969611846,1,C,126,2
44.7562990180109,72,29.0297858091071,15.7265132089038,1,I,127,2
36.2719791515258,72,29.7113260673359,6.56065308418985,1,C,128,2
31.527809807581,72,29.7406040411443,1.78720576643671,1,I,129,2
30.8422599048207,72,29.7990677179769,1.04319218684378,1,C,130,2
30.6595293221046,72,30.0663952203468,0.593134101757817,1,I,131,2
38.8565091945962,72,30.306592527777,8.54991666681919,1,C,132,2
81.8005565358315,72,30.6891370145604,41.3108629854396,0,I,133,2
56.451867504263,72,30.8916942123324,25.5601732919306,1,C,134,2
32.0715411577017,72,31.0371802188456,1.03436093885611,1,I,135,2
36.3862512797586,72,31.0538228368387,5.33242844291992,1,C,136,2
44.4805727965679,72,31.4071554969996,13.0734172995683,1,I,137,2
35.2039180330372,72,31.4544147346169,3.74950329842032,1,C,138,2
40.0216551850515,72,31.6576626431197,8.36399254193177,1,I,139,2
34.8223293043487,72,31.8590338295326,2.96329547481613,1,C,140,2
35.6372712643525,72,31.9978953246027,3.63937593974974,1,I,141,2
40.0521109259533,72,32.3500916641206,7.70201926183277,1,C,142,2
44.718320168565,72,32.4624336278066,12.2558865407584,1,I,143,2
54.1430049818706,72,32.5450751697645,21.5979298121061,1,C,144,2
43.03874709871,72,32.7428272040561,10.2959198946539,1,I,145,2
50.4427426217733,72,32.7525239624083,17.690218659365,1,C,146,2
140.209611913156,72,32.9733209917322,39.0266790082678,0,I,147,2
48.6321670814543,72,33.1891733128577,15.4429937685965,1,C,148,2
58.0772702946401,72,33.1962443562225,24.8810259384177,1,I,149,2
35.4568237943228,72,33.961862702854,1.49496109146884,1,C,150,2
36.4331406471675,72,33.9876046590507,2.44553598811679,1,I,151,2
54.4288962227457,72,34.0394385159016,20.3894577068441,1,C,152,2
50.1953777344089,72,34.2483834782615,15.9469942561474,1,I,153,2
38.0411686534815,72,34.6770991338417,3.36406951963984,1,C,154,2
36.6845848259694,72,34.7839028108865,1.9006820150829,1,I,155,2
71.0723157153172,72,34.9402681784704,36.1320475368468,1,C,156,2
71.1005632219771,72,35.2293876931071,35.87117552887,1,I,157,2
71.1446511583651,72,35.4435443133116,35.7011068450535,1,C,158,2
46.3640555554096,72,35.6392222456634,10.7248333097462,1,I,159,2
37.670936825918,72,35.7976419338957,1.87329489202232,1,C,160,2
60.9916408087865,72,36.4727754006162,24.5188654081703,1,I,161,2
46.9386051545768,72,36.5106478566304,10.4279572979464,1,C,162,2
121.58449726286,72,36.6689573647454,35.3310426352546,0,I,163,2
67.9772499966253,72,36.694818274118,31.2824317225073,1,C,164,2
69.1548421270083,72,36.7278525838628,32.4269895431454,1,I,165,2
55.6973080823939,72,36.9646020792425,18.7327060031514,1,C,166,2
52.7230212312532,72,37.1386233530939,15.5843978781594,1,I,167,2
41.9746945649833,70.6641813957562,37.1397833526135,4.83491121236985,1,C,168,2
130.935585408305,72,37.1456787502393,34.8543212497607,0,I,169,2
39.6643094820098,72,37.1641106670722,2.50019881493756,1,C,170,2
46.014543457373,72,37.3055853741244,8.70895808324867,1,I,171,2
76.8706346948204,72,37.3580004600808,34.6419995399192,0,C,172,2
50.5538359191295,56.7066335041838,37.7489824360237,12.8048534831059,1,I,173,2
49.9964101207516,72,37.8480327269062,12.1483773938454,1,C,174,2
79.9345901603788,72,37.9626464098692,34.0373535901308,0,I,175,2
46.3769050596255,72,38.2035353081301,8.17336975149542,1,C,176,2
48.9514869881124,72,38.2677605934441,10.6837263946683,1,I,177,2
47.8616256700415,72,39.4919252302498,8.36970043979169,1,C,178,2
79.4243721003342,62.56541141722,39.6560706244782,22.9093407927418,0,I,179,2
51.688518952494,49.2544990411678,39.7458320204169,9.50866702075098,0,C,180,2
112.507223985296,40.1637407880128,39.8145913565531,0.34914943145963,0,I,181,2
69.8963070644423,72,40.1462109060958,29.7500961583465,1,C,182,2
72.9017490399342,72,40.5843255249783,31.4156744750217,0,I,183,2
42.4530176670527,72,40.7439520955086,1.70906557154409,1,C,184,2
144.025997479998,72,41.3319791061804,30.6680208938196,0,I,185,2
45.1697900197124,72,41.3977415068075,3.77204851290488,1,C,186,2
44.1285036664145,72,41.6431958321482,2.48530783426629,1,I,187,2
43.0938845920468,72,41.8994172010571,1.19446739098973,1,C,188,2
52.1168238271218,72,43.1235331809148,8.99329064620694,1,I,189,2
44.8950891683775,72,43.4899766603485,1.40511250802902,1,C,190,2
46.9770205253646,72,43.7988060666248,3.17821445873981,1,I,191,2
49.6763950523298,72,44.1173791419715,5.55901591035831,1,C,192,2
54.5965164284768,72,44.3730573076755,10.2234591208013,1,I,193,2
73.145945928446,72,44.4212309690192,27.5787690309808,0,C,194,2
47.1962518987427,72,44.568551746197,2.6277001525457,1,I,195,2
49.7318195070256,72,44.6842862572521,5.04753324977351,1,C,196,2
52.6648949156224,72,44.9724897835404,7.69240513208198,1,I,197,2
46.5616051123202,72,45.2390146208927,1.32259049142753,1,C,198,2
76.539729857106,72,45.3019039984793,26.6980960015208,0,I,199,2
64.6923051845446,72,45.5639116605744,19.1283935239702,1,C,200,2
54.191144120163,72,45.5997110763565,8.59143304380653,1,I,201,2
47.1385874960134,72,45.9042856190354,1.23430187697806,1,C,202,2
73.2044765353792,72,46.0132904816419,25.9867095183581,0,I,203,2
57.4779175863587,72,46.1032316135243,11.3746859728344,1,C,204,2
56.8374968540327,72,46.4800289645791,10.3574678894536,1,I,205,2
48.0708528288388,72,46.7701596720144,1.30069315682439,1,C,206,2
53.0649338660071,72,46.8101485446096,6.25478532139754,1,I,207,2
56.2794013234297,72,47.6128350337967,8.66656628963297,1,C,208,2
63.9437714380353,72,48.502881671302,15.4408897667332,1,I,209,2
72.7090436095712,72,48.6444734036923,23.3555265963078,0,C,210,2
55.8800042723926,72,48.7087695579976,7.17123471439496,1,I,211,2
60.3371753582516,72,48.7832806399092,11.5538947183424,1,C,212,2
62.975555826866,72,48.9123356854543,14.0632201414117,1,I,213,2
59.9358685226972,72,48.9655339624733,10.9703345602239,1,C,214,2
65.1298806022625,72,49.2168037220836,15.9130768801789,1,I,215,2
119.904240265803,72,49.4674994889647,22.5325005110353,0,C,216,2
83.3454965928365,72,49.5703764958307,22.4296235041693,0,I,217,2
58.9135385447388,72,49.7359080333263,9.17763051141256,1,C,218,2
71.9524450160012,72,50.4333334229887,21.5191115930125,1,I,219,2
62.1480332132353,72,51.1499460786581,10.9980871345772,1,C,220,2
90.8571761784356,72,51.5782242827117,20.4217757172883,0,I,221,2
58.8413647095023,72,51.7367953760549,7.10456933344734,1,C,222,2
78.3860372425395,72,51.8391777388752,20.1608222611249,0,I,223,2
58.0419798555883,72,51.9987628888339,6.04321696675436,1,C,224,2
54.3174846180544,72,52.2183659439907,2.09911867406374,1,I,225,2
79.2898228525715,72,52.2744883177802,19.7255116822198,0,C,226,2
56.4059210326184,72,52.4455847404897,3.96033629212868,1,I,227,2
57.9097404763938,72,52.5073698861525,5.40237059024135,1,C,228,2
164.870362708097,72,53.1738789891824,18.8261210108176,0,I,229,2
64.7734626423569,72,53.2815924379975,11.4918702043594,1,C,230,2
88.102530465946,72,53.2839805539697,18.7160194460303,0,I,231,2
75.9519400889408,72,53.9698318764567,18.0301681235433,0,C,232,2
94.6772194551448,72,54.1332140984014,17.8667859015986,0,I,233,2
56.366290891053,72,54.1549450764433,2.21134581460969,1,C,234,2
73.6465453323211,72,54.3784513045102,17.6215486954898,0,I,235,2
83.076686490528,72,54.444511346519,17.555488653481,0,C,236,2
108.65146379148,72,54.9670533556491,17.0329466443509,0,I,237,2
58.0567129368254,72,55.7052493840456,2.35146355277978,1,C,238,2
68.6560317144552,72,56.2756985379383,12.3803331765169,1,I,239,2
86.5713179084451,72,56.3662410294637,15.6337589705363,0,C,240,2
60.0653431393787,72,56.9435856398195,3.12175749955919,1,I,241,2
71.6409030590124,72,57.3316403059289,14.3092627530835,1,C,242,2
71.3257723384617,72,57.4433192471042,13.8824530913575,1,I,243,2
70.5745353679402,72,57.5380105571821,13.0365248107581,1,C,244,2
110.749910176145,72,57.5833401968703,14.4166598031297,0,I,245,2
58.3389868556128,72,57.9075989266858,0.431387928927021,1,C,246,2
102.700593054132,72,58.3749228157103,13.6250771842897,0,I,247,2
60.3265756012457,72,58.3823609864339,1.94421461481173,1,C,248,2
113.272223316537,72,58.9035084564239,13.0964915435761,0,I,249,2
80.1524613488969,72,59.1130708297715,12.8869291702285,0,C,250,2
80.5211091697181,72,59.4583451002836,12.5416548997164,0,I,251,2
10.4412889973298,72,0.127662615850568,10.3136263814792,1,I,1,3
19.95469305978,72,0.315280021168292,19.6394130386117,1,C,2,3
5.84615891012884,72,0.782390884123743,5.0637680260051,1,I,3,3
12.0310777144864,72,1.42048289068043,10.6105948238059,1,C,4,3
17.5838498526114,72,1.77756157703698,15.8062882755745,1,I,5,3
7.31179442180252,72,1.89985839184374,5.41193602995879,1,C,6,3
8.95729420207887,72,2.03800668474287,6.919287517336,1,I,7,3
2.74386201265959,72,2.32186158187687,0.422000430782718,1,C,8,3
7.00287607263326,72,2.37887715920806,4.6239989134252,1,I,9,3
9.36961216595071,72,2.48517857864499,6.88443358730572,1,C,10,3
31.4057356013001,72,2.50956520903856,28.8961703922615,1,I,11,3
23.9528500330493,72,2.8308637579903,21.121986275059,1,C,12,3
4.81144548159358,72,2.87074231076986,1.94070317082372,1,I,13,3
8.11361463229694,72,3.21024413220584,4.90337050009109,1,C,14,3
38.9099489468123,72,3.53197643067688,35.3779725161354,1,I,15,3
5.04395880780757,72,3.66988403722644,1.37407477058113,1,C,16,3
34.0207819735579,72,3.69151774328202,30.3292642302759,1,I,17,3
6.40988520781983,72,3.90796024817973,2.50192495964009,1,C,18,3
21.1255082313209,72,4.11608061287552,17.0094276184453,1,I,19,3
9.68276848266769,72,4.83999035786837,4.84277812479931,1,C,20,3
41.8005600776812,72,5.12442911043763,36.6761309672436,1,I,21,3
9.49239077104356,72,5.61927226837724,3.87311850266631,1,C,22,3
41.4383407792818,72,5.65737002994865,35.7809707493331,1,I,23,3
18.1346508665954,63.8152416673134,5.72858431376517,12.4060665528303,1,C,24,3
22.8910359685483,72,5.93920270912349,16.9518332594248,1,I,25,3
25.0002757721487,72,6.61976398900151,18.3805117831472,1,C,26,3
6.80038265248369,72,6.65041343774647,0.149969214737223,1,I,27,3
18.6340864093337,72,6.70077442657203,11.9333119827617,1,C,28,3
12.01699676034,72,6.7694688308984,5.24752792944164,1,I,29,3
27.130555569787,72,6.8881849385798,20.2423706312072,1,C,30,3
53.4955051656725,72,7.02616281341761,46.4693423522549,1,I,31,3
37.0165089770913,72,7.18195041641593,29.8345585606754,1,C,32,3
20.5403721043708,72,7.50426627695561,13.0361058274152,1,I,33,3
15.4253586754117,72,7.52409621141851,7.90126246399322,1,C,34,3
12.3434494980824,72,7.62358578387648,4.71986371420593,1,I,35,3
29.6271426812541,72,7.77380274608731,21.8533399351668,1,C,36,3
16.2482327096838,72,7.81355453655124,8.43467817313253,1,I,37,3
71.0576420003378,72,7.90876781567931,63.1488741846584,1,C,38,3
166.415394667058,72,8.32543873228133,63.6745612677187,0,I,39,3
24.3585169680778,72,8.34776013158262,16.0107568364952,1,C,40,3
32.0328644093859,72,8.56053009163588,23.47233431775,1,I,41,3
25.7242978200391,72,8.59110583551228,17.1331919845268,1,C,42,3
36.4224466275402,72,8.61804743763059,27.8043991899096,1,I,43,3
20.8709254424286,72,8.65699142217636,12.2139340202522,1,C,44,3
48.9575392491823,72,8.69797458406538,40.2595646651169,1,I,45,3
10.1200965252574,72,9.06641216017306,1.0536843650843,1,C,46,3
53.7861229335164,72,9.66672799084336,44.119394942673,1,I,47,3
14.4202015909656,72,9.77731169667095,4.64288989429463,1,C,48,3
13.2931822015522,72,9.91893579717726,3.37424640437498,1,I,49,3
20.189228222006,72,10.108426194638,10.080802027368,1,C,50,3
20.7627458641822,72,10.4256601911038,10.3370856730784,1,I,51,3
34.4638023786941,72,10.4468666994944,24.0169356791997,1,C,52,3
27.1178225585664,72,11.3470218004659,15.7708007581005,1,I,53,3
44.6653706393934,72,11.8302596127614,32.835111026632,1,C,54,3
20.4831274938813,72,11.8473624391481,8.63576505473317,1,I,55,3
13.3248001811178,72,11.8558034067974,1.46899677432047,1,C,56,3
17.5500606862723,72,12.2305743349716,5.31948635130069,1,I,57,3
17.6005848746816,72,12.5847896793857,5.01579519529583,1,C,58,3
18.9846434755138,72,13.205041307956,5.77960216755781,1,I,59,3
25.5239553983483,72,13.4779617609456,12.0459936374027,1,C,60,3
27.0797062850018,72,14.0459343418479,13.0337719431539,1,I,61,3
17.2950958164494,72,14.1145756607875,3.18052015566186,1,C,62,3
28.5419478641569,72,14.4623590121046,14.0795888520523,1,I,63,3
17.1696963199537,72,14.633378405124,2.53631791482975,1,C,64,3
76.1165590574922,72,14.8770356923342,57.1229643076658,0,I,65,3
30.1819323426849,72,15.0027788523585,15.1791534903264,1,C,66,3
20.7103060301539,72,15.1228202087805,5.58748582137342,1,I,67,3
16.1434366338174,72,15.7593835238367,0.384053109980647,1,C,68,3
21.3464179032599,65.4050214076695,15.9274693205953,5.41894858266464,1,I,69,3
17.4841707683762,72,16.209692498669,1.27447826970712,1,C,70,3
36.3531502436506,27.9029907749459,16.4012916292995,11.5016991456464,0,I,71,3
31.2092462874036,72,16.4222404221073,14.7870058652963,1,C,72,3
35.3920356194504,72,16.4690474141389,18.9229882053115,1,I,73,3
19.4405732507233,72,16.6849494539201,2.75562379680317,1,C,74,3
27.78491511664,72,17.012246302329,10.772668814311,1,I,75,3
33.3185266110346,72,17.1859210124239,16.1326055986107,1,C,76,3
118.217075185599,72,17.7526352321729,54.2473647678271,0,I,77,3
38.965490326042,72,17.9708401439711,20.9946501820708,1,C,78,3
44.687318504703,72,18.0851830495521,26.6021354551508,1,I,79,3
42.2648535792017,72,18.2430639630184,24.0217896161834,1,C,80,3
102.087433785675,72,18.5000907629728,53.4999092370272,0,I,81,3
31.9580744600781,72,19.2264811322093,12.7315933278688,1,C,82,3
30.2397459972793,72,20.167812500149,10.0719334971303,1,I,83,3
50.1923391575971,72,20.7508587744087,29.4414803831884,1,C,84,3
41.2924988940498,72,21.1592180840671,20.1332808099827,1,I,85,3
22.0864785354371,72,21.3915594667196,0.694919068717474,1,C,86,3
46.1645531635256,72,21.41830871813,24.7462444453956,1,I,87,3
26.2062040501445,72,21.4696212764829,4.7365827736616,1,C,88,3
93.7846828874626,72,21.5889150090516,50.4110849909484,0,I,89,3
23.302951857777,72,22.1508310502395,1.15212080753754,1,C,90,3
36.0326177110853,72,22.6767224259675,13.3558952851178,1,I,91,3
29.6337348112235,72,23.3515821537003,6.28215265752316,1,C,92,3
65.3331337849827,72,24.0446348581463,41.2884989268364,1,I,93,3
30.2462432259999,72,24.1334405355155,6.11280269048434,1,C,94,3
53.4909439829108,72,24.163284022361,29.3276599605498,1,I,95,3
27.5138597552774,72,24.9344391888008,2.5794205664766,1,C,96,3
66.6621110602104,72,25.1097913412377,41.5523197189726,1,I,97,3
55.3005277997178,72,25.2168609201908,30.083666879527,1,C,98,3
91.154067711597,72,25.370787656866,46.629212343134,0,I,99,3
41.8563521606177,72,25.4712112667039,16.3851408939138,1,C,100,3
28.8137532674188,72,25.6349237496033,3.17882951781549,1,I,101,3
27.7461463987347,72,25.7817843044177,1.96436209431703,1,C,102,3
33.1594207818076,72,25.91990981251,7.23951096929759,1,I,103,3
26.4737376041568,72,26.1516910605133,0.322046543643521,1,C,104,3
28.469252477112,72,26.2218494759873,2.2474030011247,1,I,105,3
38.6995700863004,72,26.3075773464516,12.3919927398489,1,C,106,3
26.7148156257343,72,26.372865526937,0.341950098797309,1,I,107,3
28.4809385177939,72,26.7242563795298,1.75668213826407,1,C,108,3
27.8999331407166,72,26.8900563195348,1.00987682118184,1,I,109,3
40.7373983193386,72,27.341566728428,13.3958315909106,1,C,110,3
29.6883973988627,72,27.6356475194916,2.05274987937104,1,I,111,3
52.9341861290418,72,27.7915668021888,25.1426193268531,1,C,112,3
38.80215137933,72,28.1071574985981,10.6949938807319,1,I,113,3
39.1522300212314,72,28.4815822681412,10.6706477530902,1,C,114,3
66.0513643629804,72,28.6402768129483,37.4110875500321,1,I,115,3
57.6388124787337,72,28.8464838545769,28.7923286241567,1,C,116,3
73.2233745651372,72,29.0483285766095,42.9516714233905,0,I,117,3
35.576139310316,72,29.2987296357751,6.27740967454092,1,C,118,3
109.93074753259,72,29.3107998138294,42.6892001861706,0,I,119,3
46.3126918396295,72,30.3832914400846,15.9294003995449,1,C,120,3
32.9802968118419,72,30.6393637089059,2.34093310293601,1,I,121,3
40.9783343462701,72,30.7101740688086,10.2681602774615,1,C,122,3
31.1313096584962,72,30.7575647067279,0.373744951768329,1,I,123,3
45.5045712773477,72,31.3062687311322,14.1983025462155,1,C,124,3
46.1851353837476,72,31.3160229055211,14.8691124782265,1,I,125,3
68.0461300653592,72,31.3819725438952,36.6641575214639,1,C,126,3
38.9616579042914,72,31.508169779554,7.45348812473743,1,I,127,3
37.911089508738,72,31.5944137237966,6.31667578494137,1,C,128,3
89.3338419753039,72,31.7271559266374,40.2728440733627,0,I,129,3
52.3583048980429,72,31.9806644786149,20.377640419428,1,C,130,3
59.670738111571,72,32.5116235669702,27.1591145446007,1,I,131,3
33.7636400744674,72,33.0678394529969,0.695800621470561,1,C,132,3
36.2725029660352,72,33.5763953346759,2.69610763135933,1,I,133,3
39.9086717858333,72,33.5950975120068,6.31357427382655,1,C,134,3
38.1959185631133,72,33.7592169363052,4.43670162680812,1,I,135,3
34.610494325344,72,33.8645379943773,0.745956330966697,1,C,136,3
82.4954686424039,42.4190742627885,34.0343429055065,8.38473135728204,0,I,137,3
36.6764154934634,72,34.2480177618563,2.42839773160708,1,C,138,3
42.0693613503473,72,34.4452865654603,7.62407478488706,1,I,139,3
45.3892596551225,72,34.4528541807085,10.9364054744139,1,C,140,3
41.245329064189,72,34.8826509201899,6.36267814399906,1,I,141,3
37.2744514825799,72,35.0737725337967,2.20067894878321,1,C,142,3
56.0969747560369,72,35.2623579651117,20.8346167909251,1,I,143,3
38.4166244229061,72,35.6671984819695,2.7494259409366,1,C,144,3
105.534488226206,72,36.0023094713688,35.9976905286312,0,I,145,3
49.3593936060526,72,36.0250333417207,13.3343602643319,1,C,146,3
77.4275152678142,72,36.1863284697756,35.8136715302244,0,I,147,3
68.6969539868346,72,36.3097015488893,32.3872524379453,1,C,148,3
85.5277457394032,72,36.9502937793732,35.0497062206268,0,I,149,3
58.3986111431843,72,37.6844148756936,20.7141962674907,1,C,150,3
83.5215125390416,72,37.7094706892967,34.2905293107033,0,I,151,3
38.5451924062863,72,37.9789631953463,0.566229210939998,1,C,152,3
60.4985982922549,72,37.9831019137055,22.5154963785494,1,I,153,3
44.8589205435948,72,38.2794953556731,6.57942518792168,1,C,154,3
88.5699995549103,72,38.4201578143984,33.5798421856016,0,I,155,3
61.3586613219476,72,38.6855527991429,22.6731085228046,1,C,156,3
49.7376475340069,72,38.8122916454449,10.925355888562,1,I,157,3
51.9296287792806,72,38.8377541350201,13.0918746442606,1,C,158,3
119.072158303921,72,38.9598375605419,33.0401624394581,0,I,159,3
40.4599360070936,72,39.427390624769,1.03254538232455,1,C,160,3
51.4107604867311,72,39.6444635745138,11.7662969122173,1,I,161,3
46.3214441286789,72,40.2907975483686,6.0306465803103,1,C,162,3
52.0047973787175,72,40.9539621463046,11.050835232413,1,I,163,3
41.9396710864251,72,41.3060060469434,0.633665039481765,1,C,164,3
58.9575855136694,72,41.6184108238667,17.3391746898027,1,I,165,3
45.4815815735017,72,42.1004532650113,3.38112830849039,1,C,166,3
84.1119571239968,72,42.2634217422456,29.7365782577544,0,I,167,3
43.3020287873423,72,42.4231472611427,0.878881526199591,1,C,168,3
100.822455947702,72,42.9321514768526,29.0678485231474,0,I,169,3
53.0227085595742,72,43.1372315296903,9.88547702988383,1,C,170,3
64.1744376356001,72,43.2546168984845,20.9198207371155,1,I,171,3
47.6207463405912,72,43.4938200004399,4.12692634015127,1,C,172,3
48.4820106912532,72,44.1204485110939,4.36156218015937,1,I,173,3
54.2805148816616,72,45.0473706889898,9.23314419267188,1,C,174,3
89.9005586749159,72,45.3909764997661,26.6090235002339,0,I,175,3
48.6629521921588,72,45.4007389582694,3.26221323388943,1,C,176,3
89.9644737899827,72,45.6527385860682,26.3472614139319,0,I,177,3
47.6314381577446,72,45.8592625614256,1.77217559631902,1,C,178,3
73.2867207536797,72,46.0994915664196,25.9005084335804,0,I,179,3
70.2814446666621,72,47.2750081680715,23.0064364985906,1,C,180,3
80.0095812584318,72,47.6134323282167,24.3865676717833,0,I,181,3
51.9798936745877,72,47.8125194180757,4.16737425651201,1,C,182,3
63.5527700633312,72,47.9662651754916,15.5865048878397,1,I,183,3
49.5028285045782,72,47.9945970559493,1.50823144862896,1,C,184,3
94.7417445984549,72,48.2780652539805,23.7219347460195,0,I,185,3
88.1383402317282,72,48.3337217895314,23.6662782104686,0,C,186,3
49.346024657657,72,48.6712832003832,0.674741457273789,1,I,187,3
54.3828705052967,72,48.8800768693909,5.50279363590577,1,C,188,3
113.919568929159,72,48.9075148198754,23.0924851801246,0,I,189,3
61.1905831406672,72,48.9589641150087,12.2316190256585,1,C,190,3
72.4815012022975,72,49.4381981296465,22.5618018703535,0,I,191,3
54.7729556165282,72,49.452887638472,5.32006797805616,1,C,192,3
69.6229945054849,72,49.8981605703011,19.7248339351837,1,I,193,3
58.5080011795425,72,50.5742173176259,7.93378386191661,1,C,194,3
64.6099646975626,72,50.6166922627017,13.9932724348609,1,I,195,3
58.4947165687552,72,50.6365835526958,7.85813301605942,1,C,196,3
103.287285274567,72,51.027185744606,20.972814255394,0,I,197,3
59.8265055811689,72,51.1901582172141,8.63634736395481,1,C,198,3
62.4534231196519,72,51.2088231509551,11.2445999686967,1,I,199,3
51.7118091507047,72,51.61311943084,0.098689719864695,1,C,200,3
84.7845029748084,72,51.8498755339533,20.1501244660467,0,I,201,3
54.5467224030857,72,51.9866092968732,2.5601131062125,1,C,202,3
104.354330568385,72,52.0742989657447,19.9257010342553,0,I,203,3
73.5489360666351,72,52.3447948694229,19.6552051305771,0,C,204,3
72.6927663690933,72,52.3988956259564,19.6011043740436,0,I,205,3
57.6472514980951,72,52.7483454812318,4.89890601686329,1,C,206,3
58.0987519180603,72,52.7689273143187,5.3298246037416,1,I,207,3
59.5425715638053,72,52.8824127791449,6.66015878466029,1,C,208,3
76.3815593060788,72,53.2030237605795,18.7969762394205,0,I,209,3
62.3776411635999,72,53.4861254319549,8.89151573164504,1,C,210,3
67.6463240163949,72,53.6164021259174,14.0299218904775,1,I,211,3
54.2448053649267,72,53.6813658149913,0.563439549935394,1,C,212,3
59.131789328373,72,54.8590233922005,4.27276593617251,1,I,213,3
62.2665477203822,72,55.388369075954,6.87817864442827,1,C,214,3
96.6221946644838,72,55.5294354306534,16.4705645693466,0,I,215,3
56.3729795997025,72,55.6128889136016,0.76009068610082,1,C,216,3
59.1431630075659,72,55.6899386364967,3.45322437106924,1,I,217,3
102.362171369153,72,56.3425109675154,15.6574890324846,0,C,218,3
63.7289003391586,72,56.5991731127724,7.12972722638619,1,I,219,3
65.9369785077483,72,57.0286394935101,8.90833901423812,1,C,220,3
69.5066098530115,72,57.2363917389885,12.270218114023,1,I,221,3
85.7421157537477,72,57.5883469730616,14.4116530269384,0,C,222,3
91.2265308063586,72,57.6001538895071,14.3998461104929,0,I,223,3
63.1058119412174,72,57.81950364355,5.28630829766739,1,C,224,3
78.3770670419178,72,59.0523815201595,12.9476184798405,0,I,225,3
91.7361506181056,72,59.2382266698405,12.7617733301595,0,C,226,3
62.6200293868956,72,59.4744239933789,3.1456053935167,1,I,227,3
66.7046314987001,72,59.5810865890235,7.12354490967664,1,C,228,3
82.7146938773077,72,59.8535691574216,12.1464308425784,0,I,229,3
68.0158242896659,72,0.0368070183321834,67.9790172713337,1,I,1,4
6.89885532678966,72,0.523981810547411,6.37487351624225,1,C,2,4
34.0439270271865,72,0.581965916790068,33.4619611103964,1,I,3,4
20.9625737081913,72,0.64801256172359,20.3145611464677,1,C,4,4
17.937702344309,72,0.661536790430546,17.2761655538784,1,I,5,4
6.1751983320798,72,0.726133463904262,5.44906486817554,1,C,6,4
7.55859517968875,60.6345133002553,0.894550206139684,6.66404497354906,1,I,7,4
42.949684387078,72,1.42604139167815,41.5236429953998,1,C,8,4
8.06687597328133,72,1.47065217141062,6.59622380187071,1,I,9,4
8.83567279540904,72,1.5085452189669,7.32712757644214,1,C,10,4
4.33315747602572,72,1.51197266299278,2.82118481303294,1,I,11,4
10.1936817439762,72,2.21361068543047,7.98007105854571,1,C,12,4
2.7820022935716,72,2.36095821484923,0.421044078722371,1,I,13,4
4.99418535237651,72,2.85137150902301,2.14281384335349,1,C,14,4
19.1727744386964,72,2.93275480158627,16.2400196371101,1,I,15,4
34.9530516154945,72,3.59000915195793,31.3630424635366,1,C,16,4
52.2130134547142,72,3.69838500861079,48.5146284461034,1,I,17,4
21.9810044362339,72,4.11579582374543,17.8652086124885,1,C,18,4
21.2389103076995,72,4.23433074261993,17.0045795650796,1,I,19,4
15.7452818542173,72,4.61747263558209,11.1278092186352,1,C,20,4
5.54093504645409,72,4.92894269060344,0.611992355850653,1,I,21,4
15.2930988602829,72,5.69343442562968,9.59966443465327,1,C,22,4
30.0028299945227,72,5.87868162430823,24.1241483702145,1,I,23,4
6.13966793904752,72,5.88549605570734,0.254171883340187,1,C,24,4
31.6612606224209,72,6.29569702316076,25.3655635992602,1,I,25,4
25.832112193478,72,6.44387190230191,19.3882402911761,1,C,26,4
22.8857628900733,72,6.47920964285731,16.406553247216,1,I,27,4
29.1219297077017,72,6.82089810725302,22.3010316004487,1,C,28,4
75.6709762840679,72,6.8255573278293,65.1744426721707,0,I,29,4
21.4383957775667,72,6.93670197855681,14.5016937990098,1,C,30,4
44.0735978531057,72,6.95101370103657,37.1225841520692,1,I,31,4
14.8345940568299,72,7.10105270147324,7.73354135535668,1,C,32,4
8.56372532872035,72,7.30929175391793,1.25443357480242,1,I,33,4
7.82761092823825,72,7.45037604589015,0.377234882348096,1,C,34,4
75.0099145790398,72,7.66421995125711,64.3357800487429,0,I,35,4
57.8923104289448,72,7.9071278963238,49.985182532621,1,C,36,4
15.9474749295572,72,8.3901205798611,7.55735434969608,1,I,37,4
24.6226015932136,72,8.42204659245908,16.2005550007545,1,C,38,4
34.0109326009503,72,8.71791563462466,25.2930169663256,1,I,39,4
22.17053007893,72,8.72406964190304,13.4464604370269,1,C,40,4
40.2657740922767,72,8.78226534929127,31.4835087429855,1,I,41,4
29.4021998270423,37.4090905997051,8.78971051890403,20.6124893081383,1,C,42,4
15.6609312631725,72,9.15839301422238,6.50253824895008,1,I,43,4
17.3768733571473,72,9.23621920868754,8.14065414845974,1,C,44,4
11.455903835474,72,9.90905388258398,1.54684995289007,1,I,45,4
14.7635400921621,72,10.1625405577943,4.60099953436781,1,C,46,4
38.8186714915714,72,10.3589548682794,28.459716623292,1,I,47,4
24.1855997136925,72,10.4524159384891,13.7331837752033,1,C,48,4
39.6212251667333,72,10.8663221122697,28.7549030544636,1,I,49,4
50.2518386143828,72,10.9837387595326,39.2680998548502,1,C,50,4
41.6251291158845,72,11.0733837168664,30.5517453990181,1,I,51,4
17.6742954028659,51.5781418009979,11.1093003256246,6.56499507724121,1,C,52,4
27.1088445248519,72,11.1521903146058,15.956654210246,1,I,53,4
35.3577561863398,72,11.9945134688169,23.3632427175229,1,C,54,4
15.3189205982299,72,12.3198370356113,2.99908356261867,1,I,55,4
13.4926402420911,72,12.6187273627147,0.873912879376371,1,C,56,4
33.0662567880911,72,12.7172460732982,20.349010714793,1,I,57,4
46.3200065584037,72,13.2065639365464,33.1134426218572,1,C,58,4
30.9498991637483,72,13.2375005213544,17.712398642394,1,I,59,4
22.6554479581702,72,13.4659901540726,9.18945780409755,1,C,60,4
104.108084013665,72,13.6621250957251,58.3378749042749,0,I,61,4
15.6812733918958,72,13.6702999798581,2.01097341203774,1,C,62,4
26.813373825329,72,14.1926589142531,12.6207149110759,1,I,63,4
22.6951723151328,72,14.2043945845217,8.49077773061113,1,C,64,4
49.7005484083508,72,14.4194142054766,35.2811342028742,1,I,65,4
24.8274790584702,72,14.8937471257523,9.93373193271794,1,C,66,4
45.790825312463,72,15.2569258818403,30.5338994306227,1,I,67,4
25.4104262716874,72,15.4024105891585,10.0080156825289,1,C,68,4
15.6085800016488,72,15.4810896003619,0.127490401286948,1,I,69,4
21.1385690392789,72,15.6224486511201,5.51612038815882,1,C,70,4
35.115885456029,72,15.9299198817462,19.1859655742828,1,I,71,4
30.8688965978188,72,16.0900957742706,14.7788008235482,1,C,72,4
33.4344824449364,72,16.1742737330496,17.2602087118867,1,I,73,4
29.2819901354794,72,16.2657096236944,13.016280511785,1,C,74,4
51.5827170540606,72,16.7169811762869,34.8657358777737,1,I,75,4
17.0279926391112,72,16.8461481481791,0.181844490932165,1,C,76,4
20.6126761258701,72,17.6643080636859,2.94836806218419,1,I,77,4
21.7222756186268,72,17.7145683718845,4.00770724674223,1,C,78,4
28.9934338011047,72,17.8120859060436,11.181347895061,1,I,79,4
18.6605145983251,72,18.2537574833259,0.406757114999154,1,C,80,4
27.9603848648092,72,18.6368453269824,9.32353953782676,1,I,81,4
32.2569451306974,72,18.7308951700106,13.5260499606868,1,C,82,4
51.6824840326162,72,19.281268841587,32.4012151910292,1,I,83,4
33.0725520557822,72,19.3274842808023,13.7450677749799,1,C,84,4
26.7462287019789,72,19.379942798987,7.36628590299188,1,I,85,4
30.0187654021747,72,19.4160804105923,10.6026849915825,1,C,86,4
35.2543734250093,72,19.676726013422,15.5776474115872,1,I,87,4
25.0159855244634,72,19.7139894962311,5.30199602823229,1,C,88,4
37.7674153736247,72,20.1814814424142,17.5859339312105,1,I,89,4
97.7236620171428,72,20.2424646774307,51.7575353225693,0,C,90,4
32.4465344474198,72,20.9402802586555,11.5062541887643,1,I,91,4
31.4373444481375,72,21.1322610871866,10.3050833609509,1,C,92,4
35.5113772024475,72,21.1864266358316,14.3249505666159,1,I,93,4
30.4530640618972,72,21.2961780885234,9.15688597337378,1,C,94,4
38.3409929807864,72,21.3060756353661,17.0349173454202,1,I,95,4
58.1612864225923,72,22.1139428811148,36.0473435414776,1,C,96,4
90.7682608330897,72,22.1259667631239,49.8740332368761,0,I,97,4
45.8326990122468,72,22.2371868789196,23.5955121333272,1,C,98,4
48.1929594619303,72,22.2794244065881,25.9135350553423,1,I,99,4
72.5743160072555,72,22.3287934809923,49.6712065190077,0,C,100,4
25.1953156201823,72,22.7871006773785,2.4082149428038,1,I,101,4
36.3425770892775,72,23.4441394312307,12.8984376580467,1,C,102,4
52.4174227622761,72,23.6477491166443,28.7696736456319,1,I,103,4
31.1275960646677,46.8505441238983,24.0516046481207,7.07599141654705,1,C,104,4
47.0671326016984,72,24.5299798669294,22.5371527347691,1,I,105,4
28.0255149829208,72,24.9527936428785,3.07272134004224,1,C,106,4
41.9623267719281,72,25.0846944423392,16.8776323295888,1,I,107,4
26.9044268817934,72,25.4899439681321,1.41448291366124,1,C,108,4
100.088513356539,72,25.5785881401971,46.4214118598029,0,I,109,4
33.0485065825482,72,25.9149891184643,7.13351746408392,1,C,110,4
34.6046739282848,72,26.1199630005285,8.48471092775631,1,I,111,4
36.2112205061412,72,26.2174950633198,9.99372544282138,1,C,112,4
33.4111075985722,72,26.255296356976,7.15581124159613,1,I,113,4
32.279275794867,72,26.5104060759768,5.76886971889018,1,C,114,4
66.3649124161998,72,26.5274712117389,39.8374412044609,1,I,115,4
42.1145658816578,72,26.6757620126009,15.4388038690569,1,C,116,4
37.1913727503396,72,27.6842105342075,9.50716221613208,1,I,117,4
33.6659829302409,39.1725438196501,28.1614587642252,5.50452416601564,1,C,118,4
57.3642751908652,72,28.3011202840135,29.0631549068517,1,I,119,4
50.2310534880578,72,28.6879166727886,21.5431368152692,1,C,120,4
34.9596622482418,72,28.7174687767401,6.24219347150169,1,I,121,4
33.9067092471774,72,28.9325564866886,4.97415276048888,1,C,122,4
70.2382711851913,72,29.1741182841361,41.0641529010552,1,I,123,4
36.0699121086859,72,29.7177903167903,6.35212179189556,1,C,124,4
62.86656325698,72,31.1278046155348,31.7387586414452,1,I,125,4
47.2389065220682,72,31.1437780503184,16.0951284717499,1,C,126,4
38.1732491346342,72,31.4186550909653,6.75459404366888,1,I,127,4
36.0695547255192,72,31.4761490933597,4.59340563215951,1,C,128,4
38.5307342860588,72,31.5686017507687,6.96213253529012,1,I,129,4
33.5855657431728,72,31.6931395651773,1.89242617799555,1,C,130,4
153.543755398411,72,32.2382154129446,39.7617845870554,0,I,131,4
41.6952670296942,72,32.2969496855512,9.39831734414294,1,C,132,4
65.8327649468376,72,32.3577030468732,33.4750618999643,1,I,133,4
38.0257478664186,72,32.695778911002,5.32996895541666,1,C,134,4
41.3987675762667,72,32.7196910697967,8.67907650647006,1,I,135,4
34.3304850884596,72,32.7681911503896,1.56229393806995,1,C,136,4
36.7412792662396,72,34.069959204644,2.67132006159567,1,I,137,4
69.9165089269792,38.8119774637733,34.7056279191747,4.10634954459856,0,C,138,4
45.9977420056618,72,34.8928966652602,11.1048453404016,1,I,139,4
60.7954901082285,72,35.1196401519701,25.6758499562584,1,C,140,4
56.2266763403891,40.0737972077999,35.1232834160328,4.95051379176712,0,I,141,4
40.4680241211395,72,35.2275853045285,5.24043881661105,1,C,142,4
56.2012552831673,72,36.41155062709,19.7897046560773,1,I,143,4
77.1863637970289,57.3232071692809,36.5686617605388,20.7545454087421,0,C,144,4
41.2680889666937,72,36.8012355454266,4.46685342126705,1,I,145,4
60.5314934103456,72,36.8691319786012,23.6623614317443,1,C,146,4
51.2345052686482,72,37.017300655134,14.2172046135142,1,I,147,4
39.2302132420221,72,37.0346618117765,2.19555143024566,1,C,148,4
74.1243953841925,72,37.9414923582226,34.0585076417774,0,I,149,4
41.2236382493867,72,38.3713021036238,2.85233614576294,1,C,150,4
99.01075024785,72,38.4575382806361,33.5424617193639,0,I,151,4
71.5422779635714,72,38.8674556324258,32.6748223311455,1,C,152,4
43.9138926503525,72,39.0207166783512,4.89317597200136,1,I,153,4
39.5639851321527,72,39.4646170875058,0.0993680446469365,1,C,154,4
45.7662188630582,39.9320343652513,39.4846586370841,0.447375728167259,0,I,155,4
69.7717728513463,72,39.4868079107255,30.2849649406208,1,C,156,4
74.1221480116156,72,39.4895665626973,32.5104334373027,0,I,157,4
48.8937445576911,72,39.8847865546122,9.00895800307887,1,C,158,4
43.057168120293,72,40.2595481229946,2.79761999729834,1,I,159,4
57.0603753182323,72,40.8060032408685,16.2543720773639,1,C,160,4
62.7336173729613,72,40.9994165506214,21.7342008223399,1,I,161,4
45.8944286947069,72,41.5529433684424,4.34148532626453,1,C,162,4
42.5481015928279,48.7432252902825,42.122673955746,0.425427637081885,1,I,163,4
46.263362926183,72,42.3254341632128,3.93792876297024,1,C,164,4
91.4648644570399,72,42.6742411963642,29.3257588036358,0,I,165,4
53.8145135707339,72,42.9853778611869,10.829135709547,1,C,166,4
45.7445357593552,72,43.2073113368824,2.53722442247276,1,I,167,4
45.0106604237515,72,43.614755300805,1.39590512294655,1,C,168,4
66.1050327939112,72,43.7315113563091,22.3735214376021,1,I,169,4
55.5771598542666,72,44.1907196072862,11.3864402469804,1,C,170,4
45.1587921690869,72,44.3829386914149,0.77585347767197,1,I,171,4
68.9131521766649,72,44.9250161508098,23.9881360258551,1,C,172,4
66.26975177957,72,45.1204962283373,21.1492555512327,1,I,173,4
50.8052724802134,72,45.3506450587884,5.45462742142505,1,C,174,4
77.5215886951314,72,45.3614246612415,26.6385753387585,0,I,175,4
60.6009876079492,72,45.4566508485004,15.1443367594487,1,C,176,4
69.8085178482906,72,45.585110289976,24.2234075583146,1,I,177,4
50.9233580933964,72,45.6263376167044,5.29702047669197,1,C,178,4
48.0740243003468,72,45.6503212591633,2.42370304118343,1,I,179,4
51.9212317163073,72,45.6879466585815,6.23328505772579,1,C,180,4
91.0624412086151,72,45.6881922762841,26.3118077237159,0,I,181,4
55.9663451370502,72,46.6463939566165,9.31995118043367,1,C,182,4
93.0105625724996,72,46.6820764867589,25.3179235132411,0,I,183,4
60.2046512189788,72,46.946000251919,13.2586509670598,1,C,184,4
56.8600611086116,72,47.400075676851,9.45998543176062,1,I,185,4
52.7141520484905,72,47.7342424029484,4.97990964554207,1,C,186,4
128.526172796162,72,48.4790815366432,23.5209184633568,0,I,187,4
54.6178083064264,72,48.8184667378664,5.79934156856003,1,C,188,4
59.1359568039515,72,48.9031852874905,10.232771516461,1,I,189,4
67.4402512594054,72,49.0339277079329,18.4063235514725,1,C,190,4
56.3997492656509,72,49.3758960999548,7.02385316569609,1,I,191,4
89.8931764824911,72,49.534729141742,22.465270858258,0,C,192,4
80.0847012542975,72,49.6378198591992,22.3621801408008,0,I,193,4
83.2616176137412,72,49.6603657538071,22.3396342461929,0,C,194,4
119.49331511467,72,49.8900201637298,22.1099798362702,0,I,195,4
55.083685905843,72,49.961442318745,5.12224358709809,1,C,196,4
58.6466050965767,72,49.9844463961199,8.66215870045676,1,I,197,4
52.1710775987496,72,50.1737087219954,1.99736887675423,1,C,198,4
57.6947397274538,72,50.3073952998966,7.38734442755723,1,I,199,4
52.6628423857131,72,50.3959796391428,2.26686274657031,1,C,200,4
83.3897233304115,72,50.5224807187915,21.4775192812085,0,I,201,4
85.9733485633446,72,50.5389519268647,21.4610480731353,0,C,202,4
247.84239251287,72,50.5755258724093,21.4244741275907,0,I,203,4
59.2886894810782,72,50.8869999367744,8.40168954430384,1,C,204,4
59.8402224635993,58.6929856573491,51.1244870536029,7.56849860374619,0,I,205,4
103.040230566654,72,51.2302055815235,20.7697944184765,0,C,206,4
53.1776397597955,72,51.6758672241122,1.5017725356833,1,I,207,4
53.64270250277,72,51.9564744411036,1.68622806166634,1,C,208,4
63.8800994993841,72,52.0999298896641,11.7801696097201,1,I,209,4
59.2703054516742,72,52.2001450276002,7.07016042407395,1,C,210,4
56.4109024078812,66.9622469308661,52.5605769641697,3.85032544371142,1,I,211,4
55.1352327886861,72,52.9443667363375,2.19086605234853,1,C,212,4
102.004964540283,72,53.6242172727361,18.3757827272639,0,I,213,4
59.7965223081091,72,53.6433323705569,6.15318993755222,1,C,214,4
149.648122947882,72,53.769343723543,18.230656276457,0,I,215,4
99.4204829505182,72,54.4416982261464,17.5583017738536,0,C,216,4
55.1723158271307,72,54.7128249378875,0.459490889243172,1,I,217,4
65.9600409143825,72,54.7231985908002,11.2368423235823,1,C,218,4
175.378512237244,72,54.7289244504646,17.2710755495355,0,I,219,4
62.5341549978185,72,55.1483056833968,7.38584931442176,1,C,220,4
62.8951241606445,72,55.6157552869991,7.2793688736455,1,I,221,4
63.1292781308055,72,55.7875638082624,7.34171432254318,1,C,222,4
128.07863015014,72,56.609699469991,15.390300530009,0,I,223,4
62.8385243077518,72,56.8255755538121,6.01294875393972,1,C,224,4
65.8913051958491,72,57.0148297213018,8.87647547454727,1,I,225,4
58.0992729345463,72,57.1235413989052,0.975731535641063,1,C,226,4
103.294254582387,72,57.8470459068194,14.1529540931806,0,I,227,4
64.153927076738,72,57.9083283897489,6.24559868698907,1,C,228,4
62.2062816150086,72,58.0891098640859,4.11717175092266,1,I,229,4
59.7625858628108,72,58.4911411441863,1.2714447186245,1,C,230,4
64.3617645683764,72,58.8159685023129,5.54579606606353,1,I,231,4
67.7887437937914,72,58.9320309553295,8.85671283846181,1,C,232,4
65.1753084313846,72,58.9633041853085,6.21200424607609,1,I,233,4
61.4155554024744,72,59.0542806498706,2.36127475260375,1,C,234,4
79.8542416890109,72,59.1989037953317,12.8010962046683,0,I,235,4
27.9888888161881,72,0.269046016037464,27.7198428001506,1,I,1,5
16.8006836905272,72,0.672136838547885,16.1285468519793,1,C,2,5
8.29618904336464,72,0.737639497965574,7.55854954539907,1,I,3,5
9.31879783485282,72,0.950735611841083,8.36806222301174,1,C,4,5
34.1614219252405,72,0.978237264789641,33.1831846604509,1,I,5,5
4.69596244025089,2.93533965717515,1.08635389711708,1.84898576005807,0,C,6,5
45.1751489128838,72,1.26208830624819,43.9130606066356,1,I,7,5
18.8546700268514,72,1.27485120669007,17.5798188201613,1,C,8,5
19.1752352155661,72,1.2811156315729,17.8941195839932,1,I,9,5
5.19765913993577,72,1.38450889382511,3.81315024611065,1,C,10,5
7.35333139269459,72,1.5195376239717,5.83379376872288,1,I,11,5
25.9351323717824,72,1.60689117852598,24.3282411932564,1,C,12,5
11.9095592999896,72,2.30349109042436,9.60606820956524,1,I,13,5
14.9997882901249,72,2.32224945444614,12.6775388356788,1,C,14,5
21.7408584622447,30.4086495784431,3.04525775369257,18.6956007085522,1,I,15,5
17.2445470552608,72,3.20568559225649,14.0388614630043,1,C,16,5
21.6687958960379,72,4.07921807840467,17.5895778176332,1,I,17,5
10.0074387686761,72,4.29993698839098,5.70750178028512,1,C,18,5
7.20849056193922,7.74884477677861,4.30838837753981,2.9001021843994,1,I,19,5
24.9532461265157,72,4.57505414262414,20.3781919838916,1,C,20,5
46.9551847089294,72,4.96721494942904,41.9879697595003,1,I,21,5
13.3191209080834,72,5.04380073398352,8.27532017409986,1,C,22,5
6.02300138148652,72,5.38446744438261,0.638533937103916,1,I,23,5
23.9621718280007,72,5.72755617555231,18.2346156524484,1,C,24,5
9.69972843476197,72,5.91242885682732,3.78729957793466,1,I,25,5
33.8632225881703,72,6.24923423398286,27.6139883541874,1,C,26,5
39.7121244547693,72,6.31564275361598,33.3964817011533,1,I,27,5
7.90113282837393,72,6.42643504310399,1.47469778526994,1,C,28,5
149.45892891907,72,6.66817519348115,65.3318248065189,0,I,29,5
9.11238988238364,72,6.78523612674326,2.32715375564039,1,C,30,5
29.3332323422869,72,6.93594323471189,22.397289107575,1,I,31,5
12.8501164582491,72,7.21043578349054,5.6396806747586,1,C,32,5
23.5897466075645,72,7.33568685594946,16.254059751615,1,I,33,5
13.3488463962628,72,7.80905299354345,5.53979340271937,1,C,34,5
51.2399653968376,72,8.15111224539578,43.0888531514418,1,I,35,5
9.19291682169225,72,8.24538323096931,0.94753359072294,1,C,36,5
13.4353821207168,72,8.3971482468769,5.03823387383991,1,I,37,5
14.0706155127577,72,9.03931898530573,5.03129652745201,1,C,38,5
116.954662153718,72,9.41424773074687,62.5857522692531,0,I,39,5
11.1156188204647,72,9.57471933681518,1.54089948364948,1,C,40,5
13.5663314584522,72,10.0116165122017,3.55471494625042,1,I,41,5
23.338942952071,72,10.2905420819297,13.0484008701412,1,C,42,5
14.6939157710294,72,10.6576357455924,4.03628002543697,1,I,43,5
28.3407649283049,72,11.8073595967144,16.5334053315905,1,C,44,5
34.5472203983067,72,12.6083277119324,21.9388926863743,1,I,45,5
44.8700079287958,72,12.8077687975019,32.0622391312938,1,C,46,5
13.2569630640498,72,12.8633603453636,0.393602718686167,1,I,47,5
34.0959297354153,72,12.8755029849708,21.2204267504445,1,C,48,5
28.2517822010269,72,12.9290412319824,15.3227409690445,1,I,49,5
13.9123829947018,72,12.9840833600611,0.928299634640704,1,C,50,5
16.3001875689553,72,13.7697057891637,2.53048177979158,1,I,51,5
19.0478736520718,72,14.4656111067161,4.58226254535574,1,C,52,5
47.0270720983146,72,14.553102767095,32.4739693312196,1,I,53,5
35.0802074800991,72,14.7129203472286,20.3672871328705,1,C,54,5
32.6825493729958,72,14.794780081138,17.8877692918578,1,I,55,5
25.6238221120664,72,15.0394253432751,10.5843967687913,1,C,56,5
56.0990789964626,72,15.044765342027,41.0543136544356,1,I,57,5
68.6120600935715,72,15.4208495188504,53.191210574721,1,C,58,5
34.6022183012905,72,15.7488825917244,18.8533357095661,1,I,59,5
23.4912607462854,72,16.3507110765204,7.14054966976499,1,C,60,5
19.605278320437,72,16.6522758733481,2.9530024470889,1,I,61,5
21.7464051514077,72,16.9076961977407,4.83870895366692,1,C,62,5
59.3658726310616,72,19.016151856631,40.3497207744306,1,I,63,5
37.0240832746436,72,19.1364959394559,17.8875873351876,1,C,64,5
85.3352215870879,72,19.4263082183898,52.5736917816103,0,I,65,5
26.9326216364322,72,19.7337542613968,7.19886737503535,1,C,66,5
21.6217179250107,72,19.7696133563295,1.85210456868119,1,I,67,5
21.9481449058008,72,19.7697846684605,2.1783602373403,1,C,68,5
23.5898369752315,72,20.3068222571164,3.28301471811501,1,I,69,5
42.4782301457953,72,20.8639042591676,21.6143258866276,1,C,70,5
29.0432912310334,72,22.2215161984786,6.82177503255477,1,I,71,5
26.5978410409533,72,22.2949636727571,4.30287736819618,1,C,72,5
27.6212810743178,72,22.3672849405557,5.25399613376214,1,I,73,5
48.5680775035684,72,22.4299297621474,26.138147741421,1,C,74,5
35.8816096523876,72,22.5174058740959,13.3642037782918,1,I,75,5
34.6295885860748,72,22.7471362520009,11.8824523340738,1,C,76,5
30.8511123343541,72,23.6383971758187,7.2127151585354,1,I,77,5
62.6660553727946,72,23.7616685405374,38.9043868322572,1,C,78,5
35.3272548562249,72,23.9267538534477,11.4005010027772,1,I,79,5
59.8579249234834,72,24.4829279277474,35.374996995736,1,C,80,5
47.0220304646842,72,24.6586452936754,22.3633851710088,1,I,81,5
68.1927060665458,72,24.8767151869833,43.3159908795625,1,C,82,5
35.6641515555605,72,25.488405986689,10.1757455688715,1,I,83,5
44.907577135277,38.9108925926445,25.6618342967704,13.2490582958741,0,C,84,5
36.7394210601242,72,26.2045340007171,10.5348870594071,1,I,85,5
35.5801961594067,72,26.2299205502495,9.35027560915716,1,C,86,5
56.0049589672514,72,26.6099390666932,29.3950199005583,1,I,87,5
33.018862425972,72,26.7229876946658,6.29587473130624,1,C,88,5
49.9155626327624,72,26.935252812691,22.9803098200713,1,I,89,5
27.0502972908625,72,26.9869376113638,0.0633596794986324,1,C,90,5
59.7166592194382,72,27.1661857422441,32.5504734771941,1,I,91,5
31.3716645563284,72,27.1962955500931,4.17536900623539,1,C,92,5
36.4971365829259,72,27.4863450229168,9.0107915600091,1,I,93,5
30.0161155550912,72,27.8688402101398,2.14727534495148,1,C,94,5
41.6954485782665,72,27.9965111101046,13.6989374681619,1,I,95,5
39.2440895761881,72,28.0734982341528,11.1705913420353,1,C,96,5
35.5801120907785,72,29.3570946995169,6.2230173912616,1,I,97,5
31.3638056071778,72,29.9244635738432,1.43934203333459,1,C,98,5
31.2703385994449,72,30.096535035409,1.17380356403585,1,I,99,5
30.4896234191977,72,30.1578027941287,0.33182062506907,1,C,100,5
32.0128993228026,72,30.3745258972049,1.63837342559768,1,I,101,5
36.8494289039567,72,30.401715086773,6.44771381718363,1,C,102,5
46.9445357347172,72,30.4707477847114,16.4737879500058,1,I,103,5
38.1547911670682,72,30.8287964947522,7.32599467231603,1,C,104,5
39.7932980174645,72,31.0600640438497,8.73323397361479,1,I,105,5
66.0240704617571,72,31.0950921708718,34.9289782908854,1,C,106,5
40.4776048702866,72,31.2054489506409,9.27215591964571,1,I,107,5
34.2192135286174,72,31.2097214721143,3.00949205650309,1,C,108,5
46.1351213195814,72,31.2152543384582,14.9198669811232,1,I,109,5
54.8395796610798,72,31.3632543152198,23.47632534586,1,C,110,5
35.1741739285185,72,32.5198759976774,2.65429793084109,1,I,111,5
37.2807618234041,72,32.5779766961932,4.7027851272109,1,C,112,5
36.3919224830885,72,32.5922441203147,3.79967836277373,1,I,113,5
34.3852673101974,72,32.9096284601837,1.47563885001367,1,C,114,5
39.9684777003155,72,32.9968737624586,6.97160393785693,1,I,115,5
41.8122518208879,72,33.1177612580359,8.694490562852,1,C,116,5
39.0259251606869,72,33.2529306784272,5.77299448225973,1,I,117,5
36.3532289190337,72,33.3549621608108,2.99826675822288,1,C,118,5
101.155861900097,72,33.7435626424849,38.2564373575151,0,I,119,5
52.8670002175975,72,33.9580053370446,18.9089948805529,1,C,120,5
50.6748497079862,72,34.0084697585553,16.6663799494309,1,I,121,5
49.6522050279817,72,34.5820148661733,15.0701901618084,1,C,122,5
35.9228620250921,72,34.5991388848051,1.32372314028692,1,I,123,5
39.7062717030928,58.4419564996011,35.2341765956953,4.47209510739749,1,C,124,5
49.0228121171138,72,35.2861740114167,13.7366381056971,1,I,125,5
54.4099939704004,72,35.5982095655054,18.811784404895,1,C,126,5
131.14344810212,72,35.8056019200012,36.1943980799988,0,I,127,5
53.7625130163018,72,35.8894860651344,17.8730269511674,1,C,128,5
56.7692691768756,72,36.3529951544479,20.4162740224277,1,I,129,5
41.689651379079,72,36.4760326361284,5.21361874295061,1,C,130,5
96.5863633054673,72,36.5555757656693,35.4444242343307,0,I,131,5
48.7314766480245,72,36.73145997338,12.0000166746445,1,C,132,5
84.7134324278538,72,36.7382709123194,35.2617290876806,0,I,133,5
55.7788184514794,72,36.8238096311688,18.9550088203105,1,C,134,5
53.2285602163074,72,36.8392557324842,16.3893044838232,1,I,135,5
39.4778672517715,72,36.9682775018737,2.50958974989786,1,C,136,5
85.9993479958654,72,37.0029162615538,34.9970837384462,0,I,137,5
59.5319425035042,72,37.0189318573102,22.5130106461939,1,C,138,5
70.7179712916001,72,37.1496309293434,33.5683403622567,1,I,139,5
63.1914381603046,72,37.3934612888843,25.7979768714203,1,C,140,5
53.0055854684261,72,37.525300369598,15.4802850988281,1,I,141,5
73.4508778081792,72,37.6663529220969,34.3336470779032,0,C,142,5
47.5140364884993,72,38.1022104620934,9.41182602640593,1,I,143,5
49.9611254668414,72,38.2521834690124,11.708941997829,1,C,144,5
135.889620526386,72,38.2549876905978,33.7450123094022,0,I,145,5
47.6940548306662,72,38.5816667648032,9.11238806586295,1,C,146,5
42.2198364543846,72,38.6468463717029,3.57299008268173,1,I,147,5
49.3773842672405,72,38.6485275719315,10.728856695309,1,C,148,5
76.0543830409178,72,39.1671755723655,32.8328244276345,0,I,149,5
40.4349373890891,72,39.7363401576877,0.698597231401429,1,C,150,5
93.3415884269497,72,39.8057371331379,32.1942628668621,0,I,151,5
47.6731562071686,72,40.2824647771195,7.39069143004912,1,C,152,5
99.3855414861515,72,40.3703091759235,31.6296908240765,0,I,153,5
43.5103267949126,72,40.575366569683,2.93496022522969,1,C,154,5
56.7335500601512,72,40.6187386298552,16.114811430296,1,I,155,5
56.7737920583499,72,40.7843474904075,15.9894445679423,1,C,156,5
45.2061472317476,72,40.8225768478587,4.38357038388885,1,I,157,5
79.7018861711713,72,40.9942501410842,31.0057498589158,0,C,158,5
56.7659517455031,72,41.5524240676314,15.2135276778717,1,I,159,5
48.8593747057981,72,41.8232423113659,7.03613239443221,1,C,160,5
43.2022122026106,72,41.8409898877144,1.3612223148962,1,I,161,5
46.6644009867403,72,41.9034112337977,4.76098975294265,1,C,162,5
61.0504589442176,72,41.9513314962387,19.0991274479789,1,I,163,5
49.4855798823378,72,42.0758293010294,7.40975058130831,1,C,164,5
107.329957426812,72,42.6293965475634,29.3706034524366,0,I,165,5
44.7196643791092,72,42.6363410521299,2.08332332697932,1,C,166,5
63.1670873633648,72,42.7012554975227,20.4658318658421,1,I,167,5
46.091049305357,72,42.9401402408257,3.15090906453126,1,C,168,5
77.5601428681005,72,43.0465967115015,28.9534032884985,0,I,169,5
44.7017620350538,72,43.5759408026934,1.12582123236046,1,C,170,5
56.2184374694484,72,43.5763765359297,12.6420609335187,1,I,171,5
48.2578630647575,72,44.2523594386876,4.00550362606995,1,C,172,5
75.8628028024278,72,45.0155528727919,26.9844471272081,0,I,173,5
67.2749973397467,66.1216320446398,45.207371301949,20.9142607426908,0,C,174,5
131.696047275095,72,45.4431666294113,26.5568333705887,0,I,175,5
49.5017532927569,72,45.4498409014195,4.05191239133734,1,C,176,5
65.0142975084711,72,45.8760597277433,19.1382377807278,1,I,177,5
57.6354695827323,72,45.9506791876629,11.6847903950694,1,C,178,5
49.476491566687,72,45.9692444046959,3.50724716199107,1,I,179,5
55.2551356465286,72,45.9763715788722,9.2787640676564,1,C,180,5
76.8023602164656,72,46.0853177960962,25.9146822039038,0,I,181,5
60.6484517402209,72,46.2593583762646,14.3890933639563,1,C,182,5
56.3157870824924,72,46.3328751828522,9.98291189964021,1,I,183,5
51.3210445703685,72,46.3397866208106,4.9812579495579,1,C,184,5
59.3944421837726,72,46.678717341274,12.7157248424986,1,I,185,5
49.6010469469011,72,46.7578068282455,2.84324011865556,1,C,186,5
49.2788106912701,72,46.8050719890744,2.47373870219576,1,I,187,5
56.9145460359598,72,47.2412433894351,9.67330264652467,1,C,188,5
52.4958724181127,72,47.3657211894169,5.13015122869575,1,I,189,5
50.9213011991729,72,47.7772762952372,3.14402490393568,1,C,190,5
50.6913264309137,72,48.1036673393101,2.58765909160362,1,I,191,5
55.9209096111063,72,48.4010217245668,7.51988788653947,1,C,192,5
69.749573998935,72,48.4829331608489,21.2666408380861,1,I,193,5
49.1534875343143,72,48.8134657451883,0.340021789125948,1,C,194,5
59.401295346862,72,49.5218594837934,9.87943586306857,1,I,195,5
65.6037369203386,63.1907247404784,50.1382357953116,13.0524889451668,0,C,196,5
142.899426276595,72,50.3058334439993,21.6941665560007,0,I,197,5
52.6278680571544,72,50.9932453930378,1.63462266411662,1,C,198,5
58.9700119661605,72,51.017616391182,7.95239557497856,1,I,199,5
89.5737318496018,72,51.0524308355525,20.9475691644475,0,C,200,5
72.4076534780595,72,51.0637600533664,20.9362399466336,0,I,201,5
84.603001350127,72,51.5181008493528,20.4818991506472,0,C,202,5
65.2215421754263,72,51.7512764269486,13.4702657484776,1,I,203,5
64.9435649132593,72,51.9304883200675,13.0130765931918,1,C,204,5
59.8598688157944,72,52.0773265091702,7.78254230662414,1,I,205,5
68.6785470051839,72,52.1356286387891,16.5429183663949,1,C,206,5
67.6408661309642,72,52.4104008637369,15.2304652672273,1,I,207,5
79.3887488912256,72,52.9416384827346,19.0583615172654,0,C,208,5
99.9367202715896,72,52.9755768366158,19.0244231633842,0,I,209,5
54.5056388041134,72,53.2411211449653,1.26451765914812,1,C,210,5
59.3123527140675,72,53.3153348928317,5.99701782123572,1,I,211,5
54.0813667076581,72,53.3225330756977,0.758833631960384,1,C,212,5
58.5214409495006,72,53.3895470201969,5.13189392930363,1,I,213,5
63.3340512826686,72,53.5488658910617,9.78518539160691,1,C,214,5
163.721400288737,72,53.5491237184033,18.4508762815967,0,I,215,5
70.1101328458595,72,53.7309850752354,16.3791477706242,1,C,216,5
105.857050807691,72,53.9835808239877,18.0164191760123,0,I,217,5
55.6652097553673,72,54.1033074539155,1.56190230145183,1,C,218,5
72.56302265626,72,54.2339129559696,17.7660870440304,0,I,219,5
55.7146669147827,72,54.9212604342029,0.793406480579867,1,C,220,5
62.4549707919498,72,55.109099233523,7.34587155842676,1,I,221,5
58.3352852776189,72,55.3268880955875,3.00839718203136,1,C,222,5
67.7857913827188,72,55.3552194451913,12.4305719375274,1,I,223,5
65.2276897848008,72,55.3762028552592,9.85148692954162,1,C,224,5
56.3643048563119,72,55.7068127626553,0.657492093656582,1,I,225,5
56.2730872065694,58.0561052166817,55.7473803218454,0.52570688472398,1,C,226,5
97.886698836918,72,55.9866524767131,16.0133475232869,0,I,227,5
71.2765981535109,72,56.1418989859521,15.1346991675587,1,C,228,5
76.1036524292907,72,56.3630744023249,15.6369255976751,0,I,229,5
89.4837100921179,72,56.3958446541801,15.6041553458199,0,C,230,5
117.98650566192,72,56.5415669186041,15.4584330813959,0,I,231,5
62.0812586326433,72,56.711152321659,5.37010631098429,1,C,232,5
80.6189502149686,72,56.8021698435769,15.1978301564232,0,I,233,5
76.2522571263927,72,57.2018880257383,14.7981119742617,0,C,234,5
61.4065096511826,72,57.2245573997498,4.18195225143278,1,I,235,5
70.8316116779573,72,57.3700328869745,13.4615787909827,1,C,236,5
58.7446882621849,72,57.5978734670207,1.14681479516417,1,I,237,5
72.661767325302,72,57.6041993033141,14.3958006966859,0,C,238,5
71.2958825296745,72,57.8418389009312,13.4540436287433,1,I,239,5
69.6326052610695,72,57.9912122804672,11.6413929806024,1,C,240,5
105.06930256146,72,58.2365143904463,13.7634856095538,0,I,241,5
66.1284341528413,72,58.318457454443,7.80997669839832,1,C,242,5
58.7315436394344,72,58.6179353250191,0.113608314415376,1,I,243,5
59.7653630781347,72,59.0761372447014,0.689225833433343,1,C,244,5
87.3845225996223,72,59.2721714777872,12.7278285222128,0,I,245,5
80.4079474470798,72,59.2830308759585,12.7169691240415,0,C,246,5
65.4142670109042,72,59.653142709285,5.76112430161911,1,I,247,5
69.6663643252604,72,59.6631903480738,10.0031739771865,1,C,248,5
101.007021966809,72,59.7269140603021,12.2730859396979,0,I,249,5
70.0689880400222,72,59.8631462780759,10.2058417619463,1,C,250,5
1.14123763722081,72,0.0188602600246668,1.12237737719615,1,C,1,6
14.0619554504194,72,0.360675221309066,13.7012802291103,1,I,2,6
5.34989534339952,72,0.488198683597148,4.86169665980237,1,C,3,6
25.0087068331119,72,0.587805141694844,24.420901691417,1,I,4,6
17.610849564131,72,0.655407831072807,16.9554417330581,1,C,5,6
24.4196061810616,72,0.809545707888901,23.6100604731727,1,I,6,6
6.31119678181491,72,1.13435116130859,5.17684562050632,1,C,7,6
18.65977964805,72,1.25082816928625,17.4089514787637,1,I,8,6
2.03208456797608,72,1.69594617560506,0.336138392371019,1,C,9,6
3.46371226163385,72,1.73826333135366,1.72544893028019,1,I,10,6
36.2046564466345,72,2.02043888624758,34.184217560387,1,C,11,6
24.4696607469728,52.8086922899434,2.326550334692,22.1431104122808,1,I,12,6
28.5981160833241,72,2.83852828200907,25.759587801315,1,C,13,6
18.3479727075818,72,3.12821775209159,15.2197549554902,1,I,14,6
6.01580476807251,72,3.49937151186168,2.51643325621083,1,C,15,6
30.4145927462432,72,3.65726485848427,26.757327887759,1,I,16,6
10.2524678516699,72,3.83908860851079,6.41337924315912,1,C,17,6
38.4737162317849,72,3.92725618556142,34.5464600462235,1,I,18,6
35.1343911273182,72,3.93546593841165,31.1989251889065,1,C,19,6
40.7986878151154,72,4.02568444143981,36.7730033736756,1,I,20,6
23.0678794574001,36.891352278013,4.02927981689572,19.0385996405044,1,C,21,6
18.3038035869491,72,4.12593673914671,14.1778668478024,1,I,22,6
10.9185305067963,72,4.26793924067169,6.65059126612458,1,C,23,6
6.75033129832416,72,4.35693760402501,2.39339369429916,1,I,24,6
21.5624602937088,72,4.37495106831193,17.1875092253969,1,C,25,6
14.7948799040433,72,4.51614952180535,10.2787303822379,1,I,26,6
43.4027606825219,72,4.5788915315643,38.8238691509576,1,C,27,6
13.5914530660182,72,4.73048175685108,8.86097130916715,1,I,28,6
33.2825091800662,72,4.73778863903135,28.5447205410348,1,C,29,6
7.15716678526451,72,4.7767878184095,2.38037896685501,1,I,30,6
38.6073408608105,72,5.32147788908333,33.2858629717272,1,C,31,6
58.839687878264,72,6.01490098983049,52.8247868884335,1,I,32,6
30.741105595743,72,6.01943761110306,24.72166798464,1,C,33,6
23.6115993020225,72,6.26914420165122,17.3424551003713,1,I,34,6
35.0127828551826,72,6.62192459218204,28.3908582630005,1,C,35,6
25.2357617955786,10.7121476224051,6.80291972123087,3.90922790117425,0,I,36,6
46.1129230416799,72,7.08813715260476,39.0247858890752,1,C,37,6
22.9273652357465,72,7.18808895908296,15.7392762766635,1,I,38,6
16.1591294977237,72,7.78360501863062,8.37552447909307,1,C,39,6
83.1449571361191,72,8.01539564039558,63.9846043596044,0,I,40,6
15.9982949314427,72,8.03244853857905,7.96584639286365,1,C,41,6
39.1693318616334,72,8.2640821672976,30.9052496943358,1,I,42,6
10.4528135788191,72,8.77872195560485,1.67409162321428,1,C,43,6
41.1490477175287,72,8.96054451819509,32.1885031993336,1,I,44,6
16.5553944311461,72,9.13333247881383,7.42206195233229,1,C,45,6
16.2541840607725,72,9.18571839574724,7.06846566502523,1,I,46,6
9.39411436024185,72,9.26811602432281,0.125998335919044,1,C,47,6
37.1598834786926,72,9.51336034107953,27.6465231376131,1,I,48,6
21.4603540867465,72,9.88068006467074,11.5796740220757,1,C,49,6
20.0332571970409,72,9.982676259242,10.0505809377989,1,I,50,6
19.1883315062563,72,10.1359461899847,9.05238531627166,1,C,51,6
20.3920186840974,72,10.3578959405422,10.0341227435552,1,I,52,6
12.440355571724,72,10.374343469739,2.06601210198507,1,C,53,6
35.9836178861107,72,10.5810193531215,25.4025985329892,1,I,54,6
22.4323703458336,37.719066136709,10.8769061230123,11.5554642228213,1,C,55,6
69.0493995153987,72,11.1435117200017,57.905887795397,1,I,56,6
38.8638672184589,72,11.1711063282564,27.6927608902024,1,C,57,6
24.3769174791587,72,11.7509701615199,12.6259473176387,1,I,58,6
19.717256910625,72,11.7606011638418,7.95665574678317,1,C,59,6
27.2527554389892,72,12.0790423778817,15.1737130611075,1,I,60,6
53.1368793580713,72,12.2498278878629,40.8870514702083,1,C,61,6
29.0124245625489,72,12.8267871262506,16.1856374362983,1,I,62,6
47.3839800174249,72,14.1391600202769,33.244819997148,1,C,63,6
41.0064334159989,72,14.2103809956461,26.7960524203528,1,I,64,6
36.5061575577133,40.3058531438263,14.2765597114339,22.2295978462793,1,C,65,6
19.243509315975,72,14.7424733592197,4.50103595675526,1,I,66,6
21.9918370488695,72,14.8798060230911,7.11203102577843,1,C,67,6
32.2586292455072,72,15.0996373733506,17.1589918721566,1,I,68,6
22.0483751742591,72,16.051282742992,5.99709243126707,1,C,69,6
29.3883859139145,72,16.110132210888,13.2782537030266,1,I,70,6
100.256120838632,72,16.1779165221378,55.8220834778622,0,C,71,6
81.5899969270029,72,16.609501359053,55.3904986409471,0,I,72,6
21.7481623665674,72,16.653054705821,5.09510766074645,1,C,73,6
35.7214803333309,72,17.5325790653005,18.1889012680304,1,I,74,6
17.735836996382,72,17.5608144002035,0.175022596178457,1,C,75,6
30.8150871684131,72,18.1816444639117,12.6334427045015,1,I,76,6
34.2782315792508,72,18.2711752178147,16.007056361436,1,C,77,6
24.3026876142139,72,18.5412142938003,5.76147332041361,1,I,78,6
24.1832451892954,72,18.7401781417429,5.44306704755241,1,C,79,6
21.5105133279389,72,18.8644827716053,2.6460305563336,1,I,80,6
35.527946320667,72,18.9759496087208,16.5519967119462,1,C,81,6
54.2988916381009,72,19.1045139776543,35.1943776604467,1,I,82,6
52.2026361472298,72,19.1438966291025,33.0587395181272,1,C,83,6
69.4162481352642,72,19.1515518492088,50.2646962860555,1,I,84,6
43.284819953529,72,19.175710324198,24.109109629331,1,C,85,6
76.7298588848794,72,19.641717444174,52.358282555826,0,I,86,6
39.1569257552996,72,20.1417113374919,19.0152144178077,1,C,87,6
22.6931788409936,72,20.9094316000119,1.78374724098169,1,I,88,6
34.1631263911052,72,20.9106496302411,13.2524767608641,1,C,89,6
21.7043576740662,72,21.0401630261913,0.664194647874886,1,I,90,6
60.7875142954256,72,21.2183006247506,39.569213670675,1,C,91,6
22.32843604589,72,21.4837503153831,0.844685730506891,1,I,92,6
29.3065870110936,72,21.5994017897174,7.70718522137617,1,C,93,6
69.2714887411313,72,21.7486387537792,47.5228499873521,1,I,94,6
40.7208550657705,72,21.9224047847092,18.7984502810613,1,C,95,6
36.9144983652988,72,22.1848921570927,14.7296062082061,1,I,96,6
22.5662201958393,72,22.3725284216926,0.193691774146766,1,C,97,6
33.5933833110333,72,22.3937007598579,11.1996825511754,1,I,98,6
28.4761266095772,72,22.4073264934123,6.06880011616489,1,C,99,6
24.6903381184416,72,22.4539185874164,2.23641953102521,1,I,100,6
38.0295250631981,72,22.7156652230769,15.3138598401211,1,C,101,6
57.1014323157106,72,22.7468270435929,34.3546052721177,1,I,102,6
35.3693234816085,72,23.0733513040468,12.2959721775617,1,C,103,6
48.8157648856769,72,23.0978858890012,25.7178789966757,1,I,104,6
46.9082260856425,72,23.5326625267044,23.3755635589381,1,C,105,6
51.0602421939909,72,23.5360939521343,27.5241482418566,1,I,106,6
57.7242020119415,72,23.7247661082074,33.9994359037341,1,C,107,6
40.8599454909734,72,24.1258450085297,16.7341004824436,1,I,108,6
25.4733225783959,31.2644180235734,24.4223477644846,1.05097481391127,1,C,109,6
56.747932660122,69.3900410701569,25.1323366910219,31.6155959691,1,I,110,6
28.0413455493861,49.7536400141461,25.2904866496101,2.75085889977604,1,C,111,6
32.9954888250729,72,25.8260901505128,7.16939867456013,1,I,112,6
41.8610407200434,72,25.8295976137742,16.0314431062691,1,C,113,6
42.9855898829092,72,26.2154735857621,16.7701162971471,1,I,114,6
72.1143203070437,72,26.853888630867,45.146111369133,0,C,115,6
33.7485199625618,72,27.424376453273,6.32414350928878,1,I,116,6
36.896617897191,72,27.8890152135864,9.0076026836046,1,C,117,6
64.9491090125716,72,27.9256932204589,37.0234157921127,1,I,118,6
43.0791864948052,72,28.0388050200418,15.0403814747634,1,C,119,6
37.5589377382635,72,28.0443303426728,9.51460739559076,1,I,120,6
33.7294185752261,72,28.2479452947155,5.48147328051059,1,C,121,6
49.378368742925,72,28.3014041371644,21.0769646057606,1,I,122,6
36.2969630708567,72,28.5055069159716,7.79145615488504,1,C,123,6
49.5985279229305,72,28.7605493562296,20.8379785667009,1,I,124,6
34.505848977977,72,29.1059271013364,5.39992187664063,1,C,125,6
31.524279611759,72,29.2699900595471,2.25428955221189,1,I,126,6
43.4059852287837,72,29.9160300381482,13.4899551906355,1,C,127,6
34.8608988072193,72,29.9502369901165,4.91066181710273,1,I,128,6
43.543932021899,72,30.1282204175368,13.4157116043622,1,C,129,6
38.3781024992852,72,30.332163842395,8.04593865689022,1,I,130,6
75.4821257140161,72,30.5737958382815,41.4262041617185,0,C,131,6
37.5892468562292,72,31.1924643209204,6.39678253530882,1,I,132,6
38.8143286980572,72,31.3109391136095,7.50338958444767,1,C,133,6
31.4778815307597,71.6057937963705,31.4200921542943,0.0577893764654689,1,I,134,6
37.1844294987388,72,31.5409642551094,5.64346524362939,1,C,135,6
57.1458714384847,72,31.6162626771256,25.5296087613591,1,I,136,6
41.6546187946122,72,32.2198876412585,9.4347311533537,1,C,137,6
46.2984658301465,72,32.5028985226527,13.7955673074938,1,I,138,6
49.3559351912165,72,33.4278689604253,15.9280662307912,1,C,139,6
93.2962422760025,72,33.6865973286331,38.3134026713669,0,I,140,6
37.9447787192423,72,33.7111314246431,4.23364729459917,1,C,141,6
83.3495542473994,72,34.0519471652806,37.9480528347194,0,I,142,6
54.0073276661362,72,34.075539750047,19.9317879160891,1,C,143,6
64.944316517227,72,34.1178889945149,30.8264275227121,1,I,144,6
46.7101545411597,72,34.2909107822925,12.4192437588672,1,C,145,6
57.5964875126403,72,34.4351214542985,23.1613660583418,1,I,146,6
36.6411930071487,72,34.7332871519029,1.90790585524581,1,C,147,6
67.1093006675231,72,36.4212755486369,30.6880251188862,1,I,148,6
49.5902520510433,72,36.4929323131219,13.0973197379214,1,C,149,6
86.5871103181057,72,36.710469215177,35.289530784823,0,I,150,6
39.9087827875508,72,36.8584275897592,3.0503551977916,1,C,151,6
44.147734745041,72,36.9025488803163,7.2451858647247,1,I,152,6
39.35173223752,72,37.3768834630027,1.97484877451728,1,C,153,6
80.8064263878346,72,37.8374846465886,34.1625153534114,0,I,154,6
45.5018418294106,72,37.9434829764068,7.55835885300377,1,C,155,6
60.3394344722694,72,37.9680201597512,22.3714143125182,1,I,156,6
51.3662080317018,72,38.2326992880553,13.1335087436464,1,C,157,6
46.1349353979195,72,38.4423135593534,7.69262183856611,1,I,158,6
54.488210778601,72,38.4503786824644,16.0378320961367,1,C,159,6
120.517833317407,72,38.6179715814069,33.3820284185931,0,I,160,6
78.6216509372327,72,38.918879404664,33.081120595336,0,C,161,6
74.2645536181556,72,38.9385054493323,33.0614945506677,0,I,162,6
47.7422261268432,72,39.1761738527566,8.56605227408658,1,C,163,6
59.025127491175,72,39.3501527002081,19.6749747909669,1,I,164,6
40.0146931436835,72,39.5445858221501,0.470107321533427,1,C,165,6
39.6855452330742,72,39.6590696135536,0.0264756195206208,1,I,166,6
55.7076230151343,72,40.9609720576555,14.7466509574788,1,C,167,6
45.9118304433455,72,40.9967317152768,4.91509872806865,1,I,168,6
42.6783828492395,72,41.2807009695098,1.39768187972975,1,C,169,6
57.0861755238443,72,41.5129328984767,15.5732426253676,1,I,170,6
42.1795807917564,72,41.5709079382941,0.608672853462321,1,C,171,6
44.855083627253,72,42.2316124616191,2.62347116563387,1,I,172,6
50.3146285616872,72,42.2923996858299,8.02222887585734,1,C,173,6
57.1555872209704,72,42.452357984148,14.7032292368225,1,I,174,6
65.7980569658431,72,42.7599233016372,23.0381336642059,1,C,175,6
44.6786590882668,72,43.0205917311832,1.65806735708357,1,I,176,6
55.9200528606406,72,43.0791621375829,12.8408907230577,1,C,177,6
56.2297988814525,72,43.4344044467434,12.7953944347091,1,I,178,6
44.6694232501251,72,43.4807606739923,1.18866257613279,1,C,179,6
61.9109533399754,72,43.6087801214308,18.3021732185446,1,I,180,6
47.9491319058098,72,43.7539456039667,4.19518630184311,1,C,181,6
60.8299153383533,72,43.9365879865363,16.893327351817,1,I,182,6
45.6501659990925,72,44.7363873291761,0.913778669916372,1,C,183,6
59.5987414145046,72,44.7960420744494,14.8026993400552,1,I,184,6
49.810799553682,72,45.2544700540602,4.5563294996218,1,C,185,6
64.9015914366178,72,45.4654132761061,19.4361781605116,1,I,186,6
63.9806624853383,72,45.8732274547219,18.1074350306164,1,C,187,6
101.205066560439,72,46.8188056536019,25.1811943463981,0,I,188,6
61.9031453245081,72,46.8688208051026,15.0343245194055,1,C,189,6
55.8772080756569,72,47.0584964565933,8.81871161906364,1,I,190,6
48.721352353397,72,47.5670115184039,1.15434083499308,1,C,191,6
58.0479385041125,72,47.6302632177249,10.4176752863877,1,I,192,6
50.8846365060615,72,47.6499525038526,3.23468400220891,1,C,193,6
50.7834100525803,72,47.7944710850716,2.98893896750876,1,I,194,6
49.8628843906966,72,47.8946574870497,1.96822690364689,1,C,195,6
53.4370725261168,72,48.8840706227347,4.55300190338208,1,I,196,6
53.9037041448945,72,48.9289189316332,4.97478521326128,1,C,197,6
104.15296840587,72,49.1369782481343,22.8630217518657,0,I,198,6
66.5666571359875,72,49.2075083451346,17.3591487908529,1,C,199,6
64.6589206750985,72,49.2164043802768,15.4425162948216,1,I,200,6
63.8830596072202,72,49.4602252822369,14.4228343249833,1,C,201,6
66.860985706932,72,49.5500649372116,17.3109207697205,1,I,202,6
52.8569084247684,72,49.920868864283,2.93603956048546,1,C,203,6
75.7603329124581,72,50.240618227981,21.759381772019,0,I,204,6
69.2384228927786,72,50.5738440714777,18.6645788213009,1,C,205,6
55.6142192348756,72,51.058404436335,4.55581479854062,1,I,206,6
56.0485657978031,72,51.3504650909454,4.6981007068577,1,C,207,6
78.3565031114398,72,52.0694539183751,19.9305460816249,0,I,208,6
56.3656610612002,72,52.2181263193488,4.14753474185139,1,C,209,6
79.9172044124246,72,52.8285475261509,19.1714524738491,0,I,210,6
69.1999177956542,72,52.8906009206548,16.3093168749993,1,C,211,6
72.6536367270588,72,53.4870420210064,18.5129579789937,0,I,212,6
75.5333554939617,72,53.6773988977075,18.3226011022925,0,C,213,6
88.9650569060019,72,53.7435051519424,18.2564948480576,0,I,214,6
67.3224380927394,72,54.1732020210475,13.1492360716919,1,C,215,6
61.5690329537959,72,54.3831276800484,7.18590527374759,1,I,216,6
85.4905770106265,72,54.4991224631667,17.5008775368333,0,C,217,6
54.6520145064629,72,54.5067446585745,0.145269847888462,1,I,218,6
57.8034783322625,72,54.6398071898148,3.16367114244779,1,C,219,6
75.9065137051399,72,54.6461586467922,17.3538413532078,0,I,220,6
66.6090928108724,72,54.9081379920244,11.700954818848,1,C,221,6
82.2102952982646,72,55.041318484582,16.958681515418,0,I,222,6
100.432408506972,72,55.2948755817488,16.7051244182512,0,C,223,6
92.7128740936577,72,55.3752785269171,16.6247214730829,0,I,224,6
62.8136876382357,72,56.2239044671878,6.58978317104791,1,C,225,6
64.8048939724864,72,56.242747977376,8.56214599511043,1,I,226,6
63.794518409696,72,56.4122043829411,7.38231402675484,1,C,227,6
64.2384655811058,72,56.4860306633636,7.75243491774216,1,I,228,6
63.7536651605509,72,56.9705331791192,6.7831319814317,1,C,229,6
64.6369683940229,72,57.1000873250887,7.53688106893421,1,I,230,6
77.8429880764105,72,57.2268460225314,14.7731539774686,0,C,231,6
111.836565072469,72,57.7809263812378,14.2190736187622,0,I,232,6
69.7246809515815,72,57.8988463059068,11.8258346456747,1,C,233,6
66.5315632146785,72,58.0805274518207,8.4510357628578,1,I,234,6
95.0264606043858,72,58.8835792383179,13.1164207616821,0,C,235,6
59.806879434554,72,58.9128914102912,0.893988024262773,1,I,236,6
80.7238451872787,72,58.973169378005,13.026830621995,0,C,237,6
88.4916868901224,72,59.0282216621563,12.9717783378437,0,I,238,6
64.5475513850782,72,59.1972880996764,5.35026328540182,1,C,239,6
92.130655055808,72,59.3265920877457,12.6734079122543,0,I,240,6
83.9254365049688,72,59.5505459513515,12.4494540486485,0,C,241,6
4.48202504464774,72,0.225731902755797,4.25629314189194,1,C,1,7
28.3249577134103,72,0.527656464837492,27.7973012485728,1,I,2,7
4.65990400152197,72,0.823991359211505,3.83591264231047,1,C,3,7
81.3171610522617,72,1.15887688938528,70.8411231106147,0,I,4,7
13.9914066880234,72,1.65580478031188,12.3356019077115,1,C,5,7
16.8046650210293,72,1.93296127952635,14.871703741503,1,I,6,7
36.4940031222693,72,2.14151356369257,34.3524895585768,1,C,7,7
87.6450788110294,72,2.24605425260961,69.7539457473904,0,I,8,7
12.7802966091977,72,2.30848009698093,10.4718165122167,1,C,9,7
5.85394035228257,72,2.37269361969084,3.48124673259173,1,I,10,7
25.6287238046495,31.2012205339994,2.451430731453,23.1772930731965,1,C,11,7
4.11392521560518,72,2.95669144950807,1.15723376609711,1,I,12,7
4.24501137458614,12.0893708784751,3.24334221426398,1.00166916032217,1,C,13,7
24.0989912676602,72,3.67033323738724,20.428658030273,1,I,14,7
30.9099410187094,72,4.156016218476,26.7539248002334,1,C,15,7
15.9149887232749,72,4.3293025251478,11.5856861981271,1,I,16,7
15.5098737638958,72,4.33010471519083,11.179769048705,1,C,17,7
18.6936857800278,72,4.86133493017405,13.8323508498537,1,I,18,7
5.64037833802782,72,4.95080195367336,0.689576384354456,1,C,19,7
26.8926703166692,72,5.02657416276634,21.8660961539028,1,I,20,7
19.7095476183051,72,5.04451523534954,14.6650323829556,1,C,21,7
36.2323577772232,72,5.32789003103972,30.9044677461835,1,I,22,7
9.53764519442895,72,5.38620235864073,4.15144283578822,1,C,23,7
17.9625213616582,72,5.41203148663044,12.5504898750277,1,I,24,7
5.81967553810244,72,5.48922550398856,0.330450034113879,1,C,25,7
37.5140164805539,72,5.55090228561312,31.9631141949408,1,I,26,7
9.92927828276069,72,5.56542336009443,4.36385492266626,1,C,27,7
12.8609372928616,72,5.98541087005287,6.87552642280868,1,I,28,7
31.0904559036696,72,6.04917672928423,25.0412791743854,1,C,29,7
12.8040702237366,72,6.08322548680008,6.72084473693656,1,I,30,7
8.83828364868174,72,6.08433710876852,2.75394653991322,1,C,31,7
23.5600910442679,72,6.10512376762927,17.4549672766386,1,I,32,7
20.3851496814942,45.4086322753625,6.23639929108322,14.1487503904109,1,C,33,7
10.1007499108392,72,6.51976738125086,3.58098252958836,1,I,34,7
8.33979512569303,72,6.66114232968539,1.67865279600764,1,C,35,7
28.6072690310162,72,7.2931226156652,21.314146415351,1,I,36,7
54.1330948342365,72,7.58499297313392,46.5481018611026,1,C,37,7
14.1024354097011,72,7.80629967804998,6.29613573165111,1,I,38,7
13.5717785661931,72,8.5898301936686,4.98194837252454,1,C,39,7
9.07796274995138,72,8.83953425567597,0.238428494275411,1,I,40,7
11.5697816999348,72,9.00373523589224,2.56604646404255,1,C,41,7
24.4979978794215,72,9.09100967925042,15.406988200171,1,I,42,7
16.7628710569536,72,9.85665620304644,6.90621485390715,1,C,43,7
51.0193439717223,72,9.92806829977781,41.0912756719445,1,I,44,7
18.9930050968531,72,10.1156574022025,8.87734769465058,1,C,45,7
73.1966138457568,72,10.5575920734555,61.4424079265446,0,I,46,7
18.6645108276727,72,10.6088072480634,8.05570357960936,1,C,47,7
26.0496224015537,72,10.7430543098599,15.3065680916938,1,I,48,7
33.9580112349752,72,11.0720487730578,22.8859624619174,1,C,49,7
23.6671015031158,72,11.0737380478531,12.5933634552627,1,I,50,7
65.6883387674061,72,11.2172782374546,54.4710605299515,1,C,51,7
11.8270337060594,72,11.6584091400728,0.1686245659866,1,I,52,7
14.9344335089551,72,11.9646154437214,2.96981806523372,1,C,53,7
23.1044017374998,72,12.1929201018065,10.9114816356932,1,I,54,7
18.7310198523529,72,12.7142521413043,6.01676771104863,1,C,55,7
38.3112345101028,72,12.7518879203126,25.5593465897902,1,I,56,7
14.7451287245016,72,13.0750907678157,1.67003795668588,1,C,57,7
62.9978377545157,72,13.2861893903464,49.7116483641693,1,I,58,7
27.1575423029204,72,13.5544059053063,13.603136397614,1,C,59,7
16.8257046054114,72,13.6052327882499,3.22047181716153,1,I,60,7
33.3587958327326,72,13.6254198616371,19.7333759710955,1,C,61,7
32.6241360204867,72,13.64441444166,18.9797215788266,1,I,62,7
20.1033468963364,72,14.062970476225,6.04037642011141,1,C,63,7
63.6469262007342,72,14.5451605506241,49.1017656501101,1,I,64,7
16.8148483001767,72,14.8022290505469,2.01261924962979,1,C,65,7
20.4598961817911,72,14.8976879892871,5.56220819250404,1,I,66,7
52.9821121036606,72,15.0849085813388,37.8972035223218,1,C,67,7
34.8367171761046,72,15.6970991240814,19.1396180520232,1,I,68,7
53.1208771226351,72,17.1427534008399,35.9781237217952,1,C,69,7
39.1319301372629,72,17.2826046170667,21.8493255201962,1,I,70,7
25.0683508838559,72,17.6597076701,7.4086432137559,1,C,71,7
50.3952086173903,72,17.9279852891341,32.4672233282562,1,I,72,7
23.3096005025833,72,18.3015282545239,5.00807224805939,1,C,73,7
26.9384806509728,72,18.6662953672931,8.27218528367976,1,I,74,7
39.4092537153964,72,19.5398953277618,19.8693583876346,1,C,75,7
54.5798286796588,72,19.5589113654569,35.0209173142019,1,I,76,7
21.5416073342642,72,19.6461493754759,1.8954579587883,1,C,77,7
55.2229714625685,72,20.6580996327102,34.5648718298583,1,I,78,7
31.066673234065,72,21.0142557509244,10.0524174831406,1,C,79,7
39.9199424994598,72,21.3059835322201,18.6139589672397,1,I,80,7
22.0959043554357,72,21.5688809473068,0.527023408128921,1,C,81,7
38.8256276524958,72,21.6431100899354,17.1825175625605,1,I,82,7
39.3068848792864,72,21.79081548471,17.5160693945763,1,C,83,7
24.9040284680182,72,21.7938095564023,3.11021891161591,1,I,84,7
22.6883219274849,72,22.0992877660319,0.589034161452987,1,C,85,7
34.9305455059643,72,22.1533308411017,12.7772146648626,1,I,86,7
22.2826403833274,72,22.2382646519691,0.0443757313582873,1,C,87,7
44.033083828418,72,22.514571826905,21.518512001513,1,I,88,7
35.3165903469355,72,22.9502084059641,12.3663819409714,1,C,89,7
87.6327824336055,72,22.9949661623687,49.0050338376314,0,I,90,7
44.6516716630393,72,23.0155703332275,21.6361013298117,1,C,91,7
70.3541798552059,72,23.0699781049043,47.2842017503016,1,I,92,7
60.5933716494216,72,23.318299530074,37.2750721193476,1,C,93,7
23.4013274066557,72,23.3996689785272,0.00165842812849456,1,I,94,7
40.6601152905859,72,23.9787669014186,16.6813483891673,1,C,95,7
43.9756199643818,72,24.2274978803471,19.7481220840347,1,I,96,7
27.3156499146255,72,24.3354246206582,2.98022529396729,1,C,97,7
39.0999404193476,72,25.4173429962248,13.6825974231229,1,I,98,7
27.9726881780144,72,26.0434403037652,1.9292478742492,1,C,99,7
45.2223657853451,72,26.1624681064859,19.0598976788592,1,I,100,7
26.9787791279877,72,26.1935902107507,0.785188917236989,1,C,101,7
27.0040513272988,72,26.4115370158106,0.592514311488227,1,I,102,7
42.4698102969254,72,26.4880947489291,15.9817155479962,1,C,103,7
39.7379516495794,72,26.4895421918482,13.2484094577313,1,I,104,7
49.3432815090498,72,26.5853848261759,22.757896682874,1,C,105,7
26.6709695274123,72,26.5919874608517,0.0789820665606594,1,I,106,7
27.8413667953724,72,27.588036688976,0.253330106396432,1,C,107,7
31.9523744611958,72,27.6925332890824,4.25984117211342,1,I,108,7
34.9370833411708,72,27.9462338704616,6.99084947070923,1,C,109,7
32.8547926753064,35.6692625154159,28.6586926644668,4.19610001083961,1,I,110,7
47.3972872130567,72,28.7122296122834,18.6850576007733,1,C,111,7
36.0297164727225,72,28.7644428340718,7.26527363865067,1,I,112,7
79.0692556359914,72,28.8071361975744,43.1928638024256,0,C,113,7
53.1556449414785,72,28.8818145124242,24.2738304290543,1,I,114,7
38.4178343601635,72,29.1646573087201,9.25317705144341,1,C,115,7
97.9594053104016,59.1433149483829,29.1990360617638,29.9442788866192,0,I,116,7
32.9349720482728,72,29.6606875117868,3.27428453648593,1,C,117,7
36.1833137588692,72,29.6812497032806,6.50206405558858,1,I,118,7
36.7034630099836,72,29.7642585542053,6.93920445577829,1,C,119,7
73.9596841928696,72,29.8647653963417,42.1352346036583,0,I,120,7
39.4977008907162,72,30.0014959461987,9.49620494451746,1,C,121,7
35.3190047522682,72,30.1155770011246,5.20342775114353,1,I,122,7
79.299891776891,42.8985370830906,30.1706866035238,12.7278504795668,0,C,123,7
99.9093169986383,72,30.2541481330991,41.7458518669009,0,I,124,7
34.2660647640858,72,30.4340536985546,3.83201106553121,1,C,125,7
66.527507337859,72,31.1001452570781,35.4273620807809,1,I,126,7
36.0475515605259,72,31.1597724119201,4.8877791486058,1,C,127,7
31.5058554040788,72,31.4221224747598,0.083732929319001,1,I,128,7
42.0941684986094,72,31.4347615744919,10.6594069241176,1,C,129,7
41.1034489595527,72,31.4656935911626,9.63775536839012,1,I,130,7
44.1832633977306,72,32.5707581592724,11.6125052384582,1,C,131,7
53.3745808071183,72,33.067725864239,20.3068549428793,1,I,132,7
53.2311753532659,72,33.0680865515023,20.1630888017635,1,C,133,7
37.4483264527915,72,33.4856996918097,3.96262676098179,1,I,134,7
51.2906170510027,72,34.4131505163386,16.8774665346641,1,C,135,7
41.2431510575319,72,34.5669693360105,6.67618172152143,1,I,136,7
37.2185902897895,72,35.0911522423849,2.12743804740464,1,C,137,7
36.0059951888145,72,35.542205167003,0.463790021811511,1,I,138,7
41.9511146385481,72,35.624763420783,6.3263512177651,1,C,139,7
48.2177791189735,72,35.6609359430149,12.5568431759586,1,I,140,7
88.3324096860267,72,35.755961718969,36.244038281031,0,C,141,7
38.8192154822198,72,35.7871119165793,3.0321035656405,1,I,142,7
61.9718512012406,72,35.838640127331,26.1332110739096,1,C,143,7
44.8078767074992,72,36.3761968072504,8.43167990024877,1,I,144,7
50.9810458325698,52.2010981196946,36.6439661197364,14.3370797128333,1,C,145,7
87.5666013422242,72,37.0170431211591,34.9829568788409,0,I,146,7
56.9746872346732,72,37.0273111341521,19.947376100521,1,C,147,7
41.2437851635705,72,37.2065537888557,4.03723137471483,1,I,148,7
83.1005889163088,72,37.690734914504,34.309265085496,0,C,149,7
68.5517257835451,64.2673438339505,38.0109591968358,26.2563846371148,0,I,150,7
43.8627922065632,72,38.0270281713456,5.83576403521757,1,C,151,7
56.8473812970794,72,38.2658625533804,18.581518743699,1,I,152,7
56.7392050216181,72,38.7741047563031,17.965100265315,1,C,153,7
60.0233330869439,72,39.0162874571979,21.007045629746,1,I,154,7
47.5563054521299,72,39.0609120950103,8.49539335711956,1,C,155,7
70.9995029713505,72,39.3803731352091,31.6191298361414,1,I,156,7
88.585206339429,72,39.4736330676824,32.5263669323176,0,C,157,7
49.6863520227568,72,39.6606804337353,10.0256715890216,1,I,158,7
50.8411134863509,72,40.4596408037469,10.381472682604,1,C,159,7
44.1986077492158,72,41.4822303364053,2.71637741281041,1,I,160,7
46.9802214602775,72,41.6958375368267,5.28438392345078,1,C,161,7
73.0429915056099,72,41.6992823733017,30.3007176266983,0,I,162,7
96.1161744308165,72,41.7643072782084,30.2356927217916,0,C,163,7
50.7899789436031,72,41.8736995803192,8.91627936328387,1,I,164,7
56.160074504633,72,41.9136762432754,14.2463982613575,1,C,165,7
52.1352335964023,72,42.033475167118,10.1017584292843,1,I,166,7
52.0409214803469,72,42.7617504028603,9.27917107748651,1,C,167,7
68.7557056705642,72,42.9746273718774,25.7810782986868,1,I,168,7
71.3557908955132,72,43.2048985781148,28.1508923173984,1,C,169,7
55.801586442264,72,43.238430689089,12.563155753175,1,I,170,7
55.9526975597074,72,43.630473590456,12.3222239692514,1,C,171,7
59.2413720638581,72,43.7064629886299,15.5349090752281,1,I,172,7
51.2922526200172,72,43.9245948381722,7.36765778184504,1,C,173,7
78.6855495690361,72,44.0412521967664,27.9587478032336,0,I,174,7
53.707137027427,72,44.0761403879151,9.63099663951197,1,C,175,7
48.8037213334892,72,44.2115147598088,4.59220657368043,1,I,176,7
71.1507213876173,72,44.5923646073788,26.5583567802384,1,C,177,7
65.6024346295436,72,45.2745665749535,20.3278680545901,1,I,178,7
65.3153616140147,72,45.6145319715142,19.7008296425005,1,C,179,7
66.3740774118942,72,45.9923664433882,20.381710968506,1,I,180,7
53.3660678757504,72,46.1008219141513,7.26524596159909,1,C,181,7
55.1589210038647,72,46.245421199128,8.91349980473661,1,I,182,7
69.2869709408747,72,46.3584851939231,22.9284857469516,1,C,183,7
62.0043506843928,72,46.8310650112107,15.173285673182,1,I,184,7
47.9271097535069,72,46.8907739594579,1.03633579404903,1,C,185,7
59.5952883139818,72,47.1067151008174,12.4885732131644,1,I,186,7
66.0791117361518,72,48.044073949568,18.0350377865838,1,C,187,7
67.3659086170106,72,48.1608152529225,19.2050933640881,1,I,188,7
83.718957991434,72,48.338558874093,23.661441125907,0,C,189,7
58.476907958724,72,48.6321874056011,9.84472055312286,1,I,190,7
52.0566573557787,72,48.9355787448585,3.12107861092022,1,C,191,7
59.5640990625,72,49.0069733932614,10.5571256692385,1,I,192,7
56.1148587976938,72,49.0997883165255,7.01507048116824,1,C,193,7
182.187379849995,72,49.1357722599059,22.8642277400941,0,I,194,7
50.1215888330434,72,49.1940380679444,0.927550765099063,1,C,195,7
57.3196493380057,72,49.2190414806828,8.10060785732291,1,I,196,7
51.8972288268747,72,49.3643004214391,2.53292840543554,1,C,197,7
52.6630108373687,72,50.0485114194453,2.61449941792343,1,I,198,7
66.013778326378,72,50.1416088407859,15.872169485592,1,C,199,7
83.839018645635,72,50.3966522589326,21.6033477410674,0,I,200,7
51.349381016333,72,50.453537623398,0.895843392934962,1,C,201,7
134.445314094182,72,50.6696777930483,21.3303222069517,0,I,202,7
51.5342993861185,72,51.3217482157052,0.212551170413293,1,C,203,7
57.7224487768748,72,51.3447977369651,6.3776510399097,1,I,204,7
55.420958740727,72,52.8249797550961,2.59597898563083,1,C,205,7
86.0489603197114,72,52.8732640016824,19.1267359983176,0,I,206,7
78.2762693352301,72,53.008757326752,18.9912426732481,0,C,207,7
89.395226055505,72,53.0262955231592,18.9737044768408,0,I,208,7
57.7126659679533,72,53.4544851724058,4.25818079554743,1,C,209,7
59.6987346317248,72,53.7389445723966,5.95979005932823,1,I,210,7
77.4184994991017,72,53.9257806306705,18.0742193693295,0,C,211,7
59.7253631898972,72,53.9799911202863,5.74537206961093,1,I,212,7
63.0043606485303,72,54.1513807279989,8.85297992053135,1,C,213,7
73.7676729319817,72,54.4959814427421,17.504018557258,0,I,214,7
62.4715531720647,72,54.697481081821,7.77407209024368,1,C,215,7
62.185092380781,72,54.8376477370039,7.34744464377717,1,I,216,7
75.9156813004974,72,54.9934041453525,17.0065958546475,0,C,217,7
98.3615401557529,72,55.0202149059624,16.9797850940377,0,I,218,7
61.8489806456813,72,55.1456923317164,6.70328831396492,1,C,219,7
65.8136513094806,72,55.2945742523298,10.5190770571509,1,I,220,7
56.6600682689541,72,55.3403845243156,1.31968374463852,1,C,221,7
58.5304198079749,72,55.4969278955832,3.03349191239169,1,I,222,7
63.3044023949118,72,55.67047000397,7.63393239094182,1,C,223,7
70.5453786199562,72,55.921104750596,14.6242738693603,1,I,224,7
60.7970773529756,72,56.8241014843807,3.97297586859496,1,C,225,7
69.4307051664606,72,57.0937675517052,12.3369376147554,1,I,226,7
65.4297781424937,72,57.6446702191606,7.78510792333304,1,C,227,7
73.9406522256796,72,57.7784116426483,14.2215883573517,0,I,228,7
83.2430916348065,72,57.814346915111,14.1856530848891,0,C,229,7
95.4758281011298,72,57.9354547988623,14.0645452011377,0,I,230,7
63.4484514723361,72,58.1696362467483,5.27881522558778,1,C,231,7
68.5902859506254,72,58.4277826035395,10.1625033470859,1,I,232,7
73.1651129458286,72,58.594929696992,13.405070303008,0,C,233,7
59.3430332195429,72,58.9808794297278,0.362153789815112,1,I,234,7
61.0056392282358,72,59.2643908783793,1.74124834985648,1,C,235,7
71.0818948908379,72,59.3843932449818,11.6975016458561,1,I,236,7
64.3688318611667,72,59.4959766184911,4.8728552426756,1,C,237,7
68.4050050785816,72,59.8984798416495,8.50652523693206,1,I,238,7
0.924519052378878,72,0.132482727058232,0.792036325320646,1,I,1,8
8.16746873975372,72,0.246208640746772,7.92126009900695,1,C,2,8
34.8707149916382,72,0.247742529027164,34.6229724626111,1,I,3,8
12.5485340953395,72,0.303577948361635,12.2449561469779,1,C,4,8
21.3137664987074,72,0.739377541467547,20.5743889572398,1,I,5,8
5.64857888925217,72,1.60428768955171,4.04429119970045,1,C,6,8
75.1510390616346,72,1.61127631086856,70.3887236891314,0,I,7,8
11.9516050022987,72,1.61943183280528,10.3321731694934,1,C,8,8
11.2715002073016,72,1.83790499344468,9.4335952138569,1,I,9,8
13.5798389931683,72,2.04306218773127,11.5367768054371,1,C,10,8
28.3083672682299,72,2.05971908289939,26.2486481853305,1,I,11,8
2.27588223780675,72,2.17213025316596,0.103751984640786,1,C,12,8
8.033892737019,72,2.30339460074902,5.73049813626998,1,I,13,8
15.8124753133386,72,2.75036829058081,13.0621070227578,1,C,14,8
24.7291366177469,72,2.84957888536155,21.8795577323854,1,I,15,8
14.394034229328,72,2.96666321810335,11.4273710112247,1,C,16,8
8.40479320386071,72,3.30386760178953,5.10092560207118,1,I,17,8
25.2569695916157,72,3.39821553323418,21.8587540583815,1,C,18,8
55.0301825898679,72,3.45921136904508,51.5709712208228,1,I,19,8
11.7153784300117,72,3.75137262046337,7.9640058095483,1,C,20,8
9.42609456844537,72,3.84322416968644,5.58287039875893,1,I,21,8
11.1830854544803,72,3.88312135823071,7.29996409624962,1,C,22,8
10.5197366292785,72,3.92707382328808,6.59266280599042,1,I,23,8
11.8648673540789,72,4.02331524062902,7.84155211344989,1,C,24,8
8.18765159146765,72,4.2289395025,3.95871208896765,1,I,25,8
8.71496662203512,72,4.32228745892644,4.39267916310868,1,C,26,8
6.54459249773713,72,4.41226642113179,2.13232607660534,1,I,27,8
6.22292835779836,72,4.77778977714479,1.44513858065357,1,C,28,8
24.0679424559462,72,4.93200302124023,19.135939434706,1,I,29,8
27.3543938489338,72,5.2315940335393,22.1227998153945,1,C,30,8
26.5495325275213,72,6.44406690727919,20.1054656202421,1,I,31,8
16.7030743107206,72,6.48853034712374,10.2145439635969,1,C,32,8
13.1910907837266,72,6.87236253172159,6.31872825200503,1,I,33,8
19.3163275278124,72,7.16690015047789,12.1494273773346,1,C,34,8
12.7064646990697,72,7.17900148127228,5.52746321779737,1,I,35,8
93.8183053977568,72,7.24083468317986,64.7591653168202,0,C,36,8
55.0464134363595,72,7.45886463671923,47.5875487996403,1,I,37,8
14.9331102748835,23.2580456103421,7.53077672794461,7.40233354693892,1,C,38,8
24.0935197514809,72,7.85276285838336,16.2407568930976,1,I,39,8
29.6835732326646,72,9.2906211828813,20.3929520497833,1,C,40,8
43.0503979516035,72,9.52148105017841,33.5289169014251,1,I,41,8
11.057069937764,72,9.62039702106267,1.43667291670129,1,C,42,8
76.6002121831172,72,10.1995373982936,61.8004626017064,0,I,43,8
11.7330422049471,72,10.3959743818268,1.33706782312026,1,C,44,8
15.5360510132751,72,11.0964053822681,4.43964563100692,1,I,45,8
12.6496716979153,72,11.2630241923034,1.38664750561183,1,C,46,8
14.4842304590358,72,11.370450546965,3.11377991207082,1,I,47,8
24.7910564959366,72,11.4700019080192,13.3210545879174,1,C,48,8
66.8130393628161,72,12.4205368990079,54.3925024638083,1,I,49,8
15.957128298747,72,12.4397391267121,3.51738917203494,1,C,50,8
37.5703128174375,72,12.5771437492222,24.9931690682153,1,I,51,8
13.0890838738088,72,12.7926957048476,0.296388168961235,1,C,52,8
34.3818112976741,72,12.8226424986497,21.5591687990244,1,I,53,8
15.0936923305943,72,13.6860283557326,1.4076639748617,1,C,54,8
21.4521593798402,72,13.8595262216404,7.59263315819982,1,I,55,8
19.1162180611834,72,14.0353110618889,5.08090699929446,1,C,56,8
28.1938460655098,72,14.2543209437281,13.9395251217817,1,I,57,8
18.4646029995566,72,14.3210597662255,4.14354323333104,1,C,58,8
51.2984984694854,72,14.5165761373937,36.7819223320917,1,I,59,8
75.6788035823227,72,14.7049042023718,57.2950957976282,0,C,60,8
29.0099267998268,72,14.8219754034653,14.1879513963614,1,I,61,8
18.6279745406093,72,15.4837821051478,3.14419243546146,1,C,62,8
44.4220076632382,72,15.4952381132171,28.9267695500211,1,I,63,8
18.0239492747728,72,15.5654109315947,2.45853834317814,1,C,64,8
61.2000470375388,72,15.8580068964511,45.3420401410877,1,I,65,8
21.9154291792429,72,16.0568091273308,5.85862005191214,1,C,66,8
43.3979231221757,72,16.0936542972922,27.3042688248835,1,I,67,8
21.351136206993,72,16.0940593387932,5.25707686819987,1,C,68,8
34.1402396853594,72,16.1196929169819,18.0205467683775,1,I,69,8
30.5025999007835,72,16.1660149600357,14.3365849407478,1,C,70,8
21.0364246145987,72,16.4715834707022,4.56484114389656,1,I,71,8
55.0120377813557,72,16.7572437180206,38.2547940633351,1,C,72,8
29.7082039768628,72,16.9179612910375,12.7902426858253,1,I,73,8
19.6730588689124,72,16.9579458329827,2.71511303592977,1,C,74,8
34.892957855061,72,17.0327126327902,17.8602452222708,1,I,75,8
31.8967026393309,72,17.0451775286347,14.8515251106962,1,C,76,8
25.0012943358067,72,17.1447100723162,7.8565842634905,1,I,77,8
38.2235207727122,72,17.7529955701903,20.4705252025219,1,C,78,8
20.6270083629625,72,17.7977451542392,2.82926320872323,1,I,79,8
42.1473612034304,72,17.8199741709977,24.3273870324327,1,C,80,8
53.6107355546312,72,17.8229667758569,35.7877687787742,1,I,81,8
25.5981019461308,72,18.1179494736716,7.48015247245922,1,C,82,8
37.5413223039101,72,18.1201558560133,19.4211664478968,1,I,83,8
19.5314162897726,72,18.139895782806,1.39152050696659,1,C,84,8
46.8343973114458,72,18.3973668934777,28.4370304179681,1,I,85,8
22.1994934283134,72,18.4495858149603,3.74990761335311,1,C,86,8
27.4262616125754,72,18.7878297781572,8.63843183441825,1,I,87,8
22.0808605940292,72,19.0393844945356,3.04147609949353,1,C,88,8
64.2100569513476,72,19.6963608032092,44.5136961481384,1,I,89,8
27.8596655168262,72,19.8123118607327,8.04735365609345,1,C,90,8
50.9569027281786,72,20.3010889654979,30.6558137626807,1,I,91,8
28.9545284759502,72,20.4444963578135,8.5100321181367,1,C,92,8
47.1286329822508,72,21.0172761837021,26.1113567985488,1,I,93,8
29.4872592126184,72,21.0897427657619,8.39751644685646,1,C,94,8
37.4929019547629,72,21.4995352132246,15.9933667415383,1,I,95,8
53.4722704357483,72,21.5433153742924,31.9289550614558,1,C,96,8
45.201000564357,72,21.6677528154105,23.5332477489465,1,I,97,8
34.0442483155398,72,22.1145279938355,11.9297203217043,1,C,98,8
29.0954570134593,72,22.140141511336,6.95531550212328,1,I,99,8
25.9294261256028,72,22.2106477618217,3.718778363781,1,C,100,8
106.131729833009,72,22.5614540325478,49.4385459674522,0,I,101,8
66.8118799903973,72,22.6657669432461,44.1461130471512,1,C,102,8
67.3866832709096,72,22.8253433201462,44.5613399507633,1,I,103,8
39.8639482207999,72,23.0165647063404,16.8473835144595,1,C,104,8
36.8691964269996,72,23.156304792501,13.7128916344986,1,I,105,8
23.8363514010269,72,23.4274266287684,0.408924772258441,1,C,106,8
42.6317788793378,72,23.4528011502698,19.178977729068,1,I,107,8
47.2808553536787,72,23.5672476701438,23.7136076835348,1,C,108,8
53.356248399046,72,24.0104336338118,29.3458147652342,1,I,109,8
35.6933591443718,72,25.0654813321307,10.6278778122411,1,C,110,8
74.866929972116,72,25.1520986901596,46.8479013098404,0,I,111,8
31.6197628562974,72,25.9322397876531,5.68752306864435,1,C,112,8
58.761545241464,72,25.9992597671226,32.7622854743415,1,I,113,8
45.8283890177992,72,26.2683556135744,19.5600334042248,1,C,114,8
28.0922368352619,72,26.6521020513028,1.44013478395911,1,I,115,8
44.7086692610012,72,26.6753816697747,18.0332875912265,1,C,116,8
35.7154896906604,72,27.535629873164,8.17985981749637,1,I,117,8
40.2580457205248,72,27.957350355573,12.3006953649518,1,C,118,8
31.2694789510265,72,27.9722924111411,3.29718653988535,1,I,119,8
29.6007634980191,72,28.1790983257815,1.42166517223756,1,C,120,8
96.1444292895724,72,28.3689631707966,43.6310368292034,0,I,121,8
35.5184329587257,72,28.5126941744238,7.00573878430193,1,C,122,8
101.455422516257,72,28.5378431668505,43.4621568331495,0,I,123,8
51.5206192105381,72,28.564671697095,22.9559475134431,1,C,124,8
60.5656206083567,72,28.7084116553888,31.857208952968,1,I,125,8
38.490910038482,72,29.2486977903172,9.24221224816475,1,C,126,8
34.8297659269116,72,29.6881875442341,5.14157838267747,1,I,127,8
31.6152834325182,72,29.7208386613056,1.89444477121257,1,C,128,8
50.5970550234635,72,29.838973316364,20.7580817070995,1,I,129,8
41.8233674736179,72,30.1036214316264,11.7197460419915,1,C,130,8
86.3725593651211,72,30.3505111578852,41.6494888421148,0,I,131,8
42.0581187239165,72,30.5814901879057,11.4766285360108,1,C,132,8
59.3015664375918,72,30.6767354998738,28.6248309377181,1,I,133,8
56.9027187829029,72,30.835345541127,26.0673732417759,1,C,134,8
70.2553300627735,72,30.9737258451059,39.2816042176676,1,I,135,8
37.6288171143375,72,31.2729869736359,6.35583014070166,1,C,136,8
59.4718803260675,72,31.6378999315202,27.8339803945473,1,I,137,8
36.540447234905,72,31.744620250538,4.79582698436705,1,C,138,8
69.202076473381,72,31.8415039032698,37.3605725701113,1,I,139,8
41.4635370755629,72,32.1895612450317,9.27397583053119,1,C,140,8
36.5272540143371,72,32.3271168675274,4.20013714680975,1,I,141,8
38.264977528987,72,32.4044596217573,5.86051790722971,1,C,142,8
53.6159091828983,72,33.2477593794465,20.3681498034518,1,I,143,8
37.3894438002341,72,33.4911461407319,3.89829765950227,1,C,144,8
45.9775881594697,72,33.7299537425861,12.2476344168836,1,I,145,8
47.0716688023628,72,33.7968233926222,13.2748454097406,1,C,146,8
73.1466534483672,72,33.8553813798353,38.1446186201647,0,I,147,8
68.1742254763763,72,34.2614736082032,33.912751868173,1,C,148,8
41.3390953489937,72,34.2782378895208,7.06085745947284,1,I,149,8
63.6503261387933,72,34.7012656275183,28.949060511275,1,C,150,8
36.3247362545108,72,34.8020291794091,1.52270707510163,1,I,151,8
67.6948324369313,72,35.0589656364173,32.635866800514,1,C,152,8
51.2324667950763,72,35.1304663717747,16.1020004233016,1,I,153,8
35.6312612320042,72,35.2313152654097,0.399945966594586,1,C,154,8
55.9355242571711,72,35.273090028204,20.6624342289671,1,I,155,8
42.9272147309793,66.3852827114385,35.3913067420945,7.53590798888481,1,C,156,8
103.519919934109,72,35.4516290919855,36.5483709080145,0,I,157,8
42.1941725795796,72,36.2444893084466,5.94968327113291,1,C,158,8
63.0814209381212,72,36.5226709702984,26.5587499678229,1,I,159,8
39.3662196752113,72,36.8441074155271,2.5221122596842,1,C,160,8
40.3842557241413,72,36.9068174064159,3.4774383177254,1,I,161,8
81.7530160781982,72,37.0691206259653,34.9308793740347,0,C,162,8
51.96442132514,72,37.2959160804749,14.6685052446651,1,I,163,8
59.1480772008343,72,37.3455490730703,21.802528127764,1,C,164,8
73.4428637508725,72,37.8316895663738,34.1683104336262,0,I,165,8
66.7935474306586,72,38.2315976824611,28.5619497481975,1,C,166,8
84.0736371468486,72,38.4548234380782,33.5451765619218,0,I,167,8
39.9286405725552,72,38.45770847518,1.4709320973752,1,C,168,8
69.1718410810503,72,38.6301267659292,30.5417143151211,1,I,169,8
45.5020426375441,72,38.7061961553991,6.79584648214503,1,C,170,8
52.2620123726475,72,38.8609860185534,13.4010263540941,1,I,171,8
51.2152927228268,72,39.0795296430588,12.135763079768,1,C,172,8
94.3151436128018,72,39.4309896882623,32.5690103117377,0,I,173,8
43.1943392157847,64.5237121867411,40.2476794738323,2.94665974195242,1,C,174,8
41.2203361290438,72,40.492195179686,0.728140949357835,1,I,175,8
55.445986736159,72,40.5654739262536,14.8805128099054,1,C,176,8
46.744489749412,72,40.6490577338263,6.09543201558569,1,I,177,8
41.3380924866585,72,40.6547537120059,0.683338774652634,1,C,178,8
44.3834431304094,72,41.0079390183091,3.37550411210024,1,I,179,8
64.7789074704411,72,41.3450582837686,23.4338491866725,1,C,180,8
48.3749326244689,72,41.3953398820013,6.9795927424676,1,I,181,8
72.8131718021747,72,41.4122089231387,30.5877910768613,0,C,182,8
158.517255879909,72,41.4914214145392,30.5085785854608,0,I,183,8
46.0643388769055,72,41.7143980320543,4.34994084485115,1,C,184,8
174.050967429999,72,43.0473733926192,28.9526266073808,0,I,185,8
44.0272141224075,72,43.1541273510084,0.873086771399185,1,C,186,8
58.8820650765557,72,43.6001526284963,15.2819124480594,1,I,187,8
50.2770272619891,62.0411900147443,43.9319665823132,6.34506067967592,1,C,188,8
52.3345129692215,72,44.1409123688936,8.19360060032787,1,I,189,8
86.0027806486712,72,44.1557724634185,27.8442275365815,0,C,190,8
45.2582979637862,72,44.6988568129018,0.559441150884418,1,I,191,8
51.936617575835,72,45.1259544398636,6.81066313597138,1,C,192,8
56.5533602400207,72,45.1817591395229,11.3716011004978,1,I,193,8
61.29118372743,72,45.2710898732767,16.0200938541533,1,C,194,8
58.6479264375953,72,45.5058514606208,13.1420749769745,1,I,195,8
48.3198684545236,72,45.5916306003928,2.72823785413082,1,C,196,8
65.1067516963343,72,45.9388500731438,19.1679016231904,1,I,197,8
59.1938926241769,72,46.3974705571309,12.796422067046,1,C,198,8
47.4567797352854,72,46.5263896621764,0.93039007310904,1,I,199,8
48.5669912345128,72,46.6903640236706,1.8766272108422,1,C,200,8
54.176340749853,72,47.2793915122747,6.89694923757821,1,I,201,8
54.8214436713519,54.2947522177665,47.3676486639306,6.92710355383588,0,C,202,8
60.1604281111801,72,47.5346267782152,12.6258013329649,1,I,203,8
67.7720069402282,72,47.8814175585285,19.8905893816997,1,C,204,8
78.7518628509161,72,48.5461175115779,23.4538824884221,0,I,205,8
56.3100011974659,72,48.6890832753852,7.62091792208069,1,C,206,8
78.5322561058671,72,49.1202089237049,22.8797910762951,0,I,207,8
53.1241705740281,72,49.4932967517525,3.63087382227558,1,C,208,8
64.7769841942887,72,49.7825439926237,14.994440201665,1,I,209,8
53.0753522273956,72,49.8364502610639,3.23890196633175,1,C,210,8
50.7795116350009,72,50.0777862779796,0.701725357021279,1,I,211,8
78.5908522868624,72,50.8205421315506,21.1794578684494,0,C,212,8
57.9210297085619,72,50.952025023289,6.96900468527291,1,I,213,8
74.3766265263042,72,51.1385858757421,20.8614141242579,0,C,214,8
62.6851377900021,72,51.4569623954594,11.2281753945427,1,I,215,8
77.3034052428248,72,51.6268750838935,20.3731249161065,0,C,216,8
62.5423174213365,72,51.9664831040427,10.5758343172938,1,I,217,8
65.189583857553,72,52.0035461196676,13.1860377378854,1,C,218,8
61.9248619153602,72,52.6756905438379,9.24917137152232,1,I,219,8
55.2849927383245,72,53.8825222989544,1.4024704393701,1,C,220,8
114.971718418478,72,54.1920332657173,17.8079667342827,0,I,221,8
83.193683804594,72,54.2023990117014,17.7976009882987,0,C,222,8
81.4343769876438,72,54.2202679719776,17.7797320280224,0,I,223,8
68.062910260246,72,54.2298449389637,13.8330653212824,1,C,224,8
79.6764841643081,72,54.351777783595,17.648222216405,0,I,225,8
62.2929692968109,72,54.63426834438,7.65870095243095,1,C,226,8
95.2738073636848,72,54.7380941128358,17.2619058871642,0,I,227,8
64.1320247176383,72,54.9289519898593,9.20307272777897,1,C,228,8
111.162796351336,72,55.2694030478597,16.7305969521403,0,I,229,8
86.7962349927465,72,55.3423648327589,16.6576351672411,0,C,230,8
70.2905684450663,72,55.4573146719486,14.8332537731178,1,I,231,8
55.9075142414529,72,55.6390854064375,0.26842883501536,1,C,232,8
84.0719092253871,72,56.3207267504185,15.6792732495815,0,I,233,8
60.8652466342663,72,56.6188123309985,4.24643430326784,1,C,234,8
82.7624022839948,72,56.993455211632,15.006544788368,0,I,235,8
72.7323606614872,72,57.1506213163957,14.8493786836043,0,C,236,8
66.2015208019405,72,58.2063956279308,7.99512517400969,1,I,237,8
65.3357172046152,72,58.2485556649044,7.08716153971081,1,C,238,8
59.3121983205927,72,58.3202977152541,0.991900605338594,1,I,239,8
64.2126864792999,72,58.525907532312,5.68677894698788,1,C,240,8
65.2739564835916,72,59.0267179068178,6.24723857677376,1,I,241,8
72.431253871147,72,59.1175180161372,12.8824819838628,0,C,242,8
87.2213187090267,72,59.3538624979556,12.6461375020444,0,I,243,8
43.5990906242712,72,0.187729233875871,43.4113613903954,1,I,1,9
2.75190835265703,72,0.786391873843968,1.96551647881306,1,C,2,9
8.94060197720908,72,0.955058494582772,7.98554348262631,1,I,3,9
48.0297118434838,72,1.10683140344918,46.9228804400346,1,C,4,9
23.7433945167631,72,1.12407820299268,22.6193163137704,1,I,5,9
5.32831695631308,72,1.35363193228841,3.97468502402468,1,C,6,9
41.7542862713771,72,1.50940212886781,40.2448841425093,1,I,7,9
17.8556811753974,72,1.5706291096285,16.2850520657689,1,C,8,9
33.949939594186,3.28008372900026,2.42162842769176,0.858455301308501,0,I,9,9
2.58657893090098,47.793899244936,2.4256636435166,0.160915287384379,1,C,10,9
38.0170553117927,72,2.56876344792545,35.4482918638673,1,I,11,9
24.0664958200133,72,2.62935522012413,21.4371405998891,1,C,12,9
68.5933910285379,72,2.6681086840108,65.9252823445271,1,I,13,9
28.8744802557605,72,2.84639229532331,26.0280879604372,1,C,14,9
33.8335152870071,72,4.35017621610314,29.483339070904,1,I,15,9
6.80850560736872,72,4.80070105288178,2.00780455448695,1,C,16,9
24.5010983275816,72,5.08159917779267,19.4194991497889,1,I,17,9
7.47962189694355,29.4051619842319,5.14873777516186,2.33088412178168,1,C,18,9
10.5755135680901,72,5.40081666782498,5.17469690026508,1,I,19,9
51.8048866604873,72,6.39278443995863,45.4121022205286,1,C,20,9
15.6185715503109,72,6.4378199307248,9.18075161958608,1,I,21,9
38.5888086337044,14.5031033520404,6.69004859402776,7.81305475801261,0,C,22,9
39.0844662664578,72,7.09564299322665,31.9888232732312,1,I,23,9
46.1597615306589,72,7.44377619121224,38.7159853394467,1,C,24,9
11.261855685552,72,7.53537126816809,3.7264844173839,1,I,25,9
31.5670648356804,72,7.56059790495783,24.0064669307226,1,C,26,9
60.3266424883819,72,7.65522252302617,52.6714199653557,1,I,27,9
18.9909973502591,72,7.68583426717669,11.3051630830824,1,C,28,9
23.8469228376299,72,7.75372558739036,16.0931972502395,1,I,29,9
12.6011826612521,72,7.89997742045671,4.70120524079537,1,C,30,9
8.14705315157708,72,7.91140898130834,0.235644170268736,1,I,31,9
13.1872654549005,48.6634539542404,7.96328351832926,5.22398193657126,1,C,32,9
9.14632810027666,72,8.20619790349156,0.940130196785107,1,I,33,9
24.0661992338596,72,8.2324012555182,15.8337979783414,1,C,34,9
11.7053932779484,72,8.45336410682648,3.25202917112193,1,I,35,9
28.1053936996623,44.7383376244385,8.57420712243766,19.5311865772246,1,C,36,9
75.2350962324875,72,8.88458843808621,63.1154115619138,0,I,37,9
14.9977840531307,72,8.96681851241738,6.03096554071337,1,C,38,9
18.1714169929838,72,9.27309738937765,8.89831960360612,1,I,39,9
12.573254633674,25.1166817339572,9.33281611651182,3.2404385171622,1,C,40,9
30.2005641607009,72,9.55915492493659,20.6414092357643,1,I,41,9
24.5251052712474,72,9.56181028392166,14.9632949873257,1,C,42,9
11.7992334562724,72,9.56481505651027,2.23441839976212,1,I,43,9
19.7026447903153,72,9.84885008074343,9.85379470957191,1,C,44,9
11.6520693204624,72,10.0228802952915,1.62918902517085,1,I,45,9
48.2140977465766,72,10.9841311583295,37.2299665882471,1,C,46,9
63.2278239267625,72,11.029720553197,52.1981033735656,1,I,47,9
28.7110119032529,72,11.3354283291847,17.3755835740683,1,C,48,9
57.6989809106912,72,11.5493111265823,46.1496697841089,1,I,49,9
21.3737079398653,72,11.5600202791393,9.813687660726,1,C,50,9
44.1880231174532,72,11.6164540685713,32.5715690488819,1,I,51,9
41.5073338116041,72,11.6588567337021,29.848477077902,1,C,52,9
16.5339910377023,72,11.7668127827346,4.76717825496769,1,I,53,9
12.2364020219864,72,11.9829710572958,0.253430964690605,1,C,54,9
29.5187592175315,72,12.0456948922947,17.4730643252368,1,I,55,9
29.7732514863282,72,12.1826970297843,17.5905544565438,1,C,56,9
22.3998318554709,72,12.5253781070933,9.87445374837766,1,I,57,9
77.1555274671729,72,12.6632681814954,59.3367318185046,0,C,58,9
61.5099131216284,23.5526842355565,12.9609082220122,10.5917760135442,0,I,59,9
18.97737474316,72,13.1484496453777,5.82892509778235,1,C,60,9
35.9261551187038,72,14.3991878209636,21.5269672977403,1,I,61,9
24.3445999485492,72,14.5618692180142,9.78273073053499,1,C,62,9
19.7001776372209,72,14.9250720301643,4.77510560705663,1,I,63,9
21.768991481332,72,15.0207133311778,6.74827815015417,1,C,64,9
20.2654460777208,72,15.6974459951743,4.56800008254642,1,I,65,9
47.4688029295041,72,15.7357974769548,31.7330054525493,1,C,66,9
43.9870072058342,72,16.3807714730501,27.606235732784,1,I,67,9
27.518430982324,72,16.4542766427621,11.0641543395619,1,C,68,9
24.9008208254619,72,16.8315158039331,8.06930502152871,1,I,69,9
38.7620654528883,72,16.9863268872723,21.775738565616,1,C,70,9
31.5994510088076,19.7614145950072,17.4241642188281,2.33725037617907,0,I,71,9
28.6030210215545,67.890106306188,17.613694681786,10.9893263397685,1,C,72,9
37.7260985833023,72,18.2525321748108,19.4735664084915,1,I,73,9
26.8115313174261,72,18.5155631275848,8.29596818984131,1,C,74,9
21.2349338390095,72,18.6580010689795,2.57693277003004,1,I,75,9
24.7861601267181,72,18.9249790459871,5.86118108073099,1,C,76,9
25.7888297074053,72,19.0266441274434,6.76218557996191,1,I,77,9
30.6972093842159,72,19.115740545094,11.5814688391219,1,C,78,9
40.6893304849548,72,19.1198694705963,21.5694610143584,1,I,79,9
36.1045623779999,72,19.5150644006208,16.5894979773791,1,C,80,9
37.1195128490476,72,19.5152824278921,17.6042304211555,1,I,81,9
27.1605869591251,72,19.5427073724568,7.61787958666826,1,C,82,9
33.2096960904702,42.7463189687962,19.8982062377036,13.3114898527666,1,I,83,9
28.5690372455189,72,19.9628571700305,8.60618007548844,1,C,84,9
59.3386580322026,72,20.5213702423498,38.8172877898528,1,I,85,9
33.469470842094,72,20.5518710939214,12.9175997481727,1,C,86,9
86.2693777450288,72,20.8048539049923,51.1951460950077,0,I,87,9
25.5665310683053,72,20.8530160272494,4.71351504105592,1,C,88,9
128.711035786145,72,21.1015501851216,50.8984498148784,0,I,89,9
22.1276461688137,72,21.5569233801216,0.570722788692071,1,C,90,9
34.8128570377037,72,21.612493917346,13.2003631203577,1,I,91,9
23.6915597107894,72,21.6947529232129,1.99680678757642,1,C,92,9
50.8142133392072,72,21.8253175634891,28.9888957757181,1,I,93,9
22.2938195861028,72,21.894362680614,0.399456905488789,1,C,94,9
86.3826555819465,72,22.7146525494754,49.2853474505246,0,I,95,9
28.7259939704161,72,23.0037770234048,5.72221694701122,1,C,96,9
88.0017140142709,72,23.0451093055308,48.9548906944692,0,I,97,9
28.8913576029104,72,23.5978420218453,5.29351558106509,1,C,98,9
53.919350022219,72,24.0095527796075,29.9097972426116,1,I,99,9
42.199172835261,72,24.1026963293552,18.0964765059058,1,C,100,9
70.4685691911304,72,24.3825552798808,46.0860139112496,1,I,101,9
31.3583516231354,72,24.7358480701223,6.62250355301308,1,C,102,9
32.6372625609122,72,24.8916274029762,7.74563515793601,1,I,103,9
29.8821960020512,72,25.0212523480877,4.86094365396346,1,C,104,9
63.4244315944574,72,25.646206503734,37.7782250907234,1,I,105,9
39.5312433360241,72,25.7179691875353,13.8132741484888,1,C,106,9
49.3054906633845,72,26.221354692243,23.0841359711415,1,I,107,9
44.5372655358054,72,26.3519261078909,18.1853394279145,1,C,108,9
78.1126984607558,72,26.9107088400051,45.0892911599949,0,I,109,9
50.7001817827065,72,27.0289292000234,23.6712525826831,1,C,110,9
56.0972150454514,72,27.2795700235292,28.8176450219221,1,I,111,9
52.9931686104005,72,27.3947240877897,25.5984445226108,1,C,112,9
30.637581086121,72,27.7212845860049,2.91629650011612,1,I,113,9
32.1570196865235,29.4784091053443,27.7947265282273,1.683682577117,0,C,114,9
28.7009174977558,72,27.8238418791443,0.877075618611486,1,I,115,9
39.7318525489644,72,27.881043003872,11.8508095450924,1,C,116,9
53.4983829857215,72,28.1868227245286,25.3115602611929,1,I,117,9
32.0027883566878,72,28.322263341397,3.68052501529075,1,C,118,9
30.9703441697754,72,28.3560056984425,2.6143384713329,1,I,119,9
43.6033656722397,72,28.5754311550409,15.0279345171988,1,C,120,9
28.6867382580812,72,28.6423623422161,0.044375915865092,1,I,121,9
53.8505525649154,72,28.8071464793757,25.0434060855397,1,C,122,9
75.1388541220858,72,30.0063783349469,41.9936216650531,0,I,123,9
30.8034452359842,72,30.0692260963842,0.734219139599993,1,C,124,9
48.5263601428178,72,30.149695747532,18.3766643952859,1,I,125,9
35.0236897558883,72,30.1982402382419,4.82544951764643,1,C,126,9
59.7809129204029,72,30.2650750754401,29.5158378449627,1,I,127,9
30.6507619700534,72,30.2718090405688,0.378952929484615,1,C,128,9
34.076722503794,72,30.3772707469761,3.69945175681785,1,I,129,9
79.622525147614,72,31.0915823746473,40.9084176253527,0,C,130,9
94.3014410129196,72,31.413622610271,40.586377389729,0,I,131,9
35.1206735023237,72,31.8196735577658,3.30099994455795,1,C,132,9
51.8862678464448,72,31.982228695415,19.9040391510299,1,I,133,9
52.395688510355,72,33.1355375004932,19.2601510098617,1,C,134,9
35.788524812049,72,33.7252843659371,2.06324044611185,1,I,135,9
55.1481377545713,52.8151108918312,33.7537682102993,19.0613426815319,0,C,136,9
54.5902512763826,72,33.7569910101593,20.8332602662234,1,I,137,9
46.6608492245244,72,33.8482843246311,12.8125648998933,1,C,138,9
202.074166965461,72,33.8917153934017,38.1082846065983,0,I,139,9
52.8115767311592,61.5932740375583,34.1838372079656,18.6277395231937,1,C,140,9
65.8237400088019,72,34.9204115336761,30.9033284751258,1,I,141,9
38.4198972055407,72,35.6936081266031,2.72628907893768,1,C,142,9
59.8449280527639,72,35.8259281609207,24.0189998918432,1,I,143,9
111.353349933696,63.5837624459122,36.0062866425142,27.577475803398,0,C,144,9
45.430035932716,72,36.0116669721901,9.41836896052589,1,I,145,9
52.4244086311277,72,36.5893493453041,15.8350592858236,1,C,146,9
91.4303037558598,72,36.8650915240869,35.1349084759131,0,I,147,9
37.7507412632334,72,36.9843741226941,0.766367140539262,1,C,148,9
67.5616167468855,72,37.1375022316352,30.4241145152503,1,I,149,9
60.0923693160159,72,37.264657728374,22.8277115876419,1,C,150,9
40.6446874911719,72,37.3538762284443,3.29081126272762,1,I,151,9
59.7735826976231,72,37.3792068986222,22.3943757990009,1,C,152,9
66.9697357800621,72,37.4252878921106,29.5444478879514,1,I,153,9
50.199747677209,72,37.6085132500157,12.5912344271933,1,C,154,9
41.0682904507024,72,38.5633340477943,2.50495640290802,1,I,155,9
57.6686937180728,72,39.3573339097202,18.3113598083526,1,C,156,9
45.6943836113593,72,39.900219803676,5.79416380768325,1,I,157,9
41.3359442152617,72,40.0916849076748,1.24425930758689,1,C,158,9
76.2207041552519,72,40.7316237408668,31.2683762591332,0,I,159,9
42.5586354978329,72,40.7676960714161,1.79093942641678,1,C,160,9
53.6710357687162,72,40.8661418454722,12.804893923244,1,I,161,9
51.1041605274433,72,41.6565447533503,9.44761577409297,1,C,162,9
97.0130957930636,72,42.1203620312735,29.8796379687265,0,I,163,9
52.52107307316,72,42.8756668930873,9.64540618007264,1,C,164,9
55.0087973715909,72,42.9976968700066,12.0111005015843,1,I,165,9
60.4840651549366,72,43.0621624505147,17.4219027044219,1,C,166,9
66.9224203330762,72,43.4190595708787,23.5033607621975,1,I,167,9
54.1518434133257,72,43.5452650487423,10.6065783645834,1,C,168,9
52.9989089551706,72,43.5988361109048,9.40007284426583,1,I,169,9
47.3010983617593,72,43.7584626954049,3.5426356663544,1,C,170,9
59.6096419309299,72,44.4766597542912,15.1329821766387,1,I,171,9
59.5398137121231,72,44.5918109128252,14.948002799298,1,C,172,9
87.3531748889,72,44.6463481150568,27.3536518849433,0,I,173,9
76.3027196114555,72,44.6926060505211,27.3073939494789,0,C,174,9
50.559633225597,72,44.7567833214998,5.80284990409716,1,I,175,9
47.8277917932913,72,45.527514712885,2.30027708040623,1,C,176,9
81.241363069495,72,45.7945147482678,26.2054852517322,0,I,177,9
49.8580524985339,72,46.0485597280785,3.8094927704553,1,C,178,9
118.970652031171,72,46.4223512308672,25.5776487691328,0,I,179,9
55.85024284891,72,46.5855328179896,9.26471003092042,1,C,180,9
64.1663743437623,72,46.9609033176675,17.2054710260947,1,I,181,9
66.1261802944557,72,47.4026875616983,18.7234927327574,1,C,182,9
52.520574149016,72,47.5817280868068,4.93884606220921,1,I,183,9
59.0660653939853,72,47.8421617671847,11.2239036268005,1,C,184,9
65.4435969354252,72,48.0433690594509,17.4002278759742,1,I,185,9
60.6752330877966,72,48.0753775499761,12.5998555378204,1,C,186,9
61.0213780098131,72,48.867920441553,12.1534575682601,1,I,187,9
79.0123133184097,72,49.0892863227055,22.9107136772946,0,C,188,9
80.9465165059711,72,49.3415293190628,22.6584706809372,0,I,189,9
63.6565833084587,72,49.3605171376839,14.2960661707747,1,C,190,9
51.9310879940161,72,49.4561399845406,2.4749480094755,1,I,191,9
61.6440146098695,72,49.8551304917783,11.7888841180913,1,C,192,9
50.9583632197303,62.415829608263,50.1267961459234,0.831567073806874,1,I,193,9
57.4369108595069,72,50.1646380918101,7.27227276769682,1,C,194,9
111.719453009599,72,50.5611939216033,21.4388060783967,0,I,195,9
51.3001763468448,72,50.7089680060744,0.591208340770388,1,C,196,9
73.0878528592819,72,50.7168108830228,21.2831891169772,0,I,197,9
65.0233939404149,72,51.204173876904,13.8192200635109,1,C,198,9
67.6278948071765,72,51.7039077635855,15.923987043591,1,I,199,9
52.0905606523434,72,52.0034313993529,0.0871292529905479,1,C,200,9
70.9833069055461,72,52.6907095732167,18.2925973323294,1,I,201,9
65.3917954651126,72,52.9519843356684,12.4398111294442,1,C,202,9
66.0165060617598,72,53.1668482208625,12.8496578408973,1,I,203,9
92.4888107539499,72,53.2706164615229,18.7293835384771,0,C,204,9
65.2628498245726,72,53.5175572894514,11.7452925351212,1,I,205,9
74.1614777491333,72,53.6852403497323,18.3147596502677,0,C,206,9
64.581109071769,72,53.8509774953127,10.7301315764563,1,I,207,9
69.7569789052109,72,54.4626331469044,15.2943457583065,1,C,208,9
61.3433730816593,72,54.7586762951687,6.58469678649061,1,I,209,9
58.2856542278132,72,54.7636143676937,3.52203986011951,1,C,210,9
57.6588227128552,72,54.7773328889161,2.88148982393902,1,I,211,9
71.7516270636248,72,54.8480644030497,16.9035626605752,1,C,212,9
63.5676224790134,72,54.9677594611421,8.59986301787124,1,I,213,9
65.2091663626679,72,55.0046047987416,10.2045615639262,1,C,214,9
90.1798184456481,72,55.7225082814694,16.2774917185307,0,I,215,9
81.1140300316851,72,55.8089919621125,16.1910080378875,0,C,216,9
61.3829945159257,72,55.9280719701201,5.45492254580558,1,I,217,9
61.5163236918439,72,56.0535377031192,5.46278598872464,1,C,218,9
61.6403824120484,72,56.1104887537658,5.52989365828256,1,I,219,9
71.6761639608927,72,57.0165883703157,14.6595755905769,1,C,220,9
65.9962582982477,72,57.0788141107187,8.91744418752904,1,I,221,9
77.9602668343043,72,57.6987588498741,14.3012411501259,0,C,222,9
67.4240233329627,72,58.1417254870758,9.28229784588692,1,I,223,9
79.5674456445376,72,59.3708544457331,12.6291455542669,0,C,224,9
73.934459610672,72,59.9532384239137,12.0467615760863,0,I,225,9
69.7606035701297,72,59.9625169113278,9.7980866588018,1,C,226,9
12.4686462615959,72,0.53078277502209,11.9378634865738,1,C,1,10
25.051873663781,72,0.537773603573442,24.5141000602076,1,I,2,10
20.9820102338704,72,0.77642010524869,20.2055901286217,1,C,3,10
4.7857798422371,72,0.97402922809124,3.81175061414586,1,I,4,10
18.9415661972401,72,1.27711703069508,17.6644491665451,1,C,5,10
46.1747926093381,72,1.46978352684528,44.7050090824929,1,I,6,10
5.28122389839668,23.0236568875734,1.63157441653311,3.64964948186357,1,C,7,10
29.8079823256992,69.6679061997275,1.68800789862871,28.1199744270705,1,I,8,10
8.70278596980931,72,1.88052888493985,6.82225708486946,1,C,9,10
28.477153424243,72,1.93303639534861,26.5441170288944,1,I,10,10
9.88515059352427,72,2.45963692199439,7.42551367152989,1,C,11,10
6.47347295850546,72,2.56198130082339,3.91149165768207,1,I,12,10
4.53742353701907,72,3.10277929063886,1.43464424638021,1,C,13,10
13.8282439432135,72,3.20772462990135,10.6205193133121,1,I,14,10
17.9284771586936,72,3.22158630006015,14.7068908586335,1,C,15,10
38.8461420170374,72,3.43772364780307,35.4084183692343,1,I,16,10
6.39496899358908,72,3.49030715413392,2.90466183945517,1,C,17,10
5.38912788411785,72,4.94702157564461,0.442106308473237,1,I,18,10
18.0830068341307,72,5.18400952219963,12.8989973119311,1,C,19,10
30.7189618793549,72,5.19892752170563,25.5200343576492,1,I,20,10
7.27477824134808,72,5.3866500640288,1.88812817731928,1,C,21,10
98.1979452632692,72,5.40246387943626,66.5975361205638,0,I,22,10
9.83973148188619,72,5.43848021887243,4.40125126301376,1,C,23,10
9.77319627996306,72,5.48014365602285,4.29305262394022,1,I,24,10
9.42368717980202,72,5.7278596283868,3.69582755141523,1,C,25,10
82.3441357807788,72,6.28271710127592,65.7172828987241,0,I,26,10
9.82970567319802,72,6.50581976864487,3.32388590455315,1,C,27,10
68.1844328972413,72,6.67100720107555,61.5134256961657,1,I,28,10
50.5998339953003,72,7.26227296516299,43.3375610301373,1,C,29,10
30.9474798231694,72,7.30112803168595,23.6463517914835,1,I,30,10
7.80126154558566,72,7.39216016605496,0.409101379530695,1,C,31,10
42.6014153678043,72,8.68823083117604,33.9131845366282,1,I,32,10
11.6959819705326,72,9.44721445441246,2.24876751612011,1,C,33,10
25.5467233651546,72,9.63092900812626,15.9157943570283,1,I,34,10
16.5015696384677,72,10.3492617281154,6.15230791035237,1,C,35,10
18.7748783209091,72,10.4231192311272,8.35175908978193,1,I,36,10
11.1362657758596,72,10.786184608005,0.35008116785465,1,C,37,10
70.980553261359,72,10.7863987376913,60.1941545236677,1,I,38,10
16.3830182951477,72,10.9469771571457,5.43604113800197,1,C,39,10
23.8445479617257,32.6314408118084,11.0732061881572,12.7713417735685,1,I,40,10
15.9807086275737,72,11.0927085299045,4.88800009766917,1,C,41,10
19.6174671127129,72,11.4963588723913,8.12110824032158,1,I,42,10
18.1482261565902,72,11.7506384337321,6.39758772285812,1,C,43,10
12.2088992746324,72,11.9959819223732,0.212917352259246,1,I,44,10
15.7937748034692,72,12.0090833678842,3.78469143558508,1,C,45,10
29.4619857309175,72,12.2465214505792,17.2154642803383,1,I,46,10
15.2339645225449,72,12.5723517592996,2.66161276324529,1,C,47,10
72.882539813976,72,12.6674136472866,59.3325863527134,0,I,48,10
15.2854639644262,72,13.6798501107842,1.60561385364201,1,C,49,10
16.7106864337384,72,14.0685504768044,2.64213595693399,1,I,50,10
37.7166546622533,72,14.3123756255955,23.4042790366578,1,C,51,10
24.5402750575715,72,14.3982379697263,10.1420370878452,1,I,52,10
20.9020259385262,72,14.473063191399,6.4289627471272,1,C,53,10
189.639263684157,72,14.6018673107028,57.3981326892972,0,I,54,10
19.4431072325894,72,14.8159457137808,4.62716151880861,1,C,55,10
26.793345056191,72,15.0102066854015,11.7831383707895,1,I,56,10
18.6268091664934,72,15.029476499185,3.59733266730841,1,C,57,10
100.325788238743,72,15.076472517103,56.9235274828971,0,I,58,10
20.0179002312519,72,15.1079366449267,4.90996358632524,1,C,59,10
64.3233863112343,72,15.6332301115617,48.6901561996726,1,I,60,10
31.2277862919374,72,15.826245713979,15.4015405779584,1,C,61,10
108.79339205137,72,15.9803590038791,56.0196409961209,0,I,62,10
22.3138006317687,72,16.2159913033247,6.09780932844399,1,C,63,10
22.8848871265918,72,16.432401034981,6.45248609161074,1,I,64,10
29.9423066409706,72,16.6315267095342,13.3107799314364,1,C,65,10
18.3092546855696,72,17.1109298150986,1.19832487047095,1,I,66,10
19.5817115626139,72,17.153159128502,2.42855243411185,1,C,67,10
97.7283428431574,44.7260802868843,17.7165373088792,27.0095429780051,0,I,68,10
25.2351895782271,72,17.8006678260863,7.43452175214082,1,C,69,10
41.4394603102767,72,17.8766577132046,23.5628025970721,1,I,70,10
21.1520964812397,72,18.9381622569636,2.21393422427618,1,C,71,10
76.5439326286762,72,18.9542211312801,53.0457788687199,0,I,72,10
46.212532169265,72,19.0236890455708,27.1888431236942,1,C,73,10
44.8473460266004,72,19.0558526152745,25.7914934113259,1,I,74,10
29.9985930063077,72,19.1778050875291,10.8207879187786,1,C,75,10
239.573571232396,72,19.3726853840053,52.6273146159947,0,I,76,10
21.2408329760704,64.9778368931129,19.4199864892289,1.82084648684147,1,C,77,10
30.9993468714678,72,19.5313299866393,11.4680168848284,1,I,78,10
27.1386351585397,72,19.7632444510236,7.37539070751611,1,C,79,10
135.313771302736,72,19.8609038209543,52.1390961790457,0,I,80,10
33.6055072129367,72,20.3977106278762,13.2077965850605,1,C,81,10
22.0165255631356,42.908983138069,20.8699439512566,1.14658161187905,1,I,82,10
40.5815739807088,72,21.1526262899861,19.4289476907227,1,C,83,10
88.3762457587388,72,21.1686475016177,50.8313524983823,0,I,84,10
55.054657034458,72,21.3443245366216,33.7103324978364,1,C,85,10
142.820118727797,72,21.4564051944762,50.5435948055238,0,I,86,10
23.0937700182361,72,21.5741193993017,1.51965061893437,1,C,87,10
38.6744681022189,72,21.6114070639014,17.0630610383175,1,I,88,10
32.8261910037279,72,22.1251501562074,10.7010408475206,1,C,89,10
25.6083432855311,72,22.1474276203662,3.46091566516493,1,I,90,10
44.5966303182669,72,22.3255011951551,22.2711291231118,1,C,91,10
38.8603148873737,72,22.3301477730274,16.5301671143462,1,I,92,10
30.709999478763,72,22.4259027605876,8.28409671817535,1,C,93,10
95.2264257229228,72,23.015246973373,48.984753026627,0,I,94,10
25.1721216982828,72,23.111737081781,2.06038461650176,1,C,95,10
51.7906300041044,72,23.5957020521164,28.194927951988,1,I,96,10
27.014062378942,72,23.6439621727914,3.37010020615059,1,C,97,10
58.4024717550458,72,23.7420891830698,34.6603825719761,1,I,98,10
24.47136728529,72,24.1011417098343,0.370225575455626,1,C,99,10
31.1775587310646,72,24.252269002609,6.92528972845565,1,I,100,10
25.2214946514026,72,24.3567041214556,0.864790529947012,1,C,101,10
43.6211736105235,72,24.9145054863766,18.7066681241469,1,I,102,10
48.6728877549773,72,25.1811083173379,23.4917794376394,1,C,103,10
30.3369748252642,72,25.2447385853156,5.09223623994853,1,I,104,10
34.3713164018397,72,25.460620187223,8.91069621461673,1,C,105,10
47.6151203691836,72,25.9240454016253,21.6910749675582,1,I,106,10
34.9040884346468,72,26.2526865396649,8.65140189498193,1,C,107,10
139.46033647386,72,26.6009865514934,45.3990134485066,0,I,108,10
33.104817067926,72,26.8246654747054,6.28015159322063,1,C,109,10
33.7705302760017,72,27.5621790345758,6.20835124142587,1,I,110,10
30.4595573682861,72,27.7206023689359,2.73895499935019,1,C,111,10
40.9981269547286,72,28.049446712248,12.9486802424806,1,I,112,10
30.3255104344542,72,28.4902748605236,1.83523557393057,1,C,113,10
35.7105390137798,72,28.865421814844,6.84511719893575,1,I,114,10
35.9504964364633,72,29.0207267878577,6.92976964860555,1,C,115,10
37.8486529232334,72,29.1126835718751,8.73596935135825,1,I,116,10
48.2295581780106,72,29.2401555133984,18.9894026646122,1,C,117,10
52.3420983464244,72,29.6255902340636,22.7165081123609,1,I,118,10
49.8383420061411,72,29.8422759957612,19.99606601038,1,C,119,10
29.9379323534118,72,29.8545411648229,0.083391188588949,1,I,120,10
35.689984612581,72,30.320735857822,5.36924875475899,1,C,121,10
58.9129161894867,72,30.5055824294686,28.407333760018,1,I,122,10
42.6449901923432,68.7097118080879,30.6797729339451,11.9652172583982,1,C,123,10
39.6560047431375,72,30.8302967017517,8.8257080413859,1,I,124,10
37.3070400281093,72,30.9652138408273,6.34182618728193,1,C,125,10
46.5030036414794,45.5281212454548,31.0995188914239,14.4286023540308,0,I,126,10
49.7051592341453,72,31.1828186921775,18.5223405419678,1,C,127,10
136.455256745375,72,31.5353478770703,40.4646521229297,0,I,128,10
70.6901815476634,72,32.2919793007895,38.3982022468739,1,C,129,10
62.8144464363228,72,32.7009123098105,30.1135341265123,1,I,130,10
46.0242892251649,72,33.0053164483979,13.0189727767669,1,C,131,10
106.166818376315,72,33.2395145623013,38.7604854376987,0,I,132,10
41.8773151255238,72,33.2943419739604,8.58297315156339,1,C,133,10
144.271184909656,72,33.3034580061212,38.6965419938788,0,I,134,10
44.9300465821339,72,33.3194347657263,11.6106118164076,1,C,135,10
36.3994292979825,72,33.4329752577469,2.96645404023557,1,I,136,10
37.228295072579,72,33.6505052726716,3.57778979990746,1,C,137,10
52.0502322950135,72,34.0632870560512,17.9869452389623,1,I,138,10
36.1046324557783,72,34.3964097462595,1.7082227095188,1,C,139,10
63.6322103570487,72,34.6960119763389,28.9361983807098,1,I,140,10
35.8940461492566,72,35.1262407610193,0.767805388237324,1,C,141,10
94.4473116440248,72,35.136423362419,36.863576637581,0,I,142,10
50.2359375313804,72,35.2758147474378,14.9601227839425,1,C,143,10
118.639572775376,72,35.3071483690292,36.6928516309708,0,I,144,10
56.8128523638068,72,35.4679950093851,21.3448573544218,1,C,145,10
38.9556129932936,72,35.4777309391648,3.47788205412886,1,I,146,10
41.904154969401,72,35.6045793788508,6.29957559055028,1,C,147,10
127.137835506561,72,35.6713323807344,36.3286676192656,0,I,148,10
82.3498154805169,72,36.4515673136339,35.5484326863661,0,C,149,10
48.4981664024143,72,36.4542256621644,12.0439407402499,1,I,150,10
38.0112928732111,72,36.8526986986399,1.15859417457121,1,C,151,10
37.8511976671322,72,37.1224353136495,0.728762353482682,1,I,152,10
55.9032677981823,72,37.1324218763039,18.7708459218784,1,C,153,10
87.6599717307248,72,37.4293240299448,34.5706759700552,0,I,154,10
68.8547169782444,72,37.5450330879539,31.3096838902905,1,C,155,10
97.4347839827161,72,37.7068084152415,34.2931915847585,0,I,156,10
61.3022438908152,72,37.7116625849158,23.5905813058994,1,C,157,10
64.6608877315716,72,38.0051000369713,26.6557876946003,1,I,158,10
45.104785078041,72,38.606899548322,6.497885529719,1,C,159,10
45.3882212477738,72,38.9424091670662,6.4458120807076,1,I,160,10
43.8192090355508,72,39.1296058287844,4.68960320676636,1,C,161,10
53.8797844720249,72,39.142731372267,14.7370530997579,1,I,162,10
52.5246954303877,72,39.2105462215841,13.3141492088036,1,C,163,10
155.18198831852,72,39.3050749227405,32.6949250772595,0,I,164,10
44.6908184626808,72,39.3246379494667,5.36618051321405,1,C,165,10
40.4926744942359,72,39.5751499012113,0.917524593024675,1,I,166,10
60.6867734368905,72,40.036667981185,20.6501054557055,1,C,167,10
41.7407675812533,72,40.4820330860093,1.25873449524397,1,I,168,10
54.4071457019273,72,40.7179508032277,13.6891948986996,1,C,169,10
90.7960062615639,72,40.7413122709841,31.258687729016,0,I,170,10
41.6901765965935,72,40.8197274617851,0.870449134808369,1,C,171,10
54.1180818944603,72,40.824774778448,13.2933071160123,1,I,172,10
45.4688978275973,72,40.9183845994994,4.55051322809789,1,C,173,10
72.2499998437606,72,41.0098656825721,30.9901343174279,0,I,174,10
54.8844227599457,72,41.0225963126868,13.8618264472589,1,C,175,10
92.963462869928,72,41.3907522708178,30.6092477291822,0,I,176,10
53.3981156936081,72,41.4232449699193,11.9748707236888,1,C,177,10
82.7009063774482,72,41.9087189761922,30.0912810238078,0,I,178,10
73.36796983022,72,41.9993876433,30.0006123567,0,C,179,10
55.145629455328,72,42.4509856849909,12.6946437703372,1,I,180,10
62.7413737842858,72,42.8822030313313,19.8591707529545,1,C,181,10
105.746781993889,72,42.8905322402716,29.1094677597284,0,I,182,10
81.9896028808845,72,43.6489114025608,28.3510885974392,0,C,183,10
75.8059602345664,72,43.676043022424,28.323956977576,0,I,184,10
66.8450863590595,72,43.8329761242494,23.0121102348101,1,C,185,10
44.5208241099873,72,43.8650601636618,0.65576394632545,1,I,186,10
64.6734159535809,72,44.4880509423092,20.1853650112717,1,C,187,10
67.1340106961374,72,44.9246450560167,22.2093656401207,1,I,188,10
63.2263039644356,72,45.0453095370904,18.1809944273452,1,C,189,10
53.1444453383249,72,45.0968563836068,8.04758895471812,1,I,190,10
54.3988027502438,72,45.1251174509525,9.27368529929123,1,C,191,10
68.6867497572063,72,45.1454086555168,23.5413411016895,1,I,192,10
45.4564365764863,72,45.2596448455006,0.196791730985649,1,C,193,10
102.338492956968,72,45.2710703434423,26.7289296565577,0,I,194,10
47.7250250978454,72,45.6674313638359,2.05759373400949,1,C,195,10
49.6582952886308,72,46.081193885766,3.57710140286479,1,I,196,10
54.0456881202922,72,46.2093957513571,7.83629236893506,1,C,197,10
50.975494727994,72,46.2900381395593,4.68545658843466,1,I,198,10
50.9324855014782,72,46.3937118044123,4.53877369706584,1,C,199,10
49.0051675511008,72,46.4297470171005,2.57542053400037,1,I,200,10
70.3333102971929,72,46.5288283070549,23.804481990138,1,C,201,10
100.860211045613,72,46.5409332700074,25.4590667299926,0,I,202,10
89.3637703044184,72,46.5905931126326,25.4094068873674,0,C,203,10
49.7827837817968,72,46.6142945783213,3.16848920347551,1,I,204,10
51.0677975050778,72,46.6352654574439,4.43253204763394,1,C,205,10
97.8507145665563,72,46.9133605342358,25.0866394657642,0,I,206,10
54.7417087291193,72,47.2219550516456,7.51975367747365,1,C,207,10
50.9062491312026,72,47.2400887543336,3.66616037686901,1,I,208,10
62.4589768263733,72,47.8952852357179,14.5636915906554,1,C,209,10
67.7963857866334,72,47.9228572826833,19.8735285039501,1,I,210,10
48.4551525022718,72,48.0599449295551,0.395207572716727,1,C,211,10
86.8784176901742,72,48.463332625106,23.536667374894,0,I,212,10
75.9399435731646,72,48.529130704701,23.4708692952991,0,C,213,10
54.4666690121934,72,49.0404501697049,5.42621884248851,1,I,214,10
50.8965844963048,72,49.1435074154288,1.75307708087602,1,C,215,10
82.3822980255465,72,49.1550547163934,22.8449452836067,0,I,216,10
50.3636123816259,72,49.6919266087934,0.671685772832421,1,C,217,10
107.424504107296,72,49.7357571031898,22.2642428968102,0,I,218,10
53.0492056996024,53.7618291665704,50.1132569974288,2.93594870217351,1,C,219,10
78.9368461563287,72,50.44416165445,21.55583834555,0,I,220,10
87.3638219055514,72,50.7460105977953,21.2539894022048,0,C,221,10
64.6231126413881,72,51.5360878268257,13.0870248145624,1,I,222,10
52.7486263296272,72,51.6866868222132,1.06193950741398,1,C,223,10
73.3605972632962,72,52.0248567732051,19.9751432267949,0,I,224,10
53.1903818364898,72,52.4480325914919,0.74234924499782,1,C,225,10
79.882331310867,72,52.5900528207421,19.4099471792579,0,I,226,10
62.7476846474274,72,52.7479325607419,9.99975208668544,1,C,227,10
62.8921741564564,72,53.0004522576928,9.89172189876354,1,I,228,10
59.6252627758317,72,53.3210446871817,6.30421808864999,1,C,229,10
79.9837914037723,72,53.5850183246657,18.4149816753343,0,I,230,10
67.4011474446465,72,53.7139422493056,13.687205195341,1,C,231,10
90.366655392554,72,53.9063785644248,18.0936214355752,0,I,232,10
62.7100144586698,72,54.1991078015417,8.51090665712807,1,C,233,10
62.3611901234392,72,54.2641971353442,8.09699298809503,1,I,234,10
64.3133775928342,72,54.3079503625631,10.0054272302711,1,C,235,10
61.6571753067217,72,55.1218409417197,6.53533436500201,1,I,236,10
78.8186780013811,72,55.2160151163116,16.7839848836884,0,C,237,10
78.2797755710717,72,55.2714874735102,16.7285125264898,0,I,238,10
66.1256412193614,72,55.5213236203417,10.6043175990196,1,C,239,10
101.756233805454,72,55.6151292985305,16.3848707014695,0,I,240,10
59.6168910866131,72,55.8962658466771,3.72062523993593,1,C,241,10
64.2261432882591,72,55.922413780354,8.30372950790518,1,I,242,10
62.0700601557238,72,56.1507583362982,5.91930181942567,1,C,243,10
67.0545716022841,72,56.3821665477008,10.6724050545834,1,I,244,10
58.0554933687871,72,56.6491793235764,1.40631404521068,1,C,245,10
103.717717704782,72,57.1528567420319,14.8471432579681,0,I,246,10
62.4379551090449,72,57.2106552869082,5.22729982213674,1,C,247,10
58.6584392747212,72,57.236790410243,1.42164886447822,1,I,248,10
74.1150120858206,72,57.4017150280997,14.5982849719003,0,C,249,10
57.923776917308,72,57.4452924029902,0.478484514317838,1,I,250,10
62.9289312062498,72,57.4762222822756,5.45270892397426,1,C,251,10
75.6960647763241,72,58.0900012236089,13.9099987763911,0,I,252,10
69.2492065308781,72,58.161207055673,11.087999475205,1,C,253,10
59.12285732322,72,58.1789361219853,0.943921201234696,1,I,254,10
73.9337980116312,72,58.4133965615183,13.5866034384817,0,C,255,10
74.0890375740313,72,58.8078909600154,13.1921090399846,0,I,256,10
68.0627108852178,72,59.5759291481227,8.4867817370951,1,C,257,10
61.8160891065432,72,59.7642457438633,2.05184336267987,1,I,258,10
62.5227102229299,72,59.936489565298,2.58622065763195,1,C,259,10
