t_cal_ev,t_cal_cens,t_acc,t,status,group,pat_id,sim_idx
33.5640746663568,72,0.180542422458529,33.3835322438983,1,C,1,1
1.61339984686694,72,0.326011469587684,1.28738837727926,1,I,2,1
16.9181913768699,72,0.34388265106827,16.5743087258017,1,C,3,1
11.48086452786,72,0.374038447625935,11.1068260802341,1,I,4,1
10.3748919314956,58.7058295504301,0.697501050308347,9.67739088118728,1,C,5,1
2.52842360692676,72,0.732977287843823,1.79544631908294,1,I,6,1
30.425188874703,72,1.05008787475526,29.3751009999478,1,C,7,1
29.3823136890161,72,1.07188368681818,28.310430002198,1,I,8,1
14.7781185178975,72,1.11126185394824,13.6668566639493,1,C,9,1
39.4801434987715,72,1.37411691248417,38.1060265862874,1,I,10,1
6.07574751015564,72,1.47734137717634,4.5984061329793,1,C,11,1
5.4792414013039,72,1.63678660523146,3.84245479607243,1,I,12,1
32.3836268070822,38.7618620823249,2.38330329302698,30.0003235140552,1,C,13,1
97.2292989083299,72,2.80511601828039,69.1948839817196,0,I,14,1
8.92679956403479,21.0663211946325,2.80810191761702,6.11869764641777,1,C,15,1
9.49301455060086,72,2.90613987017423,6.58687468042663,1,I,16,1
9.32453950788724,72,2.91744229383767,6.40709721404957,1,C,17,1
41.0112469387502,72,3.23776820674539,37.7734787320049,1,I,18,1
10.1371501576186,72,3.48123283591121,6.6559173217074,1,C,19,1
53.601800771544,72,3.56911004986614,50.0326907216778,1,I,20,1
15.7469789822273,72,3.57514687813818,12.1718321040891,1,C,21,1
111.455658185126,72,3.71306719724089,68.2869328027591,0,I,22,1
12.5576247622073,72,4.38554864376783,8.17207611843946,1,C,23,1
207.87814998806,72,4.59697476122528,67.4030252387747,0,I,24,1
7.33749665639049,72,4.60440892260522,2.73308773378527,1,C,25,1
10.6344851784318,72,4.6548229129985,5.97966226543335,1,I,26,1
41.4570768127413,72,5.20112770143896,36.2559491113023,1,C,27,1
17.423934224261,72,5.28149594552815,12.1424382787329,1,I,28,1
11.840720084497,72,5.36895772442222,6.47176236007478,1,C,29,1
93.7625687078986,72,6.06683237012476,65.9331676298752,0,I,30,1
10.1517871410859,72,6.18192750960589,3.96985963147997,1,C,31,1
38.7830807678855,72,6.26474955584854,32.5183312120369,1,I,32,1
13.0539594230949,72,6.63220681250095,6.42175261059399,1,C,33,1
20.0659131013302,72,6.78891086485237,13.2770022364779,1,I,34,1
18.4176300272667,72,7.3552056401968,11.0624243870699,1,C,35,1
12.9122074330564,72,7.7374037867412,5.17480364631522,1,I,36,1
22.0432257556236,72,7.75197349023074,14.2912522653929,1,C,37,1
17.668094707997,72,7.76438815053552,9.90370655746149,1,I,38,1
22.0615250325981,72,8.23516166768968,13.8263633649084,1,C,39,1
305.124309463449,72,9.02464650571346,62.9753534942865,0,I,40,1
17.9051521756327,72,9.42654670681804,8.47860546881468,1,C,41,1
93.8364761988992,72,9.49670028872788,62.5032997112721,0,I,42,1
12.4292721657817,72,10.1233329344541,2.30593923132761,1,C,43,1
25.9011717281693,72,10.4264134028926,15.4747583252766,1,I,44,1
31.5046548992861,72,10.4391487268731,21.065506172413,1,C,45,1
180.325237340098,72,10.8234230289236,61.1765769710764,0,I,46,1
27.9194211785268,72,10.8866520551965,17.0327691233303,1,C,47,1
31.683092018461,72,11.5526299970225,20.1304620214385,1,I,48,1
13.9025210384787,72,11.8117097765207,2.09081126195795,1,C,49,1
27.1447272433949,72,12.5270692259073,14.6176580174876,1,I,50,1
50.6964350957572,72,13.018835708499,37.6775993872583,1,C,51,1
117.511272584253,72,13.1288671586663,58.8711328413338,0,I,52,1
22.2085807464685,72,13.301934460178,8.90664628629052,1,C,53,1
17.9863266045773,72,13.4439485287294,4.54237807584797,1,I,54,1
23.5163387107673,72,13.460754272528,10.0555844382393,1,C,55,1
53.0465655238845,72,14.1049036430195,38.941661880865,1,I,56,1
17.2576271904288,72,14.118779967539,3.1388472228898,1,C,57,1
52.1221377017573,72,14.3643054971471,37.7578322046102,1,I,58,1
78.2759893902175,72,14.4253124669194,57.5746875330806,0,C,59,1
14.8595173170725,72,14.697856712155,0.161660604917426,1,I,60,1
16.9864656734668,32.9458755432778,15.4962656507269,1.49020002273997,1,C,61,1
149.837448347308,72,15.9436629898846,56.0563370101154,0,I,62,1
18.1797004575184,72,16.1846538120881,1.9950466454303,1,C,63,1
50.6755233693138,72,16.278756824322,34.3967665449918,1,I,64,1
56.0666976065313,72,16.3536888174713,39.7130087890601,1,C,65,1
47.5126618217263,72,16.5642684604973,30.948393361229,1,I,66,1
23.7886674116515,70.2138836538603,16.8231247644871,6.96554264716436,1,C,67,1
56.3572310240073,72,17.2260918421671,39.1311391818402,1,I,68,1
34.9624560742847,72,17.3994971998036,17.5629588744811,1,C,69,1
38.9548717245713,72,18.3252219110727,20.6296498134986,1,I,70,1
41.4389394539988,72,18.8308137981221,22.6081256558767,1,C,71,1
37.5436399467013,72,18.8516963738948,18.6919435728065,1,I,72,1
20.7935667690534,72,19.1498049907386,1.64376177831481,1,C,73,1
71.6004862137124,72,19.2114608595148,52.3890253541976,1,I,74,1
47.6012051092087,72,19.2407075129449,28.3604975962637,1,C,75,1
90.3707179061159,72,19.8154817009345,52.1845182990655,0,I,76,1
30.4099147178673,72,19.830651730299,10.5792629875683,1,C,77,1
50.7447977006116,72,19.9475624738261,30.7972352267855,1,I,78,1
28.3885002087424,72,20.3067847061902,8.08171550255216,1,C,79,1
93.6470138447069,72,20.3979879571125,51.6020120428875,0,I,80,1
29.8209884455364,72,20.6319796806201,9.18900876491626,1,C,81,1
87.727400582088,72,20.733833508566,51.266166491434,0,I,82,1
32.8500749985291,72,20.767394551076,12.0826804474531,1,C,83,1
38.9094220840921,72,21.3977242726833,17.5116978114089,1,I,84,1
35.3417792828114,72,21.4547005528584,13.8870787299529,1,C,85,1
216.607770450334,72,21.5211589867249,50.4788410132751,0,I,86,1
35.4383902261162,72,21.5939070051536,13.8444832209626,1,C,87,1
27.0874913409266,72,21.7362670088187,5.35122433210786,1,I,88,1
30.2384869162568,72,22.1990963257849,8.03939059047186,1,C,89,1
34.2165206244599,72,22.2607802879065,11.9557403365534,1,I,90,1
34.5639606013813,72,22.3326127650216,12.2313478363597,1,C,91,1
112.177744871264,72,22.4189770314842,49.5810229685158,0,I,92,1
33.4363347848501,72,22.659678356722,10.7766564281281,1,C,93,1
44.0480784378919,72,22.6959390565753,21.3521393813166,1,I,94,1
25.4153119500403,52.662850498124,22.7603155374527,2.65499641258763,1,C,95,1
45.3540821593032,72,23.2564093312249,22.0976728280783,1,I,96,1
49.1458197925613,72,23.4550205105916,25.6907992819697,1,C,97,1
131.624963860451,72,23.5230558877811,48.4769441122189,0,I,98,1
36.056045789743,72,24.0999811515212,11.9560646382217,1,C,99,1
93.2611895780361,72,24.5912825502455,47.4087174497545,0,I,100,1
30.9467301338595,72,25.8280781004578,5.11865203340171,1,C,101,1
65.036423887736,72,25.8769825519994,39.1594413357366,1,I,102,1
33.2410895968072,72,26.1490537645295,7.09203583227764,1,C,103,1
129.837405913858,72,26.1575029604137,45.8424970395863,0,I,104,1
71.4364920227559,72,26.8212844664231,44.6152075563328,1,C,105,1
90.4728335726971,61.8302898207273,27.2789457812905,34.5513440394367,0,I,106,1
28.4301159078014,72,27.4523977562785,0.977718151522864,1,C,107,1
47.2886474219315,72,27.5622080080211,19.7264394139104,1,I,108,1
43.0036847081219,72,27.828157232143,15.1755274759789,1,C,109,1
70.0768893194525,72,27.9573506209999,42.1195386984526,1,I,110,1
41.2561427072236,72,28.0871469760314,13.1689957311922,1,C,111,1
73.7356255234893,72,28.1517254468054,43.8482745531946,0,I,112,1
34.3846267220732,72,28.8767743762583,5.50785234581492,1,C,113,1
44.7704594086508,72,29.0542587591335,15.7162006495173,1,I,114,1
35.3049936378156,72,29.0584964957088,6.24649714210675,1,C,115,1
458.320430692478,72,29.1390556097031,42.8609443902969,0,I,116,1
64.0395424684712,72,29.4397498341277,34.5997926343434,1,C,117,1
54.7154167846187,72,29.468927225098,25.2464895595207,1,I,118,1
41.2473139872817,72,29.611563468352,11.6357505189298,1,C,119,1
60.1782451116725,72,29.92897819262,30.2492669190525,1,I,120,1
41.3053593576894,72,30.0101813161746,11.2951780415149,1,C,121,1
60.1662821727807,72,30.2290387451649,29.9372434276158,1,I,122,1
36.317712867467,72,30.5152237275615,5.80248913990545,1,C,123,1
126.721871965179,72,30.7054411852732,41.2945588147268,0,I,124,1
31.2191652997982,72,30.7565403683111,0.462624931487109,1,C,125,1
88.8285868205968,72,30.8496707724407,41.1503292275593,0,I,126,1
31.4414165944456,72,30.9273836715147,0.514032922930936,1,C,127,1
110.95375885347,72,31.0967767657712,40.9032232342288,0,I,128,1
37.0716759309017,72,31.1382505344227,5.93342539647895,1,C,129,1
56.8059065887846,72,31.195074794814,25.6108317939706,1,I,130,1
34.7669449314626,72,31.4645180571824,3.30242687428014,1,C,131,1
56.8579157242857,72,31.6640779701993,25.1938377540864,1,I,132,1
35.4425874485041,72,31.729710646905,3.71287680159912,1,C,133,1
43.0177487137907,72,32.2042302461341,10.8135184676565,1,I,134,1
45.457998629833,72,32.2392061958089,13.218792434024,1,C,135,1
42.4254072967363,72,32.2728664241731,10.1525408725632,1,I,136,1
73.608478551663,72,32.464864673093,39.535135326907,0,C,137,1
59.8043046181955,72,32.522817584686,27.2814870335096,1,I,138,1
51.6009529235743,72,32.9593836050481,18.6415693185262,1,C,139,1
72.9195967164073,72,32.9894371563569,39.0105628436431,0,I,140,1
44.7897960747419,72,33.3430904801935,11.4467055945484,1,C,141,1
205.534626031963,72,33.3797524357215,38.6202475642785,0,I,142,1
56.7675436155232,36.7210465815069,33.5294644860551,3.19158209545179,0,C,143,1
99.8623342847793,72,34.0172764984891,37.9827235015109,0,I,144,1
39.4144931619957,72,34.1679806029424,5.24651255905332,1,C,145,1
61.386704195072,61.0401752495514,34.8724345536903,26.1677406958611,0,I,146,1
35.3130661021384,72,35.2850208291784,0.0280452729600288,1,C,147,1
134.668642196903,72,35.4347842326388,36.5652157673612,0,I,148,1
37.9661286935612,72,35.6247525941581,2.34137609940317,1,C,149,1
36.5601805408519,72,35.8668228099123,0.693357730939624,1,I,150,1
55.0291498923953,72,36.9827821757644,18.0463677166309,1,C,151,1
119.567645146112,72,37.2101762378588,34.7898237621412,0,I,152,1
73.6396436910952,72,37.2160069970414,34.7839930029586,0,C,153,1
129.082326782421,72,38.595599164255,33.404400835745,0,I,154,1
39.4806540598033,72,38.7579180160537,0.722736043749606,1,C,155,1
297.770897843167,72,39.1759417159483,32.8240582840517,0,I,156,1
95.1875023055981,72,39.2211791686714,32.7788208313286,0,C,157,1
45.7335326216571,72,39.2888664454222,6.44466617623494,1,I,158,1
45.8408991543565,72,39.7081329161301,6.13276623822636,1,C,159,1
101.75550305149,72,39.9685924267396,32.0314075732604,0,I,160,1
51.6935054234982,72,40.0592092517763,11.6342961717218,1,C,161,1
50.5221545752788,72,40.9786459151655,9.54350866011323,1,I,162,1
52.8383192776745,72,41.0189608996734,11.8193583780011,1,C,163,1
101.183603838414,72,41.2024149857461,30.7975850142539,0,I,164,1
48.2854335663383,72,41.371031482704,6.91440208363426,1,C,165,1
148.440365064941,72,42.0906384615228,29.9093615384772,0,I,166,1
46.7645560548655,72,42.6410281285644,4.12352792630118,1,C,167,1
53.6997390433195,72,42.8524751029909,10.8472639403286,1,I,168,1
59.207271173059,72,43.1877248128876,16.0195463601714,1,C,169,1
69.2327330724231,72,43.6150870285928,25.6176460438303,1,I,170,1
44.4186655957045,72,43.6436441866681,0.77502140903643,1,C,171,1
86.0840196384623,72,44.0922016091645,27.9077983908355,0,I,172,1
48.5858821674836,72,44.1741796536371,4.41170251384648,1,C,173,1
108.277333250803,72,44.518587780185,27.481412219815,0,I,174,1
57.3791250689438,72,44.8215629300103,12.5575621389335,1,C,175,1
166.58742233931,72,45.1706426683813,26.8293573316187,0,I,176,1
61.6444585827526,72,45.4828507779166,16.161607804836,1,C,177,1
125.735884162948,72,45.4965955903754,26.5034044096246,0,I,178,1
53.815362079513,51.911329290181,45.5315273534507,6.3798019367303,0,C,179,1
69.1886771321969,72,45.6794318603352,23.5092452718617,1,I,180,1
63.5642542721189,72,45.7408929616213,17.8233613104976,1,C,181,1
82.9536722966689,72,45.8482349384576,26.1517650615424,0,I,182,1
48.8420797507597,72,45.8509894832969,2.99109026746278,1,C,183,1
70.4025998167952,72,46.2596363201737,24.1429634966215,1,I,184,1
58.8409896927936,72,46.2968215998262,12.5441680929674,1,C,185,1
81.8782554181316,72,46.7388837877661,25.2611162122339,0,I,186,1
58.9968842974405,52.5255585842762,46.7923736153171,5.73318496895918,0,C,187,1
49.4421839547893,72,46.9798518810421,2.46233207374714,1,I,188,1
61.1865889063946,51.6520244790011,47.0928976451978,4.5591268338033,0,C,189,1
115.718148735929,72,47.130799270235,24.869200729765,0,I,190,1
64.287568440491,72,47.1873188205063,17.1002496199847,1,C,191,1
193.996458089961,72,47.3988868994638,24.6011131005362,0,I,192,1
54.4216907770335,72,47.4329066555947,6.98878412143874,1,C,193,1
88.7735174913524,60.6444624735815,47.4590708920732,13.1853915815082,0,I,194,1
49.0559836098769,72,47.5444122590125,1.5115713508644,1,C,195,1
183.498168260964,72,47.8485977975652,24.1514022024348,0,I,196,1
53.2273402784126,72,48.0234152125195,5.20392506589308,1,C,197,1
196.242683021602,72,48.3329227706417,23.6670772293583,0,I,198,1
58.9189894107477,72,48.5106848459691,10.4083045647786,1,C,199,1
48.8251473372588,72,48.6017881007865,0.22335923647229,1,I,200,1
78.3306534697549,65.0714196658933,49.2598509136587,15.8115687522346,0,C,201,1
148.884368908078,72,49.5311573334038,22.4688426665962,0,I,202,1
51.8552188313377,72,49.9846483021975,1.87057052914026,1,C,203,1
111.015239419232,72,50.0443056877703,21.9556943122298,0,I,204,1
81.1497526062242,69.742675834445,50.1127410773188,19.6299347571262,0,C,205,1
71.4064655338784,72,50.5426184087992,20.8638471250792,1,I,206,1
55.2125363823521,72,51.6406408231705,3.57189555918158,1,C,207,1
77.4002746085382,72,51.8064030446112,20.1935969553888,0,I,208,1
57.0083358245657,72,51.8209332833067,5.18740254125903,1,C,209,1
89.1427907555046,72,52.2396850772202,19.7603149227798,0,I,210,1
56.1617520539928,72,52.3906714562327,3.7710805977601,1,C,211,1
157.331000944376,72,52.4833625089377,19.5166374910623,0,I,212,1
56.2555394745541,72,52.9140261467546,3.34151332779945,1,C,213,1
177.99632237659,72,52.9460933525115,19.0539066474885,0,I,214,1
54.5646768254309,72,54.1416584188119,0.423018406619061,1,C,215,1
203.310943977555,72,54.2709568608552,17.7290431391448,0,I,216,1
56.5138836307149,72,54.3393605807796,2.17452304993524,1,C,217,1
71.5911430014844,72,54.7701206244528,16.8210223770315,1,I,218,1
68.6937110780583,72,55.2804619492963,13.413249128762,1,C,219,1
130.077065332076,72,55.3894064482302,16.6105935517699,0,I,220,1
84.5482413721515,72,55.8773727994412,16.1226272005588,0,C,221,1
92.8578154048444,72,56.0161112202331,15.9838887797669,0,I,222,1
57.5205487470432,72,56.8797390349209,0.640809712122217,1,C,223,1
61.232125578735,72,57.0131644047797,4.21896117395536,1,I,224,1
90.7856499607717,72,57.3161147441715,14.6838852558285,0,C,225,1
178.628234353038,72,57.6927929045633,14.3072070954368,0,I,226,1
81.8325317554075,72,57.788303475827,14.211696524173,0,C,227,1
76.3192511574883,72,57.7927294699475,14.2072705300525,0,I,228,1
89.5132001932778,72,58.0643848702312,13.9356151297688,0,C,229,1
113.991245544038,72,58.2100605452433,13.7899394547567,0,I,230,1
60.7192994849293,72,58.2232253160328,2.49607416889649,1,C,231,1
62.1622810729217,72,58.9237237628549,3.23855731006674,1,I,232,1
59.826588990461,72,59.1436062427238,0.682982747737206,1,C,233,1
186.086163225419,72,59.4755405047908,12.5244594952092,0,I,234,1
85.461181202124,72,59.5581829547882,12.4418170452118,0,C,235,1
98.2042348847893,72,59.5650078635663,12.4349921364337,0,I,236,1
16.715790736755,72,0.0144103774800897,16.7013803592749,1,I,1,2
26.2660539292024,72,0.10138001292944,26.164673916273,1,C,2,2
113.301128216144,72,0.457734502851963,71.542265497148,0,I,3,2
9.08985897120905,72,0.54255532566458,8.54730364554447,1,C,4,2
30.0399107297524,72,0.773519254289568,29.2663914754628,1,I,5,2
32.6716684614304,72,1.23551127500832,31.4361571864221,1,C,6,2
14.5297490775969,34.0797698208116,1.40805561561137,13.1216934619855,1,I,7,2
33.700129556069,72,1.5078554302454,32.1922741258236,1,C,8,2
19.6491102974772,48.2945322441129,1.65256551001221,17.996544787465,1,I,9,2
28.2376227248826,9.91470014234079,1.75440299324691,8.16029714909388,0,C,10,2
3.29325497624926,72,1.78098132368177,1.51227365256748,1,I,11,2
52.4169958866376,72,1.87991978600621,50.5370761006313,1,C,12,2
275.725666239718,72,1.89491981640458,70.1050801835954,0,I,13,2
13.1591461410466,72,2.71460588090122,10.4445402601454,1,C,14,2
535.509333820993,72,3.15658904146403,68.843410958536,0,I,15,2
18.9787025823754,72,3.41914888937026,15.5595536930051,1,C,16,2
160.108501594032,72,4.18450891971588,67.8154910802841,0,I,17,2
10.5786391888123,72,4.88828826695681,5.69035092185553,1,C,18,2
39.8517591338868,72,5.29761818703264,34.5541409468542,1,I,19,2
63.8833739892704,72,5.48125064000487,58.4021233492656,1,C,20,2
42.6451347359445,72,5.67328875884414,36.9718459771003,1,I,21,2
27.2815287087562,57.4881362694483,5.82912722602487,21.4524014827314,1,C,22,2
35.7377724575195,72,6.40323364175856,29.334538815761,1,I,23,2
7.23397326374495,72,6.48559056222439,0.748382701520561,1,C,24,2
75.497787754401,72,6.49410334881395,65.5058966511861,0,I,25,2
8.11325296702795,72,6.61895331926644,1.49429964776151,1,C,26,2
128.473699143683,72,6.74680753145367,65.2531924685463,0,I,27,2
54.6278053646714,72,7.20991618931294,47.4178891753585,1,C,28,2
76.7114955214319,72,7.34735798556358,64.6526420144364,0,I,29,2
11.4607878327501,65.8045085705713,7.72280399221927,3.73798384053083,1,C,30,2
248.699223307236,72,7.82305522821844,64.1769447717816,0,I,31,2
32.3773145267975,72,8.46597129944712,23.9113432273504,1,C,32,2
143.897112806419,72,8.6066714907065,63.3933285092935,0,I,33,2
17.9806798254096,72,9.00097566191107,8.9797041634985,1,C,34,2
87.5853800590824,72,9.1680503077805,62.8319496922195,0,I,35,2
12.150360939018,72,9.1757655562833,2.97459538273467,1,C,36,2
110.504088238852,72,9.1828909702599,62.8171090297401,0,I,37,2
15.4691170106978,72,9.19375909958035,6.27535791111741,1,C,38,2
70.9979401521609,31.8728465633682,9.40015914849937,22.4726874148689,0,I,39,2
22.2141269526326,72,9.41499799489975,12.7991289577329,1,C,40,2
26.1802303066102,72,9.53553259838372,16.6446977082264,1,I,41,2
31.354932430408,72,9.725715466775,21.629216963633,1,C,42,2
129.928437731583,72,9.80423948261887,62.1957605173811,0,I,43,2
10.7842820003683,72,9.93628717493266,0.847994825435658,1,C,44,2
171.654423859185,72,9.94408235885203,62.055917641148,0,I,45,2
11.1212894955281,72,10.0155199924484,1.10576950307974,1,C,46,2
25.8763178232661,72,10.4221124108881,15.454205412378,1,I,47,2
15.0617635564629,72,11.1513237515464,3.91043980491651,1,C,48,2
37.2091650622905,72,11.1823926027864,26.0267724595041,1,I,49,2
23.9064034002763,72,11.6948135336861,12.2115898665902,1,C,50,2
13.7116833916791,72,11.855104258284,1.85657913339512,1,I,51,2
16.6005158819533,72,11.8948085093871,4.7057073725662,1,C,52,2
106.76362964814,72,12.0766200777143,59.9233799222857,0,I,53,2
33.5697272583594,72,12.2225140174851,21.3472132408743,1,C,54,2
60.5635841110986,72,12.7723047696054,47.7912793414932,1,I,55,2
30.2230350789349,72,12.8831165609881,17.3399185179468,1,C,56,2
21.5125211551209,72,13.0519790668041,8.46054208831687,1,I,57,2
26.7848875221817,72,13.3911809278652,13.3937065943165,1,C,58,2
122.91355848396,72,13.6760916374624,58.3239083625376,0,I,59,2
22.7053230609785,72,14.0083999978378,8.69692306314063,1,C,60,2
104.80286309003,72,14.0437347628176,57.9562652371824,0,I,61,2
16.4239505577266,72,14.1949983173981,2.22895224032846,1,C,62,2
61.3935295293948,72,14.1980042355135,47.1955252938813,1,I,63,2
22.1356915461901,72,14.2720120679587,7.86367947823134,1,C,64,2
41.971181878053,72,14.3440053937957,27.6271764842574,1,I,65,2
40.6918915511229,72,14.5164389815182,26.1754525696048,1,C,66,2
29.0028593818364,72,14.5953523088247,14.4075070730117,1,I,67,2
25.2027192055987,72,14.7684284392744,10.4342907663243,1,C,68,2
54.9875197506199,72,15.6846666801721,39.3028530704478,1,I,69,2
25.0314286980454,72,16.4063312206417,8.62509747740365,1,C,70,2
34.3150494670548,72,16.4168088510633,17.8982406159916,1,I,71,2
44.5991697983587,72,16.7187970876694,27.8803727106893,1,C,72,2
235.294175387391,72,16.7321984656155,55.2678015343845,0,I,73,2
31.7880028934502,72,17.5727494759485,14.2152534175017,1,C,74,2
47.3018528723854,72,18.056557844393,29.2452950279925,1,I,75,2
20.6205662494624,72,18.4434557240456,2.17711052541678,1,C,76,2
172.096013106201,72,18.7895537540317,53.2104462459683,0,I,77,2
26.3209084229896,72,19.0989627689123,7.22194565407724,1,C,78,2
102.744662489249,72,19.2048014514148,52.7951985485852,0,I,79,2
22.8207524431705,72,19.2864425573498,3.53430988582072,1,C,80,2
180.274701953374,72,19.6814334578812,52.3185665421188,0,I,81,2
33.6304438093029,27.4904579791383,19.7493882570416,7.74106972209672,0,C,82,2
25.295862161936,72,19.770160834305,5.52570132763099,1,I,83,2
31.1876632928224,72,20.0607548933476,11.1269083994748,1,C,84,2
131.552866258728,40.3885965624594,20.1136563112959,20.2749402511635,0,I,85,2
33.5948379336809,72,20.5522325215861,13.0426054120948,1,C,86,2
55.5089224174382,72,20.8576978370547,34.6512245803835,1,I,87,2
28.697775345641,72,21.3628959842026,7.33487936143841,1,C,88,2
23.0254681342085,45.3512079422038,21.4762106398121,1.5492574943964,1,I,89,2
34.3498160011151,72,21.7515080887824,12.5983079123327,1,C,90,2
77.9901475461514,72,21.8344178237021,50.1655821762979,0,I,91,2
22.9628805858189,72,21.9808490993455,0.98203148647335,1,C,92,2
93.3054320274479,72,22.2286747070029,49.7713252929971,0,I,93,2
68.1633353848066,72,22.262897095643,45.9004382891636,1,C,94,2
48.4240610107813,72,22.6683379244059,25.7557230863754,1,I,95,2
25.6721394814304,72,22.9710752656683,2.70106421576205,1,C,96,2
102.155267239026,72,23.12243913766,48.87756086234,0,I,97,2
32.4771329987637,72,23.7865137169138,8.69061928184991,1,C,98,2
101.783334386258,72,23.8401839369908,48.1598160630092,0,I,99,2
86.7459051451654,72,23.9054764900357,48.0945235099644,0,C,100,2
38.2951186062142,72,24.3863784894347,13.9087401167795,1,I,101,2
36.5437889653927,72,25.1056712167338,11.438117748659,1,C,102,2
39.1929102492827,72,25.2500510774553,13.9428591718274,1,I,103,2
44.3012511794741,72,25.2503153169528,19.0509358625214,1,C,104,2
37.9866019094423,72,25.3222664957866,12.6643354136557,1,I,105,2
28.9519092583601,72,25.4825676558539,3.46934160250617,1,C,106,2
61.745529130875,72,25.5667879711837,36.1787411596913,1,I,107,2
34.3310061426624,72,25.7466201670468,8.58438597561563,1,C,108,2
62.4405535779935,72,25.9233703091741,36.5171832688194,1,I,109,2
62.7813390730291,72,26.0082529764622,36.7730860965668,1,C,110,2
176.910932986684,72,26.1472076363862,45.8527923636139,0,I,111,2
41.2858595497602,72,26.2484887428582,15.037370806902,1,C,112,2
40.6193228943581,72,26.2925924314186,14.3267304629395,1,I,113,2
62.3183265853288,72,26.3861398212612,35.9321867640676,1,C,114,2
59.8868471168272,72,26.4085126854479,33.4783344313792,1,I,115,2
50.8979460790257,72,27.1281123301014,23.7698337489243,1,C,116,2
43.2206498775161,72,27.2604381060228,15.9602117714934,1,I,117,2
40.1506578234183,72,27.4282886087894,12.7223692146288,1,C,118,2
108.496101594838,72,27.4816587986425,44.5183412013575,0,I,119,2
36.7860482148214,72,27.5995539966971,9.18649421812438,1,C,120,2
52.5651098970174,72,27.7316745417193,24.8334353552982,1,I,121,2
45.0235186191674,72,27.8367351181805,17.1867835009869,1,C,122,2
37.4907591890528,72,28.2639742037281,9.22678498532467,1,I,123,2
40.2914688550719,72,28.3410048438236,11.9504640112483,1,C,124,2
63.4807288315886,72,28.4147017356008,35.0660270959878,1,I,125,2
35.7702571946855,72,29.0252324659377,6.74502472874775,1,C,126,2
73.4899383674695,72,29.0297858091071,42.9702141908929,0,I,127,2
36.2740175506935,72,29.7113260673359,6.56269148335761,1,C,128,2
34.7931824463799,72,29.7406040411443,5.05257840523567,1,I,129,2
30.8425840253096,72,29.7990677179769,1.04351630733273,1,C,130,2
31.7432343455503,72,30.0663952203468,1.67683912520351,1,I,131,2
38.859165659249,72,30.306592527777,8.55257313147209,1,C,132,2
175.185344101558,72,30.6891370145604,41.3108629854396,0,I,133,2
56.4598090666802,72,30.8916942123324,25.5681148543479,1,C,134,2
33.9614040776929,72,31.0371802188456,2.92422385884728,1,I,135,2
36.3879080687338,72,31.0538228368387,5.33408523189514,1,C,136,2
68.3667866547096,72,31.4071554969996,36.95963115771,1,I,137,2
35.2050830061435,72,31.4544147346169,3.75066827152664,1,C,138,2
55.3033608008496,72,31.6576626431197,23.6456981577299,1,I,139,2
34.8232500021744,72,31.8590338295326,2.96421617264182,1,C,140,2
42.2867118822932,72,31.9978953246027,10.2888165576904,1,I,141,2
40.0545039483326,72,32.3500916641206,7.70441228421208,1,C,142,2
67.110837765578,72,32.4624336278066,34.6484041377714,1,I,143,2
54.1497154726692,72,32.5450751697645,21.6046403029047,1,C,144,2
61.8502436519578,72,32.7428272040561,29.1074164479018,1,I,145,2
50.4482389841827,72,32.7525239624083,17.6957150217743,1,C,146,2
336.139177963772,72,32.9733209917322,39.0266790082678,0,I,147,2
48.6369652296327,72,33.1891733128577,15.447791916775,1,C,148,2
103.536960975105,72,33.1962443562225,38.8037556437776,0,I,149,2
35.4572882797034,72,33.961862702854,1.49542557684943,1,C,150,2
40.9013370086398,72,33.9876046590507,6.91373234958905,1,I,151,2
54.4352312404775,72,34.0394385159016,20.3957927245759,1,C,152,2
79.3318541788251,72,34.2483834782615,37.7516165217385,0,I,153,2
38.0422138720628,72,34.6770991338417,3.36511473822115,1,C,154,2
40.1572879492831,72,34.7839028108865,5.37338513839657,1,I,155,2
71.0835419659181,72,34.9402681784704,36.1432737874477,1,C,156,2
136.640165484488,72,35.2293876931071,36.7706123068929,0,I,157,2
71.1557435154136,72,35.4435443133116,35.712199202102,1,C,158,2
65.9592123655559,72,35.6392222456634,30.3199901198925,1,I,159,2
37.6715188598557,72,35.7976419338957,1.87387692596008,1,C,160,2
105.789634269753,72,36.4727754006162,35.5272245993838,0,I,161,2
46.9418451276717,72,36.5106478566304,10.4311972710413,1,C,162,2
276.732206496689,72,36.6689573647454,35.3310426352546,0,I,163,2
67.9869694684477,72,36.694818274118,31.2921511943297,1,C,164,2
128.401631949045,72,36.7278525838628,35.2721474161372,0,I,165,2
55.703128346297,72,36.9646020792425,18.7385262670545,1,C,166,2
81.1970041263283,72,37.1386233530939,34.8613766469061,0,I,167,2
41.9761967750324,70.6641813957562,37.1397833526135,4.83641342241891,1,C,168,2
302.297496134103,72,37.1456787502393,34.8543212497607,0,I,169,2
39.6650862954029,72,37.1641106670722,2.5009756283307,1,C,170,2
61.9265296268147,72,37.3055853741244,24.6209442526903,1,I,171,2
76.8829112959006,72,37.3580004600808,34.6419995399192,0,C,172,2
73.949361489153,56.7066335041838,37.7489824360237,18.9576510681602,0,I,173,2
50.0001846294859,72,37.8480327269062,12.1521519025797,1,C,174,2
156.620800161468,72,37.9626464098692,34.0373535901308,0,I,175,2
46.3794445309076,72,38.2035353081301,8.17590922277753,1,C,176,2
68.4715380671327,72,38.2677605934441,30.2037774736885,1,I,177,2
47.8642261413957,72,39.4919252302498,8.37230091114597,1,C,178,2
152.084345545741,62.56541141722,39.6560706244782,22.9093407927418,0,I,179,2
51.6922295530685,49.2544990411678,39.7458320204169,9.50866702075098,0,C,180,2
245.322671476505,40.1637407880128,39.8145913565531,0.34914943145963,0,I,181,2
69.9055504386113,72,40.1462109060958,29.7593395325155,1,C,182,2
131.94835267339,72,40.5843255249783,31.4156744750217,0,I,183,2
42.4535486748341,72,40.7439520955086,1.70959657932547,1,C,184,2
331.65645619028,72,41.3319791061804,30.6680208938196,0,I,185,2
45.1709619976315,72,41.3977415068075,3.77322049082396,1,C,186,2
48.6693664777439,72,41.6431958321482,7.02617064559567,1,I,187,2
43.0942557138398,72,41.8994172010571,1.19483851278271,1,C,188,2
68.5483090877367,72,43.1235331809148,25.4247759068219,1,I,189,2
44.8955257377449,72,43.4899766603485,1.40554907739646,1,C,190,2
52.7838810048358,72,43.7988060666248,8.98507493821096,1,I,191,2
49.6781222421781,72,44.1173791419715,5.56074310020661,1,C,192,2
73.2756211593795,72,44.3730573076755,27.6269426923245,0,I,193,2
73.1548707160115,72,44.4212309690192,27.5787690309808,0,C,194,2
51.9972772435737,72,44.568551746197,7.42872549737661,1,I,195,2
49.7333877788796,72,44.6842862572521,5.04910152162748,1,C,196,2
66.7195548303216,72,44.9724897835404,21.7470650467812,1,I,197,2
46.5620160420436,72,45.2390146208927,1.3230014211509,1,C,198,2
133.613819349162,72,45.3019039984793,26.6980960015208,0,I,199,2
64.698248388817,72,45.5639116605744,19.1343367282426,1,C,200,2
69.8884023296937,72,45.5997110763565,24.2886912533372,1,I,201,2
47.138970994407,72,45.9042856190354,1.23468537537167,1,C,202,2
122.885020669585,72,46.0132904816419,25.9867095183581,0,I,203,2
57.4814517086668,72,46.1032316135243,11.3782200951425,1,C,204,2
75.76144668041,72,46.4800289645791,25.5199710354209,0,I,205,2
48.0712569550461,72,46.7701596720144,1.3010972830317,1,C,206,2
64.4929435745782,72,46.8101485446096,17.6827950299686,1,I,207,2
56.2820940311961,72,47.6128350337967,8.66925899739932,1,C,208,2
92.1555531533151,72,48.502881671302,23.497118328698,0,I,209,2
72.7165204871398,72,48.6444734036923,23.3555265963078,0,C,210,2
68.982442761878,72,48.7087695579976,20.2736732038804,1,I,211,2
60.3407651608332,72,48.7832806399092,11.557484520924,1,C,212,2
88.6702212792554,72,48.9123356854543,23.0876643145457,0,I,213,2
59.9392770127592,72,48.9655339624733,10.9737430502859,1,C,214,2
94.2043871976848,72,49.2168037220836,22.7831962779164,0,I,215,2
119.926125006839,72,49.4674994889647,22.5325005110353,0,C,216,2
145.055432352949,72,49.5703764958307,22.4296235041693,0,I,217,2
58.9163900404903,72,49.7359080333263,9.18048200716403,1,C,218,2
111.269640342191,72,50.4333334229887,21.5666665770113,0,I,219,2
62.1514503260401,72,51.1499460786581,11.001504247382,1,C,220,2
162.623067498673,72,51.5782242827117,20.4217757172883,0,I,221,2
58.8435721038014,72,51.7367953760549,7.10677672774646,1,C,222,2
126.889343519431,72,51.8391777388752,20.1608222611249,0,I,223,2
58.0438574870188,72,51.9987628888339,6.04509459818488,1,C,224,2
58.1527479171125,72,52.2183659439907,5.93438197312183,1,I,225,2
79.2982165345305,72,52.2744883177802,19.7255116822198,0,C,226,2
63.6417827401055,72,52.4455847404897,11.1961979996158,1,I,227,2
57.9114189964396,72,52.5073698861525,5.4040491102871,1,C,228,2
368.949069612111,72,53.1738789891824,18.8261210108176,0,I,229,2
64.7770331738817,72,53.2815924379975,11.4954407358842,1,C,230,2
151.718898732207,72,53.2839805539697,18.7160194460303,0,I,231,2
75.9587699442175,72,53.9698318764567,18.0301681235433,0,C,232,2
168.754467998936,72,54.1332140984014,17.8667859015986,0,I,233,2
56.3669779576316,72,54.1549450764433,2.21203288118832,1,C,234,2
108.850945531669,72,54.3784513045102,17.6215486954898,0,I,235,2
83.0855825259128,72,54.444511346519,17.555488653481,0,C,236,2
206.737318402794,72,54.9670533556491,17.0329466443509,0,I,237,2
58.0574435380761,72,55.7052493840456,2.35219415403053,1,C,238,2
91.275923599884,72,56.2756985379383,15.7243014620617,0,I,239,2
86.580702645419,72,56.3662410294637,15.6337589705363,0,C,240,2
65.7690520885446,72,56.9435856398195,8.82546644872514,1,I,241,2
71.6453489562292,72,57.3316403059289,14.3137086503003,1,C,242,2
96.6901614509194,72,57.4433192471042,14.5566807528958,0,I,243,2
70.5785858246529,72,57.5380105571821,13.0405752674708,1,C,244,2
207.889627476438,72,57.5833401968703,14.4166598031297,0,I,245,2
58.339120888122,72,57.9075989266858,0.431521961436289,1,C,246,2
183.687255872229,72,58.3749228157103,13.6250771842897,0,I,247,2
60.3271796699873,72,58.3823609864339,1.94481868355335,1,C,248,2
212.608358665318,72,58.9035084564239,13.0964915435761,0,I,249,2
80.158998301175,72,59.1130708297715,12.8869291702285,0,C,250,2
119.004519855516,72,59.4583451002836,12.5416548997164,0,I,251,2
29.2851367653591,72,0.127662615850568,29.1574741495085,1,I,1,3
19.960795038147,72,0.315280021168292,19.6455150169787,1,C,2,3
15.0980815884612,72,0.782390884123743,14.3156907043374,1,I,3,3
12.034374433179,72,1.42048289068043,10.6138915424985,1,C,4,3
46.4632448418831,72,1.77756157703698,44.6856832648462,1,I,5,3
7.3134759138366,72,1.89985839184374,5.41361752199286,1,C,6,3
21.5994043403758,72,2.03800668474287,19.5613976556329,1,I,7,3
2.7439931284671,72,2.32186158187687,0.422131546590225,1,C,8,3
15.4513042375888,72,2.37887715920806,13.0724270783807,1,I,9,3
9.37175116393076,72,2.48517857864499,6.88657258528577,1,C,10,3
84.2014270303234,72,2.50956520903856,69.4904347909615,0,I,11,3
23.9594126478823,72,2.8308637579903,21.128548889892,1,C,12,3
8.35727056399189,72,2.87074231076986,5.48652825322203,1,I,13,3
8.11513811269109,72,3.21024413220584,4.90489398048524,1,C,14,3
103.548428544322,72,3.53197643067688,68.4680235693231,0,I,15,3
5.04438573372986,72,3.66988403722644,1.37450169650342,1,C,16,3
89.4348542825923,72,3.69151774328202,68.308482256718,0,I,17,3
6.41066255752725,72,3.90796024817973,2.50270230934752,1,C,18,3
52.2031382334003,72,4.11608061287552,48.0870576205248,1,I,19,3
9.68427313697154,72,4.83999035786837,4.84428277910317,1,C,20,3
108.810882451597,72,5.12442911043763,66.8755708895624,0,I,21,3
9.493594151474,72,5.61927226837724,3.87432188309676,1,C,22,3
106.81313145461,72,5.65737002994865,66.3426299700514,0,I,23,3
18.1385054395186,63.8152416673134,5.72858431376517,12.4099211257534,1,C,24,3
53.8634363168146,72,5.93920270912349,47.9242336076911,1,I,25,3
25.0059866090793,72,6.61976398900151,18.3862226200778,1,C,26,3
7.07438880200583,72,6.65041343774647,0.423975364259367,1,I,27,3
18.6377940971054,72,6.70077442657203,11.9370196705334,1,C,28,3
21.6046639690777,72,6.7694688308984,14.8351951381793,1,I,29,3
27.136844887469,72,6.8881849385798,20.2486599488892,1,C,30,3
138.398834099403,72,7.02616281341761,64.9738371865824,0,I,31,3
37.0257785937834,72,7.18195041641593,29.8438281773675,1,C,32,3
44.3584148192843,72,7.50426627695561,36.8541485423287,1,I,33,3
15.4278136027832,72,7.52409621141851,7.90371739136465,1,C,34,3
20.9670305768053,72,7.62358578387648,13.3434447929289,1,I,35,3
29.6339325281436,72,7.77380274608731,21.8601297820563,1,C,36,3
31.6590868154957,72,7.81355453655124,23.8455322789444,1,I,37,3
71.0772623964982,72,7.90876781567931,63.1684945808189,1,C,38,3
455.258809495329,72,8.32543873228133,63.6745612677187,0,I,39,3
24.3634915206097,72,8.34776013158262,16.0157313890271,1,C,40,3
74.9187590776522,72,8.56053009163588,63.4394699083641,0,I,41,3
25.7296211138993,72,8.59110583551228,17.138515278387,1,C,42,3
87.2233818404975,72,8.61804743763059,63.3819525623694,0,I,43,3
20.8747203196493,72,8.65699142217636,12.2177288974729,1,C,44,3
122.515091141787,72,8.69797458406538,63.3020254159346,0,I,45,3
10.1204239056729,72,9.06641216017306,1.05401174549983,1,C,46,3
134.39590373867,72,9.66672799084336,62.3332720091567,0,I,47,3
14.4216441398666,72,9.77731169667095,4.64433244319564,1,C,48,3
19.4582092467479,72,9.91893579717726,9.5392734495706,1,I,49,3
20.1923603337332,72,10.108426194638,10.0839341390952,1,C,50,3
39.649455696755,72,10.4256601911038,29.2237955056512,1,I,51,3
34.4712644561843,72,10.4468666994944,24.0243977566899,1,C,52,3
55.9323789205492,72,11.3470218004659,44.5853571200833,1,I,53,3
44.6755725296825,72,11.8302596127614,32.8453129169211,1,C,54,3
36.2613839511915,72,11.8473624391481,24.4140215120433,1,I,55,3
13.3252565993682,72,11.8558034067974,1.46945319257088,1,C,56,3
27.2692018787462,72,12.2305743349716,15.0386275437746,1,I,57,3
17.6021432855014,72,12.5847896793857,5.01735360611569,1,C,58,3
29.5444542905349,72,13.205041307956,16.3394129825789,1,I,59,3
25.5276980963831,72,13.4779617609456,12.0497363354375,1,C,60,3
50.8934848004862,72,14.0459343418479,36.8475504586383,1,I,61,3
17.2960840061243,72,14.1145756607875,3.18150834533675,1,C,62,3
54.2665203036777,72,14.4623590121046,39.8041612915731,1,I,63,3
17.1704843555746,72,14.633378405124,2.53710595045065,1,C,64,3
188.006229382568,72,14.8770356923342,57.1229643076658,0,I,65,3
30.1866485155178,72,15.0027788523585,15.1838696631593,1,C,66,3
30.9191044032516,72,15.1228202087805,15.7962841944712,1,I,67,3
16.1435559593677,72,15.7593835238367,0.384172435530972,1,C,68,3
31.2472848124862,65.4050214076695,15.9274693205953,15.3198154918909,1,I,69,3
17.484566749601,72,16.209692498669,1.274874250932,1,C,70,3
72.8068448522924,27.9029907749459,16.4012916292995,11.5016991456464,0,I,71,3
31.2138406197152,72,16.4222404221073,14.7916001976079,1,C,72,3
69.9658989598405,72,16.4690474141389,53.4968515457016,1,I,73,3
19.441429424824,72,16.6849494539201,2.75647997090383,1,C,74,3
47.4674713469887,72,17.012246302329,30.4552250446597,1,I,75,3
33.3235390220559,72,17.1859210124239,16.1376180096319,1,C,76,3
301.773909858444,72,17.7526352321729,54.2473647678271,0,I,77,3
38.9720133774683,72,17.9708401439711,21.0011732334971,1,C,78,3
93.2916185132379,72,18.0851830495521,53.9148169504479,0,I,79,3
42.2723171648133,72,18.2430639630184,24.029253201795,1,C,80,3
254.80841755937,72,18.5000907629728,53.4999092370272,0,I,81,3
31.9620301743813,72,19.2264811322093,12.735549042172,1,C,82,3
48.6420008909083,72,20.167812500149,28.4741883907593,1,I,83,3
50.2014866446446,72,20.7508587744087,29.4506278702359,1,C,84,3
78.0776668477377,72,21.1592180840671,50.8407819159329,0,I,85,3
22.0866944472424,72,21.3915594667196,0.695134980522771,1,C,86,3
91.3779869172308,72,21.41830871813,50.58169128187,0,I,87,3
26.2076757094839,72,21.4696212764829,4.73805443300099,1,C,88,3
225.692317416457,72,21.5889150090516,50.4110849909484,0,I,89,3
23.3033098224591,72,22.1508310502395,1.15247877221957,1,C,90,3
60.4349421942031,72,22.6767224259675,37.7582197682357,1,I,91,3
29.635686680128,72,23.3515821537003,6.28410452642775,1,C,92,3
140.770633609963,72,24.0446348581463,47.9553651418537,0,I,93,3
30.2481424777599,72,24.1334405355155,6.11470194224435,1,C,94,3
107.075002513628,72,24.163284022361,47.836715977639,0,I,95,3
27.5146611829201,72,24.9344391888008,2.58022199411932,1,C,96,3
142.581633275878,72,25.1097913412377,46.8902086587623,0,I,97,3
55.3098748145262,72,25.2168609201908,30.0930138943354,1,C,98,3
211.345557027036,72,25.370787656866,46.629212343134,0,I,99,3
41.861443034519,72,25.4712112667039,16.3902317678151,1,C,100,3
34.6217375106527,72,25.6349237496033,8.98681376104941,1,I,101,3
27.7467567273113,72,25.7817843044177,1.9649724228936,1,C,102,3
46.3866056316874,72,25.91990981251,20.4666958191773,1,I,103,3
26.4738376642267,72,26.1516910605133,0.322146603713474,1,C,104,3
32.5754434966602,72,26.2218494759873,6.35359402067297,1,I,105,3
38.7034202864808,72,26.3075773464516,12.3958429400292,1,C,106,3
27.3395867166834,72,26.372865526937,0.966721189746494,1,I,107,3
28.4814843200735,72,26.7242563795298,1.75722794054361,1,C,108,3
29.7450615542284,72,26.8900563195348,2.85500523469361,1,I,109,3
40.7415604129009,72,27.341566728428,13.3999936844729,1,C,110,3
33.4389410778708,72,27.6356475194916,5.80329355837916,1,I,111,3
52.9419979571713,72,27.7915668021888,25.1504311549826,1,C,112,3
58.3427890865893,72,28.1071574985981,30.2356315879912,1,I,113,3
39.1555453984081,72,28.4815822681412,10.6739631302669,1,C,114,3
134.404513154096,72,28.6402768129483,43.3597231870517,0,I,115,3
57.6477582739087,72,28.8464838545769,28.8012744193317,1,C,116,3
153.934834430345,72,29.0483285766095,42.9516714233905,0,I,117,3
35.5780897055727,72,29.2987296357751,6.27936006979762,1,C,118,3
257.230054845769,72,29.3107998138294,42.6892001861706,0,I,119,3
46.3176411146636,72,30.3832914400846,15.934349674579,1,C,120,3
37.2573750571894,72,30.6393637089059,6.6180113482835,1,I,121,3
40.981524670327,72,30.7101740688086,10.2713506015185,1,C,122,3
31.8141725735073,72,30.7575647067279,1.05660786677939,1,I,123,3
45.5089826991562,72,31.3062687311322,14.2027139680241,1,C,124,3
73.3522327384239,72,31.3160229055211,40.6839770944789,0,I,125,3
68.0575216428773,72,31.3819725438952,36.6755490989821,1,C,126,3
52.5797967012897,72,31.508169779554,21.0716269217356,1,I,127,3
37.9130521040006,72,31.5944137237966,6.31863838020403,1,C,128,3
194.586018287516,72,31.7271559266374,40.2728440733627,0,I,129,3
52.3646362441359,72,31.9806644786149,20.383971765521,1,C,130,3
109.292684948036,72,32.5116235669702,39.4883764330298,0,I,131,3
33.7638562601717,72,33.0678394529969,0.69601680717487,1,C,132,3
41.1985144281909,72,33.5763953346759,7.62211909351496,1,I,133,3
39.9106334174545,72,33.5950975120068,6.3155359054477,1,C,134,3
46.3021391062458,72,33.7592169363052,12.5429221699406,1,I,135,3
34.6107260944598,72,33.8645379943773,0.746188100082471,1,C,136,3
171.037950430701,42.4190742627885,34.0343429055065,8.38473135728204,0,I,137,3
36.6771699982134,72,34.2480177618563,2.42915223635708,1,C,138,3
55.9991760735637,72,34.4452865654603,21.5538895081035,1,I,139,3
45.3926576033955,72,34.4528541807085,10.9398034226869,1,C,140,3
52.8704678764492,72,34.8826509201899,17.9878169562593,1,I,141,3
37.2751352349564,72,35.0737725337967,2.2013627011597,1,C,142,3
94.1635415087789,72,35.2623579651117,36.7376420348883,0,I,143,3
38.417478671329,72,35.6671984819695,2.75028018935942,1,C,144,3
232.575525294258,72,36.0023094713688,35.9976905286312,0,I,145,3
49.3635366004339,72,36.0250333417207,13.3385032587132,1,C,146,3
152.778571923372,72,36.1863284697756,35.8136715302244,0,I,147,3
68.7070167271698,72,36.3097015488893,32.3973151782805,1,C,148,3
174.282765151137,72,36.9502937793732,35.0497062206268,0,I,149,3
58.4050470573975,72,37.6844148756936,20.7206321817039,1,C,150,3
167.223899132123,72,37.7094706892967,34.2905293107033,0,I,151,3
38.5453683340693,72,37.9789631953463,0.566405138723029,1,C,152,3
101.636270967785,72,37.9831019137055,34.0168980862945,0,I,153,3
44.8609647752674,72,38.2794953556731,6.58146941959424,1,C,154,3
180.197905045649,72,38.4201578143984,33.5798421856016,0,I,155,3
61.3657058714688,72,38.6855527991429,22.6801530723259,1,C,156,3
69.6991756678268,72,38.8122916454449,30.8868840223819,1,I,157,3
51.9336964332225,72,38.8377541350201,13.0959422982024,1,C,158,3
265.443989180274,72,38.9598375605419,33.0401624394581,0,I,159,3
40.4602568196135,72,39.427390624769,1.03286619484443,1,C,160,3
72.9087573702924,72,39.6444635745138,32.3555364254862,0,I,161,3
46.3233178544822,72,40.2907975483686,6.0325203061136,1,C,162,3
72.1955866439865,72,40.9539621463046,31.0460378536955,0,I,163,3
41.9398679665638,72,41.3060060469434,0.633861919620456,1,C,164,3
90.6376906670467,72,41.6184108238667,30.3815891761333,0,I,165,3
45.4826320922598,72,42.1004532650113,3.38217882724845,1,C,166,3
160.572689836287,72,42.2634217422456,29.7365782577544,0,I,167,3
43.3023018564025,72,42.4231472611427,0.879154595259725,1,C,168,3
206.592826556869,72,42.9321514768526,29.0678485231474,0,I,169,3
53.025779983698,72,43.1372315296903,9.88854845400762,1,C,170,3
102.396679039707,72,43.2546168984845,28.7453831015155,0,I,171,3
47.6220285792813,72,43.4938200004399,4.12820857884141,1,C,172,3
56.4509452554632,72,44.1204485110939,12.3304967443693,1,I,173,3
54.2833836255499,72,45.0473706889898,9.23601293656012,1,C,174,3
171.223243800806,72,45.3909764997661,26.6090235002339,0,I,175,3
48.6639657639261,72,45.4007389582694,3.2632268056567,1,C,176,3
170.925676148375,72,45.6527385860682,26.3472614139319,0,I,177,3
47.6319887738516,72,45.8592625614256,1.77272621242603,1,C,178,3
122.960035365816,72,46.0994915664196,25.9005084335804,0,I,179,3
70.2885927814016,72,47.2750081680715,23.0135846133301,1,C,180,3
139.200022731824,72,47.6134323282167,24.3865676717833,0,I,181,3
51.9811884804717,72,47.8125194180757,4.168669062396,1,C,182,3
92.0306026392259,72,47.9662651754916,24.0337348245084,0,I,183,3
49.5032971130674,72,47.9945970559493,1.50870005711812,1,C,184,3
179.634726748951,72,48.2780652539805,23.7219347460195,0,I,185,3
88.150707552491,72,48.3337217895314,23.6662782104686,0,C,186,3
50.5788330640656,72,48.6712832003832,1.90754986368243,1,I,187,3
54.3845802268479,72,48.8800768693909,5.50450335745694,1,C,188,3
232.701964704341,72,48.9075148198754,23.0924851801246,0,I,189,3
61.1943835126305,72,48.9589641150087,12.2354193976218,1,C,190,3
114.583520328505,72,49.4381981296465,22.5618018703535,0,I,191,3
54.774608565099,72,49.452887638472,5.32172092662694,1,C,192,3
105.661896262846,72,49.8981605703011,22.1018394296989,0,I,193,3
58.5104662113334,72,50.5742173176259,7.93624889370746,1,C,194,3
90.1768299092595,72,50.6166922627017,21.3833077372983,0,I,195,3
58.4971580957792,72,50.6365835526958,7.86057454308341,1,C,196,3
198.770806148764,72,51.027185744606,20.972814255394,0,I,197,3
59.8291888998954,72,51.1901582172141,8.63903068268136,1,C,198,3
82.9982365717868,72,51.2088231509551,20.7911768490449,0,I,199,3
51.7118398136647,72,51.61311943084,0.098720382824656,1,C,200,3
144.958789189666,72,51.8498755339533,20.1501244660467,0,I,201,3
54.547517831888,72,51.9866092968732,2.5609085350148,1,C,202,3
199.874268986653,72,52.0742989657447,19.9257010342553,0,I,203,3
73.5555242070557,72,52.3447948694229,19.6552051305771,0,C,204,3
109.7713454026,72,52.3988956259564,19.6011043740436,0,I,205,3
57.6487735913714,72,52.7483454812318,4.90042811013961,1,C,206,3
67.836781952148,72,52.7689273143187,15.0678546378293,1,I,207,3
59.5446408794587,72,52.8824127791449,6.66222810031372,1,C,208,3
118.73065933646,72,53.2030237605795,18.7969762394205,0,I,209,3
62.3804037633038,72,53.4861254319549,8.8942783313489,1,C,210,3
93.2801508123954,72,53.6164021259174,18.3835978740826,0,I,211,3
54.2449804259602,72,53.6813658149913,0.563614610968942,1,C,212,3
66.9384858162584,72,54.8590233922005,12.0794624240579,1,I,213,3
62.2686847749475,72,55.388369075954,6.88031569899351,1,C,214,3
171.702061893446,72,55.5294354306534,16.4705645693466,0,I,215,3
56.3732157603715,72,55.6128889136016,0.7603268467699,1,C,216,3
65.4524893250415,72,55.6899386364967,9.76255068854483,1,I,217,3
102.376469707483,72,56.3425109675154,15.6574890324846,0,C,218,3
76.755501217668,72,56.5991731127724,15.4008268872276,0,I,219,3
65.9397463344569,72,57.0286394935101,8.91110684094679,1,C,220,3
91.925312418811,72,57.2363917389885,14.7636082610115,0,I,221,3
85.7508631479653,72,57.5883469730616,14.4116530269384,0,C,222,3
152.664700483457,72,57.6001538895071,14.3998461104929,0,I,223,3
63.1074544006336,72,57.81950364355,5.28795075708358,1,C,224,3
113.684864577708,72,59.0523815201595,12.9476184798405,0,I,225,3
91.7462477441508,72,59.2382266698405,12.7617733301595,0,C,226,3
68.3673104092298,72,59.4744239933789,8.89288641585087,1,I,227,3
66.7068447887231,72,59.5810865890235,7.12575819969961,1,C,228,3
124.483858096894,72,59.8535691574216,12.1464308425784,0,I,229,3
192.219106966415,72,0.0368070183321834,71.9631929816678,0,I,1,4
6.90083600412518,72,0.523981810547411,6.37685419357777,1,C,2,4
95.1816954377569,72,0.581965916790068,71.4180340832099,0,I,3,4
20.9688854555132,72,0.64801256172359,20.3208728937896,1,C,4,4
49.5026845989663,72,0.661536790430546,48.8411478085357,1,I,5,4
6.17689136006799,72,0.726133463904262,5.45075789616373,1,C,6,4
19.7343560959814,60.6345133002553,0.894550206139684,18.8398058898417,1,I,7,4
42.9625858098842,72,1.42604139167815,41.5365444182061,1,C,8,4
20.1187220038407,72,1.47065217141062,18.6480698324301,1,I,9,4
8.83794933869859,72,1.5085452189669,7.32940411973169,1,C,10,4
9.4876952860956,72,1.51197266299278,7.97572262310283,1,I,11,4
10.196161157229,72,2.21361068543047,7.98255047179858,1,C,12,4
3.55128462256136,72,2.36095821484923,1.19032640771212,1,I,13,4
4.99485112602722,72,2.85137150902301,2.14347961700421,1,C,14,4
48.8446324711975,72,2.93275480158627,45.9118776696113,1,I,15,4
34.9627961331264,72,3.59000915195793,31.3727869811685,1,C,16,4
140.853249114459,72,3.69838500861079,68.3016149913892,0,I,17,4
21.9865551681352,72,4.11579582374543,17.8707593443897,1,C,18,4
52.3076825156128,72,4.23433074261993,48.0733517729928,1,I,19,4
15.7487392717578,72,4.61747263558209,11.1312666361757,1,C,20,4
6.65909565866674,72,4.92894269060344,1.7301529680633,1,I,21,4
15.2960814822481,72,5.69343442562968,9.60264705661838,1,C,22,4
74.079642805777,72,5.87868162430823,66.1213183756918,0,I,23,4
6.1397469104165,72,5.88549605570734,0.254250854709168,1,C,24,4
78.0062416538328,72,6.29569702316076,65.7043029768393,0,I,25,4
25.8381361323095,72,6.44387190230191,19.3942642300076,1,C,26,4
52.8618915913986,72,6.47920964285731,46.3826819485412,1,I,27,4
29.1288586526819,72,6.82089810725302,22.3079605454289,1,C,28,4
201.457246442857,72,6.8255573278293,65.1744426721707,0,I,29,4
21.4429014632342,72,6.93670197855681,14.5061994846774,1,C,30,4
111.899627092796,72,6.95101370103657,65.0489862989634,0,I,31,4
14.8369968731441,72,7.10105270147324,7.73594417167089,1,C,32,4
10.8556791424759,72,7.30929175391793,3.54638738855801,1,I,33,4
7.82772813536083,72,7.45037604589015,0.377352089470673,1,C,34,4
198.056064445108,72,7.66421995125711,64.3357800487429,0,I,35,4
57.9078408575724,72,7.9071278963238,50.0007129612486,1,C,36,4
29.7553859035731,72,8.3901205798611,21.365265323712,1,I,37,4
24.6276351161582,72,8.42204659245908,16.2055885236991,1,C,38,4
80.2233649383784,72,8.71791563462466,63.2820843653753,0,I,39,4
22.1747079029076,72,8.72406964190304,13.4506382610046,1,C,40,4
97.7887465185039,72,8.78226534929127,63.2177346507087,0,I,41,4
29.4086041408373,37.4090905997051,8.78971051890403,20.6188936219332,1,C,42,4
27.5416060459087,72,9.15839301422238,18.3832130316863,1,I,43,4
17.3794026636703,72,9.23621920868754,8.14318345498278,1,C,44,4
14.2821265387307,72,9.90905388258398,4.37307265614675,1,I,45,4
14.7649696257011,72,10.1625405577943,4.60242906790682,1,C,46,4
90.8169258139905,72,10.3589548682794,61.6410451317206,0,I,47,4
24.1898666227972,72,10.4524159384891,13.7374506843081,1,C,48,4
92.1588094945687,72,10.8663221122697,61.1336778877303,0,I,49,4
50.2640392384726,72,10.9837387595326,39.28030047894,1,C,50,4
97.4456929071545,72,11.0733837168664,60.9266162831336,0,I,51,4
17.6763351510937,51.5781418009979,11.1093003256246,6.56703482546903,1,C,52,4
56.2629705037527,72,11.1521903146058,45.1107801891469,1,I,53,4
35.3650151610029,72,11.9945134688169,23.370501692186,1,C,54,4
20.798494126225,72,12.3198370356113,8.47865709061375,1,I,55,4
13.4929117673894,72,12.6187273627147,0.874184404674714,1,C,56,4
70.2455811068531,72,12.7172460732982,57.528335033555,1,I,57,4
46.3302949264999,72,13.2065639365464,33.1237309899535,1,C,58,4
63.3119153235823,72,13.2375005213544,50.0744148022279,1,I,59,4
22.6583031286692,72,13.4659901540726,9.19231297459653,1,C,60,4
269.360325857882,72,13.6621250957251,58.3378749042749,0,I,61,4
15.681898202639,72,13.6702999798581,2.01159822278095,1,C,62,4
49.872463006132,72,14.1926589142531,35.6798040918789,1,I,63,4
22.6978104052798,72,14.2043945845217,8.49341582075819,1,C,64,4
114.162096404335,72,14.4194142054766,57.5805857945234,0,I,65,4
24.8305654754236,72,14.8937471257523,9.93681834967133,1,C,66,4
101.578783044596,72,15.2569258818403,56.7430741181597,0,I,67,4
25.4135357686501,72,15.4024105891585,10.0111251794915,1,C,68,4
15.8415155012371,72,15.4810896003619,0.360425900875179,1,I,69,4
21.1402829014606,72,15.6224486511201,5.51783425034056,1,C,70,4
70.1702301832793,72,15.9299198817462,54.2403103015331,1,I,71,4
30.8734883808186,72,16.0900957742706,14.783392606548,1,C,72,4
64.9703102305225,72,16.1742737330496,48.7960364974729,1,I,73,4
29.2860343022753,72,16.2657096236944,13.0203246785809,1,C,74,4
115.285297979515,72,16.7169811762869,55.2830188237131,0,I,75,4
17.0280491383125,72,16.8461481481791,0.181900990133422,1,C,76,4
25.9995882431917,72,17.6643080636859,8.33528017950581,1,I,77,4
21.7235208158673,72,17.7145683718845,4.00895244398274,1,C,78,4
49.4226804872432,72,17.8120859060436,31.6105945811995,1,I,79,4
18.6606409780245,72,18.2537574833259,0.406883494698561,1,C,80,4
44.9952621438145,72,18.6368453269824,26.358416816832,1,I,81,4
32.2611476831917,72,18.7308951700106,13.5302525131811,1,C,82,4
110.882181983217,72,19.281268841587,52.718731158413,0,I,83,4
33.0768226572534,72,19.3274842808023,13.749338376451,1,C,84,4
40.2050418330253,72,19.379942798987,20.8250990340383,1,I,85,4
30.0220596632773,72,19.4160804105923,10.6059792526851,1,C,86,4
63.7160226597651,72,19.676726013422,44.0392966463431,1,I,87,4
25.0176328580676,72,19.7139894962311,5.30364336183654,1,C,88,4
69.8983700544577,72,20.1814814424142,49.7168886120435,1,I,89,4
97.7477354754018,72,20.2424646774307,51.7575353225693,0,C,90,4
53.4694117840164,72,20.9402802586555,32.5291315253608,1,I,91,4
31.4405462442205,72,21.1322610871866,10.3082851570338,1,C,92,4
61.684245772381,72,21.1864266358316,40.4978191365494,1,I,93,4
30.4559091123073,72,21.2961780885234,9.15973102378383,1,C,94,4
69.4651948206461,72,21.3060756353661,48.1591191852799,1,I,95,4
58.1724863556069,72,22.1139428811148,36.0585434744921,1,C,96,4
216.183405037414,72,22.1259667631239,49.8740332368761,0,I,97,4
45.840030153168,72,22.2371868789196,23.6028432742484,1,C,98,4
95.5391296306741,72,22.2794244065881,49.7205755934119,0,I,99,4
72.589927323688,72,22.3287934809923,49.6712065190077,0,C,100,4
29.5953233474721,72,22.7871006773785,6.80822267009357,1,I,101,4
36.3465846422223,72,23.4441394312307,12.9024452109916,1,C,102,4
104.981994180891,72,23.6477491166443,48.3522508833557,0,I,103,4
31.1297945797896,46.8505441238983,24.0516046481207,7.07818993166886,1,C,104,4
88.2443732298297,72,24.5299798669294,47.4700201330707,0,I,105,4
28.0264696794337,72,24.9527936428785,3.07367603655521,1,C,106,4
72.7991558890525,72,25.0846944423392,46.9153055576608,0,I,107,4
26.9048663625519,72,25.4899439681321,1.41492239441979,1,C,108,4
236.224304595335,72,25.5785881401971,46.4214118598029,0,I,109,4
33.0507229710503,72,25.9149891184643,7.13573385258601,1,C,110,4
50.1069420117485,72,26.1199630005285,23.98697901122,1,I,111,4
36.2143255631171,72,26.2174950633198,9.99683049979727,1,C,112,4
46.4853661285821,72,26.255296356976,20.2300697716061,1,I,113,4
32.2810681864297,72,26.5104060759768,5.77066211045288,1,C,114,4
139.151209859817,72,26.5274712117389,45.4725287882611,0,I,115,4
42.1193627280317,72,26.6757620126009,15.4436007154309,1,C,116,4
54.5617438380945,72,27.6842105342075,26.877533303887,1,I,117,4
33.6676931894689,39.1725438196501,28.1614587642252,5.50623442524363,1,C,118,4
110.465061128471,72,28.3011202840135,43.6988797159866,0,I,119,4
50.2377469546367,72,28.6879166727886,21.5498302818482,1,C,120,4
46.3646656064005,72,28.7174687767401,17.6471968296603,1,I,121,4
33.9082547196658,72,28.9325564866886,4.97569823297724,1,C,122,4
145.265872280004,72,29.1741182841361,42.8258817158639,0,I,123,4
36.0718857170459,72,29.7177903167903,6.35409540025557,1,C,124,4
120.855898342806,72,31.1278046155348,40.8721953844652,0,I,125,4
47.2439072889219,72,31.1437780503184,16.1001292386035,1,C,126,4
50.5144506854585,72,31.4186550909653,19.0957955944932,1,I,127,4
36.0709818996279,72,31.4761490933597,4.59483280626818,1,C,128,4
51.251125813082,72,31.5686017507687,19.6825240623133,1,I,129,4
33.5861537212135,72,31.6931395651773,1.89301415603627,1,C,130,4
375.179002241323,72,32.2382154129446,39.7617845870554,0,I,131,4
41.6981870929877,72,32.2969496855512,9.40123740743645,1,C,132,4
126.994469582663,72,32.3577030468732,39.6422969531268,0,I,133,4
38.0274038912295,72,32.695778911002,5.33162498022753,1,C,134,4
57.2561576353727,72,32.7196910697967,24.536466565576,1,I,135,4
34.3309704941993,72,32.7681911503896,1.56277934380964,1,C,136,4
41.6220017898697,72,34.069959204644,7.55204258522578,1,I,137,4
69.9274489705422,38.8119774637733,34.7056279191747,4.10634954459856,0,C,138,4
66.2872122018881,72,34.8928966652602,31.3943155366279,1,I,139,4
60.8034676114603,72,35.1196401519701,25.6838274594902,1,C,140,4
94.7843193018981,40.0737972077999,35.1232834160328,4.95051379176712,0,I,141,4
40.4696523288782,72,35.2275853045285,5.24206702434973,1,C,142,4
92.3586812088382,72,36.41155062709,35.58844937291,0,I,143,4
77.1989837433917,57.3232071692809,36.5686617605388,20.7545454087421,0,C,144,4
49.429399330196,72,36.8012355454266,12.6281637847693,1,I,145,4
60.5388453213871,72,36.8691319786012,23.6697133427859,1,C,146,4
77.2105130776067,72,37.017300655134,34.982699344866,0,I,147,4
39.2308954012753,72,37.0346618117765,2.19623358949882,1,C,148,4
140.233549546606,72,37.9414923582226,34.0585076417774,0,I,149,4
41.2245244720769,72,38.3713021036238,2.85322236845313,1,C,150,4
209.646472928715,72,38.4575382806361,33.5424617193639,0,I,151,4
71.5524300520589,72,38.8674556324258,32.684974419633,1,C,152,4
52.8541295474494,72,39.0207166783512,13.8334128690982,1,I,153,4
39.5640160058686,72,39.4646170875058,0.0993989183628472,1,C,154,4
57.2431485351011,39.9320343652513,39.4846586370841,0.447375728167259,0,I,155,4
69.7811824095928,72,39.4868079107255,30.2943744988673,1,C,156,4
137.398736526517,72,39.4895665626973,32.5104334373027,0,I,157,4
48.8965436467849,72,39.8847865546122,9.01175709217262,1,C,158,4
48.1686510645029,72,40.2595481229946,7.90910294150825,1,I,159,4
57.0654255621775,72,40.8060032408685,16.2594223213091,1,C,160,4
102.443798497169,72,40.9994165506214,31.0005834493786,0,I,161,4
45.8957775970132,72,41.5529433684424,4.3428342285708,1,C,162,4
43.3253930452194,48.7432252902825,42.122673955746,1.2027190894734,1,I,163,4
46.2645864432034,72,42.3254341632128,3.93915227999059,1,C,164,4
180.609365452584,72,42.6742411963642,29.3257588036358,0,I,165,4
53.8178781902214,72,42.9853778611869,10.8325003290346,1,C,166,4
50.3802544679813,72,43.2073113368824,7.17294313109883,1,I,167,4
45.0110941323784,72,43.614755300805,1.39633883157348,1,C,168,4
106.983305518819,72,43.7315113563091,28.2684886436909,0,I,169,4
55.5806976286353,72,44.1907196072862,11.3899780213491,1,C,170,4
46.5763405931602,72,44.3829386914149,2.19340190174527,1,I,171,4
68.9206053060842,72,44.9250161508098,23.9955891552744,1,C,172,4
104.911189550696,72,45.1204962283373,26.8795037716627,0,I,173,4
50.8069672364905,72,45.3506450587884,5.45632217770215,1,C,174,4
136.280866259979,72,45.3614246612415,26.6385753387585,0,I,175,4
60.6056929632012,72,45.4566508485004,15.1490421147008,1,C,176,4
114.066685399474,72,45.585110289976,26.414889710024,0,I,177,4
50.9250038810935,72,45.6263376167044,5.29866626438913,1,C,178,4
52.5023300633891,72,45.6503212591633,6.8520088042258,1,I,179,4
51.9231684020169,72,45.6879466585815,6.23522174343543,1,C,180,4
173.964943960211,72,45.6881922762841,26.3118077237159,0,I,181,4
55.9692408519258,72,46.6463939566165,9.3228468953093,1,C,182,4
177.65653546625,72,46.6820764867589,25.3179235132411,0,I,183,4
60.2087706904324,72,46.946000251919,13.2627704385133,1,C,184,4
74.1442363123972,72,47.400075676851,24.599924323149,0,I,185,4
52.7156993096468,72,47.7342424029484,4.98145690669835,1,C,186,4
274.778824014615,72,48.4790815366432,23.5209184633568,0,I,187,4
54.6196101656126,72,48.8184667378664,5.80114342774618,1,C,188,4
77.8320760513467,72,48.9031852874905,23.0968147125095,0,I,189,4
67.4459701160691,72,49.0339277079329,18.4120424081362,1,C,190,4
69.2329094853238,72,49.3758960999548,19.857013385369,1,I,191,4
89.9057158782518,72,49.534729141742,22.465270858258,0,C,192,4
135.713669843926,72,49.6378198591992,22.3621801408008,0,I,193,4
83.272057544484,72,49.6603657538071,22.3396342461929,0,C,194,4
246.664287350398,72,49.8900201637298,22.1099798362702,0,I,195,4
55.0852773902473,72,49.961442318745,5.12383507150231,1,C,196,4
74.4730849259252,72,49.9844463961199,22.0155536038801,0,I,197,4
52.1716981825549,72,50.1737087219954,1.99798946055951,1,C,198,4
71.1920285232617,72,50.3073952998966,20.8846332233651,1,I,199,4
52.6635467014385,72,50.3959796391428,2.2675670622957,1,C,200,4
143.440891893241,72,50.5224807187915,21.4775192812085,0,I,201,4
85.9843580533583,72,50.5389519268647,21.4610480731353,0,C,202,4
608.265260973985,72,50.5755258724093,21.4244741275907,0,I,203,4
59.291299891468,72,50.8869999367744,8.40429995469365,1,C,204,4
75.7645913691207,58.6929856573491,51.1244870536029,7.56849860374619,0,I,205,4
103.056327975015,72,51.2302055815235,20.7697944184765,0,C,206,4
55.9215022963948,72,51.6758672241122,4.24563507228265,1,I,207,4
53.6432264149222,72,51.9564744411036,1.6867519738186,1,C,208,4
85.4034429477913,72,52.0999298896641,19.9000701103359,0,I,209,4
59.2725021551029,72,52.2001450276002,7.07235712750262,1,C,210,4
63.4457652034697,66.9622469308661,52.5605769641697,10.8851882392999,1,I,211,4
55.1359134921893,72,52.9443667363375,2.19154675585174,1,C,212,4
190.400588222204,72,53.6242172727361,18.3757827272639,0,I,213,4
59.798434108213,72,53.6433323705569,6.15510173765608,1,C,214,4
324.826576487015,72,53.769343723543,18.230656276457,0,I,215,4
99.4344578881002,72,54.4416982261464,17.5583017738536,0,C,216,4
56.0118436563764,72,54.7128249378875,1.2990187184889,1,I,217,4
65.9635322085794,72,54.7231985908002,11.2403336177792,1,C,218,4
395.815280202022,72,54.7289244504646,17.2710755495355,0,I,219,4
62.5364497859901,72,55.1483056833968,7.38814410259338,1,C,220,4
76.1951326958222,72,55.6157552869991,16.384244713001,0,I,221,4
63.1315592062066,72,55.7875638082624,7.3439953979442,1,C,222,4
258.65827304849,72,56.609699469991,15.390300530009,0,I,223,4
62.840392534829,72,56.8255755538121,6.01481698101689,1,C,224,4
82.1093594836586,72,57.0148297213018,14.9851702786982,0,I,225,4
58.0995760949672,72,57.1235413989052,0.976034696061936,1,C,226,4
186.330060814629,72,57.8470459068194,14.1529540931806,0,I,227,4
64.1558675883002,72,57.9083283897489,6.24753919855131,1,C,228,4
69.7286946673699,72,58.0891098640859,11.639584803284,1,I,229,4
59.7629809015094,72,58.4911411441863,1.27183975732309,1,C,230,4
74.4943923130755,72,58.8159685023129,13.1840314976871,0,I,231,4
67.7914955802137,72,58.9320309553295,8.85946462488419,1,C,232,4
76.5251535797039,72,58.9633041853085,13.0366958146915,0,I,233,4
61.4162890520713,72,59.0542806498706,2.36200840220064,1,C,234,4
117.59325107999,72,59.1989037953317,12.8010962046683,0,I,235,4
78.6353325168977,72,0.269046016037464,71.7309539839625,0,I,1,5
16.8056948404933,72,0.672136838547885,16.1335580019454,1,C,2,5
22.1062837387068,72,0.737639497965574,21.3686442407412,1,I,3,5
9.3213977972121,72,0.950735611841083,8.37066218537101,1,C,4,5
94.7898427222965,72,0.978237264789641,71.0217627352104,0,I,5,5
4.69708394796603,2.93533965717515,1.08635389711708,1.84898576005807,0,C,6,5
125.407939833608,72,1.26208830624819,70.7379116937518,0,I,7,5
18.8601320879591,72,1.27485120669007,17.585280881269,1,C,8,5
51.8692705540188,72,1.2811156315729,50.5881549224459,1,I,9,5
5.19884388819001,72,1.38450889382511,3.8143349943649,1,C,10,5
18.0121547417061,72,1.5195376239717,16.4926171177344,1,I,11,5
25.9426911720977,72,1.60689117852598,24.3357999935717,1,C,12,5
29.4606398118271,72,2.30349109042436,27.1571487214027,1,I,13,5
15.0037272096624,72,2.32224945444614,12.6814777552163,1,C,14,5
55.8992660536287,30.4086495784431,3.04525775369257,27.3633918247505,0,I,15,5
17.2489089386213,72,3.20568559225649,14.0432233463648,1,C,16,5
53.806408258514,72,4.07921807840467,49.7271901801093,1,I,17,5
10.0092120931805,72,4.29993698839098,5.70927510478949,1,C,18,5
12.5072169316173,7.74884477677861,4.30838837753981,3.4404563992388,0,I,19,5
24.9595776439801,72,4.57505414262414,20.384523501356,1,C,20,5
123.670675552913,72,4.96721494942904,67.032785050571,0,I,21,5
13.3216920554279,72,5.04380073398352,8.27789132144439,1,C,22,5
7.18965565617636,72,5.38446744438261,1.80518821179375,1,I,23,5
23.9678373349088,72,5.72755617555231,18.2402811593565,1,C,24,5
16.6194377648072,72,5.91242885682732,10.7070089079799,1,I,25,5
33.8718022722592,72,6.24923423398286,27.6225680382764,1,C,26,5
100.730256573111,72,6.31564275361598,65.684357246384,0,I,27,5
7.90159101793214,72,6.42643504310399,1.47515597482814,1,C,28,5
410.349436909454,72,6.66817519348115,65.3318248065189,0,I,29,5
9.11311293056465,72,6.78523612674326,2.32787680382139,1,C,30,5
70.2549305645131,72,6.93594323471189,63.3189873298012,1,I,31,5
12.851868710692,72,7.21043578349054,5.64143292720151,1,C,32,5
53.2872570896105,72,7.33568685594946,45.951570233661,1,I,33,5
13.3505676136655,72,7.80905299354345,5.54151462012208,1,C,34,5
129.966861180344,72,8.15111224539578,63.8488877546042,0,I,35,5
9.19321122099335,72,8.24538323096931,0.947827990024041,1,C,36,5
22.6406517927748,72,8.3971482468769,14.2435035458979,1,I,37,5
14.0721787398515,72,9.03931898530573,5.03285975454582,1,C,38,5
313.439886975931,72,9.41424773074687,62.5857522692531,0,I,39,5
11.1160975789335,72,9.57471933681518,1.5413782421183,1,C,40,5
20.0610894444666,72,10.0116165122017,10.0494729322649,1,I,41,5
23.3429970986831,72,10.2905420819297,13.0524550167533,1,C,42,5
22.0685329556363,72,10.6576357455924,11.4108972100439,1,I,43,5
28.3459018680631,72,11.8073595967144,16.5385422713487,1,C,44,5
74.6313904748531,72,12.6083277119324,59.3916722880676,0,I,45,5
44.8799696872858,72,12.8077687975019,32.0722008897839,1,C,46,5
13.9761077603638,72,12.8633603453636,1.11274741500013,1,I,47,5
34.1025229357678,72,12.8755029849708,21.227019950797,1,C,48,5
56.2476962985287,72,12.9290412319824,43.3186550665463,1,I,49,5
13.9126714180002,72,12.9840833600611,0.928588057939178,1,C,50,5
20.9235869121575,72,13.7697057891637,7.15388112299382,1,I,51,5
19.0492973640162,72,14.4656111067161,4.58368625730012,1,C,52,5
106.359697875805,72,14.553102767095,57.446897232905,0,I,53,5
35.0865356094192,72,14.7129203472286,20.3736152621906,1,C,54,5
65.3649822028976,72,14.794780081138,50.5702021217596,1,I,55,5
25.6271106910063,72,15.0394253432751,10.5876853477312,1,C,56,5
131.108702974538,72,15.044765342027,56.9552346579731,0,I,57,5
68.6285866371908,72,15.4208495188504,53.2077371183404,1,C,58,5
69.0488207755271,72,15.7488825917244,53.2999381838027,1,I,59,5
23.4934793196983,72,16.3507110765204,7.14276824317794,1,C,60,5
25.000657841988,72,16.6522758733481,8.34838196863991,1,I,61,5
21.7479085414174,72,16.9076961977407,4.84021234367667,1,C,62,5
133.088147186329,72,19.016151856631,52.983848143369,0,I,63,5
37.0296409596285,72,19.1364959394559,17.8931450201726,1,C,64,5
205.756253350103,72,19.4263082183898,52.5736917816103,0,I,65,5
26.934858329194,72,19.7337542613968,7.20110406779714,1,C,66,5
25.0056660390682,72,19.7696133563295,5.23605268273864,1,I,67,5
21.9488217237392,72,19.7697846684605,2.17903705527868,1,C,68,5
29.5881761897926,72,20.3068222571164,9.28135393267613,1,I,69,5
42.4849457308649,72,20.8639042591676,21.6210414716972,1,C,70,5
41.5072380007213,72,22.2215161984786,19.2857218022426,1,I,71,5
26.599177947742,72,22.2949636727571,4.30421427498484,1,C,72,5
37.2207662269134,72,22.3672849405557,14.8534812863577,1,I,73,5
48.5761986430219,72,22.4299297621474,26.1462688808745,1,C,74,5
60.2991144391892,72,22.5174058740959,37.7817085650934,1,I,75,5
34.6332804717206,72,22.7471362520009,11.8861442197196,1,C,76,5
44.0293390234331,72,23.6383971758187,20.3909418476144,1,I,77,5
62.6781429910124,72,23.7616685405374,38.916474450475,1,C,78,5
56.156912382057,72,23.9267538534477,32.2301585286092,1,I,79,5
59.8689159579902,72,24.4829279277474,35.3859880302428,1,C,80,5
87.8817833928152,72,24.6586452936754,47.3413547063246,0,I,81,5
68.206164373002,72,24.8767151869833,43.3294491860187,1,C,82,5
54.2560796838035,72,25.488405986689,28.7676736971145,1,I,83,5
44.9135568000575,38.9108925926445,25.6618342967704,13.2490582958741,0,C,84,5
55.9875303728039,72,26.2045340007171,29.7829963720868,1,I,85,5
35.583101296102,72,26.2299205502495,9.35318074585246,1,C,86,5
109.712089675322,72,26.6099390666932,45.3900609333068,0,I,87,5
33.0208185583338,72,26.7229876946658,6.29783086366805,1,C,88,5
91.9024878804331,72,26.935252812691,45.064747187309,0,I,89,5
27.050316976756,72,26.9869376113638,0.0633793653921406,1,C,90,5
119.189064394304,72,27.1661857422441,44.8338142577559,0,I,91,5
31.3729618461864,72,27.1962955500931,4.1766662960933,1,C,92,5
52.9605974594194,72,27.4863450229168,25.4742524365026,1,I,93,5
30.0167827149334,72,27.8688402101398,2.14794250479363,1,C,94,5
66.7245394805076,72,27.9965111101046,38.728028370403,1,I,95,5
39.2475602861621,72,28.0734982341528,11.1740620520093,1,C,96,5
46.9500791655324,72,29.3570946995169,17.5929844660155,1,I,97,5
31.364252811681,72,29.9244635738432,1.43978923783774,1,C,98,5
33.4149747198673,72,30.096535035409,3.31843968445826,1,I,99,5
30.4897265160811,72,30.1578027941287,0.33192372195246,1,C,100,5
35.0063429746483,72,30.3745258972049,4.63181707744337,1,I,101,5
36.8514322128209,72,30.401715086773,6.44971712604789,1,C,102,5
77.0435077946477,72,30.4707477847114,41.5292522152886,0,I,103,5
38.1570673583637,72,30.8287964947522,7.32827086361153,1,C,104,5
55.7496382448847,72,31.0600640438497,24.689574201035,1,I,105,5
66.0349229179631,72,31.0950921708718,34.9398307470913,1,C,106,5
57.4186000322789,72,31.2054489506409,26.213151081638,1,I,107,5
34.220148579751,72,31.2097214721143,3.01042710763666,1,C,108,5
73.394951345653,72,31.2152543384582,40.7847456615418,0,I,109,5
54.8468737705888,72,31.3632543152198,23.483619455369,1,C,110,5
40.023795612467,72,32.5198759976774,7.50391961478955,1,I,111,5
37.2822229817928,72,32.5779766961932,4.70424628559962,1,C,112,5
43.3342488760786,72,32.5922441203147,10.7420047557639,1,I,113,5
34.385725792145,72,32.9096284601837,1.4760973319613,1,C,114,5
52.7061742625918,72,32.9968737624586,19.7093005001332,1,I,115,5
41.814953204744,72,33.1177612580359,8.69719194670815,1,C,116,5
49.5736631885767,72,33.2529306784272,16.3207325101495,1,I,117,5
36.3541604824598,72,33.3549621608108,2.999198321649,1,C,118,5
224.323703929399,72,33.7435626424849,38.2564373575151,0,I,119,5
52.8728752545692,72,33.9580053370446,18.9148699175246,1,C,120,5
81.1257032676211,72,34.0084697585553,37.9915302414447,0,I,121,5
49.6568873458378,72,34.5820148661733,15.0748724796645,1,C,122,5
38.3414136014201,72,34.5991388848051,3.74227471661491,1,I,123,5
39.7076611859428,58.4419564996011,35.2341765956953,4.47348459024746,1,C,124,5
74.1207851998988,72,35.2861740114167,36.7138259885833,0,I,125,5
54.4158388040142,72,35.5982095655054,18.8176292385088,1,C,126,5
305.333572267737,72,35.8056019200012,36.1943980799988,0,I,127,5
53.768066177366,72,35.8894860651344,17.8785801122316,1,C,128,5
94.0714891176585,72,36.3529951544479,35.6470048455522,0,I,129,5
41.6912712538034,72,36.4760326361284,5.21523861767501,1,C,130,5
206.267573381706,72,36.5555757656693,35.4444242343307,0,I,131,5
48.7352050609872,72,36.73145997338,12.0037450876072,1,C,132,5
172.368017421235,72,36.7382709123194,35.2617290876806,0,I,133,5
55.7847077850119,72,36.8238096311688,18.9608981538431,1,C,134,5
83.173174001391,72,36.8392557324842,35.1607442675158,0,I,135,5
39.4786469829343,72,36.9682775018737,2.51036948106059,1,C,136,5
175.519878081772,72,37.0029162615538,34.9970837384462,0,I,137,5
59.5389373105113,72,37.0189318573102,22.5200054532011,1,C,138,5
132.050103387027,72,37.1496309293434,34.8503690706566,0,I,139,5
63.1994536084482,72,37.3934612888843,25.8059923195639,1,C,140,5
81.2893457112682,72,37.525300369598,34.474699630402,0,I,141,5
73.4619960832671,72,37.6663529220969,34.3336470779032,0,C,142,5
64.7102204785705,72,38.1022104620934,26.6080100164772,1,I,143,5
49.9647634427133,72,38.2521834690124,11.7125799737009,1,C,144,5
314.276163726058,72,38.2549876905978,33.7450123094022,0,I,145,5
47.6968860555475,72,38.5816667648032,9.11521929074428,1,C,146,5
48.7479846250066,72,38.6468463717029,10.1011382533038,1,I,147,5
49.3807177299733,72,38.6485275719315,10.7321901580418,1,C,148,5
143.45035962713,72,39.1671755723655,32.8328244276345,0,I,149,5
40.4351544437019,72,39.7363401576877,0.698814286014256,1,C,150,5
191.156013208135,72,39.8057371331379,32.1942628668621,0,I,151,5
47.6754524997887,72,40.2824647771195,7.3929877226692,1,C,152,5
207.211248227462,72,40.3703091759235,31.6296908240765,0,I,153,5
43.5112386889579,72,40.575366569683,2.93587211927495,1,C,154,5
86.1766423509777,72,40.6187386298552,31.3812613701448,0,I,155,5
56.7787599891461,72,40.7843474904075,15.9944124987385,1,C,156,5
53.215292603038,72,40.8225768478587,12.3927157551793,1,I,157,5
79.7139126587873,72,40.9942501410842,31.0057498589158,0,C,158,5
84.5623241341059,72,41.5524240676314,30.4475759323686,0,I,159,5
48.8615608366959,72,41.8232423113659,7.03831852533,1,C,160,5
45.6892778700669,72,41.8409898877144,3.84828798235249,1,I,161,5
46.665880229344,72,41.9034112337977,4.76246899554633,1,C,162,5
95.9461432379786,72,41.9513314962387,30.0486685037613,0,I,163,5
49.4878820966485,72,42.0758293010294,7.41205279561905,1,C,164,5
225.54322932738,72,42.6293965475634,29.3706034524366,0,I,165,5
44.7203116690179,72,42.6363410521299,2.08397061688802,1,C,166,5
100.559853579771,72,42.7012554975227,29.2987445024774,0,I,167,5
46.0920282948467,72,42.9401402408257,3.15188805402094,1,C,168,5
140.619244066269,72,43.0465967115015,28.9534032884985,0,I,169,5
44.7021118284408,72,43.5759408026934,1.12617102574744,1,C,170,5
79.3165275973952,72,43.5763765359297,28.4236234640703,0,I,171,5
48.2591075773317,72,44.2523594386876,4.00674813864409,1,C,172,5
132.223277793092,72,45.0155528727919,26.9844471272081,0,I,173,5
67.2818537654672,66.1216320446398,45.207371301949,20.9142607426908,0,C,174,5
289.287188579182,72,45.4431666294113,26.5568333705887,0,I,175,5
49.5030122245645,72,45.4498409014195,4.05317132314495,1,C,176,5
99.9814396124356,72,45.8760597277433,26.1239402722567,0,I,177,5
57.6391000546855,72,45.9506791876629,11.6884208670226,1,C,178,5
55.8845219878873,72,45.9692444046959,9.91527758319135,1,I,179,5
55.2580185645416,72,45.9763715788722,9.28164698566938,1,C,180,5
132.924935326707,72,46.0853177960962,25.9146822039038,0,I,181,5
60.6529224408602,72,46.2593583762646,14.3935640645957,1,C,182,5
74.5553921603222,72,46.3328751828522,25.6671248171479,0,I,183,5
51.3225922504437,72,46.3397866208106,4.98280562963311,1,C,184,5
82.6271223613752,72,46.678717341274,25.321282658726,0,I,185,5
49.6019303434498,72,46.7578068282455,2.84412351520423,1,C,186,5
53.7985357421764,72,46.8050719890744,6.99346375310202,1,I,187,5
56.9175515373651,72,47.2412433894351,9.67630814792996,1,C,188,5
61.8690826939969,72,47.3657211894169,14.5033615045799,1,I,189,5
50.9222780497494,72,47.7772762952372,3.14500175451219,1,C,190,5
55.4191934482122,72,48.1036673393101,7.31552610890215,1,I,191,5
55.9232460451492,72,48.4010217245668,7.52222432058237,1,C,192,5
108.605484390443,72,48.4829331608489,23.5170668391511,0,I,193,5
49.1535931793046,72,48.8134657451883,0.34012743411633,1,C,194,5
77.4518411541042,72,49.5218594837934,22.4781405162066,0,I,195,5
65.6085420615673,63.1907247404784,50.1382357953116,13.0524889451668,0,C,196,5
312.075572773971,72,50.3058334439993,21.6941665560007,0,I,197,5
52.6283759354762,72,50.9932453930378,1.6351305424384,1,C,198,5
73.4996959069272,72,51.017616391182,20.9823836088181,0,I,199,5
89.5857004428074,72,51.0524308355525,20.9475691644475,0,C,200,5
111.404710729834,72,51.0637600533664,20.9362399466336,0,I,201,5
84.6132808501677,72,51.5181008493528,20.4818991506472,0,C,202,5
89.8328309472429,72,51.7512764269486,20.2487235730514,0,I,203,5
64.9476080845956,72,51.9304883200675,13.0171197645281,1,C,204,5
74.0792167977638,72,52.0773265091702,19.9226734908298,0,I,205,5
68.6836869006482,72,52.1356286387891,16.5480582618592,1,C,206,5
95.4681848951257,72,52.4104008637369,19.5895991362631,0,I,207,5
79.3969660255801,72,52.9416384827346,19.0583615172654,0,C,208,5
185.73861042832,72,52.9755768366158,19.0244231633842,0,I,209,5
54.5060316905701,72,53.2411211449653,1.26491054560484,1,C,210,5
70.2693998966625,72,53.3153348928317,16.9540650038307,1,I,211,5
54.0816024777597,72,53.3225330756977,0.759069402061928,1,C,212,5
67.8978352834207,72,53.3895470201969,14.5082882632238,1,I,213,5
63.3370915461154,72,53.5488658910617,9.78822565505365,1,C,214,5
365.015254764279,72,53.5491237184033,18.4508762815967,0,I,215,5
70.1152218576936,72,53.7309850752354,16.3842367824582,1,C,216,5
200.6341675479,72,53.9835808239877,18.0164191760123,0,I,217,5
55.6656950394252,72,54.1033074539155,1.56238758550976,1,C,218,5
106.051820886921,72,54.2339129559696,17.7660870440304,0,I,219,5
55.7149134266908,72,54.9212604342029,0.793652992487897,1,C,220,5
75.8764852283334,72,55.109099233523,16.890900766477,0,I,221,5
58.3362199885742,72,55.3268880955875,3.00933189298673,1,C,222,5
90.4974736364934,72,55.3552194451913,16.6447805548087,0,I,223,5
65.2307506481784,72,55.3762028552592,9.8545477929192,1,C,224,5
57.5655972498192,72,55.7068127626553,1.85878448716391,1,I,225,5
56.2732505440394,58.0561052166817,55.7473803218454,0.525870222193978,1,C,226,5
174.441546363965,72,55.9866524767131,16.0133475232869,0,I,227,5
71.2813005143569,72,56.1418989859521,15.1394015284047,1,C,228,5
112.171319943508,72,56.3630744023249,15.6369255976751,0,I,229,5
89.4939905133665,72,56.3958446541801,15.6041553458199,0,C,230,5
230.251486859433,72,56.5415669186041,15.4584330813959,0,I,231,5
62.0829271281566,72,56.711152321659,5.37177480649756,1,C,232,5
124.134176289963,72,56.8021698435769,15.1978301564232,0,I,233,5
76.2581760884262,72,57.2018880257383,14.7981119742617,0,C,234,5
69.0472820317566,72,57.2245573997498,11.8227246320069,1,I,235,5
70.8357941992173,72,57.3700328869745,13.4657613122428,1,C,236,5
60.8400136713935,72,57.5978734670207,3.24214020437276,1,I,237,5
72.6664457214511,72,57.6041993033141,14.3958006966859,0,C,238,5
95.8775321480605,72,57.8418389009312,14.1581610990688,0,I,239,5
69.6362222494179,72,57.9912122804672,11.6450099689507,1,C,240,5
190.636677043021,72,58.2365143904463,13.7634856095538,0,I,241,5
66.1308607176662,72,58.318457454443,7.81240326322318,1,C,242,5
58.939115419024,72,58.6179353250191,0.321180094004964,1,I,243,5
59.7655772210481,72,59.0761372447014,0.689439976346745,1,C,244,5
138.748111442877,72,59.2721714777872,12.7278285222128,0,I,245,5
80.4145109723577,72,59.2830308759585,12.7169691240415,0,C,246,5
75.9403172377531,72,59.653142709285,12.346857290715,0,I,247,5
69.669472317902,72,59.6631903480738,10.0062819698282,1,C,248,5
176.429190704172,72,59.7269140603021,12.2730859396979,0,I,249,5
70.072159001676,72,59.8631462780759,10.2090127236001,1,C,250,5
1.14158636059976,72,0.0188602600246668,1.12272610057509,1,C,1,6
39.0953267705307,72,0.360675221309066,38.7346515492216,1,I,2,6
5.35140587570447,72,0.488198683597148,4.86320719210732,1,C,3,6
69.6277124873646,72,0.587805141694844,69.0399073456698,1,I,4,6
17.6161176308728,72,0.655407831072807,16.9607097998,1,C,5,6
67.5571379176554,72,0.809545707888901,66.7475922097665,1,I,6,6
6.31280523110632,72,1.13435116130859,5.17845406979773,1,C,7,6
50.4673727615579,72,1.25082816928625,49.2165445922717,1,I,8,6
2.03218900639257,72,1.69594617560506,0.33624283078751,1,C,9,6
6.61625005688464,72,1.73826333135366,4.87798672553098,1,I,10,6
36.2152775051986,72,2.02043888624758,34.194838618951,1,C,11,6
64.9269534863128,52.8086922899434,2.326550334692,50.4821419552514,0,I,12,6
28.6061196039587,72,2.83852828200907,25.7675913219497,1,C,13,6
46.1557228470467,72,3.12821775209159,43.0275050949551,1,I,14,6
6.01658662551709,72,3.49937151186168,2.51721511365541,1,C,15,6
79.3024421550231,72,3.65726485848427,68.3427351415157,0,I,16,6
10.2544604927598,72,3.83908860851079,6.41537188424896,1,C,17,6
101.592953826465,72,3.92725618556142,68.0727438144386,0,I,18,6
35.1440846536065,72,3.93546593841165,31.2086187151948,1,C,19,6
107.986004081597,72,4.02568444143981,67.9743155585602,0,I,20,6
23.0737947626547,36.891352278013,4.02927981689572,19.0445149457589,1,C,21,6
44.2079380468847,72,4.12593673914671,40.082001307738,1,I,22,6
10.9205968498155,72,4.26793924067169,6.65265760914379,1,C,23,6
11.1232593796947,72,4.35693760402501,6.7663217756697,1,I,24,6
21.567800463971,72,4.37495106831193,17.1928493956591,1,C,25,6
33.5749697974809,72,4.51614952180535,29.0588202756756,1,I,26,6
43.4148232838439,72,4.5788915315643,38.8359317522796,1,C,27,6
29.7811799623374,72,4.73048175685108,25.0506982054863,1,I,28,6
33.2913780432491,72,4.73778863903135,28.5535894042178,1,C,29,6
11.5063158839932,72,4.7767878184095,6.72952806558368,1,I,30,6
38.6176828000213,72,5.32147788908333,33.296204910938,1,C,31,6
155.354939224945,72,6.01490098983049,65.9850990101695,0,I,32,6
30.7487866340175,72,6.01943761110306,24.7293490229145,1,C,33,6
55.2976980366181,72,6.26914420165122,49.0285538349668,1,I,34,6
35.021603913256,72,6.62192459218204,28.399679321074,1,C,35,6
58.9140876465986,10.7121476224051,6.80291972123087,3.90922790117425,0,I,36,6
46.1250480679627,72,7.08813715260476,39.036910915358,1,C,37,6
51.684323764805,72,7.18808895908296,44.496234805722,1,I,38,6
16.1617317786108,72,7.78360501863062,8.37812675998015,1,C,39,6
220.41287506715,72,8.01539564039558,63.9846043596044,0,I,40,6
16.0007699250827,72,8.03244853857905,7.96832138650366,1,C,41,6
95.6357772157913,72,8.2640821672976,63.7359178327024,0,I,42,6
10.4533337201721,72,8.77872195560485,1.67461176456724,1,C,43,6
99.9601032797308,72,8.96054451819509,63.0394554818049,0,I,44,6
16.5577004706078,72,9.13333247881383,7.424367991794,1,C,45,6
29.1688550037172,72,9.18571839574724,19.9831366079699,1,I,46,6
9.39415350800653,72,9.26811602432281,0.126037483683723,1,C,47,6
87.6723660964469,72,9.51336034107953,62.4866396589205,0,I,48,6
21.4639518989744,72,9.88068006467074,11.5832718343037,1,C,49,6
38.3964992000904,72,9.982676259242,28.4138229408484,1,I,50,6
19.1911440882445,72,10.1359461899847,9.05519789825979,1,C,51,6
38.7251902060773,72,10.3578959405422,28.3672942655351,1,I,52,6
12.4409974830239,72,10.374343469739,2.06665401328494,1,C,53,6
82.3962648021954,72,10.5810193531215,61.4189806468785,0,I,54,6
22.4359606360612,37.719066136709,10.8769061230123,11.5590545130489,1,C,55,6
174.848242146398,72,11.1435117200017,60.8564882799983,0,I,56,6
38.8724713772258,72,11.1711063282564,27.7013650489694,1,C,57,6
47.4455666991838,72,11.7509701615199,35.6945965376639,1,I,58,6
19.7197290487253,72,11.7606011638418,7.95912788488348,1,C,59,6
54.9763832322872,72,12.0790423778817,42.8973408544055,1,I,60,6
53.1495829914778,72,12.2498278878629,40.8997551036149,1,C,61,6
58.5849218197529,72,12.8267871262506,45.7581346935024,1,I,62,6
47.3943092045568,72,14.1391600202769,33.2551491842799,1,C,63,6
89.9650357462144,72,14.2103809956461,57.7896190043539,0,I,64,6
36.5130643081797,40.3058531438263,14.2765597114339,22.2365045967458,1,C,65,6
27.467273996828,72,14.7424733592197,12.7248006376082,1,I,66,6
21.9940467615213,72,14.8798060230911,7.1142407384302,1,C,67,6
63.6095254998464,72,15.0996373733506,48.5098881264959,1,I,68,6
22.0502384747665,72,16.051282742992,5.9989557317745,1,C,69,6
53.6488528098675,72,16.110132210888,37.5387205989795,1,I,70,6
100.282243991237,72,16.1779165221378,55.8220834778622,0,C,71,6
200.314732639015,72,16.609501359053,55.3904986409471,0,I,72,6
21.7497454198217,72,16.653054705821,5.09669071400075,1,C,73,6
68.954106170735,72,17.5325790653005,51.4215271054345,1,I,74,6
17.7358913760161,72,17.5608144002035,0.17507697581259,1,C,75,6
53.8974310796924,72,18.1816444639117,35.7157866157807,1,I,76,6
34.2832049820426,72,18.2711752178147,16.0120297642279,1,C,77,6
34.829375527245,72,18.5412142938003,16.2881612334447,1,I,78,6
24.1849363537568,72,18.7401781417429,5.44475821201384,1,C,79,6
26.3450298354055,72,18.8644827716053,7.48054706380021,1,I,80,6
35.5330890367792,72,18.9759496087208,16.5571394280584,1,C,81,6
118.601928261081,72,19.1045139776543,52.8954860223457,0,I,82,6
52.2129075190362,72,19.1438966291025,33.0690108899337,1,C,83,6
161.254002372858,72,19.1515518492088,52.8484481507912,0,I,84,6
43.2923106695253,72,19.175710324198,24.1166003453273,1,C,85,6
181.034611343256,72,19.641717444174,52.358282555826,0,I,86,6
39.1628337947504,72,20.1417113374919,19.0211224572585,1,C,87,6
25.9522324679566,72,20.9094316000119,5.04280086794471,1,I,88,6
34.1672439442288,72,20.9106496302411,13.2565943139877,1,C,89,6
22.9178961880626,72,21.0401630261913,1.87773316187127,1,I,90,6
60.7998084757732,72,21.2183006247506,39.5815078510227,1,C,91,6
23.8717466845303,72,21.4837503153831,2.38799636914722,1,I,92,6
29.3089816385398,72,21.5994017897174,7.70957984882246,1,C,93,6
156.099663191263,72,21.7486387537792,50.2513612462208,0,I,94,6
40.7266957564634,72,21.9224047847092,18.8042909717542,1,C,95,6
63.8267062351601,72,22.1848921570927,41.6418140780674,1,I,96,6
22.5662803759992,72,22.3725284216926,0.193751954306601,1,C,97,6
54.0561289291594,72,22.3937007598579,31.6624281693015,1,I,98,6
28.4780121897088,72,22.4073264934123,6.07068569629652,1,C,99,6
28.7764614303899,72,22.4539185874164,6.32254284297345,1,I,100,6
38.0342830893813,72,22.7156652230769,15.3186178663043,1,C,101,6
119.870135382272,72,22.7468270435929,49.2531729564071,0,I,102,6
35.3731438481379,72,23.0733513040468,12.2997925440911,1,C,103,6
95.804455265253,72,23.0978858890012,48.9021141109988,0,I,104,6
46.915488888399,72,23.5326625267044,23.3828263616946,1,C,105,6
101.349135763532,72,23.5360939521343,48.4639060478658,0,I,106,6
57.734765658725,72,23.7247661082074,34.0099995505176,1,C,107,6
71.4345300611822,72,24.1258450085297,47.3086850526525,1,I,108,6
25.4736491169521,31.2644180235734,24.4223477644846,1.0513013524675,1,C,109,6
114.512239364802,69.3900410701569,25.1323366910219,44.257704379135,0,I,110,6
28.0422002430302,49.7536400141461,25.2904866496101,2.7517135934201,1,C,111,6
46.0945727180407,72,25.8260901505128,20.2684825675279,1,I,112,6
41.8660216998127,72,25.8295976137742,16.0364240860384,1,C,113,6
73.6259783231063,72,26.2154735857621,45.7845264142379,0,I,114,6
72.1283827525163,72,26.853888630867,45.146111369133,0,C,115,6
45.3032528125137,72,27.424376453273,17.8788763592407,1,I,116,6
36.8994165651861,72,27.8890152135864,9.01040135159971,1,C,117,6
132.593949462858,72,27.9256932204589,44.0743067795411,0,I,118,6
43.0838595510829,72,28.0388050200418,15.0450545310411,1,C,119,6
54.9429117841959,72,28.0443303426728,26.8985814415231,1,I,120,6
33.731121672529,72,28.2479452947155,5.48317637781351,1,C,121,6
87.8877249821929,72,28.3014041371644,43.6985958628356,0,I,122,6
36.2993838813367,72,28.5055069159716,7.79387696536503,1,C,123,6
87.6712369178487,72,28.7605493562296,43.2394506437704,0,I,124,6
34.5075267372059,72,29.1059271013364,5.40159963586948,1,C,125,6
35.6430529292822,72,29.2699900595471,6.37306286973507,1,I,126,6
43.4101765666095,72,29.9160300381482,13.4941465284613,1,C,127,6
43.833083788433,72,29.9502369901165,13.8828467983165,1,I,128,6
43.5481002921944,72,30.1282204175368,13.4198798746576,1,C,129,6
53.0786973815671,72,30.332163842395,22.7465335391722,1,I,130,6
75.4960787612309,72,30.5737958382815,41.4262041617185,0,C,131,6
49.2766972099679,72,31.1924643209204,18.0842328890475,1,I,132,6
38.8166600060669,72,31.3109391136095,7.50572089245741,1,C,133,6
31.5834674975619,71.6057937963705,31.4200921542943,0.163375343267618,1,I,134,6
37.1861829270497,72,31.5409642551094,5.6452186719403,1,C,135,6
103.790576538555,72,31.6162626771256,40.3837373228744,0,I,136,6
41.6575501716999,72,32.2198876412585,9.43766253044135,1,C,137,6
71.5041074348146,72,32.5028985226527,39.0012089121619,1,I,138,6
49.3608840517236,72,33.4278689604253,15.9330150912983,1,C,139,6
202.207990030569,72,33.6865973286331,38.3134026713669,0,I,140,6
37.9460941162022,72,33.7111314246431,4.23496269155907,1,C,141,6
173.420356584369,72,34.0519471652806,37.9480528347194,0,I,142,6
54.0135204855672,72,34.075539750047,19.9379807355202,1,C,143,6
121.266747249574,72,34.1178889945149,37.8821110054851,0,I,144,6
46.7140132082493,72,34.2909107822925,12.4231024259568,1,C,145,6
99.9142174710138,72,34.4351214542985,37.5648785457015,0,I,146,6
36.6417857947352,72,34.7332871519029,1.90849864283229,1,C,147,6
123.178858769822,72,36.4212755486369,35.5787244513631,0,I,148,6
49.5943213967793,72,36.4929323131219,13.1013890836574,1,C,149,6
177.715855665329,72,36.710469215177,35.289530784823,0,I,150,6
39.9097305348889,72,36.8584275897592,3.05130294512967,1,C,151,6
57.3852880978675,72,36.9025488803163,20.4827392175512,1,I,152,6
39.3523458243149,72,37.3768834630027,1.97546236131219,1,C,153,6
159.314234114842,72,37.8374846465886,34.1625153534114,0,I,154,6
45.5041902164077,72,37.9434829764068,7.5607072400009,1,C,155,6
101.213857305506,72,37.9680201597512,34.0319798402488,0,I,156,6
51.3702886213853,72,38.2326992880553,13.13758933333,1,C,157,6
60.1899912532749,72,38.4423135593534,21.7476776939215,1,I,158,6
54.4931937434336,72,38.4503786824644,16.0428150609693,1,C,159,6
270.155649318504,72,38.6179715814069,33.3820284185931,0,I,160,6
78.6339866140947,72,38.918879404664,33.081120595336,0,C,161,6
138.808163141841,72,38.9385054493323,33.0614945506677,0,I,162,6
47.7448876048397,72,39.1761738527566,8.56871375208311,1,C,163,6
94.9729324714461,72,39.3501527002081,32.6498472997919,0,I,164,6
40.0148392063332,72,39.5445858221501,0.470253384183086,1,C,165,6
39.7339183780145,72,39.6590696135536,0.0748487644608672,1,I,166,6
55.7122048091498,72,40.9609720576555,14.7512327514943,1,C,167,6
54.8921220275823,72,40.9967317152768,13.8953903123054,1,I,168,6
42.6788171099059,72,41.2807009695098,1.39811614039617,1,C,169,6
85.5397768501435,72,41.5129328984767,30.4870671015233,0,I,170,6
42.1797699068067,72,41.5709079382941,0.608861968512608,1,C,171,6
49.6483822634916,72,42.2316124616191,7.4167698018725,1,I,172,6
50.3171210734013,72,42.2923996858299,8.02472138757138,1,C,173,6
84.0196021841906,72,42.452357984148,29.547642015852,0,I,174,6
65.8052149289125,72,42.7599233016372,23.0452916272753,1,C,175,6
47.7080851805411,72,43.0205917311832,4.68749344935784,1,I,176,6
55.9240425337154,72,43.0791621375829,12.8448803961325,1,C,177,6
79.6080419883126,72,43.4344044467434,28.5655955532566,0,I,178,6
44.6697925683584,72,43.4807606739923,1.18903189436603,1,C,179,6
95.350536392323,72,43.6087801214308,28.3912198785692,0,I,180,6
47.9504353529143,72,43.7539456039667,4.19648974894762,1,C,181,6
91.6954205582028,72,43.9365879865363,28.0634120134637,0,I,182,6
45.6504499107178,72,44.7363873291761,0.914062581541689,1,C,183,6
86.644496477032,72,44.7960420744494,27.2039579255506,0,I,184,6
49.8122152082123,72,45.2544700540602,4.55774515415205,1,C,185,6
100.413095237713,72,45.4654132761061,26.5345867238939,0,I,186,6
63.9862884771447,72,45.8732274547219,18.1130610224228,1,C,187,6
200.573259986676,72,46.8188056536019,25.1811943463981,0,I,188,6
61.9078164988859,72,46.8688208051026,15.0389956937833,1,C,189,6
71.9897230256073,72,47.0584964565933,24.931226569014,1,I,190,6
48.721711007843,72,47.5670115184039,1.15469948943908,1,C,191,6
77.0818922205254,72,47.6302632177249,24.3697367822751,0,I,192,6
50.8856415244786,72,47.6499525038526,3.23568902062605,1,C,193,6
56.2444485669101,72,47.7944710850716,8.44997748183855,1,I,194,6
49.8634959200719,72,47.8946574870497,1.96883843302223,1,C,195,6
61.7557832861797,72,48.8840706227347,12.871712663445,1,I,196,6
53.9052498138864,72,48.9289189316332,4.97633088225312,1,C,197,6
204.671729217437,72,49.1369782481343,22.8630217518657,0,I,198,6
66.572050634774,72,49.2075083451346,17.3645422896394,1,C,199,6
92.8736741916201,72,49.2164043802768,22.7835956197232,0,I,200,6
63.887540791198,72,49.4602252822369,14.4273155089611,1,C,201,6
98.4894686132755,72,49.5500649372116,22.4499350627884,0,I,202,6
52.8578206541639,72,49.920868864283,2.93695178988089,1,C,203,6
122.386960716369,72,50.240618227981,21.759381772019,0,I,204,6
69.2442219895221,72,50.5738440714777,18.6703779180444,1,C,205,6
63.9380693868647,72,51.058404436335,12.8796649505297,1,I,206,6
56.0500255007394,72,51.3504650909454,4.69956040979398,1,C,207,6
126.385114478857,72,52.0694539183751,19.9305460816249,0,I,208,6
56.3669497029341,72,52.2181263193488,4.14882338358531,1,C,209,6
129.410419284157,72,52.8285475261509,19.1714524738491,0,I,210,6
69.2049851109836,72,52.8906009206548,16.3143841903288,1,C,211,6
107.672589277148,72,53.4870420210064,18.5129579789937,0,I,212,6
75.5401461538495,72,53.6773988977075,18.3226011022925,0,C,213,6
153.317742843814,72,53.7435051519424,18.2564948480576,0,I,214,6
67.326523568914,72,54.1732020210475,13.1533215478665,1,C,215,6
74.6982757676662,72,54.3831276800484,17.6168723199517,0,I,216,6
85.500206075652,72,54.4991224631667,17.5008775368333,0,C,217,6
54.9174345243735,72,54.5067446585745,0.410689865799014,1,I,218,6
57.8044612869381,72,54.6398071898148,3.16465409712334,1,C,219,6
114.750939457578,72,54.6461586467922,17.3538413532078,0,I,220,6
66.6127283051226,72,54.9081379920244,11.7045903130982,1,C,221,6
131.850261315409,72,55.041318484582,16.958681515418,0,I,222,6
100.446432767723,72,55.2948755817488,16.7051244182512,0,C,223,6
160.931746957559,72,55.3752785269171,16.6247214730829,0,I,224,6
62.8157350881404,72,56.2239044671878,6.59183062095254,1,C,225,6
80.4486423236229,72,56.242747977376,15.757252022624,0,I,226,6
63.7968120994514,72,56.4122043829411,7.38460771651029,1,C,227,6
78.4028048753644,72,56.4860306633636,15.5139693366364,0,I,228,6
63.7557726840563,72,56.9705331791192,6.7852395049371,1,C,229,6
78.4074729920737,72,57.1000873250887,14.8999126749113,0,I,230,6
77.849393525116,72,57.2268460225314,14.7731539774686,0,C,231,6
210.600684386538,72,57.7809263812378,14.2190736187622,0,I,232,6
69.7283552460748,72,57.8988463059068,11.829508940168,1,C,233,6
81.9723039887905,72,58.0805274518207,13.9194725481793,0,I,234,6
95.0376902210644,72,58.8835792383179,13.1164207616821,0,C,235,6
61.4402694384716,72,58.9128914102912,2.52737802818037,1,I,236,6
80.7306031363576,72,58.973169378005,13.026830621995,0,C,237,6
142.323872868027,72,59.0282216621563,12.9717783378437,0,I,238,6
64.5492137153506,72,59.1972880996764,5.35192561567417,1,C,239,6
152.06638918838,72,59.3265920877457,12.6734079122543,0,I,240,6
83.9330097992706,72,59.5505459513515,12.4494540486485,0,C,241,6
4.48334747768707,72,0.225731902755797,4.25761557493128,1,C,1,7
79.1129244009364,72,0.527656464837492,71.4723435351625,0,I,2,7
4.66109582206748,72,0.823991359211505,3.83710446285597,1,C,3,7
227.772970894681,72,1.15887688938528,70.8411231106147,0,I,4,7
13.9952393675356,72,1.65580478031188,12.3394345872237,1,C,5,7
43.9764968278666,72,1.93296127952635,42.0435355483403,1,I,6,7
36.5046764630523,72,2.14151356369257,34.3631628993598,1,C,7,7
243.676154476799,72,2.24605425260961,69.7539457473904,0,I,8,7
12.7835502093789,72,2.30848009698093,10.4750701123979,1,C,9,7
12.2144658401662,72,2.37269361969084,9.8417722204754,1,I,10,7
25.6359250046375,31.2012205339994,2.451430731453,23.1844942731845,1,C,11,7
6.2282869457835,72,2.95669144950807,3.27159549627543,1,I,12,7
4.24532259384382,12.0893708784751,3.24334221426398,1.00198037957985,1,C,13,7
61.423837814252,72,3.67033323738724,57.7535045768648,1,I,14,7
30.9182534804944,72,4.156016218476,26.7622372620184,1,C,15,7
37.0829949056313,72,4.3293025251478,32.7536923804835,1,I,16,7
15.5133473253892,72,4.33010471519083,11.1832426101984,1,C,17,7
43.9665339565613,72,4.86133493017405,39.1051990263872,1,I,18,7
5.64059258985762,72,4.95080195367336,0.689790636184256,1,C,19,7
66.8438351121249,72,5.02657416276634,61.8172609493585,1,I,20,7
19.7141040533766,72,5.04451523534954,14.669588818027,1,C,21,7
92.6973744474827,72,5.32789003103972,66.6721099689603,0,I,22,7
9.53893505041019,72,5.38620235864073,4.15273269176946,1,C,23,7
40.8933035978571,72,5.41203148663044,35.4812721112266,1,I,24,7
5.81977820914234,72,5.48922550398856,0.330552705153771,1,C,25,7
95.9132677044687,72,5.55090228561312,66.4490977143869,0,I,26,7
9.93063413531507,72,5.56542336009443,4.36521077522064,1,C,27,7
25.4230922948239,72,5.98541087005287,19.437681424771,1,I,28,7
31.0982362453481,72,6.04917672928423,25.0490595160638,1,C,29,7
25.0836090019515,72,6.08322548680008,19.0003835151514,1,I,30,7
8.83913930165759,72,6.08433710876852,2.75480219288907,1,C,31,7
55.4517588234663,72,6.10512376762927,49.346635055837,1,I,32,7
20.3895457074157,45.4086322753625,6.23639929108322,14.1531464163325,1,C,33,7
16.643500942495,72,6.51976738125086,10.1237335612441,1,I,34,7
8.34031668420533,72,6.66114232968539,1.67917435451994,1,C,35,7
67.5499760382828,72,7.2931226156652,60.2568534226176,1,I,36,7
54.1475573596706,72,7.58499297313392,46.5625643865367,1,C,37,7
25.6059957352078,72,7.80629967804998,17.7996960571578,1,I,38,7
13.5733264607832,72,8.5898301936686,4.98349626711461,1,C,39,7
9.51359131390193,72,8.83953425567597,0.67405705822596,1,I,40,7
11.5705789722352,72,9.00373523589224,2.56684373634298,1,C,41,7
52.647838630799,72,9.09100967925042,43.5568289515486,1,I,42,7
16.7650168223873,72,9.85665620304644,6.90836061934085,1,C,43,7
126.09650061051,72,9.92806829977781,62.0719317002222,0,I,44,7
18.9957632945386,72,10.1156574022025,8.88010589233616,1,C,45,7
187.643283422149,72,10.5575920734555,61.4424079265446,0,I,46,7
18.667013739999,72,10.6088072480634,8.05820649193557,1,C,47,7
54.0159873155291,72,10.7430543098599,43.2729330056693,1,I,48,7
33.9651219183533,72,11.0720487730578,22.8930731452956,1,C,49,7
46.6762173136884,72,11.0737380478531,35.6024792658353,1,I,50,7
65.7052629612365,72,11.2172782374546,54.4879847237819,1,C,51,7
12.1351247240846,72,11.6584091400728,0.476715584011802,1,I,52,7
14.9353562333539,72,11.9646154437214,2.97074078963248,1,C,53,7
43.0405804646916,72,12.1929201018065,30.8476603628851,1,I,54,7
18.7328892659826,72,12.7142521413043,6.01863712467825,1,C,55,7
85.0102730803974,72,12.7518879203126,59.2481120796874,0,I,56,7
14.7456476063777,72,13.0750907678157,1.67055683856202,1,C,57,7
153.82512773221,72,13.2861893903464,58.7138106096536,0,I,58,7
27.1617688062206,72,13.5544059053063,13.6073629009142,1,C,59,7
22.709772771076,72,13.6052327882499,9.10453998282615,1,I,60,7
33.3649270054436,72,13.6254198616371,19.7395071438066,1,C,61,7
67.3016559230153,72,13.64441444166,53.6572414813553,1,I,62,7
20.1052236452073,72,14.062970476225,6.04225316898225,1,C,63,7
153.35991005612,72,14.5451605506241,57.4548394493759,0,I,64,7
16.8154736222827,72,14.8022290505469,2.01324457173581,1,C,65,7
30.6225102378763,72,14.8976879892871,15.7248222485892,1,I,66,7
52.9938867893708,72,15.0849085813388,37.908978208032,1,C,67,7
69.8063811497983,72,15.6970991240814,54.1092820257169,1,I,68,7
53.1320555490068,72,17.1427534008399,35.9893021481669,1,C,69,7
79.0524535989284,72,17.2826046170667,54.7173953829333,0,I,70,7
25.0706527541069,72,17.6597076701,7.41094508400683,1,C,71,7
109.715508889943,72,17.9279852891341,54.0720147108659,0,I,72,7
23.3111565138784,72,18.3015282545239,5.00962825935453,1,C,73,7
42.0524468185389,72,18.6662953672931,23.3861514512458,1,I,74,7
39.4154271379324,72,19.5398953277618,19.8755318101707,1,C,75,7
118.565938914429,72,19.5589113654569,52.4410886345431,0,I,76,7
21.5421962542812,72,19.6461493754759,1.89604687880527,1,C,77,7
118.37584890759,72,20.6580996327102,51.3419003672898,0,I,78,7
31.0697965266959,72,21.0142557509244,10.0555407757715,1,C,79,7
73.9291838821888,72,21.3059835322201,50.6940164677799,0,I,80,7
22.0960681019504,72,21.5688809473068,0.527187154643595,1,C,81,7
70.2195072874823,72,21.6431100899354,48.5763971975469,1,I,82,7
39.3123271334062,72,21.79081548471,17.5215116486962,1,C,83,7
30.5866554634058,72,21.7938095564023,8.79284590700356,1,I,84,7
22.6885049407809,72,22.0992877660319,0.589217174748932,1,C,85,7
58.2755726708489,72,22.1533308411017,36.1222418297471,1,I,86,7
22.2826541708959,72,22.2382646519691,0.0443895189267974,1,C,87,7
83.349183651385,72,22.514571826905,49.485428173095,0,I,88,7
35.320432589824,72,22.9502084059641,12.3702241838599,1,C,89,7
205.731414749811,72,22.9949661623687,49.0050338376314,0,I,90,7
44.6583940137532,72,23.0155703332275,21.6428236805257,1,C,91,7
156.746324253176,72,23.0699781049043,48.9300218950957,0,I,92,7
60.6049530385015,72,23.318299530074,37.2866535084275,1,C,93,7
23.4043574919071,72,23.3996689785272,0.00468851337995265,1,I,94,7
40.665298196348,72,23.9787669014186,16.6865312949295,1,C,95,7
80.0570710943417,72,24.2274978803471,47.7725021196529,0,I,96,7
27.3165758725569,72,24.3354246206582,2.98115125189877,1,C,97,7
64.0991767088803,72,25.4173429962248,38.6818337126556,1,I,98,7
27.9732875965801,72,26.0434403037652,1.92984729281482,1,C,99,7
80.0463740487824,72,26.1624681064859,45.8375318935141,0,I,100,7
26.9790230866935,72,26.1935902107507,0.78543287594276,1,C,101,7
28.0866239426995,72,26.4115370158106,1.67508692688885,1,I,102,7
42.4747758263101,72,26.4880947489291,15.9866810773809,1,C,103,7
63.943890642902,72,26.4895421918482,37.4543484510538,1,I,104,7
49.3503524023074,72,26.5853848261759,22.7649675761315,1,C,105,7
26.8152762904871,72,26.5919874608517,0.223288829635391,1,I,106,7
27.8414455052008,72,27.588036688976,0.25340881622477,1,C,107,7
39.7354563369788,72,27.6925332890824,12.0429230478965,1,I,108,7
34.9392554026348,72,27.9462338704616,6.99302153217326,1,C,109,7
40.5214141815576,35.6692625154159,28.6586926644668,7.0105698509491,0,I,110,7
47.4030926725703,72,28.7122296122834,18.6908630602869,1,C,111,7
49.3039718486646,72,28.7644428340718,20.5395290145928,1,I,112,7
79.0848721090953,72,28.8071361975744,43.1928638024256,0,C,113,7
97.5059392446984,72,28.8818145124242,43.1181854875758,0,I,114,7
38.4207093282739,72,29.1646573087201,9.25605201955386,1,C,115,7
223.590282624476,59.1433149483829,29.1990360617638,29.9442788866192,0,I,116,7
32.9359893706016,72,29.6606875117868,3.27530185881475,1,C,117,7
48.0631221511443,72,29.6812497032806,18.3818724478637,1,I,118,7
36.705619025308,72,29.7642585542053,6.94136047110269,1,C,119,7
154.524745056187,72,29.8647653963417,42.1352346036583,0,I,120,7
39.5006513677506,72,30.0014959461987,9.49915542155189,1,C,121,7
44.8260972905985,72,30.1155770011246,14.7105202894738,1,I,122,7
79.315156252798,42.8985370830906,30.1706866035238,12.7278504795668,0,C,123,7
227.175067163455,72,30.2541481330991,41.7458518669009,0,I,124,7
34.2672553724089,72,30.4340536985546,3.83320167385428,1,C,125,7
131.256225751774,72,31.1001452570781,40.8998547429219,0,I,126,7
36.0490701966771,72,31.1597724119201,4.88929778475694,1,C,127,7
31.6588423860478,72,31.4221224747598,0.236719911288006,1,I,128,7
42.0974803832533,72,31.4347615744919,10.6627188087614,1,C,129,7
58.7124245293467,72,31.4656935911626,27.2467309381841,1,I,130,7
44.1868714106388,72,32.5707581592724,11.6161132513664,1,C,131,7
90.4768830466327,72,33.067725864239,38.932274135761,0,I,132,7
53.2374400380321,72,33.0680865515023,20.1693534865297,1,C,133,7
44.6883730361689,72,33.4856996918097,11.2026733443592,1,I,134,7
51.2958608907999,72,34.4131505163386,16.8827103744612,1,C,135,7
53.4410868154109,72,34.5669693360105,18.8741174794004,1,I,136,7
37.2192512861704,72,35.0911522423849,2.12809904378559,1,C,137,7
36.8533778885641,72,35.542205167003,1.31117272156116,1,I,138,7
41.953080239974,72,35.624763420783,6.32831681919102,1,C,139,7
71.1601693610413,72,35.6609359430149,35.4992334180263,1,I,140,7
88.3487452225052,72,35.755961718969,36.244038281031,0,C,141,7
44.359119284672,72,35.7871119165793,8.57200736809272,1,I,142,7
61.9799708068683,72,35.838640127331,26.1413306795373,1,C,143,7
60.2132527209603,72,36.3761968072504,23.83705591371,1,I,144,7
50.985500372534,52.2010981196946,36.6439661197364,14.3415342527975,1,C,145,7
179.924821877479,72,37.0170431211591,34.9829568788409,0,I,146,7
56.9808848973632,72,37.0273111341521,19.9535737632111,1,C,147,7
48.6201405419323,72,37.2065537888557,11.4135867530766,1,I,148,7
83.1146977873949,72,37.690734914504,34.309265085496,0,C,149,7
124.352230377384,64.2673438339505,38.0109591968358,26.2563846371148,0,I,150,7
43.8646053822333,72,38.0270281713456,5.83757721088773,1,C,151,7
90.7973517103791,72,38.2658625533804,33.7341374466196,0,I,152,7
56.7447867899207,72,38.7741047563031,17.9706820336176,1,C,153,7
98.4049415785832,72,39.0162874571979,32.9837125428021,0,I,154,7
47.5589449763551,72,39.0609120950103,8.49803288134478,1,C,155,7
128.770266343171,72,39.3803731352091,32.6196268647909,0,I,156,7
88.6004653370928,72,39.4736330676824,32.5263669323176,0,C,157,7
68.0040825869585,72,39.6606804337353,28.3434021532232,1,I,158,7
50.8443390166456,72,40.4596408037469,10.3846982128987,1,C,159,7
49.1616537772774,72,41.4822303364053,7.6794234408721,1,I,160,7
46.9818633217894,72,41.6958375368267,5.28602578496266,1,C,161,7
130.310538489399,72,41.6992823733017,30.3007176266983,0,I,162,7
96.1330615911873,72,41.7643072782084,30.2356927217916,0,C,163,7
67.0807582257245,72,41.8736995803192,25.2070586454053,1,I,164,7
56.1645008698114,72,41.9136762432754,14.250824626536,1,C,165,7
70.5919811059566,72,42.033475167118,28.5585059388386,1,I,166,7
52.0438045248181,72,42.7617504028603,9.28205412195771,1,C,167,7
115.859866398017,72,42.9746273718774,29.0253726281226,0,I,168,7
71.3645373960117,72,43.2048985781148,28.1596388178969,1,C,169,7
78.7555102846087,72,43.238430689089,28.761569310911,0,I,170,7
55.9565260826854,72,43.630473590456,12.3260524922295,1,C,171,7
87.6249348259784,72,43.7064629886299,28.2935370113701,0,I,172,7
51.2945417560679,72,43.9245948381722,7.36994691789569,1,C,173,7
141.983544044162,72,44.0412521967664,27.9587478032336,0,I,174,7
53.7101293843285,72,44.0761403879151,9.63398899641344,1,C,175,7
57.1940622662549,72,44.2115147598088,12.9825475064462,1,I,176,7
71.1589730862917,72,44.5923646073788,26.5666084789128,1,C,177,7
102.743129560781,72,45.2745665749535,26.7254334250465,0,I,178,7
65.3214826745604,72,45.6145319715142,19.7069507030461,1,C,179,7
103.613147796701,72,45.9923664433882,26.0076335566118,0,I,180,7
53.3683251923821,72,46.1008219141513,7.26750327823078,1,C,181,7
71.4446218028038,72,46.245421199128,25.1992006036757,1,I,182,7
69.2940948362651,72,46.3584851939231,22.935609642342,1,C,183,7
89.7271976046294,72,46.8310650112107,25.1689349887893,0,I,184,7
47.9274317437102,72,46.8907739594579,1.0366577842523,1,C,185,7
82.4129436918573,72,47.1067151008174,24.8932848991826,0,I,186,7
66.0847152340876,72,48.044073949568,18.0406412845196,1,C,187,7
102.45520139705,72,48.1608152529225,23.8391847470775,0,I,188,7
83.7299507043835,72,48.338558874093,23.661441125907,0,C,189,7
76.4640260256507,72,48.6321874056011,23.3678125943989,0,I,190,7
52.0576270769271,72,48.9355787448585,3.12204833206861,1,C,191,7
78.8528401532503,72,49.0069733932614,22.9930266067386,0,I,192,7
56.1170383846415,72,49.0997883165255,7.01725006811592,1,C,193,7
425.283662959644,72,49.1357722599059,22.8642277400941,0,I,194,7
50.1218770236676,72,49.1940380679444,0.927838955723284,1,C,195,7
72.1201293676111,72,49.2190414806828,22.7809585193172,0,I,196,7
51.8980158093728,72,49.3643004214391,2.53371538793368,1,C,197,7
57.4399173490708,72,50.0485114194453,7.39140592962551,1,I,198,7
66.01870981973,72,50.1416088407859,15.8771009789441,1,C,199,7
144.940985876612,72,50.3966522589326,21.6033477410674,0,I,200,7
51.3496593554561,72,50.453537623398,0.89612173205809,1,C,201,7
287.51032524906,72,50.6696777930483,21.3303222069517,0,I,202,7
51.5343654259049,72,51.3217482157052,0.212617210199777,1,C,203,7
69.374944307398,72,51.3447977369651,18.0301465704328,1,I,204,7
55.4217653130813,72,52.8249797550961,2.59678555798513,1,C,205,7
146.663699296289,72,52.8732640016824,19.1267359983176,0,I,206,7
78.2841199675968,72,53.008757326752,18.9912426732481,0,C,207,7
155.8442678463,72,53.0262955231592,18.9737044768408,0,I,208,7
57.7139889874878,72,53.4544851724058,4.25950381508199,1,C,209,7
70.5877636166286,72,53.7389445723966,16.848819044232,1,I,210,7
77.4257987020889,72,53.9257806306705,18.0742193693295,0,C,211,7
70.2226327870249,72,53.9799911202863,16.2426416667386,1,I,212,7
63.0071112751326,72,54.1513807279989,8.8557305471337,1,C,213,7
108.978645990671,72,54.4959814427421,17.504018557258,0,I,214,7
62.4739685813045,72,54.697481081821,7.77648749948351,1,C,215,7
75.6094809741074,72,54.8376477370039,17.1623522629961,0,I,216,7
75.9221818655773,72,54.9934041453525,17.0065958546475,0,C,217,7
177.549723328485,72,55.0202149059624,16.9797850940377,0,I,218,7
61.8510633617075,72,55.1456923317164,6.70537102999106,1,C,219,7
85.0328744414214,72,55.2945742523298,16.7054257476702,0,I,220,7
56.6604782955494,72,55.3403845243156,1.32009377123377,1,C,221,7
64.0728602346814,72,55.4969278955832,8.57593233909819,1,I,222,7
63.3067742626562,72,55.67047000397,7.6363042586862,1,C,223,7
97.2651356015611,72,55.921104750596,16.078895249404,0,I,224,7
60.7983117591544,72,56.8241014843807,3.97421027477376,1,C,225,7
91.9713097741275,72,57.0937675517052,14.9062324482948,0,I,226,7
65.432196980574,72,57.6446702191606,7.78752676141337,1,C,227,7
103.470401498333,72,57.7784116426483,14.2215883573517,0,I,228,7
83.2509923622812,72,57.814346915111,14.1856530848891,0,C,229,7
164.065192646393,72,57.9354547988623,14.0645452011377,0,I,230,7
63.4500916036499,72,58.1696362467483,5.28045535690161,1,C,231,7
87.1580194452634,72,58.4277826035395,13.5722173964605,0,I,232,7
73.1696399112126,72,58.594929696992,13.405070303008,0,C,233,7
60.0047181237145,72,58.9808794297278,1.02383869398672,1,I,234,7
61.0061802352273,72,59.2643908783793,1.74178935684796,1,C,235,7
92.4541971371765,72,59.3843932449818,12.6156067550182,0,I,236,7
64.3703458604506,72,59.4959766184911,4.87436924195949,1,C,237,7
83.9471297077517,72,59.8984798416495,12.1015201583505,0,I,238,7
2.37163487653684,72,0.132482727058232,2.23915214947861,1,I,1,8
8.16992988040332,72,0.246208640746772,7.92372123965655,1,C,2,8
98.1297470944222,72,0.247742529027164,71.7522574709728,0,I,3,8
12.5523386111551,72,0.303577948361635,12.2487606627935,1,C,4,8
58.9048754927918,72,0.739377541467547,58.1654979513242,1,I,5,8
5.64983545315058,72,1.60428768955171,4.04554776359887,1,C,6,8
209.514263296802,72,1.61127631086856,70.3887236891314,0,I,7,8
11.9548152152027,72,1.61943183280528,10.3353833823975,1,C,8,8
28.507458301959,72,1.83790499344468,26.6695533085143,1,I,9,8
13.5834234772032,72,2.04306218773127,11.540361289472,1,C,10,8
76.2668168208677,72,2.05971908289939,69.9402809171006,0,I,11,8
2.27591447361566,72,2.17213025316596,0.103784220449696,1,C,12,8
18.5039864286774,72,2.30339460074902,16.2005918279284,1,I,13,8
15.8165337184612,72,2.75036829058081,13.0661654278804,1,C,14,8
64.7048968296216,72,2.84957888536155,61.8553179442601,1,I,15,8
14.3975847209117,72,2.96666321810335,11.4309215028084,1,C,16,8
17.7246058445515,72,3.30386760178953,14.420738242762,1,I,17,8
25.2637611206768,72,3.39821553323418,21.8655455874426,1,C,18,8
149.2546090903,72,3.45921136904508,68.5407886309549,0,I,19,8
11.7178528517813,72,3.75137262046337,7.96648023131789,1,C,20,8
19.6264601829851,72,3.84322416968644,15.7832360132987,1,I,21,8
11.185353558059,72,3.88312135823071,7.30223219982826,1,C,22,8
22.5650764260663,72,3.92707382328808,18.6380026027782,1,I,23,8
11.8673037294057,72,4.02331524062902,7.84398848877669,1,C,24,8
15.4205457455474,72,4.2289395025,11.1916062430474,1,I,25,8
8.71633143029969,72,4.32228745892644,4.39404397137325,1,C,26,8
10.4405284656626,72,4.41226642113179,6.02826204453084,1,I,27,8
6.22337736329252,72,4.77778977714479,1.44558758614773,1,C,28,8
59.0308852917822,72,4.93200302124023,54.098882270542,1,I,29,8
27.3612674171828,72,5.2315940335393,22.1296733836435,1,C,30,8
63.2838798307684,72,6.44406690727919,56.8398129234892,1,I,31,8
16.7062479761541,72,6.48853034712374,10.2177176290304,1,C,32,8
24.7359295110775,72,6.87236253172159,17.8635669793559,1,I,33,8
19.3201023627773,72,7.16690015047789,12.1532022122994,1,C,34,8
22.8055968148693,72,7.17900148127228,15.626595333597,1,I,35,8
93.8452050740523,72,7.24083468317986,64.7591653168202,0,C,36,8
141.992797963571,72,7.45886463671923,64.5411353632808,0,I,37,8
14.9354101847169,23.2580456103421,7.53077672794461,7.40463345677227,1,C,38,8
53.7667248116016,72,7.85276285838336,45.9139619532183,1,I,39,8
29.6899093360911,72,9.2906211828813,20.3992881532098,1,C,40,8
104.310500125941,72,9.52148105017841,62.4785189498216,0,I,41,8
11.0575163129708,72,9.62039702106267,1.43711929190817,1,C,42,8
197.919732694988,72,10.1995373982936,61.8004626017064,0,I,43,8
11.7334576327868,72,10.3959743818268,1.33748325095997,1,C,44,8
23.6476504953858,72,11.0964053822681,12.5512451131177,1,I,45,8
12.6501025301945,72,11.2630241923034,1.38707833789105,1,C,46,8
20.1733636965533,72,11.370450546965,8.80291314958826,1,I,47,8
24.7951953562356,72,11.4700019080192,13.3251934482164,1,C,48,8
166.192636629472,72,12.4205368990079,59.5794631009921,0,I,49,8
15.9582211538438,72,12.4397391267121,3.51848202713168,1,C,50,8
83.2348982641056,72,12.5771437492222,59.4228562507778,0,I,51,8
13.0891759618051,72,12.7926957048476,0.296480256957535,1,C,52,8
73.7721944497731,72,12.8226424986497,59.1773575013504,0,I,53,8
15.0941296927041,72,13.6860283557326,1.40810133697154,1,C,54,8
35.3245276526076,72,13.8595262216404,21.4650014309672,1,I,55,8
19.117796702283,72,14.0353110618889,5.08248564039405,1,C,56,8
53.6625104942672,72,14.2543209437281,39.4081895505391,1,I,57,8
18.4658904011262,72,14.3210597662255,4.14483063490067,1,C,58,8
118.5021104101,72,14.5165761373937,57.4834238626063,0,I,59,8
75.6977482124009,72,14.7049042023718,57.2950957976282,0,C,60,8
54.9324865634168,72,14.8219754034653,40.1105111599514,1,I,61,8
18.628951443238,72,15.4837821051478,3.14516933809012,1,C,62,8
97.273606282354,72,15.4952381132171,56.504761886783,0,I,63,8
18.0247131442304,72,15.5654109315947,2.4593022126357,1,C,64,8
144.043701665639,72,15.8580068964511,56.1419931035489,0,I,65,8
21.9172494562923,72,16.0568091273308,5.86044032896151,1,C,66,8
93.2850788249848,72,16.0936542972922,55.9063457027078,0,I,67,8
21.3527695841851,72,16.0940593387932,5.25871024539196,1,C,68,8
67.0652679382498,72,16.1196929169819,50.9455750212679,1,I,69,8
30.5070542870217,72,16.1660149600357,14.341039326986,1,C,70,8
29.3767666455349,72,16.4715834707022,12.9051831748328,1,I,71,8
55.023923570679,72,16.7572437180206,38.2666798526583,1,C,72,8
53.0770344127462,72,16.9179612910375,36.1590731217087,1,I,73,8
19.6739024562934,72,16.9579458329827,2.71595662331075,1,C,74,8
67.5251019351022,72,17.0327126327902,50.492389302312,1,I,75,8
31.9013170178138,72,17.0451775286347,14.8561394891792,1,C,76,8
39.3559230921643,72,17.1447100723162,22.2112130198481,1,I,77,8
38.2298809781675,72,17.7529955701903,20.4768854079772,1,C,78,8
25.7963060695971,72,17.7977451542392,7.99856091535782,1,I,79,8
42.1549197383574,72,17.8199741709977,24.3349455673597,1,C,80,8
118.997946791571,72,17.8229667758569,54.1770332241431,0,I,81,8
25.6004260343548,72,18.1179494736716,7.48247656068319,1,C,82,8
73.0253984654162,72,18.1201558560133,53.8798441439867,0,I,83,8
19.5318486360965,72,18.139895782806,1.39195285329049,1,C,84,8
98.791202061838,72,18.3973668934777,53.6026331065223,0,I,85,8
22.2006585270407,72,18.4495858149603,3.75107271208035,1,C,86,8
43.2093904967661,72,18.7878297781572,24.4215607186089,1,I,87,8
22.0818055826256,72,19.0393844945356,3.04242108809,1,C,88,8
145.540258645887,72,19.6963608032092,52.3036391967908,0,I,89,8
27.8621658348257,72,19.8123118607327,8.04985397409301,1,C,90,8
106.967608020584,72,20.3010889654979,51.6989110345021,0,I,91,8
28.9571725484479,72,20.4444963578135,8.51267619063445,1,C,92,8
94.8362398247997,72,21.0172761837021,50.982723816298,0,I,93,8
29.4898683264241,72,21.0897427657619,8.40012556066218,1,C,94,8
66.7141047624397,72,21.4995352132246,45.2145695492151,1,I,95,8
53.4821907827914,72,21.5433153742924,31.938875408499,1,C,96,8
88.1981891056064,72,21.6677528154105,50.3322471845895,0,I,97,8
34.04795488738,72,22.1145279938355,11.9334268935445,1,C,98,8
41.8033932574933,72,22.140141511336,19.6632517461573,1,I,99,8
25.930581552452,72,22.2106477618217,3.71993379063021,1,C,100,8
258.821530381149,72,22.5614540325478,49.4385459674522,0,I,101,8
66.8255962163492,72,22.6657669432461,44.1598292731031,1,C,102,8
148.803934130365,72,22.8253433201462,49.1746566798538,0,I,103,8
39.8691827137832,72,23.0165647063404,16.8526180074427,1,C,104,8
61.9237827443791,72,23.156304792501,38.767477951878,1,I,105,8
23.8364784542188,72,23.4274266287684,0.409051825450364,1,C,106,8
77.6733562358706,72,23.4528011502698,48.5471988497302,0,I,107,8
47.2882231869639,72,23.5672476701438,23.7209755168201,1,C,108,8
106.973477258324,72,24.0104336338118,47.9895663661882,0,I,109,8
35.6966612329001,72,25.0654813321307,10.6311799007694,1,C,110,8
165.700035403659,72,25.1520986901596,46.8479013098404,0,I,111,8
31.6215299734032,72,25.9322397876531,5.68929018575006,1,C,112,8
118.620948440309,72,25.9992597671226,46.0007402328774,0,I,113,8
45.8344663328623,72,26.2683556135744,19.5661107192879,1,C,114,8
30.7234821054127,72,26.6521020513028,4.07138005410986,1,I,115,8
44.7142722151501,72,26.6753816697747,18.0388905453755,1,C,116,8
50.6607696012765,72,27.535629873164,23.1251397281125,1,I,117,8
40.2618675545516,72,27.957350355573,12.3045171989786,1,C,118,8
37.2937112551914,72,27.9722924111411,9.32141884405029,1,I,119,8
29.60120521031,72,28.1790983257815,1.42210688452851,1,C,120,8
219.975807188125,72,28.3689631707966,43.6310368292034,0,I,121,8
35.5206096463092,72,28.5126941744238,7.00791547188535,1,C,122,8
234.681866256827,72,28.5378431668505,43.4621568331495,0,I,123,8
51.5277516383172,72,28.564671697095,22.9630799412221,1,C,124,8
118.771374202654,72,28.7084116553888,43.2915883446112,0,I,125,8
38.493781599821,72,29.2486977903172,9.24508380950371,1,C,126,8
44.2238545575168,72,29.6881875442341,14.5356670132827,1,I,127,8
31.6158720377371,72,29.7208386613056,1.89503337643151,1,C,128,8
88.5237858528184,72,29.838973316364,42.161026683636,0,I,129,8
41.8270088063132,72,30.1036214316264,11.7233873746868,1,C,130,8
188.729471378735,72,30.3505111578852,41.6494888421148,0,I,131,8
42.0616845198451,72,30.5814901879057,11.4801943319394,1,C,132,8
111.60149825833,72,30.6767354998738,41.3232645001262,0,I,133,8
56.9108179326735,72,30.835345541127,26.0754723915465,1,C,134,8
142.026067394403,72,30.9737258451059,41.0262741548941,0,I,135,8
37.6307918748839,72,31.2729869736359,6.35780490124805,1,C,136,8
110.326862844635,72,31.6378999315202,40.3621000684798,0,I,137,8
36.5419373014591,72,31.744620250538,4.79731705092112,1,C,138,8
137.462930221373,72,31.8415039032698,40.1584960967302,0,I,139,8
41.4664185058675,72,32.1895612450317,9.2768572608358,1,C,140,8
44.2012517016546,72,32.3271168675274,11.8741348341272,1,I,141,8
38.2667983957012,72,32.4044596217573,5.86233877394395,1,C,142,8
90.8302021983889,72,33.2477593794465,38.7522406205535,0,I,143,8
37.3906550038449,72,33.4911461407319,3.89950886311307,1,C,144,8
68.355028444167,72,33.7299537425861,34.6250747015809,1,I,145,8
47.0757933054401,72,33.7968233926222,13.278969912818,1,C,146,8
144.935054742524,72,33.8553813798353,38.1446186201647,0,I,147,8
68.1847621903737,72,34.2614736082032,33.9232885821705,1,C,148,8
54.2398654716144,72,34.2782378895208,19.9616275820936,1,I,149,8
63.6593206306672,72,34.7012656275183,28.9580550031489,1,C,150,8
39.1068479247612,72,34.8020291794091,4.30481874535209,1,I,151,8
67.7049724219101,72,35.0589656364173,32.6460067854929,1,C,152,8
80.6521523173591,72,35.1304663717747,36.8695336282253,0,I,153,8
35.6313854954754,72,35.2313152654097,0.400070230065766,1,C,154,8
93.6874992391977,72,35.273090028204,36.726909971796,0,I,155,8
42.9295561424784,66.3852827114385,35.3913067420945,7.53824940038389,1,C,156,8
227.886312802701,72,35.4516290919855,36.5483709080145,0,I,157,8
42.1960211500302,72,36.2444893084466,5.95153184158355,1,C,158,8
111.606452075717,72,36.5226709702984,35.4773290297017,0,I,159,8
39.367003297126,72,36.8441074155271,2.52289588159884,1,C,160,8
46.737822923318,72,36.9068174064159,9.83100551690204,1,I,161,8
81.7668993934921,72,37.0691206259653,34.9308793740347,0,C,162,8
78.7649926849264,72,37.2959160804749,34.7040839195252,0,I,163,8
59.1548512604622,72,37.3455490730703,21.8093021873919,1,C,164,8
138.50742206942,72,37.8316895663738,34.1683104336262,0,I,165,8
66.8024216469674,72,38.2315976824611,28.5708239645063,1,C,166,8
167.422979957041,72,38.4548234380782,33.5451765619218,0,I,167,8
39.9290975921117,72,38.45770847518,1.47138911693174,1,C,168,8
124.974077253022,72,38.6301267659292,33.3698732340708,0,I,169,8
45.5041541114531,72,38.7061961553991,6.79795795605405,1,C,170,8
76.7467950486397,72,38.8609860185534,33.1390139814466,0,I,171,8
51.2190633122856,72,39.0795296430588,12.1395336692268,1,C,172,8
194.593028730721,72,39.4309896882623,32.5690103117377,0,I,173,8
43.1952547448774,64.5237121867411,40.2476794738323,2.94757527104512,1,C,174,8
42.550709820688,72,40.492195179686,2.05851464100202,1,I,175,8
55.4506101211389,72,40.5654739262536,14.8851361948852,1,C,176,8
57.88134779852,72,40.6490577338263,17.2322900646936,1,I,177,8
41.338304800459,72,40.6547537120059,0.683551088453055,1,C,178,8
50.5507681115622,72,41.0079390183091,9.54282909325307,1,I,179,8
64.7861883825799,72,41.3450582837686,23.4411300988113,1,C,180,8
61.1272253930031,72,41.3953398820013,19.7318855110019,1,I,181,8
72.8229281017043,72,41.4122089231387,30.5877910768613,0,C,182,8
372.333127041584,72,41.4914214145392,30.5085785854608,0,I,183,8
46.0656904063468,72,41.7143980320543,4.35129237429253,1,C,184,8
413.405360520884,72,43.0473733926192,28.9526266073808,0,I,185,8
44.0274853910336,72,43.1541273510084,0.873358040025245,1,C,186,8
86.8033820919468,72,43.6001526284963,28.3998473715037,0,I,187,8
50.278998676457,62.0411900147443,43.9319665823132,6.34703209414378,1,C,188,8
67.3048984256769,72,44.1409123688936,23.1639860567833,1,I,189,8
86.0157825412517,72,44.1557724634185,27.8442275365815,0,C,190,8
46.2804431814342,72,44.6988568129018,1.5815863685324,1,I,191,8
51.9387336532879,72,45.1259544398636,6.81277921342436,1,C,192,8
77.3302152559575,72,45.1817591395229,26.8182408604771,0,I,193,8
61.2961611809793,72,45.2710898732767,16.0250713077026,1,C,194,8
82.6595835465681,72,45.5058514606208,26.4941485393792,0,I,195,8
48.3207161197942,72,45.5916306003928,2.72908551940133,1,C,196,8
100.128092092045,72,45.9388500731438,26.0611499268562,0,I,197,8
59.1978684808114,72,46.3974705571309,12.8003979236806,1,C,198,8
49.1566792908904,72,46.5263896621764,2.63028962871403,1,I,199,8
48.5675743038041,72,46.6903640236706,1.87721028013357,1,C,200,8
66.7776370048865,72,47.2793915122747,19.4982454926118,1,I,201,8
54.8237595702944,54.2947522177665,47.3676486639306,6.92710355383588,0,C,202,8
83.2288106051412,72,47.5346267782152,24.4653732217848,0,I,203,8
67.7781869592478,72,47.8814175585285,19.8967694007194,1,C,204,8
133.940255937996,72,48.5461175115779,23.4538824884221,0,I,205,8
56.3123690216064,72,48.6890832753852,7.62328574622115,1,C,206,8
132.270497064647,72,49.1202089237049,22.8797910762951,0,I,207,8
53.1252986888792,72,49.4932967517525,3.63200193712674,1,C,208,8
92.1730656573898,72,49.7825439926237,22.2174560073763,0,I,209,8
53.076358556337,72,49.8364502610639,3.23990829527308,1,C,210,8
52.0616218563311,72,50.0777862779796,1.98383557835145,1,I,211,8
78.5994805402364,72,50.8205421315506,21.1794578684494,0,C,212,8
70.6539772215521,72,50.952025023289,19.7019521982631,1,I,213,8
74.3838466006039,72,51.1385858757421,20.8614141242579,0,C,214,8
83.1999421877496,72,51.4569623954594,20.5430376045406,0,I,215,8
77.3113829573961,72,51.6268750838935,20.3731249161065,0,C,216,8
81.8652407582589,72,51.9664831040427,20.0335168959573,0,I,217,8
65.1936807680291,72,52.0035461196676,13.1901346483615,1,C,218,8
78.8238624083744,72,52.6756905438379,19.3243094561622,0,I,219,8
55.2854284867995,72,53.8825222989544,1.4029061878451,1,C,220,8
226.021226326202,72,54.1920332657173,17.8079667342827,0,I,221,8
83.2026914155796,72,54.2023990117014,17.7976009882987,0,C,222,8
131.156803267761,72,54.2202679719776,17.7797320280224,0,I,223,8
68.0672082026119,72,54.2298449389637,13.8373632636483,1,C,224,8
125.946815680792,72,54.351777783595,17.648222216405,0,I,225,8
62.2953488601634,72,54.63426834438,7.66108051578344,1,C,226,8
169.335905544706,72,54.7380941128358,17.2619058871642,0,I,227,8
64.1348841183029,72,54.9289519898593,9.20593212844357,1,C,228,8
213.284645223105,72,55.2694030478597,16.7305969521403,0,I,229,8
86.8060077306026,72,55.3423648327589,16.6576351672411,0,C,230,8
97.3921489819684,72,55.4573146719486,16.5426853280515,0,I,231,8
55.907597642466,72,55.6390854064375,0.268512236028472,1,C,232,8
134.775613102055,72,56.3207267504185,15.6792732495815,0,I,233,8
60.8665660041581,72,56.6188123309985,4.24775367315962,1,C,234,8
129.844398258369,72,56.993455211632,15.006544788368,0,I,235,8
72.7372019180063,72,57.1506213163957,14.8493786836043,0,C,236,8
80.8092752515223,72,58.2063956279308,13.7936043720692,0,I,237,8
65.3379191903016,72,58.2485556649044,7.08936352539713,1,C,238,8
61.1244827021156,72,58.3202977152541,2.80418498686142,1,I,239,8
64.2144533652065,72,58.525907532312,5.68854583289451,1,C,240,8
76.6881776660347,72,59.0267179068178,12.9732820931822,0,I,241,8
72.4353904575109,72,59.1175180161372,12.8824819838628,0,C,242,8
138.13746431099,72,59.3538624979556,12.6461375020444,0,I,243,8
122.915235614021,72,0.187729233875871,71.8122707661241,0,I,1,9
2.75251903990161,72,0.786391873843968,1.96612716605764,1,C,2,9
23.5308498847551,72,0.955058494582772,22.5757913901723,1,I,3,9
48.0442908128654,72,1.10683140344918,46.9374594094162,1,C,4,9
65.0707547941342,72,1.12407820299268,63.9466765911415,1,I,5,9
5.32955189352758,72,1.35363193228841,3.97591996123917,1,C,6,9
115.285015635907,72,1.50940212886781,70.4905978711322,0,I,7,9
17.8607409516349,72,1.5706291096285,16.2901118420064,1,C,8,9
91.5547697508572,3.28008372900026,2.42162842769176,0.858455301308501,0,I,9,9
2.58662892738512,47.793899244936,2.4256636435166,0.160965283868521,1,C,10,9
102.784014169147,72,2.56876344792545,69.4312365520746,0,I,11,9
24.0731563534994,72,2.62935522012413,21.4438011333753,1,C,12,9
189.044330263205,72,2.6681086840108,69.3318913159892,0,I,13,9
28.8825671995687,72,2.84639229532331,26.0361749042454,1,C,14,9
87.7020124184324,72,4.35017621610314,67.6498237838969,0,I,15,9
6.80912943354584,72,4.80070105288178,2.00842838066406,1,C,16,9
59.9821281976507,72,5.08159917779267,54.9005290198581,1,I,17,9
7.48034610415173,29.4051619842319,5.14873777516186,2.33160832898987,1,C,18,9
20.0301124674059,72,5.40081666782498,14.6292957995809,1,I,19,9
51.8189962300964,72,6.39278443995863,45.4262117901377,1,C,20,9
32.392563501991,72,6.4378199307248,25.9547435712662,1,I,21,9
38.5987195991347,14.5031033520404,6.69004859402776,7.81305475801261,0,C,22,9
97.5306901011344,72,7.09564299322665,64.9043570067734,0,I,23,9
46.1717906124107,72,7.44377619121224,38.7280144211984,1,C,24,9
18.0704506912055,72,7.53537126816809,10.5350794230374,1,I,25,9
31.5745236605237,72,7.56059790495783,24.0139257555658,1,C,26,9
156.561679791599,72,7.65522252302617,64.3447774769738,0,I,27,9
18.9945098717603,72,7.68583426717669,11.3086756045836,1,C,28,9
53.2505242351906,72,7.75372558739036,45.4967986478002,1,I,29,9
12.6026433287691,72,7.89997742045671,4.70266590831235,1,C,30,9
8.57759452545713,72,7.91140898130834,0.66618554414879,1,I,31,9
13.1888885494759,48.6634539542404,7.96328351832926,5.22560503114664,1,C,32,9
10.8640236668098,72,8.20619790349156,2.65782576331824,1,I,33,9
24.0711188051595,72,8.2324012555182,15.8387175496413,1,C,34,9
17.6471193373544,72,8.45336410682648,9.19375523052791,1,I,35,9
28.1114620519976,44.7383376244385,8.57420712243766,19.5372549295599,1,C,36,9
196.462957506808,72,8.88458843808621,63.1154115619138,0,I,37,9
14.9996578780352,72,8.96681851241738,6.03283936561787,1,C,38,9
34.4293823098906,72,9.27309738937765,25.156284920513,1,I,39,9
12.5742614400227,25.1166817339572,9.33281611651182,3.24144532351087,1,C,40,9
67.9141247425368,72,9.55915492493659,58.3549698176002,1,I,41,9
24.5297543767034,72,9.56181028392166,14.9679440927818,1,C,42,9
15.8817005360196,72,9.56481505651027,6.31688547950931,1,I,43,9
19.7057063707217,72,9.84885008074343,9.85685628997823,1,C,44,9
14.628732313684,72,10.0228802952915,4.60585201839248,1,I,45,9
48.2256651213388,72,10.9841311583295,37.2415339630092,1,C,46,9
158.598072699557,72,11.029720553197,60.970279446803,0,I,47,9
28.7164105083372,72,11.3354283291847,17.3809821791526,1,C,48,9
142.018241643097,72,11.5493111265823,60.4506888734177,0,I,49,9
21.3767570589855,72,11.5600202791393,9.81673677984624,1,C,50,9
103.698971645235,72,11.6164540685713,60.3835459314287,0,I,51,9
41.5166077527886,72,11.6588567337021,29.8577510190865,1,C,52,9
25.2440196927045,72,11.7668127827346,13.4772069099699,1,I,53,9
12.2364807631515,72,11.9829710572958,0.253509705855682,1,C,54,9
61.4434918001484,72,12.0456948922947,49.3977969078537,1,I,55,9
29.7787168830051,72,12.1826970297843,17.5960198532207,1,C,56,9
40.4412749274263,72,12.5253781070933,27.9158968203331,1,I,57,9
77.1755652539553,72,12.6632681814954,59.3367318185046,0,C,58,9
150.212957402981,23.5526842355565,12.9609082220122,10.5917760135442,0,I,59,9
18.9791857939679,72,13.1484496453777,5.83073614859021,1,C,60,9
75.2577034666655,72,14.3991878209636,57.6008121790364,0,I,61,9
24.3476394493311,72,14.5618692180142,9.78577023131695,1,C,62,9
28.4246902196452,72,14.9250720301643,13.4996181894809,1,I,63,9
21.7710881757294,72,15.0207133311778,6.75037484455159,1,C,64,9
28.6115597506405,72,15.6974459951743,12.9141137554662,1,I,65,9
47.4786623948766,72,15.7357974769548,31.7428649179219,1,C,66,9
94.4258814054154,72,16.3807714730501,55.6192285269499,0,I,67,9
27.5218686222523,72,16.4542766427621,11.0675919794902,1,C,68,9
39.6441079870502,72,16.8315158039331,22.8125921831171,1,I,69,9
38.7688311889819,72,16.9863268872723,21.7825043017096,1,C,70,9
57.498871489872,19.7614145950072,17.4241642188281,2.33725037617907,0,I,71,9
28.6064354123747,67.890106306188,17.613694681786,10.9927407305887,1,C,72,9
73.3059138034064,72,18.2525321748108,53.7474678251892,0,I,73,9
26.8141088801225,72,18.5155631275848,8.29854575253773,1,C,74,9
25.9432029803169,72,18.6580010689795,7.2852019113374,1,I,75,9
24.7879811994808,72,18.9249790459871,5.86300215349367,1,C,76,9
38.1439016224391,72,19.0266441274434,19.1172574949957,1,I,77,9
30.7008077540946,72,19.115740545094,11.5850672090006,1,C,78,9
80.0985183650686,72,19.1198694705963,52.8801305294037,0,I,79,9
36.1097167457795,72,19.5150644006208,16.5946523451588,1,C,80,9
69.2838967291224,72,19.5152824278921,49.7686143012303,1,I,81,9
27.1629538392527,72,19.5427073724568,7.62024646679593,1,C,82,9
57.5308881787979,42.7463189687962,19.8982062377036,22.8481127310926,0,I,83,9
28.5717111912494,72,19.9628571700305,8.60885402121889,1,C,84,9
130.261050876809,72,20.5213702423498,51.4786297576502,0,I,85,9
33.4734843487127,72,20.5518710939214,12.9216132547913,1,C,86,9
205.878473112631,72,20.8048539049923,51.1951460950077,0,I,87,9
25.5679955604852,72,20.8530160272494,4.71497953323583,1,C,88,9
325.322459359044,72,21.1015501851216,50.8984498148784,0,I,89,9
22.1278234927542,72,21.5569233801216,0.570900112632624,1,C,90,9
58.9310114018579,72,21.612493917346,37.3185174845119,1,I,91,9
23.6921801199532,72,21.6947529232129,1.99742719674022,1,C,92,9
103.77932170709,72,21.8253175634891,50.1746824365109,0,I,93,9
22.2939436976224,72,21.894362680614,0.399581017008368,1,C,94,9
202.709358960767,72,22.7146525494754,49.2853474505246,0,I,95,9
28.7277718669323,72,23.0037770234048,5.72399484352744,1,C,96,9
206.682799152048,72,23.0451093055308,48.9548906944692,0,I,97,9
28.8930023016342,72,23.5978420218453,5.29516027978891,1,C,98,9
108.567021477965,72,24.0095527796075,47.9904472203925,0,I,99,9
42.2047954222467,72,24.1026963293552,18.1020990928915,1,C,100,9
154.671525382987,72,24.3825552798808,47.6174447201192,0,I,101,9
31.3604092392839,72,24.7358480701223,6.62456116916161,1,C,102,9
46.7891781320391,72,24.8916274029762,21.897550729063,1,I,103,9
29.8837063003967,72,25.0212523480877,4.862453952309,1,C,104,9
132.448371014477,72,25.646206503734,46.353793496266,0,I,105,9
39.5355351292598,72,25.7179691875353,13.8175659417245,1,C,106,9
91.4821148697668,72,26.221354692243,45.778645307757,0,I,107,9
44.5429157325586,72,26.3519261078909,18.1909896246677,1,C,108,9
171.662965083393,72,26.9107088400051,45.0892911599949,0,I,109,9
50.7075364562344,72,27.0289292000234,23.678607256211,1,C,110,9
108.74943413314,72,27.2795700235292,44.7204299764708,0,I,111,9
53.0011220637139,72,27.3947240877897,25.6063979759243,1,C,112,9
35.9658958089919,72,27.7212845860049,8.24461122298696,1,I,113,9
32.1583750538367,29.4784091053443,27.7947265282273,1.683682577117,0,C,114,9
30.3034071388237,72,27.8238418791443,2.47956525967938,1,I,115,9
39.7355346031752,72,27.881043003872,11.8544915993031,1,C,116,9
99.7446954553817,72,28.1868227245286,43.8131772754714,0,I,117,9
32.0039318981968,72,28.322263341397,3.68166855679977,1,C,118,9
35.7469566187551,72,28.3560056984425,7.39095092031265,1,I,119,9
43.6080348612396,72,28.5754311550409,15.0326037061987,1,C,120,9
28.7678167238117,72,28.6423623422161,0.125454381595662,1,I,121,9
53.8583335674265,72,28.8071464793757,25.0511870880508,1,C,122,9
157.599617356088,72,30.0063783349469,41.9936216650531,0,I,123,9
30.803673358347,72,30.0692260963842,0.734447261962799,1,C,124,9
82.1020447313907,72,30.149695747532,41.8503042524681,0,I,125,9
35.0251890261827,72,30.1982402382419,4.82694878794081,1,C,126,9
113.708787997893,72,30.2650750754401,41.7349249245599,0,I,127,9
30.6508797109743,72,30.2718090405688,0.379070670405552,1,C,128,9
40.8359266044806,72,30.3772707469761,10.4586558575045,1,I,129,9
79.6376037430053,72,31.0915823746473,40.9084176253527,0,C,130,9
209.20268259474,72,31.413622610271,40.586377389729,0,I,131,9
35.1216991251472,72,31.8196735577658,3.30202556738138,1,C,132,9
88.252592343562,72,31.982228695415,40.017771304585,0,I,133,9
52.4016726517637,72,33.1355375004932,19.2661351512705,1,C,134,9
39.5582356234849,72,33.7252843659371,5.83295125754774,1,I,135,9
55.1547849990627,52.8151108918312,33.7537682102993,19.0613426815319,0,C,136,9
92.6543395463846,72,33.7569910101593,38.2430089898408,0,I,137,9
46.6648300967476,72,33.8482843246311,12.8165457721165,1,C,138,9
509.357405416776,72,33.8917153934017,38.1082846065983,0,I,139,9
52.817364381909,61.5932740375583,34.1838372079656,18.6335271739434,1,C,140,9
122.286675136684,72,34.9204115336761,37.0795884663239,0,I,141,9
38.4207442653255,72,35.6936081266031,2.72713613872247,1,C,142,9
103.729625904044,72,35.8259281609207,36.1740718390793,0,I,143,9
111.376760315123,63.5837624459122,36.0062866425142,27.577475803398,0,C,144,9
62.6381744041649,72,36.0116669721901,26.6265074319747,1,I,145,9
52.4293285943167,72,36.5893493453041,15.8399792490126,1,C,146,9
191.125456042176,72,36.8650915240869,35.1349084759131,0,I,147,9
37.7509793740009,72,36.9843741226941,0.766605251306807,1,C,148,9
123.148988365465,72,37.1375022316352,34.8624977683649,0,I,149,9
60.0994619008097,72,37.264657728374,22.8348041724357,1,C,150,9
46.6572716370853,72,37.3538762284443,9.30339540864097,1,I,151,9
59.7805406447064,72,37.3792068986222,22.4013337460841,1,C,152,9
120.949883770568,72,37.4252878921106,34.5747121078894,0,I,153,9
50.2036597819108,72,37.6085132500157,12.5951465318951,1,C,154,9
45.645052820795,72,38.5633340477943,7.08171877300067,1,I,155,9
57.6743830694399,72,39.3573339097202,18.3170491597197,1,C,156,9
56.2807997463355,72,39.900219803676,16.3805799426595,1,I,157,9
41.3363308074354,72,40.0916849076748,1.24464589976065,1,C,158,9
141.062187065369,72,40.7316237408668,31.2683762591332,0,I,159,9
42.5591919438741,72,40.7676960714161,1.79149587245797,1,C,160,9
77.0666352262144,72,40.8661418454722,31.1338581545278,0,I,161,9
51.107095907791,72,41.6565447533503,9.45055115444064,1,C,162,9
197.306656982719,72,42.1203620312735,29.8796379687265,0,I,163,9
52.5240699071151,72,42.8756668930873,9.64840301402772,1,C,164,9
76.9540706447044,72,42.9976968700066,29.0023031299934,0,I,165,9
60.4894781514048,72,43.0621624505147,17.42731570089,1,C,166,9
109.865002879527,72,43.4190595708787,28.5809404291213,0,I,167,9
54.1551388841018,72,43.5452650487423,10.6098738353595,1,C,168,9
70.1736189101309,72,43.5988361109048,26.574782799226,1,I,169,9
47.3021990609582,72,43.7584626954049,3.54373636555329,1,C,170,9
87.2588510321017,72,44.4766597542912,27.5233402457088,0,I,171,9
59.5444580662865,72,44.5918109128252,14.9526471534613,1,C,172,9
165.382076907986,72,44.6463481150568,27.3536518849433,0,I,173,9
76.3125408942377,72,44.6926060505211,27.3073939494789,0,C,174,9
61.1619195765834,72,44.7567833214998,16.4051362550836,1,I,175,9
47.8285064908718,72,45.527514712885,2.30099177798681,1,C,176,9
146.005684455144,72,45.7945147482678,26.2054852517322,0,I,177,9
49.859236110408,72,46.0485597280785,3.81067638232949,1,C,178,9
251.522393343527,72,46.4223512308672,25.5776487691328,0,I,179,9
55.8531214003247,72,46.5855328179896,9.26758858233507,1,C,180,9
95.6021918536135,72,46.9609033176675,25.0390966823325,0,I,181,9
66.1319976957897,72,47.4026875616983,18.7293101340914,1,C,182,9
61.5442540753247,72,47.5817280868068,13.9625259885179,1,I,183,9
59.0695526681207,72,47.8421617671847,11.227390900936,1,C,184,9
97.2352513056751,72,48.0433690594509,23.9566309405491,0,I,185,9
60.679147871083,72,48.0753775499761,12.6037703211069,1,C,186,9
83.226749408835,72,48.867920441553,23.132079558447,0,I,187,9
79.021610422302,72,49.0892863227055,22.9107136772946,0,C,188,9
138.691440088824,72,49.3415293190628,22.6584706809372,0,I,189,9
63.6610251054887,72,49.3605171376839,14.3005079678048,1,C,190,9
56.4530225492656,72,49.4561399845406,6.99688256472496,1,I,191,9
61.64767742381,72,49.8551304917783,11.7925469320317,1,C,192,9
52.4777049883891,62.415829608263,50.1267961459234,2.35090884246564,1,I,193,9
57.4391703593718,72,50.1646380918101,7.27453226756172,1,C,194,9
223.460646784216,72,50.5611939216033,21.4388060783967,0,I,195,9
51.3003600356597,72,50.7089680060744,0.591392029585256,1,C,196,9
113.961595403401,72,50.7168108830228,21.2831891169772,0,I,197,9
65.0276875810502,72,51.204173876904,13.8235137041462,1,C,198,9
96.7223351728225,72,51.7039077635855,20.2960922364146,0,I,199,9
52.0905877234588,72,52.0034313993529,0.0871563241059542,1,C,200,9
104.40539402238,72,52.6907095732167,19.3092904267833,0,I,201,9
65.3956605224976,72,52.9519843356684,12.4436761868292,1,C,202,9
89.4938928963219,72,53.1668482208625,18.8331517791376,0,I,203,9
92.5009958723491,72,53.2706164615229,18.7293835384771,0,C,204,9
86.7224699752738,72,53.5175572894514,18.4824427105486,0,I,205,9
74.1678397293719,72,53.6852403497323,18.3147596502677,0,C,206,9
84.1859462530696,72,53.8509774953127,18.1490225046873,0,I,207,9
69.7617308683562,72,54.4626331469044,15.2990977214518,1,C,208,9
73.3741583024697,72,54.7586762951687,17.2413237048313,0,I,209,9
58.2867485278817,72,54.7636143676937,3.52313416018804,1,C,210,9
62.9235427617547,72,54.7773328889161,8.14620987283852,1,I,211,9
71.7568790115052,72,54.8480644030497,16.9088146084555,1,C,212,9
79.280282947855,72,54.9677594611421,17.0322405388579,0,I,213,9
65.2123369265633,72,55.0046047987416,10.2077321278217,1,C,214,9
153.136171838045,72,55.7225082814694,16.2774917185307,0,I,215,9
81.1218923234233,72,55.8089919621125,16.1910080378875,0,C,216,9
71.3495888288766,72,55.9280719701201,15.4215168587565,1,I,217,9
61.5180209829931,72,56.0535377031192,5.46448327987389,1,C,218,9
71.7439551434781,72,56.1104887537658,15.6334663897122,1,I,219,9
71.6807187005352,72,57.0165883703157,14.6641303302195,1,C,220,9
82.2891658105319,72,57.0788141107187,14.9211858892813,0,I,221,9
77.9665620979744,72,57.6987588498741,14.3012411501259,0,C,222,9
84.3835486323766,72,58.1417254870758,13.8582745129243,0,I,223,9
79.5737207385203,72,59.3708544457331,12.6291455542669,0,C,224,9
99.4793061961106,72,59.9532384239137,12.0467615760863,0,I,225,9
69.7636478420085,72,59.9625169113278,9.80113093068063,1,C,226,9
12.4723553635228,72,0.53078277502209,11.9415725885007,1,C,1,10
69.8411604401881,72,0.537773603573442,69.3033868366146,1,I,2,10
20.9882881238264,72,0.77642010524869,20.2118680185777,1,C,3,10
11.7501632361947,72,0.97402922809124,10.7761340081035,1,I,4,10
18.9470545530514,72,1.27711703069508,17.6699375223563,1,C,5,10
127.85453884599,72,1.46978352684528,70.5302164731547,0,I,6,10
5.28235784685745,23.0236568875734,1.63157441653311,3.65078343032433,1,C,7,10
81.1854995776471,69.6679061997275,1.68800789862871,67.9798983010988,0,I,8,10
8.70490564950972,72,1.88052888493985,6.82437676456987,1,C,9,10
76.9754489730778,72,1.93303639534861,70.0669636046514,0,I,10,10
9.88745770543737,72,2.45963692199439,7.42782078344298,1,C,11,10
13.6200914820966,72,2.56198130082339,11.0581101812732,1,I,12,10
4.53786928191677,72,3.10277929063886,1.4350899912779,1,C,13,10
33.2328104608504,72,3.20772462990135,30.0250858309491,1,I,14,10
17.9330465992207,72,3.22158630006015,14.7114602991605,1,C,15,10
103.540248704354,72,3.43772364780307,68.5622763521969,0,I,16,10
6.39587147390624,72,3.49030715413392,2.90556431977232,1,C,17,10
6.19689264754922,72,4.94702157564461,1.2498710719046,1,I,18,10
18.0870145609603,72,5.18400952219963,12.9030050387607,1,C,19,10
77.3461737525706,72,5.19892752170563,66.8010724782944,0,I,20,10
7.2753648839972,72,5.3866500640288,1.8887148199684,1,C,21,10
267.742958828823,72,5.40246387943626,66.5975361205638,0,I,22,10
9.84109895350776,72,5.43848021887243,4.40261873463534,1,C,23,10
17.6169582229922,72,5.48014365602285,12.1368145669694,1,I,24,10
9.42483547581894,72,5.7278596283868,3.69697584743215,1,C,25,10
221.314633799859,72,6.28271710127592,65.7172828987241,0,I,26,10
9.83073840670406,72,6.50581976864487,3.32491863805919,1,C,27,10
180.57454541771,72,6.67100720107555,65.3289927989245,0,I,28,10
50.6132990036162,72,7.26227296516299,43.3510260384532,1,C,29,10
74.1513187976111,72,7.30112803168595,64.6988719683141,0,I,30,10
7.80138865364958,72,7.39216016605496,0.409228487594612,1,C,31,10
104.563606269435,72,8.68823083117604,63.311769168824,0,I,32,10
11.6966806640581,72,9.44721445441246,2.24946620964567,1,C,33,10
54.6261950153663,72,9.63092900812626,44.9952660072401,1,I,34,10
16.5034811645252,72,10.3492617281154,6.15421943640981,1,C,35,10
34.0342324085966,72,10.4231192311272,23.6111131774693,1,I,36,10
11.1363745463055,72,10.786184608005,0.350189938300526,1,C,37,10
180.960248318583,72,10.7863987376913,61.2136012623087,0,I,38,10
16.3847072766545,72,10.9469771571457,5.43773011950875,1,C,39,10
47.1788448688512,32.6314408118084,11.0732061881572,21.5582346236511,0,I,40,10
15.9822273323738,72,11.0927085299045,4.88951880246933,1,C,41,10
34.4554030363099,72,11.4963588723913,22.9590441639186,1,I,42,10
18.1502138912445,72,11.7506384337321,6.39957545751237,1,C,43,10
12.5979168737526,72,11.9959819223732,0.601934951379379,1,I,44,10
15.7949507095526,72,12.0090833678842,3.78586734166844,1,C,45,10
60.9160617421637,72,12.2465214505792,48.6695402915845,1,I,46,10
15.2347914873565,72,12.5723517592996,2.66243972805685,1,C,47,10
182.900551796201,72,12.6674136472866,59.3325863527134,0,I,48,10
15.2859628296917,72,13.6798501107842,1.60611271890756,1,C,49,10
21.5380871862329,72,14.0685504768044,7.46953670942854,1,I,50,10
37.7239263869274,72,14.3123756255955,23.4115507613319,1,C,51,10
43.070615005144,72,14.3982379697263,28.6723770354177,1,I,52,10
20.9040234214208,72,14.473063191399,6.43096023002183,1,C,53,10
509.447052814144,72,14.6018673107028,57.3981326892972,0,I,54,10
19.444544894674,72,14.8159457137808,4.62859918089315,1,C,55,10
48.3221126764251,72,15.0102066854015,33.3119059910236,1,I,56,10
18.6279268600859,72,15.029476499185,3.59845036090097,1,C,57,10
256.083333487036,72,15.076472517103,56.9235274828971,0,I,58,10
20.0194257601222,72,15.1079366449267,4.91148911519556,1,C,59,10
153.284325683231,72,15.6332301115617,56.3667698884383,0,I,60,10
31.2325715605827,72,15.826245713979,15.4063258466037,1,C,61,10
278.370473956982,72,15.9803590038791,56.0196409961209,0,I,62,10
22.3156952250814,72,16.2159913033247,6.09970392175669,1,C,63,10
34.6741124813113,72,16.432401034981,18.2417114463303,1,I,64,10
29.9464423089272,72,16.6315267095342,13.314915599393,1,C,65,10
20.4986932594109,72,17.1109298150986,3.38776344431227,1,I,66,10
19.58246611543,72,17.153159128502,2.42930698692802,1,C,67,10
243.91652412541,44.7260802868843,17.7165373088792,27.0095429780051,0,I,68,10
25.2374994889567,72,17.8006678260863,7.4368316628704,1,C,69,10
84.4906480016102,72,17.8766577132046,54.1233422867954,0,I,70,10
21.1527843520389,72,18.9381622569636,2.21462209507537,1,C,71,10
181.765095032856,72,18.9542211312801,53.0457788687199,0,I,72,10
46.2209797604551,72,19.0236890455708,27.1972907148843,1,C,73,10
91.9705360256015,72,19.0558526152745,52.9441473847255,0,I,74,10
30.0019550321312,72,19.1778050875291,10.8241499446021,1,C,75,10
641.898788167115,72,19.3726853840053,52.6273146159947,0,I,76,10
21.2413987142546,64.9778368931129,19.4199864892289,1.82141222502573,1,C,77,10
51.9523614936537,72,19.5313299866393,32.4210315070143,1,I,78,10
27.1409266972154,72,19.7632444510236,7.37768224619178,1,C,79,10
346.255701787629,72,19.8609038209543,52.1390961790457,0,I,80,10
33.6096108839008,72,20.3977106278762,13.2119002560246,1,C,81,10
24.1114249272109,42.908983138069,20.8699439512566,3.2414809759543,1,I,82,10
40.5876105673557,72,21.1526262899861,19.4349842773697,1,C,83,10
211.170082142642,72,21.1686475016177,50.8313524983823,0,I,84,10
55.0651308566258,72,21.3443245366216,33.7208063200042,1,C,85,10
364.561653450388,72,21.4564051944762,50.5435948055238,0,I,86,10
23.0942421746689,72,21.5741193993017,1.52012277536715,1,C,87,10
69.8500907949358,72,21.6114070639014,48.2386837310344,1,I,88,10
32.8295158240588,72,22.1251501562074,10.7043656678514,1,C,89,10
31.9317222329661,72,22.1474276203662,9.7842946125999,1,I,90,10
44.603549972528,72,22.3255011951551,22.2780487773729,1,C,91,10
69.0622963400069,72,22.3301477730274,46.7321485669795,1,I,92,10
30.7125733529855,72,22.4259027605876,8.28667059239782,1,C,93,10
227.162217187118,72,23.015246973373,48.984753026627,0,I,94,10
25.1727618611193,72,23.111737081781,2.06102477933824,1,C,95,10
103.305093540606,72,23.5957020521164,48.4042979478836,0,I,96,10
27.0151094712615,72,23.6439621727914,3.37114729847011,1,C,97,10
121.729855219396,72,23.7420891830698,48.2579108169302,0,I,98,10
24.4714823146163,72,24.1011417098343,0.370340604782007,1,C,99,10
43.8306354051295,72,24.252269002609,19.5783664025205,1,I,100,10
25.221763342381,72,24.3567041214556,0.865059220925472,1,C,101,10
77.7998022848649,72,24.9145054863766,47.0854945136234,0,I,102,10
48.6801866660827,72,25.1811083173379,23.4990783487448,1,C,103,10
39.6409112832251,72,25.2447385853156,14.3961726979094,1,I,104,10
34.3740849609321,72,25.460620187223,8.91346477370909,1,C,105,10
87.2465069925717,72,25.9240454016253,46.0759545983747,0,I,106,10
34.9067764308259,72,26.2526865396649,8.65408989116103,1,C,107,10
345.663696036591,72,26.6009865514934,45.3990134485066,0,I,108,10
33.1067683150987,72,26.8246654747054,6.28210284039325,1,C,109,10
45.1137010829226,72,27.5621790345758,17.5515220483468,1,I,110,10
30.4604083633806,72,27.7206023689359,2.73980599444466,1,C,111,10
64.6564359006841,72,28.049446712248,36.6069891884361,1,I,112,10
30.3260806433372,72,28.4902748605236,1.83580578281351,1,C,113,10
48.2171338505577,72,28.865421814844,19.3517120357136,1,I,114,10
35.9526495203869,72,29.0207267878577,6.93192273252923,1,C,115,10
53.8099909118559,72,29.1126835718751,24.6973073399808,1,I,116,10
48.2354581977328,72,29.2401555133984,18.9953026843345,1,C,117,10
93.847036072231,72,29.6255902340636,42.3744097659364,0,I,118,10
49.8445547968177,72,29.8422759957612,20.0022788010566,1,C,119,10
30.0902949468239,72,29.8545411648229,0.235753782001005,1,I,120,10
35.691652841651,72,30.320735857822,5.37091698382899,1,C,121,10
110.815462691525,72,30.5055824294686,41.4944175705314,0,I,122,10
42.6487077931047,68.7097118080879,30.6797729339451,11.9689348591596,1,C,123,10
55.7813027348896,72,30.8302967017517,24.951006033138,1,I,124,10
37.3090104376183,72,30.9652138408273,6.34379659679091,1,C,125,10
74.6464432999533,45.5281212454548,31.0995188914239,14.4286023540308,0,I,126,10
49.7109141373632,72,31.1828186921775,18.5280954451857,1,C,127,10
328.15260134768,72,31.5353478770703,40.4646521229297,0,I,128,10
70.7021118940023,72,32.2919793007895,38.4101325932127,1,C,129,10
117.834362016779,72,32.7009123098105,39.2990876901895,0,I,130,10
46.0283342284493,72,33.0053164483979,13.0230177800513,1,C,131,10
239.411029517401,72,33.2395145623013,38.7604854376987,0,I,132,10
41.8799818608479,72,33.2943419739604,8.58563988688754,1,C,133,10
347.018392883905,72,33.3034580061212,38.6965419938788,0,I,134,10
44.9336540067546,72,33.3194347657263,11.6142192410283,1,C,135,10
41.8193859919186,72,33.4329752577469,8.3864107341717,1,I,136,10
37.22940669419,72,33.6505052726716,3.57890142151845,1,C,137,10
84.9138677766658,72,34.0632870560512,37.9367129439488,0,I,138,10
36.1051632016819,72,34.3964097462595,1.70875345542241,1,C,139,10
116.501036229078,72,34.6960119763389,37.3039880236611,0,I,140,10
35.8942847068887,72,35.1262407610193,0.768043945869361,1,C,141,10
202.813206279513,72,35.136423362419,36.863576637581,0,I,142,10
50.2405856512308,72,35.2758147474378,14.9647709037929,1,C,143,10
270.894799169254,72,35.3071483690292,36.6928516309708,0,I,144,10
56.8194842248287,72,35.4679950093851,21.3514892154437,1,C,145,10
45.309990935552,72,35.4777309391648,9.83225999638721,1,I,146,10
41.9061122516222,72,35.6045793788508,6.30153287277146,1,C,147,10
294.254695961405,72,35.6713323807344,36.3286676192656,0,I,148,10
82.3640760959868,72,36.4515673136339,35.5484326863661,0,C,149,10
70.5034415056495,72,36.4542256621644,34.0492158434851,1,I,150,10
38.0116528491725,72,36.8526986986399,1.15895415053258,1,C,151,10
39.1827067154684,72,37.1224353136495,2.06027140181887,1,I,152,10
55.9090999121829,72,37.1324218763039,18.776678035879,1,C,153,10
179.435516389077,72,37.4293240299448,34.5706759700552,0,I,154,10
68.8644449173331,72,37.5450330879539,31.3194118293792,1,C,155,10
206.562731559642,72,37.7068084152415,34.2931915847585,0,I,156,10
61.3095734997251,72,37.7116625849158,23.5979109148094,1,C,157,10
113.363214815667,72,38.0051000369713,33.9948999630287,0,I,158,10
45.1068039752888,72,38.606899548322,6.49990442696688,1,C,159,10
57.1652526330001,72,38.9424091670662,18.2228434659338,1,I,160,10
43.8206660983083,72,39.1296058287844,4.69106026952385,1,C,161,10
80.8055984281992,72,39.142731372267,32.857268627733,0,I,162,10
52.5288321451809,72,39.2105462215841,13.3182859235968,1,C,163,10
366.898685733538,72,39.3050749227405,32.6949250772595,0,I,164,10
44.6924857384461,72,39.3246379494667,5.3678477889794,1,C,165,10
42.1690677544599,72,39.5751499012113,2.59391785324866,1,I,166,10
60.693189438047,72,40.036667981185,20.6565214568619,1,C,167,10
44.0405795321049,72,40.4820330860093,3.5585464460956,1,I,168,10
54.4113989436596,72,40.7179508032277,13.6934481404319,1,C,169,10
182.250068949696,72,40.7413122709841,31.258687729016,0,I,170,10
41.6904470457041,72,40.8197274617851,0.870719583919029,1,C,171,10
78.4060526200266,72,40.824774778448,31.175225221552,0,I,172,10
45.4703116750082,72,40.9183845994994,4.55192707550881,1,C,173,10
129.328306795366,72,41.0098656825721,30.9901343174279,0,I,174,10
54.888729638412,72,41.0225963126868,13.8661333257252,1,C,175,10
187.191067358242,72,41.3907522708178,30.6092477291822,0,I,176,10
53.4018362937075,72,41.4232449699193,11.9785913237882,1,C,177,10
157.231604027555,72,41.9087189761922,30.0912810238078,0,I,178,10
73.3777160690476,72,41.9993876433,30.0006123567,0,C,179,10
78.3397927718477,72,42.4509856849909,29.5490143150091,0,I,180,10
62.7475440415172,72,42.8822030313313,19.8653410101859,1,C,181,10
220.590345044941,72,42.8905322402716,29.1094677597284,0,I,182,10
82.0015153585903,72,43.6489114025608,28.3510885974392,0,C,183,10
134.509974356335,72,43.676043022424,28.323956977576,0,I,184,10
66.8522362366326,72,43.8329761242494,23.0192601123832,1,C,185,10
45.718959035498,72,43.8650601636618,1.85389887183616,1,I,186,10
64.6796875595799,72,44.4880509423092,20.1916366172707,1,C,187,10
107.7123572124,72,44.9246450560167,27.0753549439833,0,I,188,10
63.2319528111943,72,45.0453095370904,18.1866432741039,1,C,189,10
67.8480554511272,72,45.0968563836068,22.7511990675204,1,I,190,10
54.4016840902801,72,45.1251174509525,9.27656663932759,1,C,191,10
111.698725522792,72,45.1454086555168,26.8545913444832,0,I,192,10
45.4564977198047,72,45.2596448455006,0.196852874304084,1,C,193,10
206.605390405783,72,45.2710703434423,26.7289296565577,0,I,194,10
47.7256643935529,72,45.6674313638359,2.05823302971697,1,C,195,10
56.1939551810071,72,46.081193885766,10.1127612952411,1,I,196,10
54.0481228614129,72,46.2093957513571,7.83872711005582,1,C,197,10
59.5362111443579,72,46.2900381395593,13.2461730047985,1,I,198,10
50.9338957014092,72,46.3937118044123,4.54018389699686,1,C,199,10
53.7106737122033,72,46.4297470171005,7.28092669510288,1,I,200,10
70.3407063651842,72,46.5288283070549,23.8118780581292,1,C,201,10
200.106020755272,72,46.5409332700074,25.4590667299926,0,I,202,10
89.3770599583097,72,46.5905931126326,25.4094068873674,0,C,203,10
55.5718754161569,72,46.6142945783213,8.95758083783561,1,I,204,10
51.0691746956595,72,46.6352654574439,4.43390923821558,1,C,205,10
190.917470098338,72,46.9133605342358,25.0866394657642,0,I,206,10
54.7440451214634,72,47.2219550516456,7.52209006981771,1,C,207,10
57.6046271293585,72,47.2400887543336,10.3645383750249,1,I,208,10
62.4635017747949,72,47.8952852357179,14.568216539077,1,C,209,10
104.106964809985,72,47.9228572826833,24.0771427173168,0,I,210,10
48.4552752935209,72,48.0599449295551,0.395330363965857,1,C,211,10
157.065952916578,72,48.463332625106,23.536667374894,0,I,212,10
75.9484601304984,72,48.529130704701,23.4708692952991,0,C,213,10
64.3808192869681,72,49.0404501697049,15.3403691172632,1,I,214,10
50.8971291784907,72,49.1435074154288,1.7536217630619,1,C,215,10
143.091217615006,72,49.1550547163934,22.8449452836067,0,I,216,10
50.3638210748311,72,49.6919266087934,0.671894466037619,1,C,217,10
212.82661256702,72,49.7357571031898,22.2642428968102,0,I,218,10
53.050117900768,53.7618291665704,50.1132569974288,2.9368609033392,1,C,219,10
130.995335517554,72,50.44416165445,21.55583834555,0,I,220,10
87.3751990832709,72,50.7460105977953,21.2539894022048,0,C,221,10
88.5341885540165,72,51.5360878268257,20.4639121731743,0,I,222,10
52.7489562749208,72,51.6866868222132,1.06226945270759,1,C,223,10
112.342758429754,72,52.0248567732051,19.9751432267949,0,I,224,10
53.1906124848816,72,52.4480325914919,0.742579893389645,1,C,225,10
129.747579681131,72,52.5900528207421,19.4099471792579,0,I,226,10
62.7507915768854,72,52.7479325607419,10.0028590161435,1,C,227,10
80.9651675662921,72,53.0004522576928,18.9995477423072,0,I,228,10
59.6272215004801,72,53.3210446871817,6.30617681329834,1,C,229,10
128.216531544402,72,53.5850183246657,18.4149816753343,0,I,230,10
67.4054000681767,72,53.7139422493056,13.6914578188711,1,C,231,10
156.982594415055,72,53.9063785644248,18.0936214355752,0,I,232,10
62.7126588028873,72,54.1991078015417,8.51355100134565,1,C,233,10
77.1550654882146,72,54.2641971353442,17.7358028646559,0,I,234,10
64.316486285563,72,54.3079503625631,10.0085359229999,1,C,235,10
73.597771303918,72,55.1218409417197,16.8781590582803,0,I,236,10
78.8260113640455,72,55.2160151163116,16.7839848836884,0,C,237,10
120.31781944398,72,55.2714874735102,16.7285125264898,0,I,238,10
66.1289359877162,72,55.5213236203417,10.6076123673744,1,C,239,10
186.059845068564,72,55.6151292985305,16.3848707014695,0,I,240,10
59.6180470872879,72,55.8962658466771,3.72178124061075,1,C,241,10
79.3977433604557,72,55.922413780354,16.077586219646,0,I,242,10
62.0718992866377,72,56.1507583362982,5.92114095033956,1,C,243,10
86.5539376573177,72,56.3821665477008,15.6178334522992,0,I,244,10
58.0559303114729,72,56.6491793235764,1.4067509878965,1,C,245,10
188.795567034016,72,57.1528567420319,14.8471432579681,0,I,246,10
62.4395792344895,72,57.2106552869082,5.22892394758132,1,C,247,10
61.2559092422126,72,57.236790410243,4.01911883196961,1,I,248,10
74.1202049180548,72,57.4017150280997,14.5982849719003,0,C,249,10
58.7980076692922,72,57.4452924029902,1.35271526630205,1,I,250,10
62.9306253664485,72,57.4762222822756,5.45440308417295,1,C,251,10
107.863797939258,72,58.0900012236089,13.9099987763911,0,I,252,10
69.2526515795054,72,58.161207055673,11.0914445238324,1,C,253,10
60.8474793681899,72,58.1789361219853,2.66854324620457,1,I,254,10
73.9386202104265,72,58.4133965615183,13.5866034384817,0,C,255,10
102.008955347333,72,58.8078909600154,13.1921090399846,0,I,256,10
68.065347733807,72,59.5759291481227,8.48941858568438,1,C,257,10
65.5649765046375,72,59.7642457438633,5.80073076077421,1,I,258,10
62.5235137633654,72,59.936489565298,2.5870241980674,1,C,259,10
