t_cal_ev,t_cal_cens,t_acc,t,status,group,pat_id,sim_idx
33.5640746663568,72,0.180542422458529,33.3835322438983,1,C,1,1
0.640619455524046,72,0.326011469587684,0.314607985936362,1,I,2,1
16.9181913768699,72,0.34388265106827,16.5743087258017,1,C,3,1
3.08829021882234,72,0.374038447625935,2.71425177119641,1,I,4,1
10.3748919314956,58.7058295504301,0.697501050308347,9.67739088118728,1,C,5,1
1.17174290067102,72,0.732977287843823,0.438765612827192,1,I,6,1
30.425188874703,72,1.05008787475526,29.3751009999478,1,C,7,1
7.99029892279155,72,1.07188368681818,6.91841523597337,1,I,8,1
14.7781185178975,72,1.11126185394824,13.6668566639493,1,C,9,1
10.6863497149004,72,1.37411691248417,9.31223280241624,1,I,10,1
6.07574751015564,72,1.47734137717634,4.5984061329793,1,C,11,1
2.57579381220863,72,1.63678660523146,0.939007206977166,1,I,12,1
32.3836268070822,38.7618620823249,2.38330329302698,30.0003235140552,1,C,13,1
25.8802054994411,72,2.80511601828039,23.0750894811607,1,I,14,1
8.92679956403479,21.0663211946325,2.80810191761702,6.11869764641777,1,C,15,1
4.51581991187521,72,2.90613987017423,1.60968004170098,1,I,16,1
9.32453950788724,72,2.91744229383767,6.40709721404957,1,C,17,1
12.468733994087,72,3.23776820674539,9.2309657873416,1,I,18,1
10.1371501576186,72,3.48123283591121,6.6559173217074,1,C,19,1
15.7959441092119,72,3.56911004986614,12.2268340593458,1,I,20,1
15.7469789822273,72,3.57514687813818,12.1718321040891,1,C,21,1
30.0428680160895,72,3.71306719724089,26.3298008188486,1,I,22,1
12.5576247622073,72,4.38554864376783,8.17207611843946,1,C,23,1
54.2741990127366,72,4.59697476122528,49.6772242515113,1,I,24,1
7.33749665639049,72,4.60440892260522,2.73308773378527,1,C,25,1
6.11611426462888,72,4.6548229129985,1.46129135163038,1,I,26,1
41.4570768127413,72,5.20112770143896,36.2559491113023,1,C,27,1
8.24882741957957,72,5.28149594552815,2.96733147405142,1,I,28,1
11.840720084497,72,5.36895772442222,6.47176236007478,1,C,29,1
27.4976449138429,72,6.06683237012476,21.4308125437181,1,I,30,1
10.1517871410859,72,6.18192750960589,3.96985963147997,1,C,31,1
14.2114786619878,72,6.26474955584854,7.94672910613926,1,I,32,1
13.0539594230949,72,6.63220681250095,6.42175261059399,1,C,33,1
10.0335035663327,72,6.78891086485237,3.24459270148032,1,I,34,1
18.4176300272667,72,7.3552056401968,11.0624243870699,1,C,35,1
9.00200628084172,72,7.7374037867412,1.26460249410052,1,I,36,1
22.0432257556236,72,7.75197349023074,14.2912522653929,1,C,37,1
10.1846252975669,72,7.76438815053552,2.42023714703137,1,I,38,1
22.0615250325981,72,8.23516166768968,13.8263633649084,1,C,39,1
81.3845654265611,72,9.02464650571346,62.9753534942865,0,I,40,1
17.9051521756327,72,9.42654670681804,8.47860546881468,1,C,41,1
30.1073936130683,72,9.49670028872788,20.6106933243405,1,I,42,1
12.4292721657817,72,10.1233329344541,2.30593923132761,1,C,43,1
14.2080869331883,72,10.4264134028926,3.78167353029564,1,I,44,1
31.5046548992861,72,10.4391487268731,21.065506172413,1,C,45,1
52.245751639422,72,10.8234230289236,41.4223286104984,1,I,46,1
27.9194211785268,72,10.8866520551965,17.0327691233303,1,C,47,1
16.4720499827129,72,11.5526299970225,4.91941998569047,1,I,48,1
13.9025210384787,72,11.8117097765207,2.09081126195795,1,C,49,1
16.0992872365339,72,12.5270692259073,3.57221801062657,1,I,50,1
50.6964350957572,72,13.018835708499,37.6775993872583,1,C,51,1
38.6375162328013,72,13.1288671586663,25.508649074135,1,I,52,1
22.2085807464685,72,13.301934460178,8.90664628629052,1,C,53,1
14.5540008198835,72,13.4439485287294,1.11005229115411,1,I,54,1
23.5163387107673,72,13.460754272528,10.0555844382393,1,C,55,1
23.621346411631,72,14.1049036430195,9.51644276861153,1,I,56,1
17.2576271904288,72,14.118779967539,3.1388472228898,1,C,57,1
23.5914476345651,72,14.3643054971471,9.22714213741791,1,I,58,1
78.2759893902175,72,14.4253124669194,57.5746875330806,0,C,59,1
14.73736283029,72,14.697856712155,0.0395061181349263,1,I,60,1
16.9864656734668,32.9458755432778,15.4962656507269,1.49020002273997,1,C,61,1
48.6642117257049,72,15.9436629898846,32.7205487358203,1,I,62,1
18.1797004575184,72,16.1846538120881,1.9950466454303,1,C,63,1
24.6845321415678,72,16.278756824322,8.40577531724579,1,I,64,1
56.0666976065313,72,16.3536888174713,39.7130087890601,1,C,65,1
24.1273410151211,72,16.5642684604973,7.56307255462388,1,I,66,1
23.7886674116515,70.2138836538603,16.8231247644871,6.96554264716436,1,C,67,1
26.7888384869768,72,17.2260918421671,9.56274664480968,1,I,68,1
34.9624560742847,72,17.3994971998036,17.5629588744811,1,C,69,1
23.3666318639213,72,18.3252219110727,5.04140995284858,1,I,70,1
41.4389394539988,72,18.8308137981221,22.6081256558767,1,C,71,1
23.4195756747044,72,18.8516963738948,4.5678793008096,1,I,72,1
20.7935667690534,72,19.1498049907386,1.64376177831481,1,C,73,1
32.0141286812376,72,19.2114608595148,12.8026678217228,1,I,74,1
47.6012051092087,72,19.2407075129449,28.3604975962637,1,C,75,1
37.0575518885554,72,19.8154817009345,17.242070187621,1,I,76,1
30.4099147178673,72,19.830651730299,10.5792629875683,1,C,77,1
27.4736954715343,72,19.9475624738261,7.52613299770815,1,I,78,1
28.3885002087424,72,20.3067847061902,8.08171550255216,1,C,79,1
38.298358127456,72,20.3979879571125,17.9003701703435,1,I,80,1
29.8209884455364,72,20.6319796806201,9.18900876491626,1,C,81,1
37.1055140205778,72,20.733833508566,16.3716805120118,1,I,82,1
32.8500749985291,72,20.767394551076,12.0826804474531,1,C,83,1
25.6771787683164,72,21.3977242726833,4.27945449563311,1,I,84,1
35.3417792828114,72,21.4547005528584,13.8870787299529,1,C,85,1
69.1958211158224,72,21.5211589867249,47.6746621290975,1,I,86,1
35.4383902261162,72,21.5939070051536,13.8444832209626,1,C,87,1
23.0439826439218,72,21.7362670088187,1.30771563510311,1,I,88,1
30.2384869162568,72,22.1990963257849,8.03939059047186,1,C,89,1
25.1824870968575,72,22.2607802879065,2.921706808951,1,I,90,1
34.5639606013813,72,22.3326127650216,12.2313478363597,1,C,91,1
44.3539468265992,72,22.4189770314842,21.9349697951149,1,I,92,1
33.4363347848501,72,22.659678356722,10.7766564281281,1,C,93,1
27.9139087732083,72,22.6959390565753,5.21796971663301,1,I,94,1
25.4153119500403,52.662850498124,22.7603155374527,2.65499641258763,1,C,95,1
28.6565702034356,72,23.2564093312249,5.40016087221079,1,I,96,1
49.1458197925613,72,23.4550205105916,25.6907992819697,1,C,97,1
49.9406654789404,72,23.5230558877811,26.4176095911593,1,I,98,1
36.056045789743,72,24.0999811515212,11.9560646382217,1,C,99,1
41.3726218303997,72,24.5912825502455,16.7813392801542,1,I,100,1
30.9467301338595,72,25.8280781004578,5.11865203340171,1,C,101,1
35.4466455895559,72,25.8769825519994,9.56966303755654,1,I,102,1
33.2410895968072,72,26.1490537645295,7.09203583227764,1,C,103,1
51.4944766553262,72,26.1575029604137,25.3369736949125,1,I,104,1
71.4364920227559,72,26.8212844664231,44.6152075563328,1,C,105,1
42.7220724339947,61.8302898207273,27.2789457812905,15.4431266527042,1,I,106,1
28.4301159078014,72,27.4523977562785,0.977718151522864,1,C,107,1
32.3828941997218,72,27.5622080080211,4.82068619170064,1,I,108,1
43.0036847081219,72,27.828157232143,15.1755274759789,1,C,109,1
38.2503930877135,72,27.9573506209999,10.2930424667135,1,I,110,1
41.2561427072236,72,28.0871469760314,13.1689957311922,1,C,111,1
39.2913778216062,72,28.1517254468054,11.1396523748009,1,I,112,1
34.3846267220732,72,28.8767743762583,5.50785234581492,1,C,113,1
32.8949352171313,72,29.0542587591335,3.84067645799775,1,I,114,1
35.3049936378156,72,29.0584964957088,6.24649714210675,1,C,115,1
134.021071323987,72,29.1390556097031,42.8609443902969,0,I,116,1
64.0395424684712,72,29.4397498341277,34.5997926343434,1,C,117,1
35.6385861815275,72,29.468927225098,6.16965895642949,1,I,118,1
41.2473139872817,72,29.611563468352,11.6357505189298,1,C,119,1
37.3212003917724,72,29.92897819262,7.39222219915241,1,I,120,1
41.3053593576894,72,30.0101813161746,11.2951780415149,1,C,121,1
37.5450096094923,72,30.2290387451649,7.31597086432741,1,I,122,1
36.317712867467,72,30.5152237275615,5.80248913990545,1,C,123,1
54.169639276221,72,30.7054411852732,23.4641980909477,1,I,124,1
31.2191652997982,72,30.7565403683111,0.462624931487109,1,C,125,1
45.0183787758742,72,30.8496707724407,14.1687080034334,1,I,126,1
31.4414165944456,72,30.9273836715147,0.514032922930936,1,C,127,1
50.611978814327,72,31.0967767657712,19.5152020485558,1,I,128,1
37.0716759309017,72,31.1382505344227,5.93342539647895,1,C,129,1
37.4537705785093,72,31.195074794814,6.25869578369531,1,I,130,1
34.7669449314626,72,31.4645180571824,3.30242687428014,1,C,131,1
37.8208700414246,72,31.6640779701993,6.15679207122534,1,I,132,1
35.4425874485041,72,31.729710646905,3.71287680159912,1,C,133,1
34.8468044110375,72,32.2042302461341,2.6425741649034,1,I,134,1
45.457998629833,72,32.2392061958089,13.218792434024,1,C,135,1
34.7539129307479,72,32.2728664241731,2.4810465065748,1,I,136,1
73.608478551663,72,32.464864673093,39.535135326907,0,C,137,1
39.1897829235377,72,32.522817584686,6.66696533885175,1,I,138,1
51.6009529235743,72,32.9593836050481,18.6415693185262,1,C,139,1
42.7474459274583,72,32.9894371563569,9.75800877110143,1,I,140,1
44.7897960747419,72,33.3430904801935,11.4467055945484,1,C,141,1
75.4504274605387,72,33.3797524357215,38.6202475642785,0,I,142,1
56.7675436155232,36.7210465815069,33.5294644860551,3.19158209545179,0,C,143,1
50.1082878666262,72,34.0172764984891,16.0910113681371,1,I,144,1
39.4144931619957,72,34.1679806029424,5.24651255905332,1,C,145,1
41.3519096815283,61.0401752495514,34.8724345536903,6.47947512783804,1,I,146,1
35.3130661021384,72,35.2850208291784,0.0280452729600288,1,C,147,1
59.6852472178736,72,35.4347842326388,24.2504629852348,1,I,148,1
37.9661286935612,72,35.6247525941581,2.34137609940317,1,C,149,1
36.0362634255914,72,35.8668228099123,0.169440615679105,1,I,150,1
55.0291498923953,72,36.9827821757644,18.0463677166309,1,C,151,1
57.3364395142141,72,37.2101762378588,20.1262632763552,1,I,152,1
73.6396436910952,72,37.2160069970414,34.7839930029586,0,C,153,1
60.7084655162774,72,38.595599164255,22.1128663520224,1,I,154,1
39.4806540598033,72,38.7579180160537,0.722736043749606,1,C,155,1
102.370576494633,72,39.1759417159483,32.8240582840517,0,I,156,1
95.1875023055981,72,39.2211791686714,32.7788208313286,0,C,157,1
40.8637940131407,72,39.2888664454222,1.57492756771849,1,I,158,1
45.8408991543565,72,39.7081329161301,6.13276623822636,1,C,159,1
55.0678863554015,72,39.9685924267396,15.0992939286619,1,I,160,1
51.6935054234982,72,40.0592092517763,11.6342961717218,1,C,161,1
43.3108590152013,72,40.9786459151655,2.33221310003575,1,I,162,1
52.8383192776745,72,41.0189608996734,11.8193583780011,1,C,163,1
55.8604322181892,72,41.2024149857461,14.658017232443,1,I,164,1
48.2854335663383,72,41.371031482704,6.91440208363426,1,C,165,1
68.0800553943481,72,42.0906384615228,25.9894169328253,1,I,166,1
46.7645560548655,72,42.6410281285644,4.12352792630118,1,C,167,1
45.5032958820312,72,42.8524751029909,2.65082077904036,1,I,168,1
59.207271173059,72,43.1877248128876,16.0195463601714,1,C,169,1
49.8754480575722,72,43.6150870285928,6.26036102897937,1,I,170,1
44.4186655957045,72,43.6436441866681,0.77502140903643,1,C,171,1
54.3540320941681,72,44.0922016091645,10.2618304850036,1,I,172,1
48.5858821674836,72,44.1741796536371,4.41170251384648,1,C,173,1
60.099752603758,72,44.518587780185,15.581164823573,1,I,174,1
57.3791250689438,72,44.8215629300103,12.5575621389335,1,C,175,1
74.8420993828488,72,45.1706426683813,26.8293573316187,0,I,176,1
61.6444585827526,72,45.4828507779166,16.161607804836,1,C,177,1
65.1052245140988,72,45.4965955903754,19.6086289237235,1,I,178,1
53.815362079513,51.911329290181,45.5315273534507,6.3798019367303,0,C,179,1
51.4245484361857,72,45.6794318603352,5.7451165758505,1,I,180,1
63.5642542721189,72,45.7408929616213,17.8233613104976,1,C,181,1
54.915946843101,72,45.8482349384576,9.06771190464342,1,I,182,1
48.8420797507597,72,45.8509894832969,2.99109026746278,1,C,183,1
52.1596189938247,72,46.2596363201737,5.89998267365091,1,I,184,1
58.8409896927936,72,46.2968215998262,12.5441680929674,1,C,185,1
55.3261346366998,72,46.7388837877661,8.58725084893366,1,I,186,1
58.9968842974405,52.5255585842762,46.7923736153171,5.73318496895918,0,C,187,1
47.5815889699424,72,46.9798518810421,0.601737088900293,1,I,188,1
61.1865889063946,51.6520244790011,47.0928976451978,4.5591268338033,0,C,189,1
63.8919633889591,72,47.130799270235,16.761164118724,1,I,190,1
64.287568440491,72,47.1873188205063,17.1002496199847,1,C,191,1
83.2239474867557,72,47.3988868994638,24.6011131005362,0,I,192,1
54.4216907770335,72,47.4329066555947,6.98878412143874,1,C,193,1
57.5553674441238,60.6444624735815,47.4590708920732,10.0962965520506,1,I,194,1
49.0559836098769,72,47.5444122590125,1.5115713508644,1,C,195,1
80.9982198617428,72,47.8485977975652,24.1514022024348,0,I,196,1
53.2273402784126,72,48.0234152125195,5.20392506589308,1,C,197,1
84.4786520580444,72,48.3329227706417,23.6670772293583,0,I,198,1
58.9189894107477,72,48.5106848459691,10.4083045647786,1,C,199,1
48.6563719394843,72,48.6017881007865,0.0545838386977978,1,I,200,1
78.3306534697549,65.0714196658933,49.2598509136587,15.8115687522346,0,C,201,1
73.8107875844366,72,49.5311573334038,22.4688426665962,0,I,202,1
51.8552188313377,72,49.9846483021975,1.87057052914026,1,C,203,1
64.9441937094823,72,50.0443056877703,14.899888021712,1,I,204,1
81.1497526062242,69.742675834445,50.1127410773188,19.6299347571262,0,C,205,1
55.6412607755863,72,50.5426184087992,5.0986423667871,1,I,206,1
55.2125363823521,72,51.6406408231705,3.57189555918158,1,C,207,1
58.0609541397967,72,51.8064030446112,6.25455109518545,1,I,208,1
57.0083358245657,72,51.8209332833067,5.18740254125903,1,C,209,1
61.2579517923339,72,52.2396850772202,9.0182667151137,1,I,210,1
56.1617520539928,72,52.3906714562327,3.7710805977601,1,C,211,1
78.1057037856773,72,52.4833625089377,19.5166374910623,0,I,212,1
56.2555394745541,72,52.9140261467546,3.34151332779945,1,C,213,1
83.5054811708872,72,52.9460933525115,19.0539066474885,0,I,214,1
54.5646768254309,72,54.1416584188119,0.423018406619061,1,C,215,1
90.6928874905701,72,54.2709568608552,17.7290431391448,0,I,216,1
56.5138836307149,72,54.3393605807796,2.17452304993524,1,C,217,1
58.8807899957364,72,54.7701206244528,4.11066937128361,1,I,218,1
68.6937110780583,72,55.2804619492963,13.413249128762,1,C,219,1
73.641345296247,72,55.3894064482302,16.6105935517699,0,I,220,1
84.5482413721515,72,55.8773727994412,16.1226272005588,0,C,221,1
65.0193728284196,72,56.0161112202331,9.00326160818645,1,I,222,1
57.5205487470432,72,56.8797390349209,0.640809712122217,1,C,223,1
58.0441810747351,72,57.0131644047797,1.03101666995544,1,I,224,1
90.7856499607717,72,57.3161147441715,14.6838852558285,0,C,225,1
87.2466216744312,72,57.6927929045633,14.3072070954368,0,I,226,1
81.8325317554075,72,57.788303475827,14.211696524173,0,C,227,1
62.3201834825754,72,57.7927294699475,4.52745401262791,1,I,228,1
89.5132001932778,72,58.0643848702312,13.9356151297688,0,C,229,1
71.8416938389217,72,58.2100605452433,13.6316332936783,1,I,230,1
60.7192994849293,72,58.2232253160328,2.49607416889649,1,C,231,1
59.7151523718446,72,58.9237237628549,0.791428608989659,1,I,232,1
59.826588990461,72,59.1436062427238,0.682982747737206,1,C,233,1
90.4162525038126,72,59.4755405047908,12.5244594952092,0,I,234,1
85.461181202124,72,59.5581829547882,12.4418170452118,0,C,235,1
69.0075425375048,72,59.5650078635663,9.44253467393851,1,I,236,1
4.09584200287127,72,0.0144103774800897,4.08143162539118,1,I,1,2
26.2660539292024,72,0.10138001292944,26.164673916273,1,C,2,2
28.0340536998536,72,0.457734502851963,27.5763191970017,1,I,3,2
9.08985897120905,72,0.54255532566458,8.54730364554447,1,C,4,2
7.92554939548076,72,0.773519254289568,7.15203014119119,1,I,5,2
32.6716684614304,72,1.23551127500832,31.4361571864221,1,C,6,2
4.61469443961103,34.0797698208116,1.40805561561137,3.20663882399966,1,I,7,2
33.700129556069,72,1.5078554302454,32.1922741258236,1,C,8,2
6.050505408587,48.2945322441129,1.65256551001221,4.39793989857479,1,I,9,2
28.2376227248826,9.91470014234079,1.75440299324691,8.16029714909388,0,C,10,2
2.15054607695721,72,1.78098132368177,0.369564753275442,1,I,11,2
52.4169958866376,72,1.87991978600621,50.5370761006313,1,C,12,2
68.8128298582489,72,1.89491981640458,66.9179100418443,1,I,13,2
13.1591461410466,72,2.71460588090122,10.4445402601454,1,C,14,2
133.251304667789,72,3.15658904146403,68.843410958536,0,I,15,2
18.9787025823754,72,3.41914888937026,15.5595536930051,1,C,16,2
42.288731514994,72,4.18450891971588,38.1042225952782,1,I,17,2
10.5786391888123,72,4.88828826695681,5.69035092185553,1,C,18,2
13.7418521733807,72,5.29761818703264,8.44423398634804,1,I,19,2
63.8833739892704,72,5.48125064000487,58.4021233492656,1,C,20,2
14.7083540153653,72,5.67328875884414,9.03506525652111,1,I,21,2
27.2815287087562,57.4881362694483,5.82912722602487,21.4524014827314,1,C,22,2
13.5719174189904,72,6.40323364175856,7.1686837772318,1,I,23,2
7.23397326374495,72,6.48559056222439,0.748382701520561,1,C,24,2
23.3570101111926,72,6.49410334881395,16.8629067623787,1,I,25,2
8.11325296702795,72,6.61895331926644,1.49429964776151,1,C,26,2
36.4940484420418,72,6.74680753145367,29.7472409105882,1,I,27,2
54.6278053646714,72,7.20991618931294,47.4178891753585,1,C,28,2
24.2983511679718,72,7.34735798556358,16.9509931824083,1,I,29,2
11.4607878327501,65.8045085705713,7.72280399221927,3.73798384053083,1,C,30,2
66.6876274403457,72,7.82305522821844,58.8645722121273,1,I,31,2
32.3773145267975,72,8.46597129944712,23.9113432273504,1,C,32,2
41.6685306856222,72,8.6066714907065,33.0618591949157,1,I,33,2
17.9806798254096,72,9.00097566191107,8.9797041634985,1,C,34,2
28.3314345754739,72,9.1680503077805,19.1633842676934,1,I,35,2
12.150360939018,72,9.1757655562833,2.97459538273467,1,C,36,2
33.9434514723671,72,9.1828909702599,24.7605605021072,1,I,37,2
15.4691170106978,72,9.19375909958035,6.27535791111741,1,C,38,2
24.4532341658974,31.8728465633682,9.40015914849937,15.0530750173981,1,I,39,2
22.2141269526326,72,9.41499799489975,12.7991289577329,1,C,40,2
13.6031122929989,72,9.53553259838372,4.06757969461518,1,I,41,2
31.354932430408,72,9.725715466775,21.629216963633,1,C,42,2
39.1598191509671,72,9.80423948261887,29.3555796683483,1,I,43,2
10.7842820003683,72,9.93628717493266,0.847994825435658,1,C,44,2
49.4623549659266,72,9.94408235885203,39.5182726070746,1,I,45,2
11.1212894955281,72,10.0155199924484,1.10576950307974,1,C,46,2
14.1987632839606,72,10.4221124108881,3.77665087307248,1,I,47,2
15.0617635564629,72,11.1513237515464,3.91043980491651,1,C,48,2
17.5427346785891,72,11.1823926027864,6.36034207580263,1,I,49,2
23.9064034002763,72,11.6948135336861,12.2115898665902,1,C,50,2
12.308809319008,72,11.855104258284,0.453705060724043,1,I,51,2
16.6005158819533,72,11.8948085093871,4.7057073725662,1,C,52,2
35.2159383293245,72,12.0766200777143,23.1393182516102,1,I,53,2
33.5697272583594,72,12.2225140174851,21.3472132408743,1,C,54,2
24.451389655182,72,12.7723047696054,11.6790848855766,1,I,55,2
30.2230350789349,72,12.8831165609881,17.3399185179468,1,C,56,2
15.1195401488456,72,13.0519790668041,2.06756108204153,1,I,57,2
26.7848875221817,72,13.3911809278652,13.3937065943165,1,C,58,2
40.3712055905627,72,13.6760916374624,26.6951139531003,1,I,59,2
22.7053230609785,72,14.0083999978378,8.69692306314063,1,C,60,2
36.2231695567751,72,14.0437347628176,22.1794347939575,1,I,61,2
16.4239505577266,72,14.1949983173981,2.22895224032846,1,C,62,2
25.7315005913656,72,14.1980042355135,11.5334963558521,1,I,63,2
22.1356915461901,72,14.2720120679587,7.86367947823134,1,C,64,2
21.0954492503804,72,14.3440053937957,6.75144385658473,1,I,65,2
40.6918915511229,72,14.5164389815182,26.1754525696048,1,C,66,2
18.1162142822592,72,14.5953523088247,3.52086197343451,1,I,67,2
25.2027192055987,72,14.7684284392744,10.4342907663243,1,C,68,2
25.2893762334603,72,15.6846666801721,9.60470955328824,1,I,69,2
25.0314286980454,72,16.4063312206417,8.62509747740365,1,C,70,2
20.7907254805592,72,16.4168088510633,4.3739166294959,1,I,71,2
44.5991697983587,72,16.7187970876694,27.8803727106893,1,C,72,2
70.1436977265832,72,16.7321984656155,53.4114992609677,1,I,73,2
31.7880028934502,72,17.5727494759485,14.2152534175017,1,C,74,2
25.2034325010651,72,18.056557844393,7.14687465667215,1,I,75,2
20.6205662494624,72,18.4434557240456,2.17711052541678,1,C,76,2
56.2541116598223,72,18.7895537540317,37.4645579057907,1,I,77,2
26.3209084229896,72,19.0989627689123,7.22194565407724,1,C,78,2
39.6200140557581,72,19.2048014514148,20.4152126043433,1,I,79,2
22.8207524431705,72,19.2864425573498,3.53430988582072,1,C,80,2
58.9267192224463,72,19.6814334578812,39.2452857645651,1,I,81,2
33.6304438093029,27.4904579791383,19.7493882570416,7.74106972209672,0,C,82,2
21.1205146174002,72,19.770160834305,1.35035378309522,1,I,83,2
31.1876632928224,72,20.0607548933476,11.1269083994748,1,C,84,2
47.3468254268937,40.3885965624594,20.1136563112959,20.2749402511635,0,I,85,2
33.5948379336809,72,20.5522325215861,13.0426054120948,1,C,86,2
29.3256568211976,72,20.8576978370547,8.46795898414287,1,I,87,2
28.697775345641,72,21.3628959842026,7.33487936143841,1,C,88,2
21.8548133898531,45.3512079422038,21.4762106398121,0.378602750041092,1,I,89,2
34.3498160011151,72,21.7515080887824,12.5983079123327,1,C,90,2
35.5575811973716,72,21.8344178237021,13.7231633736695,1,I,91,2
22.9628805858189,72,21.9808490993455,0.98203148647335,1,C,92,2
39.5981926101634,72,22.2286747070029,17.3695179031604,1,I,93,2
68.1633353848066,72,22.262897095643,45.9004382891636,1,C,94,2
28.9624417935615,72,22.6683379244059,6.29410386915552,1,I,95,2
25.6721394814304,72,22.9710752656683,2.70106421576205,1,C,96,2
42.4362369865837,72,23.12243913766,19.3137978489237,1,I,97,2
32.4771329987637,72,23.7865137169138,8.69061928184991,1,C,98,2
42.8876897348933,72,23.8401839369908,19.0475057979025,1,I,99,2
86.7459051451654,72,23.9054764900357,48.0945235099644,0,C,100,2
27.7853533382678,72,24.3863784894347,3.39897484883311,1,I,101,2
36.5437889653927,72,25.1056712167338,11.438117748659,1,C,102,2
28.6573638353298,72,25.2500510774553,3.40731275787448,1,I,103,2
44.3012511794741,72,25.2503153169528,19.0509358625214,1,C,104,2
28.4171375758977,72,25.3222664957866,3.09487108011113,1,I,105,2
28.9519092583601,72,25.4825676558539,3.46934160250617,1,C,106,2
34.4080367278473,72,25.5667879711837,8.84124875666362,1,I,107,2
34.3310061426624,72,25.7466201670468,8.58438597561563,1,C,108,2
34.8473265006631,72,25.9233703091741,8.92395619148906,1,I,109,2
62.7813390730291,72,26.0082529764622,36.7730860965668,1,C,110,2
62.9903800790027,72,26.1472076363862,36.8431724426166,1,I,111,2
41.2858595497602,72,26.2484887428582,15.037370806902,1,C,112,2
29.7937144669648,72,26.2925924314186,3.50112203554624,1,I,113,2
62.3183265853288,72,26.3861398212612,35.9321867640676,1,C,114,2
34.5898444061983,72,26.4085126854479,8.1813317207504,1,I,115,2
50.8979460790257,72,27.1281123301014,23.7698337489243,1,C,116,2
31.1607452465603,72,27.2604381060228,3.90030714053755,1,I,117,2
40.1506578234183,72,27.4282886087894,12.7223692146288,1,C,118,2
47.2797175116884,72,27.4816587986425,19.7980587130459,1,I,119,2
36.7860482148214,72,27.5995539966971,9.18649421812438,1,C,120,2
33.8003925905202,72,27.7316745417193,6.06871804880095,1,I,121,2
45.0235186191674,72,27.8367351181805,17.1867835009869,1,C,122,2
30.5187873526829,72,28.2639742037281,2.2548131489548,1,I,123,2
40.2914688550719,72,28.3410048438236,11.9504640112483,1,C,124,2
36.984028874295,72,28.4147017356008,8.56932713869417,1,I,125,2
35.7702571946855,72,29.0252324659377,6.74502472874775,1,C,126,2
39.8948202444581,72,29.0297858091071,10.865034435351,1,I,127,2
36.2740175506935,72,29.7113260673359,6.56269148335761,1,C,128,2
30.9753375092342,72,29.7406040411443,1.23473346808998,1,I,129,2
30.8425840253096,72,29.7990677179769,1.04351630733273,1,C,130,2
30.4761759743368,72,30.0663952203468,0.409780753990087,1,I,131,2
38.859165659249,72,30.306592527777,8.55257313147209,1,C,132,2
66.0006727479787,72,30.6891370145604,35.3115357334183,1,I,133,2
56.4598090666802,72,30.8916942123324,25.5681148543479,1,C,134,2
31.7517929921901,72,31.0371802188456,0.714612773344494,1,I,135,2
36.3879080687338,72,31.0538228368387,5.33408523189514,1,C,136,2
40.4392357337747,72,31.4071554969996,9.03208023677509,1,I,137,2
35.2050830061435,72,31.4544147346169,3.75066827152664,1,C,138,2
37.436125152766,72,31.6576626431197,5.77846250964627,1,I,139,2
34.8232500021744,72,31.8590338295326,2.96421617264182,1,C,140,2
34.5122444612048,72,31.9978953246027,2.5143491366021,1,I,141,2
40.0545039483326,72,32.3500916641206,7.70441228421208,1,C,142,2
40.9297033609159,72,32.4624336278066,8.46726973310931,1,I,143,2
54.1497154726692,72,32.5450751697645,21.6046403029047,1,C,144,2
39.8560075201923,72,32.7428272040561,7.11318031613617,1,I,145,2
50.4482389841827,72,32.7525239624083,17.6957150217743,1,C,146,2
107.06005452914,72,32.9733209917322,39.0266790082678,0,I,147,2
48.6369652296327,72,33.1891733128577,15.447791916775,1,C,148,2
50.3858909114879,72,33.1962443562225,17.1896465552654,1,I,149,2
35.4572882797034,72,33.961862702854,1.49542557684943,1,C,150,2
35.6771611660033,72,33.9876046590507,1.68955650695257,1,I,151,2
54.4352312404775,72,34.0394385159016,20.3957927245759,1,C,152,2
45.2657424714355,72,34.2483834782615,11.017358993174,1,I,153,2
38.0422138720628,72,34.6770991338417,3.36511473822115,1,C,154,2
36.0970340352215,72,34.7839028108865,1.31313122433497,1,I,155,2
71.0835419659181,72,34.9402681784704,36.1432737874477,1,C,156,2
60.0118396060356,72,35.2293876931071,24.7824519129284,1,I,157,2
71.1557435154136,72,35.4435443133116,35.712199202102,1,C,158,2
43.0487275616809,72,35.6392222456634,7.40950531601746,1,I,159,2
37.6715188598557,72,35.7976419338957,1.87387692596008,1,C,160,2
53.4122147688216,72,36.4727754006162,16.9394393682053,1,I,161,2
46.9418451276717,72,36.5106478566304,10.4311972710413,1,C,162,2
95.3348709613515,72,36.6689573647454,35.3310426352546,0,I,163,2
67.9869694684477,72,36.694818274118,31.2921511943297,1,C,164,2
59.1308069667562,72,36.7278525838628,22.4029543828933,1,I,165,2
55.703128346297,72,36.9646020792425,18.7385262670545,1,C,166,2
47.9054740434647,72,37.1386233530939,10.7668506903709,1,I,167,2
41.9761967750324,70.6641813957562,37.1397833526135,4.83641342241891,1,C,168,2
101.942658983041,72,37.1456787502393,34.8543212497607,0,I,169,2
39.6650862954029,72,37.1641106670722,2.5009756283307,1,C,170,2
43.322375505134,72,37.3055853741244,6.01679013100964,1,I,171,2
76.8829112959006,72,37.3580004600808,34.6419995399192,0,C,172,2
46.5955189940956,56.7066335041838,37.7489824360237,8.84653655807196,1,I,173,2
50.0001846294859,72,37.8480327269062,12.1521519025797,1,C,174,2
66.9599586627668,72,37.9626464098692,28.9973122528976,1,I,175,2
46.3794445309076,72,38.2035353081301,8.17590922277753,1,C,176,2
45.648866222772,72,38.2677605934441,7.38110562932787,1,I,177,2
47.8642261413957,72,39.4919252302498,8.37230091114597,1,C,178,2
67.1309443762748,62.56541141722,39.6560706244782,22.9093407927418,0,I,179,2
51.6922295530685,49.2544990411678,39.7458320204169,9.50866702075098,0,C,180,2
90.0360197314357,40.1637407880128,39.8145913565531,0.34914943145963,0,I,181,2
69.9055504386113,72,40.1462109060958,29.7593395325155,1,C,182,2
62.9115836201179,72,40.5843255249783,22.3272580951396,1,I,183,2
42.4535486748341,72,40.7439520955086,1.70959657932547,1,C,184,2
112.280575982974,72,41.3319791061804,30.6680208938196,0,I,185,2
45.1709619976315,72,41.3977415068075,3.77322049082396,1,C,186,2
43.3602296617744,72,41.6431958321482,1.71703382962618,1,I,187,2
43.0942557138398,72,41.8994172010571,1.19483851278271,1,C,188,2
49.3367612029303,72,43.1235331809148,6.21322802201552,1,I,189,2
44.8955257377449,72,43.4899766603485,1.40554907739646,1,C,190,2
45.9945508625907,72,43.7988060666248,2.19574479596583,1,I,191,2
49.6781222421781,72,44.1173791419715,5.56074310020661,1,C,192,2
51.4361763805683,72,44.3730573076755,7.06311907289284,1,I,193,2
73.1548707160115,72,44.4212309690192,27.5787690309808,0,C,194,2
46.3839606842077,72,44.568551746197,1.81540893801062,1,I,195,2
49.7333877788796,72,44.6842862572521,5.04910152162748,1,C,196,2
50.2869702116255,72,44.9724897835404,5.31448042808512,1,I,197,2
46.5620160420436,72,45.2390146208927,1.3230014211509,1,C,198,2
66.8832964617063,72,45.3019039984793,21.5813924632271,1,I,199,2
64.698248388817,72,45.5639116605744,19.1343367282426,1,C,200,2
51.5353062480262,72,45.5997110763565,5.93559517166977,1,I,201,2
47.138970994407,72,45.9042856190354,1.23468537537167,1,C,202,2
64.7989659131563,72,46.0132904816419,18.7856754315144,1,I,203,2
57.4814517086668,72,46.1032316135243,11.3782200951425,1,C,204,2
53.6357311718708,72,46.4800289645791,7.1557022072917,1,I,205,2
48.0712569550461,72,46.7701596720144,1.3010972830317,1,C,206,2
51.1314152488041,72,46.8101485446096,4.32126670419457,1,I,207,2
56.2820940311961,72,47.6128350337967,8.66925899739932,1,C,208,2
59.170586381144,72,48.502881671302,10.667704709842,1,I,209,2
72.7165204871398,72,48.6444734036923,23.3555265963078,0,C,210,2
53.6631870490771,72,48.7087695579976,4.95441749107949,1,I,211,2
60.3407651608332,72,48.7832806399092,11.557484520924,1,C,212,2
58.6282446780371,72,48.9123356854543,9.71590899258274,1,I,213,2
59.9392770127592,72,48.9655339624733,10.9737430502859,1,C,214,2
60.2107300920843,72,49.2168037220836,10.9939263700007,1,I,215,2
119.926125006839,72,49.4674994889647,22.5325005110353,0,C,216,2
72.9047188282632,72,49.5703764958307,22.4296235041693,0,I,217,2
58.9163900404903,72,49.7359080333263,9.18048200716403,1,C,218,2
65.30032176112,72,50.4333334229887,14.8669883381314,1,I,219,2
62.1514503260401,72,51.1499460786581,11.001504247382,1,C,220,2
78.7150192774162,72,51.5782242827117,20.4217757172883,0,I,221,2
58.8435721038014,72,51.7367953760549,7.10677672774646,1,C,222,2
70.1797049000031,72,51.8391777388752,18.340527161128,1,I,223,2
58.0438574870188,72,51.9987628888339,6.04509459818488,1,C,224,2
53.6685918379719,72,52.2183659439907,1.45022589398127,1,I,225,2
79.2982165345305,72,52.2744883177802,19.7255116822198,0,C,226,2
55.1816769446527,72,52.4455847404897,2.73609220416301,1,I,227,2
57.9114189964396,72,52.5073698861525,5.4040491102871,1,C,228,2
130.3420424462,72,53.1738789891824,18.8261210108176,0,I,229,2
64.7770331738817,72,53.2815924379975,11.4954407358842,1,C,230,2
77.3392011077812,72,53.2839805539697,18.7160194460303,0,I,231,2
75.9587699442175,72,53.9698318764567,18.0301681235433,0,C,232,2
82.144001263777,72,54.1332140984014,17.8667859015986,0,I,233,2
56.3669779576316,72,54.1549450764433,2.21203288118832,1,C,234,2
67.6902707990705,72,54.3784513045102,13.3118194945603,1,I,235,2
83.0855825259128,72,54.444511346519,17.555488653481,0,C,236,2
92.0562008531744,72,54.9670533556491,17.0329466443509,0,I,237,2
58.0574435380761,72,55.7052493840456,2.35219415403053,1,C,238,2
64.8289451792738,72,56.2756985379383,8.55324664133546,1,I,239,2
86.580702645419,72,56.3662410294637,15.6337589705363,0,C,240,2
59.1003258072663,72,56.9435856398195,2.15674016744682,1,I,241,2
71.6453489562292,72,57.3316403059289,14.3137086503003,1,C,242,2
67.0343410382122,72,57.4433192471042,9.59102179110797,1,I,243,2
70.5785858246529,72,57.5380105571821,13.0405752674708,1,C,244,2
94.3147253399718,72,57.5833401968703,14.4166598031297,0,I,245,2
58.339120888122,72,57.9075989266858,0.431521961436289,1,C,246,2
88.9983628060701,72,58.3749228157103,13.6250771842897,0,I,247,2
60.3271796699873,72,58.3823609864339,1.94481868355335,1,C,248,2
96.4654238863787,72,58.9035084564239,13.0964915435761,0,I,249,2
80.158998301175,72,59.1130708297715,12.8869291702285,0,C,250,2
74.0100549343817,72,59.4583451002836,12.5416548997164,0,I,251,2
7.25307587812874,72,0.127662615850568,7.12541326227817,1,I,1,3
19.960795038147,72,0.315280021168292,19.6455150169787,1,C,2,3
4.28081505764146,72,0.782390884123743,3.49842417351771,1,I,3,3
12.034374433179,72,1.42048289068043,10.6138915424985,1,C,4,3
12.6977105082044,72,1.77756157703698,10.9201489311674,1,I,5,3
7.3134759138366,72,1.89985839184374,5.41361752199286,1,C,6,3
6.81836048251837,72,2.03800668474287,4.7803537977755,1,I,7,3
2.7439931284671,72,2.32186158187687,0.422131546590225,1,C,8,3
5.57347641690914,72,2.37887715920806,3.19459925770108,1,I,9,3
9.37175116393076,72,2.48517857864499,6.88657258528577,1,C,10,3
22.4731694861735,72,2.50956520903856,19.9636042771349,1,I,11,3
23.9594126478823,72,2.8308637579903,21.128548889892,1,C,12,3
4.2115230992193,72,2.87074231076986,1.34078078844944,1,I,13,3
8.11513811269109,72,3.21024413220584,4.90489398048524,1,C,14,3
27.973687351257,72,3.53197643067688,24.4417109205801,1,I,15,3
5.04438573372986,72,3.66988403722644,1.37450169650342,1,C,16,3
24.6452088688036,72,3.69151774328202,20.9536911255216,1,I,17,3
6.41066255752725,72,3.90796024817973,2.50270230934752,1,C,18,3
15.8674468785641,72,4.11608061287552,11.7513662656886,1,I,19,3
9.68427313697154,72,4.83999035786837,4.84428277910317,1,C,20,3
30.4630035688201,72,5.12442911043763,25.3385744583825,1,I,21,3
9.493594151474,72,5.61927226837724,3.87432188309676,1,C,22,3
30.3775018326986,72,5.65737002994865,24.72013180275,1,I,23,3
18.1385054395186,63.8152416673134,5.72858431376517,12.4099211257534,1,C,24,3
17.6507785466525,72,5.93920270912349,11.711575837529,1,I,25,3
25.0059866090793,72,6.61976398900151,18.3862226200778,1,C,26,3
6.75402322465333,72,6.65041343774647,0.103609786906862,1,I,27,3
18.6377940971054,72,6.70077442657203,11.9370196705334,1,C,28,3
10.3948478895934,72,6.7694688308984,3.62537905869496,1,I,29,3
27.136844887469,72,6.8881849385798,20.2486599488892,1,C,30,3
39.1306094977285,72,7.02616281341761,32.1044466843109,1,I,31,3
37.0257785937834,72,7.18195041641593,29.8438281773675,1,C,32,3
16.5105689987538,72,7.50426627695561,9.00630272179819,1,I,33,3
15.4278136027832,72,7.52409621141851,7.90371739136465,1,C,34,3
10.8844155115988,72,7.62358578387648,3.26082972772231,1,I,35,3
29.6339325281436,72,7.77380274608731,21.8601297820563,1,C,36,3
13.6408518900614,72,7.81355453655124,5.8272973535102,1,I,37,3
71.0772623964982,72,7.90876781567931,63.1684945808189,1,C,38,3
117.545632191439,72,8.32543873228133,63.6745612677187,0,I,39,3
24.3634915206097,72,8.34776013158262,16.0157313890271,1,C,40,3
24.7769486488045,72,8.56053009163588,16.2164185571686,1,I,41,3
25.7296211138993,72,8.59110583551228,17.138515278387,1,C,42,3
27.8273757000185,72,8.61804743763059,19.2093282623879,1,I,43,3
20.8747203196493,72,8.65699142217636,12.2177288974729,1,C,44,3
36.5122491551815,72,8.69797458406538,27.8142745711161,1,I,45,3
10.1204239056729,72,9.06641216017306,1.05401174549983,1,C,46,3
40.1476578035367,72,9.66672799084336,30.4809298126934,1,I,47,3
14.4216441398666,72,9.77731169667095,4.64433244319564,1,C,48,3
12.2501139095726,72,9.91893579717726,2.33117811239538,1,I,49,3
20.1923603337332,72,10.108426194638,10.0839341390952,1,C,50,3
17.5672808610679,72,10.4256601911038,7.14162066996405,1,I,51,3
34.4712644561843,72,10.4468666994944,24.0243977566899,1,C,52,3
22.2426533389819,72,11.3470218004659,10.895631538516,1,I,53,3
44.6755725296825,72,11.8302596127614,32.8453129169211,1,C,54,3
17.813585431423,72,11.8473624391481,5.96622299227488,1,I,55,3
13.3252565993682,72,11.8558034067974,1.46945319257088,1,C,56,3
15.9056675751273,72,12.2305743349716,3.67509324015569,1,I,57,3
17.6021432855014,72,12.5847896793857,5.01735360611569,1,C,58,3
17.1980164664668,72,13.205041307956,3.9929751585108,1,I,59,3
25.5276980963831,72,13.4779617609456,12.0497363354375,1,C,60,3
23.0506246443812,72,14.0459343418479,9.00469030253334,1,I,61,3
17.2960840061243,72,14.1145756607875,3.18150834533675,1,C,62,3
24.1895767164411,72,14.4623590121046,9.72721770433657,1,I,63,3
17.1704843555746,72,14.633378405124,2.53710595045065,1,C,64,3
57.185812045265,72,14.8770356923342,42.3087763529308,1,I,65,3
30.1866485155178,72,15.0027788523585,15.1838696631593,1,C,66,3
18.9830672355586,72,15.1228202087805,3.86024702677811,1,I,67,3
16.1435559593677,72,15.7593835238367,0.384172435530972,1,C,68,3
19.6712784009649,65.4050214076695,15.9274693205953,3.74380908036967,1,I,69,3
17.484566749601,72,16.209692498669,1.274874250932,1,C,70,3
30.1855060965882,27.9029907749459,16.4012916292995,11.5016991456464,0,I,71,3
31.2138406197152,72,16.4222404221073,14.7916001976079,1,C,72,3
29.5424423707557,72,16.4690474141389,13.0733949566168,1,I,73,3
19.441429424824,72,16.6849494539201,2.75647997090383,1,C,74,3
24.4547999105792,72,17.012246302329,7.44255360825014,1,I,75,3
33.3235390220559,72,17.1859210124239,16.1376180096319,1,C,76,3
87.1608750067866,72,17.7526352321729,54.2473647678271,0,I,77,3
38.9720133774683,72,17.9708401439711,21.0011732334971,1,C,78,3
36.4638989120387,72,18.0851830495521,18.3787158624866,1,I,79,3
42.2723171648133,72,18.2430639630184,24.029253201795,1,C,80,3
76.248388064308,72,18.5000907629728,53.4999092370272,0,I,81,3
31.9620301743813,72,19.2264811322093,12.735549042172,1,C,82,3
27.1262465041296,72,20.167812500149,6.95843400398054,1,I,83,3
50.2014866446446,72,20.7508587744087,29.4506278702359,1,C,84,3
35.0687723756825,72,21.1592180840671,13.9095542916153,1,I,85,3
22.0866944472424,72,21.3915594667196,0.695134980522771,1,C,86,3
38.5148382840488,72,21.41830871813,17.0965295659188,1,I,87,3
26.2076757094839,72,21.4696212764829,4.73805443300099,1,C,88,3
71.4670725933683,72,21.5889150090516,49.8781575843168,1,I,89,3
23.3033098224591,72,22.1508310502395,1.15247877221957,1,C,90,3
31.9039592749843,72,22.6767224259675,9.22723684901682,1,I,91,3
29.635686680128,72,23.3515821537003,6.28410452642775,1,C,92,3
52.5697730540719,72,24.0446348581463,28.5251381959256,1,I,93,3
30.2481424777599,72,24.1334405355155,6.11470194224435,1,C,94,3
44.4249930958785,72,24.163284022361,20.2617090735174,1,I,95,3
27.5146611829201,72,24.9344391888008,2.58022199411932,1,C,96,3
53.8171963850809,72,25.1097913412377,28.7074050438432,1,I,97,3
55.3098748145262,72,25.2168609201908,30.0930138943354,1,C,98,3
70.818726025069,72,25.370787656866,45.447938368203,1,I,99,3
41.861443034519,72,25.4712112667039,16.3902317678151,1,C,100,3
27.8310934737111,72,25.6349237496033,2.19616972410777,1,I,101,3
27.7467567273113,72,25.7817843044177,1.9649724228936,1,C,102,3
30.9214975727254,72,25.91990981251,5.00158776021543,1,I,103,3
26.4738376642267,72,26.1516910605133,0.322146603713474,1,C,104,3
27.7745211122853,72,26.2218494759873,1.55267163629802,1,I,105,3
38.7034202864808,72,26.3075773464516,12.3958429400292,1,C,106,3
26.6091098583569,72,26.372865526937,0.236244331419946,1,I,107,3
28.4814843200735,72,26.7242563795298,1.75722794054361,1,C,108,3
27.5877536598067,72,26.8900563195348,0.697697340271924,1,I,109,3
40.7415604129009,72,27.341566728428,13.3999936844729,1,C,110,3
29.0538384325226,72,27.6356475194916,1.41819091303097,1,I,111,3
52.9419979571713,72,27.7915668021888,25.1504311549826,1,C,112,3
35.4960475377602,72,28.1071574985981,7.38889003916209,1,I,113,3
39.1555453984081,72,28.4815822681412,10.6739631302669,1,C,114,3
54.4866134481345,72,28.6402768129483,25.8463366351862,1,I,115,3
57.6477582739087,72,28.8464838545769,28.8012744193317,1,C,116,3
59.5677062334971,72,29.0483285766095,30.5193776568876,1,I,117,3
35.5780897055727,72,29.2987296357751,6.27936006979762,1,C,118,3
85.0090017295985,72,29.3107998138294,42.6892001861706,0,I,119,3
46.3176411146636,72,30.3832914400846,15.934349674579,1,C,120,3
32.2566528330998,72,30.6393637089059,1.61728912419396,1,I,121,3
40.981524670327,72,30.7101740688086,10.2713506015185,1,C,122,3
31.0157752659955,72,30.7575647067279,0.258210559267673,1,I,123,3
45.5089826991562,72,31.3062687311322,14.2027139680241,1,C,124,3
41.5887017220544,72,31.3160229055211,10.2726788165333,1,I,125,3
68.0575216428773,72,31.3819725438952,36.6755490989821,1,C,126,3
36.65758872977,72,31.508169779554,5.14941895021603,1,I,127,3
37.9130521040006,72,31.5944137237966,6.31863838020403,1,C,128,3
71.5261005058371,72,31.7271559266374,39.7989445791997,1,I,129,3
52.3646362441359,72,31.9806644786149,20.383971765521,1,C,130,3
51.275141636167,72,32.5116235669702,18.7635180691968,1,I,131,3
33.7638562601717,72,33.0678394529969,0.69601680717487,1,C,132,3
35.439065200972,72,33.5763953346759,1.86266986629604,1,I,133,3
39.9106334174545,72,33.5950975120068,6.3155359054477,1,C,134,3
36.8244174238078,72,33.7592169363052,3.0652004875026,1,I,135,3
34.6107260944598,72,33.8645379943773,0.746188100082471,1,C,136,3
67.514860354801,42.4190742627885,34.0343429055065,8.38473135728204,0,I,137,3
36.6771699982134,72,34.2480177618563,2.42915223635708,1,C,138,3
39.7125593534671,72,34.4452865654603,5.26727278800684,1,I,139,3
45.3926576033955,72,34.4528541807085,10.9398034226869,1,C,140,3
39.2784579383957,72,34.8826509201899,4.39580701820576,1,I,141,3
37.2751352349564,72,35.0737725337967,2.2013627011597,1,C,142,3
49.6564468437947,72,35.2623579651117,14.394088878683,1,I,143,3
38.417478671329,72,35.6671984819695,2.75028018935942,1,C,144,3
84.0402633713192,72,36.0023094713688,35.9976905286312,0,I,145,3
49.3635366004339,72,36.0250333417207,13.3385032587132,1,C,146,3
64.6787799600233,72,36.1863284697756,28.4924514902477,1,I,147,3
68.7070167271698,72,36.3097015488893,32.3973151782805,1,C,148,3
70.5111779573431,72,36.9502937793732,33.5608841779699,1,I,149,3
58.4050470573975,72,37.6844148756936,20.7206321817039,1,C,150,3
69.3598057406424,72,37.7094706892967,31.6503350513457,1,I,151,3
38.5453683340693,72,37.9789631953463,0.566405138723029,1,C,152,3
53.5384662994651,72,37.9831019137055,15.5553643857596,1,I,153,3
44.8609647752674,72,38.2794953556731,6.58146941959424,1,C,154,3
73.0673647445126,72,38.4201578143984,33.5798421856016,0,I,155,3
61.3657058714688,72,38.6855527991429,22.6801530723259,1,C,156,3
46.3603327382718,72,38.8122916454449,7.54804109282689,1,I,157,3
51.9336964332225,72,38.8377541350201,13.0959422982024,1,C,158,3
94.3073333474589,72,38.9598375605419,33.0401624394581,0,I,159,3
40.4602568196135,72,39.427390624769,1.03286619484443,1,C,160,3
47.7734887073974,72,39.6444635745138,8.12902513288359,1,I,161,3
46.3233178544822,72,40.2907975483686,6.0325203061136,1,C,162,3
48.5886936182229,72,40.9539621463046,7.63473147191832,1,I,163,3
41.9398679665638,72,41.3060060469434,0.633861919620456,1,C,164,3
53.5975906702049,72,41.6184108238667,11.9791798463382,1,I,165,3
45.4826320922598,72,42.1004532650113,3.38217882724845,1,C,166,3
71.1754743982853,72,42.2634217422456,28.9120526560397,1,I,167,3
43.3023018564025,72,42.4231472611427,0.879154595259725,1,C,168,3
82.9270405659751,72,42.9321514768526,29.0678485231474,0,I,169,3
53.025779983698,72,43.1372315296903,9.88854845400762,1,C,170,3
57.7075709430876,72,43.2546168984845,14.4529540446031,1,I,171,3
47.6220285792813,72,43.4938200004399,4.12820857884141,1,C,172,3
47.133737130756,72,44.1204485110939,3.01328861966214,1,I,173,3
54.2833836255499,72,45.0473706889898,9.23601293656012,1,C,174,3
76.1414764111063,72,45.3909764997661,26.6090235002339,0,I,175,3
48.6639657639261,72,45.4007389582694,3.2632268056567,1,C,176,3
76.2665512275192,72,45.6527385860682,26.3472614139319,0,I,177,3
47.6319887738516,72,45.8592625614256,1.77272621242603,1,C,178,3
64.8824333029337,72,46.0994915664196,18.7829417365141,1,I,179,3
70.2885927814016,72,47.2750081680715,23.0135846133301,1,C,180,3
69.995079742614,72,47.6134323282167,22.3816474143972,1,I,181,3
51.9811884804717,72,47.8125194180757,4.168669062396,1,C,182,3
58.7345715434451,72,47.9662651754916,10.7683063679535,1,I,183,3
49.5032971130674,72,47.9945970559493,1.50870005711812,1,C,184,3
80.378599515129,72,48.2780652539805,23.7219347460195,0,I,185,3
88.150707552491,72,48.3337217895314,23.6662782104686,0,C,186,3
49.1374443303715,72,48.6712832003832,0.466161129988307,1,I,187,3
54.3845802268479,72,48.8800768693909,5.50450335745694,1,C,188,3
93.8226334623443,72,48.9075148198754,23.0924851801246,0,I,189,3
61.1943835126305,72,48.9589641150087,12.2354193976218,1,C,190,3
65.3582102812806,72,49.4381981296465,15.9200121516341,1,I,191,3
54.774608565099,72,49.452887638472,5.32172092662694,1,C,192,3
63.5255296565405,72,49.8981605703011,13.6273690862394,1,I,193,3
58.5104662113334,72,50.5742173176259,7.93624889370746,1,C,194,3
60.2842762241569,72,50.6166922627017,9.66758396145521,1,I,195,3
58.4971580957792,72,50.6365835526958,7.86057454308341,1,C,196,3
87.1323142906096,72,51.027185744606,20.972814255394,0,I,197,3
59.8291888998954,72,51.1901582172141,8.63903068268136,1,C,198,3
58.9774215839801,72,51.2088231509551,7.76859843302497,1,I,199,3
51.7118398136647,72,51.61311943084,0.098720382824656,1,C,200,3
74.6035435916478,72,51.8498755339533,20.1501244660467,0,I,201,3
54.547517831888,72,51.9866092968732,2.5609085350148,1,C,202,3
88.1931980566335,72,52.0742989657447,19.9257010342553,0,I,203,3
73.5555242070557,72,52.3447948694229,19.6552051305771,0,C,204,3
66.419397279553,72,52.3988956259564,14.0205016535966,1,I,205,3
57.6487735913714,72,52.7483454812318,4.90042811013961,1,C,206,3
56.4511629812336,72,52.7689273143187,3.68223566691487,1,I,207,3
59.5446408794587,72,52.8824127791449,6.66222810031372,1,C,208,3
69.2164644716633,72,53.2030237605795,16.0134407110838,1,I,209,3
62.3804037633038,72,53.4861254319549,8.8942783313489,1,C,210,3
63.3093062325326,72,53.6164021259174,9.69290410661524,1,I,211,3
54.2449804259602,72,53.6813658149913,0.563614610968942,1,C,212,3
57.8109650218572,72,54.8590233922005,2.9519416296567,1,I,213,3
62.2686847749475,72,55.388369075954,6.88031569899351,1,C,214,3
83.9193422198059,72,55.5294354306534,16.4705645693466,0,I,215,3
56.3732157603715,72,55.6128889136016,0.7603268467699,1,C,216,3
58.0756805492951,72,55.6899386364967,2.38574191279847,1,I,217,3
102.376469707483,72,56.3425109675154,15.6574890324846,0,C,218,3
61.5249141718578,72,56.5991731127724,4.92574105908534,1,I,219,3
65.9397463344569,72,57.0286394935101,8.91110684094679,1,C,220,3
65.7135627792066,72,57.2363917389885,8.47717104021817,1,I,221,3
85.7508631479653,72,57.5883469730616,14.4116530269384,0,C,222,3
80.8317334700865,72,57.6001538895071,14.3998461104929,0,I,223,3
63.1074544006336,72,57.81950364355,5.28795075708358,1,C,224,3
72.4032985897716,72,59.0523815201595,12.9476184798405,0,I,225,3
91.7462477441508,72,59.2382266698405,12.7617733301595,0,C,226,3
61.6476400436624,72,59.4744239933789,2.17321605028347,1,I,227,3
66.7068447887231,72,59.5810865890235,7.12575819969961,1,C,228,3
75.6477190756494,72,59.8535691574216,12.1464308425784,0,I,229,3
47.0017224908982,72,0.0368070183321834,46.964915472566,1,I,1,4
6.90083600412518,72,0.523981810547411,6.37685419357777,1,C,2,4
23.699954940129,72,0.581965916790068,23.1179890233389,1,I,3,4
20.9688854555132,72,0.64801256172359,20.3208728937896,1,C,4,4
12.5971852816321,72,0.661536790430546,11.9356484912015,1,I,5,4
6.17689136006799,72,0.726133463904262,5.45075789616373,1,C,6,4
5.4985636422105,60.6345133002553,0.894550206139684,4.60401343607081,1,I,7,4
42.9625858098842,72,1.42604139167815,41.5365444182061,1,C,8,4
6.02780974337839,72,1.47065217141062,4.55715757196777,1,I,9,4
8.83794933869859,72,1.5085452189669,7.32940411973169,1,C,10,4
3.46105506510705,72,1.51197266299278,1.94908240211428,1,I,11,4
10.196161157229,72,2.21361068543047,7.98255047179858,1,C,12,4
2.65184649716277,72,2.36095821484923,0.290888282313538,1,I,13,4
4.99485112602722,72,2.85137150902301,2.14347961700421,1,C,14,4
14.1525573251411,72,2.93275480158627,11.2198025235549,1,I,15,4
34.9627961331264,72,3.59000915195793,31.3727869811685,1,C,16,4
37.2158660728011,72,3.69838500861079,33.5174810641903,1,I,17,4
21.9865551681352,72,4.11579582374543,17.8707593443897,1,C,18,4
15.9823476157214,72,4.23433074261993,11.7480168731015,1,I,19,4
15.7487392717578,72,4.61747263558209,11.1312666361757,1,C,20,4
5.35175211645406,72,4.92894269060344,0.422809425850627,1,I,21,4
15.2960814822481,72,5.69343442562968,9.60264705661838,1,C,22,4
22.545421370376,72,5.87868162430823,16.6667397460678,1,I,23,4
6.1397469104165,72,5.88549605570734,0.254250854709168,1,C,24,4
23.8200979070142,72,6.29569702316076,17.5244008838535,1,I,25,4
25.8381361323095,72,6.44387190230191,19.3942642300076,1,C,26,4
17.8140658585058,72,6.47920964285731,11.3348562156485,1,I,27,4
29.1288586526819,72,6.82089810725302,22.3079605454289,1,C,28,4
54.3890469418019,72,6.8255573278293,47.5634896139726,1,I,29,4
21.4429014632342,72,6.93670197855681,14.5061994846774,1,C,30,4
32.5980309249874,72,6.95101370103657,25.6470172239508,1,I,31,4
14.8369968731441,72,7.10105270147324,7.73594417167089,1,C,32,4
8.17594692445963,72,7.30929175391793,0.866655170541694,1,I,33,4
7.82772813536083,72,7.45037604589015,0.377352089470673,1,C,34,4
54.1915894630965,72,7.66421995125711,46.5273695118394,1,I,35,4
57.9078408575724,72,7.9071278963238,50.0007129612486,1,C,36,4
13.6112979736593,72,8.3901205798611,5.22117739379821,1,I,37,4
24.6276351161582,72,8.42204659245908,16.2055885236991,1,C,38,4
26.1921959574528,72,8.71791563462466,17.4742803228281,1,I,39,4
22.1747079029076,72,8.72406964190304,13.4506382610046,1,C,40,4
30.5333936569026,72,8.78226534929127,21.7511283076113,1,I,41,4
29.4086041408373,37.4090905997051,8.78971051890403,20.6188936219332,1,C,42,4
13.6508257012105,72,9.15839301422238,4.49243268698809,1,I,43,4
17.3794026636703,72,9.23621920868754,8.14318345498278,1,C,44,4
10.9777318394343,72,9.90905388258398,1.06867795685037,1,I,45,4
14.7649696257011,72,10.1625405577943,4.60242906790682,1,C,46,4
30.0210247133186,72,10.3589548682794,19.6620698450392,1,I,47,4
24.1898666227972,72,10.4524159384891,13.7374506843081,1,C,48,4
30.7323285004526,72,10.8663221122697,19.8660063881829,1,I,49,4
50.2640392384726,72,10.9837387595326,39.28030047894,1,C,50,4
32.1807812315597,72,11.0733837168664,21.1073975146933,1,I,51,4
17.6763351510937,51.5781418009979,11.1093003256246,6.56703482546903,1,C,52,4
22.1762231160507,72,11.1521903146058,11.0240328014449,1,I,53,4
35.3650151610029,72,11.9945134688169,23.370501692186,1,C,54,4
14.3918250058308,72,12.3198370356113,2.07198797021952,1,I,55,4
13.4929117673894,72,12.6187273627147,0.874184404674714,1,C,56,4
26.7758424833642,72,12.7172460732982,14.0585964100661,1,I,57,4
46.3302949264999,72,13.2065639365464,33.1237309899535,1,C,58,4
25.4745309823289,72,13.2375005213544,12.2370304609745,1,I,59,4
22.6583031286692,72,13.4659901540726,9.19231297459653,1,C,60,4
76.148859766535,72,13.6621250957251,58.3378749042749,0,I,61,4
15.681898202639,72,13.6702999798581,2.01159822278095,1,C,62,4
22.911978974974,72,14.1926589142531,8.71932006072091,1,I,63,4
22.6978104052798,72,14.2043945845217,8.49341582075819,1,C,64,4
38.794222081862,72,14.4194142054766,24.3748078763854,1,I,65,4
24.8305654754236,72,14.8937471257523,9.93681834967133,1,C,66,4
36.3519940862426,72,15.2569258818403,21.0950682044023,1,I,67,4
25.4135357686501,72,15.4024105891585,10.0111251794915,1,C,68,4
15.5691693661535,72,15.4810896003619,0.0880797657916417,1,I,69,4
21.1402829014606,72,15.6224486511201,5.51783425034056,1,C,70,4
29.1849989873944,72,15.9299198817462,13.2550791056482,1,I,71,4
30.8734883808186,72,16.0900957742706,14.783392606548,1,C,72,4
28.0988980617165,72,16.1742737330496,11.9246243286668,1,I,73,4
29.2860343022753,72,16.2657096236944,13.0203246785809,1,C,74,4
40.8048012730767,72,16.7169811762869,24.0878200967898,1,I,75,4
17.0280491383125,72,16.8461481481791,0.181900990133422,1,C,76,4
19.7012580282581,72,17.6643080636859,2.03694996457216,1,I,77,4
21.7235208158673,72,17.7145683718845,4.00895244398274,1,C,78,4
25.5369851446553,72,17.8120859060436,7.72489923861167,1,I,79,4
18.6606409780245,72,18.2537574833259,0.406883494698561,1,C,80,4
25.0782336240712,72,18.6368453269824,6.44138829708872,1,I,81,4
32.2611476831917,72,18.7308951700106,13.5302525131811,1,C,82,4
41.6664164023595,72,19.281268841587,22.3851475607725,1,I,83,4
33.0768226572534,72,19.3274842808023,13.749338376451,1,C,84,4
24.4691160272481,72,19.379942798987,5.08917322826107,1,I,85,4
30.0220596632773,72,19.4160804105923,10.6059792526851,1,C,86,4
30.4389129839469,72,19.676726013422,10.7621869705249,1,I,87,4
25.0176328580676,72,19.7139894962311,5.30364336183654,1,C,88,4
32.3311407599183,72,20.1814814424142,12.1496593175041,1,I,89,4
97.7477354754018,72,20.2424646774307,51.7575353225693,0,C,90,4
28.8896487119276,72,20.9402802586555,7.94936845327201,1,I,91,4
31.4405462442205,72,21.1322610871866,10.3082851570338,1,C,92,4
31.0831582967864,72,21.1864266358316,9.89673166095481,1,I,93,4
30.4559091123073,72,21.2961780885234,9.15973102378383,1,C,94,4
33.0750520831499,72,21.3060756353661,11.7689764477837,1,I,95,4
58.1724863556069,72,22.1139428811148,36.0585434744921,1,C,96,4
69.5491227344946,72,22.1259667631239,47.4231559713708,1,I,97,4
45.840030153168,72,22.2371868789196,23.6028432742484,1,C,98,4
40.1824043601206,72,22.2794244065881,17.9029799535325,1,I,99,4
72.589927323688,72,22.3287934809923,49.6712065190077,0,C,100,4
24.4508730555097,72,22.7871006773785,1.66377237813123,1,I,101,4
36.3465846422223,72,23.4441394312307,12.9024452109916,1,C,102,4
43.5239601178614,72,23.6477491166443,19.8762110012171,1,I,103,4
31.1297945797896,46.8505441238983,24.0516046481207,7.07818993166886,1,C,104,4
40.1003060597306,72,24.5299798669294,15.5703261928013,1,I,105,4
28.0264696794337,72,24.9527936428785,3.07367603655521,1,C,106,4
36.7450068086147,72,25.0846944423392,11.6603123662755,1,I,107,4
26.9048663625519,72,25.4899439681321,1.41492239441979,1,C,108,4
77.0555361767549,72,25.5785881401971,46.4214118598029,0,I,109,4
33.0507229710503,72,25.9149891184643,7.13573385258601,1,C,110,4
31.9818266685588,72,26.1199630005285,5.86186366803026,1,I,111,4
36.2143255631171,72,26.2174950633198,9.99683049979727,1,C,112,4
31.1990581762708,72,26.255296356976,4.94376181929478,1,I,113,4
32.2810681864297,72,26.5104060759768,5.77066211045288,1,C,114,4
54.0501117839467,72,26.5274712117389,27.5226405722079,1,I,115,4
42.1193627280317,72,26.6757620126009,15.4436007154309,1,C,116,4
34.2524589112388,72,27.6842105342075,6.56824837703125,1,I,117,4
33.6676931894689,39.1725438196501,28.1614587642252,5.50623442524363,1,C,118,4
48.3800897712934,72,28.3011202840135,20.0789694872799,1,I,119,4
50.2377469546367,72,28.6879166727886,21.5498302818482,1,C,120,4
33.030036102954,72,28.7174687767401,4.31256732621384,1,I,121,4
33.9082547196658,72,28.9325564866886,4.97569823297724,1,C,122,4
57.5442617101995,72,29.1741182841361,28.3701434260635,1,I,123,4
36.0718857170459,72,29.7177903167903,6.35409540025557,1,C,124,4
53.0552783660009,72,31.1278046155348,21.927473750466,1,I,125,4
47.2439072889219,72,31.1437780503184,16.1001292386035,1,C,126,4
36.0852264985249,72,31.4186550909653,4.66657140755961,1,I,127,4
36.0709818996279,72,31.4761490933597,4.59483280626818,1,C,128,4
36.3785560448062,72,31.5686017507687,4.80995429403752,1,I,129,4
33.5861537212135,72,31.6931395651773,1.89301415603627,1,C,130,4
116.045023167046,72,32.2382154129446,39.7617845870554,0,I,131,4
41.6981870929877,72,32.2969496855512,9.40123740743645,1,C,132,4
55.4847430612293,72,32.3577030468732,23.1270400143561,1,I,133,4
38.0274038912295,72,32.695778911002,5.33162498022753,1,C,134,4
38.7158368051689,72,32.7196910697967,5.99614573537219,1,I,135,4
34.3309704941993,72,32.7681911503896,1.56277934380964,1,C,136,4
35.9155039907984,72,34.069959204644,1.84554478615441,1,I,137,4
69.9274489705422,38.8119774637733,34.7056279191747,4.10634954459856,0,C,138,4
42.5649423005508,72,34.8928966652602,7.67204563529056,1,I,139,4
60.8034676114603,72,35.1196401519701,25.6838274594902,1,C,140,4
49.7030626576296,40.0737972077999,35.1232834160328,4.95051379176712,0,I,141,4
40.4696523288782,72,35.2275853045285,5.24206702434973,1,C,142,4
50.0837371885696,72,36.41155062709,13.6721865614795,1,I,143,4
77.1989837433917,57.3232071692809,36.5686617605388,20.7545454087421,0,C,144,4
39.8872671148564,72,36.8012355454266,3.0860315694298,1,I,145,4
60.5388453213871,72,36.8691319786012,23.6697133427859,1,C,146,4
46.839593470353,72,37.017300655134,9.82229281521899,1,I,147,4
39.2308954012753,72,37.0346618117765,2.19623358949882,1,C,148,4
62.9393086017846,72,37.9414923582226,24.997816243562,1,I,149,4
41.2245244720769,72,38.3713021036238,2.85322236845313,1,C,150,4
80.2921601358099,72,38.4575382806361,33.5424617193639,0,I,151,4
71.5524300520589,72,38.8674556324258,32.684974419633,1,C,152,4
42.4012832876061,72,39.0207166783512,3.38056660925493,1,I,153,4
39.5640160058686,72,39.4646170875058,0.0993989183628472,1,C,154,4
43.824423418784,39.9320343652513,39.4846586370841,0.447375728167259,0,I,155,4
69.7811824095928,72,39.4868079107255,30.2943744988673,1,C,156,4
63.4163063955648,72,39.4895665626973,23.9267398328675,1,I,157,4
48.8965436467849,72,39.8847865546122,9.01175709217262,1,C,158,4
42.1923502135727,72,40.2595481229946,1.93280209057808,1,I,159,4
57.0654255621775,72,40.8060032408685,16.2594223213091,1,C,160,4
56.0150043813594,72,40.9994165506214,15.015587830738,1,I,161,4
45.8957775970132,72,41.5529433684424,4.3428342285708,1,C,162,4
42.4165907232611,48.7432252902825,42.122673955746,0.29391676751511,1,I,163,4
46.2645864432034,72,42.3254341632128,3.93915227999059,1,C,164,4
76.382399820448,72,42.6742411963642,29.3257588036358,0,I,165,4
53.8178781902214,72,42.9853778611869,10.8325003290346,1,C,166,4
44.9602129721141,72,43.2073113368824,1.75290163523168,1,I,167,4
45.0110941323784,72,43.614755300805,1.39633883157348,1,C,168,4
59.1887889887077,72,43.7315113563091,15.4572776323986,1,I,169,4
55.5806976286353,72,44.1907196072862,11.3899780213491,1,C,170,4
44.9189554574785,72,44.3829386914149,0.536016766063579,1,I,171,4
68.9206053060842,72,44.9250161508098,23.9955891552744,1,C,172,4
59.7319607528502,72,45.1204962283373,14.6114645245129,1,I,173,4
50.8069672364905,72,45.3506450587884,5.45632217770215,1,C,174,4
67.5800363161708,72,45.3614246612415,22.2186116549293,1,I,175,4
60.6056929632012,72,45.4566508485004,15.1490421147008,1,C,176,4
62.3204255990059,72,45.585110289976,16.7353153090299,1,I,177,4
50.9250038810935,72,45.6263376167044,5.29866626438913,1,C,178,4
47.3247939571937,72,45.6503212591633,1.67447269803034,1,I,179,4
51.9231684020169,72,45.6879466585815,6.23522174343543,1,C,180,4
77.0360677130878,72,45.6881922762841,26.3118077237159,0,I,181,4
55.9692408519258,72,46.6463939566165,9.3228468953093,1,C,182,4
78.6892092804583,72,46.6820764867589,25.3179235132411,0,I,183,4
60.2087706904324,72,46.946000251919,13.2627704385133,1,C,184,4
53.9357308541096,72,47.400075676851,6.5356551772586,1,I,185,4
52.7156993096468,72,47.7342424029484,4.98145690669835,1,C,186,4
103.78151198842,72,48.4790815366432,23.5209184633568,0,I,187,4
54.6196101656126,72,48.8184667378664,5.80114342774618,1,C,188,4
55.972738049668,72,48.9031852874905,7.06955276217753,1,I,189,4
67.4459701160691,72,49.0339277079329,18.4120424081362,1,C,190,4
54.2284915545487,72,49.3758960999548,4.85259545459387,1,I,191,4
89.9057158782518,72,49.534729141742,22.465270858258,0,C,192,4
70.6727695910634,72,49.6378198591992,21.0349497318642,1,I,193,4
83.272057544484,72,49.6603657538071,22.3396342461929,0,C,194,4
97.9771063735136,72,49.8900201637298,22.1099798362702,0,I,195,4
55.0852773902473,72,49.961442318745,5.12383507150231,1,C,196,4
55.9689040641841,72,49.9844463961199,5.98445766806424,1,I,197,4
52.1716981825549,72,50.1737087219954,1.99798946055951,1,C,198,4
55.4111173090299,72,50.3073952998966,5.10372200913327,1,I,199,4
52.6635467014385,72,50.3959796391428,2.2675670622957,1,C,200,4
73.2295943699031,72,50.5224807187915,21.4775192812085,0,I,201,4
85.9843580533583,72,50.5389519268647,21.4610480731353,0,C,202,4
186.862016751324,72,50.5755258724093,21.4244741275907,0,I,203,4
59.291299891468,72,50.8869999367744,8.40429995469365,1,C,204,4
57.1459594614476,58.6929856573491,51.1244870536029,6.02147240784461,1,I,205,4
103.056327975015,72,51.2302055815235,20.7697944184765,0,C,206,4
52.7134023787595,72,51.6758672241122,1.03753515464734,1,I,207,4
53.6432264149222,72,51.9564744411036,1.6867519738186,1,C,208,4
60.2385393044591,72,52.0999298896641,8.13860941479508,1,I,209,4
59.2725021551029,72,52.2001450276002,7.07235712750262,1,C,210,4
55.2206655659806,66.9622469308661,52.5605769641697,2.66008860181084,1,I,211,4
55.1359134921893,72,52.9443667363375,2.19154675585174,1,C,212,4
87.0492033511699,72,53.6242172727361,18.3757827272639,0,I,213,4
59.798434108213,72,53.6433323705569,6.15510173765608,1,C,214,4
120.009471083883,72,53.769343723543,18.230656276457,0,I,215,4
99.4344578881002,72,54.4416982261464,17.5583017738536,0,C,216,4
55.0302751106016,72,54.7128249378875,0.317450172714102,1,I,217,4
65.9635322085794,72,54.7231985908002,11.2403336177792,1,C,218,4
138.082552079257,72,54.7289244504646,17.2710755495355,0,I,219,4
62.5364497859901,72,55.1483056833968,7.38814410259338,1,C,220,4
60.6448798252344,72,55.6157552869991,5.02912453823535,1,I,221,4
63.1315592062066,72,55.7875638082624,7.3439953979442,1,C,222,4
105.985704346768,72,56.609699469991,15.390300530009,0,I,223,4
62.840392534829,72,56.8255755538121,6.01481698101689,1,C,224,4
63.1473532129618,72,57.0148297213018,6.13252349166004,1,I,225,4
58.0995760949672,72,57.1235413989052,0.976034696061936,1,C,226,4
89.2453273116928,72,57.8470459068194,14.1529540931806,0,I,227,4
64.1558675883002,72,57.9083283897489,6.24753919855131,1,C,228,4
60.9335555626215,72,58.0891098640859,2.84444569853556,1,I,229,4
59.7629809015094,72,58.4911411441863,1.27183975732309,1,C,230,4
62.6474131734114,72,58.8159685023129,3.83144467109848,1,I,231,4
67.7914955802137,72,58.9320309553295,8.85946462488419,1,C,232,4
63.2550145695246,72,58.9633041853085,4.29171038421604,1,I,233,4
61.4162890520713,72,59.0542806498706,2.36200840220064,1,C,234,4
73.4691335981831,72,59.1989037953317,12.8010962046683,0,I,235,4
19.4199564922158,72,0.269046016037464,19.1509104761783,1,I,1,5
16.8056948404933,72,0.672136838547885,16.1335580019454,1,C,2,5
5.95964262104639,72,0.737639497965574,5.22200312308082,1,I,3,5
9.3213977972121,72,0.950735611841083,8.37066218537101,1,C,4,5
23.9036269695009,72,0.978237264789641,22.9253897047113,1,I,5,5
4.69708394796603,2.93533965717515,1.08635389711708,1.84898576005807,0,C,6,5
31.6004671518923,72,1.26208830624819,30.3383788456442,1,I,7,5
18.8601320879591,72,1.27485120669007,17.585280881269,1,C,8,5
13.6436923126074,72,1.2811156315729,12.3625766810345,1,I,9,5
5.19884388819001,72,1.38450889382511,3.8143349943649,1,C,10,5
5.54995233471789,72,1.5195376239717,4.03041471074619,1,I,11,5
25.9426911720977,72,1.60689117852598,24.3357999935717,1,C,12,5
8.94007101750991,72,2.30349109042436,6.63657992708555,1,I,13,5
15.0037272096624,72,2.32224945444614,12.6814777552163,1,C,14,5
15.9615566681263,30.4086495784431,3.04525775369257,12.9162989144337,1,I,15,5
17.2489089386213,72,3.20568559225649,14.0432233463648,1,C,16,5
16.2313948612195,72,4.07921807840467,12.1521767828148,1,I,17,5
10.0092120931805,72,4.29993698839098,5.70927510478949,1,C,18,5
6.3119927163386,7.74884477677861,4.30838837753981,2.00360433879879,1,I,19,5
24.9595776439801,72,4.57505414262414,20.384523501356,1,C,20,5
33.9755991505221,72,4.96721494942904,29.0083842010931,1,I,21,5
13.3216920554279,72,5.04380073398352,8.27789132144439,1,C,22,5
5.82561375078996,72,5.38446744438261,0.441146306407348,1,I,23,5
23.9678373349088,72,5.72755617555231,18.2402811593565,1,C,24,5
8.52897454528629,72,5.91242885682732,2.61654568845897,1,I,25,5
33.8718022722592,72,6.24923423398286,27.6225680382764,1,C,26,5
29.3883937749399,72,6.31564275361598,23.0727510213239,1,I,27,5
7.90159101793214,72,6.42643504310399,1.47515597482814,1,C,28,5
105.318552150522,72,6.66817519348115,65.3318248065189,0,I,29,5
9.11311293056465,72,6.78523612674326,2.32787680382139,1,C,30,5
22.4096413253057,72,6.93594323471189,15.4736980905939,1,I,31,5
12.851868710692,72,7.21043578349054,5.64143292720151,1,C,32,5
18.5651893254202,72,7.33568685594946,11.2295024694707,1,I,33,5
13.3505676136655,72,7.80905299354345,5.54151462012208,1,C,34,5
37.9200678334113,72,8.15111224539578,29.7689555880155,1,I,35,5
9.19321122099335,72,8.24538323096931,0.947827990024041,1,C,36,5
11.8779315461037,72,8.3971482468769,3.48078329922683,1,I,37,5
14.0721787398515,72,9.03931898530573,5.03285975454582,1,C,38,5
83.7110921982143,72,9.41424773074687,62.5857522692531,0,I,39,5
11.1160975789335,72,9.57471933681518,1.5413782421183,1,C,40,5
12.4674755946207,72,10.0116165122017,2.45585908241893,1,I,41,5
23.3429970986831,72,10.2905420819297,13.0524550167533,1,C,42,5
13.4461954780996,72,10.6576357455924,2.78855973250722,1,I,43,5
28.3459018680631,72,11.8073595967144,16.5385422713487,1,C,44,5
27.7653317690028,72,12.6083277119324,15.1570040570705,1,I,45,5
44.8799696872858,72,12.8077687975019,32.0722008897839,1,C,46,5
13.1352901136197,72,12.8633603453636,0.271929768256053,1,I,47,5
34.1025229357678,72,12.8755029849708,21.227019950797,1,C,48,5
23.5151200443142,72,12.9290412319824,10.5860788123317,1,I,49,5
13.9126714180002,72,12.9840833600611,0.928588057939178,1,C,50,5
15.5179491098699,72,13.7697057891637,1.74824332070619,1,I,51,5
19.0492973640162,72,14.4656111067161,4.58368625730012,1,C,52,5
36.9885142501994,72,14.553102767095,22.4354114831044,1,I,53,5
35.0865356094192,72,14.7129203472286,20.3736152621906,1,C,54,5
27.1529695123219,72,14.794780081138,12.3581894311839,1,I,55,5
25.6271106910063,72,15.0394253432751,10.5876853477312,1,C,56,5
43.4081110913315,72,15.044765342027,28.3633457493045,1,I,57,5
68.6285866371908,72,15.4208495188504,53.2077371183404,1,C,58,5
28.7741564705963,72,15.7488825917244,13.0252738788719,1,I,59,5
23.4934793196983,72,16.3507110765204,7.14276824317794,1,C,60,5
18.6924276125863,72,16.6522758733481,2.04015173923814,1,I,61,5
21.7479085414174,72,16.9076961977407,4.84021234367667,1,C,62,5
46.8927129129482,72,19.016151856631,27.8765610563172,1,I,63,5
37.0296409596285,72,19.1364959394559,17.8931450201726,1,C,64,5
64.9610433395887,72,19.4263082183898,45.5347351211989,1,I,65,5
26.934858329194,72,19.7337542613968,7.20110406779714,1,C,66,5
21.0491837003266,72,19.7696133563295,1.2795703439971,1,I,67,5
21.9488217237392,72,19.7697846684605,2.17903705527868,1,C,68,5
22.5749707964817,72,20.3068222571164,2.26814853936527,1,I,69,5
42.4849457308649,72,20.8639042591676,21.6210414716972,1,C,70,5
26.9345011846841,72,22.2215161984786,4.71298498620544,1,I,71,5
26.599177947742,72,22.2949636727571,4.30421427498484,1,C,72,5
25.9971327115293,72,22.3672849405557,3.62984777097361,1,I,73,5
48.5761986430219,72,22.4299297621474,26.1462688808745,1,C,74,5
31.7503828425684,72,22.5174058740959,9.23297696847253,1,I,75,5
34.6332804717206,72,22.7471362520009,11.8861442197196,1,C,76,5
28.6214724149948,72,23.6383971758187,4.98307523917615,1,I,77,5
62.6781429910124,72,23.7616685405374,38.916474450475,1,C,78,5
31.8030602113821,72,23.9267538534477,7.87630635793434,1,I,79,5
59.8689159579902,72,24.4829279277474,35.3859880302428,1,C,80,5
40.1089200460256,72,24.6586452936754,15.4502747523502,1,I,81,5
68.206164373002,72,24.8767151869833,43.3294491860187,1,C,82,5
32.5185610212178,72,25.488405986689,7.0301550345288,1,I,83,5
44.9135568000575,38.9108925926445,25.6618342967704,13.2490582958741,0,C,84,5
33.4828104471571,72,26.2045340007171,7.27827644643997,1,I,85,5
35.583101296102,72,26.2299205502495,9.35318074585246,1,C,86,5
46.9181853514814,72,26.6099390666932,20.3082462847882,1,I,87,5
33.0208185583338,72,26.7229876946658,6.29783086366805,1,C,88,5
42.8117445825735,72,26.935252812691,15.8764917698825,1,I,89,5
27.050316976756,72,26.9869376113638,0.0633793653921406,1,C,90,5
49.6544519280673,72,27.1661857422441,22.4882661858232,1,I,91,5
31.3729618461864,72,27.1962955500931,4.1766662960933,1,C,92,5
33.7116639660783,72,27.4863450229168,6.22531894316153,1,I,93,5
30.0167827149334,72,27.8688402101398,2.14794250479363,1,C,94,5
37.4607467828303,72,27.9965111101046,9.46423567272566,1,I,95,5
39.2475602861621,72,28.0734982341528,11.1740620520093,1,C,96,5
33.6564137761425,72,29.3570946995169,4.29931907662565,1,I,97,5
31.364252811681,72,29.9244635738432,1.43978923783774,1,C,98,5
30.9074850517398,72,30.096535035409,0.810950016330809,1,I,99,5
30.4897265160811,72,30.1578027941287,0.33192372195246,1,C,100,5
31.5064350146693,72,30.3745258972049,1.13190911746441,1,I,101,5
36.8514322128209,72,30.401715086773,6.44971712604789,1,C,102,5
41.8520546885295,72,30.4707477847114,11.3813069038181,1,I,103,5
38.1570673583637,72,30.8287964947522,7.32827086361153,1,C,104,5
37.0936257491602,72,31.0600640438497,6.03356170531051,1,I,105,5
66.0349229179631,72,31.0950921708718,34.9398307470913,1,C,106,5
37.6113376570998,72,31.2054489506409,6.40588870645894,1,I,107,5
34.220148579751,72,31.2097214721143,3.01042710763666,1,C,108,5
41.5229981064144,72,31.2152543384582,10.3077437679562,1,I,109,5
54.8468737705888,72,31.3632543152198,23.483619455369,1,C,110,5
34.3536606413035,72,32.5198759976774,1.833784643626,1,I,111,5
37.2822229817928,72,32.5779766961932,4.70424628559962,1,C,112,5
35.2173419857094,72,32.5922441203147,2.62509786539468,1,I,113,5
34.385725792145,72,32.9096284601837,1.4760973319613,1,C,114,5
37.8133715994717,72,32.9968737624586,4.81649783701316,1,I,115,5
41.814953204744,72,33.1177612580359,8.69719194670815,1,C,116,5
37.2413407609197,72,33.2529306784272,3.98841008249249,1,I,117,5
36.3541604824598,72,33.3549621608108,2.999198321649,1,C,118,5
80.3169475416537,72,33.7435626424849,38.2564373575151,0,I,119,5
52.8728752545692,72,33.9580053370446,18.9148699175246,1,C,120,5
45.5228334104224,72,34.0084697585553,11.5143636518671,1,I,121,5
49.6568873458378,72,34.5820148661733,15.0748724796645,1,C,122,5
35.513664394118,72,34.5991388848051,0.914525509312872,1,I,123,5
39.7076611859428,58.4419564996011,35.2341765956953,4.47348459024746,1,C,124,5
44.7764560632484,72,35.2861740114167,9.49028205183166,1,I,125,5
54.4158388040142,72,35.5982095655054,18.8176292385088,1,C,126,5
101.672012865719,72,35.8056019200012,36.1943980799988,0,I,127,5
53.768066177366,72,35.8894860651344,17.8785801122316,1,C,128,5
50.4580620150187,72,36.3529951544479,14.1050668605709,1,I,129,5
41.6912712538034,72,36.4760326361284,5.21523861767501,1,C,130,5
78.029268321491,72,36.5555757656693,35.4444242343307,0,I,131,5
48.7352050609872,72,36.73145997338,12.0037450876072,1,C,132,5
69.8830484598747,72,36.7382709123194,33.1447775475553,1,I,133,5
55.7847077850119,72,36.8238096311688,18.9608981538431,1,C,134,5
48.162195231074,72,36.8392557324842,11.3229394985898,1,I,135,5
39.4786469829343,72,36.9682775018737,2.51036948106059,1,C,136,5
70.8532625481815,72,37.0029162615538,33.8503462866278,1,I,137,5
59.5389373105113,72,37.0189318573102,22.5200054532011,1,C,138,5
60.3411145804689,72,37.1496309293434,23.1914836511255,1,I,139,5
63.1994536084482,72,37.3934612888843,25.8059923195639,1,C,140,5
48.220222278454,72,37.525300369598,10.694921908856,1,I,141,5
73.4619960832671,72,37.6663529220969,34.3336470779032,0,C,142,5
44.6045935725808,72,38.1022104620934,6.5023831104874,1,I,143,5
49.9647634427133,72,38.2521834690124,11.7125799737009,1,C,144,5
105.708188139576,72,38.2549876905978,33.7450123094022,0,I,145,5
47.6968860555475,72,38.5816667648032,9.11521929074428,1,C,146,5
41.1153312653235,72,38.6468463717029,2.46848489362064,1,I,147,5
49.3807177299733,72,38.6485275719315,10.7321901580418,1,C,148,5
64.6515772350843,72,39.1671755723655,25.4844016627187,1,I,149,5
40.4351544437019,72,39.7363401576877,0.698814286014256,1,C,150,5
76.7922490259187,72,39.8057371331379,32.1942628668621,0,I,151,5
47.6754524997887,72,40.2824647771195,7.3929877226692,1,C,152,5
81.1423813284359,72,40.3703091759235,31.6296908240765,0,I,153,5
43.5112386889579,72,40.575366569683,2.93587211927495,1,C,154,5
51.7520380957676,72,40.6187386298552,11.1332994659124,1,I,155,5
56.7787599891461,72,40.7843474904075,15.9944124987385,1,C,156,5
43.851070356755,72,40.8225768478587,3.0284935088963,1,I,157,5
79.7139126587873,72,40.9942501410842,31.0057498589158,0,C,158,5
52.0630502889388,72,41.5524240676314,10.5106262213074,1,I,159,5
48.8615608366959,72,41.8232423113659,7.03831852533,1,C,160,5
42.7814225906954,72,41.8409898877144,0.940432702980974,1,I,161,5
46.665880229344,72,41.9034112337977,4.76246899554633,1,C,162,5
55.1464164238984,72,41.9513314962387,13.1950849276597,1,I,163,5
49.4878820966485,72,42.0758293010294,7.41205279561905,1,C,164,5
87.3293127083535,72,42.6293965475634,29.3706034524366,0,I,165,5
44.7203116690179,72,42.6363410521299,2.08397061688802,1,C,166,5
56.8405605689472,72,42.7012554975227,14.1393050714245,1,I,167,5
46.0920282948467,72,42.9401402408257,3.15188805402094,1,C,168,5
66.8910981910295,72,43.0465967115015,23.844501479528,1,I,169,5
44.7021118284408,72,43.5759408026934,1.12617102574744,1,C,170,5
52.3104440022464,72,43.5763765359297,8.73406746631667,1,I,171,5
48.2591075773317,72,44.2523594386876,4.00674813864409,1,C,172,5
66.3271066971716,72,45.0155528727919,21.3115538243797,1,I,173,5
67.2818537654672,66.1216320446398,45.207371301949,20.9142607426908,0,C,174,5
105.033013782116,72,45.4431666294113,26.5568333705887,0,I,175,5
49.5030122245645,72,45.4498409014195,4.05317132314495,1,C,176,5
59.0981649558631,72,45.8760597277433,13.2221052281198,1,I,177,5
57.6391000546855,72,45.9506791876629,11.6884208670226,1,C,178,5
48.3923092431717,72,45.9692444046959,2.4230648384758,1,I,179,5
55.2580185645416,72,45.9763715788722,9.28164698566938,1,C,180,5
67.3069146762297,72,46.0853177960962,21.2215968801335,1,I,181,5
60.6529224408602,72,46.2593583762646,14.3935640645957,1,C,182,5
53.2298065060177,72,46.3328751828522,6.89693132316559,1,I,183,5
51.3225922504437,72,46.3397866208106,4.98280562963311,1,C,184,5
55.4636772652561,72,46.678717341274,8.78495992398211,1,I,185,5
49.6019303434498,72,46.7578068282455,2.84412351520423,1,C,186,5
48.5141130095722,72,46.8050719890744,1.70904102049782,1,I,187,5
56.9175515373651,72,47.2412433894351,9.67630814792996,1,C,188,5
50.9100077720766,72,47.3657211894169,3.54428658265965,1,I,189,5
50.9222780497494,72,47.7772762952372,3.14500175451219,1,C,190,5
49.8914129612261,72,48.1036673393101,1.78774562191603,1,I,191,5
55.9232460451492,72,48.4010217245668,7.52222432058237,1,C,192,5
63.175496093313,72,48.4829331608489,14.6925629324641,1,I,193,5
49.1535931793046,72,48.8134657451883,0.34012743411633,1,C,194,5
56.3473019342731,72,49.5218594837934,6.82544245047969,1,I,195,5
65.6085420615673,63.1907247404784,50.1382357953116,13.0524889451668,0,C,196,5
114.27631191277,72,50.3058334439993,21.6941665560007,0,I,197,5
52.6283759354762,72,50.9932453930378,1.6351305424384,1,C,198,5
56.511717379617,72,51.017616391182,5.49410098843503,1,I,199,5
89.5857004428074,72,51.0524308355525,20.9475691644475,0,C,200,5
65.8096947665015,72,51.0637600533664,14.745934713135,1,I,201,5
84.6132808501677,72,51.5181008493528,20.4818991506472,0,C,202,5
61.057528821642,72,51.7512764269486,9.30625239469341,1,I,203,5
64.9476080845956,72,51.9304883200675,13.0171197645281,1,C,204,5
57.4540803409207,72,52.0773265091702,5.37675383175042,1,I,205,5
68.6836869006482,72,52.1356286387891,16.5480582618592,1,C,206,5
62.9327288201432,72,52.4104008637369,10.5223279564063,1,I,207,5
79.3969660255801,72,52.9416384827346,19.0583615172654,0,C,208,5
85.419795956692,72,52.9755768366158,19.0244231633842,0,I,209,5
54.5060316905701,72,53.2411211449653,1.26491054560484,1,C,210,5
57.4585168093579,72,53.3153348928317,4.14318191652614,1,I,211,5
54.0816024777597,72,53.3225330756977,0.759069402061928,1,C,212,5
56.9350375888809,72,53.3895470201969,3.54549056868399,1,I,213,5
63.3370915461154,72,53.5488658910617,9.78822565505365,1,C,214,5
129.664252536658,72,53.5491237184033,18.4508762815967,0,I,215,5
70.1152218576936,72,53.7309850752354,16.3842367824582,1,C,216,5
89.8215971832015,72,53.9835808239877,18.0164191760123,0,I,217,5
55.6656950394252,72,54.1033074539155,1.56238758550976,1,C,218,5
66.8970128699563,72,54.2339129559696,12.6630999139867,1,I,219,5
55.7149134266908,72,54.9212604342029,0.793652992487897,1,C,220,5
60.1841687279348,72,55.109099233523,5.07506949441182,1,I,221,5
58.3362199885742,72,55.3268880955875,3.00933189298673,1,C,222,5
63.9431747254424,72,55.3552194451913,8.58795528025103,1,I,223,5
65.2307506481784,72,55.3762028552592,9.8545477929192,1,C,224,5
56.1610567609057,72,55.7068127626553,0.454243998250373,1,I,225,5
56.2732505440394,58.0561052166817,55.7473803218454,0.525870222193978,1,C,226,5
84.934292713246,72,55.9866524767131,16.0133475232869,0,I,227,5
71.2813005143569,72,56.1418989859521,15.1394015284047,1,C,228,5
70.0013206675736,72,56.3630744023249,13.6382462652487,1,I,229,5
89.4939905133665,72,56.3958446541801,15.6041553458199,0,C,230,5
98.99225935475,72,56.5415669186041,15.4584330813959,0,I,231,5
62.0829271281566,72,56.711152321659,5.37177480649756,1,C,232,5
73.2565571217344,72,56.8021698435769,15.1978301564232,0,I,233,5
76.2581760884262,72,57.2018880257383,14.7981119742617,0,C,234,5
60.113758242635,72,57.2245573997498,2.88920084288524,1,I,235,5
70.8357941992173,72,57.3700328869745,13.4657613122428,1,C,236,5
58.3901776526284,72,57.5978734670207,0.792304185607667,1,I,237,5
72.6664457214511,72,57.6041993033141,14.3958006966859,0,C,238,5
67.1368838596732,72,57.8418389009312,9.29504495874202,1,I,239,5
69.6362222494179,72,57.9912122804672,11.6450099689507,1,C,240,5
90.592056233852,72,58.2365143904463,13.7634856095538,0,I,241,5
66.1308607176662,72,58.318457454443,7.81240326322318,1,C,242,5
58.6964243220312,72,58.6179353250191,0.0784889970121537,1,I,243,5
59.7655772210481,72,59.0761372447014,0.689439976346745,1,C,244,5
78.6942556321111,72,59.2721714777872,12.7278285222128,0,I,245,5
80.4145109723577,72,59.2830308759585,12.7169691240415,0,C,246,5
63.6333519961084,72,59.653142709285,3.98020928682335,1,I,247,5
69.669472317902,72,59.6631903480738,10.0062819698282,1,C,248,5
88.2462551209303,72,59.7269140603021,12.2730859396979,0,I,249,5
70.072159001676,72,59.8631462780759,10.2090127236001,1,C,250,5
1.14158636059976,72,0.0188602600246668,1.12272610057509,1,C,1,6
9.82652944596934,72,0.360675221309066,9.46585422466027,1,I,2,6
5.35140587570447,72,0.488198683597148,4.86320719210732,1,C,3,6
17.4595639540261,72,0.587805141694844,16.8717588123313,1,I,4,6
17.6161176308728,72,0.655407831072807,16.9607097998,1,C,5,6
17.1211156442245,72,0.809545707888901,16.3115699363356,1,I,6,6
6.31280523110632,72,1.13435116130859,5.17845406979773,1,C,7,6
13.2782149642837,72,1.25082816928625,12.0273867949974,1,I,8,6
2.03218900639257,72,1.69594617560506,0.33624283078751,1,C,9,6
2.9303306252863,72,1.73826333135366,1.19206729393263,1,I,10,6
36.2152775051986,72,2.02043888624758,34.194838618951,1,C,11,6
17.6246430485301,52.8086922899434,2.326550334692,15.2980927138381,1,I,12,6
28.6061196039587,72,2.83852828200907,25.7675913219497,1,C,13,6
13.6431462357546,72,3.12821775209159,10.514928483663,1,I,14,6
6.01658662551709,72,3.49937151186168,2.51721511365541,1,C,15,6
22.1431990917562,72,3.65726485848427,18.485934233272,1,I,16,6
10.2544604927598,72,3.83908860851079,6.41537188424896,1,C,17,6
27.7944970059352,72,3.92725618556142,23.8672408203737,1,I,18,6
35.1440846536065,72,3.93546593841165,31.2086187151948,1,C,19,6
29.4311854980922,72,4.02568444143981,25.4055010566524,1,I,20,6
23.0737947626547,36.891352278013,4.02927981689572,19.0445149457589,1,C,21,6
13.921052126452,72,4.12593673914671,9.79511538730531,1,I,22,6
10.9205968498155,72,4.26793924067169,6.65265760914379,1,C,23,6
6.01047037130043,72,4.35693760402501,1.65353276727543,1,I,24,6
21.567800463971,72,4.37495106831193,17.1928493956591,1,C,25,6
11.6174540558247,72,4.51614952180535,7.10130453401935,1,I,26,6
43.4148232838439,72,4.5788915315643,38.8359317522796,1,C,27,6
10.8522938283439,72,4.73048175685108,6.12181207149279,1,I,28,6
33.2913780432491,72,4.73778863903135,28.5535894042178,1,C,29,6
6.42132905272597,72,4.7767878184095,1.64454123431646,1,I,30,6
38.6176828000213,72,5.32147788908333,33.296204910938,1,C,31,6
42.5101571829172,72,6.01490098983049,36.4952561930867,1,I,32,6
30.7487866340175,72,6.01943761110306,24.7293490229145,1,C,33,6
18.2505903973904,72,6.26914420165122,11.9814461957392,1,I,34,6
35.021603913256,72,6.62192459218204,28.399679321074,1,C,35,6
19.5376856047318,10.7121476224051,6.80291972123087,3.90922790117425,0,I,36,6
46.1250480679627,72,7.08813715260476,39.036910915358,1,C,37,6
18.0619410623345,72,7.18808895908296,10.8738521032515,1,I,38,6
16.1617317786108,72,7.78360501863062,8.37812675998015,1,C,39,6
59.9204340885688,72,8.01539564039558,51.9050384481732,1,I,40,6
16.0007699250827,72,8.03244853857905,7.96832138650366,1,C,41,6
29.6157065039604,72,8.2640821672976,21.3516243366628,1,I,42,6
10.4533337201721,72,8.77872195560485,1.67461176456724,1,C,43,6
31.1987349573295,72,8.96054451819509,22.2381904391344,1,I,44,6
16.5577004706078,72,9.13333247881383,7.424367991794,1,C,45,6
14.0691354530079,72,9.18571839574724,4.88341705726062,1,I,46,6
9.39415350800653,72,9.26811602432281,0.126037483683723,1,C,47,6
28.6136161904072,72,9.51336034107953,19.1002558493277,1,I,48,6
21.4639518989744,72,9.88068006467074,11.5832718343037,1,C,49,6
16.9263583414623,72,9.982676259242,6.94368208222035,1,I,50,6
19.1911440882445,72,10.1359461899847,9.05519789825979,1,C,51,6
17.2902074891404,72,10.3578959405422,6.9323115485982,1,I,52,6
12.4409974830239,72,10.374343469739,2.06665401328494,1,C,53,6
28.1310066988265,72,10.5810193531215,17.549987345705,1,I,54,6
22.4359606360612,37.719066136709,10.8769061230123,11.5590545130489,1,C,55,6
51.149166918279,72,11.1435117200017,40.0056551982773,1,I,56,6
38.8724713772258,72,11.1711063282564,27.7013650489694,1,C,57,6
20.473905154345,72,11.7509701615199,8.72293499282502,1,I,58,6
19.7197290487253,72,11.7606011638418,7.95912788488348,1,C,59,6
22.5621617274225,72,12.0790423778817,10.4831193495408,1,I,60,6
53.1495829914778,72,12.2498278878629,40.8997551036149,1,C,61,6
24.0090184172861,72,12.8267871262506,11.1822312910355,1,I,62,6
47.3943092045568,72,14.1391600202769,33.2551491842799,1,C,63,6
32.723068990196,72,14.2103809956461,18.5126879945499,1,I,64,6
36.5130643081797,40.3058531438263,14.2765597114339,22.2365045967458,1,C,65,6
17.8521207435624,72,14.7424733592197,3.10964738434271,1,I,66,6
21.9940467615213,72,14.8798060230911,7.1142407384302,1,C,67,6
26.954333649022,72,15.0996373733506,11.8546962756714,1,I,68,6
22.0502384747665,72,16.051282742992,5.9989557317745,1,C,69,6
25.2837285324827,72,16.110132210888,9.1735963215947,1,I,70,6
100.282243991237,72,16.1779165221378,55.8220834778622,0,C,71,6
61.5028170351704,72,16.609501359053,44.8933156761174,1,I,72,6
21.7497454198217,72,16.653054705821,5.09669071400075,1,C,73,6
30.0988126603267,72,17.5325790653005,12.5662335950261,1,I,74,6
17.7358913760161,72,17.5608144002035,0.17507697581259,1,C,75,6
26.9097578224232,72,18.1816444639117,8.72811335851158,1,I,76,6
34.2832049820426,72,18.2711752178147,16.0120297642279,1,C,77,6
22.5216647085311,72,18.5412142938003,3.98045041473076,1,I,78,6
24.1849363537568,72,18.7401781417429,5.44475821201384,1,C,79,6
20.692555703581,72,18.8644827716053,1.82807293197571,1,I,80,6
35.5330890367792,72,18.9759496087208,16.5571394280584,1,C,81,6
43.4193840402061,72,19.1045139776543,24.3148700625518,1,I,82,6
52.2129075190362,72,19.1438966291025,33.0690108899337,1,C,83,6
53.878108764651,72,19.1515518492088,34.7265569154422,1,I,84,6
43.2923106695253,72,19.175710324198,24.1166003453273,1,C,85,6
59.0824131892601,72,19.641717444174,39.4406957450861,1,I,86,6
39.1628337947504,72,20.1417113374919,19.0211224572585,1,C,87,6
22.1417756638096,72,20.9094316000119,1.23234406379768,1,I,88,6
34.1672439442288,72,20.9106496302411,13.2565943139877,1,C,89,6
21.4990376429023,72,21.0401630261913,0.458874616711016,1,I,90,6
60.7998084757732,72,21.2183006247506,39.5815078510227,1,C,91,6
22.0673214749336,72,21.4837503153831,0.583571159550546,1,I,92,6
29.3089816385398,72,21.5994017897174,7.70957984882246,1,C,93,6
54.5809261603906,72,21.7486387537792,32.8322874066113,1,I,94,6
40.7266957564634,72,21.9224047847092,18.8042909717542,1,C,95,6
32.3611897600929,72,22.1848921570927,10.1762976030002,1,I,96,6
22.5662803759992,72,22.3725284216926,0.193751954306601,1,C,97,6
30.1312669302552,72,22.3937007598579,7.73756617039731,1,I,98,6
28.4780121897088,72,22.4073264934123,6.07068569629652,1,C,99,6
23.9990020330414,72,22.4539185874164,1.54508344562502,1,I,100,6
38.0342830893813,72,22.7156652230769,15.3186178663043,1,C,101,6
46.4815204455048,72,22.7468270435929,23.7346934019119,1,I,102,6
35.3731438481379,72,23.0733513040468,12.2997925440911,1,C,103,6
40.8656922165265,72,23.0978858890012,17.7678063275253,1,I,104,6
46.915488888399,72,23.5326625267044,23.3828263616946,1,C,105,6
42.5518042039252,72,23.5360939521343,19.0157102517909,1,I,106,6
57.734765658725,72,23.7247661082074,34.0099995505176,1,C,107,6
35.6869949958922,72,24.1258450085297,11.5611499873624,1,I,108,6
25.4736491169521,31.2644180235734,24.4223477644846,1.0513013524675,1,C,109,6
46.9747205898213,69.3900410701569,25.1323366910219,21.8423838987993,1,I,110,6
28.0422002430302,49.7536400141461,25.2904866496101,2.7517135934201,1,C,111,6
30.7792391699504,72,25.8260901505128,4.95314901943767,1,I,112,6
41.8660216998127,72,25.8295976137742,16.0364240860384,1,C,113,6
37.8015059524398,72,26.2154735857621,11.5860323666777,1,I,114,6
72.1283827525163,72,26.853888630867,45.146111369133,0,C,115,6
31.7935609056551,72,27.424376453273,4.36918445238209,1,I,116,6
36.8994165651861,72,27.8890152135864,9.01040135159971,1,C,117,6
53.5041976322236,72,27.9256932204589,25.5785044117647,1,I,118,6
43.0838595510829,72,28.0388050200418,15.0450545310411,1,C,119,6
34.6177223984153,72,28.0443303426728,6.57339205574256,1,I,120,6
33.731121672529,72,28.2479452947155,5.48317637781351,1,C,121,6
42.8629247483962,72,28.3014041371644,14.5615206112319,1,I,122,6
36.2993838813367,72,28.5055069159716,7.79387696536503,1,C,123,6
43.1569607973956,72,28.7605493562296,14.396411441166,1,I,124,6
34.5075267372059,72,29.1059271013364,5.40159963586948,1,C,125,6
30.8274194329042,72,29.2699900595471,1.55742937335703,1,I,126,6
43.4101765666095,72,29.9160300381482,13.4941465284613,1,C,127,6
33.3428841099483,72,29.9502369901165,3.39264711983181,1,I,128,6
43.5481002921944,72,30.1282204175368,13.4198798746576,1,C,129,6
35.8908912863359,72,30.332163842395,5.55872744394098,1,I,130,6
75.4960787612309,72,30.5737958382815,41.4262041617185,0,C,131,6
35.6118331662811,72,31.1924643209204,4.41936884536064,1,I,132,6
38.8166600060669,72,31.3109391136095,7.50572089245741,1,C,133,6
31.4600173148784,71.6057937963705,31.4200921542943,0.0399251605841844,1,I,134,6
37.1861829270497,72,31.5409642551094,5.6452186719403,1,C,135,6
49.2539980497804,72,31.6162626771256,17.6377353726548,1,I,136,6
41.6575501716999,72,32.2198876412585,9.43766253044135,1,C,137,6
42.0338932104173,72,32.5028985226527,9.53099468776464,1,I,138,6
49.3608840517236,72,33.4278689604253,15.9330150912983,1,C,139,6
74.869333541612,72,33.6865973286331,38.3134026713669,0,I,140,6
37.9460941162022,72,33.7111314246431,4.23496269155907,1,C,141,6
68.1103675800725,72,34.0519471652806,34.0584204147919,1,I,142,6
54.0135204855672,72,34.075539750047,19.9379807355202,1,C,143,6
55.4150571654921,72,34.1178889945149,21.2971681709772,1,I,144,6
46.7140132082493,72,34.2909107822925,12.4231024259568,1,C,145,6
50.43670021819,72,34.4351214542985,16.0015787638915,1,I,146,6
36.6417857947352,72,34.7332871519029,1.90849864283229,1,C,147,6
57.6228251382077,72,36.4212755486369,21.2015495895708,1,I,148,6
49.5943213967793,72,36.4929323131219,13.1013890836574,1,C,149,6
71.1689290088045,72,36.710469215177,34.4584597936275,1,I,150,6
39.9097305348889,72,36.8584275897592,3.05130294512967,1,C,151,6
41.9080572765566,72,36.9025488803163,5.00550839624031,1,I,152,6
39.3523458243149,72,37.3768834630027,1.97546236131219,1,C,153,6
67.523596594462,72,37.8374846465886,29.6861119478735,1,I,154,6
45.5041902164077,72,37.9434829764068,7.5607072400009,1,C,155,6
53.4238420348378,72,37.9680201597512,15.4558218750866,1,I,156,6
51.3702886213853,72,38.2326992880553,13.13758933333,1,C,157,6
43.7569437042499,72,38.4423135593534,5.31463014489654,1,I,158,6
54.4931937434336,72,38.4503786824644,16.0428150609693,1,C,159,6
95.2004324353697,72,38.6179715814069,33.3820284185931,0,I,160,6
78.6339866140947,72,38.918879404664,33.081120595336,0,C,161,6
63.3443432037449,72,38.9385054493323,24.4058377544126,1,I,162,6
47.7448876048397,72,39.1761738527566,8.56871375208311,1,C,163,6
52.9430754147924,72,39.3501527002081,13.5929227145842,1,I,164,6
40.0148392063332,72,39.5445858221501,0.470253384183086,1,C,165,6
39.6773609228837,72,39.6590696135536,0.018291309330153,1,I,166,6
55.7122048091498,72,40.9609720576555,14.7512327514943,1,C,167,6
44.392444180223,72,40.9967317152768,3.3957124649462,1,I,168,6
42.6788171099059,72,41.2807009695098,1.39811614039617,1,C,169,6
52.2720767180296,72,41.5129328984767,10.7591438195529,1,I,170,6
42.1797699068067,72,41.5709079382941,0.608861968512608,1,C,171,6
44.0440997037768,72,42.2316124616191,1.81248724215768,1,I,172,6
50.3171210734013,72,42.2923996858299,8.02472138757138,1,C,173,6
52.6104324312219,72,42.452357984148,10.1580744470739,1,I,174,6
65.8052149289125,72,42.7599233016372,23.0452916272753,1,C,175,6
44.1661068680443,72,43.0205917311832,1.14551513686104,1,I,176,6
55.9240425337154,72,43.0791621375829,12.8448803961325,1,C,177,6
52.274405997011,72,43.4344044467434,8.84000155026754,1,I,178,6
44.6697925683584,72,43.4807606739923,1.18903189436603,1,C,179,6
56.2532703284947,72,43.6087801214308,12.644490207064,1,I,180,6
47.9504353529143,72,43.7539456039667,4.19648974894762,1,C,181,6
55.6077436309566,72,43.9365879865363,11.6711556444203,1,I,182,6
45.6504499107178,72,44.7363873291761,0.914062581541689,1,C,183,6
55.0228378002044,72,44.7960420744494,10.226795725755,1,I,184,6
49.8122152082123,72,45.2544700540602,4.55774515415205,1,C,185,6
58.8933576780487,72,45.4654132761061,13.4279444019426,1,I,186,6
63.9862884771447,72,45.8732274547219,18.1130610224228,1,C,187,6
84.3928431858514,72,46.8188056536019,25.1811943463981,0,I,188,6
61.9078164988859,72,46.8688208051026,15.0389956937833,1,C,189,6
53.1511124194444,72,47.0584964565933,6.09261596285112,1,I,190,6
48.721711007843,72,47.5670115184039,1.15469948943908,1,C,191,6
54.8275611323588,72,47.6302632177249,7.19729791463397,1,I,192,6
50.8856415244786,72,47.6499525038526,3.23568902062605,1,C,193,6
49.8594504212895,72,47.7944710850716,2.06497933621796,1,I,194,6
49.8634959200719,72,47.8946574870497,1.96883843302223,1,C,195,6
52.0296199131176,72,48.8840706227347,3.14554929038292,1,I,196,6
53.9052498138864,72,48.9289189316332,4.97633088225312,1,C,197,6
87.146079160618,72,49.1369782481343,22.8630217518657,0,I,198,6
66.572050634774,72,49.2075083451346,17.3645422896394,1,C,199,6
59.8852328156043,72,49.2164043802768,10.6688284353275,1,I,200,6
63.887540791198,72,49.4602252822369,14.4273155089611,1,C,201,6
61.5097248931234,72,49.5500649372116,11.9596599559118,1,I,202,6
52.8578206541639,72,49.920868864283,2.93695178988089,1,C,203,6
67.8715180430903,72,50.240618227981,17.6308998151092,1,I,204,6
69.2442219895221,72,50.5738440714777,18.6703779180444,1,C,205,6
54.2058970820157,72,51.058404436335,3.14749264568072,1,I,206,6
56.0500255007394,72,51.3504650909454,4.69956040979398,1,C,207,6
70.2304849678204,72,52.0694539183751,18.1610310494453,1,I,208,6
56.3669497029341,72,52.2181263193488,4.14882338358531,1,C,209,6
71.5433882519475,72,52.8285475261509,18.7148407257966,1,I,210,6
69.2049851109836,72,52.8906009206548,16.3143841903288,1,C,211,6
66.728738303166,72,53.4870420210064,13.2416962821596,1,I,212,6
75.5401461538495,72,53.6773988977075,18.3226011022925,0,C,213,6
78.0771490812078,72,53.7435051519424,18.2564948480576,0,I,214,6
67.326523568914,72,54.1732020210475,13.1533215478665,1,C,215,6
59.347680674811,72,54.3831276800484,4.96455299476265,1,I,216,6
85.500206075652,72,54.4991224631667,17.5008775368333,0,C,217,6
54.607107776499,72,54.5067446585745,0.100363117924495,1,I,218,6
57.8044612869381,72,54.6398071898148,3.16465409712334,1,C,219,6
69.3343788993244,72,54.6461586467922,14.6882202525323,1,I,220,6
66.6127283051226,72,54.9081379920244,11.7045903130982,1,C,221,6
73.8116501361516,72,55.041318484582,16.958681515418,0,I,222,6
100.446432767723,72,55.2948755817488,16.7051244182512,0,C,223,6
81.170841483375,72,55.3752785269171,16.6247214730829,0,I,224,6
62.8157350881404,72,56.2239044671878,6.59183062095254,1,C,225,6
62.158109497227,72,56.242747977376,5.91536151985096,1,I,226,6
63.7968120994514,72,56.4122043829411,7.38460771651029,1,C,227,6
61.8419840918323,72,56.4860306633636,5.35595342846866,1,I,228,6
63.7557726840563,72,56.9705331791192,6.7852395049371,1,C,229,6
62.3071202675691,72,57.1000873250887,5.20703294248039,1,I,230,6
77.849393525116,72,57.2268460225314,14.7731539774686,0,C,231,6
95.1265457186886,72,57.7809263812378,14.2190736187622,0,I,232,6
69.7283552460748,72,57.8988463059068,11.829508940168,1,C,233,6
63.9191258339367,72,58.0805274518207,5.83859838211607,1,I,234,6
95.0376902210644,72,58.8835792383179,13.1164207616821,0,C,235,6
59.5305242281562,72,58.9128914102912,0.617632817865001,1,I,236,6
80.7306031363576,72,58.973169378005,13.026830621995,0,C,237,6
79.3837550238283,72,59.0282216621563,12.9717783378437,0,I,238,6
64.5492137153506,72,59.1972880996764,5.35192561567417,1,C,239,6
81.9900565844803,72,59.3265920877457,12.6734079122543,0,I,240,6
83.9330097992706,72,59.5505459513515,12.4494540486485,0,C,241,6
4.48334747768707,72,0.225731902755797,4.25761557493128,1,C,1,7
19.7320809462016,72,0.527656464837492,19.2044244813641,1,I,2,7
4.66109582206748,72,0.823991359211505,3.83710446285597,1,C,3,7
56.5381275941897,72,1.15887688938528,55.3792507048044,1,I,4,7
13.9952393675356,72,1.65580478031188,12.3394345872237,1,C,5,7
12.2074303317182,72,1.93296127952635,10.2744690521918,1,I,6,7
36.5046764630523,72,2.14151356369257,34.3631628993598,1,C,7,7
61.2459946874221,72,2.24605425260961,58.9999404348125,1,I,8,7
12.7835502093789,72,2.30848009698093,10.4750701123979,1,C,9,7
4.77779544519579,72,2.37269361969084,2.40510182550495,1,I,10,7
25.6359250046375,31.2012205339994,2.451430731453,23.1844942731845,1,C,11,7
3.7561938281585,72,2.95669144950807,0.79950237865043,1,I,12,7
4.24532259384382,12.0893708784751,3.24334221426398,1.00198037957985,1,C,13,7
17.7839558833314,72,3.67033323738724,14.1136226459442,1,I,14,7
30.9182534804944,72,4.156016218476,26.7622372620184,1,C,15,7
12.3335484649632,72,4.3293025251478,8.00424593981543,1,I,16,7
15.5133473253892,72,4.33010471519083,11.1832426101984,1,C,17,7
14.4177424001038,72,4.86133493017405,9.55640746992977,1,I,18,7
5.64059258985762,72,4.95080195367336,0.689790636184256,1,C,19,7
20.1332850097927,72,5.02657416276634,15.1067108470263,1,I,20,7
19.7141040533766,72,5.04451523534954,14.669588818027,1,C,21,7
26.678974140286,72,5.32789003103972,21.3510841092462,1,I,22,7
9.53893505041019,72,5.38620235864073,4.15273269176946,1,C,23,7
14.0828349165667,72,5.41203148663044,8.67080342993622,1,I,24,7
5.81977820914234,72,5.48922550398856,0.330552705153771,1,C,25,7
27.6333773883886,72,5.55090228561312,22.0824751027754,1,I,26,7
9.93063413531507,72,5.56542336009443,4.36521077522064,1,C,27,7
10.7355312783509,72,5.98541087005287,4.75012040829799,1,I,28,7
31.0982362453481,72,6.04917672928423,25.0490595160638,1,C,29,7
10.7264803858021,72,6.08322548680008,4.64325489900206,1,I,30,7
8.83913930165759,72,6.08433710876852,2.75480219288907,1,C,31,7
18.1643016673579,72,6.10512376762927,12.0591778997286,1,I,32,7
20.3895457074157,45.4086322753625,6.23639929108322,14.1531464163325,1,C,33,7
8.99377404627179,72,6.51976738125086,2.47400666502094,1,I,34,7
8.34031668420533,72,6.66114232968539,1.67917435451994,1,C,35,7
22.0185059022661,72,7.2931226156652,14.7253832866009,1,I,36,7
54.1475573596706,72,7.58499297313392,46.5625643865367,1,C,37,7
12.1561342933481,72,7.80629967804998,4.34983461529813,1,I,38,7
13.5733264607832,72,8.5898301936686,4.98349626711461,1,C,39,7
9.00425823271143,72,8.83953425567597,0.164723977035453,1,I,40,7
11.5705789722352,72,9.00373523589224,2.56684373634298,1,C,41,7
19.7352926882222,72,9.09100967925042,10.6442830089718,1,I,42,7
16.7650168223873,72,9.85665620304644,6.90836061934085,1,C,43,7
38.3169501350347,72,9.92806829977781,28.3888818352569,1,I,44,7
18.9957632945386,72,10.1156574022025,8.88010589233616,1,C,45,7
53.8332450750017,72,10.5575920734555,43.2756530015462,1,I,46,7
18.667013739999,72,10.6088072480634,8.05820649193557,1,C,47,7
21.3179597065082,72,10.7430543098599,10.5749053966483,1,I,48,7
33.9651219183533,72,11.0720487730578,22.8930731452956,1,C,49,7
19.7741617069801,72,11.0737380478531,8.70042365912697,1,I,50,7
65.7052629612365,72,11.2172782374546,54.4879847237819,1,C,51,7
11.7749074186011,72,11.6584091400728,0.116498278528342,1,I,52,7
14.9353562333539,72,11.9646154437214,2.97074078963248,1,C,53,7
19.7313758381605,72,12.1929201018065,7.53845573635395,1,I,54,7
18.7328892659826,72,12.7142521413043,6.01863712467825,1,C,55,7
30.4101683766515,72,12.7518879203126,17.6582804563389,1,I,56,7
14.7456476063777,72,13.0750907678157,1.67055683856202,1,C,57,7
47.6306600393751,72,13.2861893903464,34.3444706490287,1,I,58,7
27.1617688062206,72,13.5544059053063,13.6073629009142,1,C,59,7
15.8301720819597,72,13.6052327882499,2.22493929370987,1,I,60,7
33.3649270054436,72,13.6254198616371,19.7395071438066,1,C,61,7
26.757004994191,72,13.64441444166,13.112590552531,1,I,62,7
20.1052236452073,72,14.062970476225,6.04225316898225,1,C,63,7
48.4682792698413,72,14.5451605506241,33.9231187192172,1,I,64,7
16.8154736222827,72,14.8022290505469,2.01324457173581,1,C,65,7
18.7404713669739,72,14.8976879892871,3.84278337768682,1,I,66,7
52.9938867893708,72,15.0849085813388,37.908978208032,1,C,67,7
28.920157945344,72,15.6970991240814,13.2230588212626,1,I,68,7
53.1320555490068,72,17.1427534008399,35.9893021481669,1,C,69,7
32.3777290742617,72,17.2826046170667,15.095124457195,1,I,70,7
25.0706527541069,72,17.6597076701,7.41094508400683,1,C,71,7
40.3587361361823,72,17.9279852891341,22.4307508470482,1,I,72,7
23.3111565138784,72,18.3015282545239,5.00962825935453,1,C,73,7
24.381330656355,72,18.6662953672931,5.71503528906196,1,I,74,7
39.4154271379324,72,19.5398953277618,19.8755318101707,1,C,75,7
43.7539422360605,72,19.5589113654569,24.1950308706037,1,I,76,7
21.5421962542812,72,19.6461493754759,1.89604687880527,1,C,77,7
44.5380606702453,72,20.6580996327102,23.8799610375351,1,I,78,7
31.0697965266959,72,21.0142557509244,10.0555407757715,1,C,79,7
34.165878314413,72,21.3059835322201,12.8598947821929,1,I,80,7
22.0960681019504,72,21.5688809473068,0.527187154643595,1,C,81,7
33.5140596464808,72,21.6431100899354,11.8709495565454,1,I,82,7
39.3123271334062,72,21.79081548471,17.5215116486962,1,C,83,7
23.9425780168551,72,21.7938095564023,2.14876846045279,1,I,84,7
22.6885049407809,72,22.0992877660319,0.589217174748932,1,C,85,7
30.9807724664333,72,22.1533308411017,8.82744162533154,1,I,86,7
22.2826541708959,72,22.2382646519691,0.0443895189267974,1,C,87,7
37.3811459230361,72,22.514571826905,14.8665740961311,1,I,88,7
35.320432589824,72,22.9502084059641,12.3702241838599,1,C,89,7
67.6515337234009,72,22.9949661623687,44.6565675610322,1,I,90,7
44.6583940137532,72,23.0155703332275,21.6428236805257,1,C,91,7
55.7373897199752,72,23.0699781049043,32.6674116150709,1,I,92,7
60.6049530385015,72,23.318299530074,37.2866535084275,1,C,93,7
23.4008147429115,72,23.3996689785272,0.00114576438434213,1,I,94,7
40.665298196348,72,23.9787669014186,16.6865312949295,1,C,95,7
37.8709561362479,72,24.2274978803471,13.6434582559009,1,I,96,7
27.3165758725569,72,24.3354246206582,2.98115125189877,1,C,97,7
34.8702897615069,72,25.4173429962248,9.45294676528218,1,I,98,7
27.9732875965801,72,26.0434403037652,1.92984729281482,1,C,99,7
39.3304502182376,72,26.1624681064859,13.1679821117516,1,I,100,7
26.9790230866935,72,26.1935902107507,0.78543287594276,1,C,101,7
26.8208895730013,72,26.4115370158106,0.409352557190686,1,I,102,7
42.4747758263101,72,26.4880947489291,15.9866810773809,1,C,103,7
35.6425199091456,72,26.4895421918482,9.15297771729742,1,I,104,7
49.3503524023074,72,26.5853848261759,22.7649675761315,1,C,105,7
26.6465540937447,72,26.5919874608517,0.0545666328929732,1,I,106,7
27.8414455052008,72,27.588036688976,0.25340881622477,1,C,107,7
30.6355455391172,72,27.6925332890824,2.94301225003482,1,I,108,7
34.9392554026348,72,27.9462338704616,6.99302153217326,1,C,109,7
31.5576678223001,35.6692625154159,28.6586926644668,2.89897515783328,1,I,110,7
47.4030926725703,72,28.7122296122834,18.6908630602869,1,C,111,7
33.7838293450942,72,28.7644428340718,5.0193865110224,1,I,112,7
79.0848721090953,72,28.8071361975744,43.1928638024256,0,C,113,7
45.6519656569403,72,28.8818145124242,16.7701511445161,1,I,114,7
38.4207093282739,72,29.1646573087201,9.25605201955386,1,C,115,7
76.703767069202,59.1433149483829,29.1990360617638,29.9442788866192,0,I,116,7
32.9359893706016,72,29.6606875117868,3.27530185881475,1,C,117,7
34.1733547825445,72,29.6812497032806,4.49210507926392,1,I,118,7
36.705619025308,72,29.7642585542053,6.94136047110269,1,C,119,7
60.3287852832824,72,29.8647653963417,30.4640198869407,1,I,120,7
39.5006513677506,72,30.0014959461987,9.49915542155189,1,C,121,7
33.7104884062813,72,30.1155770011246,3.59491140515668,1,I,122,7
79.315156252798,42.8985370830906,30.1706866035238,12.7278504795668,0,C,123,7
78.3770726664149,72,30.2541481330991,41.7458518669009,0,I,124,7
34.2672553724089,72,30.4340536985546,3.83320167385428,1,C,125,7
55.5759781291355,72,31.1001452570781,24.4758328720574,1,I,126,7
36.0490701966771,72,31.1597724119201,4.88929778475694,1,C,127,7
31.479971353805,72,31.4221224747598,0.0578488790451453,1,I,128,7
42.0974803832533,72,31.4347615744919,10.6627188087614,1,C,129,7
38.1241653430422,72,31.4656935911626,6.65847175187961,1,I,130,7
44.1868714106388,72,32.5707581592724,11.6161132513664,1,C,131,7
47.0971979600082,72,33.067725864239,14.0294720957692,1,I,132,7
53.2374400380321,72,33.0680865515023,20.1693534865297,1,C,133,7
36.2233743206737,72,33.4856996918097,2.737674628864,1,I,134,7
51.2958608907999,72,34.4131505163386,16.8827103744612,1,C,135,7
39.1793677321104,72,34.5669693360105,4.61239839609986,1,I,136,7
37.2192512861704,72,35.0911522423849,2.12809904378559,1,C,137,7
35.8626254973596,72,35.542205167003,0.320420330356591,1,I,138,7
41.953080239974,72,35.624763420783,6.32831681919102,1,C,139,7
44.3361287014994,72,35.6609359430149,8.67519275848444,1,I,140,7
88.3487452225052,72,35.755961718969,36.244038281031,0,C,141,7
37.8819125386004,72,35.7871119165793,2.09480062202109,1,I,142,7
61.9799708068683,72,35.838640127331,26.1413306795373,1,C,143,7
42.2014227328671,72,36.3761968072504,5.82522592561669,1,I,144,7
50.985500372534,52.2010981196946,36.6439661197364,14.3415342527975,1,C,145,7
71.9404036568372,72,37.0170431211591,34.9233605356781,1,I,146,7
56.9808848973632,72,37.0273111341521,19.9535737632111,1,C,147,7
39.9957707835625,72,37.2065537888557,2.78921699470684,1,I,148,7
83.1146977873949,72,37.690734914504,34.309265085496,0,C,149,7
59.1107717388012,64.2673438339505,38.0109591968358,21.0998125419654,1,I,150,7
43.8646053822333,72,38.0270281713456,5.83757721088773,1,C,151,7
51.1033452381695,72,38.2658625533804,12.8374826847891,1,I,152,7
56.7447867899207,72,38.7741047563031,17.9706820336176,1,C,153,7
53.5295028864742,72,39.0162874571979,14.5132154292762,1,I,154,7
47.5589449763551,72,39.0609120950103,8.49803288134478,1,C,155,7
61.2251984898216,72,39.3803731352091,21.8448253546125,1,I,156,7
88.6004653370928,72,39.4736330676824,32.5263669323176,0,C,157,7
46.5871533018957,72,39.6606804337353,6.92647286816046,1,I,158,7
50.8443390166456,72,40.4596408037469,10.3846982128987,1,C,159,7
43.3589040616965,72,41.4822303364053,1.8766737252912,1,I,160,7
46.9818633217894,72,41.6958375368267,5.28602578496266,1,C,161,7
63.3538268060337,72,41.6992823733017,21.654544432732,1,I,162,7
96.1330615911873,72,41.7643072782084,30.2356927217916,0,C,163,7
48.0337225320337,72,41.8736995803192,6.16002295171449,1,I,164,7
56.1645008698114,72,41.9136762432754,14.250824626536,1,C,165,7
49.0125144324544,72,42.033475167118,6.97903926533638,1,I,166,7
52.0438045248181,72,42.7617504028603,9.28205412195771,1,C,167,7
60.7860964352883,72,42.9746273718774,17.8114690634108,1,I,168,7
71.3645373960117,72,43.2048985781148,28.1596388178969,1,C,169,7
51.9179846411782,72,43.238430689089,8.67955395208922,1,I,170,7
55.9565260826854,72,43.630473590456,12.3260524922295,1,C,171,7
54.4391231664015,72,43.7064629886299,10.7326601777716,1,I,172,7
51.2945417560679,72,43.9245948381722,7.36994691789569,1,C,173,7
67.9760862529982,72,44.0412521967664,23.9348340562318,1,I,174,7
53.7101293843285,72,44.0761403879151,9.63398899641344,1,C,175,7
47.3841495259841,72,44.2115147598088,3.17263476617529,1,I,176,7
71.1589730862917,72,44.5923646073788,26.5666084789128,1,C,177,7
59.3185560770478,72,45.2745665749535,14.0439895020943,1,I,178,7
65.3214826745604,72,45.6145319715142,19.7069507030461,1,C,179,7
60.0735545988664,72,45.9923664433882,14.0811881554783,1,I,180,7
53.3683251923821,72,46.1008219141513,7.26750327823078,1,C,181,7
52.4035238269329,72,46.245421199128,6.15810262780481,1,I,182,7
69.2940948362651,72,46.3584851939231,22.935609642342,1,C,183,7
57.3138890896723,72,46.8310650112107,10.4828240784616,1,I,184,7
47.9274317437102,72,46.8907739594579,1.0366577842523,1,C,185,7
55.7347419372181,72,47.1067151008174,8.62802683640075,1,I,186,7
66.0847152340876,72,48.044073949568,18.0406412845196,1,C,187,7
61.4291092455673,72,48.1608152529225,13.2682939926448,1,I,188,7
83.7299507043835,72,48.338558874093,23.661441125907,0,C,189,7
55.4336459613049,72,48.6321874056011,6.80145855570379,1,I,190,7
52.0576270769271,72,48.9355787448585,3.12204833206861,1,C,191,7
56.3006139104527,72,49.0069733932614,7.29364051719127,1,I,192,7
56.1170383846415,72,49.0997883165255,7.01725006811592,1,C,193,7
141.057629250219,72,49.1357722599059,22.8642277400941,0,I,194,7
50.1218770236676,72,49.1940380679444,0.927838955723284,1,C,195,7
54.8155384376343,72,49.2190414806828,5.59649695695153,1,I,196,7
51.8980158093728,72,49.3643004214391,2.53371538793368,1,C,197,7
51.8548003170288,72,50.0485114194453,1.8062888975835,1,I,198,7
66.01870981973,72,50.1416088407859,15.8771009789441,1,C,199,7
73.5011038029296,72,50.3966522589326,21.6033477410674,0,I,200,7
51.3496593554561,72,50.453537623398,0.89612173205809,1,C,201,7
108.548061969137,72,50.6696777930483,21.3303222069517,0,I,202,7
51.5343654259049,72,51.3217482157052,0.212617210199777,1,C,203,7
55.7509491352318,72,51.3447977369651,4.40615139826668,1,I,204,7
55.4217653130813,72,52.8249797550961,2.59678555798513,1,C,205,7
75.7934802075261,72,52.8732640016824,19.1267359983176,0,I,206,7
78.2841199675968,72,53.008757326752,18.9912426732481,0,C,207,7
78.1526332791409,72,53.0262955231592,18.9737044768408,0,I,208,7
57.7139889874878,72,53.4544851724058,4.25950381508199,1,C,209,7
57.8564068071533,72,53.7389445723966,4.11746223475669,1,I,210,7
77.4257987020889,72,53.9257806306705,18.0742193693295,0,C,211,7
57.9493176042322,72,53.9799911202863,3.96932648394587,1,I,212,7
63.0071112751326,72,54.1513807279989,8.8557305471337,1,C,213,7
67.8102863288055,72,54.4959814427421,13.3143048860634,1,I,214,7
62.4739685813045,72,54.697481081821,7.77648749948351,1,C,215,7
59.9138040347188,72,54.8376477370039,5.07615629771493,1,I,216,7
75.9221818655773,72,54.9934041453525,17.0065958546475,0,C,217,7
84.9635968277803,72,55.0202149059624,16.9797850940377,0,I,218,7
61.8510633617075,72,55.1456923317164,6.70537102999106,1,C,219,7
62.561927983947,72,55.2945742523298,7.26735373161722,1,I,220,7
56.6604782955494,72,55.3403845243156,1.32009377123377,1,C,221,7
57.5926876898671,72,55.4969278955832,2.09575979428385,1,I,222,7
63.3067742626562,72,55.67047000397,7.6363042586862,1,C,223,7
66.0246310104819,72,55.921104750596,10.1035262598859,1,I,224,7
60.7983117591544,72,56.8241014843807,3.97421027477376,1,C,225,7
65.6170333405391,72,57.0937675517052,8.52326578883389,1,I,226,7
65.432196980574,72,57.6446702191606,7.78752676141337,1,C,227,7
68.9444786629997,72,57.7784116426483,11.1660670203514,1,I,228,7
83.2509923622812,72,57.814346915111,14.1856530848891,0,C,229,7
83.8711115606002,72,57.9354547988623,14.0645452011377,0,I,230,7
63.4500916036499,72,58.1696362467483,5.28045535690161,1,C,231,7
65.448788935251,72,58.4277826035395,7.02100633171147,1,I,232,7
73.1696399112126,72,58.594929696992,13.405070303008,0,C,233,7
59.2310819600005,72,58.9808794297278,0.250202530272655,1,I,234,7
61.0061802352273,72,59.2643908783793,1.74178935684796,1,C,235,7
67.4658895373606,72,59.3843932449818,8.08149629237877,1,I,236,7
64.3703458604506,72,59.4959766184911,4.87436924195949,1,C,237,7
65.7754144422654,72,59.8984798416495,5.87693460061586,1,I,238,7
0.679679797021938,72,0.132482727058232,0.547197069963706,1,I,1,8
8.16992988040332,72,0.246208640746772,7.92372123965655,1,C,2,8
24.1678437659306,72,0.247742529027164,23.9201012369034,1,I,3,8
12.5523386111551,72,0.303577948361635,12.2487606627935,1,C,4,8
14.9536818527471,72,0.739377541467547,14.2143043112795,1,I,5,8
5.64983545315058,72,1.60428768955171,4.04554776359887,1,C,6,8
52.4179646111233,72,1.61127631086856,50.8066883002548,1,I,7,8
11.9548152152027,72,1.61943183280528,10.3353833823975,1,C,8,8
8.35532786310454,72,1.83790499344468,6.51742286965986,1,I,9,8
13.5834234772032,72,2.04306218773127,11.540361289472,1,C,10,8
20.1942198858849,72,2.05971908289939,18.1345008029855,1,I,11,8
2.27591447361566,72,2.17213025316596,0.103784220449696,1,C,12,8
6.26244507527107,72,2.30339460074902,3.95905047452206,1,I,13,8
15.8165337184612,72,2.75036829058081,13.0661654278804,1,C,14,8
17.965589982979,72,2.84957888536155,15.1160110976174,1,I,15,8
14.3975847209117,72,2.96666321810335,11.4309215028084,1,C,16,8
6.82796296752445,72,3.30386760178953,3.52409536573491,1,I,17,8
25.2637611206768,72,3.39821553323418,21.8655455874426,1,C,18,8
39.0882392874206,72,3.45921136904508,35.6290279183755,1,I,19,8
11.7178528517813,72,3.75137262046337,7.96648023131789,1,C,20,8
7.70028252234626,72,3.84322416968644,3.85705835265983,1,I,21,8
11.185353558059,72,3.88312135823071,7.30223219982826,1,C,22,8
8.48177119684127,72,3.92707382328808,4.55469737355318,1,I,23,8
11.8673037294057,72,4.02331524062902,7.84398848877669,1,C,24,8
6.96390958740872,72,4.2289395025,2.73497008490872,1,I,25,8
8.71633143029969,72,4.32228745892644,4.39404397137325,1,C,26,8
5.88543443631504,72,4.41226642113179,1.47316801518325,1,I,27,8
6.22337736329252,72,4.77778977714479,1.44558758614773,1,C,28,8
18.1525203825304,72,4.93200302124023,13.2205173612901,1,I,29,8
27.3612674171828,72,5.2315940335393,22.1296733836435,1,C,30,8
20.3344044157244,72,6.44406690727919,13.8903375084452,1,I,31,8
16.7062479761541,72,6.48853034712374,10.2177176290304,1,C,32,8
11.2378057252447,72,6.87236253172159,4.36544319352307,1,I,33,8
19.3201023627773,72,7.16690015047789,12.1532022122994,1,C,34,8
10.9977804695799,72,7.17900148127228,3.81877898830764,1,I,35,8
93.8452050740523,72,7.24083468317986,64.7591653168202,0,C,36,8
40.3358507514358,72,7.45886463671923,32.8769861147166,1,I,37,8
14.9354101847169,23.2580456103421,7.53077672794461,7.40463345677227,1,C,38,8
19.0730747327133,72,7.85276285838336,11.2203118743299,1,I,39,8
29.6899093360911,72,9.2906211828813,20.3992881532098,1,C,40,8
32.6857280688854,72,9.52148105017841,23.164247018707,1,I,41,8
11.0575163129708,72,9.62039702106267,1.43711929190817,1,C,42,8
56.0740175506514,72,10.1995373982936,45.8744801523578,1,I,43,8
11.7334576327868,72,10.3959743818268,1.33748325095997,1,C,44,8
14.1636398048568,72,11.0964053822681,3.06723442258871,1,I,45,8
12.6501025301945,72,11.2630241923034,1.38707833789105,1,C,46,8
13.5216792089929,72,11.370450546965,2.15122866202786,1,I,47,8
24.7951953562356,72,11.4700019080192,13.3251934482164,1,C,48,8
49.9988865588422,72,12.4205368990079,37.5783496598343,1,I,49,8
15.9582211538438,72,12.4397391267121,3.51848202713168,1,C,50,8
29.8442670439755,72,12.5771437492222,17.2671232947533,1,I,51,8
13.0891759618051,72,12.7926957048476,0.296480256957535,1,C,52,8
27.7173053070798,72,12.8226424986497,14.8946628084302,1,I,53,8
15.0941296927041,72,13.6860283557326,1.40810133697154,1,C,54,8
19.1050768165506,72,13.8595262216404,5.24555059491022,1,I,55,8
19.117796702283,72,14.0353110618889,5.08248564039405,1,C,56,8
23.8847722999035,72,14.2543209437281,9.6304513561754,1,I,57,8
18.4658904011262,72,14.3210597662255,4.14483063490067,1,C,58,8
39.928239067885,72,14.5165761373937,25.4116629304912,1,I,59,8
75.6977482124009,72,14.7049042023718,57.2950957976282,0,C,60,8
24.6240579401892,72,14.8219754034653,9.80208253672386,1,I,61,8
18.628951443238,72,15.4837821051478,3.14516933809012,1,C,62,8
35.4799825438199,72,15.4952381132171,19.9847444306028,1,I,63,8
18.0247131442304,72,15.5654109315947,2.4593022126357,1,C,64,8
47.1836301263395,72,15.8580068964511,31.3256232298884,1,I,65,8
21.9172494562923,72,16.0568091273308,5.86044032896151,1,C,66,8
34.9574556417937,72,16.0936542972922,18.8638013445015,1,I,67,8
21.3527695841851,72,16.0940593387932,5.25871024539196,1,C,68,8
28.5696148152081,72,16.1196929169819,12.4499218982262,1,I,69,8
30.5070542870217,72,16.1660149600357,14.341039326986,1,C,70,8
19.6253121810347,72,16.4715834707022,3.1537287103325,1,I,71,8
55.023923570679,72,16.7572437180206,38.2666798526583,1,C,72,8
25.7544036334704,72,16.9179612910375,8.83644234243289,1,I,73,8
19.6739024562934,72,16.9579458329827,2.71595662331075,1,C,74,8
29.3718864080629,72,17.0327126327902,12.3391737752727,1,I,75,8
31.9013170178138,72,17.0451775286347,14.8561394891792,1,C,76,8
22.5726175450758,72,17.1447100723162,5.42790747275956,1,I,77,8
38.2298809781675,72,17.7529955701903,20.4768854079772,1,C,78,8
19.7524087075083,72,17.7977451542392,1.95466355326911,1,I,79,8
42.1549197383574,72,17.8199741709977,24.3349455673597,1,C,80,8
42.5477951583884,72,17.8229667758569,24.7248283825315,1,I,81,8
25.6004260343548,72,18.1179494736716,7.48247656068319,1,C,82,8
31.5377290604548,72,18.1201558560133,13.4175732044415,1,I,83,8
19.5318486360965,72,18.139895782806,1.39195285329049,1,C,84,8
38.0437634358098,72,18.3973668934777,19.646396542332,1,I,85,8
22.2006585270407,72,18.4495858149603,3.75107271208035,1,C,86,8
24.7558951783915,72,18.7878297781572,5.9680654002343,1,I,87,8
22.0818055826256,72,19.0393844945356,3.04242108809,1,C,88,8
50.4497029503072,72,19.6963608032092,30.753342147098,1,I,89,8
27.8621658348257,72,19.8123118607327,8.04985397409301,1,C,90,8
41.4803845760886,72,20.3010889654979,21.1792956105907,1,I,91,8
28.9571725484479,72,20.4444963578135,8.51267619063445,1,C,92,8
39.056925977742,72,21.0172761837021,18.03964979404,1,I,93,8
29.4898683264241,72,21.0897427657619,8.40012556066218,1,C,94,8
32.5489317371552,72,21.4995352132246,11.0493965239306,1,I,95,8
53.4821907827914,72,21.5433153742924,31.938875408499,1,C,96,8
37.9262548604275,72,21.6677528154105,16.258502045017,1,I,97,8
34.04795488738,72,22.1145279938355,11.9334268935445,1,C,98,8
26.9453860964176,72,22.140141511336,4.80524458508165,1,I,99,8
25.930581552452,72,22.2106477618217,3.71993379063021,1,C,100,8
80.2979600388322,72,22.5614540325478,49.4385459674522,0,I,101,8
66.8255962163492,72,22.6657669432461,44.1598292731031,1,C,102,8
53.6116013176476,72,22.8253433201462,30.7862579975014,1,I,103,8
39.8691827137832,72,23.0165647063404,16.8526180074427,1,C,104,8
32.6301810318132,72,23.156304792501,9.47387623931221,1,I,105,8
23.8364784542188,72,23.4274266287684,0.409051825450364,1,C,106,8
36.7030525374098,72,23.4528011502698,13.25025138714,1,I,107,8
47.2882231869639,72,23.5672476701438,23.7209755168201,1,C,108,8
44.2846853844912,72,24.0104336338118,20.2742517506794,1,I,109,8
35.6966612329001,72,25.0654813321307,10.6311799007694,1,C,110,8
59.4987683333902,72,25.1520986901596,34.3466696432306,1,I,111,8
31.6215299734032,72,25.9322397876531,5.68929018575006,1,C,112,8
48.6338612920166,72,25.9992597671226,22.634601524894,1,I,113,8
45.8344663328623,72,26.2683556135744,19.5661107192879,1,C,114,8
27.6470533040957,72,26.6521020513028,0.994951252792872,1,I,115,8
44.7142722151501,72,26.6753816697747,18.0388905453755,1,C,116,8
33.1868799254085,72,27.535629873164,5.65125005224453,1,I,117,8
40.2618675545516,72,27.957350355573,12.3045171989786,1,C,118,8
30.2502318895086,72,27.9722924111411,2.27793947836751,1,I,119,8
29.60120521031,72,28.1790983257815,1.42210688452851,1,C,120,8
75.1932505045935,72,28.3689631707966,43.6310368292034,0,I,121,8
35.5206096463092,72,28.5126941744238,7.00791547188535,1,C,122,8
78.9146813158935,72,28.5378431668505,43.4621568331495,0,I,123,8
51.5277516383172,72,28.564671697095,22.9630799412221,1,C,124,8
50.7177196113445,72,28.7084116553888,22.0093079559557,1,I,125,8
38.493781599821,72,29.2486977903172,9.24508380950371,1,C,126,8
33.240368847094,72,29.6881875442341,3.55218130285987,1,I,127,8
31.6158720377371,72,29.7208386613056,1.89503337643151,1,C,128,8
44.1801861181803,72,29.838973316364,14.3412128018163,1,I,129,8
41.8270088063132,72,30.1036214316264,11.7233873746868,1,C,130,8
69.0546711217033,72,30.3505111578852,38.7041599638181,1,I,131,8
42.0616845198451,72,30.5814901879057,11.4801943319394,1,C,132,8
50.4528784829429,72,30.6767354998738,19.7761429830691,1,I,133,8
56.9108179326735,72,30.835345541127,26.0754723915465,1,C,134,8
58.1123532592965,72,30.9737258451059,27.1386274141906,1,I,135,8
37.6307918748839,72,31.2729869736359,6.35780490124805,1,C,136,8
50.867665070332,72,31.6378999315202,19.2297651388117,1,I,137,8
36.5419373014591,72,31.744620250538,4.79731705092112,1,C,138,8
57.6529410671586,72,31.8415039032698,25.8114371638888,1,I,139,8
41.4664185058675,72,32.1895612450317,9.2768572608358,1,C,140,8
35.2288811764428,72,32.3271168675274,2.90176430891547,1,I,141,8
38.2667983957012,72,32.4044596217573,5.86233877394395,1,C,142,8
47.31957848259,72,33.2477593794465,14.0718191031435,1,I,143,8
37.3906550038449,72,33.4911461407319,3.89950886311307,1,C,144,8
42.1915223003062,72,33.7299537425861,8.46156855772008,1,I,145,8
47.0757933054401,72,33.7968233926222,13.278969912818,1,C,146,8
61.0006880579645,72,33.8553813798353,27.1453066781292,1,I,147,8
68.1847621903737,72,34.2614736082032,33.9232885821705,1,C,148,8
39.1563986376289,72,34.2782378895208,4.87816074810805,1,I,149,8
63.6593206306672,72,34.7012656275183,28.9580550031489,1,C,150,8
35.8540274568509,72,34.8020291794091,1.05199827744176,1,I,151,8
67.7049724219101,72,35.0589656364173,32.6460067854929,1,C,152,8
46.2549150498299,72,35.1304663717747,11.1244486780552,1,I,153,8
35.6313854954754,72,35.2313152654097,0.400070230065766,1,C,154,8
49.5482225025022,72,35.273090028204,14.2751324742982,1,I,155,8
42.9295561424784,66.3852827114385,35.3913067420945,7.53824940038389,1,C,156,8
82.4782213270934,72,35.4516290919855,36.5483709080145,0,I,157,8
42.1960211500302,72,36.2444893084466,5.95153184158355,1,C,158,8
54.8714129404446,72,36.5226709702984,18.3487419701462,1,I,159,8
39.367003297126,72,36.8441074155271,2.52289588159884,1,C,160,8
39.3092880982349,72,36.9068174064159,2.40247069181898,1,I,161,8
81.7668993934921,72,37.0691206259653,34.9308793740347,0,C,162,8
47.4300006344611,72,37.2959160804749,10.1340845539863,1,I,163,8
59.1548512604622,72,37.3455490730703,21.8093021873919,1,C,164,8
62.4345133874101,72,37.8316895663738,24.6028238210363,1,I,165,8
66.8024216469674,72,38.2315976824611,28.5708239645063,1,C,166,8
69.9716622479062,72,38.4548234380782,31.516838809828,1,I,167,8
39.9290975921117,72,38.45770847518,1.47138911693174,1,C,168,8
59.7305940685331,72,38.6301267659292,21.1004673026039,1,I,169,8
45.5041541114531,72,38.7061961553991,6.79795795605405,1,C,170,8
48.11940273637,72,38.8609860185534,9.2584167178166,1,I,171,8
51.2190633122856,72,39.0795296430588,12.1395336692268,1,C,172,8
77.3490084139651,72,39.4309896882623,32.5690103117377,0,I,173,8
43.1952547448774,64.5237121867411,40.2476794738323,2.94757527104512,1,C,174,8
40.9952486145747,72,40.492195179686,0.50305343488873,1,I,175,8
55.4506101211389,72,40.5654739262536,14.8851361948852,1,C,176,8
44.8602314293524,72,40.6490577338263,4.2111736955261,1,I,177,8
41.338304800459,72,40.6547537120059,0.683551088453055,1,C,178,8
43.3399860478995,72,41.0079390183091,2.33204702959038,1,I,179,8
64.7861883825799,72,41.3450582837686,23.4411300988113,1,C,180,8
46.2173569740482,72,41.3953398820013,4.82201709204695,1,I,181,8
72.8229281017043,72,41.4122089231387,30.5877910768613,0,C,182,8
122.341493162932,72,41.4914214145392,30.5085785854608,0,I,183,8
46.0656904063468,72,41.7143980320543,4.35129237429253,1,C,184,8
133.554311673447,72,43.0473733926192,28.9526266073808,0,I,185,8
44.0274853910336,72,43.1541273510084,0.873358040025245,1,C,186,8
54.1580240892966,72,43.6001526284963,10.5578714608003,1,I,187,8
50.278998676457,62.0411900147443,43.9319665823132,6.34703209414378,1,C,188,8
49.8016555666721,72,44.1409123688936,5.66074319777843,1,I,189,8
86.0157825412517,72,44.1557724634185,27.8442275365815,0,C,190,8
45.0853599931153,72,44.6988568129018,0.386503180213542,1,I,191,8
51.9387336532879,72,45.1259544398636,6.81277921342436,1,C,192,8
53.0380993149174,72,45.1817591395229,7.85634017539453,1,I,193,8
61.2961611809793,72,45.2710898732767,16.0250713077026,1,C,194,8
54.5853654813098,72,45.5058514606208,9.07951402068898,1,I,195,8
48.3207161197942,72,45.5916306003928,2.72908551940133,1,C,196,8
59.1814492699877,72,45.9388500731438,13.2425991968439,1,I,197,8
59.1978684808114,72,46.3974705571309,12.8003979236806,1,C,198,8
47.1691716983696,72,46.5263896621764,0.6427820361932,1,I,199,8
48.5675743038041,72,46.6903640236706,1.87721028013357,1,C,200,8
52.0443123799677,72,47.2793915122747,4.76492086769298,1,I,201,8
54.8237595702944,54.2947522177665,47.3676486639306,6.92710355383588,0,C,202,8
56.2574609140678,72,47.5346267782152,8.72283413585265,1,I,203,8
67.7781869592478,72,47.8814175585285,19.8967694007194,1,C,204,8
69.4144726833743,72,48.5461175115779,20.8683551717964,1,I,205,8
56.3123690216064,72,48.6890832753852,7.62328574622115,1,C,206,8
69.4402189096079,72,49.1202089237049,20.320009985903,1,I,207,8
53.1252986888792,72,49.4932967517525,3.63200193712674,1,C,208,8
60.1418084376924,72,49.7825439926237,10.3592644450688,1,I,209,8
53.076358556337,72,49.8364502610639,3.23990829527308,1,C,210,8
50.5625898747412,72,50.0777862779796,0.484803596761586,1,I,211,8
78.5994805402364,72,50.8205421315506,21.1794578684494,0,C,212,8
55.7667271050412,72,50.952025023289,4.8147020817522,1,I,213,8
74.3838466006039,72,51.1385858757421,20.8614141242579,0,C,214,8
59.2142135220981,72,51.4569623954594,7.75725112663867,1,I,215,8
77.3113829573961,72,51.6268750838935,20.3731249161065,0,C,216,8
59.2730489342172,72,51.9664831040427,7.30656583017444,1,I,217,8
65.1936807680291,72,52.0035461196676,13.1901346483615,1,C,218,8
59.0656998303946,72,52.6756905438379,6.39000928655674,1,I,219,8
55.2854284867995,72,53.8825222989544,1.4029061878451,1,C,220,8
96.1831194895002,72,54.1920332657173,17.8079667342827,0,I,221,8
83.2026914155796,72,54.2023990117014,17.7976009882987,0,C,222,8
73.0217802751119,72,54.2202679719776,17.7797320280224,0,I,223,8
68.0672082026119,72,54.2298449389637,13.8373632636483,1,C,224,8
71.8479514895261,72,54.351777783595,17.496173705931,1,I,225,8
62.2953488601634,72,54.63426834438,7.66108051578344,1,C,226,8
82.7431524802962,72,54.7380941128358,17.2619058871642,0,I,227,8
64.1348841183029,72,54.9289519898593,9.20593212844357,1,C,228,8
93.8846787217496,72,55.2694030478597,16.7305969521403,0,I,229,8
86.8060077306026,72,55.3423648327589,16.6576351672411,0,C,230,8
65.7052196520543,72,55.4573146719486,10.2479049801058,1,I,231,8
55.907597642466,72,55.6390854064375,0.268512236028472,1,C,232,8
75.4932889838279,72,56.3207267504185,15.6792732495815,0,I,233,8
60.8665660041581,72,56.6188123309985,4.24775367315962,1,C,234,8
74.7965431297754,72,56.993455211632,15.006544788368,0,I,235,8
72.7372019180063,72,57.1506213163957,14.8493786836043,0,C,236,8
63.7300173727289,72,58.2063956279308,5.52362174479818,1,I,237,8
65.3379191903016,72,58.2485556649044,7.08936352539713,1,C,238,8
59.0055757606983,72,58.3202977152541,0.685278045444157,1,I,239,8
64.2144533652065,72,58.525907532312,5.68854583289451,1,C,240,8
63.3427707635992,72,59.0267179068178,4.31605285678142,1,I,241,8
72.4353904575109,72,59.1175180161372,12.8824819838628,0,C,242,8
78.6067551981315,72,59.3538624979556,12.6461375020444,0,I,243,8
30.1794972835839,72,0.187729233875871,29.991768049708,1,I,1,9
2.75251903990161,72,0.786391873843968,1.96612716605764,1,C,2,9
6.47206050076207,72,0.955058494582772,5.5170020061793,1,I,3,9
48.0442908128654,72,1.10683140344918,46.9374594094162,1,C,4,9
16.7511690519719,72,1.12407820299268,15.6270908489792,1,I,5,9
5.32955189352758,72,1.35363193228841,3.97591996123917,1,C,6,9
29.3135343129499,72,1.50940212886781,27.8041321840821,1,I,7,9
17.8607409516349,72,1.5706291096285,16.2901118420064,1,C,8,9
24.2037095515913,3.28008372900026,2.42162842769176,0.858455301308501,0,I,9,9
2.58662892738512,47.793899244936,2.4256636435166,0.160965283868521,1,C,10,9
27.0590561567526,72,2.56876344792545,24.4902927088271,1,I,11,9
24.0731563534994,72,2.62935522012413,21.4438011333753,1,C,12,9
48.2141527001752,72,2.6681086840108,45.5460440161644,1,I,13,9
28.8825671995687,72,2.84639229532331,26.0361749042454,1,C,14,9
24.7194398932631,72,4.35017621610314,20.36926367716,1,I,15,9
6.80912943354584,72,4.80070105288178,2.00842838066406,1,C,16,9
18.4980204898143,72,5.08159917779267,13.4164213120216,1,I,17,9
7.48034610415173,29.4051619842319,5.14873777516186,2.33160832898987,1,C,18,9
8.97587868360941,72,5.40081666782498,3.57506201578443,1,I,19,9
51.8189962300964,72,6.39278443995863,45.4262117901377,1,C,20,9
12.7805598098184,72,6.4378199307248,6.34273987909364,1,I,21,9
38.5987195991347,14.5031033520404,6.69004859402776,7.81305475801261,0,C,22,9
29.1958798221531,72,7.09564299322665,22.1002368289264,1,I,23,9
46.1717906124107,72,7.44377619121224,38.7280144211984,1,C,24,9
10.1099013613837,72,7.53537126816809,2.57453009321557,1,I,25,9
31.5745236605237,72,7.56059790495783,24.0139257555658,1,C,26,9
44.0445215418589,72,7.65522252302617,36.3892990188327,1,I,27,9
18.9945098717603,72,7.68583426717669,11.3086756045836,1,C,28,9
18.8720923846632,72,7.75372558739036,11.1183667972728,1,I,29,9
12.6026433287691,72,7.89997742045671,4.70266590831235,1,C,30,9
8.07420934210351,72,7.91140898130834,0.162800360795169,1,I,31,9
13.1888885494759,48.6634539542404,7.96328351832926,5.22560503114664,1,C,32,9
8.85570913500856,72,8.20619790349156,0.649511231517,1,I,33,9
24.0711188051595,72,8.2324012555182,15.8387175496413,1,C,34,9
10.7001055465629,72,8.45336410682648,2.24674143973638,1,I,35,9
28.1114620519976,44.7383376244385,8.57420712243766,19.5372549295599,1,C,36,9
54.7244095359406,72,8.88458843808621,45.8398210978544,1,I,37,9
14.9996578780352,72,8.96681851241738,6.03283936561787,1,C,38,9
15.4207124153964,72,9.27309738937765,6.14761502601875,1,I,39,9
12.5742614400227,25.1166817339572,9.33281611651182,3.24144532351087,1,C,40,9
23.8197617842993,72,9.55915492493659,14.2606068593627,1,I,41,9
24.5297543767034,72,9.56181028392166,14.9679440927818,1,C,42,9
11.1085159731669,72,9.56481505651027,1.54370091665662,1,I,43,9
19.7057063707217,72,9.84885008074343,9.85685628997823,1,C,44,9
11.1484441520119,72,10.0228802952915,1.12556385672034,1,I,45,9
48.2256651213388,72,10.9841311583295,37.2415339630092,1,C,46,9
47.0920175849833,72,11.029720553197,36.0622970317863,1,I,47,9
28.7164105083372,72,11.3354283291847,17.3809821791526,1,C,48,9
43.4329044395956,72,11.5493111265823,31.8835933130133,1,I,49,9
21.3767570589855,72,11.5600202791393,9.81673677984624,1,C,50,9
34.1192946301494,72,11.6164540685713,22.5028405615781,1,I,51,9
41.5166077527886,72,11.6588567337021,29.8577510190865,1,C,52,9
15.0603308824972,72,11.7668127827346,3.2935180997626,1,I,53,9
12.2364807631515,72,11.9829710572958,0.253509705855682,1,C,54,9
24.1173755670241,72,12.0456948922947,12.0716806747294,1,I,55,9
29.7787168830051,72,12.1826970297843,17.5960198532207,1,C,56,9
19.3473785455415,72,12.5253781070933,6.82200043844825,1,I,57,9
77.1755652539553,72,12.6632681814954,59.3367318185046,0,C,58,9
46.5021390739794,23.5526842355565,12.9609082220122,10.5917760135442,0,I,59,9
18.9791857939679,72,13.1484496453777,5.83073614859021,1,C,60,9
29.2716034589196,72,14.3991878209636,14.872415637956,1,I,61,9
24.3476394493311,72,14.5618692180142,9.78577023131695,1,C,62,9
18.2240669290294,72,14.9250720301643,3.29899489886508,1,I,63,9
21.7710881757294,72,15.0207133311778,6.75037484455159,1,C,64,9
18.8533571331533,72,15.6974459951743,3.15591113797897,1,I,65,9
47.4786623948766,72,15.7357974769548,31.7428649179219,1,C,66,9
35.4531938137695,72,16.3807714730501,19.0724223407194,1,I,67,9
27.5218686222523,72,16.4542766427621,11.0675919794902,1,C,68,9
22.4063864547664,72,16.8315158039331,5.5748706508333,1,I,69,9
38.7688311889819,72,16.9863268872723,21.7825043017096,1,C,70,9
27.2174971120281,19.7614145950072,17.4241642188281,2.33725037617907,0,I,71,9
28.6064354123747,67.890106306188,17.613694681786,10.9927407305887,1,C,72,9
31.7063071341301,72,18.2525321748108,13.4537749593193,1,I,73,9
26.8141088801225,72,18.5155631275848,8.29854575253773,1,C,74,9
20.4383361573772,72,18.6580010689795,1.78033508839766,1,I,75,9
24.7879811994808,72,18.9249790459871,5.86300215349367,1,C,76,9
23.6984603278027,72,19.0266441274434,4.67181620035922,1,I,77,9
30.7008077540946,72,19.115740545094,11.5850672090006,1,C,78,9
34.0216428999591,72,19.1198694705963,14.9017734293628,1,I,79,9
36.1097167457795,72,19.5150644006208,16.5946523451588,1,C,80,9
31.677582309179,72,19.5152824278921,12.1622998812869,1,I,81,9
27.1629538392527,72,19.5427073724568,7.62024646679593,1,C,82,9
29.0947645411837,42.7463189687962,19.8982062377036,9.19655830348013,1,I,83,9
28.5717111912494,72,19.9628571700305,8.60885402121889,1,C,84,9
47.3392136461184,72,20.5213702423498,26.8178434037686,1,I,85,9
33.4734843487127,72,20.5518710939214,12.9216132547913,1,C,86,9
66.0325719864011,72,20.8048539049923,45.2277180814087,1,I,87,9
25.5679955604852,72,20.8530160272494,4.71497953323583,1,C,88,9
95.4461141132261,72,21.1015501851216,50.8984498148784,0,I,89,9
22.1278234927542,72,21.5569233801216,0.570900112632624,1,C,90,9
30.7322776835672,72,21.612493917346,9.11978376622118,1,I,91,9
23.6921801199532,72,21.6947529232129,1.99742719674022,1,C,92,9
41.8529833697694,72,21.8253175634891,20.0276658062803,1,I,93,9
22.2939436976224,72,21.894362680614,0.399581017008368,1,C,94,9
66.7012016458245,72,22.7146525494754,43.9865490963491,1,I,95,9
28.7277718669323,72,23.0037770234048,5.72399484352744,1,C,96,9
67.9219194152485,72,23.0451093055308,44.8768101097177,1,I,97,9
28.8930023016342,72,23.5978420218453,5.29516027978891,1,C,98,9
44.6734451935568,72,24.0095527796075,20.6638924139493,1,I,99,9
42.2047954222467,72,24.1026963293552,18.1020990928915,1,C,100,9
56.2221704242154,72,24.3825552798808,31.8396151443346,1,I,101,9
31.3604092392839,72,24.7358480701223,6.62456116916161,1,C,102,9
30.2428830561996,72,24.8916274029762,5.35125565322347,1,I,103,9
29.8837063003967,72,25.0212523480877,4.862453952309,1,C,104,9
51.7461888116216,72,25.646206503734,26.0999823078877,1,I,105,9
39.5355351292598,72,25.7179691875353,13.8175659417245,1,C,106,9
42.1695772197119,72,26.221354692243,15.9482225274689,1,I,107,9
44.5429157325586,72,26.3519261078909,18.1909896246677,1,C,108,9
62.2848170735439,72,26.9107088400051,35.3741082335388,1,I,109,9
50.7075364562344,72,27.0289292000234,23.678607256211,1,C,110,9
47.1889231871813,72,27.2795700235292,19.9093531636521,1,I,111,9
53.0011220637139,72,27.3947240877897,25.6063979759243,1,C,112,9
29.7360771516905,72,27.7212845860049,2.01479256568556,1,I,113,9
32.1583750538367,29.4784091053443,27.7947265282273,1.683682577117,0,C,114,9
28.4297903606695,72,27.8238418791443,0.605948481525156,1,I,115,9
39.7355346031752,72,27.881043003872,11.8544915993031,1,C,116,9
45.6739141221704,72,28.1868227245286,17.4870913976418,1,I,117,9
32.0039318981968,72,28.322263341397,3.68166855679977,1,C,118,9
30.1621834022588,72,28.3560056984425,1.80617770381632,1,I,119,9
43.6080348612396,72,28.5754311550409,15.0326037061987,1,C,120,9
28.6730204955887,72,28.6423623422161,0.030658153372579,1,I,121,9
53.8583335674265,72,28.8071464793757,25.0511870880508,1,C,122,9
61.187219063347,72,30.0063783349469,31.1808407284,1,I,123,9
30.803673358347,72,30.0692260963842,0.734447261962799,1,C,124,9
42.845649949804,72,30.149695747532,12.6959542022721,1,I,125,9
35.0251890261827,72,30.1982402382419,4.82694878794081,1,C,126,9
50.6567913010172,72,30.2650750754401,20.3917162255771,1,I,127,9
30.6508797109743,72,30.2718090405688,0.379070670405552,1,C,128,9
32.9331246858511,72,30.3772707469761,2.55585393887494,1,I,129,9
79.6376037430053,72,31.0915823746473,40.9084176253527,0,C,130,9
74.8611626614267,72,31.413622610271,40.586377389729,0,I,131,9
35.1216991251472,72,31.8196735577658,3.30202556738138,1,C,132,9
45.7334059529444,72,31.982228695415,13.7511772575294,1,I,133,9
52.4016726517637,72,33.1355375004932,19.2661351512705,1,C,134,9
35.1507229356719,72,33.7252843659371,1.42543856973473,1,I,135,9
55.1547849990627,52.8151108918312,33.7537682102993,19.0613426815319,0,C,136,9
48.1501427015966,72,33.7569910101593,14.3931516914374,1,I,137,9
46.6648300967476,72,33.8482843246311,12.8165457721165,1,C,138,9
150.084548698474,72,33.8917153934017,38.1082846065983,0,I,139,9
52.817364381909,61.5932740375583,34.1838372079656,18.6335271739434,1,C,140,9
56.2707085505066,72,34.9204115336761,21.3502970168305,1,I,141,9
38.4207442653255,72,35.6936081266031,2.72713613872247,1,C,142,9
52.4200235882414,72,35.8259281609207,16.5940954273206,1,I,143,9
111.376760315123,63.5837624459122,36.0062866425142,27.577475803398,0,C,144,9
42.5185704238096,72,36.0116669721901,6.50690345161943,1,I,145,9
52.4293285943167,72,36.5893493453041,15.8399792490126,1,C,146,9
74.5627618210727,72,36.8650915240869,35.1349084759131,0,I,147,9
37.7509793740009,72,36.9843741226941,0.766605251306807,1,C,148,9
58.1567229248849,72,37.1375022316352,21.0192206932498,1,I,149,9
60.0994619008097,72,37.264657728374,22.8348041724357,1,C,150,9
39.6274111954663,72,37.3538762284443,2.27353496702202,1,I,151,9
59.7805406447064,72,37.3792068986222,22.4013337460841,1,C,152,9
57.8367700440657,72,37.4252878921106,20.411482151955,1,I,153,9
50.2036597819108,72,37.6085132500157,12.5951465318951,1,C,154,9
40.293942556821,72,38.5633340477943,1.73060850902663,1,I,155,9
57.6743830694399,72,39.3573339097202,18.3170491597197,1,C,156,9
43.90325521644,72,39.900219803676,4.00303541276401,1,I,157,9
41.3363308074354,72,40.0916849076748,1.24464589976065,1,C,158,9
65.2500961866805,72,40.7316237408668,24.5184724458138,1,I,159,9
42.5591919438741,72,40.7676960714161,1.79149587245797,1,C,160,9
49.7127063425722,72,40.8661418454722,8.84656449710004,1,I,161,9
51.107095907791,72,41.6565447533503,9.45055115444064,1,C,162,9
80.0443083409193,72,42.1203620312735,29.8796379687265,0,I,163,9
52.5240699071151,72,42.8756668930873,9.64840301402772,1,C,164,9
51.2958503654864,72,42.9976968700066,8.29815349547981,1,I,165,9
60.4894781514048,72,43.0621624505147,17.42731570089,1,C,166,9
59.656913482652,72,43.4190595708787,16.2378539117733,1,I,167,9
54.1551388841018,72,43.5452650487423,10.6098738353595,1,C,168,9
50.0930992569105,72,43.5988361109048,6.49426314600571,1,I,169,9
47.3021990609582,72,43.7584626954049,3.54373636555329,1,C,170,9
54.9316392068022,72,44.4766597542912,10.454979452511,1,I,171,9
59.5444580662865,72,44.5918109128252,14.9526471534613,1,C,172,9
74.1513717244649,72,44.6463481150568,27.3536518849433,0,I,173,9
76.3125408942377,72,44.6926060505211,27.3073939494789,0,C,174,9
48.7658197298687,72,44.7567833214998,4.00903640836884,1,I,175,9
47.8285064908718,72,45.527514712885,2.30099177798681,1,C,176,9
70.283810151444,72,45.7945147482678,24.4892954031761,1,I,177,9
49.859236110408,72,46.0485597280785,3.81067638232949,1,C,178,9
96.5440645407971,72,46.4223512308672,25.5776487691328,0,I,179,9
55.8531214003247,72,46.5855328179896,9.26758858233507,1,C,180,9
58.8477108185899,72,46.9609033176675,11.8868075009224,1,I,181,9
66.1319976957897,72,47.4026875616983,18.7293101340914,1,C,182,9
50.9938469604565,72,47.5817280868068,3.41211887364962,1,I,183,9
59.0695526681207,72,47.8421617671847,11.227390900936,1,C,184,9
60.0647289466749,72,48.0433690594509,12.021359887224,1,I,185,9
60.679147871083,72,48.0753775499761,12.6037703211069,1,C,186,9
57.2644246910113,72,48.867920441553,8.3965042494583,1,I,187,9
79.021610422302,72,49.0892863227055,22.9107136772946,0,C,188,9
71.1765838892119,72,49.3415293190628,21.8350545701491,1,I,189,9
63.6610251054887,72,49.3605171376839,14.3005079678048,1,C,190,9
51.1660164836384,72,49.4561399845406,1.70987649909773,1,I,191,9
61.64767742381,72,49.8551304917783,11.7925469320317,1,C,192,9
50.701303970525,62.415829608263,50.1267961459234,0.574507824601606,1,I,193,9
57.4391703593718,72,50.1646380918101,7.27453226756172,1,C,194,9
92.8138269223486,72,50.5611939216033,21.4388060783967,0,I,195,9
51.3003600356597,72,50.7089680060744,0.591392029585256,1,C,196,9
66.1723755207789,72,50.7168108830228,15.4555646377561,1,I,197,9
65.0276875810502,72,51.204173876904,13.8235137041462,1,C,198,9
62.7053716785965,72,51.7039077635855,11.001463915011,1,I,199,9
52.0905877234588,72,52.0034313993529,0.0871563241059542,1,C,200,9
65.3285840522998,72,52.6907095732167,12.6378744790831,1,I,201,9
65.3956605224976,72,52.9519843356684,12.4436761868292,1,C,202,9
62.0443389315677,72,53.1668482208625,8.87749071070526,1,I,203,9
92.5009958723491,72,53.2706164615229,18.7293835384771,0,C,204,9
61.6320710505254,72,53.5175572894514,8.11451376107407,1,I,205,9
74.1678397293719,72,53.6852403497323,18.3147596502677,0,C,206,9
61.2641432444782,72,53.8509774953127,7.41316574916551,1,I,207,9
69.7617308683562,72,54.4626331469044,15.2990977214518,1,C,208,9
59.307870155322,72,54.7586762951687,4.54919386015333,1,I,209,9
58.2867485278817,72,54.7636143676937,3.52313416018804,1,C,210,9
56.7680784372991,72,54.7773328889161,1.99074554838295,1,I,211,9
71.7568790115052,72,54.8480644030497,16.9088146084555,1,C,212,9
60.9091786802206,72,54.9677594611421,5.94141921907847,1,I,213,9
65.2123369265633,72,55.0046047987416,10.2077321278217,1,C,214,9
79.5281577926026,72,55.7225082814694,16.2774917185307,0,I,215,9
81.1218923234233,72,55.8089919621125,16.1910080378875,0,C,216,9
59.696734515661,72,55.9280719701201,3.76866254554091,1,I,217,9
61.5180209829931,72,56.0535377031192,5.46448327987389,1,C,218,9
59.9309468694944,72,56.1104887537658,3.82045811572857,1,I,219,9
71.6807187005352,72,57.0165883703157,14.6641303302195,1,C,220,9
63.2396418088742,72,57.0788141107187,6.16082769815554,1,I,221,9
77.9665620979744,72,57.6987588498741,14.3012411501259,0,C,222,9
64.554620983685,72,58.1417254870758,6.41289549660929,1,I,223,9
79.5737207385203,72,59.3708544457331,12.6291455542669,0,C,224,9
69.6124964949516,72,59.9532384239137,9.65925807103785,1,I,225,9
69.7636478420085,72,59.9625169113278,9.80113093068063,1,C,226,9
12.4723553635228,72,0.53078277502209,11.9415725885007,1,C,1,10
17.4739207181798,72,0.537773603573442,16.9361471146064,1,I,2,10
20.9882881238264,72,0.77642010524869,20.2118680185777,1,C,3,10
3.60746749450985,72,0.97402922809124,2.63343826641861,1,I,4,10
18.9470545530514,72,1.27711703069508,17.6699375223563,1,C,5,10
32.355298749569,72,1.46978352684528,30.8855152227237,1,I,6,10
5.28235784685745,23.0236568875734,1.63157441653311,3.65078343032433,1,C,7,10
21.1153587940791,69.6679061997275,1.68800789862871,19.4273508954504,1,I,8,10
8.70490564950972,72,1.88052888493985,6.82437676456987,1,C,9,10
20.2716688527735,72,1.93303639534861,18.3386324574248,1,I,10,10
9.88745770543737,72,2.45963692199439,7.42782078344298,1,C,11,10
5.26432803145423,72,2.56198130082339,2.70234673063084,1,I,12,10
4.53786928191677,72,3.10277929063886,1.4350899912779,1,C,13,10
10.5451621487988,72,3.20772462990135,7.33743751889741,1,I,14,10
17.9330465992207,72,3.22158630006015,14.7114602991605,1,C,15,10
27.9004688076923,72,3.43772364780307,24.4627451598892,1,I,16,10
6.39587147390624,72,3.49030715413392,2.90556431977232,1,C,17,10
5.2524611986456,72,4.94702157564461,0.305439623000987,1,I,18,10
18.0870145609603,72,5.18400952219963,12.9030050387607,1,C,19,10
22.8300481906035,72,5.19892752170563,17.6311206688979,1,I,20,10
7.2753648839972,72,5.3866500640288,1.8887148199684,1,C,21,10
69.5124218394432,72,5.40246387943626,64.1099579600069,1,I,22,10
9.84109895350776,72,5.43848021887243,4.40261873463534,1,C,23,10
8.44610082480429,72,5.48014365602285,2.96595716878145,1,I,24,10
9.42483547581894,72,5.7278596283868,3.69697584743215,1,C,25,10
58.8315511738257,72,6.28271710127592,52.5488340725497,1,I,26,10
9.83073840670406,72,6.50581976864487,3.32491863805919,1,C,27,10
49.1690154720285,72,6.67100720107555,42.498008270953,1,I,28,10
50.6132990036162,72,7.26227296516299,43.3510260384532,1,C,29,10
23.6377706855346,72,7.30112803168595,16.3366426538486,1,I,30,10
7.80138865364958,72,7.39216016605496,0.409228487594612,1,C,31,10
32.1179582544338,72,8.68823083117604,23.4297274232577,1,I,32,10
11.6966806640581,72,9.44721445441246,2.24946620964567,1,C,33,10
20.6267328114241,72,9.63092900812626,10.9958038032978,1,I,34,10
16.5034811645252,72,10.3492617281154,6.15421943640981,1,C,35,10
16.1931299703711,72,10.4231192311272,5.77001073924392,1,I,36,10
11.1363745463055,72,10.786184608005,0.350189938300526,1,C,37,10
52.3729572468089,72,10.7863987376913,41.5865585091175,1,I,38,10
16.3847072766545,72,10.9469771571457,5.43773011950875,1,C,39,10
19.8965903873258,32.6314408118084,11.0732061881572,8.82338419916861,1,I,40,10
15.9822273323738,72,11.0927085299045,4.88951880246933,1,C,41,10
17.1070190048834,72,11.4963588723913,5.61066013249208,1,I,42,10
18.1502138912445,72,11.7506384337321,6.39957545751237,1,C,43,10
12.1430809222246,72,11.9959819223732,0.147098999851457,1,I,44,10
15.7949507095526,72,12.0090833678842,3.78586734166844,1,C,45,10
24.1402330280782,72,12.2465214505792,11.893711577499,1,I,46,10
15.2347914873565,72,12.5723517592996,2.66243972805685,1,C,47,10
54.2684609131024,72,12.6674136472866,41.6010472658158,1,I,48,10
15.2859628296917,72,13.6798501107842,1.60611271890756,1,C,49,10
15.8939327324664,72,14.0685504768044,1.82538225566198,1,I,50,10
37.7239263869274,72,14.3123756255955,23.4115507613319,1,C,51,10
21.4051047011043,72,14.3982379697263,7.006866731378,1,I,52,10
20.9040234214208,72,14.473063191399,6.43096023002183,1,C,53,10
135.530601723048,72,14.6018673107028,57.3981326892972,0,I,54,10
19.444544894674,72,14.8159457137808,4.62859918089315,1,C,55,10
23.1508671391536,72,15.0102066854015,8.14066045375211,1,I,56,10
18.6279268600859,72,15.029476499185,3.59845036090097,1,C,57,10
73.9729830532922,72,15.076472517103,56.9235274828971,0,I,58,10
20.0194257601222,72,15.1079366449267,4.91148911519556,1,C,59,10
49.2719786850566,72,15.6332301115617,33.6387485734949,1,I,60,10
31.2325715605827,72,15.826245713979,15.4063258466037,1,C,61,10
80.1024429467726,72,15.9803590038791,56.0196409961209,0,I,62,10
22.3156952250814,72,16.2159913033247,6.09970392175669,1,C,63,10
20.8902540026231,72,16.432401034981,4.45785296764207,1,I,64,10
29.9464423089272,72,16.6315267095342,13.314915599393,1,C,65,10
17.938820957239,72,17.1109298150986,0.827891142140332,1,I,66,10
19.58246611543,72,17.153159128502,2.42930698692802,1,C,67,10
72.9945897809526,44.7260802868843,17.7165373088792,27.0095429780051,0,I,68,10
25.2374994889567,72,17.8006678260863,7.4368316628704,1,C,69,10
34.1555784256243,72,17.8766577132046,16.2789207124197,1,I,70,10
21.1527843520389,72,18.9381622569636,2.21462209507537,1,C,71,10
58.7414384393659,72,18.9542211312801,39.7872173080858,1,I,72,10
46.2209797604551,72,19.0236890455708,27.1972907148843,1,C,73,10
36.8745172061343,72,19.0558526152745,17.8186645908599,1,I,74,10
30.0019550321312,72,19.1778050875291,10.8241499446021,1,C,75,10
171.503687066121,72,19.3726853840053,52.6273146159947,0,I,76,10
21.2413987142546,64.9778368931129,19.4199864892289,1.82141222502573,1,C,77,10
27.4542812921012,72,19.5313299866393,7.92295130546185,1,I,78,10
27.1409266972154,72,19.7632444510236,7.37768224619178,1,C,79,10
99.6242540427551,72,19.8609038209543,52.1390961790457,0,I,80,10
33.6096108839008,72,20.3977106278762,13.2119002560246,1,C,81,10
21.6620870366643,42.908983138069,20.8699439512566,0.792143085407709,1,I,82,10
40.5876105673557,72,21.1526262899861,19.4349842773697,1,C,83,10
67.6006098623166,72,21.1686475016177,46.431962360699,1,I,84,10
55.0651308566258,72,21.3443245366216,33.7208063200042,1,C,85,10
105.303403523072,72,21.4564051944762,50.5435948055238,0,I,86,10
23.0942421746689,72,21.5741193993017,1.52012277536715,1,C,87,10
33.399827249048,72,21.6114070639014,11.7884201851466,1,I,88,10
32.8295158240588,72,22.1251501562074,10.7043656678514,1,C,89,10
24.5384832460069,72,22.1474276203662,2.39105562564072,1,I,90,10
44.603549972528,72,22.3255011951551,22.2780487773729,1,C,91,10
33.7504055589551,72,22.3301477730274,11.4202577859277,1,I,92,10
30.7125733529855,72,22.4259027605876,8.28667059239782,1,C,93,10
72.9040515233189,72,23.015246973373,48.984753026627,0,I,94,10
25.1727618611193,72,23.111737081781,2.06102477933824,1,C,95,10
43.0748363669721,72,23.5957020521164,19.4791343148557,1,I,96,10
27.0151094712615,72,23.6439621727914,3.37114729847011,1,C,97,10
47.6880360808061,72,23.7420891830698,23.9459468977363,1,I,98,10
24.4714823146163,72,24.1011417098343,0.370340604782007,1,C,99,10
29.0367695702143,72,24.252269002609,4.78450056760534,1,I,100,10
25.221763342381,72,24.3567041214556,0.865059220925472,1,C,101,10
37.8384505872185,72,24.9145054863766,12.923945100842,1,I,102,10
48.6801866660827,72,25.1811083173379,23.4990783487448,1,C,103,10
28.7628306992534,72,25.2447385853156,3.51809211393779,1,I,104,10
34.3740849609321,72,25.460620187223,8.91346477370909,1,C,105,10
40.909838713322,72,25.9240454016253,14.9857933116967,1,I,106,10
34.9067764308259,72,26.2526865396649,8.65408989116103,1,C,107,10
104.57254369002,72,26.6009865514934,45.3990134485066,0,I,108,10
33.1067683150987,72,26.8246654747054,6.28210284039325,1,C,109,10
31.8513656539376,72,27.5621790345758,4.28918661936175,1,I,110,10
30.4604083633806,72,27.7206023689359,2.73980599444466,1,C,111,10
36.9953493963375,72,28.049446712248,8.94590268408942,1,I,112,10
30.3260806433372,72,28.4902748605236,1.83580578281351,1,C,113,10
33.594533290002,72,28.865421814844,4.72911147515796,1,I,114,10
35.9526495203869,72,29.0207267878577,6.93192273252923,1,C,115,10
35.1481350777397,72,29.1126835718751,6.03545150586461,1,I,116,10
48.2354581977328,72,29.2401555133984,18.9953026843345,1,C,117,10
45.3198283409564,72,29.6255902340636,15.6942381068928,1,I,118,10
49.8445547968177,72,29.8422759957612,20.0022788010566,1,C,119,10
29.912153944184,72,29.8545411648229,0.057612779361086,1,I,120,10
35.691652841651,72,30.320735857822,5.37091698382899,1,C,121,10
50.1314623317193,72,30.5055824294686,19.6258799022507,1,I,122,10
42.6487077931047,68.7097118080879,30.6797729339451,11.9689348591596,1,C,123,10
36.927746308809,72,30.8302967017517,6.0974496070573,1,I,124,10
37.3090104376183,72,30.9652138408273,6.34379659679091,1,C,125,10
41.7413814588367,45.5281212454548,31.0995188914239,10.6418625674128,1,I,126,10
49.7109141373632,72,31.1828186921775,18.5280954451857,1,C,127,10
104.021753965014,72,31.5353478770703,40.4646521229297,0,I,128,10
70.7021118940023,72,32.2919793007895,38.4101325932127,1,C,129,10
53.5055611794298,72,32.7009123098105,20.8046488696193,1,I,130,10
46.0283342284493,72,33.0053164483979,13.0230177800513,1,C,131,10
83.6230710882296,72,33.2395145623013,38.7604854376987,0,I,132,10
41.8799818608479,72,33.2943419739604,8.58563988688754,1,C,133,10
109.96814254261,72,33.3034580061212,38.6965419938788,0,I,134,10
44.9336540067546,72,33.3194347657263,11.6142192410283,1,C,135,10
35.4824203489701,72,33.4329752577469,2.04944509122325,1,I,136,10
37.22940669419,72,33.6505052726716,3.57890142151845,1,C,137,10
46.4899945411823,72,34.0632870560512,12.4267074851311,1,I,138,10
36.1051632016819,72,34.3964097462595,1.70875345542241,1,C,139,10
54.6872705381262,72,34.6960119763389,19.9912585617873,1,I,140,10
35.8942847068887,72,35.1262407610193,0.768043945869361,1,C,141,10
76.1127564510566,72,35.136423362419,36.863576637581,0,I,142,10
50.2405856512308,72,35.2758147474378,14.9647709037929,1,C,143,10
92.879329101604,72,35.3071483690292,36.6928516309708,0,I,144,10
56.8194842248287,72,35.4679950093851,21.3514892154437,1,C,145,10
37.8805081967965,72,35.4777309391648,2.40277725763175,1,I,146,10
41.9061122516222,72,35.6045793788508,6.30153287277146,1,C,147,10
98.8631342087837,72,35.6713323807344,36.3286676192656,0,I,148,10
82.3640760959868,72,36.4515673136339,35.5484326863661,0,C,149,10
44.7750676149791,72,36.4542256621644,8.32084195281472,1,I,150,10
38.0116528491725,72,36.8526986986399,1.15895415053258,1,C,151,10
37.6259180603078,72,37.1224353136495,0.50348274665829,1,I,152,10
55.9090999121829,72,37.1324218763039,18.776678035879,1,C,153,10
72.1323576731538,72,37.4293240299448,34.5706759700552,0,I,154,10
68.8644449173331,72,37.5450330879539,31.3194118293792,1,C,155,10
78.9712961420571,72,37.7068084152415,34.2931915847585,0,I,156,10
61.3095734997251,72,37.7116625849158,23.5979109148094,1,C,157,10
56.4208828208669,72,38.0051000369713,18.4157827838956,1,I,158,10
45.1068039752888,72,38.606899548322,6.49990442696688,1,C,159,10
43.3956512360735,72,38.9424091670662,4.4532420690073,1,I,160,10
43.8206660983083,72,39.1296058287844,4.69106026952385,1,C,161,10
49.3241738368186,72,39.142731372267,10.1814424645516,1,I,162,10
52.5288321451809,72,39.2105462215841,13.3182859235968,1,C,163,10
119.361387315911,72,39.3050749227405,32.6949250772595,0,I,164,10
44.6924857384461,72,39.3246379494667,5.3678477889794,1,C,165,10
40.2090435155218,72,39.5751499012113,0.633893614310541,1,I,166,10
60.693189438047,72,40.036667981185,20.6565214568619,1,C,167,10
41.3516596493881,72,40.4820330860093,0.869626563378771,1,I,168,10
54.4113989436596,72,40.7179508032277,13.6934481404319,1,C,169,10
75.322784122653,72,40.7413122709841,31.258687729016,0,I,170,10
41.6904470457041,72,40.8197274617851,0.870719583919029,1,C,171,10
50.0087711072336,72,40.824774778448,9.18399632878553,1,I,172,10
45.4703116750082,72,40.9183845994994,4.55192707550881,1,C,173,10
62.5928528913405,72,41.0098656825721,21.5829872087684,1,I,174,10
54.888729638412,72,41.0225963126868,13.8661333257252,1,C,175,10
77.0209818799138,72,41.3907522708178,30.6092477291822,0,I,176,10
53.4018362937075,72,41.4232449699193,11.9785913237882,1,C,177,10
70.090968589985,72,41.9087189761922,28.1822496137928,1,I,178,10
73.3777160690476,72,41.9993876433,30.0006123567,0,C,179,10
51.2213812505596,72,42.4509856849909,8.77039556556867,1,I,180,10
62.7475440415172,72,42.8822030313313,19.8653410101859,1,C,181,10
86.3162623419335,72,42.8905322402716,29.1094677597284,0,I,182,10
82.0015153585903,72,43.6489114025608,28.3510885974392,0,C,183,10
65.8737579435713,72,43.676043022424,22.1977149211473,1,I,184,10
66.8522362366326,72,43.8329761242494,23.0192601123832,1,C,185,10
44.3181102303641,72,43.8650601636618,0.453050066702249,1,I,186,10
64.6796875595799,72,44.4880509423092,20.1916366172707,1,C,187,10
60.2685117645376,72,44.9246450560167,15.3438667085208,1,I,188,10
63.2319528111943,72,45.0453095370904,18.1866432741039,1,C,189,10
50.6567239749212,72,45.0968563836068,5.55986759131443,1,I,190,10
54.4016840902801,72,45.1251174509525,9.27656663932759,1,C,191,10
61.4095021851231,72,45.1454086555168,16.2640935296063,1,I,192,10
45.4564977198047,72,45.2596448455006,0.196852874304084,1,C,193,10
84.6974519956476,72,45.2710703434423,26.7289296565577,0,I,194,10
47.7256643935529,72,45.6674313638359,2.05823302971697,1,C,195,10
48.5525191823908,72,46.081193885766,2.47132529662481,1,I,196,10
54.0481228614129,72,46.2093957513571,7.83872711005582,1,C,197,10
49.5270968888479,72,46.2900381395593,3.2370587492886,1,I,198,10
50.9338957014092,72,46.3937118044123,4.54018389699686,1,C,199,10
48.2090373413906,72,46.4297470171005,1.77929032429017,1,I,200,10
70.3407063651842,72,46.5288283070549,23.8118780581292,1,C,201,10
84.0686939182615,72,46.5409332700074,25.4590667299926,0,I,202,10
89.3770599583097,72,46.5905931126326,25.4094068873674,0,C,203,10
48.803320451158,72,46.6142945783213,2.18902587283675,1,I,204,10
51.0691746956595,72,46.6352654574439,4.43390923821558,1,C,205,10
82.1046389985231,72,46.9133605342358,25.0866394657642,0,I,206,10
54.7440451214634,72,47.2219550516456,7.52209006981771,1,C,207,10
49.7729425542241,72,47.2400887543336,2.53285379989057,1,I,208,10
62.4635017747949,72,47.8952852357179,14.568216539077,1,C,209,10
61.652955536446,72,47.9228572826833,13.7300982537628,1,I,210,10
48.4552752935209,72,48.0599449295551,0.395330363965857,1,C,211,10
75.0033047425488,72,48.463332625106,23.536667374894,0,I,212,10
75.9484601304984,72,48.529130704701,23.4708692952991,0,C,213,10
52.7892820814098,72,49.0404501697049,3.74883191170495,1,I,214,10
50.8971291784907,72,49.1435074154288,1.7536217630619,1,C,215,10
72.1108833829372,72,49.1550547163934,22.8449452836067,0,I,216,10
50.3638210748311,72,49.6919266087934,0.671894466037619,1,C,217,10
89.5913954386475,72,49.7357571031898,22.2642428968102,0,I,218,10
53.050117900768,53.7618291665704,50.1132569974288,2.9368609033392,1,C,219,10
70.1290081398892,72,50.44416165445,19.6848464854392,1,I,220,10
87.3751990832709,72,50.7460105977953,21.2539894022048,0,C,221,10
60.5775691378902,72,51.5360878268257,9.04148131106455,1,I,222,10
52.7489562749208,72,51.6866868222132,1.06226945270759,1,C,223,10
66.7651588382113,72,52.0248567732051,14.7403020650062,1,I,224,10
53.1906124848816,72,52.4480325914919,0.742579893389645,1,C,225,10
71.4455703582539,72,52.5900528207421,18.8555175375117,1,I,226,10
62.7507915768854,72,52.7479325607419,10.0028590161435,1,C,227,10
59.8343828071635,72,53.0004522576928,6.83393054947064,1,I,228,10
59.6272215004801,72,53.3210446871817,6.30617681329834,1,C,229,10
71.8232364691124,72,53.5850183246657,18.2382181444467,1,I,230,10
67.4054000681767,72,53.7139422493056,13.6914578188711,1,C,231,10
79.0958250741427,72,53.9063785644248,18.0936214355752,0,I,232,10
62.7126588028873,72,54.1991078015417,8.51355100134565,1,C,233,10
59.8581966742019,72,54.2641971353442,5.59399953885774,1,I,234,10
64.316486285563,72,54.3079503625631,10.0085359229999,1,C,235,10
59.6369316028892,72,55.1218409417197,4.51509066116945,1,I,236,10
78.8260113640455,72,55.2160151163116,16.7839848836884,0,C,237,10
71.1673086996005,72,55.2714874735102,15.8958212260903,1,I,238,10
66.1289359877162,72,55.5213236203417,10.6076123673744,1,C,239,10
87.4928050867666,72,55.6151292985305,16.3848707014695,0,I,240,10
59.6180470872879,72,55.8962658466771,3.72178124061075,1,C,241,10
61.6592421444538,72,55.922413780354,5.73682836409982,1,I,242,10
62.0718992866377,72,56.1507583362982,5.92114095033956,1,C,243,10
63.7554505608673,72,56.3821665477008,7.37328401316649,1,I,244,10
58.0559303114729,72,56.6491793235764,1.4067509878965,1,C,245,10
89.3232947225989,72,57.1528567420319,14.8471432579681,0,I,246,10
62.4395792344895,72,57.2106552869082,5.22892394758132,1,C,247,10
58.2189702273679,72,57.236790410243,0.982179817124899,1,I,248,10
74.1202049180548,72,57.4017150280997,14.5982849719003,0,C,249,10
57.7758647718165,72,57.4452924029902,0.330572368826305,1,I,250,10
62.9306253664485,72,57.4762222822756,5.45440308417295,1,C,251,10
70.2535675672868,72,58.0900012236089,12.1635663436779,1,I,252,10
69.2526515795054,72,58.161207055673,11.0914445238324,1,C,253,10
58.8310664587892,72,58.1789361219853,0.652130336803863,1,I,254,10
73.9386202104265,72,58.4133965615183,13.5866034384817,0,C,255,10
69.3652333262132,72,58.8078909600154,10.5573423661979,1,I,256,10
68.065347733807,72,59.5759291481227,8.48941858568438,1,C,257,10
61.1818103683499,72,59.7642457438633,1.41756462448659,1,I,258,10
62.5235137633654,72,59.936489565298,2.5870241980674,1,C,259,10
